[2026-06-18T22:41:20.128+0000] {manager.py:483} INFO - Processing files using up to 2 processes at a time 
[2026-06-18T22:41:20.130+0000] {manager.py:484} INFO - Process each file at most once every 30 seconds
[2026-06-18T22:41:20.131+0000] {manager.py:485} INFO - Checking for new files in /opt/airflow/dags every 300 seconds
[2026-06-18T22:41:20.133+0000] {manager.py:821} INFO - Searching for files in /opt/airflow/dags
[2026-06-18T22:41:20.410+0000] {manager.py:824} INFO - There are 58 files in /opt/airflow/dags
[2026-06-18T22:41:20.857+0000] {manager.py:997} INFO - 
================================================================================
DAG File Processing Stats

File Path                                                                                                                            PID  Runtime      # DAGs    # Errors  Last Runtime    Last Run               Last # of DB Queries
---------------------------------------------------------------------------------------------------------------------------------  -----  ---------  --------  ----------  --------------  -------------------  ----------------------
/opt/airflow/dags/driven_data_pipeline.py                                                                                                                   0           1  0.24s           2026-06-18T22:41:20                       3
/opt/airflow/dags/batch_generator2.py                                                                                                 62  0.08s             0           0                                                            0
/home/airflow/.local/lib/python3.12/site-packages/airflow/example_dags/example_branch_day_of_week_operator.py                         63  0.01s             0           0                                                            0
/home/airflow/.local/lib/python3.12/site-packages/airflow/example_dags/tutorial_taskflow_api_virtualenv.py                                                  0           0                                                            0
/home/airflow/.local/lib/python3.12/site-packages/airflow/example_dags/example_trigger_controller_dag.py                                                    0           0                                                            0
/home/airflow/.local/lib/python3.12/site-packages/airflow/example_dags/example_python_operator.py                                                           0           0                                                            0
/home/airflow/.local/lib/python3.12/site-packages/airflow/example_dags/example_task_group_decorator.py                                                      0           0                                                            0
/home/airflow/.local/lib/python3.12/site-packages/airflow/example_dags/example_branch_datetime_operator.py                                                  0           0                                                            0
/home/airflow/.local/lib/python3.12/site-packages/airflow/example_dags/example_complex.py                                                                   0           0                                                            0
/home/airflow/.local/lib/python3.12/site-packages/airflow/example_dags/example_local_kubernetes_executor.py                                                 0           0                                                            0
/home/airflow/.local/lib/python3.12/site-packages/airflow/example_dags/example_skip_dag.py                                                                  0           0                                                            0
/home/airflow/.local/lib/python3.12/site-packages/airflow/example_dags/example_sensor_decorator.py                                                          0           0                                                            0
/home/airflow/.local/lib/python3.12/site-packages/airflow/example_dags/example_setup_teardown_taskflow.py                                                   0           0                                                            0
/home/airflow/.local/lib/python3.12/site-packages/airflow/example_dags/example_latest_only.py                                                               0           0                                                            0
/home/airflow/.local/lib/python3.12/site-packages/airflow/example_dags/example_trigger_target_dag.py                                                        0           0                                                            0
/home/airflow/.local/lib/python3.12/site-packages/airflow/example_dags/example_setup_teardown.py                                                            0           0                                                            0
/home/airflow/.local/lib/python3.12/site-packages/airflow/example_dags/example_branch_labels.py                                                             0           0                                                            0
/home/airflow/.local/lib/python3.12/site-packages/airflow/example_dags/example_branch_operator_decorator.py                                                 0           0                                                            0
/home/airflow/.local/lib/python3.12/site-packages/airflow/example_dags/example_nested_branch_dag.py                                                         0           0                                                            0
/home/airflow/.local/lib/python3.12/site-packages/airflow/example_dags/example_sla_dag.py                                                                   0           0                                                            0
/home/airflow/.local/lib/python3.12/site-packages/airflow/example_dags/example_task_group.py                                                                0           0                                                            0
/home/airflow/.local/lib/python3.12/site-packages/airflow/example_dags/example_time_delta_sensor_async.py                                                   0           0                                                            0
/home/airflow/.local/lib/python3.12/site-packages/airflow/example_dags/example_params_trigger_ui.py                                                         0           0                                                            0
/home/airflow/.local/lib/python3.12/site-packages/airflow/example_dags/example_dynamic_task_mapping.py                                                      0           0                                                            0
/home/airflow/.local/lib/python3.12/site-packages/airflow/example_dags/tutorial_objectstorage.py                                                            0           0                                                            0
/home/airflow/.local/lib/python3.12/site-packages/airflow/example_dags/tutorial_dag.py                                                                      0           0                                                            0
/home/airflow/.local/lib/python3.12/site-packages/airflow/example_dags/example_kubernetes_executor.py                                                       0           0                                                            0
/home/airflow/.local/lib/python3.12/site-packages/airflow/example_dags/tutorial.py                                                                          0           0                                                            0
/home/airflow/.local/lib/python3.12/site-packages/airflow/example_dags/example_display_name.py                                                              0           0                                                            0
/home/airflow/.local/lib/python3.12/site-packages/airflow/example_dags/example_xcom.py                                                                      0           0                                                            0
/home/airflow/.local/lib/python3.12/site-packages/airflow/example_dags/example_params_ui_tutorial.py                                                        0           0                                                            0
/home/airflow/.local/lib/python3.12/site-packages/airflow/example_dags/example_branch_python_dop_operator_3.py                                              0           0                                                            0
/home/airflow/.local/lib/python3.12/site-packages/airflow/example_dags/example_dataset_alias.py                                                             0           0                                                            0
/home/airflow/.local/lib/python3.12/site-packages/airflow/example_dags/example_bash_decorator.py                                                            0           0                                                            0
/home/airflow/.local/lib/python3.12/site-packages/airflow/example_dags/example_subdag_operator.py                                                           0           0                                                            0
/home/airflow/.local/lib/python3.12/site-packages/airflow/example_dags/example_latest_only_with_trigger.py                                                  0           0                                                            0
/home/airflow/.local/lib/python3.12/site-packages/airflow/example_dags/example_external_task_marker_dag.py                                                  0           0                                                            0
/home/airflow/.local/lib/python3.12/site-packages/airflow/example_dags/tutorial_taskflow_api.py                                                             0           0                                                            0
/home/airflow/.local/lib/python3.12/site-packages/airflow/example_dags/example_python_decorator.py                                                          0           0                                                            0
/home/airflow/.local/lib/python3.12/site-packages/airflow/example_dags/example_bash_operator.py                                                             0           0                                                            0
/home/airflow/.local/lib/python3.12/site-packages/airflow/example_dags/example_datasets.py                                                                  0           0                                                            0
/home/airflow/.local/lib/python3.12/site-packages/airflow/example_dags/example_passing_params_via_test_command.py                                           0           0                                                            0
/home/airflow/.local/lib/python3.12/site-packages/airflow/example_dags/example_branch_operator.py                                                           0           0                                                            0
/home/airflow/.local/lib/python3.12/site-packages/airflow/example_dags/example_dynamic_task_mapping_with_no_taskflow_operators.py                           0           0                                                            0
/home/airflow/.local/lib/python3.12/site-packages/airflow/example_dags/example_sensors.py                                                                   0           0                                                            0
/home/airflow/.local/lib/python3.12/site-packages/airflow/example_dags/example_dag_decorator.py                                                             0           0                                                            0
/home/airflow/.local/lib/python3.12/site-packages/airflow/example_dags/example_xcomargs.py                                                                  0           0                                                            0
/home/airflow/.local/lib/python3.12/site-packages/airflow/example_dags/example_workday_timetable.py                                                         0           0                                                            0
/home/airflow/.local/lib/python3.12/site-packages/airflow/example_dags/example_short_circuit_operator.py                                                    0           0                                                            0
/home/airflow/.local/lib/python3.12/site-packages/airflow/example_dags/example_short_circuit_decorator.py                                                   0           0                                                            0
/home/airflow/.local/lib/python3.12/site-packages/airflow/example_dags/example_outlet_event_extra.py                                                        0           0                                                            0
/home/airflow/.local/lib/python3.12/site-packages/airflow/example_dags/example_inlet_event_extra.py                                                         0           0                                                            0
/home/airflow/.local/lib/python3.12/site-packages/airflow/example_dags/example_dataset_alias_with_no_taskflow.py                                            0           0                                                            0
/home/airflow/.local/lib/python3.12/site-packages/airflow/example_dags/plugins/decreasing_priority_weight_strategy.py                                       0           0                                                            0
/home/airflow/.local/lib/python3.12/site-packages/airflow/example_dags/plugins/event_listener.py                                                            0           0                                                            0
/home/airflow/.local/lib/python3.12/site-packages/airflow/example_dags/plugins/listener_plugin.py                                                           0           0                                                            0
/home/airflow/.local/lib/python3.12/site-packages/airflow/example_dags/plugins/workday.py                                                                   0           0                                                            0
/home/airflow/.local/lib/python3.12/site-packages/airflow/example_dags/subdags/subdag.py                                                                    0           0                                                            0
================================================================================
[2026-06-18T22:41:51.057+0000] {manager.py:997} INFO - 
================================================================================
DAG File Processing Stats

File Path                                                                                                                            PID  Runtime      # DAGs    # Errors  Last Runtime    Last Run               Last # of DB Queries
---------------------------------------------------------------------------------------------------------------------------------  -----  ---------  --------  ----------  --------------  -------------------  ----------------------
/home/airflow/.local/lib/python3.12/site-packages/airflow/example_dags/tutorial_taskflow_api_virtualenv.py                                                  1           0  0.74s           2026-06-18T22:41:21                      32
/home/airflow/.local/lib/python3.12/site-packages/airflow/example_dags/example_branch_operator_decorator.py                                                 1           0  0.66s           2026-06-18T22:41:25                      34
/home/airflow/.local/lib/python3.12/site-packages/airflow/example_dags/example_dataset_alias.py                                                             4           0  0.64s           2026-06-18T22:41:27                      27
/home/airflow/.local/lib/python3.12/site-packages/airflow/example_dags/example_python_operator.py                                                           1           0  0.60s           2026-06-18T22:41:22                      32
/home/airflow/.local/lib/python3.12/site-packages/airflow/example_dags/example_params_ui_tutorial.py                                                        1           0  0.58s           2026-06-18T22:41:27                      32
/home/airflow/.local/lib/python3.12/site-packages/airflow/example_dags/example_local_kubernetes_executor.py                                                 1           0  0.50s           2026-06-18T22:41:23                      10
/home/airflow/.local/lib/python3.12/site-packages/airflow/example_dags/example_datasets.py                                                                 10           0  0.48s           2026-06-18T22:41:28                      49
/home/airflow/.local/lib/python3.12/site-packages/airflow/example_dags/example_skip_dag.py                                                                  1           0  0.47s           2026-06-18T22:41:23                      12
/home/airflow/.local/lib/python3.12/site-packages/airflow/example_dags/example_branch_datetime_operator.py                                                  3           0  0.47s           2026-06-18T22:41:22                      18
/home/airflow/.local/lib/python3.12/site-packages/airflow/example_dags/example_dataset_alias_with_no_taskflow.py                                            4           0  0.46s           2026-06-18T22:41:30                      27
/home/airflow/.local/lib/python3.12/site-packages/airflow/example_dags/example_branch_day_of_week_operator.py                                               1           0  0.44s           2026-06-18T22:41:21                      12
/home/airflow/.local/lib/python3.12/site-packages/airflow/example_dags/example_inlet_event_extra.py                                                         2           0  0.41s           2026-06-18T22:41:30                      15
/home/airflow/.local/lib/python3.12/site-packages/airflow/example_dags/tutorial.py                                                                          1           0  0.40s           2026-06-18T22:41:26                      12
/home/airflow/.local/lib/python3.12/site-packages/airflow/example_dags/example_complex.py                                                                   1           0  0.39s           2026-06-18T22:41:22                      10
/home/airflow/.local/lib/python3.12/site-packages/airflow/example_dags/example_display_name.py                                                              1           0  0.39s           2026-06-18T22:41:26                      10
/home/airflow/.local/lib/python3.12/site-packages/airflow/example_dags/example_nested_branch_dag.py                                                         1           0  0.38s           2026-06-18T22:41:24                      12
/home/airflow/.local/lib/python3.12/site-packages/airflow/example_dags/example_outlet_event_extra.py                                                        3           0  0.38s           2026-06-18T22:41:30                      19
/home/airflow/.local/lib/python3.12/site-packages/airflow/example_dags/example_kubernetes_executor.py                                                       1           0  0.37s           2026-06-18T22:41:26                      10
/home/airflow/.local/lib/python3.12/site-packages/airflow/example_dags/example_latest_only.py                                                               1           0  0.35s           2026-06-18T22:41:23                      12
/home/airflow/.local/lib/python3.12/site-packages/airflow/example_dags/example_setup_teardown_taskflow.py                                                   1           0  0.35s           2026-06-18T22:41:23                      10
/home/airflow/.local/lib/python3.12/site-packages/airflow/example_dags/example_bash_decorator.py                                                            1           0  0.34s           2026-06-18T22:41:27                      32
/home/airflow/.local/lib/python3.12/site-packages/airflow/example_dags/example_xcom.py                                                                      1           0  0.33s           2026-06-18T22:41:27                      12
/home/airflow/.local/lib/python3.12/site-packages/airflow/example_dags/example_branch_labels.py                                                             1           0  0.32s           2026-06-18T22:41:24                      12
/home/airflow/.local/lib/python3.12/site-packages/airflow/example_dags/example_task_group_decorator.py                                                      1           0  0.32s           2026-06-18T22:41:22                      10
/home/airflow/.local/lib/python3.12/site-packages/airflow/example_dags/example_trigger_controller_dag.py                                                    1           0  0.32s           2026-06-18T22:41:21                      12
/home/airflow/.local/lib/python3.12/site-packages/airflow/example_dags/example_python_decorator.py                                                          1           0  0.31s           2026-06-18T22:41:28                      32
/home/airflow/.local/lib/python3.12/site-packages/airflow/example_dags/example_sensor_decorator.py                                                          1           0  0.31s           2026-06-18T22:41:23                      10
/home/airflow/.local/lib/python3.12/site-packages/airflow/example_dags/example_setup_teardown.py                                                            1           0  0.30s           2026-06-18T22:41:24                      10
/home/airflow/.local/lib/python3.12/site-packages/airflow/example_dags/tutorial_dag.py                                                                      1           0  0.30s           2026-06-18T22:41:26                      10
/home/airflow/.local/lib/python3.12/site-packages/airflow/example_dags/example_params_trigger_ui.py                                                         1           0  0.30s           2026-06-18T22:41:25                      10
/home/airflow/.local/lib/python3.12/site-packages/airflow/example_dags/example_sla_dag.py                                                                   1           0  0.29s           2026-06-18T22:41:25                      12
/home/airflow/.local/lib/python3.12/site-packages/airflow/example_dags/example_branch_python_dop_operator_3.py                                              1           0  0.28s           2026-06-18T22:41:27                      12
/home/airflow/.local/lib/python3.12/site-packages/airflow/example_dags/example_workday_timetable.py                                                         1           0  0.27s           2026-06-18T22:41:29                      12
/home/airflow/.local/lib/python3.12/site-packages/airflow/example_dags/example_dynamic_task_mapping.py                                                      1           0  0.27s           2026-06-18T22:41:25                      10
/home/airflow/.local/lib/python3.12/site-packages/airflow/example_dags/tutorial_objectstorage.py                                                            1           0  0.26s           2026-06-18T22:41:25                      10
/home/airflow/.local/lib/python3.12/site-packages/airflow/example_dags/example_branch_operator.py                                                           1           0  0.26s           2026-06-18T22:41:29                      34
/home/airflow/.local/lib/python3.12/site-packages/airflow/example_dags/example_trigger_target_dag.py                                                        1           0  0.24s           2026-06-18T22:41:24                      10
/opt/airflow/dags/driven_data_pipeline.py                                                                                            125  0.03s             0           1  0.24s           2026-06-18T22:41:20                       3
/home/airflow/.local/lib/python3.12/site-packages/airflow/example_dags/example_dag_decorator.py                                                             1           0  0.23s           2026-06-18T22:41:29                      32
/home/airflow/.local/lib/python3.12/site-packages/airflow/example_dags/example_task_group.py                                                                1           0  0.22s           2026-06-18T22:41:25                      10
/opt/airflow/dags/batch_generator2.py                                                                                                126  0.01s             0           1  0.22s           2026-06-18T22:41:20                       5
/home/airflow/.local/lib/python3.12/site-packages/airflow/example_dags/example_bash_operator.py                                                             1           0  0.21s           2026-06-18T22:41:28                      12
/home/airflow/.local/lib/python3.12/site-packages/airflow/example_dags/example_subdag_operator.py                                                           3           0  0.20s           2026-06-18T22:41:27                      20
/home/airflow/.local/lib/python3.12/site-packages/airflow/example_dags/example_time_delta_sensor_async.py                                                   1           0  0.19s           2026-06-18T22:41:25                      10
/home/airflow/.local/lib/python3.12/site-packages/airflow/example_dags/example_short_circuit_operator.py                                                    1           0  0.19s           2026-06-18T22:41:29                      10
/home/airflow/.local/lib/python3.12/site-packages/airflow/example_dags/example_latest_only_with_trigger.py                                                  1           0  0.18s           2026-06-18T22:41:28                      12
/home/airflow/.local/lib/python3.12/site-packages/airflow/example_dags/example_passing_params_via_test_command.py                                           1           0  0.16s           2026-06-18T22:41:29                      12
/home/airflow/.local/lib/python3.12/site-packages/airflow/example_dags/example_xcomargs.py                                                                  2           0  0.15s           2026-06-18T22:41:29                      13
/home/airflow/.local/lib/python3.12/site-packages/airflow/example_dags/example_external_task_marker_dag.py                                                  2           0  0.15s           2026-06-18T22:41:28                      13
/home/airflow/.local/lib/python3.12/site-packages/airflow/example_dags/tutorial_taskflow_api.py                                                             1           0  0.14s           2026-06-18T22:41:28                      10
/home/airflow/.local/lib/python3.12/site-packages/airflow/example_dags/example_short_circuit_decorator.py                                                   1           0  0.13s           2026-06-18T22:41:29                      10
/home/airflow/.local/lib/python3.12/site-packages/airflow/example_dags/example_sensors.py                                                                   1           0  0.13s           2026-06-18T22:41:29                      10
/home/airflow/.local/lib/python3.12/site-packages/airflow/example_dags/example_dynamic_task_mapping_with_no_taskflow_operators.py                           1           0  0.12s           2026-06-18T22:41:29                      10
/home/airflow/.local/lib/python3.12/site-packages/airflow/example_dags/subdags/subdag.py                                                                    0           0  0.11s           2026-06-18T22:41:30                       3
/home/airflow/.local/lib/python3.12/site-packages/airflow/example_dags/plugins/workday.py                                                                   0           0  0.11s           2026-06-18T22:41:30                       3
/home/airflow/.local/lib/python3.12/site-packages/airflow/example_dags/plugins/event_listener.py                                                            0           0  0.09s           2026-06-18T22:41:30                       3
/home/airflow/.local/lib/python3.12/site-packages/airflow/example_dags/plugins/listener_plugin.py                                                           0           0  0.09s           2026-06-18T22:41:30                       3
/home/airflow/.local/lib/python3.12/site-packages/airflow/example_dags/plugins/decreasing_priority_weight_strategy.py                                       0           0  0.08s           2026-06-18T22:41:30                       3
================================================================================
[2026-06-18T22:42:21.378+0000] {manager.py:997} INFO - 
================================================================================
DAG File Processing Stats

File Path                                                                                                                          PID    Runtime      # DAGs    # Errors  Last Runtime    Last Run               Last # of DB Queries
---------------------------------------------------------------------------------------------------------------------------------  -----  ---------  --------  ----------  --------------  -------------------  ----------------------
/home/airflow/.local/lib/python3.12/site-packages/airflow/example_dags/example_datasets.py                                                                 10           0  0.48s           2026-06-18T22:41:59                      49
/opt/airflow/dags/batch_generator2.py                                                                                                                       0           1  0.45s           2026-06-18T22:41:51                       5
/opt/airflow/dags/driven_data_pipeline.py                                                                                                                   0           1  0.45s           2026-06-18T22:41:51                       5
/home/airflow/.local/lib/python3.12/site-packages/airflow/example_dags/example_trigger_controller_dag.py                                                    1           0  0.42s           2026-06-18T22:41:52                      12
/home/airflow/.local/lib/python3.12/site-packages/airflow/example_dags/example_dataset_alias.py                                                             4           0  0.36s           2026-06-18T22:41:58                      27
/home/airflow/.local/lib/python3.12/site-packages/airflow/example_dags/example_dataset_alias_with_no_taskflow.py                                            4           0  0.35s           2026-06-18T22:42:01                      27
/home/airflow/.local/lib/python3.12/site-packages/airflow/example_dags/example_outlet_event_extra.py                                                        3           0  0.34s           2026-06-18T22:42:00                      19
/home/airflow/.local/lib/python3.12/site-packages/airflow/example_dags/example_inlet_event_extra.py                                                         2           0  0.32s           2026-06-18T22:42:00                      15
/home/airflow/.local/lib/python3.12/site-packages/airflow/example_dags/example_branch_datetime_operator.py                                                  3           0  0.29s           2026-06-18T22:41:52                      18
/home/airflow/.local/lib/python3.12/site-packages/airflow/example_dags/example_task_group_decorator.py                                                      1           0  0.29s           2026-06-18T22:41:52                      10
/home/airflow/.local/lib/python3.12/site-packages/airflow/example_dags/example_python_operator.py                                                           1           0  0.28s           2026-06-18T22:41:52                      10
/home/airflow/.local/lib/python3.12/site-packages/airflow/example_dags/example_bash_operator.py                                                             1           0  0.26s           2026-06-18T22:41:59                      12
/home/airflow/.local/lib/python3.12/site-packages/airflow/example_dags/example_trigger_target_dag.py                                                        1           0  0.24s           2026-06-18T22:41:54                      10
/home/airflow/.local/lib/python3.12/site-packages/airflow/example_dags/example_kubernetes_executor.py                                                       1           0  0.22s           2026-06-18T22:41:56                      10
/home/airflow/.local/lib/python3.12/site-packages/airflow/example_dags/tutorial_dag.py                                                                      1           0  0.22s           2026-06-18T22:41:56                      10
/home/airflow/.local/lib/python3.12/site-packages/airflow/example_dags/tutorial_objectstorage.py                                                            1           0  0.22s           2026-06-18T22:41:56                      10
/home/airflow/.local/lib/python3.12/site-packages/airflow/example_dags/example_python_decorator.py                                                          1           0  0.22s           2026-06-18T22:41:58                      10
/home/airflow/.local/lib/python3.12/site-packages/airflow/example_dags/example_branch_day_of_week_operator.py                                               1           0  0.22s           2026-06-18T22:41:51                      12
/home/airflow/.local/lib/python3.12/site-packages/airflow/example_dags/example_time_delta_sensor_async.py                                                   1           0  0.21s           2026-06-18T22:41:56                      10
/home/airflow/.local/lib/python3.12/site-packages/airflow/example_dags/tutorial_taskflow_api_virtualenv.py                                                  1           0  0.21s           2026-06-18T22:41:52                      10
/home/airflow/.local/lib/python3.12/site-packages/airflow/example_dags/example_params_trigger_ui.py                                                         1           0  0.20s           2026-06-18T22:41:56                      10
/home/airflow/.local/lib/python3.12/site-packages/airflow/example_dags/example_branch_operator.py                                                           1           0  0.19s           2026-06-18T22:41:59                      12
/home/airflow/.local/lib/python3.12/site-packages/airflow/example_dags/example_setup_teardown.py                                                            1           0  0.19s           2026-06-18T22:41:54                      10
/home/airflow/.local/lib/python3.12/site-packages/airflow/example_dags/example_workday_timetable.py                                                         1           0  0.18s           2026-06-18T22:42:00                      12
/home/airflow/.local/lib/python3.12/site-packages/airflow/example_dags/example_params_ui_tutorial.py                                                        1           0  0.18s           2026-06-18T22:41:57                      10
/home/airflow/.local/lib/python3.12/site-packages/airflow/example_dags/example_latest_only_with_trigger.py                                                  1           0  0.18s           2026-06-18T22:41:58                      12
/home/airflow/.local/lib/python3.12/site-packages/airflow/example_dags/example_passing_params_via_test_command.py                                           1           0  0.18s           2026-06-18T22:41:59                      12
/home/airflow/.local/lib/python3.12/site-packages/airflow/example_dags/example_subdag_operator.py                                                           3           0  0.18s           2026-06-18T22:41:58                      20
/home/airflow/.local/lib/python3.12/site-packages/airflow/example_dags/tutorial.py                                                                          1           0  0.17s           2026-06-18T22:41:57                      12
/home/airflow/.local/lib/python3.12/site-packages/airflow/example_dags/example_complex.py                                                                   1           0  0.17s           2026-06-18T22:41:53                      10
/home/airflow/.local/lib/python3.12/site-packages/airflow/example_dags/example_local_kubernetes_executor.py                                                 1           0  0.17s           2026-06-18T22:41:54                      10
/home/airflow/.local/lib/python3.12/site-packages/airflow/example_dags/example_external_task_marker_dag.py                                                  2           0  0.17s           2026-06-18T22:41:58                      13
/home/airflow/.local/lib/python3.12/site-packages/airflow/example_dags/tutorial_taskflow_api.py                                                             1           0  0.16s           2026-06-18T22:41:58                      10
/home/airflow/.local/lib/python3.12/site-packages/airflow/example_dags/example_xcom.py                                                                      1           0  0.16s           2026-06-18T22:41:57                      12
/home/airflow/.local/lib/python3.12/site-packages/airflow/example_dags/example_xcomargs.py                                                                  2           0  0.16s           2026-06-18T22:42:00                      13
/home/airflow/.local/lib/python3.12/site-packages/airflow/example_dags/example_branch_python_dop_operator_3.py                                              1           0  0.15s           2026-06-18T22:41:57                      12
/home/airflow/.local/lib/python3.12/site-packages/airflow/example_dags/example_setup_teardown_taskflow.py                                                   1           0  0.15s           2026-06-18T22:41:54                      10
/home/airflow/.local/lib/python3.12/site-packages/airflow/example_dags/example_sensors.py                                                                   1           0  0.15s           2026-06-18T22:41:59                      10
/home/airflow/.local/lib/python3.12/site-packages/airflow/example_dags/example_display_name.py                                                              1           0  0.15s           2026-06-18T22:41:57                      10
/home/airflow/.local/lib/python3.12/site-packages/airflow/example_dags/example_short_circuit_operator.py                                                    1           0  0.15s           2026-06-18T22:42:00                      10
/home/airflow/.local/lib/python3.12/site-packages/airflow/example_dags/example_skip_dag.py                                                                  1           0  0.15s           2026-06-18T22:41:54                      12
/home/airflow/.local/lib/python3.12/site-packages/airflow/example_dags/example_dag_decorator.py                                                             1           0  0.14s           2026-06-18T22:42:00                      10
/home/airflow/.local/lib/python3.12/site-packages/airflow/example_dags/example_sensor_decorator.py                                                          1           0  0.14s           2026-06-18T22:41:54                      10
/home/airflow/.local/lib/python3.12/site-packages/airflow/example_dags/example_bash_decorator.py                                                            1           0  0.14s           2026-06-18T22:41:58                      10
/home/airflow/.local/lib/python3.12/site-packages/airflow/example_dags/example_latest_only.py                                                               1           0  0.14s           2026-06-18T22:41:54                      12
/home/airflow/.local/lib/python3.12/site-packages/airflow/example_dags/example_dynamic_task_mapping_with_no_taskflow_operators.py                           1           0  0.14s           2026-06-18T22:41:59                      10
/home/airflow/.local/lib/python3.12/site-packages/airflow/example_dags/example_branch_operator_decorator.py                                                 1           0  0.13s           2026-06-18T22:41:55                      12
/home/airflow/.local/lib/python3.12/site-packages/airflow/example_dags/example_branch_labels.py                                                             1           0  0.13s           2026-06-18T22:41:54                      12
/home/airflow/.local/lib/python3.12/site-packages/airflow/example_dags/example_sla_dag.py                                                                   1           0  0.13s           2026-06-18T22:41:55                      12
/home/airflow/.local/lib/python3.12/site-packages/airflow/example_dags/example_short_circuit_decorator.py                                                   1           0  0.12s           2026-06-18T22:42:00                      10
/home/airflow/.local/lib/python3.12/site-packages/airflow/example_dags/example_dynamic_task_mapping.py                                                      1           0  0.12s           2026-06-18T22:41:56                      10
/home/airflow/.local/lib/python3.12/site-packages/airflow/example_dags/example_nested_branch_dag.py                                                         1           0  0.11s           2026-06-18T22:41:55                      12
/home/airflow/.local/lib/python3.12/site-packages/airflow/example_dags/example_task_group.py                                                                1           0  0.09s           2026-06-18T22:41:55                      10
/home/airflow/.local/lib/python3.12/site-packages/airflow/example_dags/subdags/subdag.py                                                                    0           0  0.09s           2026-06-18T22:42:01                       3
/home/airflow/.local/lib/python3.12/site-packages/airflow/example_dags/plugins/decreasing_priority_weight_strategy.py                                       0           0  0.08s           2026-06-18T22:42:00                       3
/home/airflow/.local/lib/python3.12/site-packages/airflow/example_dags/plugins/workday.py                                                                   0           0  0.07s           2026-06-18T22:42:01                       3
/home/airflow/.local/lib/python3.12/site-packages/airflow/example_dags/plugins/event_listener.py                                                            0           0  0.06s           2026-06-18T22:42:00                       3
/home/airflow/.local/lib/python3.12/site-packages/airflow/example_dags/plugins/listener_plugin.py                                                           0           0  0.06s           2026-06-18T22:42:00                       3
================================================================================
[2026-06-18T22:42:51.621+0000] {manager.py:997} INFO - 
================================================================================
DAG File Processing Stats

File Path                                                                                                                          PID    Runtime      # DAGs    # Errors  Last Runtime    Last Run               Last # of DB Queries
---------------------------------------------------------------------------------------------------------------------------------  -----  ---------  --------  ----------  --------------  -------------------  ----------------------
/home/airflow/.local/lib/python3.12/site-packages/airflow/example_dags/example_datasets.py                                                                 10           0  0.32s           2026-06-18T22:42:29                      49
/home/airflow/.local/lib/python3.12/site-packages/airflow/example_dags/example_inlet_event_extra.py                                                         2           0  0.32s           2026-06-18T22:42:31                      15
/home/airflow/.local/lib/python3.12/site-packages/airflow/example_dags/example_outlet_event_extra.py                                                        3           0  0.31s           2026-06-18T22:42:31                      19
/home/airflow/.local/lib/python3.12/site-packages/airflow/example_dags/example_dataset_alias_with_no_taskflow.py                                            4           0  0.26s           2026-06-18T22:42:31                      27
/home/airflow/.local/lib/python3.12/site-packages/airflow/example_dags/example_dataset_alias.py                                                             4           0  0.25s           2026-06-18T22:42:29                      27
/home/airflow/.local/lib/python3.12/site-packages/airflow/example_dags/example_trigger_controller_dag.py                                                    1           0  0.25s           2026-06-18T22:42:22                      12
/home/airflow/.local/lib/python3.12/site-packages/airflow/example_dags/example_branch_operator.py                                                           1           0  0.19s           2026-06-18T22:42:30                      12
/home/airflow/.local/lib/python3.12/site-packages/airflow/example_dags/example_passing_params_via_test_command.py                                           1           0  0.18s           2026-06-18T22:42:30                      12
/home/airflow/.local/lib/python3.12/site-packages/airflow/example_dags/example_branch_datetime_operator.py                                                  3           0  0.17s           2026-06-18T22:42:23                      18
/home/airflow/.local/lib/python3.12/site-packages/airflow/example_dags/example_workday_timetable.py                                                         1           0  0.17s           2026-06-18T22:42:30                      12
/home/airflow/.local/lib/python3.12/site-packages/airflow/example_dags/example_branch_day_of_week_operator.py                                               1           0  0.17s           2026-06-18T22:42:22                      12
/home/airflow/.local/lib/python3.12/site-packages/airflow/example_dags/example_task_group_decorator.py                                                      1           0  0.16s           2026-06-18T22:42:23                      10
/home/airflow/.local/lib/python3.12/site-packages/airflow/example_dags/example_sensors.py                                                                   1           0  0.16s           2026-06-18T22:42:30                      10
/home/airflow/.local/lib/python3.12/site-packages/airflow/example_dags/example_python_operator.py                                                           1           0  0.15s           2026-06-18T22:42:23                      10
/home/airflow/.local/lib/python3.12/site-packages/airflow/example_dags/example_branch_operator_decorator.py                                                 1           0  0.14s           2026-06-18T22:42:26                      12
/home/airflow/.local/lib/python3.12/site-packages/airflow/example_dags/example_local_kubernetes_executor.py                                                 1           0  0.14s           2026-06-18T22:42:24                      10
/home/airflow/.local/lib/python3.12/site-packages/airflow/example_dags/example_params_trigger_ui.py                                                         1           0  0.14s           2026-06-18T22:42:26                      10
/home/airflow/.local/lib/python3.12/site-packages/airflow/example_dags/example_bash_operator.py                                                             1           0  0.14s           2026-06-18T22:42:29                      12
/home/airflow/.local/lib/python3.12/site-packages/airflow/example_dags/example_params_ui_tutorial.py                                                        1           0  0.14s           2026-06-18T22:42:28                      10
/home/airflow/.local/lib/python3.12/site-packages/airflow/example_dags/tutorial_objectstorage.py                                                            1           0  0.14s           2026-06-18T22:42:26                      10
/home/airflow/.local/lib/python3.12/site-packages/airflow/example_dags/example_kubernetes_executor.py                                                       1           0  0.14s           2026-06-18T22:42:26                      10
/home/airflow/.local/lib/python3.12/site-packages/airflow/example_dags/example_dag_decorator.py                                                             1           0  0.14s           2026-06-18T22:42:30                      10
/home/airflow/.local/lib/python3.12/site-packages/airflow/example_dags/tutorial_taskflow_api_virtualenv.py                                                  1           0  0.13s           2026-06-18T22:42:22                      10
/home/airflow/.local/lib/python3.12/site-packages/airflow/example_dags/example_complex.py                                                                   1           0  0.13s           2026-06-18T22:42:23                      10
/home/airflow/.local/lib/python3.12/site-packages/airflow/example_dags/example_python_decorator.py                                                          1           0  0.13s           2026-06-18T22:42:29                      10
/home/airflow/.local/lib/python3.12/site-packages/airflow/example_dags/example_dynamic_task_mapping_with_no_taskflow_operators.py                           1           0  0.13s           2026-06-18T22:42:30                      10
/home/airflow/.local/lib/python3.12/site-packages/airflow/example_dags/example_sla_dag.py                                                                   1           0  0.13s           2026-06-18T22:42:26                      12
/home/airflow/.local/lib/python3.12/site-packages/airflow/example_dags/example_dynamic_task_mapping.py                                                      1           0  0.13s           2026-06-18T22:42:26                      10
/home/airflow/.local/lib/python3.12/site-packages/airflow/example_dags/example_latest_only.py                                                               1           0  0.13s           2026-06-18T22:42:24                      12
/home/airflow/.local/lib/python3.12/site-packages/airflow/example_dags/example_skip_dag.py                                                                  1           0  0.12s           2026-06-18T22:42:24                      12
/home/airflow/.local/lib/python3.12/site-packages/airflow/example_dags/example_nested_branch_dag.py                                                         1           0  0.12s           2026-06-18T22:42:26                      12
/home/airflow/.local/lib/python3.12/site-packages/airflow/example_dags/example_subdag_operator.py                                                           3           0  0.12s           2026-06-18T22:42:29                      20
/home/airflow/.local/lib/python3.12/site-packages/airflow/example_dags/example_task_group.py                                                                1           0  0.12s           2026-06-18T22:42:26                      10
/home/airflow/.local/lib/python3.12/site-packages/airflow/example_dags/example_short_circuit_operator.py                                                    1           0  0.12s           2026-06-18T22:42:30                      10
/home/airflow/.local/lib/python3.12/site-packages/airflow/example_dags/example_setup_teardown_taskflow.py                                                   1           0  0.12s           2026-06-18T22:42:24                      10
/home/airflow/.local/lib/python3.12/site-packages/airflow/example_dags/example_branch_python_dop_operator_3.py                                              1           0  0.11s           2026-06-18T22:42:28                      12
/home/airflow/.local/lib/python3.12/site-packages/airflow/example_dags/example_branch_labels.py                                                             1           0  0.11s           2026-06-18T22:42:24                      12
/home/airflow/.local/lib/python3.12/site-packages/airflow/example_dags/example_external_task_marker_dag.py                                                  2           0  0.11s           2026-06-18T22:42:29                      13
/home/airflow/.local/lib/python3.12/site-packages/airflow/example_dags/tutorial_taskflow_api.py                                                             1           0  0.11s           2026-06-18T22:42:29                      10
/home/airflow/.local/lib/python3.12/site-packages/airflow/example_dags/example_time_delta_sensor_async.py                                                   1           0  0.11s           2026-06-18T22:42:26                      10
/home/airflow/.local/lib/python3.12/site-packages/airflow/example_dags/example_sensor_decorator.py                                                          1           0  0.11s           2026-06-18T22:42:24                      10
/home/airflow/.local/lib/python3.12/site-packages/airflow/example_dags/example_short_circuit_decorator.py                                                   1           0  0.11s           2026-06-18T22:42:30                      10
/home/airflow/.local/lib/python3.12/site-packages/airflow/example_dags/example_bash_decorator.py                                                            1           0  0.11s           2026-06-18T22:42:28                      10
/home/airflow/.local/lib/python3.12/site-packages/airflow/example_dags/tutorial.py                                                                          1           0  0.11s           2026-06-18T22:42:27                      12
/home/airflow/.local/lib/python3.12/site-packages/airflow/example_dags/example_xcomargs.py                                                                  2           0  0.11s           2026-06-18T22:42:30                      13
/home/airflow/.local/lib/python3.12/site-packages/airflow/example_dags/example_setup_teardown.py                                                            1           0  0.10s           2026-06-18T22:42:24                      10
/home/airflow/.local/lib/python3.12/site-packages/airflow/example_dags/example_trigger_target_dag.py                                                        1           0  0.10s           2026-06-18T22:42:24                      10
/home/airflow/.local/lib/python3.12/site-packages/airflow/example_dags/tutorial_dag.py                                                                      1           0  0.10s           2026-06-18T22:42:26                      10
/home/airflow/.local/lib/python3.12/site-packages/airflow/example_dags/example_xcom.py                                                                      1           0  0.10s           2026-06-18T22:42:27                      12
/home/airflow/.local/lib/python3.12/site-packages/airflow/example_dags/example_latest_only_with_trigger.py                                                  1           0  0.10s           2026-06-18T22:42:29                      12
/opt/airflow/dags/driven_data_pipeline.py                                                                                                                   0           1  0.10s           2026-06-18T22:42:22                       5
/opt/airflow/dags/batch_generator2.py                                                                                                                       0           1  0.09s           2026-06-18T22:42:22                       5
/home/airflow/.local/lib/python3.12/site-packages/airflow/example_dags/example_display_name.py                                                              1           0  0.09s           2026-06-18T22:42:27                      10
/home/airflow/.local/lib/python3.12/site-packages/airflow/example_dags/plugins/listener_plugin.py                                                           0           0  0.07s           2026-06-18T22:42:31                       3
/home/airflow/.local/lib/python3.12/site-packages/airflow/example_dags/plugins/decreasing_priority_weight_strategy.py                                       0           0  0.07s           2026-06-18T22:42:31                       3
/home/airflow/.local/lib/python3.12/site-packages/airflow/example_dags/plugins/event_listener.py                                                            0           0  0.07s           2026-06-18T22:42:31                       3
/home/airflow/.local/lib/python3.12/site-packages/airflow/example_dags/subdags/subdag.py                                                                    0           0  0.06s           2026-06-18T22:42:31                       3
/home/airflow/.local/lib/python3.12/site-packages/airflow/example_dags/plugins/workday.py                                                                   0           0  0.05s           2026-06-18T22:42:31                       3
================================================================================
[2026-06-18T22:43:22.104+0000] {manager.py:997} INFO - 
================================================================================
DAG File Processing Stats

File Path                                                                                                                          PID    Runtime      # DAGs    # Errors  Last Runtime    Last Run               Last # of DB Queries
---------------------------------------------------------------------------------------------------------------------------------  -----  ---------  --------  ----------  --------------  -------------------  ----------------------
/home/airflow/.local/lib/python3.12/site-packages/airflow/example_dags/example_datasets.py                                                                 10           0  0.27s           2026-06-18T22:43:01                      49
/home/airflow/.local/lib/python3.12/site-packages/airflow/example_dags/example_dataset_alias_with_no_taskflow.py                                            4           0  0.26s           2026-06-18T22:43:02                      27
/home/airflow/.local/lib/python3.12/site-packages/airflow/example_dags/example_dataset_alias.py                                                             4           0  0.24s           2026-06-18T22:42:59                      27
/home/airflow/.local/lib/python3.12/site-packages/airflow/example_dags/example_inlet_event_extra.py                                                         2           0  0.23s           2026-06-18T22:43:01                      15
/home/airflow/.local/lib/python3.12/site-packages/airflow/example_dags/example_outlet_event_extra.py                                                        3           0  0.23s           2026-06-18T22:43:01                      19
/opt/airflow/dags/driven_data_pipeline.py                                                                                                                   0           1  0.19s           2026-06-18T22:42:52                       5
/opt/airflow/dags/batch_generator2.py                                                                                                                       0           1  0.18s           2026-06-18T22:42:52                       5
/home/airflow/.local/lib/python3.12/site-packages/airflow/example_dags/tutorial_dag.py                                                                      1           0  0.18s           2026-06-18T22:42:57                      10
/home/airflow/.local/lib/python3.12/site-packages/airflow/example_dags/example_trigger_controller_dag.py                                                    1           0  0.17s           2026-06-18T22:42:53                      12
/home/airflow/.local/lib/python3.12/site-packages/airflow/example_dags/example_python_operator.py                                                           1           0  0.15s           2026-06-18T22:42:53                      10
/home/airflow/.local/lib/python3.12/site-packages/airflow/example_dags/example_dynamic_task_mapping.py                                                      1           0  0.15s           2026-06-18T22:42:57                      10
/home/airflow/.local/lib/python3.12/site-packages/airflow/example_dags/example_branch_labels.py                                                             1           0  0.15s           2026-06-18T22:42:55                      12
/home/airflow/.local/lib/python3.12/site-packages/airflow/example_dags/example_local_kubernetes_executor.py                                                 1           0  0.15s           2026-06-18T22:42:54                      10
/home/airflow/.local/lib/python3.12/site-packages/airflow/example_dags/example_kubernetes_executor.py                                                       1           0  0.14s           2026-06-18T22:42:57                      10
/home/airflow/.local/lib/python3.12/site-packages/airflow/example_dags/example_setup_teardown.py                                                            1           0  0.14s           2026-06-18T22:42:55                      10
/home/airflow/.local/lib/python3.12/site-packages/airflow/example_dags/example_branch_day_of_week_operator.py                                               1           0  0.13s           2026-06-18T22:42:52                      12
/home/airflow/.local/lib/python3.12/site-packages/airflow/example_dags/example_complex.py                                                                   1           0  0.13s           2026-06-18T22:42:53                      10
/home/airflow/.local/lib/python3.12/site-packages/airflow/example_dags/tutorial_objectstorage.py                                                            1           0  0.13s           2026-06-18T22:42:57                      10
/home/airflow/.local/lib/python3.12/site-packages/airflow/example_dags/example_skip_dag.py                                                                  1           0  0.13s           2026-06-18T22:42:54                      12
/home/airflow/.local/lib/python3.12/site-packages/airflow/example_dags/example_sensors.py                                                                   1           0  0.13s           2026-06-18T22:43:01                      10
/home/airflow/.local/lib/python3.12/site-packages/airflow/example_dags/example_params_ui_tutorial.py                                                        1           0  0.13s           2026-06-18T22:42:58                      10
/home/airflow/.local/lib/python3.12/site-packages/airflow/example_dags/tutorial.py                                                                          1           0  0.12s           2026-06-18T22:42:58                      12
/home/airflow/.local/lib/python3.12/site-packages/airflow/example_dags/example_workday_timetable.py                                                         1           0  0.12s           2026-06-18T22:43:01                      12
/home/airflow/.local/lib/python3.12/site-packages/airflow/example_dags/example_dynamic_task_mapping_with_no_taskflow_operators.py                           1           0  0.12s           2026-06-18T22:43:01                      10
/home/airflow/.local/lib/python3.12/site-packages/airflow/example_dags/example_subdag_operator.py                                                           3           0  0.12s           2026-06-18T22:42:59                      20
/home/airflow/.local/lib/python3.12/site-packages/airflow/example_dags/example_trigger_target_dag.py                                                        1           0  0.12s           2026-06-18T22:42:54                      10
/home/airflow/.local/lib/python3.12/site-packages/airflow/example_dags/example_branch_operator_decorator.py                                                 1           0  0.12s           2026-06-18T22:42:56                      12
/home/airflow/.local/lib/python3.12/site-packages/airflow/example_dags/example_params_trigger_ui.py                                                         1           0  0.11s           2026-06-18T22:42:56                      10
/home/airflow/.local/lib/python3.12/site-packages/airflow/example_dags/example_latest_only.py                                                               1           0  0.11s           2026-06-18T22:42:54                      12
/home/airflow/.local/lib/python3.12/site-packages/airflow/example_dags/example_branch_python_dop_operator_3.py                                              1           0  0.11s           2026-06-18T22:42:58                      12
/home/airflow/.local/lib/python3.12/site-packages/airflow/example_dags/example_python_decorator.py                                                          1           0  0.11s           2026-06-18T22:42:59                      10
/home/airflow/.local/lib/python3.12/site-packages/airflow/example_dags/example_branch_datetime_operator.py                                                  3           0  0.11s           2026-06-18T22:42:53                      18
/home/airflow/.local/lib/python3.12/site-packages/airflow/example_dags/example_bash_decorator.py                                                            1           0  0.11s           2026-06-18T22:42:58                      10
/home/airflow/.local/lib/python3.12/site-packages/airflow/example_dags/example_xcom.py                                                                      1           0  0.11s           2026-06-18T22:42:58                      12
/home/airflow/.local/lib/python3.12/site-packages/airflow/example_dags/tutorial_taskflow_api_virtualenv.py                                                  1           0  0.11s           2026-06-18T22:42:53                      10
/home/airflow/.local/lib/python3.12/site-packages/airflow/example_dags/example_bash_operator.py                                                             1           0  0.11s           2026-06-18T22:42:59                      12
/home/airflow/.local/lib/python3.12/site-packages/airflow/example_dags/example_branch_operator.py                                                           1           0  0.11s           2026-06-18T22:43:01                      12
/home/airflow/.local/lib/python3.12/site-packages/airflow/example_dags/example_dag_decorator.py                                                             1           0  0.11s           2026-06-18T22:43:01                      10
/home/airflow/.local/lib/python3.12/site-packages/airflow/example_dags/example_setup_teardown_taskflow.py                                                   1           0  0.10s           2026-06-18T22:42:54                      10
/home/airflow/.local/lib/python3.12/site-packages/airflow/example_dags/example_display_name.py                                                              1           0  0.10s           2026-06-18T22:42:58                      10
/home/airflow/.local/lib/python3.12/site-packages/airflow/example_dags/example_task_group_decorator.py                                                      1           0  0.10s           2026-06-18T22:42:53                      10
/home/airflow/.local/lib/python3.12/site-packages/airflow/example_dags/example_passing_params_via_test_command.py                                           1           0  0.10s           2026-06-18T22:43:00                      12
/home/airflow/.local/lib/python3.12/site-packages/airflow/example_dags/tutorial_taskflow_api.py                                                             1           0  0.10s           2026-06-18T22:42:59                      10
/home/airflow/.local/lib/python3.12/site-packages/airflow/example_dags/example_sensor_decorator.py                                                          1           0  0.10s           2026-06-18T22:42:54                      10
/home/airflow/.local/lib/python3.12/site-packages/airflow/example_dags/example_xcomargs.py                                                                  2           0  0.10s           2026-06-18T22:43:01                      13
/home/airflow/.local/lib/python3.12/site-packages/airflow/example_dags/example_nested_branch_dag.py                                                         1           0  0.09s           2026-06-18T22:42:56                      12
/home/airflow/.local/lib/python3.12/site-packages/airflow/example_dags/example_sla_dag.py                                                                   1           0  0.09s           2026-06-18T22:42:56                      12
/home/airflow/.local/lib/python3.12/site-packages/airflow/example_dags/example_latest_only_with_trigger.py                                                  1           0  0.09s           2026-06-18T22:42:59                      12
/home/airflow/.local/lib/python3.12/site-packages/airflow/example_dags/example_time_delta_sensor_async.py                                                   1           0  0.09s           2026-06-18T22:42:56                      10
/home/airflow/.local/lib/python3.12/site-packages/airflow/example_dags/example_short_circuit_decorator.py                                                   1           0  0.09s           2026-06-18T22:43:01                      10
/home/airflow/.local/lib/python3.12/site-packages/airflow/example_dags/example_external_task_marker_dag.py                                                  2           0  0.09s           2026-06-18T22:42:59                      13
/home/airflow/.local/lib/python3.12/site-packages/airflow/example_dags/example_task_group.py                                                                1           0  0.09s           2026-06-18T22:42:56                      10
/home/airflow/.local/lib/python3.12/site-packages/airflow/example_dags/example_short_circuit_operator.py                                                    1           0  0.09s           2026-06-18T22:43:01                      10
/home/airflow/.local/lib/python3.12/site-packages/airflow/example_dags/plugins/workday.py                                                                   0           0  0.06s           2026-06-18T22:43:01                       3
/home/airflow/.local/lib/python3.12/site-packages/airflow/example_dags/subdags/subdag.py                                                                    0           0  0.06s           2026-06-18T22:43:01                       3
/home/airflow/.local/lib/python3.12/site-packages/airflow/example_dags/plugins/event_listener.py                                                            0           0  0.05s           2026-06-18T22:43:01                       3
/home/airflow/.local/lib/python3.12/site-packages/airflow/example_dags/plugins/listener_plugin.py                                                           0           0  0.05s           2026-06-18T22:43:01                       3
/home/airflow/.local/lib/python3.12/site-packages/airflow/example_dags/plugins/decreasing_priority_weight_strategy.py                                       0           0  0.05s           2026-06-18T22:43:01                       3
================================================================================
[2026-06-18T22:43:52.149+0000] {manager.py:997} INFO - 
================================================================================
DAG File Processing Stats

File Path                                                                                                                          PID    Runtime      # DAGs    # Errors  Last Runtime    Last Run               Last # of DB Queries
---------------------------------------------------------------------------------------------------------------------------------  -----  ---------  --------  ----------  --------------  -------------------  ----------------------
/home/airflow/.local/lib/python3.12/site-packages/airflow/example_dags/example_datasets.py                                                                 10           0  0.27s           2026-06-18T22:43:31                      49
/home/airflow/.local/lib/python3.12/site-packages/airflow/example_dags/example_dataset_alias_with_no_taskflow.py                                            4           0  0.23s           2026-06-18T22:43:32                      27
/home/airflow/.local/lib/python3.12/site-packages/airflow/example_dags/example_dataset_alias.py                                                             4           0  0.23s           2026-06-18T22:43:30                      27
/home/airflow/.local/lib/python3.12/site-packages/airflow/example_dags/example_outlet_event_extra.py                                                        3           0  0.22s           2026-06-18T22:43:32                      19
/home/airflow/.local/lib/python3.12/site-packages/airflow/example_dags/example_inlet_event_extra.py                                                         2           0  0.21s           2026-06-18T22:43:32                      15
/home/airflow/.local/lib/python3.12/site-packages/airflow/example_dags/example_dag_decorator.py                                                             1           0  0.17s           2026-06-18T22:43:32                      32
/home/airflow/.local/lib/python3.12/site-packages/airflow/example_dags/example_branch_operator_decorator.py                                                 1           0  0.15s           2026-06-18T22:43:27                      12
/home/airflow/.local/lib/python3.12/site-packages/airflow/example_dags/example_workday_timetable.py                                                         1           0  0.13s           2026-06-18T22:43:32                      12
/home/airflow/.local/lib/python3.12/site-packages/airflow/example_dags/example_nested_branch_dag.py                                                         1           0  0.13s           2026-06-18T22:43:27                      12
/home/airflow/.local/lib/python3.12/site-packages/airflow/example_dags/example_bash_operator.py                                                             1           0  0.13s           2026-06-18T22:43:30                      12
/home/airflow/.local/lib/python3.12/site-packages/airflow/example_dags/example_sla_dag.py                                                                   1           0  0.13s           2026-06-18T22:43:27                      12
/home/airflow/.local/lib/python3.12/site-packages/airflow/example_dags/example_kubernetes_executor.py                                                       1           0  0.12s           2026-06-18T22:43:28                      10
/home/airflow/.local/lib/python3.12/site-packages/airflow/example_dags/example_branch_operator.py                                                           1           0  0.12s           2026-06-18T22:43:31                      12
/home/airflow/.local/lib/python3.12/site-packages/airflow/example_dags/example_task_group.py                                                                1           0  0.11s           2026-06-18T22:43:27                      10
/home/airflow/.local/lib/python3.12/site-packages/airflow/example_dags/example_local_kubernetes_executor.py                                                 1           0  0.11s           2026-06-18T22:43:24                      10
/home/airflow/.local/lib/python3.12/site-packages/airflow/example_dags/example_xcom.py                                                                      1           0  0.11s           2026-06-18T22:43:29                      12
/home/airflow/.local/lib/python3.12/site-packages/airflow/example_dags/example_branch_day_of_week_operator.py                                               1           0  0.11s           2026-06-18T22:43:23                      12
/home/airflow/.local/lib/python3.12/site-packages/airflow/example_dags/example_params_ui_tutorial.py                                                        1           0  0.11s           2026-06-18T22:43:29                      10
/home/airflow/.local/lib/python3.12/site-packages/airflow/example_dags/example_subdag_operator.py                                                           3           0  0.11s           2026-06-18T22:43:30                      20
/home/airflow/.local/lib/python3.12/site-packages/airflow/example_dags/plugins/workday.py                                                                   0           0  0.11s           2026-06-18T22:43:32                       3
/home/airflow/.local/lib/python3.12/site-packages/airflow/example_dags/tutorial_dag.py                                                                      1           0  0.11s           2026-06-18T22:43:28                      10
/home/airflow/.local/lib/python3.12/site-packages/airflow/example_dags/tutorial_taskflow_api_virtualenv.py                                                  1           0  0.11s           2026-06-18T22:43:23                      10
/home/airflow/.local/lib/python3.12/site-packages/airflow/example_dags/tutorial_objectstorage.py                                                            1           0  0.11s           2026-06-18T22:43:27                      10
/home/airflow/.local/lib/python3.12/site-packages/airflow/example_dags/subdags/subdag.py                                                                    0           0  0.10s           2026-06-18T22:43:33                       3
/home/airflow/.local/lib/python3.12/site-packages/airflow/example_dags/example_params_trigger_ui.py                                                         1           0  0.10s           2026-06-18T22:43:27                      10
/home/airflow/.local/lib/python3.12/site-packages/airflow/example_dags/example_branch_datetime_operator.py                                                  3           0  0.10s           2026-06-18T22:43:23                      18
/home/airflow/.local/lib/python3.12/site-packages/airflow/example_dags/example_skip_dag.py                                                                  1           0  0.10s           2026-06-18T22:43:24                      12
/home/airflow/.local/lib/python3.12/site-packages/airflow/example_dags/example_dynamic_task_mapping.py                                                      1           0  0.10s           2026-06-18T22:43:27                      10
/home/airflow/.local/lib/python3.12/site-packages/airflow/example_dags/tutorial.py                                                                          1           0  0.10s           2026-06-18T22:43:28                      12
/home/airflow/.local/lib/python3.12/site-packages/airflow/example_dags/example_external_task_marker_dag.py                                                  2           0  0.10s           2026-06-18T22:43:30                      13
/home/airflow/.local/lib/python3.12/site-packages/airflow/example_dags/example_passing_params_via_test_command.py                                           1           0  0.10s           2026-06-18T22:43:31                      12
/home/airflow/.local/lib/python3.12/site-packages/airflow/example_dags/example_latest_only_with_trigger.py                                                  1           0  0.10s           2026-06-18T22:43:30                      12
/home/airflow/.local/lib/python3.12/site-packages/airflow/example_dags/example_setup_teardown_taskflow.py                                                   1           0  0.10s           2026-06-18T22:43:24                      10
/home/airflow/.local/lib/python3.12/site-packages/airflow/example_dags/example_task_group_decorator.py                                                      1           0  0.10s           2026-06-18T22:43:23                      10
/home/airflow/.local/lib/python3.12/site-packages/airflow/example_dags/tutorial_taskflow_api.py                                                             1           0  0.10s           2026-06-18T22:43:30                      10
/home/airflow/.local/lib/python3.12/site-packages/airflow/example_dags/example_complex.py                                                                   1           0  0.10s           2026-06-18T22:43:23                      10
/home/airflow/.local/lib/python3.12/site-packages/airflow/example_dags/example_time_delta_sensor_async.py                                                   1           0  0.10s           2026-06-18T22:43:27                      10
/home/airflow/.local/lib/python3.12/site-packages/airflow/example_dags/example_short_circuit_decorator.py                                                   1           0  0.10s           2026-06-18T22:43:32                      10
/home/airflow/.local/lib/python3.12/site-packages/airflow/example_dags/example_python_operator.py                                                           1           0  0.09s           2026-06-18T22:43:23                      10
/home/airflow/.local/lib/python3.12/site-packages/airflow/example_dags/example_branch_python_dop_operator_3.py                                              1           0  0.09s           2026-06-18T22:43:29                      12
/home/airflow/.local/lib/python3.12/site-packages/airflow/example_dags/example_display_name.py                                                              1           0  0.09s           2026-06-18T22:43:28                      10
/home/airflow/.local/lib/python3.12/site-packages/airflow/example_dags/example_latest_only.py                                                               1           0  0.09s           2026-06-18T22:43:25                      12
/home/airflow/.local/lib/python3.12/site-packages/airflow/example_dags/example_sensor_decorator.py                                                          1           0  0.09s           2026-06-18T22:43:24                      10
/home/airflow/.local/lib/python3.12/site-packages/airflow/example_dags/example_python_decorator.py                                                          1           0  0.09s           2026-06-18T22:43:30                      10
/home/airflow/.local/lib/python3.12/site-packages/airflow/example_dags/example_branch_labels.py                                                             1           0  0.09s           2026-06-18T22:43:25                      12
/home/airflow/.local/lib/python3.12/site-packages/airflow/example_dags/example_xcomargs.py                                                                  2           0  0.09s           2026-06-18T22:43:32                      13
/home/airflow/.local/lib/python3.12/site-packages/airflow/example_dags/plugins/listener_plugin.py                                                           0           0  0.09s           2026-06-18T22:43:32                       3
/home/airflow/.local/lib/python3.12/site-packages/airflow/example_dags/example_bash_decorator.py                                                            1           0  0.09s           2026-06-18T22:43:29                      10
/home/airflow/.local/lib/python3.12/site-packages/airflow/example_dags/example_trigger_controller_dag.py                                                    1           0  0.09s           2026-06-18T22:43:23                      12
/home/airflow/.local/lib/python3.12/site-packages/airflow/example_dags/example_short_circuit_operator.py                                                    1           0  0.09s           2026-06-18T22:43:32                      10
/home/airflow/.local/lib/python3.12/site-packages/airflow/example_dags/example_setup_teardown.py                                                            1           0  0.09s           2026-06-18T22:43:25                      10
/home/airflow/.local/lib/python3.12/site-packages/airflow/example_dags/example_sensors.py                                                                   1           0  0.09s           2026-06-18T22:43:31                      10
/home/airflow/.local/lib/python3.12/site-packages/airflow/example_dags/example_dynamic_task_mapping_with_no_taskflow_operators.py                           1           0  0.08s           2026-06-18T22:43:31                      10
/home/airflow/.local/lib/python3.12/site-packages/airflow/example_dags/example_trigger_target_dag.py                                                        1           0  0.08s           2026-06-18T22:43:25                      10
/opt/airflow/dags/batch_generator2.py                                                                                                                       0           1  0.08s           2026-06-18T22:43:23                       5
/opt/airflow/dags/driven_data_pipeline.py                                                                                                                   0           1  0.07s           2026-06-18T22:43:23                       5
/home/airflow/.local/lib/python3.12/site-packages/airflow/example_dags/plugins/decreasing_priority_weight_strategy.py                                       0           0  0.06s           2026-06-18T22:43:32                       3
/home/airflow/.local/lib/python3.12/site-packages/airflow/example_dags/plugins/event_listener.py                                                            0           0  0.05s           2026-06-18T22:43:32                       3
================================================================================
[2026-06-18T22:44:22.771+0000] {manager.py:997} INFO - 
================================================================================
DAG File Processing Stats

File Path                                                                                                                          PID    Runtime      # DAGs    # Errors  Last Runtime    Last Run               Last # of DB Queries
---------------------------------------------------------------------------------------------------------------------------------  -----  ---------  --------  ----------  --------------  -------------------  ----------------------
/home/airflow/.local/lib/python3.12/site-packages/airflow/example_dags/example_dataset_alias.py                                                             4           0  0.31s           2026-06-18T22:44:01                      27
/home/airflow/.local/lib/python3.12/site-packages/airflow/example_dags/example_datasets.py                                                                 10           0  0.31s           2026-06-18T22:44:02                      49
/home/airflow/.local/lib/python3.12/site-packages/airflow/example_dags/example_outlet_event_extra.py                                                        3           0  0.27s           2026-06-18T22:44:03                      19
/home/airflow/.local/lib/python3.12/site-packages/airflow/example_dags/example_dataset_alias_with_no_taskflow.py                                            4           0  0.25s           2026-06-18T22:44:03                      27
/home/airflow/.local/lib/python3.12/site-packages/airflow/example_dags/example_inlet_event_extra.py                                                         2           0  0.24s           2026-06-18T22:44:03                      15
/home/airflow/.local/lib/python3.12/site-packages/airflow/example_dags/example_xcom.py                                                                      1           0  0.21s           2026-06-18T22:43:59                      12
/home/airflow/.local/lib/python3.12/site-packages/airflow/example_dags/example_display_name.py                                                              1           0  0.20s           2026-06-18T22:43:59                      10
/home/airflow/.local/lib/python3.12/site-packages/airflow/example_dags/example_branch_python_dop_operator_3.py                                              1           0  0.17s           2026-06-18T22:43:59                      12
/home/airflow/.local/lib/python3.12/site-packages/airflow/example_dags/example_subdag_operator.py                                                           3           0  0.17s           2026-06-18T22:44:00                      20
/home/airflow/.local/lib/python3.12/site-packages/airflow/example_dags/example_bash_operator.py                                                             1           0  0.16s           2026-06-18T22:44:01                      12
/home/airflow/.local/lib/python3.12/site-packages/airflow/example_dags/example_python_decorator.py                                                          1           0  0.15s           2026-06-18T22:44:01                      10
/home/airflow/.local/lib/python3.12/site-packages/airflow/example_dags/example_params_ui_tutorial.py                                                        1           0  0.14s           2026-06-18T22:43:59                      10
/home/airflow/.local/lib/python3.12/site-packages/airflow/example_dags/example_bash_decorator.py                                                            1           0  0.14s           2026-06-18T22:43:59                      10
/home/airflow/.local/lib/python3.12/site-packages/airflow/example_dags/example_workday_timetable.py                                                         1           0  0.14s           2026-06-18T22:44:02                      12
/home/airflow/.local/lib/python3.12/site-packages/airflow/example_dags/example_short_circuit_decorator.py                                                   1           0  0.13s           2026-06-18T22:44:03                      10
/home/airflow/.local/lib/python3.12/site-packages/airflow/example_dags/example_branch_operator_decorator.py                                                 1           0  0.13s           2026-06-18T22:43:57                      12
/home/airflow/.local/lib/python3.12/site-packages/airflow/example_dags/example_trigger_controller_dag.py                                                    1           0  0.13s           2026-06-18T22:43:53                      12
/home/airflow/.local/lib/python3.12/site-packages/airflow/example_dags/example_passing_params_via_test_command.py                                           1           0  0.12s           2026-06-18T22:44:02                      12
/home/airflow/.local/lib/python3.12/site-packages/airflow/example_dags/example_short_circuit_operator.py                                                    1           0  0.12s           2026-06-18T22:44:02                      10
/home/airflow/.local/lib/python3.12/site-packages/airflow/example_dags/example_branch_operator.py                                                           1           0  0.12s           2026-06-18T22:44:02                      12
/home/airflow/.local/lib/python3.12/site-packages/airflow/example_dags/example_branch_datetime_operator.py                                                  3           0  0.12s           2026-06-18T22:43:53                      18
/home/airflow/.local/lib/python3.12/site-packages/airflow/example_dags/example_sensors.py                                                                   1           0  0.12s           2026-06-18T22:44:02                      10
/home/airflow/.local/lib/python3.12/site-packages/airflow/example_dags/example_kubernetes_executor.py                                                       1           0  0.11s           2026-06-18T22:43:59                      10
/home/airflow/.local/lib/python3.12/site-packages/airflow/example_dags/example_external_task_marker_dag.py                                                  2           0  0.11s           2026-06-18T22:44:01                      13
/home/airflow/.local/lib/python3.12/site-packages/airflow/example_dags/tutorial_taskflow_api.py                                                             1           0  0.11s           2026-06-18T22:44:01                      10
/home/airflow/.local/lib/python3.12/site-packages/airflow/example_dags/example_xcomargs.py                                                                  2           0  0.11s           2026-06-18T22:44:02                      13
/home/airflow/.local/lib/python3.12/site-packages/airflow/example_dags/example_latest_only_with_trigger.py                                                  1           0  0.11s           2026-06-18T22:44:01                      12
/home/airflow/.local/lib/python3.12/site-packages/airflow/example_dags/example_nested_branch_dag.py                                                         1           0  0.11s           2026-06-18T22:43:57                      12
/home/airflow/.local/lib/python3.12/site-packages/airflow/example_dags/example_python_operator.py                                                           1           0  0.11s           2026-06-18T22:43:53                      10
/home/airflow/.local/lib/python3.12/site-packages/airflow/example_dags/example_local_kubernetes_executor.py                                                 1           0  0.11s           2026-06-18T22:43:55                      10
/home/airflow/.local/lib/python3.12/site-packages/airflow/example_dags/example_dag_decorator.py                                                             1           0  0.11s           2026-06-18T22:44:02                      10
/home/airflow/.local/lib/python3.12/site-packages/airflow/example_dags/example_task_group.py                                                                1           0  0.11s           2026-06-18T22:43:57                      10
/home/airflow/.local/lib/python3.12/site-packages/airflow/example_dags/example_branch_day_of_week_operator.py                                               1           0  0.11s           2026-06-18T22:43:53                      12
/home/airflow/.local/lib/python3.12/site-packages/airflow/example_dags/tutorial.py                                                                          1           0  0.10s           2026-06-18T22:43:59                      12
/home/airflow/.local/lib/python3.12/site-packages/airflow/example_dags/example_params_trigger_ui.py                                                         1           0  0.10s           2026-06-18T22:43:57                      10
/home/airflow/.local/lib/python3.12/site-packages/airflow/example_dags/example_complex.py                                                                   1           0  0.10s           2026-06-18T22:43:54                      10
/home/airflow/.local/lib/python3.12/site-packages/airflow/example_dags/example_dynamic_task_mapping_with_no_taskflow_operators.py                           1           0  0.10s           2026-06-18T22:44:02                      10
/home/airflow/.local/lib/python3.12/site-packages/airflow/example_dags/example_task_group_decorator.py                                                      1           0  0.10s           2026-06-18T22:43:53                      10
/home/airflow/.local/lib/python3.12/site-packages/airflow/example_dags/example_sla_dag.py                                                                   1           0  0.10s           2026-06-18T22:43:57                      12
/home/airflow/.local/lib/python3.12/site-packages/airflow/example_dags/example_latest_only.py                                                               1           0  0.10s           2026-06-18T22:43:55                      12
/home/airflow/.local/lib/python3.12/site-packages/airflow/example_dags/tutorial_taskflow_api_virtualenv.py                                                  1           0  0.10s           2026-06-18T22:43:53                      10
/home/airflow/.local/lib/python3.12/site-packages/airflow/example_dags/tutorial_dag.py                                                                      1           0  0.09s           2026-06-18T22:43:58                      10
/home/airflow/.local/lib/python3.12/site-packages/airflow/example_dags/example_skip_dag.py                                                                  1           0  0.09s           2026-06-18T22:43:55                      12
/home/airflow/.local/lib/python3.12/site-packages/airflow/example_dags/example_dynamic_task_mapping.py                                                      1           0  0.09s           2026-06-18T22:43:57                      10
/home/airflow/.local/lib/python3.12/site-packages/airflow/example_dags/example_sensor_decorator.py                                                          1           0  0.09s           2026-06-18T22:43:55                      10
/home/airflow/.local/lib/python3.12/site-packages/airflow/example_dags/example_time_delta_sensor_async.py                                                   1           0  0.09s           2026-06-18T22:43:57                      10
/home/airflow/.local/lib/python3.12/site-packages/airflow/example_dags/example_branch_labels.py                                                             1           0  0.09s           2026-06-18T22:43:55                      12
/opt/airflow/dags/driven_data_pipeline.py                                                                                                                   0           1  0.09s           2026-06-18T22:43:53                       5
/home/airflow/.local/lib/python3.12/site-packages/airflow/example_dags/tutorial_objectstorage.py                                                            1           0  0.09s           2026-06-18T22:43:57                      10
/opt/airflow/dags/batch_generator2.py                                                                                                                       0           1  0.09s           2026-06-18T22:43:53                       5
/home/airflow/.local/lib/python3.12/site-packages/airflow/example_dags/example_trigger_target_dag.py                                                        1           0  0.08s           2026-06-18T22:43:55                      10
/home/airflow/.local/lib/python3.12/site-packages/airflow/example_dags/example_setup_teardown_taskflow.py                                                   1           0  0.08s           2026-06-18T22:43:55                      10
/home/airflow/.local/lib/python3.12/site-packages/airflow/example_dags/example_setup_teardown.py                                                            1           0  0.08s           2026-06-18T22:43:55                      10
/home/airflow/.local/lib/python3.12/site-packages/airflow/example_dags/plugins/event_listener.py                                                            0           0  0.05s           2026-06-18T22:44:03                       3
/home/airflow/.local/lib/python3.12/site-packages/airflow/example_dags/plugins/workday.py                                                                   0           0  0.05s           2026-06-18T22:44:03                       3
/home/airflow/.local/lib/python3.12/site-packages/airflow/example_dags/plugins/listener_plugin.py                                                           0           0  0.05s           2026-06-18T22:44:03                       3
/home/airflow/.local/lib/python3.12/site-packages/airflow/example_dags/plugins/decreasing_priority_weight_strategy.py                                       0           0  0.05s           2026-06-18T22:44:03                       3
/home/airflow/.local/lib/python3.12/site-packages/airflow/example_dags/subdags/subdag.py                                                                    0           0  0.05s           2026-06-18T22:44:03                       3
================================================================================
[2026-06-18T22:44:53.433+0000] {manager.py:997} INFO - 
================================================================================
DAG File Processing Stats

File Path                                                                                                                          PID    Runtime      # DAGs    # Errors  Last Runtime    Last Run               Last # of DB Queries
---------------------------------------------------------------------------------------------------------------------------------  -----  ---------  --------  ----------  --------------  -------------------  ----------------------
/home/airflow/.local/lib/python3.12/site-packages/airflow/example_dags/example_datasets.py                                                                 10           0  0.38s           2026-06-18T22:44:33                      49
/home/airflow/.local/lib/python3.12/site-packages/airflow/example_dags/example_dataset_alias.py                                                             4           0  0.31s           2026-06-18T22:44:32                      27
/home/airflow/.local/lib/python3.12/site-packages/airflow/example_dags/example_outlet_event_extra.py                                                        3           0  0.29s           2026-06-18T22:44:33                      19
/home/airflow/.local/lib/python3.12/site-packages/airflow/example_dags/example_inlet_event_extra.py                                                         2           0  0.27s           2026-06-18T22:44:33                      15
/home/airflow/.local/lib/python3.12/site-packages/airflow/example_dags/example_dataset_alias_with_no_taskflow.py                                            4           0  0.27s           2026-06-18T22:44:34                      27
/home/airflow/.local/lib/python3.12/site-packages/airflow/example_dags/example_python_operator.py                                                           1           0  0.22s           2026-06-18T22:44:24                      10
/home/airflow/.local/lib/python3.12/site-packages/airflow/example_dags/example_dag_decorator.py                                                             1           0  0.21s           2026-06-18T22:44:33                      32
/home/airflow/.local/lib/python3.12/site-packages/airflow/example_dags/example_python_decorator.py                                                          1           0  0.17s           2026-06-18T22:44:32                      10
/home/airflow/.local/lib/python3.12/site-packages/airflow/example_dags/example_bash_operator.py                                                             1           0  0.16s           2026-06-18T22:44:32                      12
/home/airflow/.local/lib/python3.12/site-packages/airflow/example_dags/example_subdag_operator.py                                                           3           0  0.16s           2026-06-18T22:44:32                      20
/home/airflow/.local/lib/python3.12/site-packages/airflow/example_dags/tutorial_taskflow_api.py                                                             1           0  0.16s           2026-06-18T22:44:32                      10
/home/airflow/.local/lib/python3.12/site-packages/airflow/example_dags/example_branch_operator.py                                                           1           0  0.15s           2026-06-18T22:44:32                      12
/home/airflow/.local/lib/python3.12/site-packages/airflow/example_dags/example_passing_params_via_test_command.py                                           1           0  0.14s           2026-06-18T22:44:32                      12
/home/airflow/.local/lib/python3.12/site-packages/airflow/example_dags/example_branch_datetime_operator.py                                                  3           0  0.14s           2026-06-18T22:44:24                      18
/home/airflow/.local/lib/python3.12/site-packages/airflow/example_dags/example_workday_timetable.py                                                         1           0  0.14s           2026-06-18T22:44:33                      12
/home/airflow/.local/lib/python3.12/site-packages/airflow/example_dags/example_task_group_decorator.py                                                      1           0  0.14s           2026-06-18T22:44:24                      10
/home/airflow/.local/lib/python3.12/site-packages/airflow/example_dags/example_branch_operator_decorator.py                                                 1           0  0.13s           2026-06-18T22:44:28                      12
/home/airflow/.local/lib/python3.12/site-packages/airflow/example_dags/example_branch_day_of_week_operator.py                                               1           0  0.13s           2026-06-18T22:44:24                      12
/home/airflow/.local/lib/python3.12/site-packages/airflow/example_dags/example_xcomargs.py                                                                  2           0  0.12s           2026-06-18T22:44:33                      13
/home/airflow/.local/lib/python3.12/site-packages/airflow/example_dags/example_latest_only_with_trigger.py                                                  1           0  0.12s           2026-06-18T22:44:32                      12
/home/airflow/.local/lib/python3.12/site-packages/airflow/example_dags/example_local_kubernetes_executor.py                                                 1           0  0.12s           2026-06-18T22:44:25                      10
/home/airflow/.local/lib/python3.12/site-packages/airflow/example_dags/example_xcom.py                                                                      1           0  0.12s           2026-06-18T22:44:29                      12
/home/airflow/.local/lib/python3.12/site-packages/airflow/example_dags/example_sensors.py                                                                   1           0  0.12s           2026-06-18T22:44:33                      10
/home/airflow/.local/lib/python3.12/site-packages/airflow/example_dags/example_skip_dag.py                                                                  1           0  0.11s           2026-06-18T22:44:25                      12
/home/airflow/.local/lib/python3.12/site-packages/airflow/example_dags/example_params_ui_tutorial.py                                                        1           0  0.11s           2026-06-18T22:44:29                      10
/home/airflow/.local/lib/python3.12/site-packages/airflow/example_dags/example_params_trigger_ui.py                                                         1           0  0.11s           2026-06-18T22:44:28                      10
/home/airflow/.local/lib/python3.12/site-packages/airflow/example_dags/example_short_circuit_operator.py                                                    1           0  0.11s           2026-06-18T22:44:33                      10
/home/airflow/.local/lib/python3.12/site-packages/airflow/example_dags/example_complex.py                                                                   1           0  0.11s           2026-06-18T22:44:24                      10
/home/airflow/.local/lib/python3.12/site-packages/airflow/example_dags/example_kubernetes_executor.py                                                       1           0  0.11s           2026-06-18T22:44:29                      10
/home/airflow/.local/lib/python3.12/site-packages/airflow/example_dags/example_dynamic_task_mapping_with_no_taskflow_operators.py                           1           0  0.11s           2026-06-18T22:44:33                      10
/home/airflow/.local/lib/python3.12/site-packages/airflow/example_dags/example_nested_branch_dag.py                                                         1           0  0.11s           2026-06-18T22:44:28                      12
/home/airflow/.local/lib/python3.12/site-packages/airflow/example_dags/example_external_task_marker_dag.py                                                  2           0  0.11s           2026-06-18T22:44:32                      13
/home/airflow/.local/lib/python3.12/site-packages/airflow/example_dags/example_branch_labels.py                                                             1           0  0.10s           2026-06-18T22:44:26                      12
/home/airflow/.local/lib/python3.12/site-packages/airflow/example_dags/example_short_circuit_decorator.py                                                   1           0  0.10s           2026-06-18T22:44:33                      10
/home/airflow/.local/lib/python3.12/site-packages/airflow/example_dags/tutorial_taskflow_api_virtualenv.py                                                  1           0  0.10s           2026-06-18T22:44:24                      10
/home/airflow/.local/lib/python3.12/site-packages/airflow/example_dags/example_latest_only.py                                                               1           0  0.10s           2026-06-18T22:44:25                      12
/home/airflow/.local/lib/python3.12/site-packages/airflow/example_dags/example_sla_dag.py                                                                   1           0  0.10s           2026-06-18T22:44:28                      12
/home/airflow/.local/lib/python3.12/site-packages/airflow/example_dags/example_setup_teardown_taskflow.py                                                   1           0  0.10s           2026-06-18T22:44:25                      10
/home/airflow/.local/lib/python3.12/site-packages/airflow/example_dags/tutorial.py                                                                          1           0  0.10s           2026-06-18T22:44:29                      12
/home/airflow/.local/lib/python3.12/site-packages/airflow/example_dags/example_trigger_controller_dag.py                                                    1           0  0.10s           2026-06-18T22:44:24                      12
/home/airflow/.local/lib/python3.12/site-packages/airflow/example_dags/example_setup_teardown.py                                                            1           0  0.10s           2026-06-18T22:44:25                      10
/home/airflow/.local/lib/python3.12/site-packages/airflow/example_dags/tutorial_dag.py                                                                      1           0  0.09s           2026-06-18T22:44:29                      10
/home/airflow/.local/lib/python3.12/site-packages/airflow/example_dags/example_branch_python_dop_operator_3.py                                              1           0  0.09s           2026-06-18T22:44:29                      12
/home/airflow/.local/lib/python3.12/site-packages/airflow/example_dags/example_sensor_decorator.py                                                          1           0  0.09s           2026-06-18T22:44:25                      10
/home/airflow/.local/lib/python3.12/site-packages/airflow/example_dags/example_trigger_target_dag.py                                                        1           0  0.09s           2026-06-18T22:44:25                      10
/home/airflow/.local/lib/python3.12/site-packages/airflow/example_dags/example_task_group.py                                                                1           0  0.09s           2026-06-18T22:44:28                      10
/home/airflow/.local/lib/python3.12/site-packages/airflow/example_dags/example_bash_decorator.py                                                            1           0  0.09s           2026-06-18T22:44:29                      10
/home/airflow/.local/lib/python3.12/site-packages/airflow/example_dags/example_display_name.py                                                              1           0  0.09s           2026-06-18T22:44:29                      10
/home/airflow/.local/lib/python3.12/site-packages/airflow/example_dags/example_dynamic_task_mapping.py                                                      1           0  0.09s           2026-06-18T22:44:28                      10
/home/airflow/.local/lib/python3.12/site-packages/airflow/example_dags/example_time_delta_sensor_async.py                                                   1           0  0.09s           2026-06-18T22:44:28                      10
/opt/airflow/dags/driven_data_pipeline.py                                                                                                                   0           1  0.09s           2026-06-18T22:44:23                       5
/opt/airflow/dags/batch_generator2.py                                                                                                                       0           1  0.09s           2026-06-18T22:44:23                       5
/home/airflow/.local/lib/python3.12/site-packages/airflow/example_dags/tutorial_objectstorage.py                                                            1           0  0.08s           2026-06-18T22:44:28                      10
/home/airflow/.local/lib/python3.12/site-packages/airflow/example_dags/plugins/workday.py                                                                   0           0  0.06s           2026-06-18T22:44:34                       3
/home/airflow/.local/lib/python3.12/site-packages/airflow/example_dags/plugins/decreasing_priority_weight_strategy.py                                       0           0  0.05s           2026-06-18T22:44:34                       3
/home/airflow/.local/lib/python3.12/site-packages/airflow/example_dags/plugins/event_listener.py                                                            0           0  0.05s           2026-06-18T22:44:34                       3
/home/airflow/.local/lib/python3.12/site-packages/airflow/example_dags/subdags/subdag.py                                                                    0           0  0.05s           2026-06-18T22:44:34                       3
/home/airflow/.local/lib/python3.12/site-packages/airflow/example_dags/plugins/listener_plugin.py                                                           0           0  0.05s           2026-06-18T22:44:34                       3
================================================================================
[2026-06-18T22:45:24.003+0000] {manager.py:997} INFO - 
================================================================================
DAG File Processing Stats

File Path                                                                                                                          PID    Runtime      # DAGs    # Errors  Last Runtime    Last Run               Last # of DB Queries
---------------------------------------------------------------------------------------------------------------------------------  -----  ---------  --------  ----------  --------------  -------------------  ----------------------
/home/airflow/.local/lib/python3.12/site-packages/airflow/example_dags/example_dataset_alias_with_no_taskflow.py                                            4           0  0.33s           2026-06-18T22:45:04                      27
/home/airflow/.local/lib/python3.12/site-packages/airflow/example_dags/example_inlet_event_extra.py                                                         2           0  0.31s           2026-06-18T22:45:04                      15
/home/airflow/.local/lib/python3.12/site-packages/airflow/example_dags/example_datasets.py                                                                 10           0  0.31s           2026-06-18T22:45:03                      49
/home/airflow/.local/lib/python3.12/site-packages/airflow/example_dags/example_outlet_event_extra.py                                                        3           0  0.27s           2026-06-18T22:45:04                      19
/home/airflow/.local/lib/python3.12/site-packages/airflow/example_dags/example_dataset_alias.py                                                             4           0  0.27s           2026-06-18T22:45:02                      27
/home/airflow/.local/lib/python3.12/site-packages/airflow/example_dags/example_dag_decorator.py                                                             1           0  0.17s           2026-06-18T22:45:03                      32
/home/airflow/.local/lib/python3.12/site-packages/airflow/example_dags/example_branch_operator_decorator.py                                                 1           0  0.17s           2026-06-18T22:44:58                      12
/home/airflow/.local/lib/python3.12/site-packages/airflow/example_dags/example_workday_timetable.py                                                         1           0  0.16s           2026-06-18T22:45:03                      12
/home/airflow/.local/lib/python3.12/site-packages/airflow/example_dags/example_passing_params_via_test_command.py                                           1           0  0.16s           2026-06-18T22:45:03                      12
/home/airflow/.local/lib/python3.12/site-packages/airflow/example_dags/example_bash_operator.py                                                             1           0  0.15s           2026-06-18T22:45:03                      12
/home/airflow/.local/lib/python3.12/site-packages/airflow/example_dags/example_python_decorator.py                                                          1           0  0.15s           2026-06-18T22:45:03                      10
/home/airflow/.local/lib/python3.12/site-packages/airflow/example_dags/example_sla_dag.py                                                                   1           0  0.14s           2026-06-18T22:44:58                      12
/home/airflow/.local/lib/python3.12/site-packages/airflow/example_dags/example_nested_branch_dag.py                                                         1           0  0.14s           2026-06-18T22:44:58                      12
/home/airflow/.local/lib/python3.12/site-packages/airflow/example_dags/example_subdag_operator.py                                                           3           0  0.13s           2026-06-18T22:45:02                      20
/home/airflow/.local/lib/python3.12/site-packages/airflow/example_dags/example_task_group.py                                                                1           0  0.13s           2026-06-18T22:44:58                      10
/home/airflow/.local/lib/python3.12/site-packages/airflow/example_dags/example_branch_day_of_week_operator.py                                               1           0  0.12s           2026-06-18T22:44:54                      12
/home/airflow/.local/lib/python3.12/site-packages/airflow/example_dags/example_short_circuit_operator.py                                                    1           0  0.11s           2026-06-18T22:45:03                      10
/home/airflow/.local/lib/python3.12/site-packages/airflow/example_dags/example_local_kubernetes_executor.py                                                 1           0  0.11s           2026-06-18T22:44:56                      10
/home/airflow/.local/lib/python3.12/site-packages/airflow/example_dags/example_branch_operator.py                                                           1           0  0.11s           2026-06-18T22:45:03                      12
/home/airflow/.local/lib/python3.12/site-packages/airflow/example_dags/example_short_circuit_decorator.py                                                   1           0  0.11s           2026-06-18T22:45:03                      10
/home/airflow/.local/lib/python3.12/site-packages/airflow/example_dags/example_params_trigger_ui.py                                                         1           0  0.11s           2026-06-18T22:44:59                      10
/home/airflow/.local/lib/python3.12/site-packages/airflow/example_dags/tutorial_taskflow_api_virtualenv.py                                                  1           0  0.11s           2026-06-18T22:44:54                      10
/home/airflow/.local/lib/python3.12/site-packages/airflow/example_dags/example_params_ui_tutorial.py                                                        1           0  0.10s           2026-06-18T22:45:00                      10
/home/airflow/.local/lib/python3.12/site-packages/airflow/example_dags/example_kubernetes_executor.py                                                       1           0  0.10s           2026-06-18T22:45:00                      10
/home/airflow/.local/lib/python3.12/site-packages/airflow/example_dags/example_latest_only_with_trigger.py                                                  1           0  0.10s           2026-06-18T22:45:02                      12
/home/airflow/.local/lib/python3.12/site-packages/airflow/example_dags/example_time_delta_sensor_async.py                                                   1           0  0.10s           2026-06-18T22:44:58                      10
/home/airflow/.local/lib/python3.12/site-packages/airflow/example_dags/example_trigger_controller_dag.py                                                    1           0  0.10s           2026-06-18T22:44:54                      12
/home/airflow/.local/lib/python3.12/site-packages/airflow/example_dags/example_branch_labels.py                                                             1           0  0.10s           2026-06-18T22:44:56                      12
/home/airflow/.local/lib/python3.12/site-packages/airflow/example_dags/tutorial_objectstorage.py                                                            1           0  0.10s           2026-06-18T22:44:59                      10
/home/airflow/.local/lib/python3.12/site-packages/airflow/example_dags/example_branch_datetime_operator.py                                                  3           0  0.10s           2026-06-18T22:44:55                      18
/home/airflow/.local/lib/python3.12/site-packages/airflow/example_dags/tutorial.py                                                                          1           0  0.10s           2026-06-18T22:45:00                      12
/home/airflow/.local/lib/python3.12/site-packages/airflow/example_dags/example_skip_dag.py                                                                  1           0  0.10s           2026-06-18T22:44:56                      12
/opt/airflow/dags/batch_generator2.py                                                                                                                       0           1  0.10s           2026-06-18T22:44:54                       5
/home/airflow/.local/lib/python3.12/site-packages/airflow/example_dags/example_bash_decorator.py                                                            1           0  0.10s           2026-06-18T22:45:00                      10
/home/airflow/.local/lib/python3.12/site-packages/airflow/example_dags/tutorial_dag.py                                                                      1           0  0.10s           2026-06-18T22:45:00                      10
/home/airflow/.local/lib/python3.12/site-packages/airflow/example_dags/example_xcomargs.py                                                                  2           0  0.09s           2026-06-18T22:45:03                      13
/home/airflow/.local/lib/python3.12/site-packages/airflow/example_dags/example_sensors.py                                                                   1           0  0.09s           2026-06-18T22:45:03                      10
/opt/airflow/dags/driven_data_pipeline.py                                                                                                                   0           1  0.09s           2026-06-18T22:45:06                       5
/home/airflow/.local/lib/python3.12/site-packages/airflow/example_dags/example_dynamic_task_mapping_with_no_taskflow_operators.py                           1           0  0.09s           2026-06-18T22:45:03                      10
/home/airflow/.local/lib/python3.12/site-packages/airflow/example_dags/example_task_group_decorator.py                                                      1           0  0.09s           2026-06-18T22:44:54                      10
/home/airflow/.local/lib/python3.12/site-packages/airflow/example_dags/example_complex.py                                                                   1           0  0.09s           2026-06-18T22:44:55                      10
/home/airflow/.local/lib/python3.12/site-packages/airflow/example_dags/example_setup_teardown.py                                                            1           0  0.09s           2026-06-18T22:44:56                      10
/home/airflow/.local/lib/python3.12/site-packages/airflow/example_dags/example_python_operator.py                                                           1           0  0.09s           2026-06-18T22:44:54                      10
/home/airflow/.local/lib/python3.12/site-packages/airflow/example_dags/example_external_task_marker_dag.py                                                  2           0  0.09s           2026-06-18T22:45:02                      13
/home/airflow/.local/lib/python3.12/site-packages/airflow/example_dags/example_branch_python_dop_operator_3.py                                              1           0  0.09s           2026-06-18T22:45:00                      12
/home/airflow/.local/lib/python3.12/site-packages/airflow/example_dags/example_latest_only.py                                                               1           0  0.09s           2026-06-18T22:44:56                      12
/home/airflow/.local/lib/python3.12/site-packages/airflow/example_dags/example_xcom.py                                                                      1           0  0.09s           2026-06-18T22:45:00                      12
/home/airflow/.local/lib/python3.12/site-packages/airflow/example_dags/example_dynamic_task_mapping.py                                                      1           0  0.09s           2026-06-18T22:44:59                      10
/home/airflow/.local/lib/python3.12/site-packages/airflow/example_dags/example_sensor_decorator.py                                                          1           0  0.09s           2026-06-18T22:44:56                      10
/home/airflow/.local/lib/python3.12/site-packages/airflow/example_dags/example_trigger_target_dag.py                                                        1           0  0.08s           2026-06-18T22:44:56                      10
/home/airflow/.local/lib/python3.12/site-packages/airflow/example_dags/example_display_name.py                                                              1           0  0.08s           2026-06-18T22:45:00                      10
/home/airflow/.local/lib/python3.12/site-packages/airflow/example_dags/example_setup_teardown_taskflow.py                                                   1           0  0.08s           2026-06-18T22:44:56                      10
/home/airflow/.local/lib/python3.12/site-packages/airflow/example_dags/tutorial_taskflow_api.py                                                             1           0  0.08s           2026-06-18T22:45:02                      10
/home/airflow/.local/lib/python3.12/site-packages/airflow/example_dags/plugins/event_listener.py                                                            0           0  0.07s           2026-06-18T22:45:04                       3
/home/airflow/.local/lib/python3.12/site-packages/airflow/example_dags/plugins/decreasing_priority_weight_strategy.py                                       0           0  0.07s           2026-06-18T22:45:04                       3
/home/airflow/.local/lib/python3.12/site-packages/airflow/example_dags/plugins/listener_plugin.py                                                           0           0  0.06s           2026-06-18T22:45:04                       3
/home/airflow/.local/lib/python3.12/site-packages/airflow/example_dags/plugins/workday.py                                                                   0           0  0.05s           2026-06-18T22:45:04                       3
/home/airflow/.local/lib/python3.12/site-packages/airflow/example_dags/subdags/subdag.py                                                                    0           0  0.05s           2026-06-18T22:45:04                       3
================================================================================
[2026-06-18T22:45:54.292+0000] {manager.py:997} INFO - 
================================================================================
DAG File Processing Stats

File Path                                                                                                                          PID    Runtime      # DAGs    # Errors  Last Runtime    Last Run               Last # of DB Queries
---------------------------------------------------------------------------------------------------------------------------------  -----  ---------  --------  ----------  --------------  -------------------  ----------------------
/home/airflow/.local/lib/python3.12/site-packages/airflow/example_dags/example_datasets.py                                                                 10           0  0.27s           2026-06-18T22:45:34                      49
/home/airflow/.local/lib/python3.12/site-packages/airflow/example_dags/example_trigger_target_dag.py                                                        1           0  0.27s           2026-06-18T22:45:27                      10
/home/airflow/.local/lib/python3.12/site-packages/airflow/example_dags/example_dataset_alias.py                                                             4           0  0.25s           2026-06-18T22:45:33                      27
/home/airflow/.local/lib/python3.12/site-packages/airflow/example_dags/example_dataset_alias_with_no_taskflow.py                                            4           0  0.24s           2026-06-18T22:45:35                      27
/home/airflow/.local/lib/python3.12/site-packages/airflow/example_dags/example_outlet_event_extra.py                                                        3           0  0.23s           2026-06-18T22:45:34                      19
/home/airflow/.local/lib/python3.12/site-packages/airflow/example_dags/example_inlet_event_extra.py                                                         2           0  0.21s           2026-06-18T22:45:34                      15
/home/airflow/.local/lib/python3.12/site-packages/airflow/example_dags/example_dag_decorator.py                                                             1           0  0.18s           2026-06-18T22:45:34                      32
/home/airflow/.local/lib/python3.12/site-packages/airflow/example_dags/example_xcom.py                                                                      1           0  0.15s           2026-06-18T22:45:31                      12
/home/airflow/.local/lib/python3.12/site-packages/airflow/example_dags/example_local_kubernetes_executor.py                                                 1           0  0.14s           2026-06-18T22:45:26                      10
/home/airflow/.local/lib/python3.12/site-packages/airflow/example_dags/example_sensor_decorator.py                                                          1           0  0.14s           2026-06-18T22:45:26                      10
/home/airflow/.local/lib/python3.12/site-packages/airflow/example_dags/example_branch_python_dop_operator_3.py                                              1           0  0.14s           2026-06-18T22:45:31                      12
/home/airflow/.local/lib/python3.12/site-packages/airflow/example_dags/example_params_ui_tutorial.py                                                        1           0  0.13s           2026-06-18T22:45:31                      10
/home/airflow/.local/lib/python3.12/site-packages/airflow/example_dags/example_branch_labels.py                                                             1           0  0.13s           2026-06-18T22:45:27                      12
/home/airflow/.local/lib/python3.12/site-packages/airflow/example_dags/example_latest_only.py                                                               1           0  0.12s           2026-06-18T22:45:26                      12
/home/airflow/.local/lib/python3.12/site-packages/airflow/example_dags/example_workday_timetable.py                                                         1           0  0.12s           2026-06-18T22:45:34                      12
/home/airflow/.local/lib/python3.12/site-packages/airflow/example_dags/example_subdag_operator.py                                                           3           0  0.12s           2026-06-18T22:45:33                      20
/home/airflow/.local/lib/python3.12/site-packages/airflow/example_dags/example_branch_operator_decorator.py                                                 1           0  0.12s           2026-06-18T22:45:29                      12
/home/airflow/.local/lib/python3.12/site-packages/airflow/example_dags/example_skip_dag.py                                                                  1           0  0.12s           2026-06-18T22:45:26                      12
/home/airflow/.local/lib/python3.12/site-packages/airflow/example_dags/example_kubernetes_executor.py                                                       1           0  0.12s           2026-06-18T22:45:30                      10
/home/airflow/.local/lib/python3.12/site-packages/airflow/example_dags/example_setup_teardown_taskflow.py                                                   1           0  0.12s           2026-06-18T22:45:26                      10
/home/airflow/.local/lib/python3.12/site-packages/airflow/example_dags/example_setup_teardown.py                                                            1           0  0.11s           2026-06-18T22:45:27                      10
/home/airflow/.local/lib/python3.12/site-packages/airflow/example_dags/example_branch_operator.py                                                           1           0  0.11s           2026-06-18T22:45:34                      12
/home/airflow/.local/lib/python3.12/site-packages/airflow/example_dags/example_branch_datetime_operator.py                                                  3           0  0.11s           2026-06-18T22:45:25                      18
/home/airflow/.local/lib/python3.12/site-packages/airflow/example_dags/example_bash_operator.py                                                             1           0  0.11s           2026-06-18T22:45:33                      12
/home/airflow/.local/lib/python3.12/site-packages/airflow/example_dags/example_xcomargs.py                                                                  2           0  0.11s           2026-06-18T22:45:34                      13
/home/airflow/.local/lib/python3.12/site-packages/airflow/example_dags/example_params_trigger_ui.py                                                         1           0  0.11s           2026-06-18T22:45:29                      10
/home/airflow/.local/lib/python3.12/site-packages/airflow/example_dags/tutorial.py                                                                          1           0  0.11s           2026-06-18T22:45:31                      12
/home/airflow/.local/lib/python3.12/site-packages/airflow/example_dags/example_bash_decorator.py                                                            1           0  0.11s           2026-06-18T22:45:31                      10
/home/airflow/.local/lib/python3.12/site-packages/airflow/example_dags/example_passing_params_via_test_command.py                                           1           0  0.10s           2026-06-18T22:45:33                      12
/home/airflow/.local/lib/python3.12/site-packages/airflow/example_dags/example_task_group_decorator.py                                                      1           0  0.10s           2026-06-18T22:45:25                      10
/home/airflow/.local/lib/python3.12/site-packages/airflow/example_dags/example_short_circuit_decorator.py                                                   1           0  0.10s           2026-06-18T22:45:34                      10
/home/airflow/.local/lib/python3.12/site-packages/airflow/example_dags/example_latest_only_with_trigger.py                                                  1           0  0.10s           2026-06-18T22:45:33                      12
/home/airflow/.local/lib/python3.12/site-packages/airflow/example_dags/example_sensors.py                                                                   1           0  0.10s           2026-06-18T22:45:34                      10
/home/airflow/.local/lib/python3.12/site-packages/airflow/example_dags/example_display_name.py                                                              1           0  0.10s           2026-06-18T22:45:31                      10
/home/airflow/.local/lib/python3.12/site-packages/airflow/example_dags/example_nested_branch_dag.py                                                         1           0  0.10s           2026-06-18T22:45:29                      12
/home/airflow/.local/lib/python3.12/site-packages/airflow/example_dags/example_branch_day_of_week_operator.py                                               1           0  0.10s           2026-06-18T22:45:25                      12
/home/airflow/.local/lib/python3.12/site-packages/airflow/example_dags/example_sla_dag.py                                                                   1           0  0.10s           2026-06-18T22:45:29                      12
/home/airflow/.local/lib/python3.12/site-packages/airflow/example_dags/example_python_operator.py                                                           1           0  0.10s           2026-06-18T22:45:25                      10
/home/airflow/.local/lib/python3.12/site-packages/airflow/example_dags/tutorial_dag.py                                                                      1           0  0.10s           2026-06-18T22:45:30                      10
/home/airflow/.local/lib/python3.12/site-packages/airflow/example_dags/example_python_decorator.py                                                          1           0  0.09s           2026-06-18T22:45:33                      10
/home/airflow/.local/lib/python3.12/site-packages/airflow/example_dags/example_complex.py                                                                   1           0  0.09s           2026-06-18T22:45:25                      10
/home/airflow/.local/lib/python3.12/site-packages/airflow/example_dags/example_short_circuit_operator.py                                                    1           0  0.09s           2026-06-18T22:45:34                      10
/home/airflow/.local/lib/python3.12/site-packages/airflow/example_dags/example_task_group.py                                                                1           0  0.09s           2026-06-18T22:45:29                      10
/home/airflow/.local/lib/python3.12/site-packages/airflow/example_dags/example_trigger_controller_dag.py                                                    1           0  0.09s           2026-06-18T22:45:25                      12
/home/airflow/.local/lib/python3.12/site-packages/airflow/example_dags/example_external_task_marker_dag.py                                                  2           0  0.09s           2026-06-18T22:45:33                      13
/home/airflow/.local/lib/python3.12/site-packages/airflow/example_dags/tutorial_taskflow_api_virtualenv.py                                                  1           0  0.09s           2026-06-18T22:45:25                      10
/home/airflow/.local/lib/python3.12/site-packages/airflow/example_dags/tutorial_objectstorage.py                                                            1           0  0.09s           2026-06-18T22:45:29                      10
/home/airflow/.local/lib/python3.12/site-packages/airflow/example_dags/example_dynamic_task_mapping_with_no_taskflow_operators.py                           1           0  0.09s           2026-06-18T22:45:34                      10
/home/airflow/.local/lib/python3.12/site-packages/airflow/example_dags/example_dynamic_task_mapping.py                                                      1           0  0.09s           2026-06-18T22:45:29                      10
/home/airflow/.local/lib/python3.12/site-packages/airflow/example_dags/tutorial_taskflow_api.py                                                             1           0  0.08s           2026-06-18T22:45:33                      10
/home/airflow/.local/lib/python3.12/site-packages/airflow/example_dags/example_time_delta_sensor_async.py                                                   1           0  0.08s           2026-06-18T22:45:29                      10
/opt/airflow/dags/driven_data_pipeline.py                                                                                                                   0           1  0.08s           2026-06-18T22:45:30                       5
/opt/airflow/dags/batch_generator2.py                                                                                                                       0           1  0.08s           2026-06-18T22:45:25                       5
/home/airflow/.local/lib/python3.12/site-packages/airflow/example_dags/plugins/decreasing_priority_weight_strategy.py                                       0           0  0.05s           2026-06-18T22:45:34                       3
/home/airflow/.local/lib/python3.12/site-packages/airflow/example_dags/plugins/workday.py                                                                   0           0  0.05s           2026-06-18T22:45:35                       3
/home/airflow/.local/lib/python3.12/site-packages/airflow/example_dags/plugins/event_listener.py                                                            0           0  0.05s           2026-06-18T22:45:34                       3
/home/airflow/.local/lib/python3.12/site-packages/airflow/example_dags/plugins/listener_plugin.py                                                           0           0  0.04s           2026-06-18T22:45:35                       3
/home/airflow/.local/lib/python3.12/site-packages/airflow/example_dags/subdags/subdag.py                                                                    0           0  0.04s           2026-06-18T22:45:35                       3
================================================================================
[2026-06-29T15:40:11.549+0000] {manager.py:483} INFO - Processing files using up to 2 processes at a time 
[2026-06-29T15:40:11.551+0000] {manager.py:484} INFO - Process each file at most once every 30 seconds
[2026-06-29T15:40:11.554+0000] {manager.py:485} INFO - Checking for new files in /opt/airflow/dags every 300 seconds
[2026-06-29T15:40:11.557+0000] {manager.py:821} INFO - Searching for files in /opt/airflow/dags
[2026-06-29T15:40:11.722+0000] {manager.py:824} INFO - There are 1 files in /opt/airflow/dags
[2026-06-29T15:40:12.720+0000] {manager.py:997} INFO - 
================================================================================
DAG File Processing Stats

File Path                                    PID  Runtime      # DAGs    # Errors  Last Runtime    Last Run      Last # of DB Queries
-----------------------------------------  -----  ---------  --------  ----------  --------------  ----------  ----------------------
/opt/airflow/dags/driven_data_pipeline.py     77  0.24s             0           0                                                   0
================================================================================
[2026-06-29T15:40:43.453+0000] {manager.py:997} INFO - 
================================================================================
DAG File Processing Stats

File Path                                  PID    Runtime      # DAGs    # Errors  Last Runtime    Last Run               Last # of DB Queries
-----------------------------------------  -----  ---------  --------  ----------  --------------  -------------------  ----------------------
/opt/airflow/dags/driven_data_pipeline.py                           1           0  3.44s           2026-06-29T15:40:15                      12
================================================================================
[2026-06-29T15:41:13.746+0000] {manager.py:997} INFO - 
================================================================================
DAG File Processing Stats

File Path                                  PID    Runtime      # DAGs    # Errors  Last Runtime    Last Run               Last # of DB Queries
-----------------------------------------  -----  ---------  --------  ----------  --------------  -------------------  ----------------------
/opt/airflow/dags/driven_data_pipeline.py                           1           0  0.96s           2026-06-29T15:40:47                      12
================================================================================
[2026-06-29T15:41:44.050+0000] {manager.py:997} INFO - 
================================================================================
DAG File Processing Stats

File Path                                  PID    Runtime      # DAGs    # Errors  Last Runtime    Last Run               Last # of DB Queries
-----------------------------------------  -----  ---------  --------  ----------  --------------  -------------------  ----------------------
/opt/airflow/dags/driven_data_pipeline.py                           1           0  1.87s           2026-06-29T15:41:19                      12
================================================================================
[2026-06-29T15:42:14.507+0000] {manager.py:997} INFO - 
================================================================================
DAG File Processing Stats

File Path                                  PID    Runtime      # DAGs    # Errors  Last Runtime    Last Run               Last # of DB Queries
-----------------------------------------  -----  ---------  --------  ----------  --------------  -------------------  ----------------------
/opt/airflow/dags/driven_data_pipeline.py                           1           0  0.51s           2026-06-29T15:41:50                      12
================================================================================
[2026-06-29T15:42:44.752+0000] {manager.py:997} INFO - 
================================================================================
DAG File Processing Stats

File Path                                  PID    Runtime      # DAGs    # Errors  Last Runtime    Last Run               Last # of DB Queries
-----------------------------------------  -----  ---------  --------  ----------  --------------  -------------------  ----------------------
/opt/airflow/dags/driven_data_pipeline.py                           1           0  0.61s           2026-06-29T15:42:21                      12
================================================================================
[2026-06-29T15:43:15.455+0000] {manager.py:997} INFO - 
================================================================================
DAG File Processing Stats

File Path                                  PID    Runtime      # DAGs    # Errors  Last Runtime    Last Run               Last # of DB Queries
-----------------------------------------  -----  ---------  --------  ----------  --------------  -------------------  ----------------------
/opt/airflow/dags/driven_data_pipeline.py                           1           0  0.58s           2026-06-29T15:42:52                      12
================================================================================
[2026-06-29T15:43:45.948+0000] {manager.py:997} INFO - 
================================================================================
DAG File Processing Stats

File Path                                  PID    Runtime      # DAGs    # Errors  Last Runtime    Last Run               Last # of DB Queries
-----------------------------------------  -----  ---------  --------  ----------  --------------  -------------------  ----------------------
/opt/airflow/dags/driven_data_pipeline.py                           1           0  0.49s           2026-06-29T15:43:23                      12
================================================================================
[2026-06-29T15:44:16.100+0000] {manager.py:997} INFO - 
================================================================================
DAG File Processing Stats

File Path                                  PID    Runtime      # DAGs    # Errors  Last Runtime    Last Run               Last # of DB Queries
-----------------------------------------  -----  ---------  --------  ----------  --------------  -------------------  ----------------------
/opt/airflow/dags/driven_data_pipeline.py                           1           0  0.56s           2026-06-29T15:43:53                      12
================================================================================
[2026-06-29T15:44:46.413+0000] {manager.py:997} INFO - 
================================================================================
DAG File Processing Stats

File Path                                  PID    Runtime      # DAGs    # Errors  Last Runtime    Last Run               Last # of DB Queries
-----------------------------------------  -----  ---------  --------  ----------  --------------  -------------------  ----------------------
/opt/airflow/dags/driven_data_pipeline.py                           1           0  0.38s           2026-06-29T15:44:24                      12
================================================================================
[2026-06-29T15:45:12.053+0000] {manager.py:821} INFO - Searching for files in /opt/airflow/dags
[2026-06-29T15:45:12.097+0000] {manager.py:824} INFO - There are 1 files in /opt/airflow/dags
[2026-06-29T15:45:17.164+0000] {manager.py:997} INFO - 
================================================================================
DAG File Processing Stats

File Path                                  PID    Runtime      # DAGs    # Errors  Last Runtime    Last Run               Last # of DB Queries
-----------------------------------------  -----  ---------  --------  ----------  --------------  -------------------  ----------------------
/opt/airflow/dags/driven_data_pipeline.py                           1           0  0.35s           2026-06-29T15:44:55                      12
================================================================================
[2026-06-29T15:45:47.725+0000] {manager.py:997} INFO - 
================================================================================
DAG File Processing Stats

File Path                                  PID    Runtime      # DAGs    # Errors  Last Runtime    Last Run               Last # of DB Queries
-----------------------------------------  -----  ---------  --------  ----------  --------------  -------------------  ----------------------
/opt/airflow/dags/driven_data_pipeline.py                           1           0  0.34s           2026-06-29T15:45:25                      12
================================================================================
[2026-06-29T15:46:18.319+0000] {manager.py:997} INFO - 
================================================================================
DAG File Processing Stats

File Path                                  PID    Runtime      # DAGs    # Errors  Last Runtime    Last Run               Last # of DB Queries
-----------------------------------------  -----  ---------  --------  ----------  --------------  -------------------  ----------------------
/opt/airflow/dags/driven_data_pipeline.py                           1           0  0.34s           2026-06-29T15:45:56                      12
================================================================================
[2026-06-29T15:46:48.458+0000] {manager.py:997} INFO - 
================================================================================
DAG File Processing Stats

File Path                                  PID    Runtime      # DAGs    # Errors  Last Runtime    Last Run               Last # of DB Queries
-----------------------------------------  -----  ---------  --------  ----------  --------------  -------------------  ----------------------
/opt/airflow/dags/driven_data_pipeline.py                           1           0  0.52s           2026-06-29T15:46:27                      12
================================================================================
[2026-06-29T15:47:18.743+0000] {manager.py:997} INFO - 
================================================================================
DAG File Processing Stats

File Path                                  PID    Runtime      # DAGs    # Errors  Last Runtime    Last Run               Last # of DB Queries
-----------------------------------------  -----  ---------  --------  ----------  --------------  -------------------  ----------------------
/opt/airflow/dags/driven_data_pipeline.py                           1           0  0.33s           2026-06-29T15:46:57                      12
================================================================================
[2026-06-29T15:47:49.328+0000] {manager.py:997} INFO - 
================================================================================
DAG File Processing Stats

File Path                                  PID    Runtime      # DAGs    # Errors  Last Runtime    Last Run               Last # of DB Queries
-----------------------------------------  -----  ---------  --------  ----------  --------------  -------------------  ----------------------
/opt/airflow/dags/driven_data_pipeline.py                           1           0  0.40s           2026-06-29T15:47:28                      12
================================================================================
[2026-06-29T15:48:19.517+0000] {manager.py:997} INFO - 
================================================================================
DAG File Processing Stats

File Path                                  PID    Runtime      # DAGs    # Errors  Last Runtime    Last Run               Last # of DB Queries
-----------------------------------------  -----  ---------  --------  ----------  --------------  -------------------  ----------------------
/opt/airflow/dags/driven_data_pipeline.py                           1           0  0.43s           2026-06-29T15:47:59                      12
================================================================================
[2026-06-29T15:48:50.006+0000] {manager.py:997} INFO - 
================================================================================
DAG File Processing Stats

File Path                                  PID    Runtime      # DAGs    # Errors  Last Runtime    Last Run               Last # of DB Queries
-----------------------------------------  -----  ---------  --------  ----------  --------------  -------------------  ----------------------
/opt/airflow/dags/driven_data_pipeline.py                           1           0  0.45s           2026-06-29T15:48:30                      12
================================================================================
[2026-06-29T15:49:20.348+0000] {manager.py:997} INFO - 
================================================================================
DAG File Processing Stats

File Path                                  PID    Runtime      # DAGs    # Errors  Last Runtime    Last Run               Last # of DB Queries
-----------------------------------------  -----  ---------  --------  ----------  --------------  -------------------  ----------------------
/opt/airflow/dags/driven_data_pipeline.py                           1           0  0.37s           2026-06-29T15:49:00                      12
================================================================================
[2026-06-29T15:49:50.418+0000] {manager.py:997} INFO - 
================================================================================
DAG File Processing Stats

File Path                                  PID    Runtime      # DAGs    # Errors  Last Runtime    Last Run               Last # of DB Queries
-----------------------------------------  -----  ---------  --------  ----------  --------------  -------------------  ----------------------
/opt/airflow/dags/driven_data_pipeline.py                           1           0  0.39s           2026-06-29T15:49:31                      12
================================================================================
[2026-06-29T15:50:12.650+0000] {manager.py:821} INFO - Searching for files in /opt/airflow/dags
[2026-06-29T15:50:12.681+0000] {manager.py:824} INFO - There are 1 files in /opt/airflow/dags
[2026-06-29T15:50:20.788+0000] {manager.py:997} INFO - 
================================================================================
DAG File Processing Stats

File Path                                  PID    Runtime      # DAGs    # Errors  Last Runtime    Last Run               Last # of DB Queries
-----------------------------------------  -----  ---------  --------  ----------  --------------  -------------------  ----------------------
/opt/airflow/dags/driven_data_pipeline.py                           1           0  0.37s           2026-06-29T15:50:01                      12
================================================================================
[2026-06-29T15:50:51.084+0000] {manager.py:997} INFO - 
================================================================================
DAG File Processing Stats

File Path                                  PID    Runtime      # DAGs    # Errors  Last Runtime    Last Run               Last # of DB Queries
-----------------------------------------  -----  ---------  --------  ----------  --------------  -------------------  ----------------------
/opt/airflow/dags/driven_data_pipeline.py                           1           0  0.67s           2026-06-29T15:50:32                      12
================================================================================
[2026-06-29T15:51:21.725+0000] {manager.py:997} INFO - 
================================================================================
DAG File Processing Stats

File Path                                  PID    Runtime      # DAGs    # Errors  Last Runtime    Last Run               Last # of DB Queries
-----------------------------------------  -----  ---------  --------  ----------  --------------  -------------------  ----------------------
/opt/airflow/dags/driven_data_pipeline.py                           1           0  0.43s           2026-06-29T15:51:03                      12
================================================================================
[2026-06-29T15:51:52.128+0000] {manager.py:997} INFO - 
================================================================================
DAG File Processing Stats

File Path                                  PID    Runtime      # DAGs    # Errors  Last Runtime    Last Run               Last # of DB Queries
-----------------------------------------  -----  ---------  --------  ----------  --------------  -------------------  ----------------------
/opt/airflow/dags/driven_data_pipeline.py                           1           0  0.34s           2026-06-29T15:51:34                      12
================================================================================
[2026-06-29T15:52:22.796+0000] {manager.py:997} INFO - 
================================================================================
DAG File Processing Stats

File Path                                  PID    Runtime      # DAGs    # Errors  Last Runtime    Last Run               Last # of DB Queries
-----------------------------------------  -----  ---------  --------  ----------  --------------  -------------------  ----------------------
/opt/airflow/dags/driven_data_pipeline.py                           1           0  0.41s           2026-06-29T15:52:04                      12
================================================================================
[2026-06-29T15:52:53.127+0000] {manager.py:997} INFO - 
================================================================================
DAG File Processing Stats

File Path                                  PID    Runtime      # DAGs    # Errors  Last Runtime    Last Run               Last # of DB Queries
-----------------------------------------  -----  ---------  --------  ----------  --------------  -------------------  ----------------------
/opt/airflow/dags/driven_data_pipeline.py                           1           0  0.39s           2026-06-29T15:52:35                      12
================================================================================
[2026-06-29T15:53:23.773+0000] {manager.py:997} INFO - 
================================================================================
DAG File Processing Stats

File Path                                  PID    Runtime      # DAGs    # Errors  Last Runtime    Last Run               Last # of DB Queries
-----------------------------------------  -----  ---------  --------  ----------  --------------  -------------------  ----------------------
/opt/airflow/dags/driven_data_pipeline.py                           1           0  0.36s           2026-06-29T15:53:05                      12
================================================================================
[2026-06-29T15:53:54.398+0000] {manager.py:997} INFO - 
================================================================================
DAG File Processing Stats

File Path                                  PID    Runtime      # DAGs    # Errors  Last Runtime    Last Run               Last # of DB Queries
-----------------------------------------  -----  ---------  --------  ----------  --------------  -------------------  ----------------------
/opt/airflow/dags/driven_data_pipeline.py                           1           0  0.34s           2026-06-29T15:53:36                      12
================================================================================
[2026-06-29T15:54:25.022+0000] {manager.py:997} INFO - 
================================================================================
DAG File Processing Stats

File Path                                  PID    Runtime      # DAGs    # Errors  Last Runtime    Last Run               Last # of DB Queries
-----------------------------------------  -----  ---------  --------  ----------  --------------  -------------------  ----------------------
/opt/airflow/dags/driven_data_pipeline.py                           1           0  0.35s           2026-06-29T15:54:07                      12
================================================================================
[2026-06-29T15:54:55.695+0000] {manager.py:997} INFO - 
================================================================================
DAG File Processing Stats

File Path                                  PID    Runtime      # DAGs    # Errors  Last Runtime    Last Run               Last # of DB Queries
-----------------------------------------  -----  ---------  --------  ----------  --------------  -------------------  ----------------------
/opt/airflow/dags/driven_data_pipeline.py                           1           0  0.35s           2026-06-29T15:54:37                      12
================================================================================
[2026-06-29T15:55:13.188+0000] {manager.py:821} INFO - Searching for files in /opt/airflow/dags
[2026-06-29T15:55:13.244+0000] {manager.py:824} INFO - There are 1 files in /opt/airflow/dags
[2026-06-29T15:55:26.375+0000] {manager.py:997} INFO - 
================================================================================
DAG File Processing Stats

File Path                                  PID    Runtime      # DAGs    # Errors  Last Runtime    Last Run               Last # of DB Queries
-----------------------------------------  -----  ---------  --------  ----------  --------------  -------------------  ----------------------
/opt/airflow/dags/driven_data_pipeline.py                           1           0  0.33s           2026-06-29T15:55:08                      12
================================================================================
[2026-06-29T15:55:56.525+0000] {manager.py:997} INFO - 
================================================================================
DAG File Processing Stats

File Path                                  PID    Runtime      # DAGs    # Errors  Last Runtime    Last Run               Last # of DB Queries
-----------------------------------------  -----  ---------  --------  ----------  --------------  -------------------  ----------------------
/opt/airflow/dags/driven_data_pipeline.py                           1           0  0.56s           2026-06-29T15:55:48                      34
================================================================================
[2026-06-29T15:56:27.258+0000] {manager.py:997} INFO - 
================================================================================
DAG File Processing Stats

File Path                                  PID    Runtime      # DAGs    # Errors  Last Runtime    Last Run               Last # of DB Queries
-----------------------------------------  -----  ---------  --------  ----------  --------------  -------------------  ----------------------
/opt/airflow/dags/driven_data_pipeline.py                           1           0  0.43s           2026-06-29T15:56:19                      12
================================================================================
[2026-06-29T15:56:57.559+0000] {manager.py:997} INFO - 
================================================================================
DAG File Processing Stats

File Path                                  PID    Runtime      # DAGs    # Errors  Last Runtime    Last Run               Last # of DB Queries
-----------------------------------------  -----  ---------  --------  ----------  --------------  -------------------  ----------------------
/opt/airflow/dags/driven_data_pipeline.py                           1           0  0.43s           2026-06-29T15:56:49                      12
================================================================================
[2026-06-29T15:57:27.885+0000] {manager.py:997} INFO - 
================================================================================
DAG File Processing Stats

File Path                                  PID    Runtime      # DAGs    # Errors  Last Runtime    Last Run               Last # of DB Queries
-----------------------------------------  -----  ---------  --------  ----------  --------------  -------------------  ----------------------
/opt/airflow/dags/driven_data_pipeline.py                           1           0  0.77s           2026-06-29T15:57:20                      12
================================================================================
[2026-06-29T15:57:58.384+0000] {manager.py:997} INFO - 
================================================================================
DAG File Processing Stats

File Path                                  PID    Runtime      # DAGs    # Errors  Last Runtime    Last Run               Last # of DB Queries
-----------------------------------------  -----  ---------  --------  ----------  --------------  -------------------  ----------------------
/opt/airflow/dags/driven_data_pipeline.py                           1           0  0.37s           2026-06-29T15:57:51                      12
================================================================================
[2026-06-29T15:58:28.966+0000] {manager.py:997} INFO - 
================================================================================
DAG File Processing Stats

File Path                                  PID    Runtime      # DAGs    # Errors  Last Runtime    Last Run               Last # of DB Queries
-----------------------------------------  -----  ---------  --------  ----------  --------------  -------------------  ----------------------
/opt/airflow/dags/driven_data_pipeline.py                           1           0  0.27s           2026-06-29T15:58:22                      12
================================================================================
[2026-06-29T15:58:59.421+0000] {manager.py:997} INFO - 
================================================================================
DAG File Processing Stats

File Path                                  PID    Runtime      # DAGs    # Errors  Last Runtime    Last Run               Last # of DB Queries
-----------------------------------------  -----  ---------  --------  ----------  --------------  -------------------  ----------------------
/opt/airflow/dags/driven_data_pipeline.py                           1           0  0.35s           2026-06-29T15:58:52                      12
================================================================================
[2026-06-29T15:59:29.897+0000] {manager.py:997} INFO - 
================================================================================
DAG File Processing Stats

File Path                                  PID    Runtime      # DAGs    # Errors  Last Runtime    Last Run               Last # of DB Queries
-----------------------------------------  -----  ---------  --------  ----------  --------------  -------------------  ----------------------
/opt/airflow/dags/driven_data_pipeline.py                           1           0  0.33s           2026-06-29T15:59:22                      12
================================================================================
[2026-06-29T16:00:00.222+0000] {manager.py:997} INFO - 
================================================================================
DAG File Processing Stats

File Path                                  PID    Runtime      # DAGs    # Errors  Last Runtime    Last Run               Last # of DB Queries
-----------------------------------------  -----  ---------  --------  ----------  --------------  -------------------  ----------------------
/opt/airflow/dags/driven_data_pipeline.py                           1           0  0.27s           2026-06-29T15:59:53                      12
================================================================================
[2026-06-29T16:00:13.312+0000] {manager.py:821} INFO - Searching for files in /opt/airflow/dags
[2026-06-29T16:00:13.337+0000] {manager.py:824} INFO - There are 1 files in /opt/airflow/dags
[2026-06-29T16:00:30.624+0000] {manager.py:997} INFO - 
================================================================================
DAG File Processing Stats

File Path                                  PID    Runtime      # DAGs    # Errors  Last Runtime    Last Run               Last # of DB Queries
-----------------------------------------  -----  ---------  --------  ----------  --------------  -------------------  ----------------------
/opt/airflow/dags/driven_data_pipeline.py                           1           0  0.26s           2026-06-29T16:00:23                      12
================================================================================
[2026-06-29T16:01:00.989+0000] {manager.py:997} INFO - 
================================================================================
DAG File Processing Stats

File Path                                  PID    Runtime      # DAGs    # Errors  Last Runtime    Last Run               Last # of DB Queries
-----------------------------------------  -----  ---------  --------  ----------  --------------  -------------------  ----------------------
/opt/airflow/dags/driven_data_pipeline.py                           1           0  0.42s           2026-06-29T16:00:54                      12
================================================================================
[2026-06-29T16:09:18.132+0000] {manager.py:821} INFO - Searching for files in /opt/airflow/dags
[2026-06-29T16:09:18.452+0000] {manager.py:824} INFO - There are 1 files in /opt/airflow/dags
[2026-06-29T16:09:20.691+0000] {manager.py:997} INFO - 
================================================================================
DAG File Processing Stats

File Path                                    PID  Runtime      # DAGs    # Errors  Last Runtime    Last Run               Last # of DB Queries
-----------------------------------------  -----  ---------  --------  ----------  --------------  -------------------  ----------------------
/opt/airflow/dags/driven_data_pipeline.py    509  2.09s             1           0  1.27s           2026-06-29T16:01:25                      12
================================================================================
[2026-06-29T16:09:51.023+0000] {manager.py:997} INFO - 
================================================================================
DAG File Processing Stats

File Path                                    PID  Runtime      # DAGs    # Errors  Last Runtime    Last Run               Last # of DB Queries
-----------------------------------------  -----  ---------  --------  ----------  --------------  -------------------  ----------------------
/opt/airflow/dags/driven_data_pipeline.py    528  0.00s             1           0  2.40s           2026-06-29T16:09:20                      12
================================================================================
[2026-06-29T16:10:21.676+0000] {manager.py:997} INFO - 
================================================================================
DAG File Processing Stats

File Path                                  PID    Runtime      # DAGs    # Errors  Last Runtime    Last Run               Last # of DB Queries
-----------------------------------------  -----  ---------  --------  ----------  --------------  -------------------  ----------------------
/opt/airflow/dags/driven_data_pipeline.py                           1           0  0.40s           2026-06-29T16:09:56                      12
================================================================================
[2026-06-29T16:10:52.243+0000] {manager.py:997} INFO - 
================================================================================
DAG File Processing Stats

File Path                                  PID    Runtime      # DAGs    # Errors  Last Runtime    Last Run               Last # of DB Queries
-----------------------------------------  -----  ---------  --------  ----------  --------------  -------------------  ----------------------
/opt/airflow/dags/driven_data_pipeline.py                           1           0  0.36s           2026-06-29T16:10:27                      12
================================================================================
[2026-06-29T16:11:22.319+0000] {manager.py:997} INFO - 
================================================================================
DAG File Processing Stats

File Path                                  PID    Runtime      # DAGs    # Errors  Last Runtime    Last Run               Last # of DB Queries
-----------------------------------------  -----  ---------  --------  ----------  --------------  -------------------  ----------------------
/opt/airflow/dags/driven_data_pipeline.py                           1           0  0.46s           2026-06-29T16:10:58                      12
================================================================================
[2026-06-29T16:11:52.591+0000] {manager.py:997} INFO - 
================================================================================
DAG File Processing Stats

File Path                                  PID    Runtime      # DAGs    # Errors  Last Runtime    Last Run               Last # of DB Queries
-----------------------------------------  -----  ---------  --------  ----------  --------------  -------------------  ----------------------
/opt/airflow/dags/driven_data_pipeline.py                           1           0  0.46s           2026-06-29T16:11:28                      12
================================================================================
[2026-06-29T16:12:22.858+0000] {manager.py:997} INFO - 
================================================================================
DAG File Processing Stats

File Path                                  PID    Runtime      # DAGs    # Errors  Last Runtime    Last Run               Last # of DB Queries
-----------------------------------------  -----  ---------  --------  ----------  --------------  -------------------  ----------------------
/opt/airflow/dags/driven_data_pipeline.py                           1           0  0.49s           2026-06-29T16:11:59                      12
================================================================================
[2026-06-29T16:12:53.120+0000] {manager.py:997} INFO - 
================================================================================
DAG File Processing Stats

File Path                                  PID    Runtime      # DAGs    # Errors  Last Runtime    Last Run               Last # of DB Queries
-----------------------------------------  -----  ---------  --------  ----------  --------------  -------------------  ----------------------
/opt/airflow/dags/driven_data_pipeline.py                           1           0  0.36s           2026-06-29T16:12:30                      12
================================================================================
[2026-06-29T16:13:23.280+0000] {manager.py:997} INFO - 
================================================================================
DAG File Processing Stats

File Path                                  PID    Runtime      # DAGs    # Errors  Last Runtime    Last Run               Last # of DB Queries
-----------------------------------------  -----  ---------  --------  ----------  --------------  -------------------  ----------------------
/opt/airflow/dags/driven_data_pipeline.py                           1           0  0.46s           2026-06-29T16:13:01                      12
================================================================================
[2026-06-29T16:13:37.105+0000] {manager.py:465} INFO - Exiting gracefully upon receiving signal 15
[2026-06-29T16:19:10.208+0000] {manager.py:483} INFO - Processing files using up to 2 processes at a time 
[2026-06-29T16:19:10.211+0000] {manager.py:484} INFO - Process each file at most once every 30 seconds
[2026-06-29T16:19:10.213+0000] {manager.py:485} INFO - Checking for new files in /opt/airflow/dags every 300 seconds
[2026-06-29T16:19:10.216+0000] {manager.py:821} INFO - Searching for files in /opt/airflow/dags
[2026-06-29T16:19:10.327+0000] {manager.py:824} INFO - There are 1 files in /opt/airflow/dags
[2026-06-29T16:19:11.240+0000] {manager.py:997} INFO - 
================================================================================
DAG File Processing Stats

File Path                                    PID  Runtime      # DAGs    # Errors  Last Runtime    Last Run      Last # of DB Queries
-----------------------------------------  -----  ---------  --------  ----------  --------------  ----------  ----------------------
/opt/airflow/dags/driven_data_pipeline.py     79  0.32s             0           0                                                   0
================================================================================
[2026-06-29T16:19:41.585+0000] {manager.py:997} INFO - 
================================================================================
DAG File Processing Stats

File Path                                  PID    Runtime      # DAGs    # Errors  Last Runtime    Last Run               Last # of DB Queries
-----------------------------------------  -----  ---------  --------  ----------  --------------  -------------------  ----------------------
/opt/airflow/dags/driven_data_pipeline.py                           1           0  2.81s           2026-06-29T16:19:13                      12
================================================================================
[2026-06-29T16:20:11.843+0000] {manager.py:997} INFO - 
================================================================================
DAG File Processing Stats

File Path                                  PID    Runtime      # DAGs    # Errors  Last Runtime    Last Run               Last # of DB Queries
-----------------------------------------  -----  ---------  --------  ----------  --------------  -------------------  ----------------------
/opt/airflow/dags/driven_data_pipeline.py                           1           0  0.55s           2026-06-29T16:19:44                      12
================================================================================
[2026-06-29T16:20:42.583+0000] {manager.py:997} INFO - 
================================================================================
DAG File Processing Stats

File Path                                  PID    Runtime      # DAGs    # Errors  Last Runtime    Last Run               Last # of DB Queries
-----------------------------------------  -----  ---------  --------  ----------  --------------  -------------------  ----------------------
/opt/airflow/dags/driven_data_pipeline.py                           1           0  0.69s           2026-06-29T16:20:15                      12
================================================================================
[2026-06-29T16:21:13.078+0000] {manager.py:997} INFO - 
================================================================================
DAG File Processing Stats

File Path                                  PID    Runtime      # DAGs    # Errors  Last Runtime    Last Run               Last # of DB Queries
-----------------------------------------  -----  ---------  --------  ----------  --------------  -------------------  ----------------------
/opt/airflow/dags/driven_data_pipeline.py                           1           0  0.59s           2026-06-29T16:20:46                      12
================================================================================
[2026-06-29T16:21:43.250+0000] {manager.py:997} INFO - 
================================================================================
DAG File Processing Stats

File Path                                  PID    Runtime      # DAGs    # Errors  Last Runtime    Last Run               Last # of DB Queries
-----------------------------------------  -----  ---------  --------  ----------  --------------  -------------------  ----------------------
/opt/airflow/dags/driven_data_pipeline.py                           1           0  0.51s           2026-06-29T16:21:17                      12
================================================================================
[2026-06-29T16:22:13.502+0000] {manager.py:997} INFO - 
================================================================================
DAG File Processing Stats

File Path                                  PID    Runtime      # DAGs    # Errors  Last Runtime    Last Run               Last # of DB Queries
-----------------------------------------  -----  ---------  --------  ----------  --------------  -------------------  ----------------------
/opt/airflow/dags/driven_data_pipeline.py                           1           0  0.51s           2026-06-29T16:21:47                      12
================================================================================
[2026-06-29T16:22:43.732+0000] {manager.py:997} INFO - 
================================================================================
DAG File Processing Stats

File Path                                  PID    Runtime      # DAGs    # Errors  Last Runtime    Last Run               Last # of DB Queries
-----------------------------------------  -----  ---------  --------  ----------  --------------  -------------------  ----------------------
/opt/airflow/dags/driven_data_pipeline.py                           1           0  0.44s           2026-06-29T16:22:18                      12
================================================================================
[2026-06-29T16:23:14.580+0000] {manager.py:997} INFO - 
================================================================================
DAG File Processing Stats

File Path                                  PID    Runtime      # DAGs    # Errors  Last Runtime    Last Run               Last # of DB Queries
-----------------------------------------  -----  ---------  --------  ----------  --------------  -------------------  ----------------------
/opt/airflow/dags/driven_data_pipeline.py                           1           0  0.57s           2026-06-29T16:22:49                      12
================================================================================
[2026-06-29T16:23:45.038+0000] {manager.py:997} INFO - 
================================================================================
DAG File Processing Stats

File Path                                  PID    Runtime      # DAGs    # Errors  Last Runtime    Last Run               Last # of DB Queries
-----------------------------------------  -----  ---------  --------  ----------  --------------  -------------------  ----------------------
/opt/airflow/dags/driven_data_pipeline.py                           1           0  0.37s           2026-06-29T16:23:19                      12
================================================================================
[2026-06-29T16:24:10.420+0000] {manager.py:821} INFO - Searching for files in /opt/airflow/dags
[2026-06-29T16:24:10.482+0000] {manager.py:824} INFO - There are 1 files in /opt/airflow/dags
[2026-06-29T16:24:15.566+0000] {manager.py:997} INFO - 
================================================================================
DAG File Processing Stats

File Path                                  PID    Runtime      # DAGs    # Errors  Last Runtime    Last Run               Last # of DB Queries
-----------------------------------------  -----  ---------  --------  ----------  --------------  -------------------  ----------------------
/opt/airflow/dags/driven_data_pipeline.py                           1           0  0.33s           2026-06-29T16:23:50                      12
================================================================================
[2026-06-29T16:24:45.933+0000] {manager.py:997} INFO - 
================================================================================
DAG File Processing Stats

File Path                                  PID    Runtime      # DAGs    # Errors  Last Runtime    Last Run               Last # of DB Queries
-----------------------------------------  -----  ---------  --------  ----------  --------------  -------------------  ----------------------
/opt/airflow/dags/driven_data_pipeline.py                           1           0  0.34s           2026-06-29T16:24:20                      12
================================================================================
[2026-06-29T16:25:16.533+0000] {manager.py:997} INFO - 
================================================================================
DAG File Processing Stats

File Path                                  PID    Runtime      # DAGs    # Errors  Last Runtime    Last Run               Last # of DB Queries
-----------------------------------------  -----  ---------  --------  ----------  --------------  -------------------  ----------------------
/opt/airflow/dags/driven_data_pipeline.py                           1           0  0.34s           2026-06-29T16:24:51                      12
================================================================================
[2026-06-29T16:25:47.132+0000] {manager.py:997} INFO - 
================================================================================
DAG File Processing Stats

File Path                                  PID    Runtime      # DAGs    # Errors  Last Runtime    Last Run               Last # of DB Queries
-----------------------------------------  -----  ---------  --------  ----------  --------------  -------------------  ----------------------
/opt/airflow/dags/driven_data_pipeline.py                           1           0  0.34s           2026-06-29T16:25:22                      12
================================================================================
[2026-06-29T16:26:17.776+0000] {manager.py:997} INFO - 
================================================================================
DAG File Processing Stats

File Path                                  PID    Runtime      # DAGs    # Errors  Last Runtime    Last Run               Last # of DB Queries
-----------------------------------------  -----  ---------  --------  ----------  --------------  -------------------  ----------------------
/opt/airflow/dags/driven_data_pipeline.py                           1           0  0.31s           2026-06-29T16:25:52                      12
================================================================================
[2026-06-29T16:26:48.385+0000] {manager.py:997} INFO - 
================================================================================
DAG File Processing Stats

File Path                                  PID    Runtime      # DAGs    # Errors  Last Runtime    Last Run               Last # of DB Queries
-----------------------------------------  -----  ---------  --------  ----------  --------------  -------------------  ----------------------
/opt/airflow/dags/driven_data_pipeline.py                           1           0  0.31s           2026-06-29T16:26:23                      12
================================================================================
[2026-06-29T16:27:18.963+0000] {manager.py:997} INFO - 
================================================================================
DAG File Processing Stats

File Path                                  PID    Runtime      # DAGs    # Errors  Last Runtime    Last Run               Last # of DB Queries
-----------------------------------------  -----  ---------  --------  ----------  --------------  -------------------  ----------------------
/opt/airflow/dags/driven_data_pipeline.py                           1           0  0.37s           2026-06-29T16:26:54                      12
================================================================================
[2026-06-29T16:27:48.991+0000] {manager.py:997} INFO - 
================================================================================
DAG File Processing Stats

File Path                                  PID    Runtime      # DAGs    # Errors  Last Runtime    Last Run               Last # of DB Queries
-----------------------------------------  -----  ---------  --------  ----------  --------------  -------------------  ----------------------
/opt/airflow/dags/driven_data_pipeline.py                           1           0  0.40s           2026-06-29T16:27:24                      12
================================================================================
[2026-06-29T16:28:19.279+0000] {manager.py:997} INFO - 
================================================================================
DAG File Processing Stats

File Path                                  PID    Runtime      # DAGs    # Errors  Last Runtime    Last Run               Last # of DB Queries
-----------------------------------------  -----  ---------  --------  ----------  --------------  -------------------  ----------------------
/opt/airflow/dags/driven_data_pipeline.py                           1           0  0.31s           2026-06-29T16:27:55                      12
================================================================================
[2026-06-29T16:28:49.482+0000] {manager.py:997} INFO - 
================================================================================
DAG File Processing Stats

File Path                                  PID    Runtime      # DAGs    # Errors  Last Runtime    Last Run               Last # of DB Queries
-----------------------------------------  -----  ---------  --------  ----------  --------------  -------------------  ----------------------
/opt/airflow/dags/driven_data_pipeline.py                           1           0  0.58s           2026-06-29T16:28:26                      12
================================================================================
[2026-06-29T16:29:10.688+0000] {manager.py:821} INFO - Searching for files in /opt/airflow/dags
[2026-06-29T16:29:10.720+0000] {manager.py:824} INFO - There are 1 files in /opt/airflow/dags
[2026-06-29T16:29:19.822+0000] {manager.py:997} INFO - 
================================================================================
DAG File Processing Stats

File Path                                  PID    Runtime      # DAGs    # Errors  Last Runtime    Last Run               Last # of DB Queries
-----------------------------------------  -----  ---------  --------  ----------  --------------  -------------------  ----------------------
/opt/airflow/dags/driven_data_pipeline.py                           1           0  0.33s           2026-06-29T16:28:56                      12
================================================================================
[2026-06-29T16:29:49.905+0000] {manager.py:997} INFO - 
================================================================================
DAG File Processing Stats

File Path                                  PID    Runtime      # DAGs    # Errors  Last Runtime    Last Run               Last # of DB Queries
-----------------------------------------  -----  ---------  --------  ----------  --------------  -------------------  ----------------------
/opt/airflow/dags/driven_data_pipeline.py                           1           0  0.52s           2026-06-29T16:29:27                      12
================================================================================
[2026-06-29T16:30:20.184+0000] {manager.py:997} INFO - 
================================================================================
DAG File Processing Stats

File Path                                  PID    Runtime      # DAGs    # Errors  Last Runtime    Last Run               Last # of DB Queries
-----------------------------------------  -----  ---------  --------  ----------  --------------  -------------------  ----------------------
/opt/airflow/dags/driven_data_pipeline.py                           1           0  0.32s           2026-06-29T16:29:58                      12
================================================================================
[2026-06-29T16:30:50.807+0000] {manager.py:997} INFO - 
================================================================================
DAG File Processing Stats

File Path                                  PID    Runtime      # DAGs    # Errors  Last Runtime    Last Run               Last # of DB Queries
-----------------------------------------  -----  ---------  --------  ----------  --------------  -------------------  ----------------------
/opt/airflow/dags/driven_data_pipeline.py                           1           0  0.34s           2026-06-29T16:30:28                      12
================================================================================
[2026-06-29T16:31:20.825+0000] {manager.py:997} INFO - 
================================================================================
DAG File Processing Stats

File Path                                  PID    Runtime      # DAGs    # Errors  Last Runtime    Last Run               Last # of DB Queries
-----------------------------------------  -----  ---------  --------  ----------  --------------  -------------------  ----------------------
/opt/airflow/dags/driven_data_pipeline.py                           1           0  0.41s           2026-06-29T16:30:59                      12
================================================================================
[2026-06-29T16:31:51.110+0000] {manager.py:997} INFO - 
================================================================================
DAG File Processing Stats

File Path                                  PID    Runtime      # DAGs    # Errors  Last Runtime    Last Run               Last # of DB Queries
-----------------------------------------  -----  ---------  --------  ----------  --------------  -------------------  ----------------------
/opt/airflow/dags/driven_data_pipeline.py                           1           0  0.36s           2026-06-29T16:31:30                      12
================================================================================
[2026-06-29T16:32:21.181+0000] {manager.py:997} INFO - 
================================================================================
DAG File Processing Stats

File Path                                  PID    Runtime      # DAGs    # Errors  Last Runtime    Last Run               Last # of DB Queries
-----------------------------------------  -----  ---------  --------  ----------  --------------  -------------------  ----------------------
/opt/airflow/dags/driven_data_pipeline.py                           1           0  0.43s           2026-06-29T16:32:01                      12
================================================================================
[2026-06-29T16:32:51.421+0000] {manager.py:997} INFO - 
================================================================================
DAG File Processing Stats

File Path                                  PID    Runtime      # DAGs    # Errors  Last Runtime    Last Run               Last # of DB Queries
-----------------------------------------  -----  ---------  --------  ----------  --------------  -------------------  ----------------------
/opt/airflow/dags/driven_data_pipeline.py                           1           0  0.27s           2026-06-29T16:32:31                      12
================================================================================
[2026-06-29T16:33:21.972+0000] {manager.py:997} INFO - 
================================================================================
DAG File Processing Stats

File Path                                  PID    Runtime      # DAGs    # Errors  Last Runtime    Last Run               Last # of DB Queries
-----------------------------------------  -----  ---------  --------  ----------  --------------  -------------------  ----------------------
/opt/airflow/dags/driven_data_pipeline.py                           1           0  0.39s           2026-06-29T16:33:02                      12
================================================================================
[2026-06-29T16:33:52.271+0000] {manager.py:997} INFO - 
================================================================================
DAG File Processing Stats

File Path                                  PID    Runtime      # DAGs    # Errors  Last Runtime    Last Run               Last # of DB Queries
-----------------------------------------  -----  ---------  --------  ----------  --------------  -------------------  ----------------------
/opt/airflow/dags/driven_data_pipeline.py                           1           0  0.86s           2026-06-29T16:33:33                      12
================================================================================
[2026-06-29T16:34:10.766+0000] {manager.py:821} INFO - Searching for files in /opt/airflow/dags
[2026-06-29T16:34:10.798+0000] {manager.py:824} INFO - There are 1 files in /opt/airflow/dags
[2026-06-29T16:34:22.764+0000] {manager.py:997} INFO - 
================================================================================
DAG File Processing Stats

File Path                                  PID    Runtime      # DAGs    # Errors  Last Runtime    Last Run               Last # of DB Queries
-----------------------------------------  -----  ---------  --------  ----------  --------------  -------------------  ----------------------
/opt/airflow/dags/driven_data_pipeline.py                           1           0  0.33s           2026-06-29T16:34:03                      12
================================================================================
[2026-06-29T16:34:53.201+0000] {manager.py:997} INFO - 
================================================================================
DAG File Processing Stats

File Path                                  PID    Runtime      # DAGs    # Errors  Last Runtime    Last Run               Last # of DB Queries
-----------------------------------------  -----  ---------  --------  ----------  --------------  -------------------  ----------------------
/opt/airflow/dags/driven_data_pipeline.py                           1           0  0.29s           2026-06-29T16:34:34                      12
================================================================================
[2026-06-29T16:35:23.647+0000] {manager.py:997} INFO - 
================================================================================
DAG File Processing Stats

File Path                                  PID    Runtime      # DAGs    # Errors  Last Runtime    Last Run               Last # of DB Queries
-----------------------------------------  -----  ---------  --------  ----------  --------------  -------------------  ----------------------
/opt/airflow/dags/driven_data_pipeline.py                           1           0  0.28s           2026-06-29T16:35:04                      12
================================================================================
[2026-06-29T16:35:54.053+0000] {manager.py:997} INFO - 
================================================================================
DAG File Processing Stats

File Path                                  PID    Runtime      # DAGs    # Errors  Last Runtime    Last Run               Last # of DB Queries
-----------------------------------------  -----  ---------  --------  ----------  --------------  -------------------  ----------------------
/opt/airflow/dags/driven_data_pipeline.py                           1           0  0.33s           2026-06-29T16:35:35                      12
================================================================================
[2026-06-29T16:36:24.517+0000] {manager.py:997} INFO - 
================================================================================
DAG File Processing Stats

File Path                                  PID    Runtime      # DAGs    # Errors  Last Runtime    Last Run               Last # of DB Queries
-----------------------------------------  -----  ---------  --------  ----------  --------------  -------------------  ----------------------
/opt/airflow/dags/driven_data_pipeline.py                           1           0  0.23s           2026-06-29T16:36:05                      12
================================================================================
[2026-06-29T16:36:54.904+0000] {manager.py:997} INFO - 
================================================================================
DAG File Processing Stats

File Path                                  PID    Runtime      # DAGs    # Errors  Last Runtime    Last Run               Last # of DB Queries
-----------------------------------------  -----  ---------  --------  ----------  --------------  -------------------  ----------------------
/opt/airflow/dags/driven_data_pipeline.py                           1           0  0.32s           2026-06-29T16:36:35                      12
================================================================================
[2026-06-29T16:37:25.373+0000] {manager.py:997} INFO - 
================================================================================
DAG File Processing Stats

File Path                                  PID    Runtime      # DAGs    # Errors  Last Runtime    Last Run               Last # of DB Queries
-----------------------------------------  -----  ---------  --------  ----------  --------------  -------------------  ----------------------
/opt/airflow/dags/driven_data_pipeline.py                           1           0  0.28s           2026-06-29T16:37:06                      12
================================================================================
[2026-06-29T16:37:55.713+0000] {manager.py:997} INFO - 
================================================================================
DAG File Processing Stats

File Path                                  PID    Runtime      # DAGs    # Errors  Last Runtime    Last Run               Last # of DB Queries
-----------------------------------------  -----  ---------  --------  ----------  --------------  -------------------  ----------------------
/opt/airflow/dags/driven_data_pipeline.py                           1           0  0.27s           2026-06-29T16:37:36                      12
================================================================================
[2026-06-29T16:38:26.193+0000] {manager.py:997} INFO - 
================================================================================
DAG File Processing Stats

File Path                                  PID    Runtime      # DAGs    # Errors  Last Runtime    Last Run               Last # of DB Queries
-----------------------------------------  -----  ---------  --------  ----------  --------------  -------------------  ----------------------
/opt/airflow/dags/driven_data_pipeline.py                           1           0  0.24s           2026-06-29T16:38:07                      12
================================================================================
[2026-06-29T16:38:56.505+0000] {manager.py:997} INFO - 
================================================================================
DAG File Processing Stats

File Path                                  PID    Runtime      # DAGs    # Errors  Last Runtime    Last Run               Last # of DB Queries
-----------------------------------------  -----  ---------  --------  ----------  --------------  -------------------  ----------------------
/opt/airflow/dags/driven_data_pipeline.py                           1           0  0.25s           2026-06-29T16:38:37                      12
================================================================================
[2026-06-29T16:39:10.826+0000] {manager.py:821} INFO - Searching for files in /opt/airflow/dags
[2026-06-29T16:39:10.865+0000] {manager.py:824} INFO - There are 1 files in /opt/airflow/dags
[2026-06-29T16:39:27.028+0000] {manager.py:997} INFO - 
================================================================================
DAG File Processing Stats

File Path                                  PID    Runtime      # DAGs    # Errors  Last Runtime    Last Run               Last # of DB Queries
-----------------------------------------  -----  ---------  --------  ----------  --------------  -------------------  ----------------------
/opt/airflow/dags/driven_data_pipeline.py                           1           0  0.28s           2026-06-29T16:39:07                      12
================================================================================
[2026-06-29T16:39:57.389+0000] {manager.py:997} INFO - 
================================================================================
DAG File Processing Stats

File Path                                  PID    Runtime      # DAGs    # Errors  Last Runtime    Last Run               Last # of DB Queries
-----------------------------------------  -----  ---------  --------  ----------  --------------  -------------------  ----------------------
/opt/airflow/dags/driven_data_pipeline.py                           1           0  0.91s           2026-06-29T16:39:39                      12
================================================================================
[2026-06-29T16:40:27.525+0000] {manager.py:997} INFO - 
================================================================================
DAG File Processing Stats

File Path                                  PID    Runtime      # DAGs    # Errors  Last Runtime    Last Run               Last # of DB Queries
-----------------------------------------  -----  ---------  --------  ----------  --------------  -------------------  ----------------------
/opt/airflow/dags/driven_data_pipeline.py                           1           0  1.63s           2026-06-29T16:40:11                      12
================================================================================
[2026-06-29T16:40:58.268+0000] {manager.py:997} INFO - 
================================================================================
DAG File Processing Stats

File Path                                  PID    Runtime      # DAGs    # Errors  Last Runtime    Last Run               Last # of DB Queries
-----------------------------------------  -----  ---------  --------  ----------  --------------  -------------------  ----------------------
/opt/airflow/dags/driven_data_pipeline.py                           1           0  1.21s           2026-06-29T16:40:43                      12
================================================================================
[2026-06-29T16:41:28.968+0000] {manager.py:997} INFO - 
================================================================================
DAG File Processing Stats

File Path                                  PID    Runtime      # DAGs    # Errors  Last Runtime    Last Run               Last # of DB Queries
-----------------------------------------  -----  ---------  --------  ----------  --------------  -------------------  ----------------------
/opt/airflow/dags/driven_data_pipeline.py                           1           0  1.06s           2026-06-29T16:41:14                      12
================================================================================
[2026-06-29T16:41:59.066+0000] {manager.py:997} INFO - 
================================================================================
DAG File Processing Stats

File Path                                  PID    Runtime      # DAGs    # Errors  Last Runtime    Last Run               Last # of DB Queries
-----------------------------------------  -----  ---------  --------  ----------  --------------  -------------------  ----------------------
/opt/airflow/dags/driven_data_pipeline.py                           1           0  2.54s           2026-06-29T16:41:48                      12
================================================================================
[2026-06-29T16:42:13.170+0000] {manager.py:1291} WARNING - Skipping processing of missing file: /opt/airflow/dags/driven_data_pipeline.py
[2026-06-29T16:44:10.983+0000] {manager.py:821} INFO - Searching for files in /opt/airflow/dags
[2026-06-29T16:44:11.089+0000] {manager.py:824} INFO - There are 1 files in /opt/airflow/dags
[2026-06-29T16:44:30.369+0000] {manager.py:997} INFO - 
================================================================================
DAG File Processing Stats

File Path                                  PID    Runtime      # DAGs    # Errors  Last Runtime    Last Run               Last # of DB Queries
-----------------------------------------  -----  ---------  --------  ----------  --------------  -------------------  ----------------------
/opt/airflow/dags/driven_data_pipeline.py                           1           0  0.50s           2026-06-29T16:44:11                      34
================================================================================
[2026-06-29T16:45:01.011+0000] {manager.py:997} INFO - 
================================================================================
DAG File Processing Stats

File Path                                  PID    Runtime      # DAGs    # Errors  Last Runtime    Last Run               Last # of DB Queries
-----------------------------------------  -----  ---------  --------  ----------  --------------  -------------------  ----------------------
/opt/airflow/dags/driven_data_pipeline.py                           1           0  0.29s           2026-06-29T16:44:42                      12
================================================================================
[2026-06-29T16:45:31.470+0000] {manager.py:997} INFO - 
================================================================================
DAG File Processing Stats

File Path                                  PID    Runtime      # DAGs    # Errors  Last Runtime    Last Run               Last # of DB Queries
-----------------------------------------  -----  ---------  --------  ----------  --------------  -------------------  ----------------------
/opt/airflow/dags/driven_data_pipeline.py                           1           0  2.25s           2026-06-29T16:45:14                      12
================================================================================
[2026-06-29T16:45:40.579+0000] {manager.py:465} INFO - Exiting gracefully upon receiving signal 15
[2026-06-29T16:47:11.454+0000] {manager.py:483} INFO - Processing files using up to 2 processes at a time 
[2026-06-29T16:47:11.456+0000] {manager.py:484} INFO - Process each file at most once every 30 seconds
[2026-06-29T16:47:11.458+0000] {manager.py:485} INFO - Checking for new files in /opt/airflow/dags every 300 seconds
[2026-06-29T16:47:11.460+0000] {manager.py:821} INFO - Searching for files in /opt/airflow/dags
[2026-06-29T16:47:11.553+0000] {manager.py:824} INFO - There are 1 files in /opt/airflow/dags
[2026-06-29T16:47:12.086+0000] {manager.py:997} INFO - 
================================================================================
DAG File Processing Stats

File Path                                    PID  Runtime      # DAGs    # Errors  Last Runtime    Last Run      Last # of DB Queries
-----------------------------------------  -----  ---------  --------  ----------  --------------  ----------  ----------------------
/opt/airflow/dags/driven_data_pipeline.py     70  0.07s             0           0                                                   0
================================================================================
[2026-06-29T16:47:22.647+0000] {manager.py:465} INFO - Exiting gracefully upon receiving signal 15
[2026-06-29T16:47:53.807+0000] {manager.py:483} INFO - Processing files using up to 2 processes at a time 
[2026-06-29T16:47:53.809+0000] {manager.py:484} INFO - Process each file at most once every 30 seconds
[2026-06-29T16:47:53.811+0000] {manager.py:485} INFO - Checking for new files in /opt/airflow/dags every 300 seconds
[2026-06-29T16:47:53.812+0000] {manager.py:821} INFO - Searching for files in /opt/airflow/dags
[2026-06-29T16:47:53.888+0000] {manager.py:824} INFO - There are 1 files in /opt/airflow/dags
[2026-06-29T16:47:54.067+0000] {manager.py:997} INFO - 
================================================================================
DAG File Processing Stats

File Path                                    PID  Runtime      # DAGs    # Errors  Last Runtime    Last Run      Last # of DB Queries
-----------------------------------------  -----  ---------  --------  ----------  --------------  ----------  ----------------------
/opt/airflow/dags/driven_data_pipeline.py     64  0.04s             0           0                                                   0
================================================================================
[2026-06-29T16:48:24.234+0000] {manager.py:997} INFO - 
================================================================================
DAG File Processing Stats

File Path                                  PID    Runtime      # DAGs    # Errors  Last Runtime    Last Run               Last # of DB Queries
-----------------------------------------  -----  ---------  --------  ----------  --------------  -------------------  ----------------------
/opt/airflow/dags/driven_data_pipeline.py                           1           0  0.88s           2026-06-29T16:47:54                      12
================================================================================
[2026-06-29T16:48:54.702+0000] {manager.py:997} INFO - 
================================================================================
DAG File Processing Stats

File Path                                  PID    Runtime      # DAGs    # Errors  Last Runtime    Last Run               Last # of DB Queries
-----------------------------------------  -----  ---------  --------  ----------  --------------  -------------------  ----------------------
/opt/airflow/dags/driven_data_pipeline.py                           1           0  0.38s           2026-06-29T16:48:25                      12
================================================================================
[2026-06-29T16:49:25.188+0000] {manager.py:997} INFO - 
================================================================================
DAG File Processing Stats

File Path                                  PID    Runtime      # DAGs    # Errors  Last Runtime    Last Run               Last # of DB Queries
-----------------------------------------  -----  ---------  --------  ----------  --------------  -------------------  ----------------------
/opt/airflow/dags/driven_data_pipeline.py                           1           0  0.38s           2026-06-29T16:48:56                      12
================================================================================
[2026-06-29T16:49:55.674+0000] {manager.py:997} INFO - 
================================================================================
DAG File Processing Stats

File Path                                  PID    Runtime      # DAGs    # Errors  Last Runtime    Last Run               Last # of DB Queries
-----------------------------------------  -----  ---------  --------  ----------  --------------  -------------------  ----------------------
/opt/airflow/dags/driven_data_pipeline.py                           1           0  0.55s           2026-06-29T16:49:26                      12
================================================================================
[2026-06-29T16:50:26.222+0000] {manager.py:997} INFO - 
================================================================================
DAG File Processing Stats

File Path                                  PID    Runtime      # DAGs    # Errors  Last Runtime    Last Run               Last # of DB Queries
-----------------------------------------  -----  ---------  --------  ----------  --------------  -------------------  ----------------------
/opt/airflow/dags/driven_data_pipeline.py                           1           0  0.68s           2026-06-29T16:49:57                      12
================================================================================
[2026-06-29T16:50:56.511+0000] {manager.py:997} INFO - 
================================================================================
DAG File Processing Stats

File Path                                  PID    Runtime      # DAGs    # Errors  Last Runtime    Last Run               Last # of DB Queries
-----------------------------------------  -----  ---------  --------  ----------  --------------  -------------------  ----------------------
/opt/airflow/dags/driven_data_pipeline.py                           1           0  0.42s           2026-06-29T16:50:28                      12
================================================================================
[2026-06-29T16:51:20.932+0000] {manager.py:465} INFO - Exiting gracefully upon receiving signal 15
