[2026-06-13T16:50:46.116+0000] {processor.py:186} INFO - Started process (PID=120) to work on /home/airflow/.local/lib/python3.12/site-packages/airflow/example_dags/example_inlet_event_extra.py
[2026-06-13T16:50:46.118+0000] {processor.py:914} INFO - Processing file /home/airflow/.local/lib/python3.12/site-packages/airflow/example_dags/example_inlet_event_extra.py for tasks to queue
[2026-06-13T16:50:46.122+0000] {logging_mixin.py:190} INFO - [2026-06-13T16:50:46.122+0000] {dagbag.py:588} INFO - Filling up the DagBag from /home/airflow/.local/lib/python3.12/site-packages/airflow/example_dags/example_inlet_event_extra.py
[2026-06-13T16:50:46.313+0000] {processor.py:925} INFO - DAG(s) 'read_dataset_event_from_classic', 'read_dataset_event' retrieved from /home/airflow/.local/lib/python3.12/site-packages/airflow/example_dags/example_inlet_event_extra.py
[2026-06-13T16:50:46.506+0000] {logging_mixin.py:190} INFO - [2026-06-13T16:50:46.505+0000] {override.py:1900} INFO - Created Permission View: can edit on DAG:read_dataset_event_from_classic
[2026-06-13T16:50:46.522+0000] {logging_mixin.py:190} INFO - [2026-06-13T16:50:46.521+0000] {override.py:1900} INFO - Created Permission View: can read on DAG:read_dataset_event_from_classic
[2026-06-13T16:50:46.545+0000] {logging_mixin.py:190} INFO - [2026-06-13T16:50:46.544+0000] {override.py:1900} INFO - Created Permission View: can delete on DAG:read_dataset_event_from_classic
[2026-06-13T16:50:46.589+0000] {logging_mixin.py:190} INFO - [2026-06-13T16:50:46.589+0000] {override.py:1900} INFO - Created Permission View: can read on DAG Run:read_dataset_event_from_classic
[2026-06-13T16:50:46.620+0000] {logging_mixin.py:190} INFO - [2026-06-13T16:50:46.619+0000] {override.py:1900} INFO - Created Permission View: can create on DAG Run:read_dataset_event_from_classic
[2026-06-13T16:50:46.641+0000] {logging_mixin.py:190} INFO - [2026-06-13T16:50:46.641+0000] {override.py:1900} INFO - Created Permission View: menu access on DAG Run:read_dataset_event_from_classic
[2026-06-13T16:50:46.663+0000] {logging_mixin.py:190} INFO - [2026-06-13T16:50:46.662+0000] {override.py:1900} INFO - Created Permission View: can delete on DAG Run:read_dataset_event_from_classic
[2026-06-13T16:50:46.698+0000] {logging_mixin.py:190} INFO - [2026-06-13T16:50:46.697+0000] {override.py:1900} INFO - Created Permission View: can edit on DAG:read_dataset_event
[2026-06-13T16:50:46.722+0000] {logging_mixin.py:190} INFO - [2026-06-13T16:50:46.721+0000] {override.py:1900} INFO - Created Permission View: can read on DAG:read_dataset_event
[2026-06-13T16:50:46.737+0000] {logging_mixin.py:190} INFO - [2026-06-13T16:50:46.736+0000] {override.py:1900} INFO - Created Permission View: can delete on DAG:read_dataset_event
[2026-06-13T16:50:46.760+0000] {logging_mixin.py:190} INFO - [2026-06-13T16:50:46.760+0000] {override.py:1900} INFO - Created Permission View: can read on DAG Run:read_dataset_event
[2026-06-13T16:50:46.780+0000] {logging_mixin.py:190} INFO - [2026-06-13T16:50:46.780+0000] {override.py:1900} INFO - Created Permission View: can create on DAG Run:read_dataset_event
[2026-06-13T16:50:46.796+0000] {logging_mixin.py:190} INFO - [2026-06-13T16:50:46.796+0000] {override.py:1900} INFO - Created Permission View: menu access on DAG Run:read_dataset_event
[2026-06-13T16:50:46.811+0000] {logging_mixin.py:190} INFO - [2026-06-13T16:50:46.811+0000] {override.py:1900} INFO - Created Permission View: can delete on DAG Run:read_dataset_event
[2026-06-13T16:50:46.813+0000] {logging_mixin.py:190} INFO - [2026-06-13T16:50:46.813+0000] {dag.py:3239} INFO - Sync 2 DAGs
[2026-06-13T16:50:46.836+0000] {logging_mixin.py:190} INFO - [2026-06-13T16:50:46.836+0000] {dag.py:3262} INFO - Creating ORM DAG for read_dataset_event_from_classic
[2026-06-13T16:50:46.839+0000] {logging_mixin.py:190} INFO - [2026-06-13T16:50:46.838+0000] {dag.py:3262} INFO - Creating ORM DAG for read_dataset_event
[2026-06-13T16:50:46.861+0000] {logging_mixin.py:190} INFO - [2026-06-13T16:50:46.860+0000] {dag.py:4180} INFO - Setting next_dagrun for read_dataset_event to 2026-06-12 00:00:00+00:00, run_after=2026-06-13 00:00:00+00:00
[2026-06-13T16:50:46.865+0000] {logging_mixin.py:190} INFO - [2026-06-13T16:50:46.864+0000] {dag.py:4180} INFO - Setting next_dagrun for read_dataset_event_from_classic to 2026-06-12 00:00:00+00:00, run_after=2026-06-13 00:00:00+00:00
[2026-06-13T16:50:46.894+0000] {processor.py:208} INFO - Processing /home/airflow/.local/lib/python3.12/site-packages/airflow/example_dags/example_inlet_event_extra.py took 0.787 seconds
[2026-06-13T16:51:17.462+0000] {processor.py:186} INFO - Started process (PID=182) to work on /home/airflow/.local/lib/python3.12/site-packages/airflow/example_dags/example_inlet_event_extra.py
[2026-06-13T16:51:17.463+0000] {processor.py:914} INFO - Processing file /home/airflow/.local/lib/python3.12/site-packages/airflow/example_dags/example_inlet_event_extra.py for tasks to queue
[2026-06-13T16:51:17.467+0000] {logging_mixin.py:190} INFO - [2026-06-13T16:51:17.466+0000] {dagbag.py:588} INFO - Filling up the DagBag from /home/airflow/.local/lib/python3.12/site-packages/airflow/example_dags/example_inlet_event_extra.py
[2026-06-13T16:51:17.640+0000] {processor.py:925} INFO - DAG(s) 'read_dataset_event_from_classic', 'read_dataset_event' retrieved from /home/airflow/.local/lib/python3.12/site-packages/airflow/example_dags/example_inlet_event_extra.py
[2026-06-13T16:51:17.671+0000] {logging_mixin.py:190} INFO - [2026-06-13T16:51:17.671+0000] {dag.py:3239} INFO - Sync 2 DAGs
[2026-06-13T16:51:17.701+0000] {logging_mixin.py:190} INFO - [2026-06-13T16:51:17.701+0000] {dag.py:4180} INFO - Setting next_dagrun for read_dataset_event to 2026-06-12 00:00:00+00:00, run_after=2026-06-13 00:00:00+00:00
[2026-06-13T16:51:17.709+0000] {logging_mixin.py:190} INFO - [2026-06-13T16:51:17.708+0000] {dag.py:4180} INFO - Setting next_dagrun for read_dataset_event_from_classic to 2026-06-12 00:00:00+00:00, run_after=2026-06-13 00:00:00+00:00
[2026-06-13T16:51:17.730+0000] {processor.py:208} INFO - Processing /home/airflow/.local/lib/python3.12/site-packages/airflow/example_dags/example_inlet_event_extra.py took 0.275 seconds
[2026-06-13T16:51:47.914+0000] {processor.py:186} INFO - Started process (PID=244) to work on /home/airflow/.local/lib/python3.12/site-packages/airflow/example_dags/example_inlet_event_extra.py
[2026-06-13T16:51:47.916+0000] {processor.py:914} INFO - Processing file /home/airflow/.local/lib/python3.12/site-packages/airflow/example_dags/example_inlet_event_extra.py for tasks to queue
[2026-06-13T16:51:47.920+0000] {logging_mixin.py:190} INFO - [2026-06-13T16:51:47.919+0000] {dagbag.py:588} INFO - Filling up the DagBag from /home/airflow/.local/lib/python3.12/site-packages/airflow/example_dags/example_inlet_event_extra.py
[2026-06-13T16:51:48.100+0000] {processor.py:925} INFO - DAG(s) 'read_dataset_event_from_classic', 'read_dataset_event' retrieved from /home/airflow/.local/lib/python3.12/site-packages/airflow/example_dags/example_inlet_event_extra.py
[2026-06-13T16:51:48.136+0000] {logging_mixin.py:190} INFO - [2026-06-13T16:51:48.136+0000] {dag.py:3239} INFO - Sync 2 DAGs
[2026-06-13T16:51:48.168+0000] {logging_mixin.py:190} INFO - [2026-06-13T16:51:48.168+0000] {dag.py:4180} INFO - Setting next_dagrun for read_dataset_event to 2026-06-12 00:00:00+00:00, run_after=2026-06-13 00:00:00+00:00
[2026-06-13T16:51:48.176+0000] {logging_mixin.py:190} INFO - [2026-06-13T16:51:48.176+0000] {dag.py:4180} INFO - Setting next_dagrun for read_dataset_event_from_classic to 2026-06-12 00:00:00+00:00, run_after=2026-06-13 00:00:00+00:00
[2026-06-13T16:51:48.200+0000] {processor.py:208} INFO - Processing /home/airflow/.local/lib/python3.12/site-packages/airflow/example_dags/example_inlet_event_extra.py took 0.295 seconds
[2026-06-13T16:52:18.323+0000] {processor.py:186} INFO - Started process (PID=306) to work on /home/airflow/.local/lib/python3.12/site-packages/airflow/example_dags/example_inlet_event_extra.py
[2026-06-13T16:52:18.325+0000] {processor.py:914} INFO - Processing file /home/airflow/.local/lib/python3.12/site-packages/airflow/example_dags/example_inlet_event_extra.py for tasks to queue
[2026-06-13T16:52:18.328+0000] {logging_mixin.py:190} INFO - [2026-06-13T16:52:18.327+0000] {dagbag.py:588} INFO - Filling up the DagBag from /home/airflow/.local/lib/python3.12/site-packages/airflow/example_dags/example_inlet_event_extra.py
[2026-06-13T16:52:18.509+0000] {processor.py:925} INFO - DAG(s) 'read_dataset_event', 'read_dataset_event_from_classic' retrieved from /home/airflow/.local/lib/python3.12/site-packages/airflow/example_dags/example_inlet_event_extra.py
[2026-06-13T16:52:18.540+0000] {logging_mixin.py:190} INFO - [2026-06-13T16:52:18.540+0000] {dag.py:3239} INFO - Sync 2 DAGs
[2026-06-13T16:52:18.581+0000] {logging_mixin.py:190} INFO - [2026-06-13T16:52:18.581+0000] {dag.py:4180} INFO - Setting next_dagrun for read_dataset_event to 2026-06-12 00:00:00+00:00, run_after=2026-06-13 00:00:00+00:00
[2026-06-13T16:52:18.589+0000] {logging_mixin.py:190} INFO - [2026-06-13T16:52:18.589+0000] {dag.py:4180} INFO - Setting next_dagrun for read_dataset_event_from_classic to 2026-06-12 00:00:00+00:00, run_after=2026-06-13 00:00:00+00:00
[2026-06-13T16:52:18.613+0000] {processor.py:208} INFO - Processing /home/airflow/.local/lib/python3.12/site-packages/airflow/example_dags/example_inlet_event_extra.py took 0.299 seconds
[2026-06-13T16:53:32.977+0000] {processor.py:186} INFO - Started process (PID=361) to work on /home/airflow/.local/lib/python3.12/site-packages/airflow/example_dags/example_inlet_event_extra.py
[2026-06-13T16:53:32.978+0000] {processor.py:914} INFO - Processing file /home/airflow/.local/lib/python3.12/site-packages/airflow/example_dags/example_inlet_event_extra.py for tasks to queue
[2026-06-13T16:53:32.981+0000] {logging_mixin.py:190} INFO - [2026-06-13T16:53:32.980+0000] {dagbag.py:588} INFO - Filling up the DagBag from /home/airflow/.local/lib/python3.12/site-packages/airflow/example_dags/example_inlet_event_extra.py
[2026-06-13T16:53:33.132+0000] {processor.py:925} INFO - DAG(s) 'read_dataset_event', 'read_dataset_event_from_classic' retrieved from /home/airflow/.local/lib/python3.12/site-packages/airflow/example_dags/example_inlet_event_extra.py
[2026-06-13T16:53:33.157+0000] {logging_mixin.py:190} INFO - [2026-06-13T16:53:33.157+0000] {dag.py:3239} INFO - Sync 2 DAGs
[2026-06-13T16:53:33.183+0000] {logging_mixin.py:190} INFO - [2026-06-13T16:53:33.183+0000] {dag.py:4180} INFO - Setting next_dagrun for read_dataset_event to 2026-06-12 00:00:00+00:00, run_after=2026-06-13 00:00:00+00:00
[2026-06-13T16:53:33.188+0000] {logging_mixin.py:190} INFO - [2026-06-13T16:53:33.187+0000] {dag.py:4180} INFO - Setting next_dagrun for read_dataset_event_from_classic to 2026-06-12 00:00:00+00:00, run_after=2026-06-13 00:00:00+00:00
[2026-06-13T16:53:33.207+0000] {processor.py:208} INFO - Processing /home/airflow/.local/lib/python3.12/site-packages/airflow/example_dags/example_inlet_event_extra.py took 0.235 seconds
[2026-06-13T16:54:05.139+0000] {processor.py:186} INFO - Started process (PID=423) to work on /home/airflow/.local/lib/python3.12/site-packages/airflow/example_dags/example_inlet_event_extra.py
[2026-06-13T16:54:05.141+0000] {processor.py:914} INFO - Processing file /home/airflow/.local/lib/python3.12/site-packages/airflow/example_dags/example_inlet_event_extra.py for tasks to queue
[2026-06-13T16:54:05.146+0000] {logging_mixin.py:190} INFO - [2026-06-13T16:54:05.145+0000] {dagbag.py:588} INFO - Filling up the DagBag from /home/airflow/.local/lib/python3.12/site-packages/airflow/example_dags/example_inlet_event_extra.py
[2026-06-13T16:54:05.350+0000] {processor.py:925} INFO - DAG(s) 'read_dataset_event_from_classic', 'read_dataset_event' retrieved from /home/airflow/.local/lib/python3.12/site-packages/airflow/example_dags/example_inlet_event_extra.py
[2026-06-13T16:54:05.376+0000] {logging_mixin.py:190} INFO - [2026-06-13T16:54:05.376+0000] {dag.py:3239} INFO - Sync 2 DAGs
[2026-06-13T16:54:05.408+0000] {logging_mixin.py:190} INFO - [2026-06-13T16:54:05.408+0000] {dag.py:4180} INFO - Setting next_dagrun for read_dataset_event to 2026-06-12 00:00:00+00:00, run_after=2026-06-13 00:00:00+00:00
[2026-06-13T16:54:05.413+0000] {logging_mixin.py:190} INFO - [2026-06-13T16:54:05.413+0000] {dag.py:4180} INFO - Setting next_dagrun for read_dataset_event_from_classic to 2026-06-12 00:00:00+00:00, run_after=2026-06-13 00:00:00+00:00
[2026-06-13T16:54:05.434+0000] {processor.py:208} INFO - Processing /home/airflow/.local/lib/python3.12/site-packages/airflow/example_dags/example_inlet_event_extra.py took 0.305 seconds
[2026-06-13T16:54:35.911+0000] {processor.py:186} INFO - Started process (PID=485) to work on /home/airflow/.local/lib/python3.12/site-packages/airflow/example_dags/example_inlet_event_extra.py
[2026-06-13T16:54:35.912+0000] {processor.py:914} INFO - Processing file /home/airflow/.local/lib/python3.12/site-packages/airflow/example_dags/example_inlet_event_extra.py for tasks to queue
[2026-06-13T16:54:35.915+0000] {logging_mixin.py:190} INFO - [2026-06-13T16:54:35.915+0000] {dagbag.py:588} INFO - Filling up the DagBag from /home/airflow/.local/lib/python3.12/site-packages/airflow/example_dags/example_inlet_event_extra.py
[2026-06-13T16:54:36.110+0000] {processor.py:925} INFO - DAG(s) 'read_dataset_event', 'read_dataset_event_from_classic' retrieved from /home/airflow/.local/lib/python3.12/site-packages/airflow/example_dags/example_inlet_event_extra.py
[2026-06-13T16:54:36.138+0000] {logging_mixin.py:190} INFO - [2026-06-13T16:54:36.138+0000] {dag.py:3239} INFO - Sync 2 DAGs
[2026-06-13T16:54:36.168+0000] {logging_mixin.py:190} INFO - [2026-06-13T16:54:36.168+0000] {dag.py:4180} INFO - Setting next_dagrun for read_dataset_event to 2026-06-12 00:00:00+00:00, run_after=2026-06-13 00:00:00+00:00
[2026-06-13T16:54:36.175+0000] {logging_mixin.py:190} INFO - [2026-06-13T16:54:36.175+0000] {dag.py:4180} INFO - Setting next_dagrun for read_dataset_event_from_classic to 2026-06-12 00:00:00+00:00, run_after=2026-06-13 00:00:00+00:00
[2026-06-13T16:54:36.194+0000] {processor.py:208} INFO - Processing /home/airflow/.local/lib/python3.12/site-packages/airflow/example_dags/example_inlet_event_extra.py took 0.290 seconds
[2026-06-13T16:55:06.256+0000] {processor.py:186} INFO - Started process (PID=547) to work on /home/airflow/.local/lib/python3.12/site-packages/airflow/example_dags/example_inlet_event_extra.py
[2026-06-13T16:55:06.258+0000] {processor.py:914} INFO - Processing file /home/airflow/.local/lib/python3.12/site-packages/airflow/example_dags/example_inlet_event_extra.py for tasks to queue
[2026-06-13T16:55:06.263+0000] {logging_mixin.py:190} INFO - [2026-06-13T16:55:06.262+0000] {dagbag.py:588} INFO - Filling up the DagBag from /home/airflow/.local/lib/python3.12/site-packages/airflow/example_dags/example_inlet_event_extra.py
[2026-06-13T16:55:06.463+0000] {processor.py:925} INFO - DAG(s) 'read_dataset_event_from_classic', 'read_dataset_event' retrieved from /home/airflow/.local/lib/python3.12/site-packages/airflow/example_dags/example_inlet_event_extra.py
[2026-06-13T16:55:06.497+0000] {logging_mixin.py:190} INFO - [2026-06-13T16:55:06.497+0000] {dag.py:3239} INFO - Sync 2 DAGs
[2026-06-13T16:55:06.531+0000] {logging_mixin.py:190} INFO - [2026-06-13T16:55:06.530+0000] {dag.py:4180} INFO - Setting next_dagrun for read_dataset_event to 2026-06-12 00:00:00+00:00, run_after=2026-06-13 00:00:00+00:00
[2026-06-13T16:55:06.542+0000] {logging_mixin.py:190} INFO - [2026-06-13T16:55:06.542+0000] {dag.py:4180} INFO - Setting next_dagrun for read_dataset_event_from_classic to 2026-06-12 00:00:00+00:00, run_after=2026-06-13 00:00:00+00:00
[2026-06-13T16:55:06.569+0000] {processor.py:208} INFO - Processing /home/airflow/.local/lib/python3.12/site-packages/airflow/example_dags/example_inlet_event_extra.py took 0.320 seconds
[2026-06-13T16:55:36.652+0000] {processor.py:186} INFO - Started process (PID=611) to work on /home/airflow/.local/lib/python3.12/site-packages/airflow/example_dags/example_inlet_event_extra.py
[2026-06-13T16:55:36.653+0000] {processor.py:914} INFO - Processing file /home/airflow/.local/lib/python3.12/site-packages/airflow/example_dags/example_inlet_event_extra.py for tasks to queue
[2026-06-13T16:55:36.656+0000] {logging_mixin.py:190} INFO - [2026-06-13T16:55:36.656+0000] {dagbag.py:588} INFO - Filling up the DagBag from /home/airflow/.local/lib/python3.12/site-packages/airflow/example_dags/example_inlet_event_extra.py
[2026-06-13T16:55:36.819+0000] {processor.py:925} INFO - DAG(s) 'read_dataset_event', 'read_dataset_event_from_classic' retrieved from /home/airflow/.local/lib/python3.12/site-packages/airflow/example_dags/example_inlet_event_extra.py
[2026-06-13T16:55:36.849+0000] {logging_mixin.py:190} INFO - [2026-06-13T16:55:36.849+0000] {dag.py:3239} INFO - Sync 2 DAGs
[2026-06-13T16:55:36.882+0000] {logging_mixin.py:190} INFO - [2026-06-13T16:55:36.881+0000] {dag.py:4180} INFO - Setting next_dagrun for read_dataset_event to 2026-06-12 00:00:00+00:00, run_after=2026-06-13 00:00:00+00:00
[2026-06-13T16:55:36.889+0000] {logging_mixin.py:190} INFO - [2026-06-13T16:55:36.889+0000] {dag.py:4180} INFO - Setting next_dagrun for read_dataset_event_from_classic to 2026-06-12 00:00:00+00:00, run_after=2026-06-13 00:00:00+00:00
[2026-06-13T16:55:36.917+0000] {processor.py:208} INFO - Processing /home/airflow/.local/lib/python3.12/site-packages/airflow/example_dags/example_inlet_event_extra.py took 0.272 seconds
[2026-06-13T16:56:07.055+0000] {processor.py:186} INFO - Started process (PID=674) to work on /home/airflow/.local/lib/python3.12/site-packages/airflow/example_dags/example_inlet_event_extra.py
[2026-06-13T16:56:07.056+0000] {processor.py:914} INFO - Processing file /home/airflow/.local/lib/python3.12/site-packages/airflow/example_dags/example_inlet_event_extra.py for tasks to queue
[2026-06-13T16:56:07.060+0000] {logging_mixin.py:190} INFO - [2026-06-13T16:56:07.059+0000] {dagbag.py:588} INFO - Filling up the DagBag from /home/airflow/.local/lib/python3.12/site-packages/airflow/example_dags/example_inlet_event_extra.py
[2026-06-13T16:56:07.223+0000] {processor.py:925} INFO - DAG(s) 'read_dataset_event_from_classic', 'read_dataset_event' retrieved from /home/airflow/.local/lib/python3.12/site-packages/airflow/example_dags/example_inlet_event_extra.py
[2026-06-13T16:56:07.244+0000] {logging_mixin.py:190} INFO - [2026-06-13T16:56:07.244+0000] {dag.py:3239} INFO - Sync 2 DAGs
[2026-06-13T16:56:07.276+0000] {logging_mixin.py:190} INFO - [2026-06-13T16:56:07.275+0000] {dag.py:4180} INFO - Setting next_dagrun for read_dataset_event to 2026-06-12 00:00:00+00:00, run_after=2026-06-13 00:00:00+00:00
[2026-06-13T16:56:07.283+0000] {logging_mixin.py:190} INFO - [2026-06-13T16:56:07.282+0000] {dag.py:4180} INFO - Setting next_dagrun for read_dataset_event_from_classic to 2026-06-12 00:00:00+00:00, run_after=2026-06-13 00:00:00+00:00
[2026-06-13T16:56:07.301+0000] {processor.py:208} INFO - Processing /home/airflow/.local/lib/python3.12/site-packages/airflow/example_dags/example_inlet_event_extra.py took 0.252 seconds
[2026-06-13T16:56:37.349+0000] {processor.py:186} INFO - Started process (PID=737) to work on /home/airflow/.local/lib/python3.12/site-packages/airflow/example_dags/example_inlet_event_extra.py
[2026-06-13T16:56:37.351+0000] {processor.py:914} INFO - Processing file /home/airflow/.local/lib/python3.12/site-packages/airflow/example_dags/example_inlet_event_extra.py for tasks to queue
[2026-06-13T16:56:37.354+0000] {logging_mixin.py:190} INFO - [2026-06-13T16:56:37.353+0000] {dagbag.py:588} INFO - Filling up the DagBag from /home/airflow/.local/lib/python3.12/site-packages/airflow/example_dags/example_inlet_event_extra.py
[2026-06-13T16:56:37.523+0000] {processor.py:925} INFO - DAG(s) 'read_dataset_event_from_classic', 'read_dataset_event' retrieved from /home/airflow/.local/lib/python3.12/site-packages/airflow/example_dags/example_inlet_event_extra.py
[2026-06-13T16:56:37.556+0000] {logging_mixin.py:190} INFO - [2026-06-13T16:56:37.555+0000] {dag.py:3239} INFO - Sync 2 DAGs
[2026-06-13T16:56:37.583+0000] {logging_mixin.py:190} INFO - [2026-06-13T16:56:37.582+0000] {dag.py:4180} INFO - Setting next_dagrun for read_dataset_event to 2026-06-12 00:00:00+00:00, run_after=2026-06-13 00:00:00+00:00
[2026-06-13T16:56:37.588+0000] {logging_mixin.py:190} INFO - [2026-06-13T16:56:37.587+0000] {dag.py:4180} INFO - Setting next_dagrun for read_dataset_event_from_classic to 2026-06-12 00:00:00+00:00, run_after=2026-06-13 00:00:00+00:00
[2026-06-13T16:56:37.604+0000] {processor.py:208} INFO - Processing /home/airflow/.local/lib/python3.12/site-packages/airflow/example_dags/example_inlet_event_extra.py took 0.263 seconds
[2026-06-13T16:57:07.680+0000] {processor.py:186} INFO - Started process (PID=799) to work on /home/airflow/.local/lib/python3.12/site-packages/airflow/example_dags/example_inlet_event_extra.py
[2026-06-13T16:57:07.682+0000] {processor.py:914} INFO - Processing file /home/airflow/.local/lib/python3.12/site-packages/airflow/example_dags/example_inlet_event_extra.py for tasks to queue
[2026-06-13T16:57:07.685+0000] {logging_mixin.py:190} INFO - [2026-06-13T16:57:07.685+0000] {dagbag.py:588} INFO - Filling up the DagBag from /home/airflow/.local/lib/python3.12/site-packages/airflow/example_dags/example_inlet_event_extra.py
[2026-06-13T16:57:07.846+0000] {processor.py:925} INFO - DAG(s) 'read_dataset_event_from_classic', 'read_dataset_event' retrieved from /home/airflow/.local/lib/python3.12/site-packages/airflow/example_dags/example_inlet_event_extra.py
[2026-06-13T16:57:07.876+0000] {logging_mixin.py:190} INFO - [2026-06-13T16:57:07.876+0000] {dag.py:3239} INFO - Sync 2 DAGs
[2026-06-13T16:57:07.905+0000] {logging_mixin.py:190} INFO - [2026-06-13T16:57:07.904+0000] {dag.py:4180} INFO - Setting next_dagrun for read_dataset_event to 2026-06-12 00:00:00+00:00, run_after=2026-06-13 00:00:00+00:00
[2026-06-13T16:57:07.912+0000] {logging_mixin.py:190} INFO - [2026-06-13T16:57:07.912+0000] {dag.py:4180} INFO - Setting next_dagrun for read_dataset_event_from_classic to 2026-06-12 00:00:00+00:00, run_after=2026-06-13 00:00:00+00:00
[2026-06-13T16:57:07.933+0000] {processor.py:208} INFO - Processing /home/airflow/.local/lib/python3.12/site-packages/airflow/example_dags/example_inlet_event_extra.py took 0.259 seconds
[2026-06-13T16:57:39.179+0000] {processor.py:186} INFO - Started process (PID=858) to work on /home/airflow/.local/lib/python3.12/site-packages/airflow/example_dags/example_inlet_event_extra.py
[2026-06-13T16:57:39.181+0000] {processor.py:914} INFO - Processing file /home/airflow/.local/lib/python3.12/site-packages/airflow/example_dags/example_inlet_event_extra.py for tasks to queue
[2026-06-13T16:57:39.185+0000] {logging_mixin.py:190} INFO - [2026-06-13T16:57:39.185+0000] {dagbag.py:588} INFO - Filling up the DagBag from /home/airflow/.local/lib/python3.12/site-packages/airflow/example_dags/example_inlet_event_extra.py
[2026-06-13T16:57:39.373+0000] {processor.py:925} INFO - DAG(s) 'read_dataset_event', 'read_dataset_event_from_classic' retrieved from /home/airflow/.local/lib/python3.12/site-packages/airflow/example_dags/example_inlet_event_extra.py
[2026-06-13T16:57:39.411+0000] {logging_mixin.py:190} INFO - [2026-06-13T16:57:39.411+0000] {dag.py:3239} INFO - Sync 2 DAGs
[2026-06-13T16:57:39.452+0000] {logging_mixin.py:190} INFO - [2026-06-13T16:57:39.451+0000] {dag.py:4180} INFO - Setting next_dagrun for read_dataset_event to 2026-06-12 00:00:00+00:00, run_after=2026-06-13 00:00:00+00:00
[2026-06-13T16:57:39.462+0000] {logging_mixin.py:190} INFO - [2026-06-13T16:57:39.461+0000] {dag.py:4180} INFO - Setting next_dagrun for read_dataset_event_from_classic to 2026-06-12 00:00:00+00:00, run_after=2026-06-13 00:00:00+00:00
[2026-06-13T16:57:39.494+0000] {processor.py:208} INFO - Processing /home/airflow/.local/lib/python3.12/site-packages/airflow/example_dags/example_inlet_event_extra.py took 0.322 seconds
[2026-06-13T16:58:10.178+0000] {processor.py:186} INFO - Started process (PID=920) to work on /home/airflow/.local/lib/python3.12/site-packages/airflow/example_dags/example_inlet_event_extra.py
[2026-06-13T16:58:10.181+0000] {processor.py:914} INFO - Processing file /home/airflow/.local/lib/python3.12/site-packages/airflow/example_dags/example_inlet_event_extra.py for tasks to queue
[2026-06-13T16:58:10.187+0000] {logging_mixin.py:190} INFO - [2026-06-13T16:58:10.186+0000] {dagbag.py:588} INFO - Filling up the DagBag from /home/airflow/.local/lib/python3.12/site-packages/airflow/example_dags/example_inlet_event_extra.py
[2026-06-13T16:58:10.399+0000] {processor.py:925} INFO - DAG(s) 'read_dataset_event_from_classic', 'read_dataset_event' retrieved from /home/airflow/.local/lib/python3.12/site-packages/airflow/example_dags/example_inlet_event_extra.py
[2026-06-13T16:58:10.430+0000] {logging_mixin.py:190} INFO - [2026-06-13T16:58:10.430+0000] {dag.py:3239} INFO - Sync 2 DAGs
[2026-06-13T16:58:10.469+0000] {logging_mixin.py:190} INFO - [2026-06-13T16:58:10.469+0000] {dag.py:4180} INFO - Setting next_dagrun for read_dataset_event to 2026-06-12 00:00:00+00:00, run_after=2026-06-13 00:00:00+00:00
[2026-06-13T16:58:10.480+0000] {logging_mixin.py:190} INFO - [2026-06-13T16:58:10.480+0000] {dag.py:4180} INFO - Setting next_dagrun for read_dataset_event_from_classic to 2026-06-12 00:00:00+00:00, run_after=2026-06-13 00:00:00+00:00
[2026-06-13T16:58:10.506+0000] {processor.py:208} INFO - Processing /home/airflow/.local/lib/python3.12/site-packages/airflow/example_dags/example_inlet_event_extra.py took 0.338 seconds
[2026-06-13T16:58:40.705+0000] {processor.py:186} INFO - Started process (PID=982) to work on /home/airflow/.local/lib/python3.12/site-packages/airflow/example_dags/example_inlet_event_extra.py
[2026-06-13T16:58:40.707+0000] {processor.py:914} INFO - Processing file /home/airflow/.local/lib/python3.12/site-packages/airflow/example_dags/example_inlet_event_extra.py for tasks to queue
[2026-06-13T16:58:40.710+0000] {logging_mixin.py:190} INFO - [2026-06-13T16:58:40.710+0000] {dagbag.py:588} INFO - Filling up the DagBag from /home/airflow/.local/lib/python3.12/site-packages/airflow/example_dags/example_inlet_event_extra.py
[2026-06-13T16:58:40.930+0000] {processor.py:925} INFO - DAG(s) 'read_dataset_event', 'read_dataset_event_from_classic' retrieved from /home/airflow/.local/lib/python3.12/site-packages/airflow/example_dags/example_inlet_event_extra.py
[2026-06-13T16:58:40.967+0000] {logging_mixin.py:190} INFO - [2026-06-13T16:58:40.967+0000] {dag.py:3239} INFO - Sync 2 DAGs
[2026-06-13T16:58:41.001+0000] {logging_mixin.py:190} INFO - [2026-06-13T16:58:41.001+0000] {dag.py:4180} INFO - Setting next_dagrun for read_dataset_event to 2026-06-12 00:00:00+00:00, run_after=2026-06-13 00:00:00+00:00
[2026-06-13T16:58:41.010+0000] {logging_mixin.py:190} INFO - [2026-06-13T16:58:41.009+0000] {dag.py:4180} INFO - Setting next_dagrun for read_dataset_event_from_classic to 2026-06-12 00:00:00+00:00, run_after=2026-06-13 00:00:00+00:00
[2026-06-13T16:58:41.037+0000] {processor.py:208} INFO - Processing /home/airflow/.local/lib/python3.12/site-packages/airflow/example_dags/example_inlet_event_extra.py took 0.340 seconds
[2026-06-13T16:59:12.079+0000] {processor.py:186} INFO - Started process (PID=1044) to work on /home/airflow/.local/lib/python3.12/site-packages/airflow/example_dags/example_inlet_event_extra.py
[2026-06-13T16:59:12.082+0000] {processor.py:914} INFO - Processing file /home/airflow/.local/lib/python3.12/site-packages/airflow/example_dags/example_inlet_event_extra.py for tasks to queue
[2026-06-13T16:59:12.086+0000] {logging_mixin.py:190} INFO - [2026-06-13T16:59:12.086+0000] {dagbag.py:588} INFO - Filling up the DagBag from /home/airflow/.local/lib/python3.12/site-packages/airflow/example_dags/example_inlet_event_extra.py
[2026-06-13T16:59:12.331+0000] {processor.py:925} INFO - DAG(s) 'read_dataset_event_from_classic', 'read_dataset_event' retrieved from /home/airflow/.local/lib/python3.12/site-packages/airflow/example_dags/example_inlet_event_extra.py
[2026-06-13T16:59:12.375+0000] {logging_mixin.py:190} INFO - [2026-06-13T16:59:12.374+0000] {dag.py:3239} INFO - Sync 2 DAGs
[2026-06-13T16:59:12.421+0000] {logging_mixin.py:190} INFO - [2026-06-13T16:59:12.421+0000] {dag.py:4180} INFO - Setting next_dagrun for read_dataset_event to 2026-06-12 00:00:00+00:00, run_after=2026-06-13 00:00:00+00:00
[2026-06-13T16:59:12.430+0000] {logging_mixin.py:190} INFO - [2026-06-13T16:59:12.430+0000] {dag.py:4180} INFO - Setting next_dagrun for read_dataset_event_from_classic to 2026-06-12 00:00:00+00:00, run_after=2026-06-13 00:00:00+00:00
[2026-06-13T16:59:12.464+0000] {processor.py:208} INFO - Processing /home/airflow/.local/lib/python3.12/site-packages/airflow/example_dags/example_inlet_event_extra.py took 0.394 seconds
[2026-06-13T16:59:42.900+0000] {processor.py:186} INFO - Started process (PID=1106) to work on /home/airflow/.local/lib/python3.12/site-packages/airflow/example_dags/example_inlet_event_extra.py
[2026-06-13T16:59:42.902+0000] {processor.py:914} INFO - Processing file /home/airflow/.local/lib/python3.12/site-packages/airflow/example_dags/example_inlet_event_extra.py for tasks to queue
[2026-06-13T16:59:42.906+0000] {logging_mixin.py:190} INFO - [2026-06-13T16:59:42.905+0000] {dagbag.py:588} INFO - Filling up the DagBag from /home/airflow/.local/lib/python3.12/site-packages/airflow/example_dags/example_inlet_event_extra.py
[2026-06-13T16:59:43.095+0000] {processor.py:925} INFO - DAG(s) 'read_dataset_event_from_classic', 'read_dataset_event' retrieved from /home/airflow/.local/lib/python3.12/site-packages/airflow/example_dags/example_inlet_event_extra.py
[2026-06-13T16:59:43.129+0000] {logging_mixin.py:190} INFO - [2026-06-13T16:59:43.129+0000] {dag.py:3239} INFO - Sync 2 DAGs
[2026-06-13T16:59:43.161+0000] {logging_mixin.py:190} INFO - [2026-06-13T16:59:43.161+0000] {dag.py:4180} INFO - Setting next_dagrun for read_dataset_event to 2026-06-12 00:00:00+00:00, run_after=2026-06-13 00:00:00+00:00
[2026-06-13T16:59:43.170+0000] {logging_mixin.py:190} INFO - [2026-06-13T16:59:43.169+0000] {dag.py:4180} INFO - Setting next_dagrun for read_dataset_event_from_classic to 2026-06-12 00:00:00+00:00, run_after=2026-06-13 00:00:00+00:00
[2026-06-13T16:59:43.197+0000] {processor.py:208} INFO - Processing /home/airflow/.local/lib/python3.12/site-packages/airflow/example_dags/example_inlet_event_extra.py took 0.307 seconds
[2026-06-13T17:00:14.349+0000] {processor.py:186} INFO - Started process (PID=1168) to work on /home/airflow/.local/lib/python3.12/site-packages/airflow/example_dags/example_inlet_event_extra.py
[2026-06-13T17:00:14.352+0000] {processor.py:914} INFO - Processing file /home/airflow/.local/lib/python3.12/site-packages/airflow/example_dags/example_inlet_event_extra.py for tasks to queue
[2026-06-13T17:00:14.356+0000] {logging_mixin.py:190} INFO - [2026-06-13T17:00:14.356+0000] {dagbag.py:588} INFO - Filling up the DagBag from /home/airflow/.local/lib/python3.12/site-packages/airflow/example_dags/example_inlet_event_extra.py
[2026-06-13T17:00:14.613+0000] {processor.py:925} INFO - DAG(s) 'read_dataset_event', 'read_dataset_event_from_classic' retrieved from /home/airflow/.local/lib/python3.12/site-packages/airflow/example_dags/example_inlet_event_extra.py
[2026-06-13T17:00:14.655+0000] {logging_mixin.py:190} INFO - [2026-06-13T17:00:14.655+0000] {dag.py:3239} INFO - Sync 2 DAGs
[2026-06-13T17:00:14.693+0000] {logging_mixin.py:190} INFO - [2026-06-13T17:00:14.693+0000] {dag.py:4180} INFO - Setting next_dagrun for read_dataset_event to 2026-06-12 00:00:00+00:00, run_after=2026-06-13 00:00:00+00:00
[2026-06-13T17:00:14.700+0000] {logging_mixin.py:190} INFO - [2026-06-13T17:00:14.700+0000] {dag.py:4180} INFO - Setting next_dagrun for read_dataset_event_from_classic to 2026-06-12 00:00:00+00:00, run_after=2026-06-13 00:00:00+00:00
[2026-06-13T17:00:14.742+0000] {processor.py:208} INFO - Processing /home/airflow/.local/lib/python3.12/site-packages/airflow/example_dags/example_inlet_event_extra.py took 0.403 seconds
[2026-06-13T17:00:44.858+0000] {processor.py:186} INFO - Started process (PID=1231) to work on /home/airflow/.local/lib/python3.12/site-packages/airflow/example_dags/example_inlet_event_extra.py
[2026-06-13T17:00:44.860+0000] {processor.py:914} INFO - Processing file /home/airflow/.local/lib/python3.12/site-packages/airflow/example_dags/example_inlet_event_extra.py for tasks to queue
[2026-06-13T17:00:44.865+0000] {logging_mixin.py:190} INFO - [2026-06-13T17:00:44.864+0000] {dagbag.py:588} INFO - Filling up the DagBag from /home/airflow/.local/lib/python3.12/site-packages/airflow/example_dags/example_inlet_event_extra.py
[2026-06-13T17:00:45.127+0000] {processor.py:925} INFO - DAG(s) 'read_dataset_event_from_classic', 'read_dataset_event' retrieved from /home/airflow/.local/lib/python3.12/site-packages/airflow/example_dags/example_inlet_event_extra.py
[2026-06-13T17:00:45.155+0000] {logging_mixin.py:190} INFO - [2026-06-13T17:00:45.154+0000] {dag.py:3239} INFO - Sync 2 DAGs
[2026-06-13T17:00:45.199+0000] {logging_mixin.py:190} INFO - [2026-06-13T17:00:45.199+0000] {dag.py:4180} INFO - Setting next_dagrun for read_dataset_event to 2026-06-12 00:00:00+00:00, run_after=2026-06-13 00:00:00+00:00
[2026-06-13T17:00:45.211+0000] {logging_mixin.py:190} INFO - [2026-06-13T17:00:45.211+0000] {dag.py:4180} INFO - Setting next_dagrun for read_dataset_event_from_classic to 2026-06-12 00:00:00+00:00, run_after=2026-06-13 00:00:00+00:00
[2026-06-13T17:00:45.240+0000] {processor.py:208} INFO - Processing /home/airflow/.local/lib/python3.12/site-packages/airflow/example_dags/example_inlet_event_extra.py took 0.396 seconds
[2026-06-13T17:01:15.339+0000] {processor.py:186} INFO - Started process (PID=1295) to work on /home/airflow/.local/lib/python3.12/site-packages/airflow/example_dags/example_inlet_event_extra.py
[2026-06-13T17:01:15.341+0000] {processor.py:914} INFO - Processing file /home/airflow/.local/lib/python3.12/site-packages/airflow/example_dags/example_inlet_event_extra.py for tasks to queue
[2026-06-13T17:01:15.345+0000] {logging_mixin.py:190} INFO - [2026-06-13T17:01:15.344+0000] {dagbag.py:588} INFO - Filling up the DagBag from /home/airflow/.local/lib/python3.12/site-packages/airflow/example_dags/example_inlet_event_extra.py
[2026-06-13T17:01:15.529+0000] {processor.py:925} INFO - DAG(s) 'read_dataset_event_from_classic', 'read_dataset_event' retrieved from /home/airflow/.local/lib/python3.12/site-packages/airflow/example_dags/example_inlet_event_extra.py
[2026-06-13T17:01:15.571+0000] {logging_mixin.py:190} INFO - [2026-06-13T17:01:15.570+0000] {dag.py:3239} INFO - Sync 2 DAGs
[2026-06-13T17:01:15.606+0000] {logging_mixin.py:190} INFO - [2026-06-13T17:01:15.605+0000] {dag.py:4180} INFO - Setting next_dagrun for read_dataset_event to 2026-06-12 00:00:00+00:00, run_after=2026-06-13 00:00:00+00:00
[2026-06-13T17:01:15.612+0000] {logging_mixin.py:190} INFO - [2026-06-13T17:01:15.612+0000] {dag.py:4180} INFO - Setting next_dagrun for read_dataset_event_from_classic to 2026-06-12 00:00:00+00:00, run_after=2026-06-13 00:00:00+00:00
[2026-06-13T17:01:15.636+0000] {processor.py:208} INFO - Processing /home/airflow/.local/lib/python3.12/site-packages/airflow/example_dags/example_inlet_event_extra.py took 0.304 seconds
[2026-06-13T17:01:45.839+0000] {processor.py:186} INFO - Started process (PID=1355) to work on /home/airflow/.local/lib/python3.12/site-packages/airflow/example_dags/example_inlet_event_extra.py
[2026-06-13T17:01:45.841+0000] {processor.py:914} INFO - Processing file /home/airflow/.local/lib/python3.12/site-packages/airflow/example_dags/example_inlet_event_extra.py for tasks to queue
[2026-06-13T17:01:45.845+0000] {logging_mixin.py:190} INFO - [2026-06-13T17:01:45.845+0000] {dagbag.py:588} INFO - Filling up the DagBag from /home/airflow/.local/lib/python3.12/site-packages/airflow/example_dags/example_inlet_event_extra.py
[2026-06-13T17:01:46.068+0000] {processor.py:925} INFO - DAG(s) 'read_dataset_event', 'read_dataset_event_from_classic' retrieved from /home/airflow/.local/lib/python3.12/site-packages/airflow/example_dags/example_inlet_event_extra.py
[2026-06-13T17:01:46.107+0000] {logging_mixin.py:190} INFO - [2026-06-13T17:01:46.106+0000] {dag.py:3239} INFO - Sync 2 DAGs
[2026-06-13T17:01:46.140+0000] {logging_mixin.py:190} INFO - [2026-06-13T17:01:46.140+0000] {dag.py:4180} INFO - Setting next_dagrun for read_dataset_event to 2026-06-12 00:00:00+00:00, run_after=2026-06-13 00:00:00+00:00
[2026-06-13T17:01:46.147+0000] {logging_mixin.py:190} INFO - [2026-06-13T17:01:46.147+0000] {dag.py:4180} INFO - Setting next_dagrun for read_dataset_event_from_classic to 2026-06-12 00:00:00+00:00, run_after=2026-06-13 00:00:00+00:00
[2026-06-13T17:01:46.178+0000] {processor.py:208} INFO - Processing /home/airflow/.local/lib/python3.12/site-packages/airflow/example_dags/example_inlet_event_extra.py took 0.347 seconds
[2026-06-13T17:02:16.441+0000] {processor.py:186} INFO - Started process (PID=1417) to work on /home/airflow/.local/lib/python3.12/site-packages/airflow/example_dags/example_inlet_event_extra.py
[2026-06-13T17:02:16.442+0000] {processor.py:914} INFO - Processing file /home/airflow/.local/lib/python3.12/site-packages/airflow/example_dags/example_inlet_event_extra.py for tasks to queue
[2026-06-13T17:02:16.446+0000] {logging_mixin.py:190} INFO - [2026-06-13T17:02:16.446+0000] {dagbag.py:588} INFO - Filling up the DagBag from /home/airflow/.local/lib/python3.12/site-packages/airflow/example_dags/example_inlet_event_extra.py
[2026-06-13T17:02:16.656+0000] {processor.py:925} INFO - DAG(s) 'read_dataset_event_from_classic', 'read_dataset_event' retrieved from /home/airflow/.local/lib/python3.12/site-packages/airflow/example_dags/example_inlet_event_extra.py
[2026-06-13T17:02:16.689+0000] {logging_mixin.py:190} INFO - [2026-06-13T17:02:16.689+0000] {dag.py:3239} INFO - Sync 2 DAGs
[2026-06-13T17:02:16.723+0000] {logging_mixin.py:190} INFO - [2026-06-13T17:02:16.723+0000] {dag.py:4180} INFO - Setting next_dagrun for read_dataset_event to 2026-06-12 00:00:00+00:00, run_after=2026-06-13 00:00:00+00:00
[2026-06-13T17:02:16.732+0000] {logging_mixin.py:190} INFO - [2026-06-13T17:02:16.732+0000] {dag.py:4180} INFO - Setting next_dagrun for read_dataset_event_from_classic to 2026-06-12 00:00:00+00:00, run_after=2026-06-13 00:00:00+00:00
[2026-06-13T17:02:16.763+0000] {processor.py:208} INFO - Processing /home/airflow/.local/lib/python3.12/site-packages/airflow/example_dags/example_inlet_event_extra.py took 0.330 seconds
[2026-06-13T17:02:46.864+0000] {processor.py:186} INFO - Started process (PID=1479) to work on /home/airflow/.local/lib/python3.12/site-packages/airflow/example_dags/example_inlet_event_extra.py
[2026-06-13T17:02:46.865+0000] {processor.py:914} INFO - Processing file /home/airflow/.local/lib/python3.12/site-packages/airflow/example_dags/example_inlet_event_extra.py for tasks to queue
[2026-06-13T17:02:46.867+0000] {logging_mixin.py:190} INFO - [2026-06-13T17:02:46.867+0000] {dagbag.py:588} INFO - Filling up the DagBag from /home/airflow/.local/lib/python3.12/site-packages/airflow/example_dags/example_inlet_event_extra.py
[2026-06-13T17:02:47.024+0000] {processor.py:925} INFO - DAG(s) 'read_dataset_event_from_classic', 'read_dataset_event' retrieved from /home/airflow/.local/lib/python3.12/site-packages/airflow/example_dags/example_inlet_event_extra.py
[2026-06-13T17:02:47.050+0000] {logging_mixin.py:190} INFO - [2026-06-13T17:02:47.050+0000] {dag.py:3239} INFO - Sync 2 DAGs
[2026-06-13T17:02:47.079+0000] {logging_mixin.py:190} INFO - [2026-06-13T17:02:47.079+0000] {dag.py:4180} INFO - Setting next_dagrun for read_dataset_event to 2026-06-12 00:00:00+00:00, run_after=2026-06-13 00:00:00+00:00
[2026-06-13T17:02:47.084+0000] {logging_mixin.py:190} INFO - [2026-06-13T17:02:47.084+0000] {dag.py:4180} INFO - Setting next_dagrun for read_dataset_event_from_classic to 2026-06-12 00:00:00+00:00, run_after=2026-06-13 00:00:00+00:00
[2026-06-13T17:02:47.109+0000] {processor.py:208} INFO - Processing /home/airflow/.local/lib/python3.12/site-packages/airflow/example_dags/example_inlet_event_extra.py took 0.252 seconds
[2026-06-13T17:03:17.860+0000] {processor.py:186} INFO - Started process (PID=1541) to work on /home/airflow/.local/lib/python3.12/site-packages/airflow/example_dags/example_inlet_event_extra.py
[2026-06-13T17:03:17.862+0000] {processor.py:914} INFO - Processing file /home/airflow/.local/lib/python3.12/site-packages/airflow/example_dags/example_inlet_event_extra.py for tasks to queue
[2026-06-13T17:03:17.866+0000] {logging_mixin.py:190} INFO - [2026-06-13T17:03:17.865+0000] {dagbag.py:588} INFO - Filling up the DagBag from /home/airflow/.local/lib/python3.12/site-packages/airflow/example_dags/example_inlet_event_extra.py
[2026-06-13T17:03:18.078+0000] {processor.py:925} INFO - DAG(s) 'read_dataset_event', 'read_dataset_event_from_classic' retrieved from /home/airflow/.local/lib/python3.12/site-packages/airflow/example_dags/example_inlet_event_extra.py
[2026-06-13T17:03:18.111+0000] {logging_mixin.py:190} INFO - [2026-06-13T17:03:18.111+0000] {dag.py:3239} INFO - Sync 2 DAGs
[2026-06-13T17:03:18.144+0000] {logging_mixin.py:190} INFO - [2026-06-13T17:03:18.144+0000] {dag.py:4180} INFO - Setting next_dagrun for read_dataset_event to 2026-06-12 00:00:00+00:00, run_after=2026-06-13 00:00:00+00:00
[2026-06-13T17:03:18.153+0000] {logging_mixin.py:190} INFO - [2026-06-13T17:03:18.153+0000] {dag.py:4180} INFO - Setting next_dagrun for read_dataset_event_from_classic to 2026-06-12 00:00:00+00:00, run_after=2026-06-13 00:00:00+00:00
[2026-06-13T17:03:18.180+0000] {processor.py:208} INFO - Processing /home/airflow/.local/lib/python3.12/site-packages/airflow/example_dags/example_inlet_event_extra.py took 0.331 seconds
[2026-06-13T17:03:49.084+0000] {processor.py:186} INFO - Started process (PID=1603) to work on /home/airflow/.local/lib/python3.12/site-packages/airflow/example_dags/example_inlet_event_extra.py
[2026-06-13T17:03:49.086+0000] {processor.py:914} INFO - Processing file /home/airflow/.local/lib/python3.12/site-packages/airflow/example_dags/example_inlet_event_extra.py for tasks to queue
[2026-06-13T17:03:49.090+0000] {logging_mixin.py:190} INFO - [2026-06-13T17:03:49.089+0000] {dagbag.py:588} INFO - Filling up the DagBag from /home/airflow/.local/lib/python3.12/site-packages/airflow/example_dags/example_inlet_event_extra.py
[2026-06-13T17:03:49.323+0000] {processor.py:925} INFO - DAG(s) 'read_dataset_event', 'read_dataset_event_from_classic' retrieved from /home/airflow/.local/lib/python3.12/site-packages/airflow/example_dags/example_inlet_event_extra.py
[2026-06-13T17:03:49.357+0000] {logging_mixin.py:190} INFO - [2026-06-13T17:03:49.356+0000] {dag.py:3239} INFO - Sync 2 DAGs
[2026-06-13T17:03:49.399+0000] {logging_mixin.py:190} INFO - [2026-06-13T17:03:49.398+0000] {dag.py:4180} INFO - Setting next_dagrun for read_dataset_event to 2026-06-12 00:00:00+00:00, run_after=2026-06-13 00:00:00+00:00
[2026-06-13T17:03:49.409+0000] {logging_mixin.py:190} INFO - [2026-06-13T17:03:49.408+0000] {dag.py:4180} INFO - Setting next_dagrun for read_dataset_event_from_classic to 2026-06-12 00:00:00+00:00, run_after=2026-06-13 00:00:00+00:00
[2026-06-13T17:03:49.443+0000] {processor.py:208} INFO - Processing /home/airflow/.local/lib/python3.12/site-packages/airflow/example_dags/example_inlet_event_extra.py took 0.369 seconds
[2026-06-13T17:04:20.043+0000] {processor.py:186} INFO - Started process (PID=1666) to work on /home/airflow/.local/lib/python3.12/site-packages/airflow/example_dags/example_inlet_event_extra.py
[2026-06-13T17:04:20.045+0000] {processor.py:914} INFO - Processing file /home/airflow/.local/lib/python3.12/site-packages/airflow/example_dags/example_inlet_event_extra.py for tasks to queue
[2026-06-13T17:04:20.049+0000] {logging_mixin.py:190} INFO - [2026-06-13T17:04:20.049+0000] {dagbag.py:588} INFO - Filling up the DagBag from /home/airflow/.local/lib/python3.12/site-packages/airflow/example_dags/example_inlet_event_extra.py
[2026-06-13T17:04:20.246+0000] {processor.py:925} INFO - DAG(s) 'read_dataset_event', 'read_dataset_event_from_classic' retrieved from /home/airflow/.local/lib/python3.12/site-packages/airflow/example_dags/example_inlet_event_extra.py
[2026-06-13T17:04:20.282+0000] {logging_mixin.py:190} INFO - [2026-06-13T17:04:20.282+0000] {dag.py:3239} INFO - Sync 2 DAGs
[2026-06-13T17:04:20.321+0000] {logging_mixin.py:190} INFO - [2026-06-13T17:04:20.320+0000] {dag.py:4180} INFO - Setting next_dagrun for read_dataset_event to 2026-06-12 00:00:00+00:00, run_after=2026-06-13 00:00:00+00:00
[2026-06-13T17:04:20.331+0000] {logging_mixin.py:190} INFO - [2026-06-13T17:04:20.330+0000] {dag.py:4180} INFO - Setting next_dagrun for read_dataset_event_from_classic to 2026-06-12 00:00:00+00:00, run_after=2026-06-13 00:00:00+00:00
[2026-06-13T17:04:20.357+0000] {processor.py:208} INFO - Processing /home/airflow/.local/lib/python3.12/site-packages/airflow/example_dags/example_inlet_event_extra.py took 0.323 seconds
[2026-06-13T17:04:50.534+0000] {processor.py:186} INFO - Started process (PID=1728) to work on /home/airflow/.local/lib/python3.12/site-packages/airflow/example_dags/example_inlet_event_extra.py
[2026-06-13T17:04:50.535+0000] {processor.py:914} INFO - Processing file /home/airflow/.local/lib/python3.12/site-packages/airflow/example_dags/example_inlet_event_extra.py for tasks to queue
[2026-06-13T17:04:50.540+0000] {logging_mixin.py:190} INFO - [2026-06-13T17:04:50.539+0000] {dagbag.py:588} INFO - Filling up the DagBag from /home/airflow/.local/lib/python3.12/site-packages/airflow/example_dags/example_inlet_event_extra.py
[2026-06-13T17:04:50.778+0000] {processor.py:925} INFO - DAG(s) 'read_dataset_event', 'read_dataset_event_from_classic' retrieved from /home/airflow/.local/lib/python3.12/site-packages/airflow/example_dags/example_inlet_event_extra.py
[2026-06-13T17:04:50.829+0000] {logging_mixin.py:190} INFO - [2026-06-13T17:04:50.829+0000] {dag.py:3239} INFO - Sync 2 DAGs
[2026-06-13T17:04:50.876+0000] {logging_mixin.py:190} INFO - [2026-06-13T17:04:50.875+0000] {dag.py:4180} INFO - Setting next_dagrun for read_dataset_event to 2026-06-12 00:00:00+00:00, run_after=2026-06-13 00:00:00+00:00
[2026-06-13T17:04:50.885+0000] {logging_mixin.py:190} INFO - [2026-06-13T17:04:50.885+0000] {dag.py:4180} INFO - Setting next_dagrun for read_dataset_event_from_classic to 2026-06-12 00:00:00+00:00, run_after=2026-06-13 00:00:00+00:00
[2026-06-13T17:04:50.918+0000] {processor.py:208} INFO - Processing /home/airflow/.local/lib/python3.12/site-packages/airflow/example_dags/example_inlet_event_extra.py took 0.395 seconds
[2026-06-13T17:05:21.533+0000] {processor.py:186} INFO - Started process (PID=1790) to work on /home/airflow/.local/lib/python3.12/site-packages/airflow/example_dags/example_inlet_event_extra.py
[2026-06-13T17:05:21.536+0000] {processor.py:914} INFO - Processing file /home/airflow/.local/lib/python3.12/site-packages/airflow/example_dags/example_inlet_event_extra.py for tasks to queue
[2026-06-13T17:05:21.541+0000] {logging_mixin.py:190} INFO - [2026-06-13T17:05:21.540+0000] {dagbag.py:588} INFO - Filling up the DagBag from /home/airflow/.local/lib/python3.12/site-packages/airflow/example_dags/example_inlet_event_extra.py
[2026-06-13T17:05:22.027+0000] {processor.py:925} INFO - DAG(s) 'read_dataset_event_from_classic', 'read_dataset_event' retrieved from /home/airflow/.local/lib/python3.12/site-packages/airflow/example_dags/example_inlet_event_extra.py
[2026-06-13T17:05:22.060+0000] {logging_mixin.py:190} INFO - [2026-06-13T17:05:22.060+0000] {dag.py:3239} INFO - Sync 2 DAGs
[2026-06-13T17:05:22.093+0000] {logging_mixin.py:190} INFO - [2026-06-13T17:05:22.092+0000] {dag.py:4180} INFO - Setting next_dagrun for read_dataset_event to 2026-06-12 00:00:00+00:00, run_after=2026-06-13 00:00:00+00:00
[2026-06-13T17:05:22.100+0000] {logging_mixin.py:190} INFO - [2026-06-13T17:05:22.100+0000] {dag.py:4180} INFO - Setting next_dagrun for read_dataset_event_from_classic to 2026-06-12 00:00:00+00:00, run_after=2026-06-13 00:00:00+00:00
[2026-06-13T17:05:22.123+0000] {processor.py:208} INFO - Processing /home/airflow/.local/lib/python3.12/site-packages/airflow/example_dags/example_inlet_event_extra.py took 0.602 seconds
[2026-06-13T17:05:52.193+0000] {processor.py:186} INFO - Started process (PID=1853) to work on /home/airflow/.local/lib/python3.12/site-packages/airflow/example_dags/example_inlet_event_extra.py
[2026-06-13T17:05:52.195+0000] {processor.py:914} INFO - Processing file /home/airflow/.local/lib/python3.12/site-packages/airflow/example_dags/example_inlet_event_extra.py for tasks to queue
[2026-06-13T17:05:52.198+0000] {logging_mixin.py:190} INFO - [2026-06-13T17:05:52.198+0000] {dagbag.py:588} INFO - Filling up the DagBag from /home/airflow/.local/lib/python3.12/site-packages/airflow/example_dags/example_inlet_event_extra.py
[2026-06-13T17:05:52.639+0000] {processor.py:925} INFO - DAG(s) 'read_dataset_event', 'read_dataset_event_from_classic' retrieved from /home/airflow/.local/lib/python3.12/site-packages/airflow/example_dags/example_inlet_event_extra.py
[2026-06-13T17:05:52.670+0000] {logging_mixin.py:190} INFO - [2026-06-13T17:05:52.670+0000] {dag.py:3239} INFO - Sync 2 DAGs
[2026-06-13T17:05:52.703+0000] {logging_mixin.py:190} INFO - [2026-06-13T17:05:52.703+0000] {dag.py:4180} INFO - Setting next_dagrun for read_dataset_event to 2026-06-12 00:00:00+00:00, run_after=2026-06-13 00:00:00+00:00
[2026-06-13T17:05:52.712+0000] {logging_mixin.py:190} INFO - [2026-06-13T17:05:52.712+0000] {dag.py:4180} INFO - Setting next_dagrun for read_dataset_event_from_classic to 2026-06-12 00:00:00+00:00, run_after=2026-06-13 00:00:00+00:00
[2026-06-13T17:05:52.736+0000] {processor.py:208} INFO - Processing /home/airflow/.local/lib/python3.12/site-packages/airflow/example_dags/example_inlet_event_extra.py took 0.551 seconds
[2026-06-13T17:06:23.299+0000] {processor.py:186} INFO - Started process (PID=1915) to work on /home/airflow/.local/lib/python3.12/site-packages/airflow/example_dags/example_inlet_event_extra.py
[2026-06-13T17:06:23.301+0000] {processor.py:914} INFO - Processing file /home/airflow/.local/lib/python3.12/site-packages/airflow/example_dags/example_inlet_event_extra.py for tasks to queue
[2026-06-13T17:06:23.305+0000] {logging_mixin.py:190} INFO - [2026-06-13T17:06:23.304+0000] {dagbag.py:588} INFO - Filling up the DagBag from /home/airflow/.local/lib/python3.12/site-packages/airflow/example_dags/example_inlet_event_extra.py
[2026-06-13T17:06:23.796+0000] {processor.py:925} INFO - DAG(s) 'read_dataset_event', 'read_dataset_event_from_classic' retrieved from /home/airflow/.local/lib/python3.12/site-packages/airflow/example_dags/example_inlet_event_extra.py
[2026-06-13T17:06:23.826+0000] {logging_mixin.py:190} INFO - [2026-06-13T17:06:23.825+0000] {dag.py:3239} INFO - Sync 2 DAGs
[2026-06-13T17:06:23.857+0000] {logging_mixin.py:190} INFO - [2026-06-13T17:06:23.857+0000] {dag.py:4180} INFO - Setting next_dagrun for read_dataset_event to 2026-06-12 00:00:00+00:00, run_after=2026-06-13 00:00:00+00:00
[2026-06-13T17:06:23.865+0000] {logging_mixin.py:190} INFO - [2026-06-13T17:06:23.864+0000] {dag.py:4180} INFO - Setting next_dagrun for read_dataset_event_from_classic to 2026-06-12 00:00:00+00:00, run_after=2026-06-13 00:00:00+00:00
[2026-06-13T17:06:23.903+0000] {processor.py:208} INFO - Processing /home/airflow/.local/lib/python3.12/site-packages/airflow/example_dags/example_inlet_event_extra.py took 0.614 seconds
[2026-06-13T17:06:54.278+0000] {processor.py:186} INFO - Started process (PID=1978) to work on /home/airflow/.local/lib/python3.12/site-packages/airflow/example_dags/example_inlet_event_extra.py
[2026-06-13T17:06:54.280+0000] {processor.py:914} INFO - Processing file /home/airflow/.local/lib/python3.12/site-packages/airflow/example_dags/example_inlet_event_extra.py for tasks to queue
[2026-06-13T17:06:54.283+0000] {logging_mixin.py:190} INFO - [2026-06-13T17:06:54.283+0000] {dagbag.py:588} INFO - Filling up the DagBag from /home/airflow/.local/lib/python3.12/site-packages/airflow/example_dags/example_inlet_event_extra.py
[2026-06-13T17:06:54.407+0000] {processor.py:925} INFO - DAG(s) 'read_dataset_event_from_classic', 'read_dataset_event' retrieved from /home/airflow/.local/lib/python3.12/site-packages/airflow/example_dags/example_inlet_event_extra.py
[2026-06-13T17:06:54.636+0000] {logging_mixin.py:190} INFO - [2026-06-13T17:06:54.636+0000] {dag.py:3239} INFO - Sync 2 DAGs
[2026-06-13T17:06:54.658+0000] {logging_mixin.py:190} INFO - [2026-06-13T17:06:54.657+0000] {dag.py:4180} INFO - Setting next_dagrun for read_dataset_event to 2026-06-12 00:00:00+00:00, run_after=2026-06-13 00:00:00+00:00
[2026-06-13T17:06:54.663+0000] {logging_mixin.py:190} INFO - [2026-06-13T17:06:54.663+0000] {dag.py:4180} INFO - Setting next_dagrun for read_dataset_event_from_classic to 2026-06-12 00:00:00+00:00, run_after=2026-06-13 00:00:00+00:00
[2026-06-13T17:06:54.687+0000] {processor.py:208} INFO - Processing /home/airflow/.local/lib/python3.12/site-packages/airflow/example_dags/example_inlet_event_extra.py took 0.413 seconds
[2026-06-13T17:07:24.967+0000] {processor.py:186} INFO - Started process (PID=2040) to work on /home/airflow/.local/lib/python3.12/site-packages/airflow/example_dags/example_inlet_event_extra.py
[2026-06-13T17:07:24.968+0000] {processor.py:914} INFO - Processing file /home/airflow/.local/lib/python3.12/site-packages/airflow/example_dags/example_inlet_event_extra.py for tasks to queue
[2026-06-13T17:07:24.971+0000] {logging_mixin.py:190} INFO - [2026-06-13T17:07:24.971+0000] {dagbag.py:588} INFO - Filling up the DagBag from /home/airflow/.local/lib/python3.12/site-packages/airflow/example_dags/example_inlet_event_extra.py
[2026-06-13T17:07:25.336+0000] {processor.py:925} INFO - DAG(s) 'read_dataset_event_from_classic', 'read_dataset_event' retrieved from /home/airflow/.local/lib/python3.12/site-packages/airflow/example_dags/example_inlet_event_extra.py
[2026-06-13T17:07:25.358+0000] {logging_mixin.py:190} INFO - [2026-06-13T17:07:25.358+0000] {dag.py:3239} INFO - Sync 2 DAGs
[2026-06-13T17:07:25.377+0000] {logging_mixin.py:190} INFO - [2026-06-13T17:07:25.376+0000] {dag.py:4180} INFO - Setting next_dagrun for read_dataset_event to 2026-06-12 00:00:00+00:00, run_after=2026-06-13 00:00:00+00:00
[2026-06-13T17:07:25.380+0000] {logging_mixin.py:190} INFO - [2026-06-13T17:07:25.380+0000] {dag.py:4180} INFO - Setting next_dagrun for read_dataset_event_from_classic to 2026-06-12 00:00:00+00:00, run_after=2026-06-13 00:00:00+00:00
[2026-06-13T17:07:25.399+0000] {processor.py:208} INFO - Processing /home/airflow/.local/lib/python3.12/site-packages/airflow/example_dags/example_inlet_event_extra.py took 0.437 seconds
[2026-06-13T17:07:55.580+0000] {processor.py:186} INFO - Started process (PID=2102) to work on /home/airflow/.local/lib/python3.12/site-packages/airflow/example_dags/example_inlet_event_extra.py
[2026-06-13T17:07:55.582+0000] {processor.py:914} INFO - Processing file /home/airflow/.local/lib/python3.12/site-packages/airflow/example_dags/example_inlet_event_extra.py for tasks to queue
[2026-06-13T17:07:55.585+0000] {logging_mixin.py:190} INFO - [2026-06-13T17:07:55.585+0000] {dagbag.py:588} INFO - Filling up the DagBag from /home/airflow/.local/lib/python3.12/site-packages/airflow/example_dags/example_inlet_event_extra.py
[2026-06-13T17:07:55.879+0000] {processor.py:925} INFO - DAG(s) 'read_dataset_event', 'read_dataset_event_from_classic' retrieved from /home/airflow/.local/lib/python3.12/site-packages/airflow/example_dags/example_inlet_event_extra.py
[2026-06-13T17:07:55.898+0000] {logging_mixin.py:190} INFO - [2026-06-13T17:07:55.898+0000] {dag.py:3239} INFO - Sync 2 DAGs
[2026-06-13T17:07:55.917+0000] {logging_mixin.py:190} INFO - [2026-06-13T17:07:55.916+0000] {dag.py:4180} INFO - Setting next_dagrun for read_dataset_event to 2026-06-12 00:00:00+00:00, run_after=2026-06-13 00:00:00+00:00
[2026-06-13T17:07:55.921+0000] {logging_mixin.py:190} INFO - [2026-06-13T17:07:55.921+0000] {dag.py:4180} INFO - Setting next_dagrun for read_dataset_event_from_classic to 2026-06-12 00:00:00+00:00, run_after=2026-06-13 00:00:00+00:00
[2026-06-13T17:07:55.937+0000] {processor.py:208} INFO - Processing /home/airflow/.local/lib/python3.12/site-packages/airflow/example_dags/example_inlet_event_extra.py took 0.362 seconds
[2026-06-13T17:08:26.065+0000] {processor.py:186} INFO - Started process (PID=2164) to work on /home/airflow/.local/lib/python3.12/site-packages/airflow/example_dags/example_inlet_event_extra.py
[2026-06-13T17:08:26.066+0000] {processor.py:914} INFO - Processing file /home/airflow/.local/lib/python3.12/site-packages/airflow/example_dags/example_inlet_event_extra.py for tasks to queue
[2026-06-13T17:08:26.068+0000] {logging_mixin.py:190} INFO - [2026-06-13T17:08:26.068+0000] {dagbag.py:588} INFO - Filling up the DagBag from /home/airflow/.local/lib/python3.12/site-packages/airflow/example_dags/example_inlet_event_extra.py
[2026-06-13T17:08:26.339+0000] {processor.py:925} INFO - DAG(s) 'read_dataset_event_from_classic', 'read_dataset_event' retrieved from /home/airflow/.local/lib/python3.12/site-packages/airflow/example_dags/example_inlet_event_extra.py
[2026-06-13T17:08:26.356+0000] {logging_mixin.py:190} INFO - [2026-06-13T17:08:26.356+0000] {dag.py:3239} INFO - Sync 2 DAGs
[2026-06-13T17:08:26.375+0000] {logging_mixin.py:190} INFO - [2026-06-13T17:08:26.375+0000] {dag.py:4180} INFO - Setting next_dagrun for read_dataset_event to 2026-06-12 00:00:00+00:00, run_after=2026-06-13 00:00:00+00:00
[2026-06-13T17:08:26.379+0000] {logging_mixin.py:190} INFO - [2026-06-13T17:08:26.379+0000] {dag.py:4180} INFO - Setting next_dagrun for read_dataset_event_from_classic to 2026-06-12 00:00:00+00:00, run_after=2026-06-13 00:00:00+00:00
[2026-06-13T17:08:26.395+0000] {processor.py:208} INFO - Processing /home/airflow/.local/lib/python3.12/site-packages/airflow/example_dags/example_inlet_event_extra.py took 0.334 seconds
[2026-06-13T17:08:56.631+0000] {processor.py:186} INFO - Started process (PID=2226) to work on /home/airflow/.local/lib/python3.12/site-packages/airflow/example_dags/example_inlet_event_extra.py
[2026-06-13T17:08:56.633+0000] {processor.py:914} INFO - Processing file /home/airflow/.local/lib/python3.12/site-packages/airflow/example_dags/example_inlet_event_extra.py for tasks to queue
[2026-06-13T17:08:56.635+0000] {logging_mixin.py:190} INFO - [2026-06-13T17:08:56.635+0000] {dagbag.py:588} INFO - Filling up the DagBag from /home/airflow/.local/lib/python3.12/site-packages/airflow/example_dags/example_inlet_event_extra.py
[2026-06-13T17:08:56.893+0000] {processor.py:925} INFO - DAG(s) 'read_dataset_event_from_classic', 'read_dataset_event' retrieved from /home/airflow/.local/lib/python3.12/site-packages/airflow/example_dags/example_inlet_event_extra.py
[2026-06-13T17:08:56.910+0000] {logging_mixin.py:190} INFO - [2026-06-13T17:08:56.910+0000] {dag.py:3239} INFO - Sync 2 DAGs
[2026-06-13T17:08:56.933+0000] {logging_mixin.py:190} INFO - [2026-06-13T17:08:56.932+0000] {dag.py:4180} INFO - Setting next_dagrun for read_dataset_event to 2026-06-12 00:00:00+00:00, run_after=2026-06-13 00:00:00+00:00
[2026-06-13T17:08:56.940+0000] {logging_mixin.py:190} INFO - [2026-06-13T17:08:56.939+0000] {dag.py:4180} INFO - Setting next_dagrun for read_dataset_event_from_classic to 2026-06-12 00:00:00+00:00, run_after=2026-06-13 00:00:00+00:00
[2026-06-13T17:08:56.953+0000] {processor.py:208} INFO - Processing /home/airflow/.local/lib/python3.12/site-packages/airflow/example_dags/example_inlet_event_extra.py took 0.327 seconds
[2026-06-13T17:09:27.265+0000] {processor.py:186} INFO - Started process (PID=2288) to work on /home/airflow/.local/lib/python3.12/site-packages/airflow/example_dags/example_inlet_event_extra.py
[2026-06-13T17:09:27.267+0000] {processor.py:914} INFO - Processing file /home/airflow/.local/lib/python3.12/site-packages/airflow/example_dags/example_inlet_event_extra.py for tasks to queue
[2026-06-13T17:09:27.269+0000] {logging_mixin.py:190} INFO - [2026-06-13T17:09:27.269+0000] {dagbag.py:588} INFO - Filling up the DagBag from /home/airflow/.local/lib/python3.12/site-packages/airflow/example_dags/example_inlet_event_extra.py
[2026-06-13T17:09:27.551+0000] {processor.py:925} INFO - DAG(s) 'read_dataset_event', 'read_dataset_event_from_classic' retrieved from /home/airflow/.local/lib/python3.12/site-packages/airflow/example_dags/example_inlet_event_extra.py
[2026-06-13T17:09:27.570+0000] {logging_mixin.py:190} INFO - [2026-06-13T17:09:27.570+0000] {dag.py:3239} INFO - Sync 2 DAGs
[2026-06-13T17:09:27.587+0000] {logging_mixin.py:190} INFO - [2026-06-13T17:09:27.587+0000] {dag.py:4180} INFO - Setting next_dagrun for read_dataset_event to 2026-06-12 00:00:00+00:00, run_after=2026-06-13 00:00:00+00:00
[2026-06-13T17:09:27.591+0000] {logging_mixin.py:190} INFO - [2026-06-13T17:09:27.591+0000] {dag.py:4180} INFO - Setting next_dagrun for read_dataset_event_from_classic to 2026-06-12 00:00:00+00:00, run_after=2026-06-13 00:00:00+00:00
[2026-06-13T17:09:27.610+0000] {processor.py:208} INFO - Processing /home/airflow/.local/lib/python3.12/site-packages/airflow/example_dags/example_inlet_event_extra.py took 0.349 seconds
[2026-06-13T17:09:57.677+0000] {processor.py:186} INFO - Started process (PID=2349) to work on /home/airflow/.local/lib/python3.12/site-packages/airflow/example_dags/example_inlet_event_extra.py
[2026-06-13T17:09:57.679+0000] {processor.py:914} INFO - Processing file /home/airflow/.local/lib/python3.12/site-packages/airflow/example_dags/example_inlet_event_extra.py for tasks to queue
[2026-06-13T17:09:57.683+0000] {logging_mixin.py:190} INFO - [2026-06-13T17:09:57.683+0000] {dagbag.py:588} INFO - Filling up the DagBag from /home/airflow/.local/lib/python3.12/site-packages/airflow/example_dags/example_inlet_event_extra.py
[2026-06-13T17:09:57.927+0000] {processor.py:925} INFO - DAG(s) 'read_dataset_event_from_classic', 'read_dataset_event' retrieved from /home/airflow/.local/lib/python3.12/site-packages/airflow/example_dags/example_inlet_event_extra.py
[2026-06-13T17:09:57.944+0000] {logging_mixin.py:190} INFO - [2026-06-13T17:09:57.944+0000] {dag.py:3239} INFO - Sync 2 DAGs
[2026-06-13T17:09:57.963+0000] {logging_mixin.py:190} INFO - [2026-06-13T17:09:57.963+0000] {dag.py:4180} INFO - Setting next_dagrun for read_dataset_event to 2026-06-12 00:00:00+00:00, run_after=2026-06-13 00:00:00+00:00
[2026-06-13T17:09:57.967+0000] {logging_mixin.py:190} INFO - [2026-06-13T17:09:57.967+0000] {dag.py:4180} INFO - Setting next_dagrun for read_dataset_event_from_classic to 2026-06-12 00:00:00+00:00, run_after=2026-06-13 00:00:00+00:00
[2026-06-13T17:09:57.982+0000] {processor.py:208} INFO - Processing /home/airflow/.local/lib/python3.12/site-packages/airflow/example_dags/example_inlet_event_extra.py took 0.312 seconds
[2026-06-13T17:10:28.817+0000] {processor.py:186} INFO - Started process (PID=2412) to work on /home/airflow/.local/lib/python3.12/site-packages/airflow/example_dags/example_inlet_event_extra.py
[2026-06-13T17:10:28.819+0000] {processor.py:914} INFO - Processing file /home/airflow/.local/lib/python3.12/site-packages/airflow/example_dags/example_inlet_event_extra.py for tasks to queue
[2026-06-13T17:10:28.822+0000] {logging_mixin.py:190} INFO - [2026-06-13T17:10:28.821+0000] {dagbag.py:588} INFO - Filling up the DagBag from /home/airflow/.local/lib/python3.12/site-packages/airflow/example_dags/example_inlet_event_extra.py
[2026-06-13T17:10:29.085+0000] {processor.py:925} INFO - DAG(s) 'read_dataset_event', 'read_dataset_event_from_classic' retrieved from /home/airflow/.local/lib/python3.12/site-packages/airflow/example_dags/example_inlet_event_extra.py
[2026-06-13T17:10:29.104+0000] {logging_mixin.py:190} INFO - [2026-06-13T17:10:29.104+0000] {dag.py:3239} INFO - Sync 2 DAGs
[2026-06-13T17:10:29.121+0000] {logging_mixin.py:190} INFO - [2026-06-13T17:10:29.121+0000] {dag.py:4180} INFO - Setting next_dagrun for read_dataset_event to 2026-06-12 00:00:00+00:00, run_after=2026-06-13 00:00:00+00:00
[2026-06-13T17:10:29.125+0000] {logging_mixin.py:190} INFO - [2026-06-13T17:10:29.125+0000] {dag.py:4180} INFO - Setting next_dagrun for read_dataset_event_from_classic to 2026-06-12 00:00:00+00:00, run_after=2026-06-13 00:00:00+00:00
[2026-06-13T17:10:29.144+0000] {processor.py:208} INFO - Processing /home/airflow/.local/lib/python3.12/site-packages/airflow/example_dags/example_inlet_event_extra.py took 0.332 seconds
[2026-06-13T17:11:00.018+0000] {processor.py:186} INFO - Started process (PID=2474) to work on /home/airflow/.local/lib/python3.12/site-packages/airflow/example_dags/example_inlet_event_extra.py
[2026-06-13T17:11:00.020+0000] {processor.py:914} INFO - Processing file /home/airflow/.local/lib/python3.12/site-packages/airflow/example_dags/example_inlet_event_extra.py for tasks to queue
[2026-06-13T17:11:00.023+0000] {logging_mixin.py:190} INFO - [2026-06-13T17:11:00.022+0000] {dagbag.py:588} INFO - Filling up the DagBag from /home/airflow/.local/lib/python3.12/site-packages/airflow/example_dags/example_inlet_event_extra.py
[2026-06-13T17:11:00.268+0000] {processor.py:925} INFO - DAG(s) 'read_dataset_event', 'read_dataset_event_from_classic' retrieved from /home/airflow/.local/lib/python3.12/site-packages/airflow/example_dags/example_inlet_event_extra.py
[2026-06-13T17:11:00.285+0000] {logging_mixin.py:190} INFO - [2026-06-13T17:11:00.285+0000] {dag.py:3239} INFO - Sync 2 DAGs
[2026-06-13T17:11:00.301+0000] {logging_mixin.py:190} INFO - [2026-06-13T17:11:00.301+0000] {dag.py:4180} INFO - Setting next_dagrun for read_dataset_event to 2026-06-12 00:00:00+00:00, run_after=2026-06-13 00:00:00+00:00
[2026-06-13T17:11:00.305+0000] {logging_mixin.py:190} INFO - [2026-06-13T17:11:00.305+0000] {dag.py:4180} INFO - Setting next_dagrun for read_dataset_event_from_classic to 2026-06-12 00:00:00+00:00, run_after=2026-06-13 00:00:00+00:00
[2026-06-13T17:11:00.319+0000] {processor.py:208} INFO - Processing /home/airflow/.local/lib/python3.12/site-packages/airflow/example_dags/example_inlet_event_extra.py took 0.306 seconds
[2026-06-13T17:11:30.630+0000] {processor.py:186} INFO - Started process (PID=2536) to work on /home/airflow/.local/lib/python3.12/site-packages/airflow/example_dags/example_inlet_event_extra.py
[2026-06-13T17:11:30.632+0000] {processor.py:914} INFO - Processing file /home/airflow/.local/lib/python3.12/site-packages/airflow/example_dags/example_inlet_event_extra.py for tasks to queue
[2026-06-13T17:11:30.634+0000] {logging_mixin.py:190} INFO - [2026-06-13T17:11:30.634+0000] {dagbag.py:588} INFO - Filling up the DagBag from /home/airflow/.local/lib/python3.12/site-packages/airflow/example_dags/example_inlet_event_extra.py
[2026-06-13T17:11:30.896+0000] {processor.py:925} INFO - DAG(s) 'read_dataset_event', 'read_dataset_event_from_classic' retrieved from /home/airflow/.local/lib/python3.12/site-packages/airflow/example_dags/example_inlet_event_extra.py
[2026-06-13T17:11:30.914+0000] {logging_mixin.py:190} INFO - [2026-06-13T17:11:30.913+0000] {dag.py:3239} INFO - Sync 2 DAGs
[2026-06-13T17:11:30.931+0000] {logging_mixin.py:190} INFO - [2026-06-13T17:11:30.931+0000] {dag.py:4180} INFO - Setting next_dagrun for read_dataset_event to 2026-06-12 00:00:00+00:00, run_after=2026-06-13 00:00:00+00:00
[2026-06-13T17:11:30.935+0000] {logging_mixin.py:190} INFO - [2026-06-13T17:11:30.935+0000] {dag.py:4180} INFO - Setting next_dagrun for read_dataset_event_from_classic to 2026-06-12 00:00:00+00:00, run_after=2026-06-13 00:00:00+00:00
[2026-06-13T17:11:30.952+0000] {processor.py:208} INFO - Processing /home/airflow/.local/lib/python3.12/site-packages/airflow/example_dags/example_inlet_event_extra.py took 0.328 seconds
[2026-06-13T17:12:01.817+0000] {processor.py:186} INFO - Started process (PID=2598) to work on /home/airflow/.local/lib/python3.12/site-packages/airflow/example_dags/example_inlet_event_extra.py
[2026-06-13T17:12:01.818+0000] {processor.py:914} INFO - Processing file /home/airflow/.local/lib/python3.12/site-packages/airflow/example_dags/example_inlet_event_extra.py for tasks to queue
[2026-06-13T17:12:01.821+0000] {logging_mixin.py:190} INFO - [2026-06-13T17:12:01.820+0000] {dagbag.py:588} INFO - Filling up the DagBag from /home/airflow/.local/lib/python3.12/site-packages/airflow/example_dags/example_inlet_event_extra.py
[2026-06-13T17:12:02.112+0000] {processor.py:925} INFO - DAG(s) 'read_dataset_event', 'read_dataset_event_from_classic' retrieved from /home/airflow/.local/lib/python3.12/site-packages/airflow/example_dags/example_inlet_event_extra.py
[2026-06-13T17:12:02.129+0000] {logging_mixin.py:190} INFO - [2026-06-13T17:12:02.129+0000] {dag.py:3239} INFO - Sync 2 DAGs
[2026-06-13T17:12:02.146+0000] {logging_mixin.py:190} INFO - [2026-06-13T17:12:02.146+0000] {dag.py:4180} INFO - Setting next_dagrun for read_dataset_event to 2026-06-12 00:00:00+00:00, run_after=2026-06-13 00:00:00+00:00
[2026-06-13T17:12:02.149+0000] {logging_mixin.py:190} INFO - [2026-06-13T17:12:02.149+0000] {dag.py:4180} INFO - Setting next_dagrun for read_dataset_event_from_classic to 2026-06-12 00:00:00+00:00, run_after=2026-06-13 00:00:00+00:00
[2026-06-13T17:12:02.163+0000] {processor.py:208} INFO - Processing /home/airflow/.local/lib/python3.12/site-packages/airflow/example_dags/example_inlet_event_extra.py took 0.350 seconds
[2026-06-13T17:12:32.534+0000] {processor.py:186} INFO - Started process (PID=2660) to work on /home/airflow/.local/lib/python3.12/site-packages/airflow/example_dags/example_inlet_event_extra.py
[2026-06-13T17:12:32.536+0000] {processor.py:914} INFO - Processing file /home/airflow/.local/lib/python3.12/site-packages/airflow/example_dags/example_inlet_event_extra.py for tasks to queue
[2026-06-13T17:12:32.538+0000] {logging_mixin.py:190} INFO - [2026-06-13T17:12:32.537+0000] {dagbag.py:588} INFO - Filling up the DagBag from /home/airflow/.local/lib/python3.12/site-packages/airflow/example_dags/example_inlet_event_extra.py
[2026-06-13T17:12:32.801+0000] {processor.py:925} INFO - DAG(s) 'read_dataset_event', 'read_dataset_event_from_classic' retrieved from /home/airflow/.local/lib/python3.12/site-packages/airflow/example_dags/example_inlet_event_extra.py
[2026-06-13T17:12:32.821+0000] {logging_mixin.py:190} INFO - [2026-06-13T17:12:32.821+0000] {dag.py:3239} INFO - Sync 2 DAGs
[2026-06-13T17:12:32.837+0000] {logging_mixin.py:190} INFO - [2026-06-13T17:12:32.837+0000] {dag.py:4180} INFO - Setting next_dagrun for read_dataset_event to 2026-06-12 00:00:00+00:00, run_after=2026-06-13 00:00:00+00:00
[2026-06-13T17:12:32.841+0000] {logging_mixin.py:190} INFO - [2026-06-13T17:12:32.841+0000] {dag.py:4180} INFO - Setting next_dagrun for read_dataset_event_from_classic to 2026-06-12 00:00:00+00:00, run_after=2026-06-13 00:00:00+00:00
[2026-06-13T17:12:32.856+0000] {processor.py:208} INFO - Processing /home/airflow/.local/lib/python3.12/site-packages/airflow/example_dags/example_inlet_event_extra.py took 0.326 seconds
[2026-06-13T17:13:03.075+0000] {processor.py:186} INFO - Started process (PID=2722) to work on /home/airflow/.local/lib/python3.12/site-packages/airflow/example_dags/example_inlet_event_extra.py
[2026-06-13T17:13:03.077+0000] {processor.py:914} INFO - Processing file /home/airflow/.local/lib/python3.12/site-packages/airflow/example_dags/example_inlet_event_extra.py for tasks to queue
[2026-06-13T17:13:03.079+0000] {logging_mixin.py:190} INFO - [2026-06-13T17:13:03.079+0000] {dagbag.py:588} INFO - Filling up the DagBag from /home/airflow/.local/lib/python3.12/site-packages/airflow/example_dags/example_inlet_event_extra.py
[2026-06-13T17:13:03.180+0000] {processor.py:925} INFO - DAG(s) 'read_dataset_event', 'read_dataset_event_from_classic' retrieved from /home/airflow/.local/lib/python3.12/site-packages/airflow/example_dags/example_inlet_event_extra.py
[2026-06-13T17:13:03.199+0000] {logging_mixin.py:190} INFO - [2026-06-13T17:13:03.199+0000] {dag.py:3239} INFO - Sync 2 DAGs
[2026-06-13T17:13:03.217+0000] {logging_mixin.py:190} INFO - [2026-06-13T17:13:03.217+0000] {dag.py:4180} INFO - Setting next_dagrun for read_dataset_event to 2026-06-12 00:00:00+00:00, run_after=2026-06-13 00:00:00+00:00
[2026-06-13T17:13:03.221+0000] {logging_mixin.py:190} INFO - [2026-06-13T17:13:03.220+0000] {dag.py:4180} INFO - Setting next_dagrun for read_dataset_event_from_classic to 2026-06-12 00:00:00+00:00, run_after=2026-06-13 00:00:00+00:00
[2026-06-13T17:13:03.237+0000] {processor.py:208} INFO - Processing /home/airflow/.local/lib/python3.12/site-packages/airflow/example_dags/example_inlet_event_extra.py took 0.166 seconds
[2026-06-13T17:13:33.617+0000] {processor.py:186} INFO - Started process (PID=2790) to work on /home/airflow/.local/lib/python3.12/site-packages/airflow/example_dags/example_inlet_event_extra.py
[2026-06-13T17:13:33.618+0000] {processor.py:914} INFO - Processing file /home/airflow/.local/lib/python3.12/site-packages/airflow/example_dags/example_inlet_event_extra.py for tasks to queue
[2026-06-13T17:13:33.620+0000] {logging_mixin.py:190} INFO - [2026-06-13T17:13:33.620+0000] {dagbag.py:588} INFO - Filling up the DagBag from /home/airflow/.local/lib/python3.12/site-packages/airflow/example_dags/example_inlet_event_extra.py
[2026-06-13T17:13:33.721+0000] {processor.py:925} INFO - DAG(s) 'read_dataset_event', 'read_dataset_event_from_classic' retrieved from /home/airflow/.local/lib/python3.12/site-packages/airflow/example_dags/example_inlet_event_extra.py
[2026-06-13T17:13:33.742+0000] {logging_mixin.py:190} INFO - [2026-06-13T17:13:33.742+0000] {dag.py:3239} INFO - Sync 2 DAGs
[2026-06-13T17:13:33.761+0000] {logging_mixin.py:190} INFO - [2026-06-13T17:13:33.760+0000] {dag.py:4180} INFO - Setting next_dagrun for read_dataset_event to 2026-06-12 00:00:00+00:00, run_after=2026-06-13 00:00:00+00:00
[2026-06-13T17:13:33.764+0000] {logging_mixin.py:190} INFO - [2026-06-13T17:13:33.764+0000] {dag.py:4180} INFO - Setting next_dagrun for read_dataset_event_from_classic to 2026-06-12 00:00:00+00:00, run_after=2026-06-13 00:00:00+00:00
[2026-06-13T17:13:33.783+0000] {processor.py:208} INFO - Processing /home/airflow/.local/lib/python3.12/site-packages/airflow/example_dags/example_inlet_event_extra.py took 0.170 seconds
[2026-06-13T17:14:04.038+0000] {processor.py:186} INFO - Started process (PID=2852) to work on /home/airflow/.local/lib/python3.12/site-packages/airflow/example_dags/example_inlet_event_extra.py
[2026-06-13T17:14:04.039+0000] {processor.py:914} INFO - Processing file /home/airflow/.local/lib/python3.12/site-packages/airflow/example_dags/example_inlet_event_extra.py for tasks to queue
[2026-06-13T17:14:04.042+0000] {logging_mixin.py:190} INFO - [2026-06-13T17:14:04.041+0000] {dagbag.py:588} INFO - Filling up the DagBag from /home/airflow/.local/lib/python3.12/site-packages/airflow/example_dags/example_inlet_event_extra.py
[2026-06-13T17:14:04.153+0000] {processor.py:925} INFO - DAG(s) 'read_dataset_event', 'read_dataset_event_from_classic' retrieved from /home/airflow/.local/lib/python3.12/site-packages/airflow/example_dags/example_inlet_event_extra.py
[2026-06-13T17:14:04.178+0000] {logging_mixin.py:190} INFO - [2026-06-13T17:14:04.178+0000] {dag.py:3239} INFO - Sync 2 DAGs
[2026-06-13T17:14:04.202+0000] {logging_mixin.py:190} INFO - [2026-06-13T17:14:04.201+0000] {dag.py:4180} INFO - Setting next_dagrun for read_dataset_event to 2026-06-12 00:00:00+00:00, run_after=2026-06-13 00:00:00+00:00
[2026-06-13T17:14:04.206+0000] {logging_mixin.py:190} INFO - [2026-06-13T17:14:04.206+0000] {dag.py:4180} INFO - Setting next_dagrun for read_dataset_event_from_classic to 2026-06-12 00:00:00+00:00, run_after=2026-06-13 00:00:00+00:00
[2026-06-13T17:14:04.226+0000] {processor.py:208} INFO - Processing /home/airflow/.local/lib/python3.12/site-packages/airflow/example_dags/example_inlet_event_extra.py took 0.195 seconds
[2026-06-13T17:14:34.627+0000] {processor.py:186} INFO - Started process (PID=2914) to work on /home/airflow/.local/lib/python3.12/site-packages/airflow/example_dags/example_inlet_event_extra.py
[2026-06-13T17:14:34.629+0000] {processor.py:914} INFO - Processing file /home/airflow/.local/lib/python3.12/site-packages/airflow/example_dags/example_inlet_event_extra.py for tasks to queue
[2026-06-13T17:14:34.632+0000] {logging_mixin.py:190} INFO - [2026-06-13T17:14:34.631+0000] {dagbag.py:588} INFO - Filling up the DagBag from /home/airflow/.local/lib/python3.12/site-packages/airflow/example_dags/example_inlet_event_extra.py
[2026-06-13T17:14:34.749+0000] {processor.py:925} INFO - DAG(s) 'read_dataset_event', 'read_dataset_event_from_classic' retrieved from /home/airflow/.local/lib/python3.12/site-packages/airflow/example_dags/example_inlet_event_extra.py
[2026-06-13T17:14:34.779+0000] {logging_mixin.py:190} INFO - [2026-06-13T17:14:34.779+0000] {dag.py:3239} INFO - Sync 2 DAGs
[2026-06-13T17:14:34.810+0000] {logging_mixin.py:190} INFO - [2026-06-13T17:14:34.810+0000] {dag.py:4180} INFO - Setting next_dagrun for read_dataset_event to 2026-06-12 00:00:00+00:00, run_after=2026-06-13 00:00:00+00:00
[2026-06-13T17:14:34.815+0000] {logging_mixin.py:190} INFO - [2026-06-13T17:14:34.815+0000] {dag.py:4180} INFO - Setting next_dagrun for read_dataset_event_from_classic to 2026-06-12 00:00:00+00:00, run_after=2026-06-13 00:00:00+00:00
[2026-06-13T17:14:34.842+0000] {processor.py:208} INFO - Processing /home/airflow/.local/lib/python3.12/site-packages/airflow/example_dags/example_inlet_event_extra.py took 0.222 seconds
[2026-06-13T17:15:05.044+0000] {processor.py:186} INFO - Started process (PID=2976) to work on /home/airflow/.local/lib/python3.12/site-packages/airflow/example_dags/example_inlet_event_extra.py
[2026-06-13T17:15:05.046+0000] {processor.py:914} INFO - Processing file /home/airflow/.local/lib/python3.12/site-packages/airflow/example_dags/example_inlet_event_extra.py for tasks to queue
[2026-06-13T17:15:05.048+0000] {logging_mixin.py:190} INFO - [2026-06-13T17:15:05.048+0000] {dagbag.py:588} INFO - Filling up the DagBag from /home/airflow/.local/lib/python3.12/site-packages/airflow/example_dags/example_inlet_event_extra.py
[2026-06-13T17:15:05.154+0000] {processor.py:925} INFO - DAG(s) 'read_dataset_event', 'read_dataset_event_from_classic' retrieved from /home/airflow/.local/lib/python3.12/site-packages/airflow/example_dags/example_inlet_event_extra.py
[2026-06-13T17:15:05.175+0000] {logging_mixin.py:190} INFO - [2026-06-13T17:15:05.174+0000] {dag.py:3239} INFO - Sync 2 DAGs
[2026-06-13T17:15:05.198+0000] {logging_mixin.py:190} INFO - [2026-06-13T17:15:05.197+0000] {dag.py:4180} INFO - Setting next_dagrun for read_dataset_event to 2026-06-12 00:00:00+00:00, run_after=2026-06-13 00:00:00+00:00
[2026-06-13T17:15:05.202+0000] {logging_mixin.py:190} INFO - [2026-06-13T17:15:05.202+0000] {dag.py:4180} INFO - Setting next_dagrun for read_dataset_event_from_classic to 2026-06-12 00:00:00+00:00, run_after=2026-06-13 00:00:00+00:00
[2026-06-13T17:15:05.218+0000] {processor.py:208} INFO - Processing /home/airflow/.local/lib/python3.12/site-packages/airflow/example_dags/example_inlet_event_extra.py took 0.178 seconds
[2026-06-13T17:15:35.477+0000] {processor.py:186} INFO - Started process (PID=3038) to work on /home/airflow/.local/lib/python3.12/site-packages/airflow/example_dags/example_inlet_event_extra.py
[2026-06-13T17:15:35.478+0000] {processor.py:914} INFO - Processing file /home/airflow/.local/lib/python3.12/site-packages/airflow/example_dags/example_inlet_event_extra.py for tasks to queue
[2026-06-13T17:15:35.482+0000] {logging_mixin.py:190} INFO - [2026-06-13T17:15:35.481+0000] {dagbag.py:588} INFO - Filling up the DagBag from /home/airflow/.local/lib/python3.12/site-packages/airflow/example_dags/example_inlet_event_extra.py
[2026-06-13T17:15:35.647+0000] {processor.py:925} INFO - DAG(s) 'read_dataset_event_from_classic', 'read_dataset_event' retrieved from /home/airflow/.local/lib/python3.12/site-packages/airflow/example_dags/example_inlet_event_extra.py
[2026-06-13T17:15:35.673+0000] {logging_mixin.py:190} INFO - [2026-06-13T17:15:35.673+0000] {dag.py:3239} INFO - Sync 2 DAGs
[2026-06-13T17:15:35.695+0000] {logging_mixin.py:190} INFO - [2026-06-13T17:15:35.695+0000] {dag.py:4180} INFO - Setting next_dagrun for read_dataset_event to 2026-06-12 00:00:00+00:00, run_after=2026-06-13 00:00:00+00:00
[2026-06-13T17:15:35.699+0000] {logging_mixin.py:190} INFO - [2026-06-13T17:15:35.699+0000] {dag.py:4180} INFO - Setting next_dagrun for read_dataset_event_from_classic to 2026-06-12 00:00:00+00:00, run_after=2026-06-13 00:00:00+00:00
[2026-06-13T17:15:35.717+0000] {processor.py:208} INFO - Processing /home/airflow/.local/lib/python3.12/site-packages/airflow/example_dags/example_inlet_event_extra.py took 0.249 seconds
[2026-06-13T17:16:06.062+0000] {processor.py:186} INFO - Started process (PID=3100) to work on /home/airflow/.local/lib/python3.12/site-packages/airflow/example_dags/example_inlet_event_extra.py
[2026-06-13T17:16:06.063+0000] {processor.py:914} INFO - Processing file /home/airflow/.local/lib/python3.12/site-packages/airflow/example_dags/example_inlet_event_extra.py for tasks to queue
[2026-06-13T17:16:06.065+0000] {logging_mixin.py:190} INFO - [2026-06-13T17:16:06.065+0000] {dagbag.py:588} INFO - Filling up the DagBag from /home/airflow/.local/lib/python3.12/site-packages/airflow/example_dags/example_inlet_event_extra.py
[2026-06-13T17:16:06.168+0000] {processor.py:925} INFO - DAG(s) 'read_dataset_event_from_classic', 'read_dataset_event' retrieved from /home/airflow/.local/lib/python3.12/site-packages/airflow/example_dags/example_inlet_event_extra.py
[2026-06-13T17:16:06.187+0000] {logging_mixin.py:190} INFO - [2026-06-13T17:16:06.187+0000] {dag.py:3239} INFO - Sync 2 DAGs
[2026-06-13T17:16:06.206+0000] {logging_mixin.py:190} INFO - [2026-06-13T17:16:06.206+0000] {dag.py:4180} INFO - Setting next_dagrun for read_dataset_event to 2026-06-12 00:00:00+00:00, run_after=2026-06-13 00:00:00+00:00
[2026-06-13T17:16:06.210+0000] {logging_mixin.py:190} INFO - [2026-06-13T17:16:06.210+0000] {dag.py:4180} INFO - Setting next_dagrun for read_dataset_event_from_classic to 2026-06-12 00:00:00+00:00, run_after=2026-06-13 00:00:00+00:00
[2026-06-13T17:16:06.227+0000] {processor.py:208} INFO - Processing /home/airflow/.local/lib/python3.12/site-packages/airflow/example_dags/example_inlet_event_extra.py took 0.170 seconds
[2026-06-13T17:16:36.454+0000] {processor.py:186} INFO - Started process (PID=3162) to work on /home/airflow/.local/lib/python3.12/site-packages/airflow/example_dags/example_inlet_event_extra.py
[2026-06-13T17:16:36.456+0000] {processor.py:914} INFO - Processing file /home/airflow/.local/lib/python3.12/site-packages/airflow/example_dags/example_inlet_event_extra.py for tasks to queue
[2026-06-13T17:16:36.458+0000] {logging_mixin.py:190} INFO - [2026-06-13T17:16:36.458+0000] {dagbag.py:588} INFO - Filling up the DagBag from /home/airflow/.local/lib/python3.12/site-packages/airflow/example_dags/example_inlet_event_extra.py
[2026-06-13T17:16:36.561+0000] {processor.py:925} INFO - DAG(s) 'read_dataset_event', 'read_dataset_event_from_classic' retrieved from /home/airflow/.local/lib/python3.12/site-packages/airflow/example_dags/example_inlet_event_extra.py
[2026-06-13T17:16:36.587+0000] {logging_mixin.py:190} INFO - [2026-06-13T17:16:36.587+0000] {dag.py:3239} INFO - Sync 2 DAGs
[2026-06-13T17:16:36.608+0000] {logging_mixin.py:190} INFO - [2026-06-13T17:16:36.607+0000] {dag.py:4180} INFO - Setting next_dagrun for read_dataset_event to 2026-06-12 00:00:00+00:00, run_after=2026-06-13 00:00:00+00:00
[2026-06-13T17:16:36.612+0000] {logging_mixin.py:190} INFO - [2026-06-13T17:16:36.611+0000] {dag.py:4180} INFO - Setting next_dagrun for read_dataset_event_from_classic to 2026-06-12 00:00:00+00:00, run_after=2026-06-13 00:00:00+00:00
[2026-06-13T17:16:36.628+0000] {processor.py:208} INFO - Processing /home/airflow/.local/lib/python3.12/site-packages/airflow/example_dags/example_inlet_event_extra.py took 0.178 seconds
[2026-06-13T17:17:06.911+0000] {processor.py:186} INFO - Started process (PID=3224) to work on /home/airflow/.local/lib/python3.12/site-packages/airflow/example_dags/example_inlet_event_extra.py
[2026-06-13T17:17:06.913+0000] {processor.py:914} INFO - Processing file /home/airflow/.local/lib/python3.12/site-packages/airflow/example_dags/example_inlet_event_extra.py for tasks to queue
[2026-06-13T17:17:06.917+0000] {logging_mixin.py:190} INFO - [2026-06-13T17:17:06.916+0000] {dagbag.py:588} INFO - Filling up the DagBag from /home/airflow/.local/lib/python3.12/site-packages/airflow/example_dags/example_inlet_event_extra.py
[2026-06-13T17:17:07.034+0000] {processor.py:925} INFO - DAG(s) 'read_dataset_event', 'read_dataset_event_from_classic' retrieved from /home/airflow/.local/lib/python3.12/site-packages/airflow/example_dags/example_inlet_event_extra.py
[2026-06-13T17:17:07.055+0000] {logging_mixin.py:190} INFO - [2026-06-13T17:17:07.055+0000] {dag.py:3239} INFO - Sync 2 DAGs
[2026-06-13T17:17:07.074+0000] {logging_mixin.py:190} INFO - [2026-06-13T17:17:07.074+0000] {dag.py:4180} INFO - Setting next_dagrun for read_dataset_event to 2026-06-12 00:00:00+00:00, run_after=2026-06-13 00:00:00+00:00
[2026-06-13T17:17:07.078+0000] {logging_mixin.py:190} INFO - [2026-06-13T17:17:07.078+0000] {dag.py:4180} INFO - Setting next_dagrun for read_dataset_event_from_classic to 2026-06-12 00:00:00+00:00, run_after=2026-06-13 00:00:00+00:00
[2026-06-13T17:17:07.094+0000] {processor.py:208} INFO - Processing /home/airflow/.local/lib/python3.12/site-packages/airflow/example_dags/example_inlet_event_extra.py took 0.190 seconds
[2026-06-13T17:17:37.212+0000] {processor.py:186} INFO - Started process (PID=3286) to work on /home/airflow/.local/lib/python3.12/site-packages/airflow/example_dags/example_inlet_event_extra.py
[2026-06-13T17:17:37.213+0000] {processor.py:914} INFO - Processing file /home/airflow/.local/lib/python3.12/site-packages/airflow/example_dags/example_inlet_event_extra.py for tasks to queue
[2026-06-13T17:17:37.216+0000] {logging_mixin.py:190} INFO - [2026-06-13T17:17:37.215+0000] {dagbag.py:588} INFO - Filling up the DagBag from /home/airflow/.local/lib/python3.12/site-packages/airflow/example_dags/example_inlet_event_extra.py
[2026-06-13T17:17:37.321+0000] {processor.py:925} INFO - DAG(s) 'read_dataset_event', 'read_dataset_event_from_classic' retrieved from /home/airflow/.local/lib/python3.12/site-packages/airflow/example_dags/example_inlet_event_extra.py
[2026-06-13T17:17:37.342+0000] {logging_mixin.py:190} INFO - [2026-06-13T17:17:37.342+0000] {dag.py:3239} INFO - Sync 2 DAGs
[2026-06-13T17:17:37.361+0000] {logging_mixin.py:190} INFO - [2026-06-13T17:17:37.361+0000] {dag.py:4180} INFO - Setting next_dagrun for read_dataset_event to 2026-06-12 00:00:00+00:00, run_after=2026-06-13 00:00:00+00:00
[2026-06-13T17:17:37.365+0000] {logging_mixin.py:190} INFO - [2026-06-13T17:17:37.365+0000] {dag.py:4180} INFO - Setting next_dagrun for read_dataset_event_from_classic to 2026-06-12 00:00:00+00:00, run_after=2026-06-13 00:00:00+00:00
[2026-06-13T17:17:37.381+0000] {processor.py:208} INFO - Processing /home/airflow/.local/lib/python3.12/site-packages/airflow/example_dags/example_inlet_event_extra.py took 0.173 seconds
[2026-06-13T17:18:07.747+0000] {processor.py:186} INFO - Started process (PID=3348) to work on /home/airflow/.local/lib/python3.12/site-packages/airflow/example_dags/example_inlet_event_extra.py
[2026-06-13T17:18:07.749+0000] {processor.py:914} INFO - Processing file /home/airflow/.local/lib/python3.12/site-packages/airflow/example_dags/example_inlet_event_extra.py for tasks to queue
[2026-06-13T17:18:07.751+0000] {logging_mixin.py:190} INFO - [2026-06-13T17:18:07.751+0000] {dagbag.py:588} INFO - Filling up the DagBag from /home/airflow/.local/lib/python3.12/site-packages/airflow/example_dags/example_inlet_event_extra.py
[2026-06-13T17:18:07.863+0000] {processor.py:925} INFO - DAG(s) 'read_dataset_event_from_classic', 'read_dataset_event' retrieved from /home/airflow/.local/lib/python3.12/site-packages/airflow/example_dags/example_inlet_event_extra.py
[2026-06-13T17:18:07.886+0000] {logging_mixin.py:190} INFO - [2026-06-13T17:18:07.886+0000] {dag.py:3239} INFO - Sync 2 DAGs
[2026-06-13T17:18:07.908+0000] {logging_mixin.py:190} INFO - [2026-06-13T17:18:07.907+0000] {dag.py:4180} INFO - Setting next_dagrun for read_dataset_event to 2026-06-12 00:00:00+00:00, run_after=2026-06-13 00:00:00+00:00
[2026-06-13T17:18:07.913+0000] {logging_mixin.py:190} INFO - [2026-06-13T17:18:07.913+0000] {dag.py:4180} INFO - Setting next_dagrun for read_dataset_event_from_classic to 2026-06-12 00:00:00+00:00, run_after=2026-06-13 00:00:00+00:00
[2026-06-13T17:18:07.933+0000] {processor.py:208} INFO - Processing /home/airflow/.local/lib/python3.12/site-packages/airflow/example_dags/example_inlet_event_extra.py took 0.191 seconds
[2026-06-13T17:18:38.255+0000] {processor.py:186} INFO - Started process (PID=3410) to work on /home/airflow/.local/lib/python3.12/site-packages/airflow/example_dags/example_inlet_event_extra.py
[2026-06-13T17:18:38.256+0000] {processor.py:914} INFO - Processing file /home/airflow/.local/lib/python3.12/site-packages/airflow/example_dags/example_inlet_event_extra.py for tasks to queue
[2026-06-13T17:18:38.259+0000] {logging_mixin.py:190} INFO - [2026-06-13T17:18:38.258+0000] {dagbag.py:588} INFO - Filling up the DagBag from /home/airflow/.local/lib/python3.12/site-packages/airflow/example_dags/example_inlet_event_extra.py
[2026-06-13T17:18:38.381+0000] {processor.py:925} INFO - DAG(s) 'read_dataset_event_from_classic', 'read_dataset_event' retrieved from /home/airflow/.local/lib/python3.12/site-packages/airflow/example_dags/example_inlet_event_extra.py
[2026-06-13T17:18:38.404+0000] {logging_mixin.py:190} INFO - [2026-06-13T17:18:38.404+0000] {dag.py:3239} INFO - Sync 2 DAGs
[2026-06-13T17:18:38.425+0000] {logging_mixin.py:190} INFO - [2026-06-13T17:18:38.425+0000] {dag.py:4180} INFO - Setting next_dagrun for read_dataset_event to 2026-06-12 00:00:00+00:00, run_after=2026-06-13 00:00:00+00:00
[2026-06-13T17:18:38.429+0000] {logging_mixin.py:190} INFO - [2026-06-13T17:18:38.429+0000] {dag.py:4180} INFO - Setting next_dagrun for read_dataset_event_from_classic to 2026-06-12 00:00:00+00:00, run_after=2026-06-13 00:00:00+00:00
[2026-06-13T17:18:38.445+0000] {processor.py:208} INFO - Processing /home/airflow/.local/lib/python3.12/site-packages/airflow/example_dags/example_inlet_event_extra.py took 0.194 seconds
[2026-06-13T17:19:08.760+0000] {processor.py:186} INFO - Started process (PID=3472) to work on /home/airflow/.local/lib/python3.12/site-packages/airflow/example_dags/example_inlet_event_extra.py
[2026-06-13T17:19:08.761+0000] {processor.py:914} INFO - Processing file /home/airflow/.local/lib/python3.12/site-packages/airflow/example_dags/example_inlet_event_extra.py for tasks to queue
[2026-06-13T17:19:08.764+0000] {logging_mixin.py:190} INFO - [2026-06-13T17:19:08.763+0000] {dagbag.py:588} INFO - Filling up the DagBag from /home/airflow/.local/lib/python3.12/site-packages/airflow/example_dags/example_inlet_event_extra.py
[2026-06-13T17:19:08.870+0000] {processor.py:925} INFO - DAG(s) 'read_dataset_event', 'read_dataset_event_from_classic' retrieved from /home/airflow/.local/lib/python3.12/site-packages/airflow/example_dags/example_inlet_event_extra.py
[2026-06-13T17:19:08.891+0000] {logging_mixin.py:190} INFO - [2026-06-13T17:19:08.891+0000] {dag.py:3239} INFO - Sync 2 DAGs
[2026-06-13T17:19:08.911+0000] {logging_mixin.py:190} INFO - [2026-06-13T17:19:08.911+0000] {dag.py:4180} INFO - Setting next_dagrun for read_dataset_event to 2026-06-12 00:00:00+00:00, run_after=2026-06-13 00:00:00+00:00
[2026-06-13T17:19:08.915+0000] {logging_mixin.py:190} INFO - [2026-06-13T17:19:08.915+0000] {dag.py:4180} INFO - Setting next_dagrun for read_dataset_event_from_classic to 2026-06-12 00:00:00+00:00, run_after=2026-06-13 00:00:00+00:00
[2026-06-13T17:19:08.933+0000] {processor.py:208} INFO - Processing /home/airflow/.local/lib/python3.12/site-packages/airflow/example_dags/example_inlet_event_extra.py took 0.178 seconds
[2026-06-13T17:19:39.652+0000] {processor.py:186} INFO - Started process (PID=3534) to work on /home/airflow/.local/lib/python3.12/site-packages/airflow/example_dags/example_inlet_event_extra.py
[2026-06-13T17:19:39.653+0000] {processor.py:914} INFO - Processing file /home/airflow/.local/lib/python3.12/site-packages/airflow/example_dags/example_inlet_event_extra.py for tasks to queue
[2026-06-13T17:19:39.655+0000] {logging_mixin.py:190} INFO - [2026-06-13T17:19:39.655+0000] {dagbag.py:588} INFO - Filling up the DagBag from /home/airflow/.local/lib/python3.12/site-packages/airflow/example_dags/example_inlet_event_extra.py
[2026-06-13T17:19:39.789+0000] {processor.py:925} INFO - DAG(s) 'read_dataset_event_from_classic', 'read_dataset_event' retrieved from /home/airflow/.local/lib/python3.12/site-packages/airflow/example_dags/example_inlet_event_extra.py
[2026-06-13T17:19:39.826+0000] {logging_mixin.py:190} INFO - [2026-06-13T17:19:39.826+0000] {dag.py:3239} INFO - Sync 2 DAGs
[2026-06-13T17:19:39.848+0000] {logging_mixin.py:190} INFO - [2026-06-13T17:19:39.848+0000] {dag.py:4180} INFO - Setting next_dagrun for read_dataset_event to 2026-06-12 00:00:00+00:00, run_after=2026-06-13 00:00:00+00:00
[2026-06-13T17:19:39.854+0000] {logging_mixin.py:190} INFO - [2026-06-13T17:19:39.853+0000] {dag.py:4180} INFO - Setting next_dagrun for read_dataset_event_from_classic to 2026-06-12 00:00:00+00:00, run_after=2026-06-13 00:00:00+00:00
[2026-06-13T17:19:39.871+0000] {processor.py:208} INFO - Processing /home/airflow/.local/lib/python3.12/site-packages/airflow/example_dags/example_inlet_event_extra.py took 0.224 seconds
[2026-06-13T17:20:10.235+0000] {processor.py:186} INFO - Started process (PID=3596) to work on /home/airflow/.local/lib/python3.12/site-packages/airflow/example_dags/example_inlet_event_extra.py
[2026-06-13T17:20:10.236+0000] {processor.py:914} INFO - Processing file /home/airflow/.local/lib/python3.12/site-packages/airflow/example_dags/example_inlet_event_extra.py for tasks to queue
[2026-06-13T17:20:10.238+0000] {logging_mixin.py:190} INFO - [2026-06-13T17:20:10.238+0000] {dagbag.py:588} INFO - Filling up the DagBag from /home/airflow/.local/lib/python3.12/site-packages/airflow/example_dags/example_inlet_event_extra.py
[2026-06-13T17:20:10.350+0000] {processor.py:925} INFO - DAG(s) 'read_dataset_event', 'read_dataset_event_from_classic' retrieved from /home/airflow/.local/lib/python3.12/site-packages/airflow/example_dags/example_inlet_event_extra.py
[2026-06-13T17:20:10.566+0000] {logging_mixin.py:190} INFO - [2026-06-13T17:20:10.566+0000] {dag.py:3239} INFO - Sync 2 DAGs
[2026-06-13T17:20:10.586+0000] {logging_mixin.py:190} INFO - [2026-06-13T17:20:10.585+0000] {dag.py:4180} INFO - Setting next_dagrun for read_dataset_event to 2026-06-12 00:00:00+00:00, run_after=2026-06-13 00:00:00+00:00
[2026-06-13T17:20:10.590+0000] {logging_mixin.py:190} INFO - [2026-06-13T17:20:10.589+0000] {dag.py:4180} INFO - Setting next_dagrun for read_dataset_event_from_classic to 2026-06-12 00:00:00+00:00, run_after=2026-06-13 00:00:00+00:00
[2026-06-13T17:20:10.605+0000] {processor.py:208} INFO - Processing /home/airflow/.local/lib/python3.12/site-packages/airflow/example_dags/example_inlet_event_extra.py took 0.375 seconds
[2026-06-13T17:20:40.866+0000] {processor.py:186} INFO - Started process (PID=3658) to work on /home/airflow/.local/lib/python3.12/site-packages/airflow/example_dags/example_inlet_event_extra.py
[2026-06-13T17:20:40.867+0000] {processor.py:914} INFO - Processing file /home/airflow/.local/lib/python3.12/site-packages/airflow/example_dags/example_inlet_event_extra.py for tasks to queue
[2026-06-13T17:20:40.870+0000] {logging_mixin.py:190} INFO - [2026-06-13T17:20:40.869+0000] {dagbag.py:588} INFO - Filling up the DagBag from /home/airflow/.local/lib/python3.12/site-packages/airflow/example_dags/example_inlet_event_extra.py
[2026-06-13T17:20:40.985+0000] {processor.py:925} INFO - DAG(s) 'read_dataset_event', 'read_dataset_event_from_classic' retrieved from /home/airflow/.local/lib/python3.12/site-packages/airflow/example_dags/example_inlet_event_extra.py
[2026-06-13T17:20:41.008+0000] {logging_mixin.py:190} INFO - [2026-06-13T17:20:41.008+0000] {dag.py:3239} INFO - Sync 2 DAGs
[2026-06-13T17:20:41.028+0000] {logging_mixin.py:190} INFO - [2026-06-13T17:20:41.028+0000] {dag.py:4180} INFO - Setting next_dagrun for read_dataset_event to 2026-06-12 00:00:00+00:00, run_after=2026-06-13 00:00:00+00:00
[2026-06-13T17:20:41.032+0000] {logging_mixin.py:190} INFO - [2026-06-13T17:20:41.032+0000] {dag.py:4180} INFO - Setting next_dagrun for read_dataset_event_from_classic to 2026-06-12 00:00:00+00:00, run_after=2026-06-13 00:00:00+00:00
[2026-06-13T17:20:41.052+0000] {processor.py:208} INFO - Processing /home/airflow/.local/lib/python3.12/site-packages/airflow/example_dags/example_inlet_event_extra.py took 0.190 seconds
[2026-06-13T17:21:11.350+0000] {processor.py:186} INFO - Started process (PID=3720) to work on /home/airflow/.local/lib/python3.12/site-packages/airflow/example_dags/example_inlet_event_extra.py
[2026-06-13T17:21:11.352+0000] {processor.py:914} INFO - Processing file /home/airflow/.local/lib/python3.12/site-packages/airflow/example_dags/example_inlet_event_extra.py for tasks to queue
[2026-06-13T17:21:11.354+0000] {logging_mixin.py:190} INFO - [2026-06-13T17:21:11.354+0000] {dagbag.py:588} INFO - Filling up the DagBag from /home/airflow/.local/lib/python3.12/site-packages/airflow/example_dags/example_inlet_event_extra.py
[2026-06-13T17:21:11.456+0000] {processor.py:925} INFO - DAG(s) 'read_dataset_event_from_classic', 'read_dataset_event' retrieved from /home/airflow/.local/lib/python3.12/site-packages/airflow/example_dags/example_inlet_event_extra.py
[2026-06-13T17:21:11.477+0000] {logging_mixin.py:190} INFO - [2026-06-13T17:21:11.476+0000] {dag.py:3239} INFO - Sync 2 DAGs
[2026-06-13T17:21:11.498+0000] {logging_mixin.py:190} INFO - [2026-06-13T17:21:11.498+0000] {dag.py:4180} INFO - Setting next_dagrun for read_dataset_event to 2026-06-12 00:00:00+00:00, run_after=2026-06-13 00:00:00+00:00
[2026-06-13T17:21:11.502+0000] {logging_mixin.py:190} INFO - [2026-06-13T17:21:11.502+0000] {dag.py:4180} INFO - Setting next_dagrun for read_dataset_event_from_classic to 2026-06-12 00:00:00+00:00, run_after=2026-06-13 00:00:00+00:00
[2026-06-13T17:21:11.517+0000] {processor.py:208} INFO - Processing /home/airflow/.local/lib/python3.12/site-packages/airflow/example_dags/example_inlet_event_extra.py took 0.171 seconds
[2026-06-13T17:21:41.812+0000] {processor.py:186} INFO - Started process (PID=3782) to work on /home/airflow/.local/lib/python3.12/site-packages/airflow/example_dags/example_inlet_event_extra.py
[2026-06-13T17:21:41.813+0000] {processor.py:914} INFO - Processing file /home/airflow/.local/lib/python3.12/site-packages/airflow/example_dags/example_inlet_event_extra.py for tasks to queue
[2026-06-13T17:21:41.816+0000] {logging_mixin.py:190} INFO - [2026-06-13T17:21:41.815+0000] {dagbag.py:588} INFO - Filling up the DagBag from /home/airflow/.local/lib/python3.12/site-packages/airflow/example_dags/example_inlet_event_extra.py
[2026-06-13T17:21:41.916+0000] {processor.py:925} INFO - DAG(s) 'read_dataset_event', 'read_dataset_event_from_classic' retrieved from /home/airflow/.local/lib/python3.12/site-packages/airflow/example_dags/example_inlet_event_extra.py
[2026-06-13T17:21:41.936+0000] {logging_mixin.py:190} INFO - [2026-06-13T17:21:41.936+0000] {dag.py:3239} INFO - Sync 2 DAGs
[2026-06-13T17:21:41.958+0000] {logging_mixin.py:190} INFO - [2026-06-13T17:21:41.957+0000] {dag.py:4180} INFO - Setting next_dagrun for read_dataset_event to 2026-06-12 00:00:00+00:00, run_after=2026-06-13 00:00:00+00:00
[2026-06-13T17:21:41.962+0000] {logging_mixin.py:190} INFO - [2026-06-13T17:21:41.961+0000] {dag.py:4180} INFO - Setting next_dagrun for read_dataset_event_from_classic to 2026-06-12 00:00:00+00:00, run_after=2026-06-13 00:00:00+00:00
[2026-06-13T17:21:41.979+0000] {processor.py:208} INFO - Processing /home/airflow/.local/lib/python3.12/site-packages/airflow/example_dags/example_inlet_event_extra.py took 0.171 seconds
[2026-06-13T17:22:12.296+0000] {processor.py:186} INFO - Started process (PID=3844) to work on /home/airflow/.local/lib/python3.12/site-packages/airflow/example_dags/example_inlet_event_extra.py
[2026-06-13T17:22:12.298+0000] {processor.py:914} INFO - Processing file /home/airflow/.local/lib/python3.12/site-packages/airflow/example_dags/example_inlet_event_extra.py for tasks to queue
[2026-06-13T17:22:12.300+0000] {logging_mixin.py:190} INFO - [2026-06-13T17:22:12.300+0000] {dagbag.py:588} INFO - Filling up the DagBag from /home/airflow/.local/lib/python3.12/site-packages/airflow/example_dags/example_inlet_event_extra.py
[2026-06-13T17:22:12.403+0000] {processor.py:925} INFO - DAG(s) 'read_dataset_event', 'read_dataset_event_from_classic' retrieved from /home/airflow/.local/lib/python3.12/site-packages/airflow/example_dags/example_inlet_event_extra.py
[2026-06-13T17:22:12.426+0000] {logging_mixin.py:190} INFO - [2026-06-13T17:22:12.426+0000] {dag.py:3239} INFO - Sync 2 DAGs
[2026-06-13T17:22:12.446+0000] {logging_mixin.py:190} INFO - [2026-06-13T17:22:12.446+0000] {dag.py:4180} INFO - Setting next_dagrun for read_dataset_event to 2026-06-12 00:00:00+00:00, run_after=2026-06-13 00:00:00+00:00
[2026-06-13T17:22:12.450+0000] {logging_mixin.py:190} INFO - [2026-06-13T17:22:12.450+0000] {dag.py:4180} INFO - Setting next_dagrun for read_dataset_event_from_classic to 2026-06-12 00:00:00+00:00, run_after=2026-06-13 00:00:00+00:00
[2026-06-13T17:22:12.467+0000] {processor.py:208} INFO - Processing /home/airflow/.local/lib/python3.12/site-packages/airflow/example_dags/example_inlet_event_extra.py took 0.175 seconds
[2026-06-13T17:22:42.680+0000] {processor.py:186} INFO - Started process (PID=3906) to work on /home/airflow/.local/lib/python3.12/site-packages/airflow/example_dags/example_inlet_event_extra.py
[2026-06-13T17:22:42.682+0000] {processor.py:914} INFO - Processing file /home/airflow/.local/lib/python3.12/site-packages/airflow/example_dags/example_inlet_event_extra.py for tasks to queue
[2026-06-13T17:22:42.684+0000] {logging_mixin.py:190} INFO - [2026-06-13T17:22:42.684+0000] {dagbag.py:588} INFO - Filling up the DagBag from /home/airflow/.local/lib/python3.12/site-packages/airflow/example_dags/example_inlet_event_extra.py
[2026-06-13T17:22:42.789+0000] {processor.py:925} INFO - DAG(s) 'read_dataset_event_from_classic', 'read_dataset_event' retrieved from /home/airflow/.local/lib/python3.12/site-packages/airflow/example_dags/example_inlet_event_extra.py
[2026-06-13T17:22:42.807+0000] {logging_mixin.py:190} INFO - [2026-06-13T17:22:42.807+0000] {dag.py:3239} INFO - Sync 2 DAGs
[2026-06-13T17:22:42.825+0000] {logging_mixin.py:190} INFO - [2026-06-13T17:22:42.825+0000] {dag.py:4180} INFO - Setting next_dagrun for read_dataset_event to 2026-06-12 00:00:00+00:00, run_after=2026-06-13 00:00:00+00:00
[2026-06-13T17:22:42.828+0000] {logging_mixin.py:190} INFO - [2026-06-13T17:22:42.828+0000] {dag.py:4180} INFO - Setting next_dagrun for read_dataset_event_from_classic to 2026-06-12 00:00:00+00:00, run_after=2026-06-13 00:00:00+00:00
[2026-06-13T17:22:42.841+0000] {processor.py:208} INFO - Processing /home/airflow/.local/lib/python3.12/site-packages/airflow/example_dags/example_inlet_event_extra.py took 0.165 seconds
[2026-06-13T17:23:13.219+0000] {processor.py:186} INFO - Started process (PID=3968) to work on /home/airflow/.local/lib/python3.12/site-packages/airflow/example_dags/example_inlet_event_extra.py
[2026-06-13T17:23:13.220+0000] {processor.py:914} INFO - Processing file /home/airflow/.local/lib/python3.12/site-packages/airflow/example_dags/example_inlet_event_extra.py for tasks to queue
[2026-06-13T17:23:13.222+0000] {logging_mixin.py:190} INFO - [2026-06-13T17:23:13.222+0000] {dagbag.py:588} INFO - Filling up the DagBag from /home/airflow/.local/lib/python3.12/site-packages/airflow/example_dags/example_inlet_event_extra.py
[2026-06-13T17:23:13.365+0000] {processor.py:925} INFO - DAG(s) 'read_dataset_event_from_classic', 'read_dataset_event' retrieved from /home/airflow/.local/lib/python3.12/site-packages/airflow/example_dags/example_inlet_event_extra.py
[2026-06-13T17:23:13.386+0000] {logging_mixin.py:190} INFO - [2026-06-13T17:23:13.386+0000] {dag.py:3239} INFO - Sync 2 DAGs
[2026-06-13T17:23:13.407+0000] {logging_mixin.py:190} INFO - [2026-06-13T17:23:13.407+0000] {dag.py:4180} INFO - Setting next_dagrun for read_dataset_event to 2026-06-12 00:00:00+00:00, run_after=2026-06-13 00:00:00+00:00
[2026-06-13T17:23:13.411+0000] {logging_mixin.py:190} INFO - [2026-06-13T17:23:13.411+0000] {dag.py:4180} INFO - Setting next_dagrun for read_dataset_event_from_classic to 2026-06-12 00:00:00+00:00, run_after=2026-06-13 00:00:00+00:00
[2026-06-13T17:23:13.427+0000] {processor.py:208} INFO - Processing /home/airflow/.local/lib/python3.12/site-packages/airflow/example_dags/example_inlet_event_extra.py took 0.214 seconds
[2026-06-13T17:23:43.696+0000] {processor.py:186} INFO - Started process (PID=4031) to work on /home/airflow/.local/lib/python3.12/site-packages/airflow/example_dags/example_inlet_event_extra.py
[2026-06-13T17:23:43.698+0000] {processor.py:914} INFO - Processing file /home/airflow/.local/lib/python3.12/site-packages/airflow/example_dags/example_inlet_event_extra.py for tasks to queue
[2026-06-13T17:23:43.702+0000] {logging_mixin.py:190} INFO - [2026-06-13T17:23:43.702+0000] {dagbag.py:588} INFO - Filling up the DagBag from /home/airflow/.local/lib/python3.12/site-packages/airflow/example_dags/example_inlet_event_extra.py
[2026-06-13T17:23:43.839+0000] {processor.py:925} INFO - DAG(s) 'read_dataset_event_from_classic', 'read_dataset_event' retrieved from /home/airflow/.local/lib/python3.12/site-packages/airflow/example_dags/example_inlet_event_extra.py
[2026-06-13T17:23:43.868+0000] {logging_mixin.py:190} INFO - [2026-06-13T17:23:43.867+0000] {dag.py:3239} INFO - Sync 2 DAGs
[2026-06-13T17:23:43.893+0000] {logging_mixin.py:190} INFO - [2026-06-13T17:23:43.893+0000] {dag.py:4180} INFO - Setting next_dagrun for read_dataset_event to 2026-06-12 00:00:00+00:00, run_after=2026-06-13 00:00:00+00:00
[2026-06-13T17:23:43.900+0000] {logging_mixin.py:190} INFO - [2026-06-13T17:23:43.900+0000] {dag.py:4180} INFO - Setting next_dagrun for read_dataset_event_from_classic to 2026-06-12 00:00:00+00:00, run_after=2026-06-13 00:00:00+00:00
[2026-06-13T17:23:43.924+0000] {processor.py:208} INFO - Processing /home/airflow/.local/lib/python3.12/site-packages/airflow/example_dags/example_inlet_event_extra.py took 0.234 seconds
[2026-06-13T17:24:14.136+0000] {processor.py:186} INFO - Started process (PID=4093) to work on /home/airflow/.local/lib/python3.12/site-packages/airflow/example_dags/example_inlet_event_extra.py
[2026-06-13T17:24:14.137+0000] {processor.py:914} INFO - Processing file /home/airflow/.local/lib/python3.12/site-packages/airflow/example_dags/example_inlet_event_extra.py for tasks to queue
[2026-06-13T17:24:14.140+0000] {logging_mixin.py:190} INFO - [2026-06-13T17:24:14.140+0000] {dagbag.py:588} INFO - Filling up the DagBag from /home/airflow/.local/lib/python3.12/site-packages/airflow/example_dags/example_inlet_event_extra.py
[2026-06-13T17:24:14.251+0000] {processor.py:925} INFO - DAG(s) 'read_dataset_event', 'read_dataset_event_from_classic' retrieved from /home/airflow/.local/lib/python3.12/site-packages/airflow/example_dags/example_inlet_event_extra.py
[2026-06-13T17:24:14.277+0000] {logging_mixin.py:190} INFO - [2026-06-13T17:24:14.277+0000] {dag.py:3239} INFO - Sync 2 DAGs
[2026-06-13T17:24:14.299+0000] {logging_mixin.py:190} INFO - [2026-06-13T17:24:14.298+0000] {dag.py:4180} INFO - Setting next_dagrun for read_dataset_event to 2026-06-12 00:00:00+00:00, run_after=2026-06-13 00:00:00+00:00
[2026-06-13T17:24:14.302+0000] {logging_mixin.py:190} INFO - [2026-06-13T17:24:14.302+0000] {dag.py:4180} INFO - Setting next_dagrun for read_dataset_event_from_classic to 2026-06-12 00:00:00+00:00, run_after=2026-06-13 00:00:00+00:00
[2026-06-13T17:24:14.320+0000] {processor.py:208} INFO - Processing /home/airflow/.local/lib/python3.12/site-packages/airflow/example_dags/example_inlet_event_extra.py took 0.189 seconds
[2026-06-13T17:24:44.380+0000] {processor.py:186} INFO - Started process (PID=4154) to work on /home/airflow/.local/lib/python3.12/site-packages/airflow/example_dags/example_inlet_event_extra.py
[2026-06-13T17:24:44.382+0000] {processor.py:914} INFO - Processing file /home/airflow/.local/lib/python3.12/site-packages/airflow/example_dags/example_inlet_event_extra.py for tasks to queue
[2026-06-13T17:24:44.385+0000] {logging_mixin.py:190} INFO - [2026-06-13T17:24:44.384+0000] {dagbag.py:588} INFO - Filling up the DagBag from /home/airflow/.local/lib/python3.12/site-packages/airflow/example_dags/example_inlet_event_extra.py
[2026-06-13T17:24:44.481+0000] {processor.py:925} INFO - DAG(s) 'read_dataset_event_from_classic', 'read_dataset_event' retrieved from /home/airflow/.local/lib/python3.12/site-packages/airflow/example_dags/example_inlet_event_extra.py
[2026-06-13T17:24:44.499+0000] {logging_mixin.py:190} INFO - [2026-06-13T17:24:44.498+0000] {dag.py:3239} INFO - Sync 2 DAGs
[2026-06-13T17:24:44.518+0000] {logging_mixin.py:190} INFO - [2026-06-13T17:24:44.518+0000] {dag.py:4180} INFO - Setting next_dagrun for read_dataset_event to 2026-06-12 00:00:00+00:00, run_after=2026-06-13 00:00:00+00:00
[2026-06-13T17:24:44.522+0000] {logging_mixin.py:190} INFO - [2026-06-13T17:24:44.522+0000] {dag.py:4180} INFO - Setting next_dagrun for read_dataset_event_from_classic to 2026-06-12 00:00:00+00:00, run_after=2026-06-13 00:00:00+00:00
[2026-06-13T17:24:44.538+0000] {processor.py:208} INFO - Processing /home/airflow/.local/lib/python3.12/site-packages/airflow/example_dags/example_inlet_event_extra.py took 0.164 seconds
[2026-06-13T17:25:14.590+0000] {processor.py:186} INFO - Started process (PID=4216) to work on /home/airflow/.local/lib/python3.12/site-packages/airflow/example_dags/example_inlet_event_extra.py
[2026-06-13T17:25:14.591+0000] {processor.py:914} INFO - Processing file /home/airflow/.local/lib/python3.12/site-packages/airflow/example_dags/example_inlet_event_extra.py for tasks to queue
[2026-06-13T17:25:14.593+0000] {logging_mixin.py:190} INFO - [2026-06-13T17:25:14.593+0000] {dagbag.py:588} INFO - Filling up the DagBag from /home/airflow/.local/lib/python3.12/site-packages/airflow/example_dags/example_inlet_event_extra.py
[2026-06-13T17:25:14.683+0000] {processor.py:925} INFO - DAG(s) 'read_dataset_event', 'read_dataset_event_from_classic' retrieved from /home/airflow/.local/lib/python3.12/site-packages/airflow/example_dags/example_inlet_event_extra.py
[2026-06-13T17:25:14.703+0000] {logging_mixin.py:190} INFO - [2026-06-13T17:25:14.703+0000] {dag.py:3239} INFO - Sync 2 DAGs
[2026-06-13T17:25:14.728+0000] {logging_mixin.py:190} INFO - [2026-06-13T17:25:14.728+0000] {dag.py:4180} INFO - Setting next_dagrun for read_dataset_event to 2026-06-12 00:00:00+00:00, run_after=2026-06-13 00:00:00+00:00
[2026-06-13T17:25:14.733+0000] {logging_mixin.py:190} INFO - [2026-06-13T17:25:14.733+0000] {dag.py:4180} INFO - Setting next_dagrun for read_dataset_event_from_classic to 2026-06-12 00:00:00+00:00, run_after=2026-06-13 00:00:00+00:00
[2026-06-13T17:25:14.753+0000] {processor.py:208} INFO - Processing /home/airflow/.local/lib/python3.12/site-packages/airflow/example_dags/example_inlet_event_extra.py took 0.168 seconds
[2026-06-13T17:25:44.922+0000] {processor.py:186} INFO - Started process (PID=4278) to work on /home/airflow/.local/lib/python3.12/site-packages/airflow/example_dags/example_inlet_event_extra.py
[2026-06-13T17:25:44.923+0000] {processor.py:914} INFO - Processing file /home/airflow/.local/lib/python3.12/site-packages/airflow/example_dags/example_inlet_event_extra.py for tasks to queue
[2026-06-13T17:25:44.925+0000] {logging_mixin.py:190} INFO - [2026-06-13T17:25:44.925+0000] {dagbag.py:588} INFO - Filling up the DagBag from /home/airflow/.local/lib/python3.12/site-packages/airflow/example_dags/example_inlet_event_extra.py
[2026-06-13T17:25:45.016+0000] {processor.py:925} INFO - DAG(s) 'read_dataset_event', 'read_dataset_event_from_classic' retrieved from /home/airflow/.local/lib/python3.12/site-packages/airflow/example_dags/example_inlet_event_extra.py
[2026-06-13T17:25:45.032+0000] {logging_mixin.py:190} INFO - [2026-06-13T17:25:45.032+0000] {dag.py:3239} INFO - Sync 2 DAGs
[2026-06-13T17:25:45.052+0000] {logging_mixin.py:190} INFO - [2026-06-13T17:25:45.052+0000] {dag.py:4180} INFO - Setting next_dagrun for read_dataset_event to 2026-06-12 00:00:00+00:00, run_after=2026-06-13 00:00:00+00:00
[2026-06-13T17:25:45.056+0000] {logging_mixin.py:190} INFO - [2026-06-13T17:25:45.056+0000] {dag.py:4180} INFO - Setting next_dagrun for read_dataset_event_from_classic to 2026-06-12 00:00:00+00:00, run_after=2026-06-13 00:00:00+00:00
[2026-06-13T17:25:45.073+0000] {processor.py:208} INFO - Processing /home/airflow/.local/lib/python3.12/site-packages/airflow/example_dags/example_inlet_event_extra.py took 0.155 seconds
[2026-06-13T17:26:15.268+0000] {processor.py:186} INFO - Started process (PID=4340) to work on /home/airflow/.local/lib/python3.12/site-packages/airflow/example_dags/example_inlet_event_extra.py
[2026-06-13T17:26:15.269+0000] {processor.py:914} INFO - Processing file /home/airflow/.local/lib/python3.12/site-packages/airflow/example_dags/example_inlet_event_extra.py for tasks to queue
[2026-06-13T17:26:15.271+0000] {logging_mixin.py:190} INFO - [2026-06-13T17:26:15.271+0000] {dagbag.py:588} INFO - Filling up the DagBag from /home/airflow/.local/lib/python3.12/site-packages/airflow/example_dags/example_inlet_event_extra.py
[2026-06-13T17:26:15.367+0000] {processor.py:925} INFO - DAG(s) 'read_dataset_event', 'read_dataset_event_from_classic' retrieved from /home/airflow/.local/lib/python3.12/site-packages/airflow/example_dags/example_inlet_event_extra.py
[2026-06-13T17:26:15.384+0000] {logging_mixin.py:190} INFO - [2026-06-13T17:26:15.384+0000] {dag.py:3239} INFO - Sync 2 DAGs
[2026-06-13T17:26:15.403+0000] {logging_mixin.py:190} INFO - [2026-06-13T17:26:15.403+0000] {dag.py:4180} INFO - Setting next_dagrun for read_dataset_event to 2026-06-12 00:00:00+00:00, run_after=2026-06-13 00:00:00+00:00
[2026-06-13T17:26:15.407+0000] {logging_mixin.py:190} INFO - [2026-06-13T17:26:15.407+0000] {dag.py:4180} INFO - Setting next_dagrun for read_dataset_event_from_classic to 2026-06-12 00:00:00+00:00, run_after=2026-06-13 00:00:00+00:00
[2026-06-13T17:26:15.420+0000] {processor.py:208} INFO - Processing /home/airflow/.local/lib/python3.12/site-packages/airflow/example_dags/example_inlet_event_extra.py took 0.157 seconds
[2026-06-13T17:26:45.729+0000] {processor.py:186} INFO - Started process (PID=4402) to work on /home/airflow/.local/lib/python3.12/site-packages/airflow/example_dags/example_inlet_event_extra.py
[2026-06-13T17:26:45.730+0000] {processor.py:914} INFO - Processing file /home/airflow/.local/lib/python3.12/site-packages/airflow/example_dags/example_inlet_event_extra.py for tasks to queue
[2026-06-13T17:26:45.732+0000] {logging_mixin.py:190} INFO - [2026-06-13T17:26:45.732+0000] {dagbag.py:588} INFO - Filling up the DagBag from /home/airflow/.local/lib/python3.12/site-packages/airflow/example_dags/example_inlet_event_extra.py
[2026-06-13T17:26:45.828+0000] {processor.py:925} INFO - DAG(s) 'read_dataset_event', 'read_dataset_event_from_classic' retrieved from /home/airflow/.local/lib/python3.12/site-packages/airflow/example_dags/example_inlet_event_extra.py
[2026-06-13T17:26:45.846+0000] {logging_mixin.py:190} INFO - [2026-06-13T17:26:45.846+0000] {dag.py:3239} INFO - Sync 2 DAGs
[2026-06-13T17:26:45.866+0000] {logging_mixin.py:190} INFO - [2026-06-13T17:26:45.866+0000] {dag.py:4180} INFO - Setting next_dagrun for read_dataset_event to 2026-06-12 00:00:00+00:00, run_after=2026-06-13 00:00:00+00:00
[2026-06-13T17:26:45.870+0000] {logging_mixin.py:190} INFO - [2026-06-13T17:26:45.870+0000] {dag.py:4180} INFO - Setting next_dagrun for read_dataset_event_from_classic to 2026-06-12 00:00:00+00:00, run_after=2026-06-13 00:00:00+00:00
[2026-06-13T17:26:45.886+0000] {processor.py:208} INFO - Processing /home/airflow/.local/lib/python3.12/site-packages/airflow/example_dags/example_inlet_event_extra.py took 0.163 seconds
[2026-06-13T17:27:16.024+0000] {processor.py:186} INFO - Started process (PID=4464) to work on /home/airflow/.local/lib/python3.12/site-packages/airflow/example_dags/example_inlet_event_extra.py
[2026-06-13T17:27:16.026+0000] {processor.py:914} INFO - Processing file /home/airflow/.local/lib/python3.12/site-packages/airflow/example_dags/example_inlet_event_extra.py for tasks to queue
[2026-06-13T17:27:16.030+0000] {logging_mixin.py:190} INFO - [2026-06-13T17:27:16.029+0000] {dagbag.py:588} INFO - Filling up the DagBag from /home/airflow/.local/lib/python3.12/site-packages/airflow/example_dags/example_inlet_event_extra.py
[2026-06-13T17:27:16.187+0000] {processor.py:925} INFO - DAG(s) 'read_dataset_event_from_classic', 'read_dataset_event' retrieved from /home/airflow/.local/lib/python3.12/site-packages/airflow/example_dags/example_inlet_event_extra.py
[2026-06-13T17:27:16.208+0000] {logging_mixin.py:190} INFO - [2026-06-13T17:27:16.207+0000] {dag.py:3239} INFO - Sync 2 DAGs
[2026-06-13T17:27:16.230+0000] {logging_mixin.py:190} INFO - [2026-06-13T17:27:16.229+0000] {dag.py:4180} INFO - Setting next_dagrun for read_dataset_event to 2026-06-12 00:00:00+00:00, run_after=2026-06-13 00:00:00+00:00
[2026-06-13T17:27:16.234+0000] {logging_mixin.py:190} INFO - [2026-06-13T17:27:16.233+0000] {dag.py:4180} INFO - Setting next_dagrun for read_dataset_event_from_classic to 2026-06-12 00:00:00+00:00, run_after=2026-06-13 00:00:00+00:00
[2026-06-13T17:27:16.248+0000] {processor.py:208} INFO - Processing /home/airflow/.local/lib/python3.12/site-packages/airflow/example_dags/example_inlet_event_extra.py took 0.232 seconds
[2026-06-13T17:27:46.491+0000] {processor.py:186} INFO - Started process (PID=4526) to work on /home/airflow/.local/lib/python3.12/site-packages/airflow/example_dags/example_inlet_event_extra.py
[2026-06-13T17:27:46.492+0000] {processor.py:914} INFO - Processing file /home/airflow/.local/lib/python3.12/site-packages/airflow/example_dags/example_inlet_event_extra.py for tasks to queue
[2026-06-13T17:27:46.495+0000] {logging_mixin.py:190} INFO - [2026-06-13T17:27:46.495+0000] {dagbag.py:588} INFO - Filling up the DagBag from /home/airflow/.local/lib/python3.12/site-packages/airflow/example_dags/example_inlet_event_extra.py
[2026-06-13T17:27:46.592+0000] {processor.py:925} INFO - DAG(s) 'read_dataset_event', 'read_dataset_event_from_classic' retrieved from /home/airflow/.local/lib/python3.12/site-packages/airflow/example_dags/example_inlet_event_extra.py
[2026-06-13T17:27:46.612+0000] {logging_mixin.py:190} INFO - [2026-06-13T17:27:46.612+0000] {dag.py:3239} INFO - Sync 2 DAGs
[2026-06-13T17:27:46.632+0000] {logging_mixin.py:190} INFO - [2026-06-13T17:27:46.632+0000] {dag.py:4180} INFO - Setting next_dagrun for read_dataset_event to 2026-06-12 00:00:00+00:00, run_after=2026-06-13 00:00:00+00:00
[2026-06-13T17:27:46.637+0000] {logging_mixin.py:190} INFO - [2026-06-13T17:27:46.636+0000] {dag.py:4180} INFO - Setting next_dagrun for read_dataset_event_from_classic to 2026-06-12 00:00:00+00:00, run_after=2026-06-13 00:00:00+00:00
[2026-06-13T17:27:46.654+0000] {processor.py:208} INFO - Processing /home/airflow/.local/lib/python3.12/site-packages/airflow/example_dags/example_inlet_event_extra.py took 0.169 seconds
[2026-06-13T17:28:16.787+0000] {processor.py:186} INFO - Started process (PID=4588) to work on /home/airflow/.local/lib/python3.12/site-packages/airflow/example_dags/example_inlet_event_extra.py
[2026-06-13T17:28:16.788+0000] {processor.py:914} INFO - Processing file /home/airflow/.local/lib/python3.12/site-packages/airflow/example_dags/example_inlet_event_extra.py for tasks to queue
[2026-06-13T17:28:16.791+0000] {logging_mixin.py:190} INFO - [2026-06-13T17:28:16.791+0000] {dagbag.py:588} INFO - Filling up the DagBag from /home/airflow/.local/lib/python3.12/site-packages/airflow/example_dags/example_inlet_event_extra.py
[2026-06-13T17:28:16.882+0000] {processor.py:925} INFO - DAG(s) 'read_dataset_event', 'read_dataset_event_from_classic' retrieved from /home/airflow/.local/lib/python3.12/site-packages/airflow/example_dags/example_inlet_event_extra.py
[2026-06-13T17:28:16.902+0000] {logging_mixin.py:190} INFO - [2026-06-13T17:28:16.902+0000] {dag.py:3239} INFO - Sync 2 DAGs
[2026-06-13T17:28:16.921+0000] {logging_mixin.py:190} INFO - [2026-06-13T17:28:16.921+0000] {dag.py:4180} INFO - Setting next_dagrun for read_dataset_event to 2026-06-12 00:00:00+00:00, run_after=2026-06-13 00:00:00+00:00
[2026-06-13T17:28:16.925+0000] {logging_mixin.py:190} INFO - [2026-06-13T17:28:16.925+0000] {dag.py:4180} INFO - Setting next_dagrun for read_dataset_event_from_classic to 2026-06-12 00:00:00+00:00, run_after=2026-06-13 00:00:00+00:00
[2026-06-13T17:28:16.939+0000] {processor.py:208} INFO - Processing /home/airflow/.local/lib/python3.12/site-packages/airflow/example_dags/example_inlet_event_extra.py took 0.156 seconds
[2026-06-13T17:28:47.050+0000] {processor.py:186} INFO - Started process (PID=4650) to work on /home/airflow/.local/lib/python3.12/site-packages/airflow/example_dags/example_inlet_event_extra.py
[2026-06-13T17:28:47.052+0000] {processor.py:914} INFO - Processing file /home/airflow/.local/lib/python3.12/site-packages/airflow/example_dags/example_inlet_event_extra.py for tasks to queue
[2026-06-13T17:28:47.054+0000] {logging_mixin.py:190} INFO - [2026-06-13T17:28:47.054+0000] {dagbag.py:588} INFO - Filling up the DagBag from /home/airflow/.local/lib/python3.12/site-packages/airflow/example_dags/example_inlet_event_extra.py
[2026-06-13T17:28:47.159+0000] {processor.py:925} INFO - DAG(s) 'read_dataset_event_from_classic', 'read_dataset_event' retrieved from /home/airflow/.local/lib/python3.12/site-packages/airflow/example_dags/example_inlet_event_extra.py
[2026-06-13T17:28:47.182+0000] {logging_mixin.py:190} INFO - [2026-06-13T17:28:47.182+0000] {dag.py:3239} INFO - Sync 2 DAGs
[2026-06-13T17:28:47.206+0000] {logging_mixin.py:190} INFO - [2026-06-13T17:28:47.206+0000] {dag.py:4180} INFO - Setting next_dagrun for read_dataset_event to 2026-06-12 00:00:00+00:00, run_after=2026-06-13 00:00:00+00:00
[2026-06-13T17:28:47.210+0000] {logging_mixin.py:190} INFO - [2026-06-13T17:28:47.210+0000] {dag.py:4180} INFO - Setting next_dagrun for read_dataset_event_from_classic to 2026-06-12 00:00:00+00:00, run_after=2026-06-13 00:00:00+00:00
[2026-06-13T17:28:47.227+0000] {processor.py:208} INFO - Processing /home/airflow/.local/lib/python3.12/site-packages/airflow/example_dags/example_inlet_event_extra.py took 0.182 seconds
[2026-06-13T17:29:17.629+0000] {processor.py:186} INFO - Started process (PID=4712) to work on /home/airflow/.local/lib/python3.12/site-packages/airflow/example_dags/example_inlet_event_extra.py
[2026-06-13T17:29:17.630+0000] {processor.py:914} INFO - Processing file /home/airflow/.local/lib/python3.12/site-packages/airflow/example_dags/example_inlet_event_extra.py for tasks to queue
[2026-06-13T17:29:17.633+0000] {logging_mixin.py:190} INFO - [2026-06-13T17:29:17.632+0000] {dagbag.py:588} INFO - Filling up the DagBag from /home/airflow/.local/lib/python3.12/site-packages/airflow/example_dags/example_inlet_event_extra.py
[2026-06-13T17:29:17.739+0000] {processor.py:925} INFO - DAG(s) 'read_dataset_event_from_classic', 'read_dataset_event' retrieved from /home/airflow/.local/lib/python3.12/site-packages/airflow/example_dags/example_inlet_event_extra.py
[2026-06-13T17:29:17.762+0000] {logging_mixin.py:190} INFO - [2026-06-13T17:29:17.762+0000] {dag.py:3239} INFO - Sync 2 DAGs
[2026-06-13T17:29:17.784+0000] {logging_mixin.py:190} INFO - [2026-06-13T17:29:17.784+0000] {dag.py:4180} INFO - Setting next_dagrun for read_dataset_event to 2026-06-12 00:00:00+00:00, run_after=2026-06-13 00:00:00+00:00
[2026-06-13T17:29:17.788+0000] {logging_mixin.py:190} INFO - [2026-06-13T17:29:17.788+0000] {dag.py:4180} INFO - Setting next_dagrun for read_dataset_event_from_classic to 2026-06-12 00:00:00+00:00, run_after=2026-06-13 00:00:00+00:00
[2026-06-13T17:29:17.806+0000] {processor.py:208} INFO - Processing /home/airflow/.local/lib/python3.12/site-packages/airflow/example_dags/example_inlet_event_extra.py took 0.181 seconds
[2026-06-13T17:29:47.895+0000] {processor.py:186} INFO - Started process (PID=4774) to work on /home/airflow/.local/lib/python3.12/site-packages/airflow/example_dags/example_inlet_event_extra.py
[2026-06-13T17:29:47.896+0000] {processor.py:914} INFO - Processing file /home/airflow/.local/lib/python3.12/site-packages/airflow/example_dags/example_inlet_event_extra.py for tasks to queue
[2026-06-13T17:29:47.899+0000] {logging_mixin.py:190} INFO - [2026-06-13T17:29:47.899+0000] {dagbag.py:588} INFO - Filling up the DagBag from /home/airflow/.local/lib/python3.12/site-packages/airflow/example_dags/example_inlet_event_extra.py
[2026-06-13T17:29:48.009+0000] {processor.py:925} INFO - DAG(s) 'read_dataset_event_from_classic', 'read_dataset_event' retrieved from /home/airflow/.local/lib/python3.12/site-packages/airflow/example_dags/example_inlet_event_extra.py
[2026-06-13T17:29:48.032+0000] {logging_mixin.py:190} INFO - [2026-06-13T17:29:48.031+0000] {dag.py:3239} INFO - Sync 2 DAGs
[2026-06-13T17:29:48.053+0000] {logging_mixin.py:190} INFO - [2026-06-13T17:29:48.052+0000] {dag.py:4180} INFO - Setting next_dagrun for read_dataset_event to 2026-06-12 00:00:00+00:00, run_after=2026-06-13 00:00:00+00:00
[2026-06-13T17:29:48.057+0000] {logging_mixin.py:190} INFO - [2026-06-13T17:29:48.056+0000] {dag.py:4180} INFO - Setting next_dagrun for read_dataset_event_from_classic to 2026-06-12 00:00:00+00:00, run_after=2026-06-13 00:00:00+00:00
[2026-06-13T17:29:48.073+0000] {processor.py:208} INFO - Processing /home/airflow/.local/lib/python3.12/site-packages/airflow/example_dags/example_inlet_event_extra.py took 0.183 seconds
[2026-06-13T17:30:18.248+0000] {processor.py:186} INFO - Started process (PID=4836) to work on /home/airflow/.local/lib/python3.12/site-packages/airflow/example_dags/example_inlet_event_extra.py
[2026-06-13T17:30:18.249+0000] {processor.py:914} INFO - Processing file /home/airflow/.local/lib/python3.12/site-packages/airflow/example_dags/example_inlet_event_extra.py for tasks to queue
[2026-06-13T17:30:18.251+0000] {logging_mixin.py:190} INFO - [2026-06-13T17:30:18.251+0000] {dagbag.py:588} INFO - Filling up the DagBag from /home/airflow/.local/lib/python3.12/site-packages/airflow/example_dags/example_inlet_event_extra.py
[2026-06-13T17:30:18.373+0000] {processor.py:925} INFO - DAG(s) 'read_dataset_event', 'read_dataset_event_from_classic' retrieved from /home/airflow/.local/lib/python3.12/site-packages/airflow/example_dags/example_inlet_event_extra.py
[2026-06-13T17:30:18.396+0000] {logging_mixin.py:190} INFO - [2026-06-13T17:30:18.396+0000] {dag.py:3239} INFO - Sync 2 DAGs
[2026-06-13T17:30:18.419+0000] {logging_mixin.py:190} INFO - [2026-06-13T17:30:18.418+0000] {dag.py:4180} INFO - Setting next_dagrun for read_dataset_event to 2026-06-12 00:00:00+00:00, run_after=2026-06-13 00:00:00+00:00
[2026-06-13T17:30:18.423+0000] {logging_mixin.py:190} INFO - [2026-06-13T17:30:18.423+0000] {dag.py:4180} INFO - Setting next_dagrun for read_dataset_event_from_classic to 2026-06-12 00:00:00+00:00, run_after=2026-06-13 00:00:00+00:00
[2026-06-13T17:30:18.440+0000] {processor.py:208} INFO - Processing /home/airflow/.local/lib/python3.12/site-packages/airflow/example_dags/example_inlet_event_extra.py took 0.197 seconds
[2026-06-13T17:30:48.656+0000] {processor.py:186} INFO - Started process (PID=4899) to work on /home/airflow/.local/lib/python3.12/site-packages/airflow/example_dags/example_inlet_event_extra.py
[2026-06-13T17:30:48.657+0000] {processor.py:914} INFO - Processing file /home/airflow/.local/lib/python3.12/site-packages/airflow/example_dags/example_inlet_event_extra.py for tasks to queue
[2026-06-13T17:30:48.660+0000] {logging_mixin.py:190} INFO - [2026-06-13T17:30:48.660+0000] {dagbag.py:588} INFO - Filling up the DagBag from /home/airflow/.local/lib/python3.12/site-packages/airflow/example_dags/example_inlet_event_extra.py
[2026-06-13T17:30:48.772+0000] {processor.py:925} INFO - DAG(s) 'read_dataset_event_from_classic', 'read_dataset_event' retrieved from /home/airflow/.local/lib/python3.12/site-packages/airflow/example_dags/example_inlet_event_extra.py
[2026-06-13T17:30:48.802+0000] {logging_mixin.py:190} INFO - [2026-06-13T17:30:48.802+0000] {dag.py:3239} INFO - Sync 2 DAGs
[2026-06-13T17:30:48.830+0000] {logging_mixin.py:190} INFO - [2026-06-13T17:30:48.830+0000] {dag.py:4180} INFO - Setting next_dagrun for read_dataset_event to 2026-06-12 00:00:00+00:00, run_after=2026-06-13 00:00:00+00:00
[2026-06-13T17:30:48.836+0000] {logging_mixin.py:190} INFO - [2026-06-13T17:30:48.836+0000] {dag.py:4180} INFO - Setting next_dagrun for read_dataset_event_from_classic to 2026-06-12 00:00:00+00:00, run_after=2026-06-13 00:00:00+00:00
[2026-06-13T17:30:48.857+0000] {processor.py:208} INFO - Processing /home/airflow/.local/lib/python3.12/site-packages/airflow/example_dags/example_inlet_event_extra.py took 0.206 seconds
[2026-06-13T17:31:18.911+0000] {processor.py:186} INFO - Started process (PID=4960) to work on /home/airflow/.local/lib/python3.12/site-packages/airflow/example_dags/example_inlet_event_extra.py
[2026-06-13T17:31:18.912+0000] {processor.py:914} INFO - Processing file /home/airflow/.local/lib/python3.12/site-packages/airflow/example_dags/example_inlet_event_extra.py for tasks to queue
[2026-06-13T17:31:18.914+0000] {logging_mixin.py:190} INFO - [2026-06-13T17:31:18.914+0000] {dagbag.py:588} INFO - Filling up the DagBag from /home/airflow/.local/lib/python3.12/site-packages/airflow/example_dags/example_inlet_event_extra.py
[2026-06-13T17:31:19.005+0000] {processor.py:925} INFO - DAG(s) 'read_dataset_event_from_classic', 'read_dataset_event' retrieved from /home/airflow/.local/lib/python3.12/site-packages/airflow/example_dags/example_inlet_event_extra.py
[2026-06-13T17:31:19.023+0000] {logging_mixin.py:190} INFO - [2026-06-13T17:31:19.023+0000] {dag.py:3239} INFO - Sync 2 DAGs
[2026-06-13T17:31:19.040+0000] {logging_mixin.py:190} INFO - [2026-06-13T17:31:19.040+0000] {dag.py:4180} INFO - Setting next_dagrun for read_dataset_event to 2026-06-12 00:00:00+00:00, run_after=2026-06-13 00:00:00+00:00
[2026-06-13T17:31:19.044+0000] {logging_mixin.py:190} INFO - [2026-06-13T17:31:19.044+0000] {dag.py:4180} INFO - Setting next_dagrun for read_dataset_event_from_classic to 2026-06-12 00:00:00+00:00, run_after=2026-06-13 00:00:00+00:00
[2026-06-13T17:31:19.059+0000] {processor.py:208} INFO - Processing /home/airflow/.local/lib/python3.12/site-packages/airflow/example_dags/example_inlet_event_extra.py took 0.153 seconds
[2026-06-13T17:31:49.488+0000] {processor.py:186} INFO - Started process (PID=5023) to work on /home/airflow/.local/lib/python3.12/site-packages/airflow/example_dags/example_inlet_event_extra.py
[2026-06-13T17:31:49.489+0000] {processor.py:914} INFO - Processing file /home/airflow/.local/lib/python3.12/site-packages/airflow/example_dags/example_inlet_event_extra.py for tasks to queue
[2026-06-13T17:31:49.492+0000] {logging_mixin.py:190} INFO - [2026-06-13T17:31:49.492+0000] {dagbag.py:588} INFO - Filling up the DagBag from /home/airflow/.local/lib/python3.12/site-packages/airflow/example_dags/example_inlet_event_extra.py
[2026-06-13T17:31:49.593+0000] {processor.py:925} INFO - DAG(s) 'read_dataset_event_from_classic', 'read_dataset_event' retrieved from /home/airflow/.local/lib/python3.12/site-packages/airflow/example_dags/example_inlet_event_extra.py
[2026-06-13T17:31:49.610+0000] {logging_mixin.py:190} INFO - [2026-06-13T17:31:49.610+0000] {dag.py:3239} INFO - Sync 2 DAGs
[2026-06-13T17:31:49.629+0000] {logging_mixin.py:190} INFO - [2026-06-13T17:31:49.629+0000] {dag.py:4180} INFO - Setting next_dagrun for read_dataset_event to 2026-06-12 00:00:00+00:00, run_after=2026-06-13 00:00:00+00:00
[2026-06-13T17:31:49.633+0000] {logging_mixin.py:190} INFO - [2026-06-13T17:31:49.633+0000] {dag.py:4180} INFO - Setting next_dagrun for read_dataset_event_from_classic to 2026-06-12 00:00:00+00:00, run_after=2026-06-13 00:00:00+00:00
[2026-06-13T17:31:49.649+0000] {processor.py:208} INFO - Processing /home/airflow/.local/lib/python3.12/site-packages/airflow/example_dags/example_inlet_event_extra.py took 0.166 seconds
[2026-06-13T17:32:19.761+0000] {processor.py:186} INFO - Started process (PID=5085) to work on /home/airflow/.local/lib/python3.12/site-packages/airflow/example_dags/example_inlet_event_extra.py
[2026-06-13T17:32:19.763+0000] {processor.py:914} INFO - Processing file /home/airflow/.local/lib/python3.12/site-packages/airflow/example_dags/example_inlet_event_extra.py for tasks to queue
[2026-06-13T17:32:19.766+0000] {logging_mixin.py:190} INFO - [2026-06-13T17:32:19.766+0000] {dagbag.py:588} INFO - Filling up the DagBag from /home/airflow/.local/lib/python3.12/site-packages/airflow/example_dags/example_inlet_event_extra.py
[2026-06-13T17:32:19.883+0000] {processor.py:925} INFO - DAG(s) 'read_dataset_event_from_classic', 'read_dataset_event' retrieved from /home/airflow/.local/lib/python3.12/site-packages/airflow/example_dags/example_inlet_event_extra.py
[2026-06-13T17:32:19.908+0000] {logging_mixin.py:190} INFO - [2026-06-13T17:32:19.908+0000] {dag.py:3239} INFO - Sync 2 DAGs
[2026-06-13T17:32:19.939+0000] {logging_mixin.py:190} INFO - [2026-06-13T17:32:19.938+0000] {dag.py:4180} INFO - Setting next_dagrun for read_dataset_event to 2026-06-12 00:00:00+00:00, run_after=2026-06-13 00:00:00+00:00
[2026-06-13T17:32:19.944+0000] {logging_mixin.py:190} INFO - [2026-06-13T17:32:19.943+0000] {dag.py:4180} INFO - Setting next_dagrun for read_dataset_event_from_classic to 2026-06-12 00:00:00+00:00, run_after=2026-06-13 00:00:00+00:00
[2026-06-13T17:32:19.966+0000] {processor.py:208} INFO - Processing /home/airflow/.local/lib/python3.12/site-packages/airflow/example_dags/example_inlet_event_extra.py took 0.211 seconds
[2026-06-13T17:32:50.228+0000] {processor.py:186} INFO - Started process (PID=5147) to work on /home/airflow/.local/lib/python3.12/site-packages/airflow/example_dags/example_inlet_event_extra.py
[2026-06-13T17:32:50.230+0000] {processor.py:914} INFO - Processing file /home/airflow/.local/lib/python3.12/site-packages/airflow/example_dags/example_inlet_event_extra.py for tasks to queue
[2026-06-13T17:32:50.232+0000] {logging_mixin.py:190} INFO - [2026-06-13T17:32:50.232+0000] {dagbag.py:588} INFO - Filling up the DagBag from /home/airflow/.local/lib/python3.12/site-packages/airflow/example_dags/example_inlet_event_extra.py
[2026-06-13T17:32:50.345+0000] {processor.py:925} INFO - DAG(s) 'read_dataset_event_from_classic', 'read_dataset_event' retrieved from /home/airflow/.local/lib/python3.12/site-packages/airflow/example_dags/example_inlet_event_extra.py
[2026-06-13T17:32:50.364+0000] {logging_mixin.py:190} INFO - [2026-06-13T17:32:50.364+0000] {dag.py:3239} INFO - Sync 2 DAGs
[2026-06-13T17:32:50.389+0000] {logging_mixin.py:190} INFO - [2026-06-13T17:32:50.389+0000] {dag.py:4180} INFO - Setting next_dagrun for read_dataset_event to 2026-06-12 00:00:00+00:00, run_after=2026-06-13 00:00:00+00:00
[2026-06-13T17:32:50.393+0000] {logging_mixin.py:190} INFO - [2026-06-13T17:32:50.393+0000] {dag.py:4180} INFO - Setting next_dagrun for read_dataset_event_from_classic to 2026-06-12 00:00:00+00:00, run_after=2026-06-13 00:00:00+00:00
[2026-06-13T17:32:50.414+0000] {processor.py:208} INFO - Processing /home/airflow/.local/lib/python3.12/site-packages/airflow/example_dags/example_inlet_event_extra.py took 0.192 seconds
[2026-06-13T17:33:20.579+0000] {processor.py:186} INFO - Started process (PID=5209) to work on /home/airflow/.local/lib/python3.12/site-packages/airflow/example_dags/example_inlet_event_extra.py
[2026-06-13T17:33:20.581+0000] {processor.py:914} INFO - Processing file /home/airflow/.local/lib/python3.12/site-packages/airflow/example_dags/example_inlet_event_extra.py for tasks to queue
[2026-06-13T17:33:20.585+0000] {logging_mixin.py:190} INFO - [2026-06-13T17:33:20.584+0000] {dagbag.py:588} INFO - Filling up the DagBag from /home/airflow/.local/lib/python3.12/site-packages/airflow/example_dags/example_inlet_event_extra.py
[2026-06-13T17:33:20.715+0000] {processor.py:925} INFO - DAG(s) 'read_dataset_event', 'read_dataset_event_from_classic' retrieved from /home/airflow/.local/lib/python3.12/site-packages/airflow/example_dags/example_inlet_event_extra.py
[2026-06-13T17:33:20.741+0000] {logging_mixin.py:190} INFO - [2026-06-13T17:33:20.741+0000] {dag.py:3239} INFO - Sync 2 DAGs
[2026-06-13T17:33:20.768+0000] {logging_mixin.py:190} INFO - [2026-06-13T17:33:20.768+0000] {dag.py:4180} INFO - Setting next_dagrun for read_dataset_event to 2026-06-12 00:00:00+00:00, run_after=2026-06-13 00:00:00+00:00
[2026-06-13T17:33:20.774+0000] {logging_mixin.py:190} INFO - [2026-06-13T17:33:20.774+0000] {dag.py:4180} INFO - Setting next_dagrun for read_dataset_event_from_classic to 2026-06-12 00:00:00+00:00, run_after=2026-06-13 00:00:00+00:00
[2026-06-13T17:33:20.794+0000] {processor.py:208} INFO - Processing /home/airflow/.local/lib/python3.12/site-packages/airflow/example_dags/example_inlet_event_extra.py took 0.221 seconds
[2026-06-13T17:33:50.909+0000] {processor.py:186} INFO - Started process (PID=5271) to work on /home/airflow/.local/lib/python3.12/site-packages/airflow/example_dags/example_inlet_event_extra.py
[2026-06-13T17:33:50.910+0000] {processor.py:914} INFO - Processing file /home/airflow/.local/lib/python3.12/site-packages/airflow/example_dags/example_inlet_event_extra.py for tasks to queue
[2026-06-13T17:33:50.914+0000] {logging_mixin.py:190} INFO - [2026-06-13T17:33:50.913+0000] {dagbag.py:588} INFO - Filling up the DagBag from /home/airflow/.local/lib/python3.12/site-packages/airflow/example_dags/example_inlet_event_extra.py
[2026-06-13T17:33:51.035+0000] {processor.py:925} INFO - DAG(s) 'read_dataset_event', 'read_dataset_event_from_classic' retrieved from /home/airflow/.local/lib/python3.12/site-packages/airflow/example_dags/example_inlet_event_extra.py
[2026-06-13T17:33:51.055+0000] {logging_mixin.py:190} INFO - [2026-06-13T17:33:51.055+0000] {dag.py:3239} INFO - Sync 2 DAGs
[2026-06-13T17:33:51.083+0000] {logging_mixin.py:190} INFO - [2026-06-13T17:33:51.083+0000] {dag.py:4180} INFO - Setting next_dagrun for read_dataset_event to 2026-06-12 00:00:00+00:00, run_after=2026-06-13 00:00:00+00:00
[2026-06-13T17:33:51.090+0000] {logging_mixin.py:190} INFO - [2026-06-13T17:33:51.089+0000] {dag.py:4180} INFO - Setting next_dagrun for read_dataset_event_from_classic to 2026-06-12 00:00:00+00:00, run_after=2026-06-13 00:00:00+00:00
[2026-06-13T17:33:51.111+0000] {processor.py:208} INFO - Processing /home/airflow/.local/lib/python3.12/site-packages/airflow/example_dags/example_inlet_event_extra.py took 0.206 seconds
[2026-06-13T17:34:21.286+0000] {processor.py:186} INFO - Started process (PID=5333) to work on /home/airflow/.local/lib/python3.12/site-packages/airflow/example_dags/example_inlet_event_extra.py
[2026-06-13T17:34:21.288+0000] {processor.py:914} INFO - Processing file /home/airflow/.local/lib/python3.12/site-packages/airflow/example_dags/example_inlet_event_extra.py for tasks to queue
[2026-06-13T17:34:21.290+0000] {logging_mixin.py:190} INFO - [2026-06-13T17:34:21.290+0000] {dagbag.py:588} INFO - Filling up the DagBag from /home/airflow/.local/lib/python3.12/site-packages/airflow/example_dags/example_inlet_event_extra.py
[2026-06-13T17:34:21.392+0000] {processor.py:925} INFO - DAG(s) 'read_dataset_event_from_classic', 'read_dataset_event' retrieved from /home/airflow/.local/lib/python3.12/site-packages/airflow/example_dags/example_inlet_event_extra.py
[2026-06-13T17:34:21.413+0000] {logging_mixin.py:190} INFO - [2026-06-13T17:34:21.413+0000] {dag.py:3239} INFO - Sync 2 DAGs
[2026-06-13T17:34:21.434+0000] {logging_mixin.py:190} INFO - [2026-06-13T17:34:21.433+0000] {dag.py:4180} INFO - Setting next_dagrun for read_dataset_event to 2026-06-12 00:00:00+00:00, run_after=2026-06-13 00:00:00+00:00
[2026-06-13T17:34:21.437+0000] {logging_mixin.py:190} INFO - [2026-06-13T17:34:21.437+0000] {dag.py:4180} INFO - Setting next_dagrun for read_dataset_event_from_classic to 2026-06-12 00:00:00+00:00, run_after=2026-06-13 00:00:00+00:00
[2026-06-13T17:34:21.455+0000] {processor.py:208} INFO - Processing /home/airflow/.local/lib/python3.12/site-packages/airflow/example_dags/example_inlet_event_extra.py took 0.173 seconds
[2026-06-13T17:34:51.517+0000] {processor.py:186} INFO - Started process (PID=5395) to work on /home/airflow/.local/lib/python3.12/site-packages/airflow/example_dags/example_inlet_event_extra.py
[2026-06-13T17:34:51.518+0000] {processor.py:914} INFO - Processing file /home/airflow/.local/lib/python3.12/site-packages/airflow/example_dags/example_inlet_event_extra.py for tasks to queue
[2026-06-13T17:34:51.521+0000] {logging_mixin.py:190} INFO - [2026-06-13T17:34:51.520+0000] {dagbag.py:588} INFO - Filling up the DagBag from /home/airflow/.local/lib/python3.12/site-packages/airflow/example_dags/example_inlet_event_extra.py
[2026-06-13T17:34:51.629+0000] {processor.py:925} INFO - DAG(s) 'read_dataset_event_from_classic', 'read_dataset_event' retrieved from /home/airflow/.local/lib/python3.12/site-packages/airflow/example_dags/example_inlet_event_extra.py
[2026-06-13T17:34:51.659+0000] {logging_mixin.py:190} INFO - [2026-06-13T17:34:51.659+0000] {dag.py:3239} INFO - Sync 2 DAGs
[2026-06-13T17:34:51.689+0000] {logging_mixin.py:190} INFO - [2026-06-13T17:34:51.689+0000] {dag.py:4180} INFO - Setting next_dagrun for read_dataset_event to 2026-06-12 00:00:00+00:00, run_after=2026-06-13 00:00:00+00:00
[2026-06-13T17:34:51.696+0000] {logging_mixin.py:190} INFO - [2026-06-13T17:34:51.696+0000] {dag.py:4180} INFO - Setting next_dagrun for read_dataset_event_from_classic to 2026-06-12 00:00:00+00:00, run_after=2026-06-13 00:00:00+00:00
[2026-06-13T17:34:51.725+0000] {processor.py:208} INFO - Processing /home/airflow/.local/lib/python3.12/site-packages/airflow/example_dags/example_inlet_event_extra.py took 0.213 seconds
[2026-06-13T17:35:22.731+0000] {processor.py:186} INFO - Started process (PID=5457) to work on /home/airflow/.local/lib/python3.12/site-packages/airflow/example_dags/example_inlet_event_extra.py
[2026-06-13T17:35:22.733+0000] {processor.py:914} INFO - Processing file /home/airflow/.local/lib/python3.12/site-packages/airflow/example_dags/example_inlet_event_extra.py for tasks to queue
[2026-06-13T17:35:22.736+0000] {logging_mixin.py:190} INFO - [2026-06-13T17:35:22.736+0000] {dagbag.py:588} INFO - Filling up the DagBag from /home/airflow/.local/lib/python3.12/site-packages/airflow/example_dags/example_inlet_event_extra.py
[2026-06-13T17:35:22.842+0000] {processor.py:925} INFO - DAG(s) 'read_dataset_event_from_classic', 'read_dataset_event' retrieved from /home/airflow/.local/lib/python3.12/site-packages/airflow/example_dags/example_inlet_event_extra.py
[2026-06-13T17:35:22.868+0000] {logging_mixin.py:190} INFO - [2026-06-13T17:35:22.868+0000] {dag.py:3239} INFO - Sync 2 DAGs
[2026-06-13T17:35:22.893+0000] {logging_mixin.py:190} INFO - [2026-06-13T17:35:22.893+0000] {dag.py:4180} INFO - Setting next_dagrun for read_dataset_event to 2026-06-12 00:00:00+00:00, run_after=2026-06-13 00:00:00+00:00
[2026-06-13T17:35:22.900+0000] {logging_mixin.py:190} INFO - [2026-06-13T17:35:22.900+0000] {dag.py:4180} INFO - Setting next_dagrun for read_dataset_event_from_classic to 2026-06-12 00:00:00+00:00, run_after=2026-06-13 00:00:00+00:00
[2026-06-13T17:35:22.920+0000] {processor.py:208} INFO - Processing /home/airflow/.local/lib/python3.12/site-packages/airflow/example_dags/example_inlet_event_extra.py took 0.193 seconds
[2026-06-13T17:35:53.329+0000] {processor.py:186} INFO - Started process (PID=5519) to work on /home/airflow/.local/lib/python3.12/site-packages/airflow/example_dags/example_inlet_event_extra.py
[2026-06-13T17:35:53.330+0000] {processor.py:914} INFO - Processing file /home/airflow/.local/lib/python3.12/site-packages/airflow/example_dags/example_inlet_event_extra.py for tasks to queue
[2026-06-13T17:35:53.332+0000] {logging_mixin.py:190} INFO - [2026-06-13T17:35:53.332+0000] {dagbag.py:588} INFO - Filling up the DagBag from /home/airflow/.local/lib/python3.12/site-packages/airflow/example_dags/example_inlet_event_extra.py
[2026-06-13T17:35:53.436+0000] {processor.py:925} INFO - DAG(s) 'read_dataset_event', 'read_dataset_event_from_classic' retrieved from /home/airflow/.local/lib/python3.12/site-packages/airflow/example_dags/example_inlet_event_extra.py
[2026-06-13T17:35:53.456+0000] {logging_mixin.py:190} INFO - [2026-06-13T17:35:53.456+0000] {dag.py:3239} INFO - Sync 2 DAGs
[2026-06-13T17:35:53.478+0000] {logging_mixin.py:190} INFO - [2026-06-13T17:35:53.478+0000] {dag.py:4180} INFO - Setting next_dagrun for read_dataset_event to 2026-06-12 00:00:00+00:00, run_after=2026-06-13 00:00:00+00:00
[2026-06-13T17:35:53.482+0000] {logging_mixin.py:190} INFO - [2026-06-13T17:35:53.482+0000] {dag.py:4180} INFO - Setting next_dagrun for read_dataset_event_from_classic to 2026-06-12 00:00:00+00:00, run_after=2026-06-13 00:00:00+00:00
[2026-06-13T17:35:53.498+0000] {processor.py:208} INFO - Processing /home/airflow/.local/lib/python3.12/site-packages/airflow/example_dags/example_inlet_event_extra.py took 0.174 seconds
[2026-06-13T17:36:24.459+0000] {processor.py:186} INFO - Started process (PID=5581) to work on /home/airflow/.local/lib/python3.12/site-packages/airflow/example_dags/example_inlet_event_extra.py
[2026-06-13T17:36:24.460+0000] {processor.py:914} INFO - Processing file /home/airflow/.local/lib/python3.12/site-packages/airflow/example_dags/example_inlet_event_extra.py for tasks to queue
[2026-06-13T17:36:24.462+0000] {logging_mixin.py:190} INFO - [2026-06-13T17:36:24.462+0000] {dagbag.py:588} INFO - Filling up the DagBag from /home/airflow/.local/lib/python3.12/site-packages/airflow/example_dags/example_inlet_event_extra.py
[2026-06-13T17:36:24.575+0000] {processor.py:925} INFO - DAG(s) 'read_dataset_event_from_classic', 'read_dataset_event' retrieved from /home/airflow/.local/lib/python3.12/site-packages/airflow/example_dags/example_inlet_event_extra.py
[2026-06-13T17:36:24.598+0000] {logging_mixin.py:190} INFO - [2026-06-13T17:36:24.598+0000] {dag.py:3239} INFO - Sync 2 DAGs
[2026-06-13T17:36:24.621+0000] {logging_mixin.py:190} INFO - [2026-06-13T17:36:24.620+0000] {dag.py:4180} INFO - Setting next_dagrun for read_dataset_event to 2026-06-12 00:00:00+00:00, run_after=2026-06-13 00:00:00+00:00
[2026-06-13T17:36:24.625+0000] {logging_mixin.py:190} INFO - [2026-06-13T17:36:24.625+0000] {dag.py:4180} INFO - Setting next_dagrun for read_dataset_event_from_classic to 2026-06-12 00:00:00+00:00, run_after=2026-06-13 00:00:00+00:00
[2026-06-13T17:36:24.643+0000] {processor.py:208} INFO - Processing /home/airflow/.local/lib/python3.12/site-packages/airflow/example_dags/example_inlet_event_extra.py took 0.188 seconds
[2026-06-13T17:36:54.859+0000] {processor.py:186} INFO - Started process (PID=5643) to work on /home/airflow/.local/lib/python3.12/site-packages/airflow/example_dags/example_inlet_event_extra.py
[2026-06-13T17:36:54.860+0000] {processor.py:914} INFO - Processing file /home/airflow/.local/lib/python3.12/site-packages/airflow/example_dags/example_inlet_event_extra.py for tasks to queue
[2026-06-13T17:36:54.863+0000] {logging_mixin.py:190} INFO - [2026-06-13T17:36:54.863+0000] {dagbag.py:588} INFO - Filling up the DagBag from /home/airflow/.local/lib/python3.12/site-packages/airflow/example_dags/example_inlet_event_extra.py
[2026-06-13T17:36:54.970+0000] {processor.py:925} INFO - DAG(s) 'read_dataset_event', 'read_dataset_event_from_classic' retrieved from /home/airflow/.local/lib/python3.12/site-packages/airflow/example_dags/example_inlet_event_extra.py
[2026-06-13T17:36:54.991+0000] {logging_mixin.py:190} INFO - [2026-06-13T17:36:54.991+0000] {dag.py:3239} INFO - Sync 2 DAGs
[2026-06-13T17:36:55.014+0000] {logging_mixin.py:190} INFO - [2026-06-13T17:36:55.014+0000] {dag.py:4180} INFO - Setting next_dagrun for read_dataset_event to 2026-06-12 00:00:00+00:00, run_after=2026-06-13 00:00:00+00:00
[2026-06-13T17:36:55.019+0000] {logging_mixin.py:190} INFO - [2026-06-13T17:36:55.019+0000] {dag.py:4180} INFO - Setting next_dagrun for read_dataset_event_from_classic to 2026-06-12 00:00:00+00:00, run_after=2026-06-13 00:00:00+00:00
[2026-06-13T17:36:55.034+0000] {processor.py:208} INFO - Processing /home/airflow/.local/lib/python3.12/site-packages/airflow/example_dags/example_inlet_event_extra.py took 0.179 seconds
[2026-06-13T17:37:25.290+0000] {processor.py:186} INFO - Started process (PID=5705) to work on /home/airflow/.local/lib/python3.12/site-packages/airflow/example_dags/example_inlet_event_extra.py
[2026-06-13T17:37:25.291+0000] {processor.py:914} INFO - Processing file /home/airflow/.local/lib/python3.12/site-packages/airflow/example_dags/example_inlet_event_extra.py for tasks to queue
[2026-06-13T17:37:25.294+0000] {logging_mixin.py:190} INFO - [2026-06-13T17:37:25.293+0000] {dagbag.py:588} INFO - Filling up the DagBag from /home/airflow/.local/lib/python3.12/site-packages/airflow/example_dags/example_inlet_event_extra.py
[2026-06-13T17:37:25.396+0000] {processor.py:925} INFO - DAG(s) 'read_dataset_event_from_classic', 'read_dataset_event' retrieved from /home/airflow/.local/lib/python3.12/site-packages/airflow/example_dags/example_inlet_event_extra.py
[2026-06-13T17:37:25.415+0000] {logging_mixin.py:190} INFO - [2026-06-13T17:37:25.415+0000] {dag.py:3239} INFO - Sync 2 DAGs
[2026-06-13T17:37:25.435+0000] {logging_mixin.py:190} INFO - [2026-06-13T17:37:25.434+0000] {dag.py:4180} INFO - Setting next_dagrun for read_dataset_event to 2026-06-12 00:00:00+00:00, run_after=2026-06-13 00:00:00+00:00
[2026-06-13T17:37:25.439+0000] {logging_mixin.py:190} INFO - [2026-06-13T17:37:25.438+0000] {dag.py:4180} INFO - Setting next_dagrun for read_dataset_event_from_classic to 2026-06-12 00:00:00+00:00, run_after=2026-06-13 00:00:00+00:00
[2026-06-13T17:37:25.457+0000] {processor.py:208} INFO - Processing /home/airflow/.local/lib/python3.12/site-packages/airflow/example_dags/example_inlet_event_extra.py took 0.172 seconds
[2026-06-13T17:37:55.678+0000] {processor.py:186} INFO - Started process (PID=5767) to work on /home/airflow/.local/lib/python3.12/site-packages/airflow/example_dags/example_inlet_event_extra.py
[2026-06-13T17:37:55.679+0000] {processor.py:914} INFO - Processing file /home/airflow/.local/lib/python3.12/site-packages/airflow/example_dags/example_inlet_event_extra.py for tasks to queue
[2026-06-13T17:37:55.682+0000] {logging_mixin.py:190} INFO - [2026-06-13T17:37:55.682+0000] {dagbag.py:588} INFO - Filling up the DagBag from /home/airflow/.local/lib/python3.12/site-packages/airflow/example_dags/example_inlet_event_extra.py
[2026-06-13T17:37:55.784+0000] {processor.py:925} INFO - DAG(s) 'read_dataset_event_from_classic', 'read_dataset_event' retrieved from /home/airflow/.local/lib/python3.12/site-packages/airflow/example_dags/example_inlet_event_extra.py
[2026-06-13T17:37:55.805+0000] {logging_mixin.py:190} INFO - [2026-06-13T17:37:55.804+0000] {dag.py:3239} INFO - Sync 2 DAGs
[2026-06-13T17:37:55.824+0000] {logging_mixin.py:190} INFO - [2026-06-13T17:37:55.824+0000] {dag.py:4180} INFO - Setting next_dagrun for read_dataset_event to 2026-06-12 00:00:00+00:00, run_after=2026-06-13 00:00:00+00:00
[2026-06-13T17:37:55.828+0000] {logging_mixin.py:190} INFO - [2026-06-13T17:37:55.828+0000] {dag.py:4180} INFO - Setting next_dagrun for read_dataset_event_from_classic to 2026-06-12 00:00:00+00:00, run_after=2026-06-13 00:00:00+00:00
[2026-06-13T17:37:55.844+0000] {processor.py:208} INFO - Processing /home/airflow/.local/lib/python3.12/site-packages/airflow/example_dags/example_inlet_event_extra.py took 0.171 seconds
[2026-06-13T17:38:26.650+0000] {processor.py:186} INFO - Started process (PID=5829) to work on /home/airflow/.local/lib/python3.12/site-packages/airflow/example_dags/example_inlet_event_extra.py
[2026-06-13T17:38:26.651+0000] {processor.py:914} INFO - Processing file /home/airflow/.local/lib/python3.12/site-packages/airflow/example_dags/example_inlet_event_extra.py for tasks to queue
[2026-06-13T17:38:26.654+0000] {logging_mixin.py:190} INFO - [2026-06-13T17:38:26.654+0000] {dagbag.py:588} INFO - Filling up the DagBag from /home/airflow/.local/lib/python3.12/site-packages/airflow/example_dags/example_inlet_event_extra.py
[2026-06-13T17:38:26.756+0000] {processor.py:925} INFO - DAG(s) 'read_dataset_event_from_classic', 'read_dataset_event' retrieved from /home/airflow/.local/lib/python3.12/site-packages/airflow/example_dags/example_inlet_event_extra.py
[2026-06-13T17:38:26.776+0000] {logging_mixin.py:190} INFO - [2026-06-13T17:38:26.775+0000] {dag.py:3239} INFO - Sync 2 DAGs
[2026-06-13T17:38:26.796+0000] {logging_mixin.py:190} INFO - [2026-06-13T17:38:26.796+0000] {dag.py:4180} INFO - Setting next_dagrun for read_dataset_event to 2026-06-12 00:00:00+00:00, run_after=2026-06-13 00:00:00+00:00
[2026-06-13T17:38:26.800+0000] {logging_mixin.py:190} INFO - [2026-06-13T17:38:26.800+0000] {dag.py:4180} INFO - Setting next_dagrun for read_dataset_event_from_classic to 2026-06-12 00:00:00+00:00, run_after=2026-06-13 00:00:00+00:00
[2026-06-13T17:38:26.926+0000] {processor.py:208} INFO - Processing /home/airflow/.local/lib/python3.12/site-packages/airflow/example_dags/example_inlet_event_extra.py took 0.282 seconds
[2026-06-13T17:38:57.257+0000] {processor.py:186} INFO - Started process (PID=5891) to work on /home/airflow/.local/lib/python3.12/site-packages/airflow/example_dags/example_inlet_event_extra.py
[2026-06-13T17:38:57.258+0000] {processor.py:914} INFO - Processing file /home/airflow/.local/lib/python3.12/site-packages/airflow/example_dags/example_inlet_event_extra.py for tasks to queue
[2026-06-13T17:38:57.261+0000] {logging_mixin.py:190} INFO - [2026-06-13T17:38:57.260+0000] {dagbag.py:588} INFO - Filling up the DagBag from /home/airflow/.local/lib/python3.12/site-packages/airflow/example_dags/example_inlet_event_extra.py
[2026-06-13T17:38:57.361+0000] {processor.py:925} INFO - DAG(s) 'read_dataset_event_from_classic', 'read_dataset_event' retrieved from /home/airflow/.local/lib/python3.12/site-packages/airflow/example_dags/example_inlet_event_extra.py
[2026-06-13T17:38:57.380+0000] {logging_mixin.py:190} INFO - [2026-06-13T17:38:57.379+0000] {dag.py:3239} INFO - Sync 2 DAGs
[2026-06-13T17:38:57.399+0000] {logging_mixin.py:190} INFO - [2026-06-13T17:38:57.399+0000] {dag.py:4180} INFO - Setting next_dagrun for read_dataset_event to 2026-06-12 00:00:00+00:00, run_after=2026-06-13 00:00:00+00:00
[2026-06-13T17:38:57.403+0000] {logging_mixin.py:190} INFO - [2026-06-13T17:38:57.403+0000] {dag.py:4180} INFO - Setting next_dagrun for read_dataset_event_from_classic to 2026-06-12 00:00:00+00:00, run_after=2026-06-13 00:00:00+00:00
[2026-06-13T17:38:57.420+0000] {processor.py:208} INFO - Processing /home/airflow/.local/lib/python3.12/site-packages/airflow/example_dags/example_inlet_event_extra.py took 0.167 seconds
[2026-06-13T17:39:28.051+0000] {processor.py:186} INFO - Started process (PID=5954) to work on /home/airflow/.local/lib/python3.12/site-packages/airflow/example_dags/example_inlet_event_extra.py
[2026-06-13T17:39:28.053+0000] {processor.py:914} INFO - Processing file /home/airflow/.local/lib/python3.12/site-packages/airflow/example_dags/example_inlet_event_extra.py for tasks to queue
[2026-06-13T17:39:28.056+0000] {logging_mixin.py:190} INFO - [2026-06-13T17:39:28.055+0000] {dagbag.py:588} INFO - Filling up the DagBag from /home/airflow/.local/lib/python3.12/site-packages/airflow/example_dags/example_inlet_event_extra.py
[2026-06-13T17:39:28.162+0000] {processor.py:925} INFO - DAG(s) 'read_dataset_event', 'read_dataset_event_from_classic' retrieved from /home/airflow/.local/lib/python3.12/site-packages/airflow/example_dags/example_inlet_event_extra.py
[2026-06-13T17:39:28.180+0000] {logging_mixin.py:190} INFO - [2026-06-13T17:39:28.180+0000] {dag.py:3239} INFO - Sync 2 DAGs
[2026-06-13T17:39:28.197+0000] {logging_mixin.py:190} INFO - [2026-06-13T17:39:28.197+0000] {dag.py:4180} INFO - Setting next_dagrun for read_dataset_event to 2026-06-12 00:00:00+00:00, run_after=2026-06-13 00:00:00+00:00
[2026-06-13T17:39:28.201+0000] {logging_mixin.py:190} INFO - [2026-06-13T17:39:28.201+0000] {dag.py:4180} INFO - Setting next_dagrun for read_dataset_event_from_classic to 2026-06-12 00:00:00+00:00, run_after=2026-06-13 00:00:00+00:00
[2026-06-13T17:39:28.214+0000] {processor.py:208} INFO - Processing /home/airflow/.local/lib/python3.12/site-packages/airflow/example_dags/example_inlet_event_extra.py took 0.168 seconds
[2026-06-13T17:39:59.167+0000] {processor.py:186} INFO - Started process (PID=6016) to work on /home/airflow/.local/lib/python3.12/site-packages/airflow/example_dags/example_inlet_event_extra.py
[2026-06-13T17:39:59.168+0000] {processor.py:914} INFO - Processing file /home/airflow/.local/lib/python3.12/site-packages/airflow/example_dags/example_inlet_event_extra.py for tasks to queue
[2026-06-13T17:39:59.171+0000] {logging_mixin.py:190} INFO - [2026-06-13T17:39:59.170+0000] {dagbag.py:588} INFO - Filling up the DagBag from /home/airflow/.local/lib/python3.12/site-packages/airflow/example_dags/example_inlet_event_extra.py
[2026-06-13T17:39:59.269+0000] {processor.py:925} INFO - DAG(s) 'read_dataset_event_from_classic', 'read_dataset_event' retrieved from /home/airflow/.local/lib/python3.12/site-packages/airflow/example_dags/example_inlet_event_extra.py
[2026-06-13T17:39:59.285+0000] {logging_mixin.py:190} INFO - [2026-06-13T17:39:59.284+0000] {dag.py:3239} INFO - Sync 2 DAGs
[2026-06-13T17:39:59.300+0000] {logging_mixin.py:190} INFO - [2026-06-13T17:39:59.300+0000] {dag.py:4180} INFO - Setting next_dagrun for read_dataset_event to 2026-06-12 00:00:00+00:00, run_after=2026-06-13 00:00:00+00:00
[2026-06-13T17:39:59.304+0000] {logging_mixin.py:190} INFO - [2026-06-13T17:39:59.303+0000] {dag.py:4180} INFO - Setting next_dagrun for read_dataset_event_from_classic to 2026-06-12 00:00:00+00:00, run_after=2026-06-13 00:00:00+00:00
[2026-06-13T17:39:59.319+0000] {processor.py:208} INFO - Processing /home/airflow/.local/lib/python3.12/site-packages/airflow/example_dags/example_inlet_event_extra.py took 0.156 seconds
[2026-06-13T17:40:29.492+0000] {processor.py:186} INFO - Started process (PID=6078) to work on /home/airflow/.local/lib/python3.12/site-packages/airflow/example_dags/example_inlet_event_extra.py
[2026-06-13T17:40:29.493+0000] {processor.py:914} INFO - Processing file /home/airflow/.local/lib/python3.12/site-packages/airflow/example_dags/example_inlet_event_extra.py for tasks to queue
[2026-06-13T17:40:29.495+0000] {logging_mixin.py:190} INFO - [2026-06-13T17:40:29.495+0000] {dagbag.py:588} INFO - Filling up the DagBag from /home/airflow/.local/lib/python3.12/site-packages/airflow/example_dags/example_inlet_event_extra.py
[2026-06-13T17:40:29.595+0000] {processor.py:925} INFO - DAG(s) 'read_dataset_event', 'read_dataset_event_from_classic' retrieved from /home/airflow/.local/lib/python3.12/site-packages/airflow/example_dags/example_inlet_event_extra.py
[2026-06-13T17:40:29.613+0000] {logging_mixin.py:190} INFO - [2026-06-13T17:40:29.613+0000] {dag.py:3239} INFO - Sync 2 DAGs
[2026-06-13T17:40:29.631+0000] {logging_mixin.py:190} INFO - [2026-06-13T17:40:29.631+0000] {dag.py:4180} INFO - Setting next_dagrun for read_dataset_event to 2026-06-12 00:00:00+00:00, run_after=2026-06-13 00:00:00+00:00
[2026-06-13T17:40:29.635+0000] {logging_mixin.py:190} INFO - [2026-06-13T17:40:29.634+0000] {dag.py:4180} INFO - Setting next_dagrun for read_dataset_event_from_classic to 2026-06-12 00:00:00+00:00, run_after=2026-06-13 00:00:00+00:00
[2026-06-13T17:40:29.648+0000] {processor.py:208} INFO - Processing /home/airflow/.local/lib/python3.12/site-packages/airflow/example_dags/example_inlet_event_extra.py took 0.161 seconds
[2026-06-13T17:40:59.707+0000] {processor.py:186} INFO - Started process (PID=6140) to work on /home/airflow/.local/lib/python3.12/site-packages/airflow/example_dags/example_inlet_event_extra.py
[2026-06-13T17:40:59.708+0000] {processor.py:914} INFO - Processing file /home/airflow/.local/lib/python3.12/site-packages/airflow/example_dags/example_inlet_event_extra.py for tasks to queue
[2026-06-13T17:40:59.710+0000] {logging_mixin.py:190} INFO - [2026-06-13T17:40:59.710+0000] {dagbag.py:588} INFO - Filling up the DagBag from /home/airflow/.local/lib/python3.12/site-packages/airflow/example_dags/example_inlet_event_extra.py
[2026-06-13T17:40:59.812+0000] {processor.py:925} INFO - DAG(s) 'read_dataset_event_from_classic', 'read_dataset_event' retrieved from /home/airflow/.local/lib/python3.12/site-packages/airflow/example_dags/example_inlet_event_extra.py
[2026-06-13T17:40:59.834+0000] {logging_mixin.py:190} INFO - [2026-06-13T17:40:59.834+0000] {dag.py:3239} INFO - Sync 2 DAGs
[2026-06-13T17:40:59.853+0000] {logging_mixin.py:190} INFO - [2026-06-13T17:40:59.853+0000] {dag.py:4180} INFO - Setting next_dagrun for read_dataset_event to 2026-06-12 00:00:00+00:00, run_after=2026-06-13 00:00:00+00:00
[2026-06-13T17:40:59.857+0000] {logging_mixin.py:190} INFO - [2026-06-13T17:40:59.857+0000] {dag.py:4180} INFO - Setting next_dagrun for read_dataset_event_from_classic to 2026-06-12 00:00:00+00:00, run_after=2026-06-13 00:00:00+00:00
[2026-06-13T17:40:59.874+0000] {processor.py:208} INFO - Processing /home/airflow/.local/lib/python3.12/site-packages/airflow/example_dags/example_inlet_event_extra.py took 0.173 seconds
[2026-06-13T17:41:30.191+0000] {processor.py:186} INFO - Started process (PID=6202) to work on /home/airflow/.local/lib/python3.12/site-packages/airflow/example_dags/example_inlet_event_extra.py
[2026-06-13T17:41:30.192+0000] {processor.py:914} INFO - Processing file /home/airflow/.local/lib/python3.12/site-packages/airflow/example_dags/example_inlet_event_extra.py for tasks to queue
[2026-06-13T17:41:30.194+0000] {logging_mixin.py:190} INFO - [2026-06-13T17:41:30.194+0000] {dagbag.py:588} INFO - Filling up the DagBag from /home/airflow/.local/lib/python3.12/site-packages/airflow/example_dags/example_inlet_event_extra.py
[2026-06-13T17:41:30.293+0000] {processor.py:925} INFO - DAG(s) 'read_dataset_event', 'read_dataset_event_from_classic' retrieved from /home/airflow/.local/lib/python3.12/site-packages/airflow/example_dags/example_inlet_event_extra.py
[2026-06-13T17:41:30.309+0000] {logging_mixin.py:190} INFO - [2026-06-13T17:41:30.308+0000] {dag.py:3239} INFO - Sync 2 DAGs
[2026-06-13T17:41:30.324+0000] {logging_mixin.py:190} INFO - [2026-06-13T17:41:30.324+0000] {dag.py:4180} INFO - Setting next_dagrun for read_dataset_event to 2026-06-12 00:00:00+00:00, run_after=2026-06-13 00:00:00+00:00
[2026-06-13T17:41:30.328+0000] {logging_mixin.py:190} INFO - [2026-06-13T17:41:30.328+0000] {dag.py:4180} INFO - Setting next_dagrun for read_dataset_event_from_classic to 2026-06-12 00:00:00+00:00, run_after=2026-06-13 00:00:00+00:00
[2026-06-13T17:41:30.469+0000] {processor.py:208} INFO - Processing /home/airflow/.local/lib/python3.12/site-packages/airflow/example_dags/example_inlet_event_extra.py took 0.283 seconds
[2026-06-13T17:42:01.377+0000] {processor.py:186} INFO - Started process (PID=6264) to work on /home/airflow/.local/lib/python3.12/site-packages/airflow/example_dags/example_inlet_event_extra.py
[2026-06-13T17:42:01.378+0000] {processor.py:914} INFO - Processing file /home/airflow/.local/lib/python3.12/site-packages/airflow/example_dags/example_inlet_event_extra.py for tasks to queue
[2026-06-13T17:42:01.380+0000] {logging_mixin.py:190} INFO - [2026-06-13T17:42:01.380+0000] {dagbag.py:588} INFO - Filling up the DagBag from /home/airflow/.local/lib/python3.12/site-packages/airflow/example_dags/example_inlet_event_extra.py
[2026-06-13T17:42:01.481+0000] {processor.py:925} INFO - DAG(s) 'read_dataset_event', 'read_dataset_event_from_classic' retrieved from /home/airflow/.local/lib/python3.12/site-packages/airflow/example_dags/example_inlet_event_extra.py
[2026-06-13T17:42:01.498+0000] {logging_mixin.py:190} INFO - [2026-06-13T17:42:01.498+0000] {dag.py:3239} INFO - Sync 2 DAGs
[2026-06-13T17:42:01.516+0000] {logging_mixin.py:190} INFO - [2026-06-13T17:42:01.516+0000] {dag.py:4180} INFO - Setting next_dagrun for read_dataset_event to 2026-06-12 00:00:00+00:00, run_after=2026-06-13 00:00:00+00:00
[2026-06-13T17:42:01.520+0000] {logging_mixin.py:190} INFO - [2026-06-13T17:42:01.520+0000] {dag.py:4180} INFO - Setting next_dagrun for read_dataset_event_from_classic to 2026-06-12 00:00:00+00:00, run_after=2026-06-13 00:00:00+00:00
[2026-06-13T17:42:01.533+0000] {processor.py:208} INFO - Processing /home/airflow/.local/lib/python3.12/site-packages/airflow/example_dags/example_inlet_event_extra.py took 0.161 seconds
[2026-06-13T17:42:31.588+0000] {processor.py:186} INFO - Started process (PID=6326) to work on /home/airflow/.local/lib/python3.12/site-packages/airflow/example_dags/example_inlet_event_extra.py
[2026-06-13T17:42:31.589+0000] {processor.py:914} INFO - Processing file /home/airflow/.local/lib/python3.12/site-packages/airflow/example_dags/example_inlet_event_extra.py for tasks to queue
[2026-06-13T17:42:31.591+0000] {logging_mixin.py:190} INFO - [2026-06-13T17:42:31.591+0000] {dagbag.py:588} INFO - Filling up the DagBag from /home/airflow/.local/lib/python3.12/site-packages/airflow/example_dags/example_inlet_event_extra.py
[2026-06-13T17:42:31.690+0000] {processor.py:925} INFO - DAG(s) 'read_dataset_event_from_classic', 'read_dataset_event' retrieved from /home/airflow/.local/lib/python3.12/site-packages/airflow/example_dags/example_inlet_event_extra.py
[2026-06-13T17:42:31.712+0000] {logging_mixin.py:190} INFO - [2026-06-13T17:42:31.712+0000] {dag.py:3239} INFO - Sync 2 DAGs
[2026-06-13T17:42:31.732+0000] {logging_mixin.py:190} INFO - [2026-06-13T17:42:31.732+0000] {dag.py:4180} INFO - Setting next_dagrun for read_dataset_event to 2026-06-12 00:00:00+00:00, run_after=2026-06-13 00:00:00+00:00
[2026-06-13T17:42:31.736+0000] {logging_mixin.py:190} INFO - [2026-06-13T17:42:31.736+0000] {dag.py:4180} INFO - Setting next_dagrun for read_dataset_event_from_classic to 2026-06-12 00:00:00+00:00, run_after=2026-06-13 00:00:00+00:00
[2026-06-13T17:42:31.751+0000] {processor.py:208} INFO - Processing /home/airflow/.local/lib/python3.12/site-packages/airflow/example_dags/example_inlet_event_extra.py took 0.167 seconds
[2026-06-13T17:43:01.990+0000] {processor.py:186} INFO - Started process (PID=6388) to work on /home/airflow/.local/lib/python3.12/site-packages/airflow/example_dags/example_inlet_event_extra.py
[2026-06-13T17:43:01.991+0000] {processor.py:914} INFO - Processing file /home/airflow/.local/lib/python3.12/site-packages/airflow/example_dags/example_inlet_event_extra.py for tasks to queue
[2026-06-13T17:43:01.994+0000] {logging_mixin.py:190} INFO - [2026-06-13T17:43:01.993+0000] {dagbag.py:588} INFO - Filling up the DagBag from /home/airflow/.local/lib/python3.12/site-packages/airflow/example_dags/example_inlet_event_extra.py
[2026-06-13T17:43:02.102+0000] {processor.py:925} INFO - DAG(s) 'read_dataset_event', 'read_dataset_event_from_classic' retrieved from /home/airflow/.local/lib/python3.12/site-packages/airflow/example_dags/example_inlet_event_extra.py
[2026-06-13T17:43:02.122+0000] {logging_mixin.py:190} INFO - [2026-06-13T17:43:02.121+0000] {dag.py:3239} INFO - Sync 2 DAGs
[2026-06-13T17:43:02.141+0000] {logging_mixin.py:190} INFO - [2026-06-13T17:43:02.141+0000] {dag.py:4180} INFO - Setting next_dagrun for read_dataset_event to 2026-06-12 00:00:00+00:00, run_after=2026-06-13 00:00:00+00:00
[2026-06-13T17:43:02.145+0000] {logging_mixin.py:190} INFO - [2026-06-13T17:43:02.145+0000] {dag.py:4180} INFO - Setting next_dagrun for read_dataset_event_from_classic to 2026-06-12 00:00:00+00:00, run_after=2026-06-13 00:00:00+00:00
[2026-06-13T17:43:02.158+0000] {processor.py:208} INFO - Processing /home/airflow/.local/lib/python3.12/site-packages/airflow/example_dags/example_inlet_event_extra.py took 0.175 seconds
[2026-06-13T17:43:32.530+0000] {processor.py:186} INFO - Started process (PID=6450) to work on /home/airflow/.local/lib/python3.12/site-packages/airflow/example_dags/example_inlet_event_extra.py
[2026-06-13T17:43:32.531+0000] {processor.py:914} INFO - Processing file /home/airflow/.local/lib/python3.12/site-packages/airflow/example_dags/example_inlet_event_extra.py for tasks to queue
[2026-06-13T17:43:32.534+0000] {logging_mixin.py:190} INFO - [2026-06-13T17:43:32.533+0000] {dagbag.py:588} INFO - Filling up the DagBag from /home/airflow/.local/lib/python3.12/site-packages/airflow/example_dags/example_inlet_event_extra.py
[2026-06-13T17:43:32.644+0000] {processor.py:925} INFO - DAG(s) 'read_dataset_event_from_classic', 'read_dataset_event' retrieved from /home/airflow/.local/lib/python3.12/site-packages/airflow/example_dags/example_inlet_event_extra.py
[2026-06-13T17:43:32.663+0000] {logging_mixin.py:190} INFO - [2026-06-13T17:43:32.663+0000] {dag.py:3239} INFO - Sync 2 DAGs
[2026-06-13T17:43:32.683+0000] {logging_mixin.py:190} INFO - [2026-06-13T17:43:32.683+0000] {dag.py:4180} INFO - Setting next_dagrun for read_dataset_event to 2026-06-12 00:00:00+00:00, run_after=2026-06-13 00:00:00+00:00
[2026-06-13T17:43:32.687+0000] {logging_mixin.py:190} INFO - [2026-06-13T17:43:32.687+0000] {dag.py:4180} INFO - Setting next_dagrun for read_dataset_event_from_classic to 2026-06-12 00:00:00+00:00, run_after=2026-06-13 00:00:00+00:00
[2026-06-13T17:43:32.702+0000] {processor.py:208} INFO - Processing /home/airflow/.local/lib/python3.12/site-packages/airflow/example_dags/example_inlet_event_extra.py took 0.177 seconds
[2026-06-13T17:44:02.782+0000] {processor.py:186} INFO - Started process (PID=6512) to work on /home/airflow/.local/lib/python3.12/site-packages/airflow/example_dags/example_inlet_event_extra.py
[2026-06-13T17:44:02.784+0000] {processor.py:914} INFO - Processing file /home/airflow/.local/lib/python3.12/site-packages/airflow/example_dags/example_inlet_event_extra.py for tasks to queue
[2026-06-13T17:44:02.788+0000] {logging_mixin.py:190} INFO - [2026-06-13T17:44:02.788+0000] {dagbag.py:588} INFO - Filling up the DagBag from /home/airflow/.local/lib/python3.12/site-packages/airflow/example_dags/example_inlet_event_extra.py
[2026-06-13T17:44:02.895+0000] {processor.py:925} INFO - DAG(s) 'read_dataset_event_from_classic', 'read_dataset_event' retrieved from /home/airflow/.local/lib/python3.12/site-packages/airflow/example_dags/example_inlet_event_extra.py
[2026-06-13T17:44:02.913+0000] {logging_mixin.py:190} INFO - [2026-06-13T17:44:02.913+0000] {dag.py:3239} INFO - Sync 2 DAGs
[2026-06-13T17:44:02.931+0000] {logging_mixin.py:190} INFO - [2026-06-13T17:44:02.931+0000] {dag.py:4180} INFO - Setting next_dagrun for read_dataset_event to 2026-06-12 00:00:00+00:00, run_after=2026-06-13 00:00:00+00:00
[2026-06-13T17:44:02.936+0000] {logging_mixin.py:190} INFO - [2026-06-13T17:44:02.936+0000] {dag.py:4180} INFO - Setting next_dagrun for read_dataset_event_from_classic to 2026-06-12 00:00:00+00:00, run_after=2026-06-13 00:00:00+00:00
[2026-06-13T17:44:02.950+0000] {processor.py:208} INFO - Processing /home/airflow/.local/lib/python3.12/site-packages/airflow/example_dags/example_inlet_event_extra.py took 0.172 seconds
[2026-06-13T17:44:33.829+0000] {processor.py:186} INFO - Started process (PID=6574) to work on /home/airflow/.local/lib/python3.12/site-packages/airflow/example_dags/example_inlet_event_extra.py
[2026-06-13T17:44:33.830+0000] {processor.py:914} INFO - Processing file /home/airflow/.local/lib/python3.12/site-packages/airflow/example_dags/example_inlet_event_extra.py for tasks to queue
[2026-06-13T17:44:33.833+0000] {logging_mixin.py:190} INFO - [2026-06-13T17:44:33.832+0000] {dagbag.py:588} INFO - Filling up the DagBag from /home/airflow/.local/lib/python3.12/site-packages/airflow/example_dags/example_inlet_event_extra.py
[2026-06-13T17:44:33.943+0000] {processor.py:925} INFO - DAG(s) 'read_dataset_event_from_classic', 'read_dataset_event' retrieved from /home/airflow/.local/lib/python3.12/site-packages/airflow/example_dags/example_inlet_event_extra.py
[2026-06-13T17:44:33.961+0000] {logging_mixin.py:190} INFO - [2026-06-13T17:44:33.960+0000] {dag.py:3239} INFO - Sync 2 DAGs
[2026-06-13T17:44:33.979+0000] {logging_mixin.py:190} INFO - [2026-06-13T17:44:33.978+0000] {dag.py:4180} INFO - Setting next_dagrun for read_dataset_event to 2026-06-12 00:00:00+00:00, run_after=2026-06-13 00:00:00+00:00
[2026-06-13T17:44:33.983+0000] {logging_mixin.py:190} INFO - [2026-06-13T17:44:33.983+0000] {dag.py:4180} INFO - Setting next_dagrun for read_dataset_event_from_classic to 2026-06-12 00:00:00+00:00, run_after=2026-06-13 00:00:00+00:00
[2026-06-13T17:44:34.000+0000] {processor.py:208} INFO - Processing /home/airflow/.local/lib/python3.12/site-packages/airflow/example_dags/example_inlet_event_extra.py took 0.175 seconds
[2026-06-13T17:45:04.286+0000] {processor.py:186} INFO - Started process (PID=6636) to work on /home/airflow/.local/lib/python3.12/site-packages/airflow/example_dags/example_inlet_event_extra.py
[2026-06-13T17:45:04.287+0000] {processor.py:914} INFO - Processing file /home/airflow/.local/lib/python3.12/site-packages/airflow/example_dags/example_inlet_event_extra.py for tasks to queue
[2026-06-13T17:45:04.289+0000] {logging_mixin.py:190} INFO - [2026-06-13T17:45:04.289+0000] {dagbag.py:588} INFO - Filling up the DagBag from /home/airflow/.local/lib/python3.12/site-packages/airflow/example_dags/example_inlet_event_extra.py
[2026-06-13T17:45:04.384+0000] {processor.py:925} INFO - DAG(s) 'read_dataset_event', 'read_dataset_event_from_classic' retrieved from /home/airflow/.local/lib/python3.12/site-packages/airflow/example_dags/example_inlet_event_extra.py
[2026-06-13T17:45:04.400+0000] {logging_mixin.py:190} INFO - [2026-06-13T17:45:04.400+0000] {dag.py:3239} INFO - Sync 2 DAGs
[2026-06-13T17:45:04.416+0000] {logging_mixin.py:190} INFO - [2026-06-13T17:45:04.416+0000] {dag.py:4180} INFO - Setting next_dagrun for read_dataset_event to 2026-06-12 00:00:00+00:00, run_after=2026-06-13 00:00:00+00:00
[2026-06-13T17:45:04.420+0000] {logging_mixin.py:190} INFO - [2026-06-13T17:45:04.420+0000] {dag.py:4180} INFO - Setting next_dagrun for read_dataset_event_from_classic to 2026-06-12 00:00:00+00:00, run_after=2026-06-13 00:00:00+00:00
[2026-06-13T17:45:04.432+0000] {processor.py:208} INFO - Processing /home/airflow/.local/lib/python3.12/site-packages/airflow/example_dags/example_inlet_event_extra.py took 0.151 seconds
[2026-06-13T17:45:35.156+0000] {processor.py:186} INFO - Started process (PID=6698) to work on /home/airflow/.local/lib/python3.12/site-packages/airflow/example_dags/example_inlet_event_extra.py
[2026-06-13T17:45:35.157+0000] {processor.py:914} INFO - Processing file /home/airflow/.local/lib/python3.12/site-packages/airflow/example_dags/example_inlet_event_extra.py for tasks to queue
[2026-06-13T17:45:35.159+0000] {logging_mixin.py:190} INFO - [2026-06-13T17:45:35.159+0000] {dagbag.py:588} INFO - Filling up the DagBag from /home/airflow/.local/lib/python3.12/site-packages/airflow/example_dags/example_inlet_event_extra.py
[2026-06-13T17:45:35.258+0000] {processor.py:925} INFO - DAG(s) 'read_dataset_event', 'read_dataset_event_from_classic' retrieved from /home/airflow/.local/lib/python3.12/site-packages/airflow/example_dags/example_inlet_event_extra.py
[2026-06-13T17:45:35.276+0000] {logging_mixin.py:190} INFO - [2026-06-13T17:45:35.276+0000] {dag.py:3239} INFO - Sync 2 DAGs
[2026-06-13T17:45:35.294+0000] {logging_mixin.py:190} INFO - [2026-06-13T17:45:35.293+0000] {dag.py:4180} INFO - Setting next_dagrun for read_dataset_event to 2026-06-12 00:00:00+00:00, run_after=2026-06-13 00:00:00+00:00
[2026-06-13T17:45:35.297+0000] {logging_mixin.py:190} INFO - [2026-06-13T17:45:35.297+0000] {dag.py:4180} INFO - Setting next_dagrun for read_dataset_event_from_classic to 2026-06-12 00:00:00+00:00, run_after=2026-06-13 00:00:00+00:00
[2026-06-13T17:45:35.313+0000] {processor.py:208} INFO - Processing /home/airflow/.local/lib/python3.12/site-packages/airflow/example_dags/example_inlet_event_extra.py took 0.162 seconds
[2026-06-13T17:46:05.389+0000] {processor.py:186} INFO - Started process (PID=6760) to work on /home/airflow/.local/lib/python3.12/site-packages/airflow/example_dags/example_inlet_event_extra.py
[2026-06-13T17:46:05.390+0000] {processor.py:914} INFO - Processing file /home/airflow/.local/lib/python3.12/site-packages/airflow/example_dags/example_inlet_event_extra.py for tasks to queue
[2026-06-13T17:46:05.393+0000] {logging_mixin.py:190} INFO - [2026-06-13T17:46:05.393+0000] {dagbag.py:588} INFO - Filling up the DagBag from /home/airflow/.local/lib/python3.12/site-packages/airflow/example_dags/example_inlet_event_extra.py
[2026-06-13T17:46:05.512+0000] {processor.py:925} INFO - DAG(s) 'read_dataset_event_from_classic', 'read_dataset_event' retrieved from /home/airflow/.local/lib/python3.12/site-packages/airflow/example_dags/example_inlet_event_extra.py
[2026-06-13T17:46:05.536+0000] {logging_mixin.py:190} INFO - [2026-06-13T17:46:05.536+0000] {dag.py:3239} INFO - Sync 2 DAGs
[2026-06-13T17:46:05.558+0000] {logging_mixin.py:190} INFO - [2026-06-13T17:46:05.557+0000] {dag.py:4180} INFO - Setting next_dagrun for read_dataset_event to 2026-06-12 00:00:00+00:00, run_after=2026-06-13 00:00:00+00:00
[2026-06-13T17:46:05.562+0000] {logging_mixin.py:190} INFO - [2026-06-13T17:46:05.562+0000] {dag.py:4180} INFO - Setting next_dagrun for read_dataset_event_from_classic to 2026-06-12 00:00:00+00:00, run_after=2026-06-13 00:00:00+00:00
[2026-06-13T17:46:05.579+0000] {processor.py:208} INFO - Processing /home/airflow/.local/lib/python3.12/site-packages/airflow/example_dags/example_inlet_event_extra.py took 0.196 seconds
[2026-06-13T17:46:36.122+0000] {processor.py:186} INFO - Started process (PID=6822) to work on /home/airflow/.local/lib/python3.12/site-packages/airflow/example_dags/example_inlet_event_extra.py
[2026-06-13T17:46:36.123+0000] {processor.py:914} INFO - Processing file /home/airflow/.local/lib/python3.12/site-packages/airflow/example_dags/example_inlet_event_extra.py for tasks to queue
[2026-06-13T17:46:36.125+0000] {logging_mixin.py:190} INFO - [2026-06-13T17:46:36.125+0000] {dagbag.py:588} INFO - Filling up the DagBag from /home/airflow/.local/lib/python3.12/site-packages/airflow/example_dags/example_inlet_event_extra.py
[2026-06-13T17:46:36.239+0000] {processor.py:925} INFO - DAG(s) 'read_dataset_event', 'read_dataset_event_from_classic' retrieved from /home/airflow/.local/lib/python3.12/site-packages/airflow/example_dags/example_inlet_event_extra.py
[2026-06-13T17:46:36.386+0000] {logging_mixin.py:190} INFO - [2026-06-13T17:46:36.386+0000] {dag.py:3239} INFO - Sync 2 DAGs
[2026-06-13T17:46:36.401+0000] {logging_mixin.py:190} INFO - [2026-06-13T17:46:36.401+0000] {dag.py:4180} INFO - Setting next_dagrun for read_dataset_event to 2026-06-12 00:00:00+00:00, run_after=2026-06-13 00:00:00+00:00
[2026-06-13T17:46:36.405+0000] {logging_mixin.py:190} INFO - [2026-06-13T17:46:36.405+0000] {dag.py:4180} INFO - Setting next_dagrun for read_dataset_event_from_classic to 2026-06-12 00:00:00+00:00, run_after=2026-06-13 00:00:00+00:00
[2026-06-13T17:46:36.419+0000] {processor.py:208} INFO - Processing /home/airflow/.local/lib/python3.12/site-packages/airflow/example_dags/example_inlet_event_extra.py took 0.303 seconds
[2026-06-13T17:47:07.470+0000] {processor.py:186} INFO - Started process (PID=6884) to work on /home/airflow/.local/lib/python3.12/site-packages/airflow/example_dags/example_inlet_event_extra.py
[2026-06-13T17:47:07.471+0000] {processor.py:914} INFO - Processing file /home/airflow/.local/lib/python3.12/site-packages/airflow/example_dags/example_inlet_event_extra.py for tasks to queue
[2026-06-13T17:47:07.474+0000] {logging_mixin.py:190} INFO - [2026-06-13T17:47:07.473+0000] {dagbag.py:588} INFO - Filling up the DagBag from /home/airflow/.local/lib/python3.12/site-packages/airflow/example_dags/example_inlet_event_extra.py
[2026-06-13T17:47:07.573+0000] {processor.py:925} INFO - DAG(s) 'read_dataset_event', 'read_dataset_event_from_classic' retrieved from /home/airflow/.local/lib/python3.12/site-packages/airflow/example_dags/example_inlet_event_extra.py
[2026-06-13T17:47:07.590+0000] {logging_mixin.py:190} INFO - [2026-06-13T17:47:07.590+0000] {dag.py:3239} INFO - Sync 2 DAGs
[2026-06-13T17:47:07.730+0000] {logging_mixin.py:190} INFO - [2026-06-13T17:47:07.730+0000] {dag.py:4180} INFO - Setting next_dagrun for read_dataset_event to 2026-06-12 00:00:00+00:00, run_after=2026-06-13 00:00:00+00:00
[2026-06-13T17:47:07.733+0000] {logging_mixin.py:190} INFO - [2026-06-13T17:47:07.733+0000] {dag.py:4180} INFO - Setting next_dagrun for read_dataset_event_from_classic to 2026-06-12 00:00:00+00:00, run_after=2026-06-13 00:00:00+00:00
[2026-06-13T17:47:07.755+0000] {processor.py:208} INFO - Processing /home/airflow/.local/lib/python3.12/site-packages/airflow/example_dags/example_inlet_event_extra.py took 0.290 seconds
[2026-06-13T17:47:38.748+0000] {processor.py:186} INFO - Started process (PID=6946) to work on /home/airflow/.local/lib/python3.12/site-packages/airflow/example_dags/example_inlet_event_extra.py
[2026-06-13T17:47:38.750+0000] {processor.py:914} INFO - Processing file /home/airflow/.local/lib/python3.12/site-packages/airflow/example_dags/example_inlet_event_extra.py for tasks to queue
[2026-06-13T17:47:38.757+0000] {logging_mixin.py:190} INFO - [2026-06-13T17:47:38.756+0000] {dagbag.py:588} INFO - Filling up the DagBag from /home/airflow/.local/lib/python3.12/site-packages/airflow/example_dags/example_inlet_event_extra.py
[2026-06-13T17:47:38.877+0000] {processor.py:925} INFO - DAG(s) 'read_dataset_event_from_classic', 'read_dataset_event' retrieved from /home/airflow/.local/lib/python3.12/site-packages/airflow/example_dags/example_inlet_event_extra.py
[2026-06-13T17:47:38.901+0000] {logging_mixin.py:190} INFO - [2026-06-13T17:47:38.901+0000] {dag.py:3239} INFO - Sync 2 DAGs
[2026-06-13T17:47:39.072+0000] {logging_mixin.py:190} INFO - [2026-06-13T17:47:39.072+0000] {dag.py:4180} INFO - Setting next_dagrun for read_dataset_event to 2026-06-12 00:00:00+00:00, run_after=2026-06-13 00:00:00+00:00
[2026-06-13T17:47:39.075+0000] {logging_mixin.py:190} INFO - [2026-06-13T17:47:39.075+0000] {dag.py:4180} INFO - Setting next_dagrun for read_dataset_event_from_classic to 2026-06-12 00:00:00+00:00, run_after=2026-06-13 00:00:00+00:00
[2026-06-13T17:47:39.089+0000] {processor.py:208} INFO - Processing /home/airflow/.local/lib/python3.12/site-packages/airflow/example_dags/example_inlet_event_extra.py took 0.350 seconds
[2026-06-13T17:48:09.388+0000] {processor.py:186} INFO - Started process (PID=7015) to work on /home/airflow/.local/lib/python3.12/site-packages/airflow/example_dags/example_inlet_event_extra.py
[2026-06-13T17:48:09.389+0000] {processor.py:914} INFO - Processing file /home/airflow/.local/lib/python3.12/site-packages/airflow/example_dags/example_inlet_event_extra.py for tasks to queue
[2026-06-13T17:48:09.392+0000] {logging_mixin.py:190} INFO - [2026-06-13T17:48:09.391+0000] {dagbag.py:588} INFO - Filling up the DagBag from /home/airflow/.local/lib/python3.12/site-packages/airflow/example_dags/example_inlet_event_extra.py
[2026-06-13T17:48:09.495+0000] {processor.py:925} INFO - DAG(s) 'read_dataset_event', 'read_dataset_event_from_classic' retrieved from /home/airflow/.local/lib/python3.12/site-packages/airflow/example_dags/example_inlet_event_extra.py
[2026-06-13T17:48:09.511+0000] {logging_mixin.py:190} INFO - [2026-06-13T17:48:09.511+0000] {dag.py:3239} INFO - Sync 2 DAGs
[2026-06-13T17:48:09.647+0000] {logging_mixin.py:190} INFO - [2026-06-13T17:48:09.647+0000] {dag.py:4180} INFO - Setting next_dagrun for read_dataset_event to 2026-06-12 00:00:00+00:00, run_after=2026-06-13 00:00:00+00:00
[2026-06-13T17:48:09.651+0000] {logging_mixin.py:190} INFO - [2026-06-13T17:48:09.651+0000] {dag.py:4180} INFO - Setting next_dagrun for read_dataset_event_from_classic to 2026-06-12 00:00:00+00:00, run_after=2026-06-13 00:00:00+00:00
[2026-06-13T17:48:09.664+0000] {processor.py:208} INFO - Processing /home/airflow/.local/lib/python3.12/site-packages/airflow/example_dags/example_inlet_event_extra.py took 0.281 seconds
[2026-06-13T17:48:40.013+0000] {processor.py:186} INFO - Started process (PID=7078) to work on /home/airflow/.local/lib/python3.12/site-packages/airflow/example_dags/example_inlet_event_extra.py
[2026-06-13T17:48:40.014+0000] {processor.py:914} INFO - Processing file /home/airflow/.local/lib/python3.12/site-packages/airflow/example_dags/example_inlet_event_extra.py for tasks to queue
[2026-06-13T17:48:40.017+0000] {logging_mixin.py:190} INFO - [2026-06-13T17:48:40.016+0000] {dagbag.py:588} INFO - Filling up the DagBag from /home/airflow/.local/lib/python3.12/site-packages/airflow/example_dags/example_inlet_event_extra.py
[2026-06-13T17:48:40.228+0000] {processor.py:925} INFO - DAG(s) 'read_dataset_event_from_classic', 'read_dataset_event' retrieved from /home/airflow/.local/lib/python3.12/site-packages/airflow/example_dags/example_inlet_event_extra.py
[2026-06-13T17:48:40.242+0000] {logging_mixin.py:190} INFO - [2026-06-13T17:48:40.242+0000] {dag.py:3239} INFO - Sync 2 DAGs
[2026-06-13T17:48:40.256+0000] {logging_mixin.py:190} INFO - [2026-06-13T17:48:40.256+0000] {dag.py:4180} INFO - Setting next_dagrun for read_dataset_event to 2026-06-12 00:00:00+00:00, run_after=2026-06-13 00:00:00+00:00
[2026-06-13T17:48:40.261+0000] {logging_mixin.py:190} INFO - [2026-06-13T17:48:40.261+0000] {dag.py:4180} INFO - Setting next_dagrun for read_dataset_event_from_classic to 2026-06-12 00:00:00+00:00, run_after=2026-06-13 00:00:00+00:00
[2026-06-13T17:48:40.275+0000] {processor.py:208} INFO - Processing /home/airflow/.local/lib/python3.12/site-packages/airflow/example_dags/example_inlet_event_extra.py took 0.267 seconds
[2026-06-13T17:49:11.015+0000] {processor.py:186} INFO - Started process (PID=7138) to work on /home/airflow/.local/lib/python3.12/site-packages/airflow/example_dags/example_inlet_event_extra.py
[2026-06-13T17:49:11.017+0000] {processor.py:914} INFO - Processing file /home/airflow/.local/lib/python3.12/site-packages/airflow/example_dags/example_inlet_event_extra.py for tasks to queue
[2026-06-13T17:49:11.020+0000] {logging_mixin.py:190} INFO - [2026-06-13T17:49:11.019+0000] {dagbag.py:588} INFO - Filling up the DagBag from /home/airflow/.local/lib/python3.12/site-packages/airflow/example_dags/example_inlet_event_extra.py
[2026-06-13T17:49:11.276+0000] {processor.py:925} INFO - DAG(s) 'read_dataset_event', 'read_dataset_event_from_classic' retrieved from /home/airflow/.local/lib/python3.12/site-packages/airflow/example_dags/example_inlet_event_extra.py
[2026-06-13T17:49:11.292+0000] {logging_mixin.py:190} INFO - [2026-06-13T17:49:11.291+0000] {dag.py:3239} INFO - Sync 2 DAGs
[2026-06-13T17:49:11.308+0000] {logging_mixin.py:190} INFO - [2026-06-13T17:49:11.308+0000] {dag.py:4180} INFO - Setting next_dagrun for read_dataset_event to 2026-06-12 00:00:00+00:00, run_after=2026-06-13 00:00:00+00:00
[2026-06-13T17:49:11.312+0000] {logging_mixin.py:190} INFO - [2026-06-13T17:49:11.312+0000] {dag.py:4180} INFO - Setting next_dagrun for read_dataset_event_from_classic to 2026-06-12 00:00:00+00:00, run_after=2026-06-13 00:00:00+00:00
[2026-06-13T17:49:11.324+0000] {processor.py:208} INFO - Processing /home/airflow/.local/lib/python3.12/site-packages/airflow/example_dags/example_inlet_event_extra.py took 0.314 seconds
[2026-06-13T17:49:41.726+0000] {processor.py:186} INFO - Started process (PID=7200) to work on /home/airflow/.local/lib/python3.12/site-packages/airflow/example_dags/example_inlet_event_extra.py
[2026-06-13T17:49:41.727+0000] {processor.py:914} INFO - Processing file /home/airflow/.local/lib/python3.12/site-packages/airflow/example_dags/example_inlet_event_extra.py for tasks to queue
[2026-06-13T17:49:41.730+0000] {logging_mixin.py:190} INFO - [2026-06-13T17:49:41.730+0000] {dagbag.py:588} INFO - Filling up the DagBag from /home/airflow/.local/lib/python3.12/site-packages/airflow/example_dags/example_inlet_event_extra.py
[2026-06-13T17:49:42.136+0000] {processor.py:925} INFO - DAG(s) 'read_dataset_event', 'read_dataset_event_from_classic' retrieved from /home/airflow/.local/lib/python3.12/site-packages/airflow/example_dags/example_inlet_event_extra.py
[2026-06-13T17:49:42.164+0000] {logging_mixin.py:190} INFO - [2026-06-13T17:49:42.164+0000] {dag.py:3239} INFO - Sync 2 DAGs
[2026-06-13T17:49:42.195+0000] {logging_mixin.py:190} INFO - [2026-06-13T17:49:42.194+0000] {dag.py:4180} INFO - Setting next_dagrun for read_dataset_event to 2026-06-12 00:00:00+00:00, run_after=2026-06-13 00:00:00+00:00
[2026-06-13T17:49:42.202+0000] {logging_mixin.py:190} INFO - [2026-06-13T17:49:42.201+0000] {dag.py:4180} INFO - Setting next_dagrun for read_dataset_event_from_classic to 2026-06-12 00:00:00+00:00, run_after=2026-06-13 00:00:00+00:00
[2026-06-13T17:49:42.227+0000] {processor.py:208} INFO - Processing /home/airflow/.local/lib/python3.12/site-packages/airflow/example_dags/example_inlet_event_extra.py took 0.510 seconds
[2026-06-13T17:50:12.570+0000] {processor.py:186} INFO - Started process (PID=7265) to work on /home/airflow/.local/lib/python3.12/site-packages/airflow/example_dags/example_inlet_event_extra.py
[2026-06-13T17:50:12.572+0000] {processor.py:914} INFO - Processing file /home/airflow/.local/lib/python3.12/site-packages/airflow/example_dags/example_inlet_event_extra.py for tasks to queue
[2026-06-13T17:50:12.576+0000] {logging_mixin.py:190} INFO - [2026-06-13T17:50:12.576+0000] {dagbag.py:588} INFO - Filling up the DagBag from /home/airflow/.local/lib/python3.12/site-packages/airflow/example_dags/example_inlet_event_extra.py
[2026-06-13T17:50:13.013+0000] {processor.py:925} INFO - DAG(s) 'read_dataset_event', 'read_dataset_event_from_classic' retrieved from /home/airflow/.local/lib/python3.12/site-packages/airflow/example_dags/example_inlet_event_extra.py
[2026-06-13T17:50:13.045+0000] {logging_mixin.py:190} INFO - [2026-06-13T17:50:13.045+0000] {dag.py:3239} INFO - Sync 2 DAGs
[2026-06-13T17:50:13.078+0000] {logging_mixin.py:190} INFO - [2026-06-13T17:50:13.077+0000] {dag.py:4180} INFO - Setting next_dagrun for read_dataset_event to 2026-06-12 00:00:00+00:00, run_after=2026-06-13 00:00:00+00:00
[2026-06-13T17:50:13.085+0000] {logging_mixin.py:190} INFO - [2026-06-13T17:50:13.085+0000] {dag.py:4180} INFO - Setting next_dagrun for read_dataset_event_from_classic to 2026-06-12 00:00:00+00:00, run_after=2026-06-13 00:00:00+00:00
[2026-06-13T17:50:13.112+0000] {processor.py:208} INFO - Processing /home/airflow/.local/lib/python3.12/site-packages/airflow/example_dags/example_inlet_event_extra.py took 0.552 seconds
[2026-06-13T17:50:43.916+0000] {processor.py:186} INFO - Started process (PID=7327) to work on /home/airflow/.local/lib/python3.12/site-packages/airflow/example_dags/example_inlet_event_extra.py
[2026-06-13T17:50:43.920+0000] {processor.py:914} INFO - Processing file /home/airflow/.local/lib/python3.12/site-packages/airflow/example_dags/example_inlet_event_extra.py for tasks to queue
[2026-06-13T17:50:43.927+0000] {logging_mixin.py:190} INFO - [2026-06-13T17:50:43.926+0000] {dagbag.py:588} INFO - Filling up the DagBag from /home/airflow/.local/lib/python3.12/site-packages/airflow/example_dags/example_inlet_event_extra.py
[2026-06-13T17:50:44.619+0000] {processor.py:925} INFO - DAG(s) 'read_dataset_event', 'read_dataset_event_from_classic' retrieved from /home/airflow/.local/lib/python3.12/site-packages/airflow/example_dags/example_inlet_event_extra.py
[2026-06-13T17:50:44.682+0000] {logging_mixin.py:190} INFO - [2026-06-13T17:50:44.681+0000] {dag.py:3239} INFO - Sync 2 DAGs
[2026-06-13T17:50:44.761+0000] {logging_mixin.py:190} INFO - [2026-06-13T17:50:44.760+0000] {dag.py:4180} INFO - Setting next_dagrun for read_dataset_event to 2026-06-12 00:00:00+00:00, run_after=2026-06-13 00:00:00+00:00
[2026-06-13T17:50:44.781+0000] {logging_mixin.py:190} INFO - [2026-06-13T17:50:44.780+0000] {dag.py:4180} INFO - Setting next_dagrun for read_dataset_event_from_classic to 2026-06-12 00:00:00+00:00, run_after=2026-06-13 00:00:00+00:00
[2026-06-13T17:50:44.836+0000] {processor.py:208} INFO - Processing /home/airflow/.local/lib/python3.12/site-packages/airflow/example_dags/example_inlet_event_extra.py took 0.939 seconds
[2026-06-13T17:51:19.937+0000] {processor.py:186} INFO - Started process (PID=7392) to work on /home/airflow/.local/lib/python3.12/site-packages/airflow/example_dags/example_inlet_event_extra.py
[2026-06-13T17:51:19.944+0000] {processor.py:914} INFO - Processing file /home/airflow/.local/lib/python3.12/site-packages/airflow/example_dags/example_inlet_event_extra.py for tasks to queue
[2026-06-13T17:51:19.967+0000] {logging_mixin.py:190} INFO - [2026-06-13T17:51:19.966+0000] {dagbag.py:588} INFO - Filling up the DagBag from /home/airflow/.local/lib/python3.12/site-packages/airflow/example_dags/example_inlet_event_extra.py
[2026-06-13T17:51:21.184+0000] {processor.py:925} INFO - DAG(s) 'read_dataset_event_from_classic', 'read_dataset_event' retrieved from /home/airflow/.local/lib/python3.12/site-packages/airflow/example_dags/example_inlet_event_extra.py
[2026-06-13T17:51:21.287+0000] {logging_mixin.py:190} INFO - [2026-06-13T17:51:21.285+0000] {dag.py:3239} INFO - Sync 2 DAGs
[2026-06-13T17:51:21.424+0000] {logging_mixin.py:190} INFO - [2026-06-13T17:51:21.423+0000] {dag.py:4180} INFO - Setting next_dagrun for read_dataset_event to 2026-06-12 00:00:00+00:00, run_after=2026-06-13 00:00:00+00:00
[2026-06-13T17:51:21.465+0000] {logging_mixin.py:190} INFO - [2026-06-13T17:51:21.465+0000] {dag.py:4180} INFO - Setting next_dagrun for read_dataset_event_from_classic to 2026-06-12 00:00:00+00:00, run_after=2026-06-13 00:00:00+00:00
[2026-06-13T17:51:21.595+0000] {processor.py:208} INFO - Processing /home/airflow/.local/lib/python3.12/site-packages/airflow/example_dags/example_inlet_event_extra.py took 1.696 seconds
[2026-06-13T17:51:52.050+0000] {processor.py:186} INFO - Started process (PID=7457) to work on /home/airflow/.local/lib/python3.12/site-packages/airflow/example_dags/example_inlet_event_extra.py
[2026-06-13T17:51:52.054+0000] {processor.py:914} INFO - Processing file /home/airflow/.local/lib/python3.12/site-packages/airflow/example_dags/example_inlet_event_extra.py for tasks to queue
[2026-06-13T17:51:52.063+0000] {logging_mixin.py:190} INFO - [2026-06-13T17:51:52.062+0000] {dagbag.py:588} INFO - Filling up the DagBag from /home/airflow/.local/lib/python3.12/site-packages/airflow/example_dags/example_inlet_event_extra.py
[2026-06-13T17:51:52.959+0000] {processor.py:925} INFO - DAG(s) 'read_dataset_event', 'read_dataset_event_from_classic' retrieved from /home/airflow/.local/lib/python3.12/site-packages/airflow/example_dags/example_inlet_event_extra.py
[2026-06-13T17:51:53.033+0000] {logging_mixin.py:190} INFO - [2026-06-13T17:51:53.032+0000] {dag.py:3239} INFO - Sync 2 DAGs
[2026-06-13T17:51:53.119+0000] {logging_mixin.py:190} INFO - [2026-06-13T17:51:53.118+0000] {dag.py:4180} INFO - Setting next_dagrun for read_dataset_event to 2026-06-12 00:00:00+00:00, run_after=2026-06-13 00:00:00+00:00
[2026-06-13T17:51:53.137+0000] {logging_mixin.py:190} INFO - [2026-06-13T17:51:53.136+0000] {dag.py:4180} INFO - Setting next_dagrun for read_dataset_event_from_classic to 2026-06-12 00:00:00+00:00, run_after=2026-06-13 00:00:00+00:00
[2026-06-13T17:51:53.204+0000] {processor.py:208} INFO - Processing /home/airflow/.local/lib/python3.12/site-packages/airflow/example_dags/example_inlet_event_extra.py took 1.175 seconds
[2026-06-13T17:52:24.204+0000] {processor.py:186} INFO - Started process (PID=7521) to work on /home/airflow/.local/lib/python3.12/site-packages/airflow/example_dags/example_inlet_event_extra.py
[2026-06-13T17:52:24.206+0000] {processor.py:914} INFO - Processing file /home/airflow/.local/lib/python3.12/site-packages/airflow/example_dags/example_inlet_event_extra.py for tasks to queue
[2026-06-13T17:52:24.208+0000] {logging_mixin.py:190} INFO - [2026-06-13T17:52:24.208+0000] {dagbag.py:588} INFO - Filling up the DagBag from /home/airflow/.local/lib/python3.12/site-packages/airflow/example_dags/example_inlet_event_extra.py
[2026-06-13T17:52:24.501+0000] {processor.py:925} INFO - DAG(s) 'read_dataset_event_from_classic', 'read_dataset_event' retrieved from /home/airflow/.local/lib/python3.12/site-packages/airflow/example_dags/example_inlet_event_extra.py
[2026-06-13T17:52:24.529+0000] {logging_mixin.py:190} INFO - [2026-06-13T17:52:24.528+0000] {dag.py:3239} INFO - Sync 2 DAGs
[2026-06-13T17:52:24.549+0000] {logging_mixin.py:190} INFO - [2026-06-13T17:52:24.549+0000] {dag.py:4180} INFO - Setting next_dagrun for read_dataset_event to 2026-06-12 00:00:00+00:00, run_after=2026-06-13 00:00:00+00:00
[2026-06-13T17:52:24.553+0000] {logging_mixin.py:190} INFO - [2026-06-13T17:52:24.553+0000] {dag.py:4180} INFO - Setting next_dagrun for read_dataset_event_from_classic to 2026-06-12 00:00:00+00:00, run_after=2026-06-13 00:00:00+00:00
[2026-06-13T17:52:24.570+0000] {processor.py:208} INFO - Processing /home/airflow/.local/lib/python3.12/site-packages/airflow/example_dags/example_inlet_event_extra.py took 0.371 seconds
[2026-06-13T17:52:54.769+0000] {processor.py:186} INFO - Started process (PID=7586) to work on /home/airflow/.local/lib/python3.12/site-packages/airflow/example_dags/example_inlet_event_extra.py
[2026-06-13T17:52:54.771+0000] {processor.py:914} INFO - Processing file /home/airflow/.local/lib/python3.12/site-packages/airflow/example_dags/example_inlet_event_extra.py for tasks to queue
[2026-06-13T17:52:54.776+0000] {logging_mixin.py:190} INFO - [2026-06-13T17:52:54.775+0000] {dagbag.py:588} INFO - Filling up the DagBag from /home/airflow/.local/lib/python3.12/site-packages/airflow/example_dags/example_inlet_event_extra.py
[2026-06-13T17:52:55.614+0000] {processor.py:925} INFO - DAG(s) 'read_dataset_event', 'read_dataset_event_from_classic' retrieved from /home/airflow/.local/lib/python3.12/site-packages/airflow/example_dags/example_inlet_event_extra.py
[2026-06-13T17:52:55.635+0000] {logging_mixin.py:190} INFO - [2026-06-13T17:52:55.635+0000] {dag.py:3239} INFO - Sync 2 DAGs
[2026-06-13T17:52:55.657+0000] {logging_mixin.py:190} INFO - [2026-06-13T17:52:55.657+0000] {dag.py:4180} INFO - Setting next_dagrun for read_dataset_event to 2026-06-12 00:00:00+00:00, run_after=2026-06-13 00:00:00+00:00
[2026-06-13T17:52:55.662+0000] {logging_mixin.py:190} INFO - [2026-06-13T17:52:55.662+0000] {dag.py:4180} INFO - Setting next_dagrun for read_dataset_event_from_classic to 2026-06-12 00:00:00+00:00, run_after=2026-06-13 00:00:00+00:00
[2026-06-13T17:52:55.676+0000] {processor.py:208} INFO - Processing /home/airflow/.local/lib/python3.12/site-packages/airflow/example_dags/example_inlet_event_extra.py took 0.915 seconds
[2026-06-13T17:53:26.338+0000] {processor.py:186} INFO - Started process (PID=7651) to work on /home/airflow/.local/lib/python3.12/site-packages/airflow/example_dags/example_inlet_event_extra.py
[2026-06-13T17:53:27.695+0000] {processor.py:914} INFO - Processing file /home/airflow/.local/lib/python3.12/site-packages/airflow/example_dags/example_inlet_event_extra.py for tasks to queue
[2026-06-13T17:53:27.704+0000] {logging_mixin.py:190} INFO - [2026-06-13T17:53:27.703+0000] {dagbag.py:588} INFO - Filling up the DagBag from /home/airflow/.local/lib/python3.12/site-packages/airflow/example_dags/example_inlet_event_extra.py
[2026-06-13T17:53:28.292+0000] {processor.py:925} INFO - DAG(s) 'read_dataset_event_from_classic', 'read_dataset_event' retrieved from /home/airflow/.local/lib/python3.12/site-packages/airflow/example_dags/example_inlet_event_extra.py
[2026-06-13T17:53:28.318+0000] {logging_mixin.py:190} INFO - [2026-06-13T17:53:28.318+0000] {dag.py:3239} INFO - Sync 2 DAGs
[2026-06-13T17:53:28.348+0000] {logging_mixin.py:190} INFO - [2026-06-13T17:53:28.347+0000] {dag.py:4180} INFO - Setting next_dagrun for read_dataset_event to 2026-06-12 00:00:00+00:00, run_after=2026-06-13 00:00:00+00:00
[2026-06-13T17:53:28.354+0000] {logging_mixin.py:190} INFO - [2026-06-13T17:53:28.354+0000] {dag.py:4180} INFO - Setting next_dagrun for read_dataset_event_from_classic to 2026-06-12 00:00:00+00:00, run_after=2026-06-13 00:00:00+00:00
[2026-06-13T17:53:28.388+0000] {processor.py:208} INFO - Processing /home/airflow/.local/lib/python3.12/site-packages/airflow/example_dags/example_inlet_event_extra.py took 2.057 seconds
[2026-06-13T17:53:58.674+0000] {processor.py:186} INFO - Started process (PID=7719) to work on /home/airflow/.local/lib/python3.12/site-packages/airflow/example_dags/example_inlet_event_extra.py
[2026-06-13T17:53:58.675+0000] {processor.py:914} INFO - Processing file /home/airflow/.local/lib/python3.12/site-packages/airflow/example_dags/example_inlet_event_extra.py for tasks to queue
[2026-06-13T17:53:58.678+0000] {logging_mixin.py:190} INFO - [2026-06-13T17:53:58.678+0000] {dagbag.py:588} INFO - Filling up the DagBag from /home/airflow/.local/lib/python3.12/site-packages/airflow/example_dags/example_inlet_event_extra.py
[2026-06-13T17:53:58.978+0000] {processor.py:925} INFO - DAG(s) 'read_dataset_event_from_classic', 'read_dataset_event' retrieved from /home/airflow/.local/lib/python3.12/site-packages/airflow/example_dags/example_inlet_event_extra.py
[2026-06-13T17:53:59.003+0000] {logging_mixin.py:190} INFO - [2026-06-13T17:53:59.003+0000] {dag.py:3239} INFO - Sync 2 DAGs
[2026-06-13T17:53:59.028+0000] {logging_mixin.py:190} INFO - [2026-06-13T17:53:59.028+0000] {dag.py:4180} INFO - Setting next_dagrun for read_dataset_event to 2026-06-12 00:00:00+00:00, run_after=2026-06-13 00:00:00+00:00
[2026-06-13T17:53:59.034+0000] {logging_mixin.py:190} INFO - [2026-06-13T17:53:59.033+0000] {dag.py:4180} INFO - Setting next_dagrun for read_dataset_event_from_classic to 2026-06-12 00:00:00+00:00, run_after=2026-06-13 00:00:00+00:00
[2026-06-13T17:53:59.053+0000] {processor.py:208} INFO - Processing /home/airflow/.local/lib/python3.12/site-packages/airflow/example_dags/example_inlet_event_extra.py took 0.388 seconds
[2026-06-13T17:54:29.907+0000] {processor.py:186} INFO - Started process (PID=7782) to work on /home/airflow/.local/lib/python3.12/site-packages/airflow/example_dags/example_inlet_event_extra.py
[2026-06-13T17:54:29.909+0000] {processor.py:914} INFO - Processing file /home/airflow/.local/lib/python3.12/site-packages/airflow/example_dags/example_inlet_event_extra.py for tasks to queue
[2026-06-13T17:54:29.912+0000] {logging_mixin.py:190} INFO - [2026-06-13T17:54:29.911+0000] {dagbag.py:588} INFO - Filling up the DagBag from /home/airflow/.local/lib/python3.12/site-packages/airflow/example_dags/example_inlet_event_extra.py
[2026-06-13T17:54:30.184+0000] {processor.py:925} INFO - DAG(s) 'read_dataset_event_from_classic', 'read_dataset_event' retrieved from /home/airflow/.local/lib/python3.12/site-packages/airflow/example_dags/example_inlet_event_extra.py
[2026-06-13T17:54:30.204+0000] {logging_mixin.py:190} INFO - [2026-06-13T17:54:30.204+0000] {dag.py:3239} INFO - Sync 2 DAGs
[2026-06-13T17:54:30.227+0000] {logging_mixin.py:190} INFO - [2026-06-13T17:54:30.226+0000] {dag.py:4180} INFO - Setting next_dagrun for read_dataset_event to 2026-06-12 00:00:00+00:00, run_after=2026-06-13 00:00:00+00:00
[2026-06-13T17:54:30.235+0000] {logging_mixin.py:190} INFO - [2026-06-13T17:54:30.235+0000] {dag.py:4180} INFO - Setting next_dagrun for read_dataset_event_from_classic to 2026-06-12 00:00:00+00:00, run_after=2026-06-13 00:00:00+00:00
[2026-06-13T17:54:30.259+0000] {processor.py:208} INFO - Processing /home/airflow/.local/lib/python3.12/site-packages/airflow/example_dags/example_inlet_event_extra.py took 0.358 seconds
[2026-06-13T17:55:01.462+0000] {processor.py:186} INFO - Started process (PID=7847) to work on /home/airflow/.local/lib/python3.12/site-packages/airflow/example_dags/example_inlet_event_extra.py
[2026-06-13T17:55:01.463+0000] {processor.py:914} INFO - Processing file /home/airflow/.local/lib/python3.12/site-packages/airflow/example_dags/example_inlet_event_extra.py for tasks to queue
[2026-06-13T17:55:01.465+0000] {logging_mixin.py:190} INFO - [2026-06-13T17:55:01.465+0000] {dagbag.py:588} INFO - Filling up the DagBag from /home/airflow/.local/lib/python3.12/site-packages/airflow/example_dags/example_inlet_event_extra.py
[2026-06-13T17:55:01.731+0000] {processor.py:925} INFO - DAG(s) 'read_dataset_event_from_classic', 'read_dataset_event' retrieved from /home/airflow/.local/lib/python3.12/site-packages/airflow/example_dags/example_inlet_event_extra.py
[2026-06-13T17:55:01.746+0000] {logging_mixin.py:190} INFO - [2026-06-13T17:55:01.746+0000] {dag.py:3239} INFO - Sync 2 DAGs
[2026-06-13T17:55:01.763+0000] {logging_mixin.py:190} INFO - [2026-06-13T17:55:01.762+0000] {dag.py:4180} INFO - Setting next_dagrun for read_dataset_event to 2026-06-12 00:00:00+00:00, run_after=2026-06-13 00:00:00+00:00
[2026-06-13T17:55:01.766+0000] {logging_mixin.py:190} INFO - [2026-06-13T17:55:01.766+0000] {dag.py:4180} INFO - Setting next_dagrun for read_dataset_event_from_classic to 2026-06-12 00:00:00+00:00, run_after=2026-06-13 00:00:00+00:00
[2026-06-13T17:55:01.780+0000] {processor.py:208} INFO - Processing /home/airflow/.local/lib/python3.12/site-packages/airflow/example_dags/example_inlet_event_extra.py took 0.324 seconds
[2026-06-13T17:55:32.520+0000] {processor.py:186} INFO - Started process (PID=7909) to work on /home/airflow/.local/lib/python3.12/site-packages/airflow/example_dags/example_inlet_event_extra.py
[2026-06-13T17:55:32.521+0000] {processor.py:914} INFO - Processing file /home/airflow/.local/lib/python3.12/site-packages/airflow/example_dags/example_inlet_event_extra.py for tasks to queue
[2026-06-13T17:55:32.524+0000] {logging_mixin.py:190} INFO - [2026-06-13T17:55:32.524+0000] {dagbag.py:588} INFO - Filling up the DagBag from /home/airflow/.local/lib/python3.12/site-packages/airflow/example_dags/example_inlet_event_extra.py
[2026-06-13T17:55:32.771+0000] {processor.py:925} INFO - DAG(s) 'read_dataset_event_from_classic', 'read_dataset_event' retrieved from /home/airflow/.local/lib/python3.12/site-packages/airflow/example_dags/example_inlet_event_extra.py
[2026-06-13T17:55:32.787+0000] {logging_mixin.py:190} INFO - [2026-06-13T17:55:32.787+0000] {dag.py:3239} INFO - Sync 2 DAGs
[2026-06-13T17:55:32.804+0000] {logging_mixin.py:190} INFO - [2026-06-13T17:55:32.804+0000] {dag.py:4180} INFO - Setting next_dagrun for read_dataset_event to 2026-06-12 00:00:00+00:00, run_after=2026-06-13 00:00:00+00:00
[2026-06-13T17:55:32.808+0000] {logging_mixin.py:190} INFO - [2026-06-13T17:55:32.808+0000] {dag.py:4180} INFO - Setting next_dagrun for read_dataset_event_from_classic to 2026-06-12 00:00:00+00:00, run_after=2026-06-13 00:00:00+00:00
[2026-06-13T17:55:32.821+0000] {processor.py:208} INFO - Processing /home/airflow/.local/lib/python3.12/site-packages/airflow/example_dags/example_inlet_event_extra.py took 0.307 seconds
[2026-06-13T17:56:03.487+0000] {processor.py:186} INFO - Started process (PID=7973) to work on /home/airflow/.local/lib/python3.12/site-packages/airflow/example_dags/example_inlet_event_extra.py
[2026-06-13T17:56:03.489+0000] {processor.py:914} INFO - Processing file /home/airflow/.local/lib/python3.12/site-packages/airflow/example_dags/example_inlet_event_extra.py for tasks to queue
[2026-06-13T17:56:03.492+0000] {logging_mixin.py:190} INFO - [2026-06-13T17:56:03.491+0000] {dagbag.py:588} INFO - Filling up the DagBag from /home/airflow/.local/lib/python3.12/site-packages/airflow/example_dags/example_inlet_event_extra.py
[2026-06-13T17:56:03.598+0000] {processor.py:925} INFO - DAG(s) 'read_dataset_event', 'read_dataset_event_from_classic' retrieved from /home/airflow/.local/lib/python3.12/site-packages/airflow/example_dags/example_inlet_event_extra.py
[2026-06-13T17:56:03.616+0000] {logging_mixin.py:190} INFO - [2026-06-13T17:56:03.616+0000] {dag.py:3239} INFO - Sync 2 DAGs
[2026-06-13T17:56:03.635+0000] {logging_mixin.py:190} INFO - [2026-06-13T17:56:03.635+0000] {dag.py:4180} INFO - Setting next_dagrun for read_dataset_event to 2026-06-12 00:00:00+00:00, run_after=2026-06-13 00:00:00+00:00
[2026-06-13T17:56:03.639+0000] {logging_mixin.py:190} INFO - [2026-06-13T17:56:03.639+0000] {dag.py:4180} INFO - Setting next_dagrun for read_dataset_event_from_classic to 2026-06-12 00:00:00+00:00, run_after=2026-06-13 00:00:00+00:00
[2026-06-13T17:56:03.652+0000] {processor.py:208} INFO - Processing /home/airflow/.local/lib/python3.12/site-packages/airflow/example_dags/example_inlet_event_extra.py took 0.170 seconds
[2026-06-13T17:56:34.300+0000] {processor.py:186} INFO - Started process (PID=8035) to work on /home/airflow/.local/lib/python3.12/site-packages/airflow/example_dags/example_inlet_event_extra.py
[2026-06-13T17:56:34.301+0000] {processor.py:914} INFO - Processing file /home/airflow/.local/lib/python3.12/site-packages/airflow/example_dags/example_inlet_event_extra.py for tasks to queue
[2026-06-13T17:56:34.303+0000] {logging_mixin.py:190} INFO - [2026-06-13T17:56:34.303+0000] {dagbag.py:588} INFO - Filling up the DagBag from /home/airflow/.local/lib/python3.12/site-packages/airflow/example_dags/example_inlet_event_extra.py
[2026-06-13T17:56:34.420+0000] {processor.py:925} INFO - DAG(s) 'read_dataset_event_from_classic', 'read_dataset_event' retrieved from /home/airflow/.local/lib/python3.12/site-packages/airflow/example_dags/example_inlet_event_extra.py
[2026-06-13T17:56:34.444+0000] {logging_mixin.py:190} INFO - [2026-06-13T17:56:34.444+0000] {dag.py:3239} INFO - Sync 2 DAGs
[2026-06-13T17:56:34.465+0000] {logging_mixin.py:190} INFO - [2026-06-13T17:56:34.465+0000] {dag.py:4180} INFO - Setting next_dagrun for read_dataset_event to 2026-06-12 00:00:00+00:00, run_after=2026-06-13 00:00:00+00:00
[2026-06-13T17:56:34.469+0000] {logging_mixin.py:190} INFO - [2026-06-13T17:56:34.469+0000] {dag.py:4180} INFO - Setting next_dagrun for read_dataset_event_from_classic to 2026-06-12 00:00:00+00:00, run_after=2026-06-13 00:00:00+00:00
[2026-06-13T17:56:34.485+0000] {processor.py:208} INFO - Processing /home/airflow/.local/lib/python3.12/site-packages/airflow/example_dags/example_inlet_event_extra.py took 0.192 seconds
[2026-06-13T17:57:04.765+0000] {processor.py:186} INFO - Started process (PID=8097) to work on /home/airflow/.local/lib/python3.12/site-packages/airflow/example_dags/example_inlet_event_extra.py
[2026-06-13T17:57:04.767+0000] {processor.py:914} INFO - Processing file /home/airflow/.local/lib/python3.12/site-packages/airflow/example_dags/example_inlet_event_extra.py for tasks to queue
[2026-06-13T17:57:04.770+0000] {logging_mixin.py:190} INFO - [2026-06-13T17:57:04.770+0000] {dagbag.py:588} INFO - Filling up the DagBag from /home/airflow/.local/lib/python3.12/site-packages/airflow/example_dags/example_inlet_event_extra.py
[2026-06-13T17:57:04.909+0000] {processor.py:925} INFO - DAG(s) 'read_dataset_event_from_classic', 'read_dataset_event' retrieved from /home/airflow/.local/lib/python3.12/site-packages/airflow/example_dags/example_inlet_event_extra.py
[2026-06-13T17:57:04.929+0000] {logging_mixin.py:190} INFO - [2026-06-13T17:57:04.929+0000] {dag.py:3239} INFO - Sync 2 DAGs
[2026-06-13T17:57:04.949+0000] {logging_mixin.py:190} INFO - [2026-06-13T17:57:04.949+0000] {dag.py:4180} INFO - Setting next_dagrun for read_dataset_event to 2026-06-12 00:00:00+00:00, run_after=2026-06-13 00:00:00+00:00
[2026-06-13T17:57:04.954+0000] {logging_mixin.py:190} INFO - [2026-06-13T17:57:04.954+0000] {dag.py:4180} INFO - Setting next_dagrun for read_dataset_event_from_classic to 2026-06-12 00:00:00+00:00, run_after=2026-06-13 00:00:00+00:00
[2026-06-13T17:57:04.983+0000] {processor.py:208} INFO - Processing /home/airflow/.local/lib/python3.12/site-packages/airflow/example_dags/example_inlet_event_extra.py took 0.224 seconds
[2026-06-13T17:57:35.524+0000] {processor.py:186} INFO - Started process (PID=8159) to work on /home/airflow/.local/lib/python3.12/site-packages/airflow/example_dags/example_inlet_event_extra.py
[2026-06-13T17:57:35.526+0000] {processor.py:914} INFO - Processing file /home/airflow/.local/lib/python3.12/site-packages/airflow/example_dags/example_inlet_event_extra.py for tasks to queue
[2026-06-13T17:57:35.531+0000] {logging_mixin.py:190} INFO - [2026-06-13T17:57:35.530+0000] {dagbag.py:588} INFO - Filling up the DagBag from /home/airflow/.local/lib/python3.12/site-packages/airflow/example_dags/example_inlet_event_extra.py
[2026-06-13T17:57:35.756+0000] {processor.py:925} INFO - DAG(s) 'read_dataset_event_from_classic', 'read_dataset_event' retrieved from /home/airflow/.local/lib/python3.12/site-packages/airflow/example_dags/example_inlet_event_extra.py
[2026-06-13T17:57:35.795+0000] {logging_mixin.py:190} INFO - [2026-06-13T17:57:35.795+0000] {dag.py:3239} INFO - Sync 2 DAGs
[2026-06-13T17:57:35.842+0000] {logging_mixin.py:190} INFO - [2026-06-13T17:57:35.842+0000] {dag.py:4180} INFO - Setting next_dagrun for read_dataset_event to 2026-06-12 00:00:00+00:00, run_after=2026-06-13 00:00:00+00:00
[2026-06-13T17:57:35.849+0000] {logging_mixin.py:190} INFO - [2026-06-13T17:57:35.849+0000] {dag.py:4180} INFO - Setting next_dagrun for read_dataset_event_from_classic to 2026-06-12 00:00:00+00:00, run_after=2026-06-13 00:00:00+00:00
[2026-06-13T17:57:35.882+0000] {processor.py:208} INFO - Processing /home/airflow/.local/lib/python3.12/site-packages/airflow/example_dags/example_inlet_event_extra.py took 0.368 seconds
[2026-06-13T17:58:06.424+0000] {processor.py:186} INFO - Started process (PID=8221) to work on /home/airflow/.local/lib/python3.12/site-packages/airflow/example_dags/example_inlet_event_extra.py
[2026-06-13T17:58:06.426+0000] {processor.py:914} INFO - Processing file /home/airflow/.local/lib/python3.12/site-packages/airflow/example_dags/example_inlet_event_extra.py for tasks to queue
[2026-06-13T17:58:06.429+0000] {logging_mixin.py:190} INFO - [2026-06-13T17:58:06.428+0000] {dagbag.py:588} INFO - Filling up the DagBag from /home/airflow/.local/lib/python3.12/site-packages/airflow/example_dags/example_inlet_event_extra.py
[2026-06-13T17:58:06.549+0000] {processor.py:925} INFO - DAG(s) 'read_dataset_event', 'read_dataset_event_from_classic' retrieved from /home/airflow/.local/lib/python3.12/site-packages/airflow/example_dags/example_inlet_event_extra.py
[2026-06-13T17:58:06.576+0000] {logging_mixin.py:190} INFO - [2026-06-13T17:58:06.575+0000] {dag.py:3239} INFO - Sync 2 DAGs
[2026-06-13T17:58:06.599+0000] {logging_mixin.py:190} INFO - [2026-06-13T17:58:06.599+0000] {dag.py:4180} INFO - Setting next_dagrun for read_dataset_event to 2026-06-12 00:00:00+00:00, run_after=2026-06-13 00:00:00+00:00
[2026-06-13T17:58:06.604+0000] {logging_mixin.py:190} INFO - [2026-06-13T17:58:06.603+0000] {dag.py:4180} INFO - Setting next_dagrun for read_dataset_event_from_classic to 2026-06-12 00:00:00+00:00, run_after=2026-06-13 00:00:00+00:00
[2026-06-13T17:58:06.623+0000] {processor.py:208} INFO - Processing /home/airflow/.local/lib/python3.12/site-packages/airflow/example_dags/example_inlet_event_extra.py took 0.204 seconds
[2026-06-13T17:58:37.156+0000] {processor.py:186} INFO - Started process (PID=8283) to work on /home/airflow/.local/lib/python3.12/site-packages/airflow/example_dags/example_inlet_event_extra.py
[2026-06-13T17:58:37.158+0000] {processor.py:914} INFO - Processing file /home/airflow/.local/lib/python3.12/site-packages/airflow/example_dags/example_inlet_event_extra.py for tasks to queue
[2026-06-13T17:58:37.162+0000] {logging_mixin.py:190} INFO - [2026-06-13T17:58:37.161+0000] {dagbag.py:588} INFO - Filling up the DagBag from /home/airflow/.local/lib/python3.12/site-packages/airflow/example_dags/example_inlet_event_extra.py
[2026-06-13T17:58:37.306+0000] {processor.py:925} INFO - DAG(s) 'read_dataset_event', 'read_dataset_event_from_classic' retrieved from /home/airflow/.local/lib/python3.12/site-packages/airflow/example_dags/example_inlet_event_extra.py
[2026-06-13T17:58:37.332+0000] {logging_mixin.py:190} INFO - [2026-06-13T17:58:37.332+0000] {dag.py:3239} INFO - Sync 2 DAGs
[2026-06-13T17:58:37.353+0000] {logging_mixin.py:190} INFO - [2026-06-13T17:58:37.353+0000] {dag.py:4180} INFO - Setting next_dagrun for read_dataset_event to 2026-06-12 00:00:00+00:00, run_after=2026-06-13 00:00:00+00:00
[2026-06-13T17:58:37.358+0000] {logging_mixin.py:190} INFO - [2026-06-13T17:58:37.358+0000] {dag.py:4180} INFO - Setting next_dagrun for read_dataset_event_from_classic to 2026-06-12 00:00:00+00:00, run_after=2026-06-13 00:00:00+00:00
[2026-06-13T17:58:37.378+0000] {processor.py:208} INFO - Processing /home/airflow/.local/lib/python3.12/site-packages/airflow/example_dags/example_inlet_event_extra.py took 0.229 seconds
[2026-06-13T17:59:07.839+0000] {processor.py:186} INFO - Started process (PID=8345) to work on /home/airflow/.local/lib/python3.12/site-packages/airflow/example_dags/example_inlet_event_extra.py
[2026-06-13T17:59:07.840+0000] {processor.py:914} INFO - Processing file /home/airflow/.local/lib/python3.12/site-packages/airflow/example_dags/example_inlet_event_extra.py for tasks to queue
[2026-06-13T17:59:07.845+0000] {logging_mixin.py:190} INFO - [2026-06-13T17:59:07.844+0000] {dagbag.py:588} INFO - Filling up the DagBag from /home/airflow/.local/lib/python3.12/site-packages/airflow/example_dags/example_inlet_event_extra.py
[2026-06-13T17:59:07.972+0000] {processor.py:925} INFO - DAG(s) 'read_dataset_event_from_classic', 'read_dataset_event' retrieved from /home/airflow/.local/lib/python3.12/site-packages/airflow/example_dags/example_inlet_event_extra.py
[2026-06-13T17:59:07.997+0000] {logging_mixin.py:190} INFO - [2026-06-13T17:59:07.997+0000] {dag.py:3239} INFO - Sync 2 DAGs
[2026-06-13T17:59:08.019+0000] {logging_mixin.py:190} INFO - [2026-06-13T17:59:08.019+0000] {dag.py:4180} INFO - Setting next_dagrun for read_dataset_event to 2026-06-12 00:00:00+00:00, run_after=2026-06-13 00:00:00+00:00
[2026-06-13T17:59:08.023+0000] {logging_mixin.py:190} INFO - [2026-06-13T17:59:08.023+0000] {dag.py:4180} INFO - Setting next_dagrun for read_dataset_event_from_classic to 2026-06-12 00:00:00+00:00, run_after=2026-06-13 00:00:00+00:00
[2026-06-13T17:59:08.039+0000] {processor.py:208} INFO - Processing /home/airflow/.local/lib/python3.12/site-packages/airflow/example_dags/example_inlet_event_extra.py took 0.205 seconds
[2026-06-13T17:59:38.679+0000] {processor.py:186} INFO - Started process (PID=8407) to work on /home/airflow/.local/lib/python3.12/site-packages/airflow/example_dags/example_inlet_event_extra.py
[2026-06-13T17:59:38.681+0000] {processor.py:914} INFO - Processing file /home/airflow/.local/lib/python3.12/site-packages/airflow/example_dags/example_inlet_event_extra.py for tasks to queue
[2026-06-13T17:59:38.684+0000] {logging_mixin.py:190} INFO - [2026-06-13T17:59:38.684+0000] {dagbag.py:588} INFO - Filling up the DagBag from /home/airflow/.local/lib/python3.12/site-packages/airflow/example_dags/example_inlet_event_extra.py
[2026-06-13T17:59:38.942+0000] {processor.py:925} INFO - DAG(s) 'read_dataset_event', 'read_dataset_event_from_classic' retrieved from /home/airflow/.local/lib/python3.12/site-packages/airflow/example_dags/example_inlet_event_extra.py
[2026-06-13T17:59:38.986+0000] {logging_mixin.py:190} INFO - [2026-06-13T17:59:38.985+0000] {dag.py:3239} INFO - Sync 2 DAGs
[2026-06-13T17:59:39.023+0000] {logging_mixin.py:190} INFO - [2026-06-13T17:59:39.023+0000] {dag.py:4180} INFO - Setting next_dagrun for read_dataset_event to 2026-06-12 00:00:00+00:00, run_after=2026-06-13 00:00:00+00:00
[2026-06-13T17:59:39.034+0000] {logging_mixin.py:190} INFO - [2026-06-13T17:59:39.034+0000] {dag.py:4180} INFO - Setting next_dagrun for read_dataset_event_from_classic to 2026-06-12 00:00:00+00:00, run_after=2026-06-13 00:00:00+00:00
[2026-06-13T17:59:39.065+0000] {processor.py:208} INFO - Processing /home/airflow/.local/lib/python3.12/site-packages/airflow/example_dags/example_inlet_event_extra.py took 0.394 seconds
[2026-06-13T18:00:09.778+0000] {processor.py:186} INFO - Started process (PID=8469) to work on /home/airflow/.local/lib/python3.12/site-packages/airflow/example_dags/example_inlet_event_extra.py
[2026-06-13T18:00:09.779+0000] {processor.py:914} INFO - Processing file /home/airflow/.local/lib/python3.12/site-packages/airflow/example_dags/example_inlet_event_extra.py for tasks to queue
[2026-06-13T18:00:09.781+0000] {logging_mixin.py:190} INFO - [2026-06-13T18:00:09.781+0000] {dagbag.py:588} INFO - Filling up the DagBag from /home/airflow/.local/lib/python3.12/site-packages/airflow/example_dags/example_inlet_event_extra.py
[2026-06-13T18:00:09.896+0000] {processor.py:925} INFO - DAG(s) 'read_dataset_event_from_classic', 'read_dataset_event' retrieved from /home/airflow/.local/lib/python3.12/site-packages/airflow/example_dags/example_inlet_event_extra.py
[2026-06-13T18:00:09.915+0000] {logging_mixin.py:190} INFO - [2026-06-13T18:00:09.915+0000] {dag.py:3239} INFO - Sync 2 DAGs
[2026-06-13T18:00:09.935+0000] {logging_mixin.py:190} INFO - [2026-06-13T18:00:09.935+0000] {dag.py:4180} INFO - Setting next_dagrun for read_dataset_event to 2026-06-12 00:00:00+00:00, run_after=2026-06-13 00:00:00+00:00
[2026-06-13T18:00:09.939+0000] {logging_mixin.py:190} INFO - [2026-06-13T18:00:09.939+0000] {dag.py:4180} INFO - Setting next_dagrun for read_dataset_event_from_classic to 2026-06-12 00:00:00+00:00, run_after=2026-06-13 00:00:00+00:00
[2026-06-13T18:00:09.960+0000] {processor.py:208} INFO - Processing /home/airflow/.local/lib/python3.12/site-packages/airflow/example_dags/example_inlet_event_extra.py took 0.188 seconds
[2026-06-13T18:00:40.187+0000] {processor.py:186} INFO - Started process (PID=8532) to work on /home/airflow/.local/lib/python3.12/site-packages/airflow/example_dags/example_inlet_event_extra.py
[2026-06-13T18:00:40.188+0000] {processor.py:914} INFO - Processing file /home/airflow/.local/lib/python3.12/site-packages/airflow/example_dags/example_inlet_event_extra.py for tasks to queue
[2026-06-13T18:00:40.190+0000] {logging_mixin.py:190} INFO - [2026-06-13T18:00:40.190+0000] {dagbag.py:588} INFO - Filling up the DagBag from /home/airflow/.local/lib/python3.12/site-packages/airflow/example_dags/example_inlet_event_extra.py
[2026-06-13T18:00:40.298+0000] {processor.py:925} INFO - DAG(s) 'read_dataset_event_from_classic', 'read_dataset_event' retrieved from /home/airflow/.local/lib/python3.12/site-packages/airflow/example_dags/example_inlet_event_extra.py
[2026-06-13T18:00:40.317+0000] {logging_mixin.py:190} INFO - [2026-06-13T18:00:40.317+0000] {dag.py:3239} INFO - Sync 2 DAGs
[2026-06-13T18:00:40.338+0000] {logging_mixin.py:190} INFO - [2026-06-13T18:00:40.338+0000] {dag.py:4180} INFO - Setting next_dagrun for read_dataset_event to 2026-06-12 00:00:00+00:00, run_after=2026-06-13 00:00:00+00:00
[2026-06-13T18:00:40.342+0000] {logging_mixin.py:190} INFO - [2026-06-13T18:00:40.342+0000] {dag.py:4180} INFO - Setting next_dagrun for read_dataset_event_from_classic to 2026-06-12 00:00:00+00:00, run_after=2026-06-13 00:00:00+00:00
[2026-06-13T18:00:40.363+0000] {processor.py:208} INFO - Processing /home/airflow/.local/lib/python3.12/site-packages/airflow/example_dags/example_inlet_event_extra.py took 0.181 seconds
[2026-06-13T18:01:10.876+0000] {processor.py:186} INFO - Started process (PID=8594) to work on /home/airflow/.local/lib/python3.12/site-packages/airflow/example_dags/example_inlet_event_extra.py
[2026-06-13T18:01:10.877+0000] {processor.py:914} INFO - Processing file /home/airflow/.local/lib/python3.12/site-packages/airflow/example_dags/example_inlet_event_extra.py for tasks to queue
[2026-06-13T18:01:10.880+0000] {logging_mixin.py:190} INFO - [2026-06-13T18:01:10.879+0000] {dagbag.py:588} INFO - Filling up the DagBag from /home/airflow/.local/lib/python3.12/site-packages/airflow/example_dags/example_inlet_event_extra.py
[2026-06-13T18:01:10.993+0000] {processor.py:925} INFO - DAG(s) 'read_dataset_event', 'read_dataset_event_from_classic' retrieved from /home/airflow/.local/lib/python3.12/site-packages/airflow/example_dags/example_inlet_event_extra.py
[2026-06-13T18:01:11.010+0000] {logging_mixin.py:190} INFO - [2026-06-13T18:01:11.010+0000] {dag.py:3239} INFO - Sync 2 DAGs
[2026-06-13T18:01:11.028+0000] {logging_mixin.py:190} INFO - [2026-06-13T18:01:11.027+0000] {dag.py:4180} INFO - Setting next_dagrun for read_dataset_event to 2026-06-12 00:00:00+00:00, run_after=2026-06-13 00:00:00+00:00
[2026-06-13T18:01:11.031+0000] {logging_mixin.py:190} INFO - [2026-06-13T18:01:11.031+0000] {dag.py:4180} INFO - Setting next_dagrun for read_dataset_event_from_classic to 2026-06-12 00:00:00+00:00, run_after=2026-06-13 00:00:00+00:00
[2026-06-13T18:01:11.048+0000] {processor.py:208} INFO - Processing /home/airflow/.local/lib/python3.12/site-packages/airflow/example_dags/example_inlet_event_extra.py took 0.178 seconds
[2026-06-13T18:01:41.246+0000] {processor.py:186} INFO - Started process (PID=8656) to work on /home/airflow/.local/lib/python3.12/site-packages/airflow/example_dags/example_inlet_event_extra.py
[2026-06-13T18:01:41.247+0000] {processor.py:914} INFO - Processing file /home/airflow/.local/lib/python3.12/site-packages/airflow/example_dags/example_inlet_event_extra.py for tasks to queue
[2026-06-13T18:01:41.249+0000] {logging_mixin.py:190} INFO - [2026-06-13T18:01:41.249+0000] {dagbag.py:588} INFO - Filling up the DagBag from /home/airflow/.local/lib/python3.12/site-packages/airflow/example_dags/example_inlet_event_extra.py
[2026-06-13T18:01:41.354+0000] {processor.py:925} INFO - DAG(s) 'read_dataset_event_from_classic', 'read_dataset_event' retrieved from /home/airflow/.local/lib/python3.12/site-packages/airflow/example_dags/example_inlet_event_extra.py
[2026-06-13T18:01:41.372+0000] {logging_mixin.py:190} INFO - [2026-06-13T18:01:41.372+0000] {dag.py:3239} INFO - Sync 2 DAGs
[2026-06-13T18:01:41.390+0000] {logging_mixin.py:190} INFO - [2026-06-13T18:01:41.390+0000] {dag.py:4180} INFO - Setting next_dagrun for read_dataset_event to 2026-06-12 00:00:00+00:00, run_after=2026-06-13 00:00:00+00:00
[2026-06-13T18:01:41.394+0000] {logging_mixin.py:190} INFO - [2026-06-13T18:01:41.394+0000] {dag.py:4180} INFO - Setting next_dagrun for read_dataset_event_from_classic to 2026-06-12 00:00:00+00:00, run_after=2026-06-13 00:00:00+00:00
[2026-06-13T18:01:41.486+0000] {processor.py:208} INFO - Processing /home/airflow/.local/lib/python3.12/site-packages/airflow/example_dags/example_inlet_event_extra.py took 0.245 seconds
[2026-06-13T18:02:12.077+0000] {processor.py:186} INFO - Started process (PID=8718) to work on /home/airflow/.local/lib/python3.12/site-packages/airflow/example_dags/example_inlet_event_extra.py
[2026-06-13T18:02:12.079+0000] {processor.py:914} INFO - Processing file /home/airflow/.local/lib/python3.12/site-packages/airflow/example_dags/example_inlet_event_extra.py for tasks to queue
[2026-06-13T18:02:12.081+0000] {logging_mixin.py:190} INFO - [2026-06-13T18:02:12.081+0000] {dagbag.py:588} INFO - Filling up the DagBag from /home/airflow/.local/lib/python3.12/site-packages/airflow/example_dags/example_inlet_event_extra.py
[2026-06-13T18:02:12.189+0000] {processor.py:925} INFO - DAG(s) 'read_dataset_event', 'read_dataset_event_from_classic' retrieved from /home/airflow/.local/lib/python3.12/site-packages/airflow/example_dags/example_inlet_event_extra.py
[2026-06-13T18:02:12.207+0000] {logging_mixin.py:190} INFO - [2026-06-13T18:02:12.207+0000] {dag.py:3239} INFO - Sync 2 DAGs
[2026-06-13T18:02:12.225+0000] {logging_mixin.py:190} INFO - [2026-06-13T18:02:12.225+0000] {dag.py:4180} INFO - Setting next_dagrun for read_dataset_event to 2026-06-12 00:00:00+00:00, run_after=2026-06-13 00:00:00+00:00
[2026-06-13T18:02:12.229+0000] {logging_mixin.py:190} INFO - [2026-06-13T18:02:12.229+0000] {dag.py:4180} INFO - Setting next_dagrun for read_dataset_event_from_classic to 2026-06-12 00:00:00+00:00, run_after=2026-06-13 00:00:00+00:00
[2026-06-13T18:02:12.246+0000] {processor.py:208} INFO - Processing /home/airflow/.local/lib/python3.12/site-packages/airflow/example_dags/example_inlet_event_extra.py took 0.174 seconds
[2026-06-13T18:02:42.414+0000] {processor.py:186} INFO - Started process (PID=8780) to work on /home/airflow/.local/lib/python3.12/site-packages/airflow/example_dags/example_inlet_event_extra.py
[2026-06-13T18:02:42.415+0000] {processor.py:914} INFO - Processing file /home/airflow/.local/lib/python3.12/site-packages/airflow/example_dags/example_inlet_event_extra.py for tasks to queue
[2026-06-13T18:02:42.418+0000] {logging_mixin.py:190} INFO - [2026-06-13T18:02:42.418+0000] {dagbag.py:588} INFO - Filling up the DagBag from /home/airflow/.local/lib/python3.12/site-packages/airflow/example_dags/example_inlet_event_extra.py
[2026-06-13T18:02:42.521+0000] {processor.py:925} INFO - DAG(s) 'read_dataset_event_from_classic', 'read_dataset_event' retrieved from /home/airflow/.local/lib/python3.12/site-packages/airflow/example_dags/example_inlet_event_extra.py
[2026-06-13T18:02:42.542+0000] {logging_mixin.py:190} INFO - [2026-06-13T18:02:42.541+0000] {dag.py:3239} INFO - Sync 2 DAGs
[2026-06-13T18:02:42.560+0000] {logging_mixin.py:190} INFO - [2026-06-13T18:02:42.560+0000] {dag.py:4180} INFO - Setting next_dagrun for read_dataset_event to 2026-06-12 00:00:00+00:00, run_after=2026-06-13 00:00:00+00:00
[2026-06-13T18:02:42.567+0000] {logging_mixin.py:190} INFO - [2026-06-13T18:02:42.566+0000] {dag.py:4180} INFO - Setting next_dagrun for read_dataset_event_from_classic to 2026-06-12 00:00:00+00:00, run_after=2026-06-13 00:00:00+00:00
[2026-06-13T18:02:42.592+0000] {processor.py:208} INFO - Processing /home/airflow/.local/lib/python3.12/site-packages/airflow/example_dags/example_inlet_event_extra.py took 0.183 seconds
[2026-06-13T18:03:12.863+0000] {processor.py:186} INFO - Started process (PID=8847) to work on /home/airflow/.local/lib/python3.12/site-packages/airflow/example_dags/example_inlet_event_extra.py
[2026-06-13T18:03:12.864+0000] {processor.py:914} INFO - Processing file /home/airflow/.local/lib/python3.12/site-packages/airflow/example_dags/example_inlet_event_extra.py for tasks to queue
[2026-06-13T18:03:12.866+0000] {logging_mixin.py:190} INFO - [2026-06-13T18:03:12.866+0000] {dagbag.py:588} INFO - Filling up the DagBag from /home/airflow/.local/lib/python3.12/site-packages/airflow/example_dags/example_inlet_event_extra.py
[2026-06-13T18:03:12.979+0000] {processor.py:925} INFO - DAG(s) 'read_dataset_event_from_classic', 'read_dataset_event' retrieved from /home/airflow/.local/lib/python3.12/site-packages/airflow/example_dags/example_inlet_event_extra.py
[2026-06-13T18:03:13.004+0000] {logging_mixin.py:190} INFO - [2026-06-13T18:03:13.004+0000] {dag.py:3239} INFO - Sync 2 DAGs
[2026-06-13T18:03:13.024+0000] {logging_mixin.py:190} INFO - [2026-06-13T18:03:13.024+0000] {dag.py:4180} INFO - Setting next_dagrun for read_dataset_event to 2026-06-12 00:00:00+00:00, run_after=2026-06-13 00:00:00+00:00
[2026-06-13T18:03:13.031+0000] {logging_mixin.py:190} INFO - [2026-06-13T18:03:13.030+0000] {dag.py:4180} INFO - Setting next_dagrun for read_dataset_event_from_classic to 2026-06-12 00:00:00+00:00, run_after=2026-06-13 00:00:00+00:00
[2026-06-13T18:03:13.050+0000] {processor.py:208} INFO - Processing /home/airflow/.local/lib/python3.12/site-packages/airflow/example_dags/example_inlet_event_extra.py took 0.193 seconds
[2026-06-13T18:03:43.810+0000] {processor.py:186} INFO - Started process (PID=8909) to work on /home/airflow/.local/lib/python3.12/site-packages/airflow/example_dags/example_inlet_event_extra.py
[2026-06-13T18:03:43.811+0000] {processor.py:914} INFO - Processing file /home/airflow/.local/lib/python3.12/site-packages/airflow/example_dags/example_inlet_event_extra.py for tasks to queue
[2026-06-13T18:03:43.814+0000] {logging_mixin.py:190} INFO - [2026-06-13T18:03:43.814+0000] {dagbag.py:588} INFO - Filling up the DagBag from /home/airflow/.local/lib/python3.12/site-packages/airflow/example_dags/example_inlet_event_extra.py
[2026-06-13T18:03:43.970+0000] {processor.py:925} INFO - DAG(s) 'read_dataset_event_from_classic', 'read_dataset_event' retrieved from /home/airflow/.local/lib/python3.12/site-packages/airflow/example_dags/example_inlet_event_extra.py
[2026-06-13T18:03:43.993+0000] {logging_mixin.py:190} INFO - [2026-06-13T18:03:43.993+0000] {dag.py:3239} INFO - Sync 2 DAGs
[2026-06-13T18:03:44.014+0000] {logging_mixin.py:190} INFO - [2026-06-13T18:03:44.014+0000] {dag.py:4180} INFO - Setting next_dagrun for read_dataset_event to 2026-06-12 00:00:00+00:00, run_after=2026-06-13 00:00:00+00:00
[2026-06-13T18:03:44.018+0000] {logging_mixin.py:190} INFO - [2026-06-13T18:03:44.018+0000] {dag.py:4180} INFO - Setting next_dagrun for read_dataset_event_from_classic to 2026-06-12 00:00:00+00:00, run_after=2026-06-13 00:00:00+00:00
[2026-06-13T18:03:44.035+0000] {processor.py:208} INFO - Processing /home/airflow/.local/lib/python3.12/site-packages/airflow/example_dags/example_inlet_event_extra.py took 0.231 seconds
[2026-06-13T18:04:14.484+0000] {processor.py:186} INFO - Started process (PID=8971) to work on /home/airflow/.local/lib/python3.12/site-packages/airflow/example_dags/example_inlet_event_extra.py
[2026-06-13T18:04:14.486+0000] {processor.py:914} INFO - Processing file /home/airflow/.local/lib/python3.12/site-packages/airflow/example_dags/example_inlet_event_extra.py for tasks to queue
[2026-06-13T18:04:14.489+0000] {logging_mixin.py:190} INFO - [2026-06-13T18:04:14.488+0000] {dagbag.py:588} INFO - Filling up the DagBag from /home/airflow/.local/lib/python3.12/site-packages/airflow/example_dags/example_inlet_event_extra.py
[2026-06-13T18:04:14.609+0000] {processor.py:925} INFO - DAG(s) 'read_dataset_event_from_classic', 'read_dataset_event' retrieved from /home/airflow/.local/lib/python3.12/site-packages/airflow/example_dags/example_inlet_event_extra.py
[2026-06-13T18:04:14.634+0000] {logging_mixin.py:190} INFO - [2026-06-13T18:04:14.634+0000] {dag.py:3239} INFO - Sync 2 DAGs
[2026-06-13T18:04:14.656+0000] {logging_mixin.py:190} INFO - [2026-06-13T18:04:14.656+0000] {dag.py:4180} INFO - Setting next_dagrun for read_dataset_event to 2026-06-12 00:00:00+00:00, run_after=2026-06-13 00:00:00+00:00
[2026-06-13T18:04:14.663+0000] {logging_mixin.py:190} INFO - [2026-06-13T18:04:14.662+0000] {dag.py:4180} INFO - Setting next_dagrun for read_dataset_event_from_classic to 2026-06-12 00:00:00+00:00, run_after=2026-06-13 00:00:00+00:00
[2026-06-13T18:04:14.681+0000] {processor.py:208} INFO - Processing /home/airflow/.local/lib/python3.12/site-packages/airflow/example_dags/example_inlet_event_extra.py took 0.202 seconds
[2026-06-13T18:04:44.896+0000] {processor.py:186} INFO - Started process (PID=9033) to work on /home/airflow/.local/lib/python3.12/site-packages/airflow/example_dags/example_inlet_event_extra.py
[2026-06-13T18:04:44.897+0000] {processor.py:914} INFO - Processing file /home/airflow/.local/lib/python3.12/site-packages/airflow/example_dags/example_inlet_event_extra.py for tasks to queue
[2026-06-13T18:04:44.899+0000] {logging_mixin.py:190} INFO - [2026-06-13T18:04:44.899+0000] {dagbag.py:588} INFO - Filling up the DagBag from /home/airflow/.local/lib/python3.12/site-packages/airflow/example_dags/example_inlet_event_extra.py
[2026-06-13T18:04:45.012+0000] {processor.py:925} INFO - DAG(s) 'read_dataset_event', 'read_dataset_event_from_classic' retrieved from /home/airflow/.local/lib/python3.12/site-packages/airflow/example_dags/example_inlet_event_extra.py
[2026-06-13T18:04:45.034+0000] {logging_mixin.py:190} INFO - [2026-06-13T18:04:45.033+0000] {dag.py:3239} INFO - Sync 2 DAGs
[2026-06-13T18:04:45.061+0000] {logging_mixin.py:190} INFO - [2026-06-13T18:04:45.060+0000] {dag.py:4180} INFO - Setting next_dagrun for read_dataset_event to 2026-06-12 00:00:00+00:00, run_after=2026-06-13 00:00:00+00:00
[2026-06-13T18:04:45.066+0000] {logging_mixin.py:190} INFO - [2026-06-13T18:04:45.066+0000] {dag.py:4180} INFO - Setting next_dagrun for read_dataset_event_from_classic to 2026-06-12 00:00:00+00:00, run_after=2026-06-13 00:00:00+00:00
[2026-06-13T18:04:45.085+0000] {processor.py:208} INFO - Processing /home/airflow/.local/lib/python3.12/site-packages/airflow/example_dags/example_inlet_event_extra.py took 0.195 seconds
[2026-06-13T18:05:15.202+0000] {processor.py:186} INFO - Started process (PID=9095) to work on /home/airflow/.local/lib/python3.12/site-packages/airflow/example_dags/example_inlet_event_extra.py
[2026-06-13T18:05:15.203+0000] {processor.py:914} INFO - Processing file /home/airflow/.local/lib/python3.12/site-packages/airflow/example_dags/example_inlet_event_extra.py for tasks to queue
[2026-06-13T18:05:15.205+0000] {logging_mixin.py:190} INFO - [2026-06-13T18:05:15.205+0000] {dagbag.py:588} INFO - Filling up the DagBag from /home/airflow/.local/lib/python3.12/site-packages/airflow/example_dags/example_inlet_event_extra.py
[2026-06-13T18:05:15.306+0000] {processor.py:925} INFO - DAG(s) 'read_dataset_event_from_classic', 'read_dataset_event' retrieved from /home/airflow/.local/lib/python3.12/site-packages/airflow/example_dags/example_inlet_event_extra.py
[2026-06-13T18:05:15.324+0000] {logging_mixin.py:190} INFO - [2026-06-13T18:05:15.324+0000] {dag.py:3239} INFO - Sync 2 DAGs
[2026-06-13T18:05:15.343+0000] {logging_mixin.py:190} INFO - [2026-06-13T18:05:15.343+0000] {dag.py:4180} INFO - Setting next_dagrun for read_dataset_event to 2026-06-12 00:00:00+00:00, run_after=2026-06-13 00:00:00+00:00
[2026-06-13T18:05:15.347+0000] {logging_mixin.py:190} INFO - [2026-06-13T18:05:15.347+0000] {dag.py:4180} INFO - Setting next_dagrun for read_dataset_event_from_classic to 2026-06-12 00:00:00+00:00, run_after=2026-06-13 00:00:00+00:00
[2026-06-13T18:05:15.365+0000] {processor.py:208} INFO - Processing /home/airflow/.local/lib/python3.12/site-packages/airflow/example_dags/example_inlet_event_extra.py took 0.168 seconds
[2026-06-13T18:05:45.438+0000] {processor.py:186} INFO - Started process (PID=9158) to work on /home/airflow/.local/lib/python3.12/site-packages/airflow/example_dags/example_inlet_event_extra.py
[2026-06-13T18:05:45.440+0000] {processor.py:914} INFO - Processing file /home/airflow/.local/lib/python3.12/site-packages/airflow/example_dags/example_inlet_event_extra.py for tasks to queue
[2026-06-13T18:05:45.442+0000] {logging_mixin.py:190} INFO - [2026-06-13T18:05:45.442+0000] {dagbag.py:588} INFO - Filling up the DagBag from /home/airflow/.local/lib/python3.12/site-packages/airflow/example_dags/example_inlet_event_extra.py
[2026-06-13T18:05:45.547+0000] {processor.py:925} INFO - DAG(s) 'read_dataset_event', 'read_dataset_event_from_classic' retrieved from /home/airflow/.local/lib/python3.12/site-packages/airflow/example_dags/example_inlet_event_extra.py
[2026-06-13T18:05:45.564+0000] {logging_mixin.py:190} INFO - [2026-06-13T18:05:45.564+0000] {dag.py:3239} INFO - Sync 2 DAGs
[2026-06-13T18:05:45.583+0000] {logging_mixin.py:190} INFO - [2026-06-13T18:05:45.583+0000] {dag.py:4180} INFO - Setting next_dagrun for read_dataset_event to 2026-06-12 00:00:00+00:00, run_after=2026-06-13 00:00:00+00:00
[2026-06-13T18:05:45.587+0000] {logging_mixin.py:190} INFO - [2026-06-13T18:05:45.586+0000] {dag.py:4180} INFO - Setting next_dagrun for read_dataset_event_from_classic to 2026-06-12 00:00:00+00:00, run_after=2026-06-13 00:00:00+00:00
[2026-06-13T18:05:45.603+0000] {processor.py:208} INFO - Processing /home/airflow/.local/lib/python3.12/site-packages/airflow/example_dags/example_inlet_event_extra.py took 0.170 seconds
[2026-06-13T18:06:15.702+0000] {processor.py:186} INFO - Started process (PID=9220) to work on /home/airflow/.local/lib/python3.12/site-packages/airflow/example_dags/example_inlet_event_extra.py
[2026-06-13T18:06:15.703+0000] {processor.py:914} INFO - Processing file /home/airflow/.local/lib/python3.12/site-packages/airflow/example_dags/example_inlet_event_extra.py for tasks to queue
[2026-06-13T18:06:15.705+0000] {logging_mixin.py:190} INFO - [2026-06-13T18:06:15.705+0000] {dagbag.py:588} INFO - Filling up the DagBag from /home/airflow/.local/lib/python3.12/site-packages/airflow/example_dags/example_inlet_event_extra.py
[2026-06-13T18:06:15.804+0000] {processor.py:925} INFO - DAG(s) 'read_dataset_event', 'read_dataset_event_from_classic' retrieved from /home/airflow/.local/lib/python3.12/site-packages/airflow/example_dags/example_inlet_event_extra.py
[2026-06-13T18:06:15.825+0000] {logging_mixin.py:190} INFO - [2026-06-13T18:06:15.825+0000] {dag.py:3239} INFO - Sync 2 DAGs
[2026-06-13T18:06:15.846+0000] {logging_mixin.py:190} INFO - [2026-06-13T18:06:15.846+0000] {dag.py:4180} INFO - Setting next_dagrun for read_dataset_event to 2026-06-12 00:00:00+00:00, run_after=2026-06-13 00:00:00+00:00
[2026-06-13T18:06:15.850+0000] {logging_mixin.py:190} INFO - [2026-06-13T18:06:15.850+0000] {dag.py:4180} INFO - Setting next_dagrun for read_dataset_event_from_classic to 2026-06-12 00:00:00+00:00, run_after=2026-06-13 00:00:00+00:00
[2026-06-13T18:06:15.867+0000] {processor.py:208} INFO - Processing /home/airflow/.local/lib/python3.12/site-packages/airflow/example_dags/example_inlet_event_extra.py took 0.169 seconds
[2026-06-13T18:06:46.141+0000] {processor.py:186} INFO - Started process (PID=9282) to work on /home/airflow/.local/lib/python3.12/site-packages/airflow/example_dags/example_inlet_event_extra.py
[2026-06-13T18:06:46.142+0000] {processor.py:914} INFO - Processing file /home/airflow/.local/lib/python3.12/site-packages/airflow/example_dags/example_inlet_event_extra.py for tasks to queue
[2026-06-13T18:06:46.144+0000] {logging_mixin.py:190} INFO - [2026-06-13T18:06:46.144+0000] {dagbag.py:588} INFO - Filling up the DagBag from /home/airflow/.local/lib/python3.12/site-packages/airflow/example_dags/example_inlet_event_extra.py
[2026-06-13T18:06:46.251+0000] {processor.py:925} INFO - DAG(s) 'read_dataset_event_from_classic', 'read_dataset_event' retrieved from /home/airflow/.local/lib/python3.12/site-packages/airflow/example_dags/example_inlet_event_extra.py
[2026-06-13T18:06:46.269+0000] {logging_mixin.py:190} INFO - [2026-06-13T18:06:46.269+0000] {dag.py:3239} INFO - Sync 2 DAGs
[2026-06-13T18:06:46.287+0000] {logging_mixin.py:190} INFO - [2026-06-13T18:06:46.287+0000] {dag.py:4180} INFO - Setting next_dagrun for read_dataset_event to 2026-06-12 00:00:00+00:00, run_after=2026-06-13 00:00:00+00:00
[2026-06-13T18:06:46.291+0000] {logging_mixin.py:190} INFO - [2026-06-13T18:06:46.291+0000] {dag.py:4180} INFO - Setting next_dagrun for read_dataset_event_from_classic to 2026-06-12 00:00:00+00:00, run_after=2026-06-13 00:00:00+00:00
[2026-06-13T18:06:46.307+0000] {processor.py:208} INFO - Processing /home/airflow/.local/lib/python3.12/site-packages/airflow/example_dags/example_inlet_event_extra.py took 0.170 seconds
[2026-06-13T18:07:16.451+0000] {processor.py:186} INFO - Started process (PID=9344) to work on /home/airflow/.local/lib/python3.12/site-packages/airflow/example_dags/example_inlet_event_extra.py
[2026-06-13T18:07:16.453+0000] {processor.py:914} INFO - Processing file /home/airflow/.local/lib/python3.12/site-packages/airflow/example_dags/example_inlet_event_extra.py for tasks to queue
[2026-06-13T18:07:16.456+0000] {logging_mixin.py:190} INFO - [2026-06-13T18:07:16.455+0000] {dagbag.py:588} INFO - Filling up the DagBag from /home/airflow/.local/lib/python3.12/site-packages/airflow/example_dags/example_inlet_event_extra.py
[2026-06-13T18:07:16.574+0000] {processor.py:925} INFO - DAG(s) 'read_dataset_event', 'read_dataset_event_from_classic' retrieved from /home/airflow/.local/lib/python3.12/site-packages/airflow/example_dags/example_inlet_event_extra.py
[2026-06-13T18:07:16.592+0000] {logging_mixin.py:190} INFO - [2026-06-13T18:07:16.591+0000] {dag.py:3239} INFO - Sync 2 DAGs
[2026-06-13T18:07:16.611+0000] {logging_mixin.py:190} INFO - [2026-06-13T18:07:16.611+0000] {dag.py:4180} INFO - Setting next_dagrun for read_dataset_event to 2026-06-12 00:00:00+00:00, run_after=2026-06-13 00:00:00+00:00
[2026-06-13T18:07:16.617+0000] {logging_mixin.py:190} INFO - [2026-06-13T18:07:16.616+0000] {dag.py:4180} INFO - Setting next_dagrun for read_dataset_event_from_classic to 2026-06-12 00:00:00+00:00, run_after=2026-06-13 00:00:00+00:00
[2026-06-13T18:07:16.633+0000] {processor.py:208} INFO - Processing /home/airflow/.local/lib/python3.12/site-packages/airflow/example_dags/example_inlet_event_extra.py took 0.187 seconds
[2026-06-13T18:07:46.837+0000] {processor.py:186} INFO - Started process (PID=9406) to work on /home/airflow/.local/lib/python3.12/site-packages/airflow/example_dags/example_inlet_event_extra.py
[2026-06-13T18:07:46.838+0000] {processor.py:914} INFO - Processing file /home/airflow/.local/lib/python3.12/site-packages/airflow/example_dags/example_inlet_event_extra.py for tasks to queue
[2026-06-13T18:07:46.841+0000] {logging_mixin.py:190} INFO - [2026-06-13T18:07:46.841+0000] {dagbag.py:588} INFO - Filling up the DagBag from /home/airflow/.local/lib/python3.12/site-packages/airflow/example_dags/example_inlet_event_extra.py
[2026-06-13T18:07:46.954+0000] {processor.py:925} INFO - DAG(s) 'read_dataset_event', 'read_dataset_event_from_classic' retrieved from /home/airflow/.local/lib/python3.12/site-packages/airflow/example_dags/example_inlet_event_extra.py
[2026-06-13T18:07:46.978+0000] {logging_mixin.py:190} INFO - [2026-06-13T18:07:46.978+0000] {dag.py:3239} INFO - Sync 2 DAGs
[2026-06-13T18:07:47.002+0000] {logging_mixin.py:190} INFO - [2026-06-13T18:07:47.001+0000] {dag.py:4180} INFO - Setting next_dagrun for read_dataset_event to 2026-06-12 00:00:00+00:00, run_after=2026-06-13 00:00:00+00:00
[2026-06-13T18:07:47.007+0000] {logging_mixin.py:190} INFO - [2026-06-13T18:07:47.007+0000] {dag.py:4180} INFO - Setting next_dagrun for read_dataset_event_from_classic to 2026-06-12 00:00:00+00:00, run_after=2026-06-13 00:00:00+00:00
[2026-06-13T18:07:47.028+0000] {processor.py:208} INFO - Processing /home/airflow/.local/lib/python3.12/site-packages/airflow/example_dags/example_inlet_event_extra.py took 0.196 seconds
[2026-06-13T18:08:17.315+0000] {processor.py:186} INFO - Started process (PID=9468) to work on /home/airflow/.local/lib/python3.12/site-packages/airflow/example_dags/example_inlet_event_extra.py
[2026-06-13T18:08:17.316+0000] {processor.py:914} INFO - Processing file /home/airflow/.local/lib/python3.12/site-packages/airflow/example_dags/example_inlet_event_extra.py for tasks to queue
[2026-06-13T18:08:17.319+0000] {logging_mixin.py:190} INFO - [2026-06-13T18:08:17.318+0000] {dagbag.py:588} INFO - Filling up the DagBag from /home/airflow/.local/lib/python3.12/site-packages/airflow/example_dags/example_inlet_event_extra.py
[2026-06-13T18:08:17.438+0000] {processor.py:925} INFO - DAG(s) 'read_dataset_event', 'read_dataset_event_from_classic' retrieved from /home/airflow/.local/lib/python3.12/site-packages/airflow/example_dags/example_inlet_event_extra.py
[2026-06-13T18:08:17.466+0000] {logging_mixin.py:190} INFO - [2026-06-13T18:08:17.465+0000] {dag.py:3239} INFO - Sync 2 DAGs
[2026-06-13T18:08:17.495+0000] {logging_mixin.py:190} INFO - [2026-06-13T18:08:17.494+0000] {dag.py:4180} INFO - Setting next_dagrun for read_dataset_event to 2026-06-12 00:00:00+00:00, run_after=2026-06-13 00:00:00+00:00
[2026-06-13T18:08:17.499+0000] {logging_mixin.py:190} INFO - [2026-06-13T18:08:17.499+0000] {dag.py:4180} INFO - Setting next_dagrun for read_dataset_event_from_classic to 2026-06-12 00:00:00+00:00, run_after=2026-06-13 00:00:00+00:00
[2026-06-13T18:08:17.519+0000] {processor.py:208} INFO - Processing /home/airflow/.local/lib/python3.12/site-packages/airflow/example_dags/example_inlet_event_extra.py took 0.209 seconds
