[2026-06-13T16:50:37.177+0000] {processor.py:186} INFO - Started process (PID=88) to work on /home/airflow/.local/lib/python3.12/site-packages/airflow/example_dags/example_sla_dag.py
[2026-06-13T16:50:37.179+0000] {processor.py:914} INFO - Processing file /home/airflow/.local/lib/python3.12/site-packages/airflow/example_dags/example_sla_dag.py for tasks to queue
[2026-06-13T16:50:37.185+0000] {logging_mixin.py:190} INFO - [2026-06-13T16:50:37.184+0000] {dagbag.py:588} INFO - Filling up the DagBag from /home/airflow/.local/lib/python3.12/site-packages/airflow/example_dags/example_sla_dag.py
[2026-06-13T16:50:37.211+0000] {processor.py:925} INFO - DAG(s) 'example_sla_dag' retrieved from /home/airflow/.local/lib/python3.12/site-packages/airflow/example_dags/example_sla_dag.py
[2026-06-13T16:50:37.403+0000] {logging_mixin.py:190} INFO - [2026-06-13T16:50:37.401+0000] {override.py:1900} INFO - Created Permission View: can edit on DAG:example_sla_dag
[2026-06-13T16:50:37.424+0000] {logging_mixin.py:190} INFO - [2026-06-13T16:50:37.423+0000] {override.py:1900} INFO - Created Permission View: can read on DAG:example_sla_dag
[2026-06-13T16:50:37.455+0000] {logging_mixin.py:190} INFO - [2026-06-13T16:50:37.455+0000] {override.py:1900} INFO - Created Permission View: can delete on DAG:example_sla_dag
[2026-06-13T16:50:37.497+0000] {logging_mixin.py:190} INFO - [2026-06-13T16:50:37.496+0000] {override.py:1900} INFO - Created Permission View: can read on DAG Run:example_sla_dag
[2026-06-13T16:50:37.529+0000] {logging_mixin.py:190} INFO - [2026-06-13T16:50:37.528+0000] {override.py:1900} INFO - Created Permission View: can create on DAG Run:example_sla_dag
[2026-06-13T16:50:37.545+0000] {logging_mixin.py:190} INFO - [2026-06-13T16:50:37.545+0000] {override.py:1900} INFO - Created Permission View: menu access on DAG Run:example_sla_dag
[2026-06-13T16:50:37.567+0000] {logging_mixin.py:190} INFO - [2026-06-13T16:50:37.567+0000] {override.py:1900} INFO - Created Permission View: can delete on DAG Run:example_sla_dag
[2026-06-13T16:50:37.568+0000] {logging_mixin.py:190} INFO - [2026-06-13T16:50:37.568+0000] {dag.py:3239} INFO - Sync 1 DAGs
[2026-06-13T16:50:37.589+0000] {logging_mixin.py:190} INFO - [2026-06-13T16:50:37.588+0000] {dag.py:3262} INFO - Creating ORM DAG for example_sla_dag
[2026-06-13T16:50:37.615+0000] {logging_mixin.py:190} INFO - [2026-06-13T16:50:37.615+0000] {dag.py:4180} INFO - Setting next_dagrun for example_sla_dag to 2026-06-13 16:48:00+00:00, run_after=2026-06-13 16:50:00+00:00
[2026-06-13T16:50:37.650+0000] {processor.py:208} INFO - Processing /home/airflow/.local/lib/python3.12/site-packages/airflow/example_dags/example_sla_dag.py took 0.486 seconds
[2026-06-13T16:51:07.940+0000] {processor.py:186} INFO - Started process (PID=150) to work on /home/airflow/.local/lib/python3.12/site-packages/airflow/example_dags/example_sla_dag.py
[2026-06-13T16:51:07.941+0000] {processor.py:914} INFO - Processing file /home/airflow/.local/lib/python3.12/site-packages/airflow/example_dags/example_sla_dag.py for tasks to queue
[2026-06-13T16:51:07.945+0000] {logging_mixin.py:190} INFO - [2026-06-13T16:51:07.945+0000] {dagbag.py:588} INFO - Filling up the DagBag from /home/airflow/.local/lib/python3.12/site-packages/airflow/example_dags/example_sla_dag.py
[2026-06-13T16:51:07.958+0000] {processor.py:925} INFO - DAG(s) 'example_sla_dag' retrieved from /home/airflow/.local/lib/python3.12/site-packages/airflow/example_dags/example_sla_dag.py
[2026-06-13T16:51:07.981+0000] {logging_mixin.py:190} INFO - [2026-06-13T16:51:07.980+0000] {dag.py:3239} INFO - Sync 1 DAGs
[2026-06-13T16:51:08.012+0000] {logging_mixin.py:190} INFO - [2026-06-13T16:51:08.012+0000] {dag.py:4180} INFO - Setting next_dagrun for example_sla_dag to 2026-06-13 16:48:00+00:00, run_after=2026-06-13 16:50:00+00:00
[2026-06-13T16:51:08.035+0000] {processor.py:208} INFO - Processing /home/airflow/.local/lib/python3.12/site-packages/airflow/example_dags/example_sla_dag.py took 0.102 seconds
[2026-06-13T16:51:38.351+0000] {processor.py:186} INFO - Started process (PID=212) to work on /home/airflow/.local/lib/python3.12/site-packages/airflow/example_dags/example_sla_dag.py
[2026-06-13T16:51:38.353+0000] {processor.py:914} INFO - Processing file /home/airflow/.local/lib/python3.12/site-packages/airflow/example_dags/example_sla_dag.py for tasks to queue
[2026-06-13T16:51:38.357+0000] {logging_mixin.py:190} INFO - [2026-06-13T16:51:38.356+0000] {dagbag.py:588} INFO - Filling up the DagBag from /home/airflow/.local/lib/python3.12/site-packages/airflow/example_dags/example_sla_dag.py
[2026-06-13T16:51:38.368+0000] {processor.py:925} INFO - DAG(s) 'example_sla_dag' retrieved from /home/airflow/.local/lib/python3.12/site-packages/airflow/example_dags/example_sla_dag.py
[2026-06-13T16:51:38.389+0000] {logging_mixin.py:190} INFO - [2026-06-13T16:51:38.388+0000] {dag.py:3239} INFO - Sync 1 DAGs
[2026-06-13T16:51:38.420+0000] {logging_mixin.py:190} INFO - [2026-06-13T16:51:38.420+0000] {dag.py:4180} INFO - Setting next_dagrun for example_sla_dag to 2026-06-13 16:48:00+00:00, run_after=2026-06-13 16:50:00+00:00
[2026-06-13T16:51:38.447+0000] {processor.py:208} INFO - Processing /home/airflow/.local/lib/python3.12/site-packages/airflow/example_dags/example_sla_dag.py took 0.102 seconds
[2026-06-13T16:52:08.881+0000] {processor.py:186} INFO - Started process (PID=274) to work on /home/airflow/.local/lib/python3.12/site-packages/airflow/example_dags/example_sla_dag.py
[2026-06-13T16:52:08.882+0000] {processor.py:914} INFO - Processing file /home/airflow/.local/lib/python3.12/site-packages/airflow/example_dags/example_sla_dag.py for tasks to queue
[2026-06-13T16:52:08.885+0000] {logging_mixin.py:190} INFO - [2026-06-13T16:52:08.885+0000] {dagbag.py:588} INFO - Filling up the DagBag from /home/airflow/.local/lib/python3.12/site-packages/airflow/example_dags/example_sla_dag.py
[2026-06-13T16:52:08.895+0000] {processor.py:925} INFO - DAG(s) 'example_sla_dag' retrieved from /home/airflow/.local/lib/python3.12/site-packages/airflow/example_dags/example_sla_dag.py
[2026-06-13T16:52:08.917+0000] {logging_mixin.py:190} INFO - [2026-06-13T16:52:08.916+0000] {dag.py:3239} INFO - Sync 1 DAGs
[2026-06-13T16:52:08.944+0000] {logging_mixin.py:190} INFO - [2026-06-13T16:52:08.944+0000] {dag.py:4180} INFO - Setting next_dagrun for example_sla_dag to 2026-06-13 16:50:00+00:00, run_after=2026-06-13 16:52:00+00:00
[2026-06-13T16:52:08.963+0000] {processor.py:208} INFO - Processing /home/airflow/.local/lib/python3.12/site-packages/airflow/example_dags/example_sla_dag.py took 0.088 seconds
[2026-06-13T16:53:30.737+0000] {processor.py:186} INFO - Started process (PID=329) to work on /home/airflow/.local/lib/python3.12/site-packages/airflow/example_dags/example_sla_dag.py
[2026-06-13T16:53:30.738+0000] {processor.py:914} INFO - Processing file /home/airflow/.local/lib/python3.12/site-packages/airflow/example_dags/example_sla_dag.py for tasks to queue
[2026-06-13T16:53:30.741+0000] {logging_mixin.py:190} INFO - [2026-06-13T16:53:30.740+0000] {dagbag.py:588} INFO - Filling up the DagBag from /home/airflow/.local/lib/python3.12/site-packages/airflow/example_dags/example_sla_dag.py
[2026-06-13T16:53:30.751+0000] {processor.py:925} INFO - DAG(s) 'example_sla_dag' retrieved from /home/airflow/.local/lib/python3.12/site-packages/airflow/example_dags/example_sla_dag.py
[2026-06-13T16:53:30.770+0000] {logging_mixin.py:190} INFO - [2026-06-13T16:53:30.770+0000] {dag.py:3239} INFO - Sync 1 DAGs
[2026-06-13T16:53:30.796+0000] {logging_mixin.py:190} INFO - [2026-06-13T16:53:30.796+0000] {dag.py:4180} INFO - Setting next_dagrun for example_sla_dag to 2026-06-13 16:50:00+00:00, run_after=2026-06-13 16:52:00+00:00
[2026-06-13T16:53:30.816+0000] {processor.py:208} INFO - Processing /home/airflow/.local/lib/python3.12/site-packages/airflow/example_dags/example_sla_dag.py took 0.085 seconds
[2026-06-13T16:54:01.061+0000] {processor.py:186} INFO - Started process (PID=391) to work on /home/airflow/.local/lib/python3.12/site-packages/airflow/example_dags/example_sla_dag.py
[2026-06-13T16:54:01.063+0000] {processor.py:914} INFO - Processing file /home/airflow/.local/lib/python3.12/site-packages/airflow/example_dags/example_sla_dag.py for tasks to queue
[2026-06-13T16:54:01.066+0000] {logging_mixin.py:190} INFO - [2026-06-13T16:54:01.066+0000] {dagbag.py:588} INFO - Filling up the DagBag from /home/airflow/.local/lib/python3.12/site-packages/airflow/example_dags/example_sla_dag.py
[2026-06-13T16:54:01.082+0000] {processor.py:925} INFO - DAG(s) 'example_sla_dag' retrieved from /home/airflow/.local/lib/python3.12/site-packages/airflow/example_dags/example_sla_dag.py
[2026-06-13T16:54:01.106+0000] {logging_mixin.py:190} INFO - [2026-06-13T16:54:01.106+0000] {dag.py:3239} INFO - Sync 1 DAGs
[2026-06-13T16:54:01.137+0000] {logging_mixin.py:190} INFO - [2026-06-13T16:54:01.137+0000] {dag.py:4180} INFO - Setting next_dagrun for example_sla_dag to 2026-06-13 16:52:00+00:00, run_after=2026-06-13 16:54:00+00:00
[2026-06-13T16:54:01.164+0000] {processor.py:208} INFO - Processing /home/airflow/.local/lib/python3.12/site-packages/airflow/example_dags/example_sla_dag.py took 0.112 seconds
[2026-06-13T16:54:31.306+0000] {processor.py:186} INFO - Started process (PID=453) to work on /home/airflow/.local/lib/python3.12/site-packages/airflow/example_dags/example_sla_dag.py
[2026-06-13T16:54:31.307+0000] {processor.py:914} INFO - Processing file /home/airflow/.local/lib/python3.12/site-packages/airflow/example_dags/example_sla_dag.py for tasks to queue
[2026-06-13T16:54:31.310+0000] {logging_mixin.py:190} INFO - [2026-06-13T16:54:31.309+0000] {dagbag.py:588} INFO - Filling up the DagBag from /home/airflow/.local/lib/python3.12/site-packages/airflow/example_dags/example_sla_dag.py
[2026-06-13T16:54:31.322+0000] {processor.py:925} INFO - DAG(s) 'example_sla_dag' retrieved from /home/airflow/.local/lib/python3.12/site-packages/airflow/example_dags/example_sla_dag.py
[2026-06-13T16:54:31.342+0000] {logging_mixin.py:190} INFO - [2026-06-13T16:54:31.342+0000] {dag.py:3239} INFO - Sync 1 DAGs
[2026-06-13T16:54:31.366+0000] {logging_mixin.py:190} INFO - [2026-06-13T16:54:31.366+0000] {dag.py:4180} INFO - Setting next_dagrun for example_sla_dag to 2026-06-13 16:52:00+00:00, run_after=2026-06-13 16:54:00+00:00
[2026-06-13T16:54:31.388+0000] {processor.py:208} INFO - Processing /home/airflow/.local/lib/python3.12/site-packages/airflow/example_dags/example_sla_dag.py took 0.087 seconds
[2026-06-13T16:55:01.542+0000] {processor.py:186} INFO - Started process (PID=515) to work on /home/airflow/.local/lib/python3.12/site-packages/airflow/example_dags/example_sla_dag.py
[2026-06-13T16:55:01.543+0000] {processor.py:914} INFO - Processing file /home/airflow/.local/lib/python3.12/site-packages/airflow/example_dags/example_sla_dag.py for tasks to queue
[2026-06-13T16:55:01.547+0000] {logging_mixin.py:190} INFO - [2026-06-13T16:55:01.547+0000] {dagbag.py:588} INFO - Filling up the DagBag from /home/airflow/.local/lib/python3.12/site-packages/airflow/example_dags/example_sla_dag.py
[2026-06-13T16:55:01.558+0000] {processor.py:925} INFO - DAG(s) 'example_sla_dag' retrieved from /home/airflow/.local/lib/python3.12/site-packages/airflow/example_dags/example_sla_dag.py
[2026-06-13T16:55:01.580+0000] {logging_mixin.py:190} INFO - [2026-06-13T16:55:01.579+0000] {dag.py:3239} INFO - Sync 1 DAGs
[2026-06-13T16:55:01.612+0000] {logging_mixin.py:190} INFO - [2026-06-13T16:55:01.612+0000] {dag.py:4180} INFO - Setting next_dagrun for example_sla_dag to 2026-06-13 16:52:00+00:00, run_after=2026-06-13 16:54:00+00:00
[2026-06-13T16:55:01.637+0000] {processor.py:208} INFO - Processing /home/airflow/.local/lib/python3.12/site-packages/airflow/example_dags/example_sla_dag.py took 0.101 seconds
[2026-06-13T16:55:31.966+0000] {processor.py:186} INFO - Started process (PID=578) to work on /home/airflow/.local/lib/python3.12/site-packages/airflow/example_dags/example_sla_dag.py
[2026-06-13T16:55:31.968+0000] {processor.py:914} INFO - Processing file /home/airflow/.local/lib/python3.12/site-packages/airflow/example_dags/example_sla_dag.py for tasks to queue
[2026-06-13T16:55:31.971+0000] {logging_mixin.py:190} INFO - [2026-06-13T16:55:31.971+0000] {dagbag.py:588} INFO - Filling up the DagBag from /home/airflow/.local/lib/python3.12/site-packages/airflow/example_dags/example_sla_dag.py
[2026-06-13T16:55:31.986+0000] {processor.py:925} INFO - DAG(s) 'example_sla_dag' retrieved from /home/airflow/.local/lib/python3.12/site-packages/airflow/example_dags/example_sla_dag.py
[2026-06-13T16:55:32.009+0000] {logging_mixin.py:190} INFO - [2026-06-13T16:55:32.008+0000] {dag.py:3239} INFO - Sync 1 DAGs
[2026-06-13T16:55:32.044+0000] {logging_mixin.py:190} INFO - [2026-06-13T16:55:32.043+0000] {dag.py:4180} INFO - Setting next_dagrun for example_sla_dag to 2026-06-13 16:52:00+00:00, run_after=2026-06-13 16:54:00+00:00
[2026-06-13T16:55:32.068+0000] {processor.py:208} INFO - Processing /home/airflow/.local/lib/python3.12/site-packages/airflow/example_dags/example_sla_dag.py took 0.110 seconds
[2026-06-13T16:56:02.283+0000] {processor.py:186} INFO - Started process (PID=640) to work on /home/airflow/.local/lib/python3.12/site-packages/airflow/example_dags/example_sla_dag.py
[2026-06-13T16:56:02.285+0000] {processor.py:914} INFO - Processing file /home/airflow/.local/lib/python3.12/site-packages/airflow/example_dags/example_sla_dag.py for tasks to queue
[2026-06-13T16:56:02.288+0000] {logging_mixin.py:190} INFO - [2026-06-13T16:56:02.287+0000] {dagbag.py:588} INFO - Filling up the DagBag from /home/airflow/.local/lib/python3.12/site-packages/airflow/example_dags/example_sla_dag.py
[2026-06-13T16:56:02.300+0000] {processor.py:925} INFO - DAG(s) 'example_sla_dag' retrieved from /home/airflow/.local/lib/python3.12/site-packages/airflow/example_dags/example_sla_dag.py
[2026-06-13T16:56:02.324+0000] {logging_mixin.py:190} INFO - [2026-06-13T16:56:02.324+0000] {dag.py:3239} INFO - Sync 1 DAGs
[2026-06-13T16:56:02.358+0000] {logging_mixin.py:190} INFO - [2026-06-13T16:56:02.358+0000] {dag.py:4180} INFO - Setting next_dagrun for example_sla_dag to 2026-06-13 16:54:00+00:00, run_after=2026-06-13 16:56:00+00:00
[2026-06-13T16:56:02.381+0000] {processor.py:208} INFO - Processing /home/airflow/.local/lib/python3.12/site-packages/airflow/example_dags/example_sla_dag.py took 0.105 seconds
[2026-06-13T16:56:32.624+0000] {processor.py:186} INFO - Started process (PID=702) to work on /home/airflow/.local/lib/python3.12/site-packages/airflow/example_dags/example_sla_dag.py
[2026-06-13T16:56:32.625+0000] {processor.py:914} INFO - Processing file /home/airflow/.local/lib/python3.12/site-packages/airflow/example_dags/example_sla_dag.py for tasks to queue
[2026-06-13T16:56:32.628+0000] {logging_mixin.py:190} INFO - [2026-06-13T16:56:32.628+0000] {dagbag.py:588} INFO - Filling up the DagBag from /home/airflow/.local/lib/python3.12/site-packages/airflow/example_dags/example_sla_dag.py
[2026-06-13T16:56:32.642+0000] {processor.py:925} INFO - DAG(s) 'example_sla_dag' retrieved from /home/airflow/.local/lib/python3.12/site-packages/airflow/example_dags/example_sla_dag.py
[2026-06-13T16:56:32.665+0000] {logging_mixin.py:190} INFO - [2026-06-13T16:56:32.664+0000] {dag.py:3239} INFO - Sync 1 DAGs
[2026-06-13T16:56:32.697+0000] {logging_mixin.py:190} INFO - [2026-06-13T16:56:32.697+0000] {dag.py:4180} INFO - Setting next_dagrun for example_sla_dag to 2026-06-13 16:54:00+00:00, run_after=2026-06-13 16:56:00+00:00
[2026-06-13T16:56:32.720+0000] {processor.py:208} INFO - Processing /home/airflow/.local/lib/python3.12/site-packages/airflow/example_dags/example_sla_dag.py took 0.104 seconds
[2026-06-13T16:57:02.922+0000] {processor.py:186} INFO - Started process (PID=764) to work on /home/airflow/.local/lib/python3.12/site-packages/airflow/example_dags/example_sla_dag.py
[2026-06-13T16:57:02.924+0000] {processor.py:914} INFO - Processing file /home/airflow/.local/lib/python3.12/site-packages/airflow/example_dags/example_sla_dag.py for tasks to queue
[2026-06-13T16:57:02.927+0000] {logging_mixin.py:190} INFO - [2026-06-13T16:57:02.927+0000] {dagbag.py:588} INFO - Filling up the DagBag from /home/airflow/.local/lib/python3.12/site-packages/airflow/example_dags/example_sla_dag.py
[2026-06-13T16:57:02.940+0000] {processor.py:925} INFO - DAG(s) 'example_sla_dag' retrieved from /home/airflow/.local/lib/python3.12/site-packages/airflow/example_dags/example_sla_dag.py
[2026-06-13T16:57:02.965+0000] {logging_mixin.py:190} INFO - [2026-06-13T16:57:02.965+0000] {dag.py:3239} INFO - Sync 1 DAGs
[2026-06-13T16:57:02.999+0000] {logging_mixin.py:190} INFO - [2026-06-13T16:57:02.999+0000] {dag.py:4180} INFO - Setting next_dagrun for example_sla_dag to 2026-06-13 16:54:00+00:00, run_after=2026-06-13 16:56:00+00:00
[2026-06-13T16:57:03.034+0000] {processor.py:208} INFO - Processing /home/airflow/.local/lib/python3.12/site-packages/airflow/example_dags/example_sla_dag.py took 0.118 seconds
[2026-06-13T16:57:33.874+0000] {processor.py:186} INFO - Started process (PID=826) to work on /home/airflow/.local/lib/python3.12/site-packages/airflow/example_dags/example_sla_dag.py
[2026-06-13T16:57:33.875+0000] {processor.py:914} INFO - Processing file /home/airflow/.local/lib/python3.12/site-packages/airflow/example_dags/example_sla_dag.py for tasks to queue
[2026-06-13T16:57:33.879+0000] {logging_mixin.py:190} INFO - [2026-06-13T16:57:33.878+0000] {dagbag.py:588} INFO - Filling up the DagBag from /home/airflow/.local/lib/python3.12/site-packages/airflow/example_dags/example_sla_dag.py
[2026-06-13T16:57:33.892+0000] {processor.py:925} INFO - DAG(s) 'example_sla_dag' retrieved from /home/airflow/.local/lib/python3.12/site-packages/airflow/example_dags/example_sla_dag.py
[2026-06-13T16:57:33.919+0000] {logging_mixin.py:190} INFO - [2026-06-13T16:57:33.919+0000] {dag.py:3239} INFO - Sync 1 DAGs
[2026-06-13T16:57:33.956+0000] {logging_mixin.py:190} INFO - [2026-06-13T16:57:33.955+0000] {dag.py:4180} INFO - Setting next_dagrun for example_sla_dag to 2026-06-13 16:54:00+00:00, run_after=2026-06-13 16:56:00+00:00
[2026-06-13T16:57:33.983+0000] {processor.py:208} INFO - Processing /home/airflow/.local/lib/python3.12/site-packages/airflow/example_dags/example_sla_dag.py took 0.117 seconds
[2026-06-13T16:58:04.720+0000] {processor.py:186} INFO - Started process (PID=888) to work on /home/airflow/.local/lib/python3.12/site-packages/airflow/example_dags/example_sla_dag.py
[2026-06-13T16:58:04.722+0000] {processor.py:914} INFO - Processing file /home/airflow/.local/lib/python3.12/site-packages/airflow/example_dags/example_sla_dag.py for tasks to queue
[2026-06-13T16:58:04.728+0000] {logging_mixin.py:190} INFO - [2026-06-13T16:58:04.727+0000] {dagbag.py:588} INFO - Filling up the DagBag from /home/airflow/.local/lib/python3.12/site-packages/airflow/example_dags/example_sla_dag.py
[2026-06-13T16:58:04.750+0000] {processor.py:925} INFO - DAG(s) 'example_sla_dag' retrieved from /home/airflow/.local/lib/python3.12/site-packages/airflow/example_dags/example_sla_dag.py
[2026-06-13T16:58:04.791+0000] {logging_mixin.py:190} INFO - [2026-06-13T16:58:04.791+0000] {dag.py:3239} INFO - Sync 1 DAGs
[2026-06-13T16:58:04.850+0000] {logging_mixin.py:190} INFO - [2026-06-13T16:58:04.850+0000] {dag.py:4180} INFO - Setting next_dagrun for example_sla_dag to 2026-06-13 16:56:00+00:00, run_after=2026-06-13 16:58:00+00:00
[2026-06-13T16:58:04.897+0000] {processor.py:208} INFO - Processing /home/airflow/.local/lib/python3.12/site-packages/airflow/example_dags/example_sla_dag.py took 0.195 seconds
[2026-06-13T16:58:35.188+0000] {processor.py:186} INFO - Started process (PID=950) to work on /home/airflow/.local/lib/python3.12/site-packages/airflow/example_dags/example_sla_dag.py
[2026-06-13T16:58:35.190+0000] {processor.py:914} INFO - Processing file /home/airflow/.local/lib/python3.12/site-packages/airflow/example_dags/example_sla_dag.py for tasks to queue
[2026-06-13T16:58:35.193+0000] {logging_mixin.py:190} INFO - [2026-06-13T16:58:35.193+0000] {dagbag.py:588} INFO - Filling up the DagBag from /home/airflow/.local/lib/python3.12/site-packages/airflow/example_dags/example_sla_dag.py
[2026-06-13T16:58:35.206+0000] {processor.py:925} INFO - DAG(s) 'example_sla_dag' retrieved from /home/airflow/.local/lib/python3.12/site-packages/airflow/example_dags/example_sla_dag.py
[2026-06-13T16:58:35.233+0000] {logging_mixin.py:190} INFO - [2026-06-13T16:58:35.233+0000] {dag.py:3239} INFO - Sync 1 DAGs
[2026-06-13T16:58:35.264+0000] {logging_mixin.py:190} INFO - [2026-06-13T16:58:35.264+0000] {dag.py:4180} INFO - Setting next_dagrun for example_sla_dag to 2026-06-13 16:56:00+00:00, run_after=2026-06-13 16:58:00+00:00
[2026-06-13T16:58:35.293+0000] {processor.py:208} INFO - Processing /home/airflow/.local/lib/python3.12/site-packages/airflow/example_dags/example_sla_dag.py took 0.112 seconds
[2026-06-13T16:59:05.497+0000] {processor.py:186} INFO - Started process (PID=1012) to work on /home/airflow/.local/lib/python3.12/site-packages/airflow/example_dags/example_sla_dag.py
[2026-06-13T16:59:05.499+0000] {processor.py:914} INFO - Processing file /home/airflow/.local/lib/python3.12/site-packages/airflow/example_dags/example_sla_dag.py for tasks to queue
[2026-06-13T16:59:05.504+0000] {logging_mixin.py:190} INFO - [2026-06-13T16:59:05.503+0000] {dagbag.py:588} INFO - Filling up the DagBag from /home/airflow/.local/lib/python3.12/site-packages/airflow/example_dags/example_sla_dag.py
[2026-06-13T16:59:05.521+0000] {processor.py:925} INFO - DAG(s) 'example_sla_dag' retrieved from /home/airflow/.local/lib/python3.12/site-packages/airflow/example_dags/example_sla_dag.py
[2026-06-13T16:59:05.559+0000] {logging_mixin.py:190} INFO - [2026-06-13T16:59:05.558+0000] {dag.py:3239} INFO - Sync 1 DAGs
[2026-06-13T16:59:05.605+0000] {logging_mixin.py:190} INFO - [2026-06-13T16:59:05.605+0000] {dag.py:4180} INFO - Setting next_dagrun for example_sla_dag to 2026-06-13 16:56:00+00:00, run_after=2026-06-13 16:58:00+00:00
[2026-06-13T16:59:05.637+0000] {processor.py:208} INFO - Processing /home/airflow/.local/lib/python3.12/site-packages/airflow/example_dags/example_sla_dag.py took 0.149 seconds
[2026-06-13T16:59:36.653+0000] {processor.py:186} INFO - Started process (PID=1074) to work on /home/airflow/.local/lib/python3.12/site-packages/airflow/example_dags/example_sla_dag.py
[2026-06-13T16:59:36.655+0000] {processor.py:914} INFO - Processing file /home/airflow/.local/lib/python3.12/site-packages/airflow/example_dags/example_sla_dag.py for tasks to queue
[2026-06-13T16:59:36.660+0000] {logging_mixin.py:190} INFO - [2026-06-13T16:59:36.660+0000] {dagbag.py:588} INFO - Filling up the DagBag from /home/airflow/.local/lib/python3.12/site-packages/airflow/example_dags/example_sla_dag.py
[2026-06-13T16:59:36.674+0000] {processor.py:925} INFO - DAG(s) 'example_sla_dag' retrieved from /home/airflow/.local/lib/python3.12/site-packages/airflow/example_dags/example_sla_dag.py
[2026-06-13T16:59:36.708+0000] {logging_mixin.py:190} INFO - [2026-06-13T16:59:36.707+0000] {dag.py:3239} INFO - Sync 1 DAGs
[2026-06-13T16:59:36.751+0000] {logging_mixin.py:190} INFO - [2026-06-13T16:59:36.750+0000] {dag.py:4180} INFO - Setting next_dagrun for example_sla_dag to 2026-06-13 16:56:00+00:00, run_after=2026-06-13 16:58:00+00:00
[2026-06-13T16:59:36.785+0000] {processor.py:208} INFO - Processing /home/airflow/.local/lib/python3.12/site-packages/airflow/example_dags/example_sla_dag.py took 0.143 seconds
[2026-06-13T17:00:07.423+0000] {processor.py:186} INFO - Started process (PID=1136) to work on /home/airflow/.local/lib/python3.12/site-packages/airflow/example_dags/example_sla_dag.py
[2026-06-13T17:00:07.425+0000] {processor.py:914} INFO - Processing file /home/airflow/.local/lib/python3.12/site-packages/airflow/example_dags/example_sla_dag.py for tasks to queue
[2026-06-13T17:00:07.428+0000] {logging_mixin.py:190} INFO - [2026-06-13T17:00:07.428+0000] {dagbag.py:588} INFO - Filling up the DagBag from /home/airflow/.local/lib/python3.12/site-packages/airflow/example_dags/example_sla_dag.py
[2026-06-13T17:00:07.442+0000] {processor.py:925} INFO - DAG(s) 'example_sla_dag' retrieved from /home/airflow/.local/lib/python3.12/site-packages/airflow/example_dags/example_sla_dag.py
[2026-06-13T17:00:07.468+0000] {logging_mixin.py:190} INFO - [2026-06-13T17:00:07.467+0000] {dag.py:3239} INFO - Sync 1 DAGs
[2026-06-13T17:00:07.499+0000] {logging_mixin.py:190} INFO - [2026-06-13T17:00:07.499+0000] {dag.py:4180} INFO - Setting next_dagrun for example_sla_dag to 2026-06-13 16:58:00+00:00, run_after=2026-06-13 17:00:00+00:00
[2026-06-13T17:00:07.525+0000] {processor.py:208} INFO - Processing /home/airflow/.local/lib/python3.12/site-packages/airflow/example_dags/example_sla_dag.py took 0.109 seconds
[2026-06-13T17:00:37.759+0000] {processor.py:186} INFO - Started process (PID=1198) to work on /home/airflow/.local/lib/python3.12/site-packages/airflow/example_dags/example_sla_dag.py
[2026-06-13T17:00:37.761+0000] {processor.py:914} INFO - Processing file /home/airflow/.local/lib/python3.12/site-packages/airflow/example_dags/example_sla_dag.py for tasks to queue
[2026-06-13T17:00:37.765+0000] {logging_mixin.py:190} INFO - [2026-06-13T17:00:37.765+0000] {dagbag.py:588} INFO - Filling up the DagBag from /home/airflow/.local/lib/python3.12/site-packages/airflow/example_dags/example_sla_dag.py
[2026-06-13T17:00:37.782+0000] {processor.py:925} INFO - DAG(s) 'example_sla_dag' retrieved from /home/airflow/.local/lib/python3.12/site-packages/airflow/example_dags/example_sla_dag.py
[2026-06-13T17:00:37.810+0000] {logging_mixin.py:190} INFO - [2026-06-13T17:00:37.810+0000] {dag.py:3239} INFO - Sync 1 DAGs
[2026-06-13T17:00:37.850+0000] {logging_mixin.py:190} INFO - [2026-06-13T17:00:37.850+0000] {dag.py:4180} INFO - Setting next_dagrun for example_sla_dag to 2026-06-13 16:58:00+00:00, run_after=2026-06-13 17:00:00+00:00
[2026-06-13T17:00:37.879+0000] {processor.py:208} INFO - Processing /home/airflow/.local/lib/python3.12/site-packages/airflow/example_dags/example_sla_dag.py took 0.130 seconds
[2026-06-13T17:01:08.070+0000] {processor.py:186} INFO - Started process (PID=1260) to work on /home/airflow/.local/lib/python3.12/site-packages/airflow/example_dags/example_sla_dag.py
[2026-06-13T17:01:08.072+0000] {processor.py:914} INFO - Processing file /home/airflow/.local/lib/python3.12/site-packages/airflow/example_dags/example_sla_dag.py for tasks to queue
[2026-06-13T17:01:08.076+0000] {logging_mixin.py:190} INFO - [2026-06-13T17:01:08.075+0000] {dagbag.py:588} INFO - Filling up the DagBag from /home/airflow/.local/lib/python3.12/site-packages/airflow/example_dags/example_sla_dag.py
[2026-06-13T17:01:08.090+0000] {processor.py:925} INFO - DAG(s) 'example_sla_dag' retrieved from /home/airflow/.local/lib/python3.12/site-packages/airflow/example_dags/example_sla_dag.py
[2026-06-13T17:01:08.119+0000] {logging_mixin.py:190} INFO - [2026-06-13T17:01:08.119+0000] {dag.py:3239} INFO - Sync 1 DAGs
[2026-06-13T17:01:08.152+0000] {logging_mixin.py:190} INFO - [2026-06-13T17:01:08.152+0000] {dag.py:4180} INFO - Setting next_dagrun for example_sla_dag to 2026-06-13 16:58:00+00:00, run_after=2026-06-13 17:00:00+00:00
[2026-06-13T17:01:08.183+0000] {processor.py:208} INFO - Processing /home/airflow/.local/lib/python3.12/site-packages/airflow/example_dags/example_sla_dag.py took 0.121 seconds
[2026-06-13T17:01:38.614+0000] {processor.py:186} INFO - Started process (PID=1322) to work on /home/airflow/.local/lib/python3.12/site-packages/airflow/example_dags/example_sla_dag.py
[2026-06-13T17:01:38.618+0000] {processor.py:914} INFO - Processing file /home/airflow/.local/lib/python3.12/site-packages/airflow/example_dags/example_sla_dag.py for tasks to queue
[2026-06-13T17:01:38.623+0000] {logging_mixin.py:190} INFO - [2026-06-13T17:01:38.622+0000] {dagbag.py:588} INFO - Filling up the DagBag from /home/airflow/.local/lib/python3.12/site-packages/airflow/example_dags/example_sla_dag.py
[2026-06-13T17:01:38.637+0000] {processor.py:925} INFO - DAG(s) 'example_sla_dag' retrieved from /home/airflow/.local/lib/python3.12/site-packages/airflow/example_dags/example_sla_dag.py
[2026-06-13T17:01:38.664+0000] {logging_mixin.py:190} INFO - [2026-06-13T17:01:38.663+0000] {dag.py:3239} INFO - Sync 1 DAGs
[2026-06-13T17:01:38.697+0000] {logging_mixin.py:190} INFO - [2026-06-13T17:01:38.696+0000] {dag.py:4180} INFO - Setting next_dagrun for example_sla_dag to 2026-06-13 16:58:00+00:00, run_after=2026-06-13 17:00:00+00:00
[2026-06-13T17:01:38.730+0000] {processor.py:208} INFO - Processing /home/airflow/.local/lib/python3.12/site-packages/airflow/example_dags/example_sla_dag.py took 0.127 seconds
[2026-06-13T17:02:08.865+0000] {processor.py:186} INFO - Started process (PID=1384) to work on /home/airflow/.local/lib/python3.12/site-packages/airflow/example_dags/example_sla_dag.py
[2026-06-13T17:02:08.867+0000] {processor.py:914} INFO - Processing file /home/airflow/.local/lib/python3.12/site-packages/airflow/example_dags/example_sla_dag.py for tasks to queue
[2026-06-13T17:02:08.871+0000] {logging_mixin.py:190} INFO - [2026-06-13T17:02:08.870+0000] {dagbag.py:588} INFO - Filling up the DagBag from /home/airflow/.local/lib/python3.12/site-packages/airflow/example_dags/example_sla_dag.py
[2026-06-13T17:02:08.887+0000] {processor.py:925} INFO - DAG(s) 'example_sla_dag' retrieved from /home/airflow/.local/lib/python3.12/site-packages/airflow/example_dags/example_sla_dag.py
[2026-06-13T17:02:08.918+0000] {logging_mixin.py:190} INFO - [2026-06-13T17:02:08.918+0000] {dag.py:3239} INFO - Sync 1 DAGs
[2026-06-13T17:02:08.951+0000] {logging_mixin.py:190} INFO - [2026-06-13T17:02:08.951+0000] {dag.py:4180} INFO - Setting next_dagrun for example_sla_dag to 2026-06-13 17:00:00+00:00, run_after=2026-06-13 17:02:00+00:00
[2026-06-13T17:02:08.983+0000] {processor.py:208} INFO - Processing /home/airflow/.local/lib/python3.12/site-packages/airflow/example_dags/example_sla_dag.py took 0.128 seconds
[2026-06-13T17:02:39.416+0000] {processor.py:186} INFO - Started process (PID=1446) to work on /home/airflow/.local/lib/python3.12/site-packages/airflow/example_dags/example_sla_dag.py
[2026-06-13T17:02:39.418+0000] {processor.py:914} INFO - Processing file /home/airflow/.local/lib/python3.12/site-packages/airflow/example_dags/example_sla_dag.py for tasks to queue
[2026-06-13T17:02:39.423+0000] {logging_mixin.py:190} INFO - [2026-06-13T17:02:39.422+0000] {dagbag.py:588} INFO - Filling up the DagBag from /home/airflow/.local/lib/python3.12/site-packages/airflow/example_dags/example_sla_dag.py
[2026-06-13T17:02:39.439+0000] {processor.py:925} INFO - DAG(s) 'example_sla_dag' retrieved from /home/airflow/.local/lib/python3.12/site-packages/airflow/example_dags/example_sla_dag.py
[2026-06-13T17:02:39.471+0000] {logging_mixin.py:190} INFO - [2026-06-13T17:02:39.471+0000] {dag.py:3239} INFO - Sync 1 DAGs
[2026-06-13T17:02:39.508+0000] {logging_mixin.py:190} INFO - [2026-06-13T17:02:39.508+0000] {dag.py:4180} INFO - Setting next_dagrun for example_sla_dag to 2026-06-13 17:00:00+00:00, run_after=2026-06-13 17:02:00+00:00
[2026-06-13T17:02:39.542+0000] {processor.py:208} INFO - Processing /home/airflow/.local/lib/python3.12/site-packages/airflow/example_dags/example_sla_dag.py took 0.135 seconds
[2026-06-13T17:03:09.718+0000] {processor.py:186} INFO - Started process (PID=1508) to work on /home/airflow/.local/lib/python3.12/site-packages/airflow/example_dags/example_sla_dag.py
[2026-06-13T17:03:09.719+0000] {processor.py:914} INFO - Processing file /home/airflow/.local/lib/python3.12/site-packages/airflow/example_dags/example_sla_dag.py for tasks to queue
[2026-06-13T17:03:09.724+0000] {logging_mixin.py:190} INFO - [2026-06-13T17:03:09.723+0000] {dagbag.py:588} INFO - Filling up the DagBag from /home/airflow/.local/lib/python3.12/site-packages/airflow/example_dags/example_sla_dag.py
[2026-06-13T17:03:09.743+0000] {processor.py:925} INFO - DAG(s) 'example_sla_dag' retrieved from /home/airflow/.local/lib/python3.12/site-packages/airflow/example_dags/example_sla_dag.py
[2026-06-13T17:03:09.780+0000] {logging_mixin.py:190} INFO - [2026-06-13T17:03:09.779+0000] {dag.py:3239} INFO - Sync 1 DAGs
[2026-06-13T17:03:09.819+0000] {logging_mixin.py:190} INFO - [2026-06-13T17:03:09.818+0000] {dag.py:4180} INFO - Setting next_dagrun for example_sla_dag to 2026-06-13 17:00:00+00:00, run_after=2026-06-13 17:02:00+00:00
[2026-06-13T17:03:09.851+0000] {processor.py:208} INFO - Processing /home/airflow/.local/lib/python3.12/site-packages/airflow/example_dags/example_sla_dag.py took 0.144 seconds
[2026-06-13T17:03:40.490+0000] {processor.py:186} INFO - Started process (PID=1570) to work on /home/airflow/.local/lib/python3.12/site-packages/airflow/example_dags/example_sla_dag.py
[2026-06-13T17:03:40.492+0000] {processor.py:914} INFO - Processing file /home/airflow/.local/lib/python3.12/site-packages/airflow/example_dags/example_sla_dag.py for tasks to queue
[2026-06-13T17:03:40.497+0000] {logging_mixin.py:190} INFO - [2026-06-13T17:03:40.497+0000] {dagbag.py:588} INFO - Filling up the DagBag from /home/airflow/.local/lib/python3.12/site-packages/airflow/example_dags/example_sla_dag.py
[2026-06-13T17:03:40.517+0000] {processor.py:925} INFO - DAG(s) 'example_sla_dag' retrieved from /home/airflow/.local/lib/python3.12/site-packages/airflow/example_dags/example_sla_dag.py
[2026-06-13T17:03:40.549+0000] {logging_mixin.py:190} INFO - [2026-06-13T17:03:40.548+0000] {dag.py:3239} INFO - Sync 1 DAGs
[2026-06-13T17:03:40.583+0000] {logging_mixin.py:190} INFO - [2026-06-13T17:03:40.583+0000] {dag.py:4180} INFO - Setting next_dagrun for example_sla_dag to 2026-06-13 17:00:00+00:00, run_after=2026-06-13 17:02:00+00:00
[2026-06-13T17:03:40.618+0000] {processor.py:208} INFO - Processing /home/airflow/.local/lib/python3.12/site-packages/airflow/example_dags/example_sla_dag.py took 0.136 seconds
[2026-06-13T17:04:11.187+0000] {processor.py:186} INFO - Started process (PID=1632) to work on /home/airflow/.local/lib/python3.12/site-packages/airflow/example_dags/example_sla_dag.py
[2026-06-13T17:04:11.189+0000] {processor.py:914} INFO - Processing file /home/airflow/.local/lib/python3.12/site-packages/airflow/example_dags/example_sla_dag.py for tasks to queue
[2026-06-13T17:04:11.193+0000] {logging_mixin.py:190} INFO - [2026-06-13T17:04:11.193+0000] {dagbag.py:588} INFO - Filling up the DagBag from /home/airflow/.local/lib/python3.12/site-packages/airflow/example_dags/example_sla_dag.py
[2026-06-13T17:04:11.211+0000] {processor.py:925} INFO - DAG(s) 'example_sla_dag' retrieved from /home/airflow/.local/lib/python3.12/site-packages/airflow/example_dags/example_sla_dag.py
[2026-06-13T17:04:11.245+0000] {logging_mixin.py:190} INFO - [2026-06-13T17:04:11.244+0000] {dag.py:3239} INFO - Sync 1 DAGs
[2026-06-13T17:04:11.291+0000] {logging_mixin.py:190} INFO - [2026-06-13T17:04:11.290+0000] {dag.py:4180} INFO - Setting next_dagrun for example_sla_dag to 2026-06-13 17:02:00+00:00, run_after=2026-06-13 17:04:00+00:00
[2026-06-13T17:04:11.329+0000] {processor.py:208} INFO - Processing /home/airflow/.local/lib/python3.12/site-packages/airflow/example_dags/example_sla_dag.py took 0.152 seconds
[2026-06-13T17:04:41.490+0000] {processor.py:186} INFO - Started process (PID=1694) to work on /home/airflow/.local/lib/python3.12/site-packages/airflow/example_dags/example_sla_dag.py
[2026-06-13T17:04:41.492+0000] {processor.py:914} INFO - Processing file /home/airflow/.local/lib/python3.12/site-packages/airflow/example_dags/example_sla_dag.py for tasks to queue
[2026-06-13T17:04:41.496+0000] {logging_mixin.py:190} INFO - [2026-06-13T17:04:41.495+0000] {dagbag.py:588} INFO - Filling up the DagBag from /home/airflow/.local/lib/python3.12/site-packages/airflow/example_dags/example_sla_dag.py
[2026-06-13T17:04:41.511+0000] {processor.py:925} INFO - DAG(s) 'example_sla_dag' retrieved from /home/airflow/.local/lib/python3.12/site-packages/airflow/example_dags/example_sla_dag.py
[2026-06-13T17:04:41.537+0000] {logging_mixin.py:190} INFO - [2026-06-13T17:04:41.537+0000] {dag.py:3239} INFO - Sync 1 DAGs
[2026-06-13T17:04:41.571+0000] {logging_mixin.py:190} INFO - [2026-06-13T17:04:41.570+0000] {dag.py:4180} INFO - Setting next_dagrun for example_sla_dag to 2026-06-13 17:02:00+00:00, run_after=2026-06-13 17:04:00+00:00
[2026-06-13T17:04:41.608+0000] {processor.py:208} INFO - Processing /home/airflow/.local/lib/python3.12/site-packages/airflow/example_dags/example_sla_dag.py took 0.125 seconds
[2026-06-13T17:05:12.016+0000] {processor.py:186} INFO - Started process (PID=1756) to work on /home/airflow/.local/lib/python3.12/site-packages/airflow/example_dags/example_sla_dag.py
[2026-06-13T17:05:12.018+0000] {processor.py:914} INFO - Processing file /home/airflow/.local/lib/python3.12/site-packages/airflow/example_dags/example_sla_dag.py for tasks to queue
[2026-06-13T17:05:12.022+0000] {logging_mixin.py:190} INFO - [2026-06-13T17:05:12.021+0000] {dagbag.py:588} INFO - Filling up the DagBag from /home/airflow/.local/lib/python3.12/site-packages/airflow/example_dags/example_sla_dag.py
[2026-06-13T17:05:12.035+0000] {processor.py:925} INFO - DAG(s) 'example_sla_dag' retrieved from /home/airflow/.local/lib/python3.12/site-packages/airflow/example_dags/example_sla_dag.py
[2026-06-13T17:05:12.064+0000] {logging_mixin.py:190} INFO - [2026-06-13T17:05:12.063+0000] {dag.py:3239} INFO - Sync 1 DAGs
[2026-06-13T17:05:12.100+0000] {logging_mixin.py:190} INFO - [2026-06-13T17:05:12.100+0000] {dag.py:4180} INFO - Setting next_dagrun for example_sla_dag to 2026-06-13 17:02:00+00:00, run_after=2026-06-13 17:04:00+00:00
[2026-06-13T17:05:12.137+0000] {processor.py:208} INFO - Processing /home/airflow/.local/lib/python3.12/site-packages/airflow/example_dags/example_sla_dag.py took 0.128 seconds
[2026-06-13T17:05:42.243+0000] {processor.py:186} INFO - Started process (PID=1818) to work on /home/airflow/.local/lib/python3.12/site-packages/airflow/example_dags/example_sla_dag.py
[2026-06-13T17:05:42.245+0000] {processor.py:914} INFO - Processing file /home/airflow/.local/lib/python3.12/site-packages/airflow/example_dags/example_sla_dag.py for tasks to queue
[2026-06-13T17:05:42.248+0000] {logging_mixin.py:190} INFO - [2026-06-13T17:05:42.248+0000] {dagbag.py:588} INFO - Filling up the DagBag from /home/airflow/.local/lib/python3.12/site-packages/airflow/example_dags/example_sla_dag.py
[2026-06-13T17:05:42.261+0000] {processor.py:925} INFO - DAG(s) 'example_sla_dag' retrieved from /home/airflow/.local/lib/python3.12/site-packages/airflow/example_dags/example_sla_dag.py
[2026-06-13T17:05:42.291+0000] {logging_mixin.py:190} INFO - [2026-06-13T17:05:42.290+0000] {dag.py:3239} INFO - Sync 1 DAGs
[2026-06-13T17:05:42.320+0000] {logging_mixin.py:190} INFO - [2026-06-13T17:05:42.320+0000] {dag.py:4180} INFO - Setting next_dagrun for example_sla_dag to 2026-06-13 17:02:00+00:00, run_after=2026-06-13 17:04:00+00:00
[2026-06-13T17:05:42.366+0000] {processor.py:208} INFO - Processing /home/airflow/.local/lib/python3.12/site-packages/airflow/example_dags/example_sla_dag.py took 0.134 seconds
[2026-06-13T17:06:12.578+0000] {processor.py:186} INFO - Started process (PID=1880) to work on /home/airflow/.local/lib/python3.12/site-packages/airflow/example_dags/example_sla_dag.py
[2026-06-13T17:06:12.580+0000] {processor.py:914} INFO - Processing file /home/airflow/.local/lib/python3.12/site-packages/airflow/example_dags/example_sla_dag.py for tasks to queue
[2026-06-13T17:06:12.583+0000] {logging_mixin.py:190} INFO - [2026-06-13T17:06:12.583+0000] {dagbag.py:588} INFO - Filling up the DagBag from /home/airflow/.local/lib/python3.12/site-packages/airflow/example_dags/example_sla_dag.py
[2026-06-13T17:06:12.596+0000] {processor.py:925} INFO - DAG(s) 'example_sla_dag' retrieved from /home/airflow/.local/lib/python3.12/site-packages/airflow/example_dags/example_sla_dag.py
[2026-06-13T17:06:12.622+0000] {logging_mixin.py:190} INFO - [2026-06-13T17:06:12.622+0000] {dag.py:3239} INFO - Sync 1 DAGs
[2026-06-13T17:06:12.654+0000] {logging_mixin.py:190} INFO - [2026-06-13T17:06:12.653+0000] {dag.py:4180} INFO - Setting next_dagrun for example_sla_dag to 2026-06-13 17:04:00+00:00, run_after=2026-06-13 17:06:00+00:00
[2026-06-13T17:06:12.689+0000] {processor.py:208} INFO - Processing /home/airflow/.local/lib/python3.12/site-packages/airflow/example_dags/example_sla_dag.py took 0.122 seconds
[2026-06-13T17:06:43.159+0000] {processor.py:186} INFO - Started process (PID=1943) to work on /home/airflow/.local/lib/python3.12/site-packages/airflow/example_dags/example_sla_dag.py
[2026-06-13T17:06:43.161+0000] {processor.py:914} INFO - Processing file /home/airflow/.local/lib/python3.12/site-packages/airflow/example_dags/example_sla_dag.py for tasks to queue
[2026-06-13T17:06:43.165+0000] {logging_mixin.py:190} INFO - [2026-06-13T17:06:43.164+0000] {dagbag.py:588} INFO - Filling up the DagBag from /home/airflow/.local/lib/python3.12/site-packages/airflow/example_dags/example_sla_dag.py
[2026-06-13T17:06:43.180+0000] {processor.py:925} INFO - DAG(s) 'example_sla_dag' retrieved from /home/airflow/.local/lib/python3.12/site-packages/airflow/example_dags/example_sla_dag.py
[2026-06-13T17:06:43.209+0000] {logging_mixin.py:190} INFO - [2026-06-13T17:06:43.209+0000] {dag.py:3239} INFO - Sync 1 DAGs
[2026-06-13T17:06:43.249+0000] {logging_mixin.py:190} INFO - [2026-06-13T17:06:43.249+0000] {dag.py:4180} INFO - Setting next_dagrun for example_sla_dag to 2026-06-13 17:04:00+00:00, run_after=2026-06-13 17:06:00+00:00
[2026-06-13T17:06:43.302+0000] {processor.py:208} INFO - Processing /home/airflow/.local/lib/python3.12/site-packages/airflow/example_dags/example_sla_dag.py took 0.152 seconds
[2026-06-13T17:07:13.925+0000] {processor.py:186} INFO - Started process (PID=2005) to work on /home/airflow/.local/lib/python3.12/site-packages/airflow/example_dags/example_sla_dag.py
[2026-06-13T17:07:13.926+0000] {processor.py:914} INFO - Processing file /home/airflow/.local/lib/python3.12/site-packages/airflow/example_dags/example_sla_dag.py for tasks to queue
[2026-06-13T17:07:13.929+0000] {logging_mixin.py:190} INFO - [2026-06-13T17:07:13.929+0000] {dagbag.py:588} INFO - Filling up the DagBag from /home/airflow/.local/lib/python3.12/site-packages/airflow/example_dags/example_sla_dag.py
[2026-06-13T17:07:13.941+0000] {processor.py:925} INFO - DAG(s) 'example_sla_dag' retrieved from /home/airflow/.local/lib/python3.12/site-packages/airflow/example_dags/example_sla_dag.py
[2026-06-13T17:07:13.961+0000] {logging_mixin.py:190} INFO - [2026-06-13T17:07:13.960+0000] {dag.py:3239} INFO - Sync 1 DAGs
[2026-06-13T17:07:13.985+0000] {logging_mixin.py:190} INFO - [2026-06-13T17:07:13.985+0000] {dag.py:4180} INFO - Setting next_dagrun for example_sla_dag to 2026-06-13 17:04:00+00:00, run_after=2026-06-13 17:06:00+00:00
[2026-06-13T17:07:14.017+0000] {processor.py:208} INFO - Processing /home/airflow/.local/lib/python3.12/site-packages/airflow/example_dags/example_sla_dag.py took 0.098 seconds
[2026-06-13T17:07:44.863+0000] {processor.py:186} INFO - Started process (PID=2067) to work on /home/airflow/.local/lib/python3.12/site-packages/airflow/example_dags/example_sla_dag.py
[2026-06-13T17:07:44.864+0000] {processor.py:914} INFO - Processing file /home/airflow/.local/lib/python3.12/site-packages/airflow/example_dags/example_sla_dag.py for tasks to queue
[2026-06-13T17:07:44.867+0000] {logging_mixin.py:190} INFO - [2026-06-13T17:07:44.866+0000] {dagbag.py:588} INFO - Filling up the DagBag from /home/airflow/.local/lib/python3.12/site-packages/airflow/example_dags/example_sla_dag.py
[2026-06-13T17:07:44.876+0000] {processor.py:925} INFO - DAG(s) 'example_sla_dag' retrieved from /home/airflow/.local/lib/python3.12/site-packages/airflow/example_dags/example_sla_dag.py
[2026-06-13T17:07:44.895+0000] {logging_mixin.py:190} INFO - [2026-06-13T17:07:44.894+0000] {dag.py:3239} INFO - Sync 1 DAGs
[2026-06-13T17:07:44.916+0000] {logging_mixin.py:190} INFO - [2026-06-13T17:07:44.916+0000] {dag.py:4180} INFO - Setting next_dagrun for example_sla_dag to 2026-06-13 17:04:00+00:00, run_after=2026-06-13 17:06:00+00:00
[2026-06-13T17:07:44.945+0000] {processor.py:208} INFO - Processing /home/airflow/.local/lib/python3.12/site-packages/airflow/example_dags/example_sla_dag.py took 0.089 seconds
[2026-06-13T17:08:15.428+0000] {processor.py:186} INFO - Started process (PID=2129) to work on /home/airflow/.local/lib/python3.12/site-packages/airflow/example_dags/example_sla_dag.py
[2026-06-13T17:08:15.430+0000] {processor.py:914} INFO - Processing file /home/airflow/.local/lib/python3.12/site-packages/airflow/example_dags/example_sla_dag.py for tasks to queue
[2026-06-13T17:08:15.432+0000] {logging_mixin.py:190} INFO - [2026-06-13T17:08:15.432+0000] {dagbag.py:588} INFO - Filling up the DagBag from /home/airflow/.local/lib/python3.12/site-packages/airflow/example_dags/example_sla_dag.py
[2026-06-13T17:08:15.442+0000] {processor.py:925} INFO - DAG(s) 'example_sla_dag' retrieved from /home/airflow/.local/lib/python3.12/site-packages/airflow/example_dags/example_sla_dag.py
[2026-06-13T17:08:15.459+0000] {logging_mixin.py:190} INFO - [2026-06-13T17:08:15.459+0000] {dag.py:3239} INFO - Sync 1 DAGs
[2026-06-13T17:08:15.480+0000] {logging_mixin.py:190} INFO - [2026-06-13T17:08:15.480+0000] {dag.py:4180} INFO - Setting next_dagrun for example_sla_dag to 2026-06-13 17:06:00+00:00, run_after=2026-06-13 17:08:00+00:00
[2026-06-13T17:08:15.497+0000] {processor.py:208} INFO - Processing /home/airflow/.local/lib/python3.12/site-packages/airflow/example_dags/example_sla_dag.py took 0.074 seconds
[2026-06-13T17:08:45.565+0000] {processor.py:186} INFO - Started process (PID=2191) to work on /home/airflow/.local/lib/python3.12/site-packages/airflow/example_dags/example_sla_dag.py
[2026-06-13T17:08:45.566+0000] {processor.py:914} INFO - Processing file /home/airflow/.local/lib/python3.12/site-packages/airflow/example_dags/example_sla_dag.py for tasks to queue
[2026-06-13T17:08:45.568+0000] {logging_mixin.py:190} INFO - [2026-06-13T17:08:45.568+0000] {dagbag.py:588} INFO - Filling up the DagBag from /home/airflow/.local/lib/python3.12/site-packages/airflow/example_dags/example_sla_dag.py
[2026-06-13T17:08:45.576+0000] {processor.py:925} INFO - DAG(s) 'example_sla_dag' retrieved from /home/airflow/.local/lib/python3.12/site-packages/airflow/example_dags/example_sla_dag.py
[2026-06-13T17:08:45.592+0000] {logging_mixin.py:190} INFO - [2026-06-13T17:08:45.591+0000] {dag.py:3239} INFO - Sync 1 DAGs
[2026-06-13T17:08:45.609+0000] {logging_mixin.py:190} INFO - [2026-06-13T17:08:45.608+0000] {dag.py:4180} INFO - Setting next_dagrun for example_sla_dag to 2026-06-13 17:06:00+00:00, run_after=2026-06-13 17:08:00+00:00
[2026-06-13T17:08:45.624+0000] {processor.py:208} INFO - Processing /home/airflow/.local/lib/python3.12/site-packages/airflow/example_dags/example_sla_dag.py took 0.063 seconds
[2026-06-13T17:09:16.159+0000] {processor.py:186} INFO - Started process (PID=2253) to work on /home/airflow/.local/lib/python3.12/site-packages/airflow/example_dags/example_sla_dag.py
[2026-06-13T17:09:16.160+0000] {processor.py:914} INFO - Processing file /home/airflow/.local/lib/python3.12/site-packages/airflow/example_dags/example_sla_dag.py for tasks to queue
[2026-06-13T17:09:16.164+0000] {logging_mixin.py:190} INFO - [2026-06-13T17:09:16.163+0000] {dagbag.py:588} INFO - Filling up the DagBag from /home/airflow/.local/lib/python3.12/site-packages/airflow/example_dags/example_sla_dag.py
[2026-06-13T17:09:16.173+0000] {processor.py:925} INFO - DAG(s) 'example_sla_dag' retrieved from /home/airflow/.local/lib/python3.12/site-packages/airflow/example_dags/example_sla_dag.py
[2026-06-13T17:09:16.198+0000] {logging_mixin.py:190} INFO - [2026-06-13T17:09:16.197+0000] {dag.py:3239} INFO - Sync 1 DAGs
[2026-06-13T17:09:16.221+0000] {logging_mixin.py:190} INFO - [2026-06-13T17:09:16.221+0000] {dag.py:4180} INFO - Setting next_dagrun for example_sla_dag to 2026-06-13 17:06:00+00:00, run_after=2026-06-13 17:08:00+00:00
[2026-06-13T17:09:16.244+0000] {processor.py:208} INFO - Processing /home/airflow/.local/lib/python3.12/site-packages/airflow/example_dags/example_sla_dag.py took 0.093 seconds
[2026-06-13T17:09:46.933+0000] {processor.py:186} INFO - Started process (PID=2315) to work on /home/airflow/.local/lib/python3.12/site-packages/airflow/example_dags/example_sla_dag.py
[2026-06-13T17:09:46.934+0000] {processor.py:914} INFO - Processing file /home/airflow/.local/lib/python3.12/site-packages/airflow/example_dags/example_sla_dag.py for tasks to queue
[2026-06-13T17:09:46.936+0000] {logging_mixin.py:190} INFO - [2026-06-13T17:09:46.936+0000] {dagbag.py:588} INFO - Filling up the DagBag from /home/airflow/.local/lib/python3.12/site-packages/airflow/example_dags/example_sla_dag.py
[2026-06-13T17:09:46.945+0000] {processor.py:925} INFO - DAG(s) 'example_sla_dag' retrieved from /home/airflow/.local/lib/python3.12/site-packages/airflow/example_dags/example_sla_dag.py
[2026-06-13T17:09:46.967+0000] {logging_mixin.py:190} INFO - [2026-06-13T17:09:46.967+0000] {dag.py:3239} INFO - Sync 1 DAGs
[2026-06-13T17:09:46.988+0000] {logging_mixin.py:190} INFO - [2026-06-13T17:09:46.988+0000] {dag.py:4180} INFO - Setting next_dagrun for example_sla_dag to 2026-06-13 17:06:00+00:00, run_after=2026-06-13 17:08:00+00:00
[2026-06-13T17:09:47.007+0000] {processor.py:208} INFO - Processing /home/airflow/.local/lib/python3.12/site-packages/airflow/example_dags/example_sla_dag.py took 0.080 seconds
[2026-06-13T17:10:17.278+0000] {processor.py:186} INFO - Started process (PID=2378) to work on /home/airflow/.local/lib/python3.12/site-packages/airflow/example_dags/example_sla_dag.py
[2026-06-13T17:10:17.280+0000] {processor.py:914} INFO - Processing file /home/airflow/.local/lib/python3.12/site-packages/airflow/example_dags/example_sla_dag.py for tasks to queue
[2026-06-13T17:10:17.283+0000] {logging_mixin.py:190} INFO - [2026-06-13T17:10:17.283+0000] {dagbag.py:588} INFO - Filling up the DagBag from /home/airflow/.local/lib/python3.12/site-packages/airflow/example_dags/example_sla_dag.py
[2026-06-13T17:10:17.295+0000] {processor.py:925} INFO - DAG(s) 'example_sla_dag' retrieved from /home/airflow/.local/lib/python3.12/site-packages/airflow/example_dags/example_sla_dag.py
[2026-06-13T17:10:17.315+0000] {logging_mixin.py:190} INFO - [2026-06-13T17:10:17.315+0000] {dag.py:3239} INFO - Sync 1 DAGs
[2026-06-13T17:10:17.343+0000] {logging_mixin.py:190} INFO - [2026-06-13T17:10:17.343+0000] {dag.py:4180} INFO - Setting next_dagrun for example_sla_dag to 2026-06-13 17:08:00+00:00, run_after=2026-06-13 17:10:00+00:00
[2026-06-13T17:10:17.364+0000] {processor.py:208} INFO - Processing /home/airflow/.local/lib/python3.12/site-packages/airflow/example_dags/example_sla_dag.py took 0.093 seconds
[2026-06-13T17:10:48.213+0000] {processor.py:186} INFO - Started process (PID=2439) to work on /home/airflow/.local/lib/python3.12/site-packages/airflow/example_dags/example_sla_dag.py
[2026-06-13T17:10:48.214+0000] {processor.py:914} INFO - Processing file /home/airflow/.local/lib/python3.12/site-packages/airflow/example_dags/example_sla_dag.py for tasks to queue
[2026-06-13T17:10:48.216+0000] {logging_mixin.py:190} INFO - [2026-06-13T17:10:48.216+0000] {dagbag.py:588} INFO - Filling up the DagBag from /home/airflow/.local/lib/python3.12/site-packages/airflow/example_dags/example_sla_dag.py
[2026-06-13T17:10:48.227+0000] {processor.py:925} INFO - DAG(s) 'example_sla_dag' retrieved from /home/airflow/.local/lib/python3.12/site-packages/airflow/example_dags/example_sla_dag.py
[2026-06-13T17:10:48.247+0000] {logging_mixin.py:190} INFO - [2026-06-13T17:10:48.247+0000] {dag.py:3239} INFO - Sync 1 DAGs
[2026-06-13T17:10:48.272+0000] {logging_mixin.py:190} INFO - [2026-06-13T17:10:48.272+0000] {dag.py:4180} INFO - Setting next_dagrun for example_sla_dag to 2026-06-13 17:08:00+00:00, run_after=2026-06-13 17:10:00+00:00
[2026-06-13T17:10:48.293+0000] {processor.py:208} INFO - Processing /home/airflow/.local/lib/python3.12/site-packages/airflow/example_dags/example_sla_dag.py took 0.086 seconds
[2026-06-13T17:11:18.502+0000] {processor.py:186} INFO - Started process (PID=2501) to work on /home/airflow/.local/lib/python3.12/site-packages/airflow/example_dags/example_sla_dag.py
[2026-06-13T17:11:18.503+0000] {processor.py:914} INFO - Processing file /home/airflow/.local/lib/python3.12/site-packages/airflow/example_dags/example_sla_dag.py for tasks to queue
[2026-06-13T17:11:18.505+0000] {logging_mixin.py:190} INFO - [2026-06-13T17:11:18.505+0000] {dagbag.py:588} INFO - Filling up the DagBag from /home/airflow/.local/lib/python3.12/site-packages/airflow/example_dags/example_sla_dag.py
[2026-06-13T17:11:18.514+0000] {processor.py:925} INFO - DAG(s) 'example_sla_dag' retrieved from /home/airflow/.local/lib/python3.12/site-packages/airflow/example_dags/example_sla_dag.py
[2026-06-13T17:11:18.531+0000] {logging_mixin.py:190} INFO - [2026-06-13T17:11:18.531+0000] {dag.py:3239} INFO - Sync 1 DAGs
[2026-06-13T17:11:18.551+0000] {logging_mixin.py:190} INFO - [2026-06-13T17:11:18.550+0000] {dag.py:4180} INFO - Setting next_dagrun for example_sla_dag to 2026-06-13 17:08:00+00:00, run_after=2026-06-13 17:10:00+00:00
[2026-06-13T17:11:18.566+0000] {processor.py:208} INFO - Processing /home/airflow/.local/lib/python3.12/site-packages/airflow/example_dags/example_sla_dag.py took 0.068 seconds
[2026-06-13T17:11:49.217+0000] {processor.py:186} INFO - Started process (PID=2563) to work on /home/airflow/.local/lib/python3.12/site-packages/airflow/example_dags/example_sla_dag.py
[2026-06-13T17:11:49.219+0000] {processor.py:914} INFO - Processing file /home/airflow/.local/lib/python3.12/site-packages/airflow/example_dags/example_sla_dag.py for tasks to queue
[2026-06-13T17:11:49.221+0000] {logging_mixin.py:190} INFO - [2026-06-13T17:11:49.221+0000] {dagbag.py:588} INFO - Filling up the DagBag from /home/airflow/.local/lib/python3.12/site-packages/airflow/example_dags/example_sla_dag.py
[2026-06-13T17:11:49.230+0000] {processor.py:925} INFO - DAG(s) 'example_sla_dag' retrieved from /home/airflow/.local/lib/python3.12/site-packages/airflow/example_dags/example_sla_dag.py
[2026-06-13T17:11:49.250+0000] {logging_mixin.py:190} INFO - [2026-06-13T17:11:49.250+0000] {dag.py:3239} INFO - Sync 1 DAGs
[2026-06-13T17:11:49.274+0000] {logging_mixin.py:190} INFO - [2026-06-13T17:11:49.274+0000] {dag.py:4180} INFO - Setting next_dagrun for example_sla_dag to 2026-06-13 17:08:00+00:00, run_after=2026-06-13 17:10:00+00:00
[2026-06-13T17:11:49.297+0000] {processor.py:208} INFO - Processing /home/airflow/.local/lib/python3.12/site-packages/airflow/example_dags/example_sla_dag.py took 0.087 seconds
[2026-06-13T17:12:19.513+0000] {processor.py:186} INFO - Started process (PID=2625) to work on /home/airflow/.local/lib/python3.12/site-packages/airflow/example_dags/example_sla_dag.py
[2026-06-13T17:12:19.514+0000] {processor.py:914} INFO - Processing file /home/airflow/.local/lib/python3.12/site-packages/airflow/example_dags/example_sla_dag.py for tasks to queue
[2026-06-13T17:12:19.516+0000] {logging_mixin.py:190} INFO - [2026-06-13T17:12:19.516+0000] {dagbag.py:588} INFO - Filling up the DagBag from /home/airflow/.local/lib/python3.12/site-packages/airflow/example_dags/example_sla_dag.py
[2026-06-13T17:12:19.530+0000] {processor.py:925} INFO - DAG(s) 'example_sla_dag' retrieved from /home/airflow/.local/lib/python3.12/site-packages/airflow/example_dags/example_sla_dag.py
[2026-06-13T17:12:19.551+0000] {logging_mixin.py:190} INFO - [2026-06-13T17:12:19.551+0000] {dag.py:3239} INFO - Sync 1 DAGs
[2026-06-13T17:12:19.570+0000] {logging_mixin.py:190} INFO - [2026-06-13T17:12:19.570+0000] {dag.py:4180} INFO - Setting next_dagrun for example_sla_dag to 2026-06-13 17:10:00+00:00, run_after=2026-06-13 17:12:00+00:00
[2026-06-13T17:12:19.587+0000] {processor.py:208} INFO - Processing /home/airflow/.local/lib/python3.12/site-packages/airflow/example_dags/example_sla_dag.py took 0.080 seconds
[2026-06-13T17:12:49.836+0000] {processor.py:186} INFO - Started process (PID=2687) to work on /home/airflow/.local/lib/python3.12/site-packages/airflow/example_dags/example_sla_dag.py
[2026-06-13T17:12:49.838+0000] {processor.py:914} INFO - Processing file /home/airflow/.local/lib/python3.12/site-packages/airflow/example_dags/example_sla_dag.py for tasks to queue
[2026-06-13T17:12:49.840+0000] {logging_mixin.py:190} INFO - [2026-06-13T17:12:49.840+0000] {dagbag.py:588} INFO - Filling up the DagBag from /home/airflow/.local/lib/python3.12/site-packages/airflow/example_dags/example_sla_dag.py
[2026-06-13T17:12:49.848+0000] {processor.py:925} INFO - DAG(s) 'example_sla_dag' retrieved from /home/airflow/.local/lib/python3.12/site-packages/airflow/example_dags/example_sla_dag.py
[2026-06-13T17:12:49.996+0000] {logging_mixin.py:190} INFO - [2026-06-13T17:12:49.996+0000] {dag.py:3239} INFO - Sync 1 DAGs
[2026-06-13T17:12:50.013+0000] {logging_mixin.py:190} INFO - [2026-06-13T17:12:50.013+0000] {dag.py:4180} INFO - Setting next_dagrun for example_sla_dag to 2026-06-13 17:10:00+00:00, run_after=2026-06-13 17:12:00+00:00
[2026-06-13T17:12:50.028+0000] {processor.py:208} INFO - Processing /home/airflow/.local/lib/python3.12/site-packages/airflow/example_dags/example_sla_dag.py took 0.197 seconds
[2026-06-13T17:13:20.483+0000] {processor.py:186} INFO - Started process (PID=2749) to work on /home/airflow/.local/lib/python3.12/site-packages/airflow/example_dags/example_sla_dag.py
[2026-06-13T17:13:20.484+0000] {processor.py:914} INFO - Processing file /home/airflow/.local/lib/python3.12/site-packages/airflow/example_dags/example_sla_dag.py for tasks to queue
[2026-06-13T17:13:20.486+0000] {logging_mixin.py:190} INFO - [2026-06-13T17:13:20.485+0000] {dagbag.py:588} INFO - Filling up the DagBag from /home/airflow/.local/lib/python3.12/site-packages/airflow/example_dags/example_sla_dag.py
[2026-06-13T17:13:20.494+0000] {processor.py:925} INFO - DAG(s) 'example_sla_dag' retrieved from /home/airflow/.local/lib/python3.12/site-packages/airflow/example_dags/example_sla_dag.py
[2026-06-13T17:13:20.513+0000] {logging_mixin.py:190} INFO - [2026-06-13T17:13:20.513+0000] {dag.py:3239} INFO - Sync 1 DAGs
[2026-06-13T17:13:20.533+0000] {logging_mixin.py:190} INFO - [2026-06-13T17:13:20.533+0000] {dag.py:4180} INFO - Setting next_dagrun for example_sla_dag to 2026-06-13 17:10:00+00:00, run_after=2026-06-13 17:12:00+00:00
[2026-06-13T17:13:20.548+0000] {processor.py:208} INFO - Processing /home/airflow/.local/lib/python3.12/site-packages/airflow/example_dags/example_sla_dag.py took 0.070 seconds
[2026-06-13T17:13:50.793+0000] {processor.py:186} INFO - Started process (PID=2811) to work on /home/airflow/.local/lib/python3.12/site-packages/airflow/example_dags/example_sla_dag.py
[2026-06-13T17:13:50.794+0000] {processor.py:914} INFO - Processing file /home/airflow/.local/lib/python3.12/site-packages/airflow/example_dags/example_sla_dag.py for tasks to queue
[2026-06-13T17:13:50.797+0000] {logging_mixin.py:190} INFO - [2026-06-13T17:13:50.796+0000] {dagbag.py:588} INFO - Filling up the DagBag from /home/airflow/.local/lib/python3.12/site-packages/airflow/example_dags/example_sla_dag.py
[2026-06-13T17:13:50.805+0000] {processor.py:925} INFO - DAG(s) 'example_sla_dag' retrieved from /home/airflow/.local/lib/python3.12/site-packages/airflow/example_dags/example_sla_dag.py
[2026-06-13T17:13:50.823+0000] {logging_mixin.py:190} INFO - [2026-06-13T17:13:50.823+0000] {dag.py:3239} INFO - Sync 1 DAGs
[2026-06-13T17:13:50.841+0000] {logging_mixin.py:190} INFO - [2026-06-13T17:13:50.841+0000] {dag.py:4180} INFO - Setting next_dagrun for example_sla_dag to 2026-06-13 17:10:00+00:00, run_after=2026-06-13 17:12:00+00:00
[2026-06-13T17:13:50.858+0000] {processor.py:208} INFO - Processing /home/airflow/.local/lib/python3.12/site-packages/airflow/example_dags/example_sla_dag.py took 0.069 seconds
[2026-06-13T17:14:21.519+0000] {processor.py:186} INFO - Started process (PID=2873) to work on /home/airflow/.local/lib/python3.12/site-packages/airflow/example_dags/example_sla_dag.py
[2026-06-13T17:14:21.520+0000] {processor.py:914} INFO - Processing file /home/airflow/.local/lib/python3.12/site-packages/airflow/example_dags/example_sla_dag.py for tasks to queue
[2026-06-13T17:14:21.523+0000] {logging_mixin.py:190} INFO - [2026-06-13T17:14:21.523+0000] {dagbag.py:588} INFO - Filling up the DagBag from /home/airflow/.local/lib/python3.12/site-packages/airflow/example_dags/example_sla_dag.py
[2026-06-13T17:14:21.534+0000] {processor.py:925} INFO - DAG(s) 'example_sla_dag' retrieved from /home/airflow/.local/lib/python3.12/site-packages/airflow/example_dags/example_sla_dag.py
[2026-06-13T17:14:21.556+0000] {logging_mixin.py:190} INFO - [2026-06-13T17:14:21.556+0000] {dag.py:3239} INFO - Sync 1 DAGs
[2026-06-13T17:14:21.579+0000] {logging_mixin.py:190} INFO - [2026-06-13T17:14:21.579+0000] {dag.py:4180} INFO - Setting next_dagrun for example_sla_dag to 2026-06-13 17:12:00+00:00, run_after=2026-06-13 17:14:00+00:00
[2026-06-13T17:14:21.599+0000] {processor.py:208} INFO - Processing /home/airflow/.local/lib/python3.12/site-packages/airflow/example_dags/example_sla_dag.py took 0.085 seconds
[2026-06-13T17:14:51.872+0000] {processor.py:186} INFO - Started process (PID=2935) to work on /home/airflow/.local/lib/python3.12/site-packages/airflow/example_dags/example_sla_dag.py
[2026-06-13T17:14:51.873+0000] {processor.py:914} INFO - Processing file /home/airflow/.local/lib/python3.12/site-packages/airflow/example_dags/example_sla_dag.py for tasks to queue
[2026-06-13T17:14:51.876+0000] {logging_mixin.py:190} INFO - [2026-06-13T17:14:51.875+0000] {dagbag.py:588} INFO - Filling up the DagBag from /home/airflow/.local/lib/python3.12/site-packages/airflow/example_dags/example_sla_dag.py
[2026-06-13T17:14:51.884+0000] {processor.py:925} INFO - DAG(s) 'example_sla_dag' retrieved from /home/airflow/.local/lib/python3.12/site-packages/airflow/example_dags/example_sla_dag.py
[2026-06-13T17:14:51.901+0000] {logging_mixin.py:190} INFO - [2026-06-13T17:14:51.901+0000] {dag.py:3239} INFO - Sync 1 DAGs
[2026-06-13T17:14:51.920+0000] {logging_mixin.py:190} INFO - [2026-06-13T17:14:51.920+0000] {dag.py:4180} INFO - Setting next_dagrun for example_sla_dag to 2026-06-13 17:12:00+00:00, run_after=2026-06-13 17:14:00+00:00
[2026-06-13T17:14:51.936+0000] {processor.py:208} INFO - Processing /home/airflow/.local/lib/python3.12/site-packages/airflow/example_dags/example_sla_dag.py took 0.068 seconds
[2026-06-13T17:15:22.325+0000] {processor.py:186} INFO - Started process (PID=2997) to work on /home/airflow/.local/lib/python3.12/site-packages/airflow/example_dags/example_sla_dag.py
[2026-06-13T17:15:22.326+0000] {processor.py:914} INFO - Processing file /home/airflow/.local/lib/python3.12/site-packages/airflow/example_dags/example_sla_dag.py for tasks to queue
[2026-06-13T17:15:22.329+0000] {logging_mixin.py:190} INFO - [2026-06-13T17:15:22.328+0000] {dagbag.py:588} INFO - Filling up the DagBag from /home/airflow/.local/lib/python3.12/site-packages/airflow/example_dags/example_sla_dag.py
[2026-06-13T17:15:22.337+0000] {processor.py:925} INFO - DAG(s) 'example_sla_dag' retrieved from /home/airflow/.local/lib/python3.12/site-packages/airflow/example_dags/example_sla_dag.py
[2026-06-13T17:15:22.354+0000] {logging_mixin.py:190} INFO - [2026-06-13T17:15:22.354+0000] {dag.py:3239} INFO - Sync 1 DAGs
[2026-06-13T17:15:22.372+0000] {logging_mixin.py:190} INFO - [2026-06-13T17:15:22.372+0000] {dag.py:4180} INFO - Setting next_dagrun for example_sla_dag to 2026-06-13 17:12:00+00:00, run_after=2026-06-13 17:14:00+00:00
[2026-06-13T17:15:22.388+0000] {processor.py:208} INFO - Processing /home/airflow/.local/lib/python3.12/site-packages/airflow/example_dags/example_sla_dag.py took 0.068 seconds
[2026-06-13T17:15:52.804+0000] {processor.py:186} INFO - Started process (PID=3059) to work on /home/airflow/.local/lib/python3.12/site-packages/airflow/example_dags/example_sla_dag.py
[2026-06-13T17:15:52.805+0000] {processor.py:914} INFO - Processing file /home/airflow/.local/lib/python3.12/site-packages/airflow/example_dags/example_sla_dag.py for tasks to queue
[2026-06-13T17:15:52.808+0000] {logging_mixin.py:190} INFO - [2026-06-13T17:15:52.807+0000] {dagbag.py:588} INFO - Filling up the DagBag from /home/airflow/.local/lib/python3.12/site-packages/airflow/example_dags/example_sla_dag.py
[2026-06-13T17:15:52.816+0000] {processor.py:925} INFO - DAG(s) 'example_sla_dag' retrieved from /home/airflow/.local/lib/python3.12/site-packages/airflow/example_dags/example_sla_dag.py
[2026-06-13T17:15:52.832+0000] {logging_mixin.py:190} INFO - [2026-06-13T17:15:52.832+0000] {dag.py:3239} INFO - Sync 1 DAGs
[2026-06-13T17:15:52.851+0000] {logging_mixin.py:190} INFO - [2026-06-13T17:15:52.851+0000] {dag.py:4180} INFO - Setting next_dagrun for example_sla_dag to 2026-06-13 17:12:00+00:00, run_after=2026-06-13 17:14:00+00:00
[2026-06-13T17:15:52.867+0000] {processor.py:208} INFO - Processing /home/airflow/.local/lib/python3.12/site-packages/airflow/example_dags/example_sla_dag.py took 0.068 seconds
[2026-06-13T17:16:23.370+0000] {processor.py:186} INFO - Started process (PID=3121) to work on /home/airflow/.local/lib/python3.12/site-packages/airflow/example_dags/example_sla_dag.py
[2026-06-13T17:16:23.371+0000] {processor.py:914} INFO - Processing file /home/airflow/.local/lib/python3.12/site-packages/airflow/example_dags/example_sla_dag.py for tasks to queue
[2026-06-13T17:16:23.373+0000] {logging_mixin.py:190} INFO - [2026-06-13T17:16:23.373+0000] {dagbag.py:588} INFO - Filling up the DagBag from /home/airflow/.local/lib/python3.12/site-packages/airflow/example_dags/example_sla_dag.py
[2026-06-13T17:16:23.381+0000] {processor.py:925} INFO - DAG(s) 'example_sla_dag' retrieved from /home/airflow/.local/lib/python3.12/site-packages/airflow/example_dags/example_sla_dag.py
[2026-06-13T17:16:23.397+0000] {logging_mixin.py:190} INFO - [2026-06-13T17:16:23.396+0000] {dag.py:3239} INFO - Sync 1 DAGs
[2026-06-13T17:16:23.414+0000] {logging_mixin.py:190} INFO - [2026-06-13T17:16:23.414+0000] {dag.py:4180} INFO - Setting next_dagrun for example_sla_dag to 2026-06-13 17:14:00+00:00, run_after=2026-06-13 17:16:00+00:00
[2026-06-13T17:16:23.432+0000] {processor.py:208} INFO - Processing /home/airflow/.local/lib/python3.12/site-packages/airflow/example_dags/example_sla_dag.py took 0.067 seconds
[2026-06-13T17:16:53.783+0000] {processor.py:186} INFO - Started process (PID=3183) to work on /home/airflow/.local/lib/python3.12/site-packages/airflow/example_dags/example_sla_dag.py
[2026-06-13T17:16:53.785+0000] {processor.py:914} INFO - Processing file /home/airflow/.local/lib/python3.12/site-packages/airflow/example_dags/example_sla_dag.py for tasks to queue
[2026-06-13T17:16:53.788+0000] {logging_mixin.py:190} INFO - [2026-06-13T17:16:53.787+0000] {dagbag.py:588} INFO - Filling up the DagBag from /home/airflow/.local/lib/python3.12/site-packages/airflow/example_dags/example_sla_dag.py
[2026-06-13T17:16:53.796+0000] {processor.py:925} INFO - DAG(s) 'example_sla_dag' retrieved from /home/airflow/.local/lib/python3.12/site-packages/airflow/example_dags/example_sla_dag.py
[2026-06-13T17:16:53.814+0000] {logging_mixin.py:190} INFO - [2026-06-13T17:16:53.814+0000] {dag.py:3239} INFO - Sync 1 DAGs
[2026-06-13T17:16:53.834+0000] {logging_mixin.py:190} INFO - [2026-06-13T17:16:53.833+0000] {dag.py:4180} INFO - Setting next_dagrun for example_sla_dag to 2026-06-13 17:14:00+00:00, run_after=2026-06-13 17:16:00+00:00
[2026-06-13T17:16:53.852+0000] {processor.py:208} INFO - Processing /home/airflow/.local/lib/python3.12/site-packages/airflow/example_dags/example_sla_dag.py took 0.073 seconds
[2026-06-13T17:17:24.087+0000] {processor.py:186} INFO - Started process (PID=3245) to work on /home/airflow/.local/lib/python3.12/site-packages/airflow/example_dags/example_sla_dag.py
[2026-06-13T17:17:24.088+0000] {processor.py:914} INFO - Processing file /home/airflow/.local/lib/python3.12/site-packages/airflow/example_dags/example_sla_dag.py for tasks to queue
[2026-06-13T17:17:24.091+0000] {logging_mixin.py:190} INFO - [2026-06-13T17:17:24.091+0000] {dagbag.py:588} INFO - Filling up the DagBag from /home/airflow/.local/lib/python3.12/site-packages/airflow/example_dags/example_sla_dag.py
[2026-06-13T17:17:24.099+0000] {processor.py:925} INFO - DAG(s) 'example_sla_dag' retrieved from /home/airflow/.local/lib/python3.12/site-packages/airflow/example_dags/example_sla_dag.py
[2026-06-13T17:17:24.117+0000] {logging_mixin.py:190} INFO - [2026-06-13T17:17:24.116+0000] {dag.py:3239} INFO - Sync 1 DAGs
[2026-06-13T17:17:24.134+0000] {logging_mixin.py:190} INFO - [2026-06-13T17:17:24.134+0000] {dag.py:4180} INFO - Setting next_dagrun for example_sla_dag to 2026-06-13 17:14:00+00:00, run_after=2026-06-13 17:16:00+00:00
[2026-06-13T17:17:24.152+0000] {processor.py:208} INFO - Processing /home/airflow/.local/lib/python3.12/site-packages/airflow/example_dags/example_sla_dag.py took 0.070 seconds
[2026-06-13T17:17:54.435+0000] {processor.py:186} INFO - Started process (PID=3307) to work on /home/airflow/.local/lib/python3.12/site-packages/airflow/example_dags/example_sla_dag.py
[2026-06-13T17:17:54.436+0000] {processor.py:914} INFO - Processing file /home/airflow/.local/lib/python3.12/site-packages/airflow/example_dags/example_sla_dag.py for tasks to queue
[2026-06-13T17:17:54.439+0000] {logging_mixin.py:190} INFO - [2026-06-13T17:17:54.438+0000] {dagbag.py:588} INFO - Filling up the DagBag from /home/airflow/.local/lib/python3.12/site-packages/airflow/example_dags/example_sla_dag.py
[2026-06-13T17:17:54.447+0000] {processor.py:925} INFO - DAG(s) 'example_sla_dag' retrieved from /home/airflow/.local/lib/python3.12/site-packages/airflow/example_dags/example_sla_dag.py
[2026-06-13T17:17:54.463+0000] {logging_mixin.py:190} INFO - [2026-06-13T17:17:54.463+0000] {dag.py:3239} INFO - Sync 1 DAGs
[2026-06-13T17:17:54.481+0000] {logging_mixin.py:190} INFO - [2026-06-13T17:17:54.481+0000] {dag.py:4180} INFO - Setting next_dagrun for example_sla_dag to 2026-06-13 17:14:00+00:00, run_after=2026-06-13 17:16:00+00:00
[2026-06-13T17:17:54.498+0000] {processor.py:208} INFO - Processing /home/airflow/.local/lib/python3.12/site-packages/airflow/example_dags/example_sla_dag.py took 0.068 seconds
[2026-06-13T17:18:24.991+0000] {processor.py:186} INFO - Started process (PID=3369) to work on /home/airflow/.local/lib/python3.12/site-packages/airflow/example_dags/example_sla_dag.py
[2026-06-13T17:18:24.993+0000] {processor.py:914} INFO - Processing file /home/airflow/.local/lib/python3.12/site-packages/airflow/example_dags/example_sla_dag.py for tasks to queue
[2026-06-13T17:18:24.995+0000] {logging_mixin.py:190} INFO - [2026-06-13T17:18:24.995+0000] {dagbag.py:588} INFO - Filling up the DagBag from /home/airflow/.local/lib/python3.12/site-packages/airflow/example_dags/example_sla_dag.py
[2026-06-13T17:18:25.004+0000] {processor.py:925} INFO - DAG(s) 'example_sla_dag' retrieved from /home/airflow/.local/lib/python3.12/site-packages/airflow/example_dags/example_sla_dag.py
[2026-06-13T17:18:25.021+0000] {logging_mixin.py:190} INFO - [2026-06-13T17:18:25.020+0000] {dag.py:3239} INFO - Sync 1 DAGs
[2026-06-13T17:18:25.038+0000] {logging_mixin.py:190} INFO - [2026-06-13T17:18:25.038+0000] {dag.py:4180} INFO - Setting next_dagrun for example_sla_dag to 2026-06-13 17:16:00+00:00, run_after=2026-06-13 17:18:00+00:00
[2026-06-13T17:18:25.055+0000] {processor.py:208} INFO - Processing /home/airflow/.local/lib/python3.12/site-packages/airflow/example_dags/example_sla_dag.py took 0.068 seconds
[2026-06-13T17:18:55.593+0000] {processor.py:186} INFO - Started process (PID=3431) to work on /home/airflow/.local/lib/python3.12/site-packages/airflow/example_dags/example_sla_dag.py
[2026-06-13T17:18:55.595+0000] {processor.py:914} INFO - Processing file /home/airflow/.local/lib/python3.12/site-packages/airflow/example_dags/example_sla_dag.py for tasks to queue
[2026-06-13T17:18:55.599+0000] {logging_mixin.py:190} INFO - [2026-06-13T17:18:55.599+0000] {dagbag.py:588} INFO - Filling up the DagBag from /home/airflow/.local/lib/python3.12/site-packages/airflow/example_dags/example_sla_dag.py
[2026-06-13T17:18:55.612+0000] {processor.py:925} INFO - DAG(s) 'example_sla_dag' retrieved from /home/airflow/.local/lib/python3.12/site-packages/airflow/example_dags/example_sla_dag.py
[2026-06-13T17:18:55.640+0000] {logging_mixin.py:190} INFO - [2026-06-13T17:18:55.639+0000] {dag.py:3239} INFO - Sync 1 DAGs
[2026-06-13T17:18:55.668+0000] {logging_mixin.py:190} INFO - [2026-06-13T17:18:55.667+0000] {dag.py:4180} INFO - Setting next_dagrun for example_sla_dag to 2026-06-13 17:16:00+00:00, run_after=2026-06-13 17:18:00+00:00
[2026-06-13T17:18:55.695+0000] {processor.py:208} INFO - Processing /home/airflow/.local/lib/python3.12/site-packages/airflow/example_dags/example_sla_dag.py took 0.111 seconds
[2026-06-13T17:19:26.320+0000] {processor.py:186} INFO - Started process (PID=3493) to work on /home/airflow/.local/lib/python3.12/site-packages/airflow/example_dags/example_sla_dag.py
[2026-06-13T17:19:26.321+0000] {processor.py:914} INFO - Processing file /home/airflow/.local/lib/python3.12/site-packages/airflow/example_dags/example_sla_dag.py for tasks to queue
[2026-06-13T17:19:26.324+0000] {logging_mixin.py:190} INFO - [2026-06-13T17:19:26.324+0000] {dagbag.py:588} INFO - Filling up the DagBag from /home/airflow/.local/lib/python3.12/site-packages/airflow/example_dags/example_sla_dag.py
[2026-06-13T17:19:26.334+0000] {processor.py:925} INFO - DAG(s) 'example_sla_dag' retrieved from /home/airflow/.local/lib/python3.12/site-packages/airflow/example_dags/example_sla_dag.py
[2026-06-13T17:19:26.357+0000] {logging_mixin.py:190} INFO - [2026-06-13T17:19:26.357+0000] {dag.py:3239} INFO - Sync 1 DAGs
[2026-06-13T17:19:26.393+0000] {logging_mixin.py:190} INFO - [2026-06-13T17:19:26.392+0000] {dag.py:4180} INFO - Setting next_dagrun for example_sla_dag to 2026-06-13 17:16:00+00:00, run_after=2026-06-13 17:18:00+00:00
[2026-06-13T17:19:26.421+0000] {processor.py:208} INFO - Processing /home/airflow/.local/lib/python3.12/site-packages/airflow/example_dags/example_sla_dag.py took 0.109 seconds
[2026-06-13T17:19:57.022+0000] {processor.py:186} INFO - Started process (PID=3555) to work on /home/airflow/.local/lib/python3.12/site-packages/airflow/example_dags/example_sla_dag.py
[2026-06-13T17:19:57.023+0000] {processor.py:914} INFO - Processing file /home/airflow/.local/lib/python3.12/site-packages/airflow/example_dags/example_sla_dag.py for tasks to queue
[2026-06-13T17:19:57.026+0000] {logging_mixin.py:190} INFO - [2026-06-13T17:19:57.026+0000] {dagbag.py:588} INFO - Filling up the DagBag from /home/airflow/.local/lib/python3.12/site-packages/airflow/example_dags/example_sla_dag.py
[2026-06-13T17:19:57.034+0000] {processor.py:925} INFO - DAG(s) 'example_sla_dag' retrieved from /home/airflow/.local/lib/python3.12/site-packages/airflow/example_dags/example_sla_dag.py
[2026-06-13T17:19:57.051+0000] {logging_mixin.py:190} INFO - [2026-06-13T17:19:57.051+0000] {dag.py:3239} INFO - Sync 1 DAGs
[2026-06-13T17:19:57.071+0000] {logging_mixin.py:190} INFO - [2026-06-13T17:19:57.071+0000] {dag.py:4180} INFO - Setting next_dagrun for example_sla_dag to 2026-06-13 17:16:00+00:00, run_after=2026-06-13 17:18:00+00:00
[2026-06-13T17:19:57.086+0000] {processor.py:208} INFO - Processing /home/airflow/.local/lib/python3.12/site-packages/airflow/example_dags/example_sla_dag.py took 0.070 seconds
[2026-06-13T17:20:27.629+0000] {processor.py:186} INFO - Started process (PID=3617) to work on /home/airflow/.local/lib/python3.12/site-packages/airflow/example_dags/example_sla_dag.py
[2026-06-13T17:20:27.631+0000] {processor.py:914} INFO - Processing file /home/airflow/.local/lib/python3.12/site-packages/airflow/example_dags/example_sla_dag.py for tasks to queue
[2026-06-13T17:20:27.633+0000] {logging_mixin.py:190} INFO - [2026-06-13T17:20:27.633+0000] {dagbag.py:588} INFO - Filling up the DagBag from /home/airflow/.local/lib/python3.12/site-packages/airflow/example_dags/example_sla_dag.py
[2026-06-13T17:20:27.642+0000] {processor.py:925} INFO - DAG(s) 'example_sla_dag' retrieved from /home/airflow/.local/lib/python3.12/site-packages/airflow/example_dags/example_sla_dag.py
[2026-06-13T17:20:27.658+0000] {logging_mixin.py:190} INFO - [2026-06-13T17:20:27.658+0000] {dag.py:3239} INFO - Sync 1 DAGs
[2026-06-13T17:20:27.676+0000] {logging_mixin.py:190} INFO - [2026-06-13T17:20:27.676+0000] {dag.py:4180} INFO - Setting next_dagrun for example_sla_dag to 2026-06-13 17:18:00+00:00, run_after=2026-06-13 17:20:00+00:00
[2026-06-13T17:20:27.692+0000] {processor.py:208} INFO - Processing /home/airflow/.local/lib/python3.12/site-packages/airflow/example_dags/example_sla_dag.py took 0.067 seconds
[2026-06-13T17:20:58.129+0000] {processor.py:186} INFO - Started process (PID=3679) to work on /home/airflow/.local/lib/python3.12/site-packages/airflow/example_dags/example_sla_dag.py
[2026-06-13T17:20:58.131+0000] {processor.py:914} INFO - Processing file /home/airflow/.local/lib/python3.12/site-packages/airflow/example_dags/example_sla_dag.py for tasks to queue
[2026-06-13T17:20:58.133+0000] {logging_mixin.py:190} INFO - [2026-06-13T17:20:58.133+0000] {dagbag.py:588} INFO - Filling up the DagBag from /home/airflow/.local/lib/python3.12/site-packages/airflow/example_dags/example_sla_dag.py
[2026-06-13T17:20:58.143+0000] {processor.py:925} INFO - DAG(s) 'example_sla_dag' retrieved from /home/airflow/.local/lib/python3.12/site-packages/airflow/example_dags/example_sla_dag.py
[2026-06-13T17:20:58.163+0000] {logging_mixin.py:190} INFO - [2026-06-13T17:20:58.162+0000] {dag.py:3239} INFO - Sync 1 DAGs
[2026-06-13T17:20:58.183+0000] {logging_mixin.py:190} INFO - [2026-06-13T17:20:58.183+0000] {dag.py:4180} INFO - Setting next_dagrun for example_sla_dag to 2026-06-13 17:18:00+00:00, run_after=2026-06-13 17:20:00+00:00
[2026-06-13T17:20:58.201+0000] {processor.py:208} INFO - Processing /home/airflow/.local/lib/python3.12/site-packages/airflow/example_dags/example_sla_dag.py took 0.077 seconds
[2026-06-13T17:21:28.720+0000] {processor.py:186} INFO - Started process (PID=3741) to work on /home/airflow/.local/lib/python3.12/site-packages/airflow/example_dags/example_sla_dag.py
[2026-06-13T17:21:28.721+0000] {processor.py:914} INFO - Processing file /home/airflow/.local/lib/python3.12/site-packages/airflow/example_dags/example_sla_dag.py for tasks to queue
[2026-06-13T17:21:28.724+0000] {logging_mixin.py:190} INFO - [2026-06-13T17:21:28.724+0000] {dagbag.py:588} INFO - Filling up the DagBag from /home/airflow/.local/lib/python3.12/site-packages/airflow/example_dags/example_sla_dag.py
[2026-06-13T17:21:28.733+0000] {processor.py:925} INFO - DAG(s) 'example_sla_dag' retrieved from /home/airflow/.local/lib/python3.12/site-packages/airflow/example_dags/example_sla_dag.py
[2026-06-13T17:21:28.750+0000] {logging_mixin.py:190} INFO - [2026-06-13T17:21:28.749+0000] {dag.py:3239} INFO - Sync 1 DAGs
[2026-06-13T17:21:28.770+0000] {logging_mixin.py:190} INFO - [2026-06-13T17:21:28.770+0000] {dag.py:4180} INFO - Setting next_dagrun for example_sla_dag to 2026-06-13 17:18:00+00:00, run_after=2026-06-13 17:20:00+00:00
[2026-06-13T17:21:28.786+0000] {processor.py:208} INFO - Processing /home/airflow/.local/lib/python3.12/site-packages/airflow/example_dags/example_sla_dag.py took 0.072 seconds
[2026-06-13T17:21:59.129+0000] {processor.py:186} INFO - Started process (PID=3803) to work on /home/airflow/.local/lib/python3.12/site-packages/airflow/example_dags/example_sla_dag.py
[2026-06-13T17:21:59.130+0000] {processor.py:914} INFO - Processing file /home/airflow/.local/lib/python3.12/site-packages/airflow/example_dags/example_sla_dag.py for tasks to queue
[2026-06-13T17:21:59.133+0000] {logging_mixin.py:190} INFO - [2026-06-13T17:21:59.133+0000] {dagbag.py:588} INFO - Filling up the DagBag from /home/airflow/.local/lib/python3.12/site-packages/airflow/example_dags/example_sla_dag.py
[2026-06-13T17:21:59.143+0000] {processor.py:925} INFO - DAG(s) 'example_sla_dag' retrieved from /home/airflow/.local/lib/python3.12/site-packages/airflow/example_dags/example_sla_dag.py
[2026-06-13T17:21:59.163+0000] {logging_mixin.py:190} INFO - [2026-06-13T17:21:59.163+0000] {dag.py:3239} INFO - Sync 1 DAGs
[2026-06-13T17:21:59.184+0000] {logging_mixin.py:190} INFO - [2026-06-13T17:21:59.184+0000] {dag.py:4180} INFO - Setting next_dagrun for example_sla_dag to 2026-06-13 17:18:00+00:00, run_after=2026-06-13 17:20:00+00:00
[2026-06-13T17:21:59.203+0000] {processor.py:208} INFO - Processing /home/airflow/.local/lib/python3.12/site-packages/airflow/example_dags/example_sla_dag.py took 0.080 seconds
[2026-06-13T17:22:29.530+0000] {processor.py:186} INFO - Started process (PID=3865) to work on /home/airflow/.local/lib/python3.12/site-packages/airflow/example_dags/example_sla_dag.py
[2026-06-13T17:22:29.531+0000] {processor.py:914} INFO - Processing file /home/airflow/.local/lib/python3.12/site-packages/airflow/example_dags/example_sla_dag.py for tasks to queue
[2026-06-13T17:22:29.533+0000] {logging_mixin.py:190} INFO - [2026-06-13T17:22:29.533+0000] {dagbag.py:588} INFO - Filling up the DagBag from /home/airflow/.local/lib/python3.12/site-packages/airflow/example_dags/example_sla_dag.py
[2026-06-13T17:22:29.541+0000] {processor.py:925} INFO - DAG(s) 'example_sla_dag' retrieved from /home/airflow/.local/lib/python3.12/site-packages/airflow/example_dags/example_sla_dag.py
[2026-06-13T17:22:29.558+0000] {logging_mixin.py:190} INFO - [2026-06-13T17:22:29.558+0000] {dag.py:3239} INFO - Sync 1 DAGs
[2026-06-13T17:22:29.578+0000] {logging_mixin.py:190} INFO - [2026-06-13T17:22:29.578+0000] {dag.py:4180} INFO - Setting next_dagrun for example_sla_dag to 2026-06-13 17:20:00+00:00, run_after=2026-06-13 17:22:00+00:00
[2026-06-13T17:22:29.595+0000] {processor.py:208} INFO - Processing /home/airflow/.local/lib/python3.12/site-packages/airflow/example_dags/example_sla_dag.py took 0.070 seconds
[2026-06-13T17:22:59.991+0000] {processor.py:186} INFO - Started process (PID=3927) to work on /home/airflow/.local/lib/python3.12/site-packages/airflow/example_dags/example_sla_dag.py
[2026-06-13T17:22:59.992+0000] {processor.py:914} INFO - Processing file /home/airflow/.local/lib/python3.12/site-packages/airflow/example_dags/example_sla_dag.py for tasks to queue
[2026-06-13T17:22:59.994+0000] {logging_mixin.py:190} INFO - [2026-06-13T17:22:59.994+0000] {dagbag.py:588} INFO - Filling up the DagBag from /home/airflow/.local/lib/python3.12/site-packages/airflow/example_dags/example_sla_dag.py
[2026-06-13T17:23:00.003+0000] {processor.py:925} INFO - DAG(s) 'example_sla_dag' retrieved from /home/airflow/.local/lib/python3.12/site-packages/airflow/example_dags/example_sla_dag.py
[2026-06-13T17:23:00.028+0000] {logging_mixin.py:190} INFO - [2026-06-13T17:23:00.028+0000] {dag.py:3239} INFO - Sync 1 DAGs
[2026-06-13T17:23:00.049+0000] {logging_mixin.py:190} INFO - [2026-06-13T17:23:00.048+0000] {dag.py:4180} INFO - Setting next_dagrun for example_sla_dag to 2026-06-13 17:20:00+00:00, run_after=2026-06-13 17:22:00+00:00
[2026-06-13T17:23:00.066+0000] {processor.py:208} INFO - Processing /home/airflow/.local/lib/python3.12/site-packages/airflow/example_dags/example_sla_dag.py took 0.082 seconds
[2026-06-13T17:23:30.590+0000] {processor.py:186} INFO - Started process (PID=3989) to work on /home/airflow/.local/lib/python3.12/site-packages/airflow/example_dags/example_sla_dag.py
[2026-06-13T17:23:30.592+0000] {processor.py:914} INFO - Processing file /home/airflow/.local/lib/python3.12/site-packages/airflow/example_dags/example_sla_dag.py for tasks to queue
[2026-06-13T17:23:30.594+0000] {logging_mixin.py:190} INFO - [2026-06-13T17:23:30.594+0000] {dagbag.py:588} INFO - Filling up the DagBag from /home/airflow/.local/lib/python3.12/site-packages/airflow/example_dags/example_sla_dag.py
[2026-06-13T17:23:30.602+0000] {processor.py:925} INFO - DAG(s) 'example_sla_dag' retrieved from /home/airflow/.local/lib/python3.12/site-packages/airflow/example_dags/example_sla_dag.py
[2026-06-13T17:23:30.619+0000] {logging_mixin.py:190} INFO - [2026-06-13T17:23:30.619+0000] {dag.py:3239} INFO - Sync 1 DAGs
[2026-06-13T17:23:30.637+0000] {logging_mixin.py:190} INFO - [2026-06-13T17:23:30.637+0000] {dag.py:4180} INFO - Setting next_dagrun for example_sla_dag to 2026-06-13 17:20:00+00:00, run_after=2026-06-13 17:22:00+00:00
[2026-06-13T17:23:30.653+0000] {processor.py:208} INFO - Processing /home/airflow/.local/lib/python3.12/site-packages/airflow/example_dags/example_sla_dag.py took 0.068 seconds
[2026-06-13T17:24:00.966+0000] {processor.py:186} INFO - Started process (PID=4052) to work on /home/airflow/.local/lib/python3.12/site-packages/airflow/example_dags/example_sla_dag.py
[2026-06-13T17:24:00.967+0000] {processor.py:914} INFO - Processing file /home/airflow/.local/lib/python3.12/site-packages/airflow/example_dags/example_sla_dag.py for tasks to queue
[2026-06-13T17:24:00.971+0000] {logging_mixin.py:190} INFO - [2026-06-13T17:24:00.970+0000] {dagbag.py:588} INFO - Filling up the DagBag from /home/airflow/.local/lib/python3.12/site-packages/airflow/example_dags/example_sla_dag.py
[2026-06-13T17:24:00.981+0000] {processor.py:925} INFO - DAG(s) 'example_sla_dag' retrieved from /home/airflow/.local/lib/python3.12/site-packages/airflow/example_dags/example_sla_dag.py
[2026-06-13T17:24:00.999+0000] {logging_mixin.py:190} INFO - [2026-06-13T17:24:00.998+0000] {dag.py:3239} INFO - Sync 1 DAGs
[2026-06-13T17:24:01.018+0000] {logging_mixin.py:190} INFO - [2026-06-13T17:24:01.018+0000] {dag.py:4180} INFO - Setting next_dagrun for example_sla_dag to 2026-06-13 17:22:00+00:00, run_after=2026-06-13 17:24:00+00:00
[2026-06-13T17:24:01.035+0000] {processor.py:208} INFO - Processing /home/airflow/.local/lib/python3.12/site-packages/airflow/example_dags/example_sla_dag.py took 0.075 seconds
[2026-06-13T17:24:31.360+0000] {processor.py:186} INFO - Started process (PID=4114) to work on /home/airflow/.local/lib/python3.12/site-packages/airflow/example_dags/example_sla_dag.py
[2026-06-13T17:24:31.362+0000] {processor.py:914} INFO - Processing file /home/airflow/.local/lib/python3.12/site-packages/airflow/example_dags/example_sla_dag.py for tasks to queue
[2026-06-13T17:24:31.364+0000] {logging_mixin.py:190} INFO - [2026-06-13T17:24:31.364+0000] {dagbag.py:588} INFO - Filling up the DagBag from /home/airflow/.local/lib/python3.12/site-packages/airflow/example_dags/example_sla_dag.py
[2026-06-13T17:24:31.374+0000] {processor.py:925} INFO - DAG(s) 'example_sla_dag' retrieved from /home/airflow/.local/lib/python3.12/site-packages/airflow/example_dags/example_sla_dag.py
[2026-06-13T17:24:31.390+0000] {logging_mixin.py:190} INFO - [2026-06-13T17:24:31.390+0000] {dag.py:3239} INFO - Sync 1 DAGs
[2026-06-13T17:24:31.407+0000] {logging_mixin.py:190} INFO - [2026-06-13T17:24:31.407+0000] {dag.py:4180} INFO - Setting next_dagrun for example_sla_dag to 2026-06-13 17:22:00+00:00, run_after=2026-06-13 17:24:00+00:00
[2026-06-13T17:24:31.421+0000] {processor.py:208} INFO - Processing /home/airflow/.local/lib/python3.12/site-packages/airflow/example_dags/example_sla_dag.py took 0.067 seconds
[2026-06-13T17:25:01.541+0000] {processor.py:186} INFO - Started process (PID=4176) to work on /home/airflow/.local/lib/python3.12/site-packages/airflow/example_dags/example_sla_dag.py
[2026-06-13T17:25:01.543+0000] {processor.py:914} INFO - Processing file /home/airflow/.local/lib/python3.12/site-packages/airflow/example_dags/example_sla_dag.py for tasks to queue
[2026-06-13T17:25:01.545+0000] {logging_mixin.py:190} INFO - [2026-06-13T17:25:01.544+0000] {dagbag.py:588} INFO - Filling up the DagBag from /home/airflow/.local/lib/python3.12/site-packages/airflow/example_dags/example_sla_dag.py
[2026-06-13T17:25:01.553+0000] {processor.py:925} INFO - DAG(s) 'example_sla_dag' retrieved from /home/airflow/.local/lib/python3.12/site-packages/airflow/example_dags/example_sla_dag.py
[2026-06-13T17:25:01.568+0000] {logging_mixin.py:190} INFO - [2026-06-13T17:25:01.568+0000] {dag.py:3239} INFO - Sync 1 DAGs
[2026-06-13T17:25:01.587+0000] {logging_mixin.py:190} INFO - [2026-06-13T17:25:01.587+0000] {dag.py:4180} INFO - Setting next_dagrun for example_sla_dag to 2026-06-13 17:22:00+00:00, run_after=2026-06-13 17:24:00+00:00
[2026-06-13T17:25:01.605+0000] {processor.py:208} INFO - Processing /home/airflow/.local/lib/python3.12/site-packages/airflow/example_dags/example_sla_dag.py took 0.069 seconds
[2026-06-13T17:25:31.776+0000] {processor.py:186} INFO - Started process (PID=4238) to work on /home/airflow/.local/lib/python3.12/site-packages/airflow/example_dags/example_sla_dag.py
[2026-06-13T17:25:31.777+0000] {processor.py:914} INFO - Processing file /home/airflow/.local/lib/python3.12/site-packages/airflow/example_dags/example_sla_dag.py for tasks to queue
[2026-06-13T17:25:31.780+0000] {logging_mixin.py:190} INFO - [2026-06-13T17:25:31.779+0000] {dagbag.py:588} INFO - Filling up the DagBag from /home/airflow/.local/lib/python3.12/site-packages/airflow/example_dags/example_sla_dag.py
[2026-06-13T17:25:31.788+0000] {processor.py:925} INFO - DAG(s) 'example_sla_dag' retrieved from /home/airflow/.local/lib/python3.12/site-packages/airflow/example_dags/example_sla_dag.py
[2026-06-13T17:25:31.805+0000] {logging_mixin.py:190} INFO - [2026-06-13T17:25:31.804+0000] {dag.py:3239} INFO - Sync 1 DAGs
[2026-06-13T17:25:31.823+0000] {logging_mixin.py:190} INFO - [2026-06-13T17:25:31.823+0000] {dag.py:4180} INFO - Setting next_dagrun for example_sla_dag to 2026-06-13 17:22:00+00:00, run_after=2026-06-13 17:24:00+00:00
[2026-06-13T17:25:31.840+0000] {processor.py:208} INFO - Processing /home/airflow/.local/lib/python3.12/site-packages/airflow/example_dags/example_sla_dag.py took 0.069 seconds
[2026-06-13T17:26:02.092+0000] {processor.py:186} INFO - Started process (PID=4300) to work on /home/airflow/.local/lib/python3.12/site-packages/airflow/example_dags/example_sla_dag.py
[2026-06-13T17:26:02.094+0000] {processor.py:914} INFO - Processing file /home/airflow/.local/lib/python3.12/site-packages/airflow/example_dags/example_sla_dag.py for tasks to queue
[2026-06-13T17:26:02.096+0000] {logging_mixin.py:190} INFO - [2026-06-13T17:26:02.096+0000] {dagbag.py:588} INFO - Filling up the DagBag from /home/airflow/.local/lib/python3.12/site-packages/airflow/example_dags/example_sla_dag.py
[2026-06-13T17:26:02.104+0000] {processor.py:925} INFO - DAG(s) 'example_sla_dag' retrieved from /home/airflow/.local/lib/python3.12/site-packages/airflow/example_dags/example_sla_dag.py
[2026-06-13T17:26:02.121+0000] {logging_mixin.py:190} INFO - [2026-06-13T17:26:02.121+0000] {dag.py:3239} INFO - Sync 1 DAGs
[2026-06-13T17:26:02.139+0000] {logging_mixin.py:190} INFO - [2026-06-13T17:26:02.139+0000] {dag.py:4180} INFO - Setting next_dagrun for example_sla_dag to 2026-06-13 17:24:00+00:00, run_after=2026-06-13 17:26:00+00:00
[2026-06-13T17:26:02.157+0000] {processor.py:208} INFO - Processing /home/airflow/.local/lib/python3.12/site-packages/airflow/example_dags/example_sla_dag.py took 0.070 seconds
[2026-06-13T17:26:32.428+0000] {processor.py:186} INFO - Started process (PID=4362) to work on /home/airflow/.local/lib/python3.12/site-packages/airflow/example_dags/example_sla_dag.py
[2026-06-13T17:26:32.430+0000] {processor.py:914} INFO - Processing file /home/airflow/.local/lib/python3.12/site-packages/airflow/example_dags/example_sla_dag.py for tasks to queue
[2026-06-13T17:26:32.432+0000] {logging_mixin.py:190} INFO - [2026-06-13T17:26:32.432+0000] {dagbag.py:588} INFO - Filling up the DagBag from /home/airflow/.local/lib/python3.12/site-packages/airflow/example_dags/example_sla_dag.py
[2026-06-13T17:26:32.440+0000] {processor.py:925} INFO - DAG(s) 'example_sla_dag' retrieved from /home/airflow/.local/lib/python3.12/site-packages/airflow/example_dags/example_sla_dag.py
[2026-06-13T17:26:32.457+0000] {logging_mixin.py:190} INFO - [2026-06-13T17:26:32.457+0000] {dag.py:3239} INFO - Sync 1 DAGs
[2026-06-13T17:26:32.475+0000] {logging_mixin.py:190} INFO - [2026-06-13T17:26:32.475+0000] {dag.py:4180} INFO - Setting next_dagrun for example_sla_dag to 2026-06-13 17:24:00+00:00, run_after=2026-06-13 17:26:00+00:00
[2026-06-13T17:26:32.493+0000] {processor.py:208} INFO - Processing /home/airflow/.local/lib/python3.12/site-packages/airflow/example_dags/example_sla_dag.py took 0.069 seconds
[2026-06-13T17:27:02.958+0000] {processor.py:186} INFO - Started process (PID=4424) to work on /home/airflow/.local/lib/python3.12/site-packages/airflow/example_dags/example_sla_dag.py
[2026-06-13T17:27:02.960+0000] {processor.py:914} INFO - Processing file /home/airflow/.local/lib/python3.12/site-packages/airflow/example_dags/example_sla_dag.py for tasks to queue
[2026-06-13T17:27:02.963+0000] {logging_mixin.py:190} INFO - [2026-06-13T17:27:02.962+0000] {dagbag.py:588} INFO - Filling up the DagBag from /home/airflow/.local/lib/python3.12/site-packages/airflow/example_dags/example_sla_dag.py
[2026-06-13T17:27:02.971+0000] {processor.py:925} INFO - DAG(s) 'example_sla_dag' retrieved from /home/airflow/.local/lib/python3.12/site-packages/airflow/example_dags/example_sla_dag.py
[2026-06-13T17:27:02.987+0000] {logging_mixin.py:190} INFO - [2026-06-13T17:27:02.987+0000] {dag.py:3239} INFO - Sync 1 DAGs
[2026-06-13T17:27:03.004+0000] {logging_mixin.py:190} INFO - [2026-06-13T17:27:03.004+0000] {dag.py:4180} INFO - Setting next_dagrun for example_sla_dag to 2026-06-13 17:24:00+00:00, run_after=2026-06-13 17:26:00+00:00
[2026-06-13T17:27:03.018+0000] {processor.py:208} INFO - Processing /home/airflow/.local/lib/python3.12/site-packages/airflow/example_dags/example_sla_dag.py took 0.065 seconds
[2026-06-13T17:27:33.297+0000] {processor.py:186} INFO - Started process (PID=4486) to work on /home/airflow/.local/lib/python3.12/site-packages/airflow/example_dags/example_sla_dag.py
[2026-06-13T17:27:33.298+0000] {processor.py:914} INFO - Processing file /home/airflow/.local/lib/python3.12/site-packages/airflow/example_dags/example_sla_dag.py for tasks to queue
[2026-06-13T17:27:33.300+0000] {logging_mixin.py:190} INFO - [2026-06-13T17:27:33.300+0000] {dagbag.py:588} INFO - Filling up the DagBag from /home/airflow/.local/lib/python3.12/site-packages/airflow/example_dags/example_sla_dag.py
[2026-06-13T17:27:33.309+0000] {processor.py:925} INFO - DAG(s) 'example_sla_dag' retrieved from /home/airflow/.local/lib/python3.12/site-packages/airflow/example_dags/example_sla_dag.py
[2026-06-13T17:27:33.324+0000] {logging_mixin.py:190} INFO - [2026-06-13T17:27:33.324+0000] {dag.py:3239} INFO - Sync 1 DAGs
[2026-06-13T17:27:33.342+0000] {logging_mixin.py:190} INFO - [2026-06-13T17:27:33.342+0000] {dag.py:4180} INFO - Setting next_dagrun for example_sla_dag to 2026-06-13 17:24:00+00:00, run_after=2026-06-13 17:26:00+00:00
[2026-06-13T17:27:33.362+0000] {processor.py:208} INFO - Processing /home/airflow/.local/lib/python3.12/site-packages/airflow/example_dags/example_sla_dag.py took 0.070 seconds
[2026-06-13T17:28:03.740+0000] {processor.py:186} INFO - Started process (PID=4548) to work on /home/airflow/.local/lib/python3.12/site-packages/airflow/example_dags/example_sla_dag.py
[2026-06-13T17:28:03.741+0000] {processor.py:914} INFO - Processing file /home/airflow/.local/lib/python3.12/site-packages/airflow/example_dags/example_sla_dag.py for tasks to queue
[2026-06-13T17:28:03.743+0000] {logging_mixin.py:190} INFO - [2026-06-13T17:28:03.743+0000] {dagbag.py:588} INFO - Filling up the DagBag from /home/airflow/.local/lib/python3.12/site-packages/airflow/example_dags/example_sla_dag.py
[2026-06-13T17:28:03.751+0000] {processor.py:925} INFO - DAG(s) 'example_sla_dag' retrieved from /home/airflow/.local/lib/python3.12/site-packages/airflow/example_dags/example_sla_dag.py
[2026-06-13T17:28:03.768+0000] {logging_mixin.py:190} INFO - [2026-06-13T17:28:03.767+0000] {dag.py:3239} INFO - Sync 1 DAGs
[2026-06-13T17:28:03.789+0000] {logging_mixin.py:190} INFO - [2026-06-13T17:28:03.789+0000] {dag.py:4180} INFO - Setting next_dagrun for example_sla_dag to 2026-06-13 17:26:00+00:00, run_after=2026-06-13 17:28:00+00:00
[2026-06-13T17:28:03.806+0000] {processor.py:208} INFO - Processing /home/airflow/.local/lib/python3.12/site-packages/airflow/example_dags/example_sla_dag.py took 0.072 seconds
[2026-06-13T17:28:34.020+0000] {processor.py:186} INFO - Started process (PID=4610) to work on /home/airflow/.local/lib/python3.12/site-packages/airflow/example_dags/example_sla_dag.py
[2026-06-13T17:28:34.021+0000] {processor.py:914} INFO - Processing file /home/airflow/.local/lib/python3.12/site-packages/airflow/example_dags/example_sla_dag.py for tasks to queue
[2026-06-13T17:28:34.024+0000] {logging_mixin.py:190} INFO - [2026-06-13T17:28:34.024+0000] {dagbag.py:588} INFO - Filling up the DagBag from /home/airflow/.local/lib/python3.12/site-packages/airflow/example_dags/example_sla_dag.py
[2026-06-13T17:28:34.034+0000] {processor.py:925} INFO - DAG(s) 'example_sla_dag' retrieved from /home/airflow/.local/lib/python3.12/site-packages/airflow/example_dags/example_sla_dag.py
[2026-06-13T17:28:34.052+0000] {logging_mixin.py:190} INFO - [2026-06-13T17:28:34.052+0000] {dag.py:3239} INFO - Sync 1 DAGs
[2026-06-13T17:28:34.073+0000] {logging_mixin.py:190} INFO - [2026-06-13T17:28:34.073+0000] {dag.py:4180} INFO - Setting next_dagrun for example_sla_dag to 2026-06-13 17:26:00+00:00, run_after=2026-06-13 17:28:00+00:00
[2026-06-13T17:28:34.092+0000] {processor.py:208} INFO - Processing /home/airflow/.local/lib/python3.12/site-packages/airflow/example_dags/example_sla_dag.py took 0.078 seconds
[2026-06-13T17:29:04.429+0000] {processor.py:186} INFO - Started process (PID=4672) to work on /home/airflow/.local/lib/python3.12/site-packages/airflow/example_dags/example_sla_dag.py
[2026-06-13T17:29:04.430+0000] {processor.py:914} INFO - Processing file /home/airflow/.local/lib/python3.12/site-packages/airflow/example_dags/example_sla_dag.py for tasks to queue
[2026-06-13T17:29:04.433+0000] {logging_mixin.py:190} INFO - [2026-06-13T17:29:04.432+0000] {dagbag.py:588} INFO - Filling up the DagBag from /home/airflow/.local/lib/python3.12/site-packages/airflow/example_dags/example_sla_dag.py
[2026-06-13T17:29:04.441+0000] {processor.py:925} INFO - DAG(s) 'example_sla_dag' retrieved from /home/airflow/.local/lib/python3.12/site-packages/airflow/example_dags/example_sla_dag.py
[2026-06-13T17:29:04.456+0000] {logging_mixin.py:190} INFO - [2026-06-13T17:29:04.456+0000] {dag.py:3239} INFO - Sync 1 DAGs
[2026-06-13T17:29:04.477+0000] {logging_mixin.py:190} INFO - [2026-06-13T17:29:04.476+0000] {dag.py:4180} INFO - Setting next_dagrun for example_sla_dag to 2026-06-13 17:26:00+00:00, run_after=2026-06-13 17:28:00+00:00
[2026-06-13T17:29:04.495+0000] {processor.py:208} INFO - Processing /home/airflow/.local/lib/python3.12/site-packages/airflow/example_dags/example_sla_dag.py took 0.070 seconds
[2026-06-13T17:29:34.896+0000] {processor.py:186} INFO - Started process (PID=4734) to work on /home/airflow/.local/lib/python3.12/site-packages/airflow/example_dags/example_sla_dag.py
[2026-06-13T17:29:34.897+0000] {processor.py:914} INFO - Processing file /home/airflow/.local/lib/python3.12/site-packages/airflow/example_dags/example_sla_dag.py for tasks to queue
[2026-06-13T17:29:34.900+0000] {logging_mixin.py:190} INFO - [2026-06-13T17:29:34.899+0000] {dagbag.py:588} INFO - Filling up the DagBag from /home/airflow/.local/lib/python3.12/site-packages/airflow/example_dags/example_sla_dag.py
[2026-06-13T17:29:34.910+0000] {processor.py:925} INFO - DAG(s) 'example_sla_dag' retrieved from /home/airflow/.local/lib/python3.12/site-packages/airflow/example_dags/example_sla_dag.py
[2026-06-13T17:29:34.927+0000] {logging_mixin.py:190} INFO - [2026-06-13T17:29:34.927+0000] {dag.py:3239} INFO - Sync 1 DAGs
[2026-06-13T17:29:34.946+0000] {logging_mixin.py:190} INFO - [2026-06-13T17:29:34.946+0000] {dag.py:4180} INFO - Setting next_dagrun for example_sla_dag to 2026-06-13 17:26:00+00:00, run_after=2026-06-13 17:28:00+00:00
[2026-06-13T17:29:34.963+0000] {processor.py:208} INFO - Processing /home/airflow/.local/lib/python3.12/site-packages/airflow/example_dags/example_sla_dag.py took 0.073 seconds
[2026-06-13T17:30:05.084+0000] {processor.py:186} INFO - Started process (PID=4796) to work on /home/airflow/.local/lib/python3.12/site-packages/airflow/example_dags/example_sla_dag.py
[2026-06-13T17:30:05.085+0000] {processor.py:914} INFO - Processing file /home/airflow/.local/lib/python3.12/site-packages/airflow/example_dags/example_sla_dag.py for tasks to queue
[2026-06-13T17:30:05.089+0000] {logging_mixin.py:190} INFO - [2026-06-13T17:30:05.088+0000] {dagbag.py:588} INFO - Filling up the DagBag from /home/airflow/.local/lib/python3.12/site-packages/airflow/example_dags/example_sla_dag.py
[2026-06-13T17:30:05.098+0000] {processor.py:925} INFO - DAG(s) 'example_sla_dag' retrieved from /home/airflow/.local/lib/python3.12/site-packages/airflow/example_dags/example_sla_dag.py
[2026-06-13T17:30:05.117+0000] {logging_mixin.py:190} INFO - [2026-06-13T17:30:05.117+0000] {dag.py:3239} INFO - Sync 1 DAGs
[2026-06-13T17:30:05.140+0000] {logging_mixin.py:190} INFO - [2026-06-13T17:30:05.139+0000] {dag.py:4180} INFO - Setting next_dagrun for example_sla_dag to 2026-06-13 17:28:00+00:00, run_after=2026-06-13 17:30:00+00:00
[2026-06-13T17:30:05.156+0000] {processor.py:208} INFO - Processing /home/airflow/.local/lib/python3.12/site-packages/airflow/example_dags/example_sla_dag.py took 0.078 seconds
[2026-06-13T17:30:35.455+0000] {processor.py:186} INFO - Started process (PID=4858) to work on /home/airflow/.local/lib/python3.12/site-packages/airflow/example_dags/example_sla_dag.py
[2026-06-13T17:30:35.456+0000] {processor.py:914} INFO - Processing file /home/airflow/.local/lib/python3.12/site-packages/airflow/example_dags/example_sla_dag.py for tasks to queue
[2026-06-13T17:30:35.458+0000] {logging_mixin.py:190} INFO - [2026-06-13T17:30:35.458+0000] {dagbag.py:588} INFO - Filling up the DagBag from /home/airflow/.local/lib/python3.12/site-packages/airflow/example_dags/example_sla_dag.py
[2026-06-13T17:30:35.467+0000] {processor.py:925} INFO - DAG(s) 'example_sla_dag' retrieved from /home/airflow/.local/lib/python3.12/site-packages/airflow/example_dags/example_sla_dag.py
[2026-06-13T17:30:35.484+0000] {logging_mixin.py:190} INFO - [2026-06-13T17:30:35.484+0000] {dag.py:3239} INFO - Sync 1 DAGs
[2026-06-13T17:30:35.502+0000] {logging_mixin.py:190} INFO - [2026-06-13T17:30:35.502+0000] {dag.py:4180} INFO - Setting next_dagrun for example_sla_dag to 2026-06-13 17:28:00+00:00, run_after=2026-06-13 17:30:00+00:00
[2026-06-13T17:30:35.519+0000] {processor.py:208} INFO - Processing /home/airflow/.local/lib/python3.12/site-packages/airflow/example_dags/example_sla_dag.py took 0.069 seconds
[2026-06-13T17:31:05.886+0000] {processor.py:186} INFO - Started process (PID=4921) to work on /home/airflow/.local/lib/python3.12/site-packages/airflow/example_dags/example_sla_dag.py
[2026-06-13T17:31:05.888+0000] {processor.py:914} INFO - Processing file /home/airflow/.local/lib/python3.12/site-packages/airflow/example_dags/example_sla_dag.py for tasks to queue
[2026-06-13T17:31:05.890+0000] {logging_mixin.py:190} INFO - [2026-06-13T17:31:05.890+0000] {dagbag.py:588} INFO - Filling up the DagBag from /home/airflow/.local/lib/python3.12/site-packages/airflow/example_dags/example_sla_dag.py
[2026-06-13T17:31:05.900+0000] {processor.py:925} INFO - DAG(s) 'example_sla_dag' retrieved from /home/airflow/.local/lib/python3.12/site-packages/airflow/example_dags/example_sla_dag.py
[2026-06-13T17:31:05.919+0000] {logging_mixin.py:190} INFO - [2026-06-13T17:31:05.918+0000] {dag.py:3239} INFO - Sync 1 DAGs
[2026-06-13T17:31:05.941+0000] {logging_mixin.py:190} INFO - [2026-06-13T17:31:05.940+0000] {dag.py:4180} INFO - Setting next_dagrun for example_sla_dag to 2026-06-13 17:28:00+00:00, run_after=2026-06-13 17:30:00+00:00
[2026-06-13T17:31:05.958+0000] {processor.py:208} INFO - Processing /home/airflow/.local/lib/python3.12/site-packages/airflow/example_dags/example_sla_dag.py took 0.077 seconds
[2026-06-13T17:31:36.376+0000] {processor.py:186} INFO - Started process (PID=4983) to work on /home/airflow/.local/lib/python3.12/site-packages/airflow/example_dags/example_sla_dag.py
[2026-06-13T17:31:36.377+0000] {processor.py:914} INFO - Processing file /home/airflow/.local/lib/python3.12/site-packages/airflow/example_dags/example_sla_dag.py for tasks to queue
[2026-06-13T17:31:36.379+0000] {logging_mixin.py:190} INFO - [2026-06-13T17:31:36.379+0000] {dagbag.py:588} INFO - Filling up the DagBag from /home/airflow/.local/lib/python3.12/site-packages/airflow/example_dags/example_sla_dag.py
[2026-06-13T17:31:36.389+0000] {processor.py:925} INFO - DAG(s) 'example_sla_dag' retrieved from /home/airflow/.local/lib/python3.12/site-packages/airflow/example_dags/example_sla_dag.py
[2026-06-13T17:31:36.409+0000] {logging_mixin.py:190} INFO - [2026-06-13T17:31:36.408+0000] {dag.py:3239} INFO - Sync 1 DAGs
[2026-06-13T17:31:36.428+0000] {logging_mixin.py:190} INFO - [2026-06-13T17:31:36.427+0000] {dag.py:4180} INFO - Setting next_dagrun for example_sla_dag to 2026-06-13 17:28:00+00:00, run_after=2026-06-13 17:30:00+00:00
[2026-06-13T17:31:36.445+0000] {processor.py:208} INFO - Processing /home/airflow/.local/lib/python3.12/site-packages/airflow/example_dags/example_sla_dag.py took 0.076 seconds
[2026-06-13T17:32:06.718+0000] {processor.py:186} INFO - Started process (PID=5051) to work on /home/airflow/.local/lib/python3.12/site-packages/airflow/example_dags/example_sla_dag.py
[2026-06-13T17:32:06.719+0000] {processor.py:914} INFO - Processing file /home/airflow/.local/lib/python3.12/site-packages/airflow/example_dags/example_sla_dag.py for tasks to queue
[2026-06-13T17:32:06.721+0000] {logging_mixin.py:190} INFO - [2026-06-13T17:32:06.721+0000] {dagbag.py:588} INFO - Filling up the DagBag from /home/airflow/.local/lib/python3.12/site-packages/airflow/example_dags/example_sla_dag.py
[2026-06-13T17:32:06.730+0000] {processor.py:925} INFO - DAG(s) 'example_sla_dag' retrieved from /home/airflow/.local/lib/python3.12/site-packages/airflow/example_dags/example_sla_dag.py
[2026-06-13T17:32:06.747+0000] {logging_mixin.py:190} INFO - [2026-06-13T17:32:06.747+0000] {dag.py:3239} INFO - Sync 1 DAGs
[2026-06-13T17:32:06.767+0000] {logging_mixin.py:190} INFO - [2026-06-13T17:32:06.766+0000] {dag.py:4180} INFO - Setting next_dagrun for example_sla_dag to 2026-06-13 17:30:00+00:00, run_after=2026-06-13 17:32:00+00:00
[2026-06-13T17:32:06.784+0000] {processor.py:208} INFO - Processing /home/airflow/.local/lib/python3.12/site-packages/airflow/example_dags/example_sla_dag.py took 0.071 seconds
[2026-06-13T17:32:37.086+0000] {processor.py:186} INFO - Started process (PID=5113) to work on /home/airflow/.local/lib/python3.12/site-packages/airflow/example_dags/example_sla_dag.py
[2026-06-13T17:32:37.087+0000] {processor.py:914} INFO - Processing file /home/airflow/.local/lib/python3.12/site-packages/airflow/example_dags/example_sla_dag.py for tasks to queue
[2026-06-13T17:32:37.090+0000] {logging_mixin.py:190} INFO - [2026-06-13T17:32:37.089+0000] {dagbag.py:588} INFO - Filling up the DagBag from /home/airflow/.local/lib/python3.12/site-packages/airflow/example_dags/example_sla_dag.py
[2026-06-13T17:32:37.099+0000] {processor.py:925} INFO - DAG(s) 'example_sla_dag' retrieved from /home/airflow/.local/lib/python3.12/site-packages/airflow/example_dags/example_sla_dag.py
[2026-06-13T17:32:37.122+0000] {logging_mixin.py:190} INFO - [2026-06-13T17:32:37.122+0000] {dag.py:3239} INFO - Sync 1 DAGs
[2026-06-13T17:32:37.144+0000] {logging_mixin.py:190} INFO - [2026-06-13T17:32:37.144+0000] {dag.py:4180} INFO - Setting next_dagrun for example_sla_dag to 2026-06-13 17:30:00+00:00, run_after=2026-06-13 17:32:00+00:00
[2026-06-13T17:32:37.161+0000] {processor.py:208} INFO - Processing /home/airflow/.local/lib/python3.12/site-packages/airflow/example_dags/example_sla_dag.py took 0.080 seconds
[2026-06-13T17:33:07.558+0000] {processor.py:186} INFO - Started process (PID=5175) to work on /home/airflow/.local/lib/python3.12/site-packages/airflow/example_dags/example_sla_dag.py
[2026-06-13T17:33:07.559+0000] {processor.py:914} INFO - Processing file /home/airflow/.local/lib/python3.12/site-packages/airflow/example_dags/example_sla_dag.py for tasks to queue
[2026-06-13T17:33:07.562+0000] {logging_mixin.py:190} INFO - [2026-06-13T17:33:07.561+0000] {dagbag.py:588} INFO - Filling up the DagBag from /home/airflow/.local/lib/python3.12/site-packages/airflow/example_dags/example_sla_dag.py
[2026-06-13T17:33:07.570+0000] {processor.py:925} INFO - DAG(s) 'example_sla_dag' retrieved from /home/airflow/.local/lib/python3.12/site-packages/airflow/example_dags/example_sla_dag.py
[2026-06-13T17:33:07.585+0000] {logging_mixin.py:190} INFO - [2026-06-13T17:33:07.585+0000] {dag.py:3239} INFO - Sync 1 DAGs
[2026-06-13T17:33:07.605+0000] {logging_mixin.py:190} INFO - [2026-06-13T17:33:07.605+0000] {dag.py:4180} INFO - Setting next_dagrun for example_sla_dag to 2026-06-13 17:30:00+00:00, run_after=2026-06-13 17:32:00+00:00
[2026-06-13T17:33:07.622+0000] {processor.py:208} INFO - Processing /home/airflow/.local/lib/python3.12/site-packages/airflow/example_dags/example_sla_dag.py took 0.069 seconds
[2026-06-13T17:33:38.012+0000] {processor.py:186} INFO - Started process (PID=5237) to work on /home/airflow/.local/lib/python3.12/site-packages/airflow/example_dags/example_sla_dag.py
[2026-06-13T17:33:38.013+0000] {processor.py:914} INFO - Processing file /home/airflow/.local/lib/python3.12/site-packages/airflow/example_dags/example_sla_dag.py for tasks to queue
[2026-06-13T17:33:38.016+0000] {logging_mixin.py:190} INFO - [2026-06-13T17:33:38.015+0000] {dagbag.py:588} INFO - Filling up the DagBag from /home/airflow/.local/lib/python3.12/site-packages/airflow/example_dags/example_sla_dag.py
[2026-06-13T17:33:38.024+0000] {processor.py:925} INFO - DAG(s) 'example_sla_dag' retrieved from /home/airflow/.local/lib/python3.12/site-packages/airflow/example_dags/example_sla_dag.py
[2026-06-13T17:33:38.040+0000] {logging_mixin.py:190} INFO - [2026-06-13T17:33:38.040+0000] {dag.py:3239} INFO - Sync 1 DAGs
[2026-06-13T17:33:38.059+0000] {logging_mixin.py:190} INFO - [2026-06-13T17:33:38.059+0000] {dag.py:4180} INFO - Setting next_dagrun for example_sla_dag to 2026-06-13 17:30:00+00:00, run_after=2026-06-13 17:32:00+00:00
[2026-06-13T17:33:38.077+0000] {processor.py:208} INFO - Processing /home/airflow/.local/lib/python3.12/site-packages/airflow/example_dags/example_sla_dag.py took 0.070 seconds
[2026-06-13T17:34:08.187+0000] {processor.py:186} INFO - Started process (PID=5299) to work on /home/airflow/.local/lib/python3.12/site-packages/airflow/example_dags/example_sla_dag.py
[2026-06-13T17:34:08.188+0000] {processor.py:914} INFO - Processing file /home/airflow/.local/lib/python3.12/site-packages/airflow/example_dags/example_sla_dag.py for tasks to queue
[2026-06-13T17:34:08.190+0000] {logging_mixin.py:190} INFO - [2026-06-13T17:34:08.190+0000] {dagbag.py:588} INFO - Filling up the DagBag from /home/airflow/.local/lib/python3.12/site-packages/airflow/example_dags/example_sla_dag.py
[2026-06-13T17:34:08.198+0000] {processor.py:925} INFO - DAG(s) 'example_sla_dag' retrieved from /home/airflow/.local/lib/python3.12/site-packages/airflow/example_dags/example_sla_dag.py
[2026-06-13T17:34:08.215+0000] {logging_mixin.py:190} INFO - [2026-06-13T17:34:08.215+0000] {dag.py:3239} INFO - Sync 1 DAGs
[2026-06-13T17:34:08.233+0000] {logging_mixin.py:190} INFO - [2026-06-13T17:34:08.233+0000] {dag.py:4180} INFO - Setting next_dagrun for example_sla_dag to 2026-06-13 17:32:00+00:00, run_after=2026-06-13 17:34:00+00:00
[2026-06-13T17:34:08.250+0000] {processor.py:208} INFO - Processing /home/airflow/.local/lib/python3.12/site-packages/airflow/example_dags/example_sla_dag.py took 0.068 seconds
[2026-06-13T17:34:38.643+0000] {processor.py:186} INFO - Started process (PID=5361) to work on /home/airflow/.local/lib/python3.12/site-packages/airflow/example_dags/example_sla_dag.py
[2026-06-13T17:34:38.644+0000] {processor.py:914} INFO - Processing file /home/airflow/.local/lib/python3.12/site-packages/airflow/example_dags/example_sla_dag.py for tasks to queue
[2026-06-13T17:34:38.646+0000] {logging_mixin.py:190} INFO - [2026-06-13T17:34:38.646+0000] {dagbag.py:588} INFO - Filling up the DagBag from /home/airflow/.local/lib/python3.12/site-packages/airflow/example_dags/example_sla_dag.py
[2026-06-13T17:34:38.654+0000] {processor.py:925} INFO - DAG(s) 'example_sla_dag' retrieved from /home/airflow/.local/lib/python3.12/site-packages/airflow/example_dags/example_sla_dag.py
[2026-06-13T17:34:38.671+0000] {logging_mixin.py:190} INFO - [2026-06-13T17:34:38.670+0000] {dag.py:3239} INFO - Sync 1 DAGs
[2026-06-13T17:34:38.690+0000] {logging_mixin.py:190} INFO - [2026-06-13T17:34:38.690+0000] {dag.py:4180} INFO - Setting next_dagrun for example_sla_dag to 2026-06-13 17:32:00+00:00, run_after=2026-06-13 17:34:00+00:00
[2026-06-13T17:34:38.706+0000] {processor.py:208} INFO - Processing /home/airflow/.local/lib/python3.12/site-packages/airflow/example_dags/example_sla_dag.py took 0.068 seconds
[2026-06-13T17:35:08.967+0000] {processor.py:186} INFO - Started process (PID=5424) to work on /home/airflow/.local/lib/python3.12/site-packages/airflow/example_dags/example_sla_dag.py
[2026-06-13T17:35:08.969+0000] {processor.py:914} INFO - Processing file /home/airflow/.local/lib/python3.12/site-packages/airflow/example_dags/example_sla_dag.py for tasks to queue
[2026-06-13T17:35:08.972+0000] {logging_mixin.py:190} INFO - [2026-06-13T17:35:08.972+0000] {dagbag.py:588} INFO - Filling up the DagBag from /home/airflow/.local/lib/python3.12/site-packages/airflow/example_dags/example_sla_dag.py
[2026-06-13T17:35:08.985+0000] {processor.py:925} INFO - DAG(s) 'example_sla_dag' retrieved from /home/airflow/.local/lib/python3.12/site-packages/airflow/example_dags/example_sla_dag.py
[2026-06-13T17:35:09.008+0000] {logging_mixin.py:190} INFO - [2026-06-13T17:35:09.008+0000] {dag.py:3239} INFO - Sync 1 DAGs
[2026-06-13T17:35:09.031+0000] {logging_mixin.py:190} INFO - [2026-06-13T17:35:09.031+0000] {dag.py:4180} INFO - Setting next_dagrun for example_sla_dag to 2026-06-13 17:32:00+00:00, run_after=2026-06-13 17:34:00+00:00
[2026-06-13T17:35:09.051+0000] {processor.py:208} INFO - Processing /home/airflow/.local/lib/python3.12/site-packages/airflow/example_dags/example_sla_dag.py took 0.091 seconds
[2026-06-13T17:35:39.210+0000] {processor.py:186} INFO - Started process (PID=5485) to work on /home/airflow/.local/lib/python3.12/site-packages/airflow/example_dags/example_sla_dag.py
[2026-06-13T17:35:39.211+0000] {processor.py:914} INFO - Processing file /home/airflow/.local/lib/python3.12/site-packages/airflow/example_dags/example_sla_dag.py for tasks to queue
[2026-06-13T17:35:39.213+0000] {logging_mixin.py:190} INFO - [2026-06-13T17:35:39.213+0000] {dagbag.py:588} INFO - Filling up the DagBag from /home/airflow/.local/lib/python3.12/site-packages/airflow/example_dags/example_sla_dag.py
[2026-06-13T17:35:39.221+0000] {processor.py:925} INFO - DAG(s) 'example_sla_dag' retrieved from /home/airflow/.local/lib/python3.12/site-packages/airflow/example_dags/example_sla_dag.py
[2026-06-13T17:35:39.238+0000] {logging_mixin.py:190} INFO - [2026-06-13T17:35:39.238+0000] {dag.py:3239} INFO - Sync 1 DAGs
[2026-06-13T17:35:39.258+0000] {logging_mixin.py:190} INFO - [2026-06-13T17:35:39.257+0000] {dag.py:4180} INFO - Setting next_dagrun for example_sla_dag to 2026-06-13 17:32:00+00:00, run_after=2026-06-13 17:34:00+00:00
[2026-06-13T17:35:39.273+0000] {processor.py:208} INFO - Processing /home/airflow/.local/lib/python3.12/site-packages/airflow/example_dags/example_sla_dag.py took 0.068 seconds
[2026-06-13T17:36:09.475+0000] {processor.py:186} INFO - Started process (PID=5547) to work on /home/airflow/.local/lib/python3.12/site-packages/airflow/example_dags/example_sla_dag.py
[2026-06-13T17:36:09.476+0000] {processor.py:914} INFO - Processing file /home/airflow/.local/lib/python3.12/site-packages/airflow/example_dags/example_sla_dag.py for tasks to queue
[2026-06-13T17:36:09.479+0000] {logging_mixin.py:190} INFO - [2026-06-13T17:36:09.478+0000] {dagbag.py:588} INFO - Filling up the DagBag from /home/airflow/.local/lib/python3.12/site-packages/airflow/example_dags/example_sla_dag.py
[2026-06-13T17:36:09.488+0000] {processor.py:925} INFO - DAG(s) 'example_sla_dag' retrieved from /home/airflow/.local/lib/python3.12/site-packages/airflow/example_dags/example_sla_dag.py
[2026-06-13T17:36:09.504+0000] {logging_mixin.py:190} INFO - [2026-06-13T17:36:09.503+0000] {dag.py:3239} INFO - Sync 1 DAGs
[2026-06-13T17:36:09.521+0000] {logging_mixin.py:190} INFO - [2026-06-13T17:36:09.521+0000] {dag.py:4180} INFO - Setting next_dagrun for example_sla_dag to 2026-06-13 17:34:00+00:00, run_after=2026-06-13 17:36:00+00:00
[2026-06-13T17:36:09.537+0000] {processor.py:208} INFO - Processing /home/airflow/.local/lib/python3.12/site-packages/airflow/example_dags/example_sla_dag.py took 0.067 seconds
[2026-06-13T17:36:39.672+0000] {processor.py:186} INFO - Started process (PID=5609) to work on /home/airflow/.local/lib/python3.12/site-packages/airflow/example_dags/example_sla_dag.py
[2026-06-13T17:36:39.673+0000] {processor.py:914} INFO - Processing file /home/airflow/.local/lib/python3.12/site-packages/airflow/example_dags/example_sla_dag.py for tasks to queue
[2026-06-13T17:36:39.675+0000] {logging_mixin.py:190} INFO - [2026-06-13T17:36:39.675+0000] {dagbag.py:588} INFO - Filling up the DagBag from /home/airflow/.local/lib/python3.12/site-packages/airflow/example_dags/example_sla_dag.py
[2026-06-13T17:36:39.684+0000] {processor.py:925} INFO - DAG(s) 'example_sla_dag' retrieved from /home/airflow/.local/lib/python3.12/site-packages/airflow/example_dags/example_sla_dag.py
[2026-06-13T17:36:39.701+0000] {logging_mixin.py:190} INFO - [2026-06-13T17:36:39.701+0000] {dag.py:3239} INFO - Sync 1 DAGs
[2026-06-13T17:36:39.720+0000] {logging_mixin.py:190} INFO - [2026-06-13T17:36:39.720+0000] {dag.py:4180} INFO - Setting next_dagrun for example_sla_dag to 2026-06-13 17:34:00+00:00, run_after=2026-06-13 17:36:00+00:00
[2026-06-13T17:36:39.747+0000] {processor.py:208} INFO - Processing /home/airflow/.local/lib/python3.12/site-packages/airflow/example_dags/example_sla_dag.py took 0.080 seconds
[2026-06-13T17:37:10.261+0000] {processor.py:186} INFO - Started process (PID=5670) to work on /home/airflow/.local/lib/python3.12/site-packages/airflow/example_dags/example_sla_dag.py
[2026-06-13T17:37:10.263+0000] {processor.py:914} INFO - Processing file /home/airflow/.local/lib/python3.12/site-packages/airflow/example_dags/example_sla_dag.py for tasks to queue
[2026-06-13T17:37:10.265+0000] {logging_mixin.py:190} INFO - [2026-06-13T17:37:10.265+0000] {dagbag.py:588} INFO - Filling up the DagBag from /home/airflow/.local/lib/python3.12/site-packages/airflow/example_dags/example_sla_dag.py
[2026-06-13T17:37:10.274+0000] {processor.py:925} INFO - DAG(s) 'example_sla_dag' retrieved from /home/airflow/.local/lib/python3.12/site-packages/airflow/example_dags/example_sla_dag.py
[2026-06-13T17:37:10.291+0000] {logging_mixin.py:190} INFO - [2026-06-13T17:37:10.291+0000] {dag.py:3239} INFO - Sync 1 DAGs
[2026-06-13T17:37:10.309+0000] {logging_mixin.py:190} INFO - [2026-06-13T17:37:10.309+0000] {dag.py:4180} INFO - Setting next_dagrun for example_sla_dag to 2026-06-13 17:34:00+00:00, run_after=2026-06-13 17:36:00+00:00
[2026-06-13T17:37:10.328+0000] {processor.py:208} INFO - Processing /home/airflow/.local/lib/python3.12/site-packages/airflow/example_dags/example_sla_dag.py took 0.071 seconds
[2026-06-13T17:37:40.487+0000] {processor.py:186} INFO - Started process (PID=5732) to work on /home/airflow/.local/lib/python3.12/site-packages/airflow/example_dags/example_sla_dag.py
[2026-06-13T17:37:40.489+0000] {processor.py:914} INFO - Processing file /home/airflow/.local/lib/python3.12/site-packages/airflow/example_dags/example_sla_dag.py for tasks to queue
[2026-06-13T17:37:40.491+0000] {logging_mixin.py:190} INFO - [2026-06-13T17:37:40.491+0000] {dagbag.py:588} INFO - Filling up the DagBag from /home/airflow/.local/lib/python3.12/site-packages/airflow/example_dags/example_sla_dag.py
[2026-06-13T17:37:40.499+0000] {processor.py:925} INFO - DAG(s) 'example_sla_dag' retrieved from /home/airflow/.local/lib/python3.12/site-packages/airflow/example_dags/example_sla_dag.py
[2026-06-13T17:37:40.515+0000] {logging_mixin.py:190} INFO - [2026-06-13T17:37:40.515+0000] {dag.py:3239} INFO - Sync 1 DAGs
[2026-06-13T17:37:40.535+0000] {logging_mixin.py:190} INFO - [2026-06-13T17:37:40.535+0000] {dag.py:4180} INFO - Setting next_dagrun for example_sla_dag to 2026-06-13 17:34:00+00:00, run_after=2026-06-13 17:36:00+00:00
[2026-06-13T17:37:40.550+0000] {processor.py:208} INFO - Processing /home/airflow/.local/lib/python3.12/site-packages/airflow/example_dags/example_sla_dag.py took 0.067 seconds
[2026-06-13T17:38:10.880+0000] {processor.py:186} INFO - Started process (PID=5794) to work on /home/airflow/.local/lib/python3.12/site-packages/airflow/example_dags/example_sla_dag.py
[2026-06-13T17:38:10.881+0000] {processor.py:914} INFO - Processing file /home/airflow/.local/lib/python3.12/site-packages/airflow/example_dags/example_sla_dag.py for tasks to queue
[2026-06-13T17:38:10.884+0000] {logging_mixin.py:190} INFO - [2026-06-13T17:38:10.884+0000] {dagbag.py:588} INFO - Filling up the DagBag from /home/airflow/.local/lib/python3.12/site-packages/airflow/example_dags/example_sla_dag.py
[2026-06-13T17:38:10.893+0000] {processor.py:925} INFO - DAG(s) 'example_sla_dag' retrieved from /home/airflow/.local/lib/python3.12/site-packages/airflow/example_dags/example_sla_dag.py
[2026-06-13T17:38:10.909+0000] {logging_mixin.py:190} INFO - [2026-06-13T17:38:10.909+0000] {dag.py:3239} INFO - Sync 1 DAGs
[2026-06-13T17:38:10.929+0000] {logging_mixin.py:190} INFO - [2026-06-13T17:38:10.929+0000] {dag.py:4180} INFO - Setting next_dagrun for example_sla_dag to 2026-06-13 17:36:00+00:00, run_after=2026-06-13 17:38:00+00:00
[2026-06-13T17:38:10.945+0000] {processor.py:208} INFO - Processing /home/airflow/.local/lib/python3.12/site-packages/airflow/example_dags/example_sla_dag.py took 0.070 seconds
[2026-06-13T17:38:41.237+0000] {processor.py:186} INFO - Started process (PID=5856) to work on /home/airflow/.local/lib/python3.12/site-packages/airflow/example_dags/example_sla_dag.py
[2026-06-13T17:38:41.238+0000] {processor.py:914} INFO - Processing file /home/airflow/.local/lib/python3.12/site-packages/airflow/example_dags/example_sla_dag.py for tasks to queue
[2026-06-13T17:38:41.241+0000] {logging_mixin.py:190} INFO - [2026-06-13T17:38:41.240+0000] {dagbag.py:588} INFO - Filling up the DagBag from /home/airflow/.local/lib/python3.12/site-packages/airflow/example_dags/example_sla_dag.py
[2026-06-13T17:38:41.249+0000] {processor.py:925} INFO - DAG(s) 'example_sla_dag' retrieved from /home/airflow/.local/lib/python3.12/site-packages/airflow/example_dags/example_sla_dag.py
[2026-06-13T17:38:41.268+0000] {logging_mixin.py:190} INFO - [2026-06-13T17:38:41.267+0000] {dag.py:3239} INFO - Sync 1 DAGs
[2026-06-13T17:38:41.287+0000] {logging_mixin.py:190} INFO - [2026-06-13T17:38:41.286+0000] {dag.py:4180} INFO - Setting next_dagrun for example_sla_dag to 2026-06-13 17:36:00+00:00, run_after=2026-06-13 17:38:00+00:00
[2026-06-13T17:38:41.302+0000] {processor.py:208} INFO - Processing /home/airflow/.local/lib/python3.12/site-packages/airflow/example_dags/example_sla_dag.py took 0.069 seconds
[2026-06-13T17:39:11.591+0000] {processor.py:186} INFO - Started process (PID=5918) to work on /home/airflow/.local/lib/python3.12/site-packages/airflow/example_dags/example_sla_dag.py
[2026-06-13T17:39:11.593+0000] {processor.py:914} INFO - Processing file /home/airflow/.local/lib/python3.12/site-packages/airflow/example_dags/example_sla_dag.py for tasks to queue
[2026-06-13T17:39:11.597+0000] {logging_mixin.py:190} INFO - [2026-06-13T17:39:11.596+0000] {dagbag.py:588} INFO - Filling up the DagBag from /home/airflow/.local/lib/python3.12/site-packages/airflow/example_dags/example_sla_dag.py
[2026-06-13T17:39:11.610+0000] {processor.py:925} INFO - DAG(s) 'example_sla_dag' retrieved from /home/airflow/.local/lib/python3.12/site-packages/airflow/example_dags/example_sla_dag.py
[2026-06-13T17:39:11.632+0000] {logging_mixin.py:190} INFO - [2026-06-13T17:39:11.632+0000] {dag.py:3239} INFO - Sync 1 DAGs
[2026-06-13T17:39:11.669+0000] {logging_mixin.py:190} INFO - [2026-06-13T17:39:11.669+0000] {dag.py:4180} INFO - Setting next_dagrun for example_sla_dag to 2026-06-13 17:36:00+00:00, run_after=2026-06-13 17:38:00+00:00
[2026-06-13T17:39:11.696+0000] {processor.py:208} INFO - Processing /home/airflow/.local/lib/python3.12/site-packages/airflow/example_dags/example_sla_dag.py took 0.115 seconds
[2026-06-13T17:39:41.987+0000] {processor.py:186} INFO - Started process (PID=5980) to work on /home/airflow/.local/lib/python3.12/site-packages/airflow/example_dags/example_sla_dag.py
[2026-06-13T17:39:41.988+0000] {processor.py:914} INFO - Processing file /home/airflow/.local/lib/python3.12/site-packages/airflow/example_dags/example_sla_dag.py for tasks to queue
[2026-06-13T17:39:41.991+0000] {logging_mixin.py:190} INFO - [2026-06-13T17:39:41.990+0000] {dagbag.py:588} INFO - Filling up the DagBag from /home/airflow/.local/lib/python3.12/site-packages/airflow/example_dags/example_sla_dag.py
[2026-06-13T17:39:41.998+0000] {processor.py:925} INFO - DAG(s) 'example_sla_dag' retrieved from /home/airflow/.local/lib/python3.12/site-packages/airflow/example_dags/example_sla_dag.py
[2026-06-13T17:39:42.014+0000] {logging_mixin.py:190} INFO - [2026-06-13T17:39:42.013+0000] {dag.py:3239} INFO - Sync 1 DAGs
[2026-06-13T17:39:42.030+0000] {logging_mixin.py:190} INFO - [2026-06-13T17:39:42.030+0000] {dag.py:4180} INFO - Setting next_dagrun for example_sla_dag to 2026-06-13 17:36:00+00:00, run_after=2026-06-13 17:38:00+00:00
[2026-06-13T17:39:42.047+0000] {processor.py:208} INFO - Processing /home/airflow/.local/lib/python3.12/site-packages/airflow/example_dags/example_sla_dag.py took 0.065 seconds
[2026-06-13T17:40:12.151+0000] {processor.py:186} INFO - Started process (PID=6042) to work on /home/airflow/.local/lib/python3.12/site-packages/airflow/example_dags/example_sla_dag.py
[2026-06-13T17:40:12.153+0000] {processor.py:914} INFO - Processing file /home/airflow/.local/lib/python3.12/site-packages/airflow/example_dags/example_sla_dag.py for tasks to queue
[2026-06-13T17:40:12.155+0000] {logging_mixin.py:190} INFO - [2026-06-13T17:40:12.155+0000] {dagbag.py:588} INFO - Filling up the DagBag from /home/airflow/.local/lib/python3.12/site-packages/airflow/example_dags/example_sla_dag.py
[2026-06-13T17:40:12.163+0000] {processor.py:925} INFO - DAG(s) 'example_sla_dag' retrieved from /home/airflow/.local/lib/python3.12/site-packages/airflow/example_dags/example_sla_dag.py
[2026-06-13T17:40:12.178+0000] {logging_mixin.py:190} INFO - [2026-06-13T17:40:12.178+0000] {dag.py:3239} INFO - Sync 1 DAGs
[2026-06-13T17:40:12.195+0000] {logging_mixin.py:190} INFO - [2026-06-13T17:40:12.194+0000] {dag.py:4180} INFO - Setting next_dagrun for example_sla_dag to 2026-06-13 17:38:00+00:00, run_after=2026-06-13 17:40:00+00:00
[2026-06-13T17:40:12.209+0000] {processor.py:208} INFO - Processing /home/airflow/.local/lib/python3.12/site-packages/airflow/example_dags/example_sla_dag.py took 0.062 seconds
[2026-06-13T17:40:42.536+0000] {processor.py:186} INFO - Started process (PID=6104) to work on /home/airflow/.local/lib/python3.12/site-packages/airflow/example_dags/example_sla_dag.py
[2026-06-13T17:40:42.537+0000] {processor.py:914} INFO - Processing file /home/airflow/.local/lib/python3.12/site-packages/airflow/example_dags/example_sla_dag.py for tasks to queue
[2026-06-13T17:40:42.540+0000] {logging_mixin.py:190} INFO - [2026-06-13T17:40:42.539+0000] {dagbag.py:588} INFO - Filling up the DagBag from /home/airflow/.local/lib/python3.12/site-packages/airflow/example_dags/example_sla_dag.py
[2026-06-13T17:40:42.548+0000] {processor.py:925} INFO - DAG(s) 'example_sla_dag' retrieved from /home/airflow/.local/lib/python3.12/site-packages/airflow/example_dags/example_sla_dag.py
[2026-06-13T17:40:42.564+0000] {logging_mixin.py:190} INFO - [2026-06-13T17:40:42.564+0000] {dag.py:3239} INFO - Sync 1 DAGs
[2026-06-13T17:40:42.583+0000] {logging_mixin.py:190} INFO - [2026-06-13T17:40:42.583+0000] {dag.py:4180} INFO - Setting next_dagrun for example_sla_dag to 2026-06-13 17:38:00+00:00, run_after=2026-06-13 17:40:00+00:00
[2026-06-13T17:40:42.599+0000] {processor.py:208} INFO - Processing /home/airflow/.local/lib/python3.12/site-packages/airflow/example_dags/example_sla_dag.py took 0.068 seconds
[2026-06-13T17:41:12.887+0000] {processor.py:186} INFO - Started process (PID=6166) to work on /home/airflow/.local/lib/python3.12/site-packages/airflow/example_dags/example_sla_dag.py
[2026-06-13T17:41:12.888+0000] {processor.py:914} INFO - Processing file /home/airflow/.local/lib/python3.12/site-packages/airflow/example_dags/example_sla_dag.py for tasks to queue
[2026-06-13T17:41:12.891+0000] {logging_mixin.py:190} INFO - [2026-06-13T17:41:12.891+0000] {dagbag.py:588} INFO - Filling up the DagBag from /home/airflow/.local/lib/python3.12/site-packages/airflow/example_dags/example_sla_dag.py
[2026-06-13T17:41:12.899+0000] {processor.py:925} INFO - DAG(s) 'example_sla_dag' retrieved from /home/airflow/.local/lib/python3.12/site-packages/airflow/example_dags/example_sla_dag.py
[2026-06-13T17:41:12.915+0000] {logging_mixin.py:190} INFO - [2026-06-13T17:41:12.914+0000] {dag.py:3239} INFO - Sync 1 DAGs
[2026-06-13T17:41:12.932+0000] {logging_mixin.py:190} INFO - [2026-06-13T17:41:12.932+0000] {dag.py:4180} INFO - Setting next_dagrun for example_sla_dag to 2026-06-13 17:38:00+00:00, run_after=2026-06-13 17:40:00+00:00
[2026-06-13T17:41:12.948+0000] {processor.py:208} INFO - Processing /home/airflow/.local/lib/python3.12/site-packages/airflow/example_dags/example_sla_dag.py took 0.066 seconds
[2026-06-13T17:41:43.152+0000] {processor.py:186} INFO - Started process (PID=6228) to work on /home/airflow/.local/lib/python3.12/site-packages/airflow/example_dags/example_sla_dag.py
[2026-06-13T17:41:43.153+0000] {processor.py:914} INFO - Processing file /home/airflow/.local/lib/python3.12/site-packages/airflow/example_dags/example_sla_dag.py for tasks to queue
[2026-06-13T17:41:43.156+0000] {logging_mixin.py:190} INFO - [2026-06-13T17:41:43.155+0000] {dagbag.py:588} INFO - Filling up the DagBag from /home/airflow/.local/lib/python3.12/site-packages/airflow/example_dags/example_sla_dag.py
[2026-06-13T17:41:43.164+0000] {processor.py:925} INFO - DAG(s) 'example_sla_dag' retrieved from /home/airflow/.local/lib/python3.12/site-packages/airflow/example_dags/example_sla_dag.py
[2026-06-13T17:41:43.181+0000] {logging_mixin.py:190} INFO - [2026-06-13T17:41:43.180+0000] {dag.py:3239} INFO - Sync 1 DAGs
[2026-06-13T17:41:43.199+0000] {logging_mixin.py:190} INFO - [2026-06-13T17:41:43.198+0000] {dag.py:4180} INFO - Setting next_dagrun for example_sla_dag to 2026-06-13 17:38:00+00:00, run_after=2026-06-13 17:40:00+00:00
[2026-06-13T17:41:43.215+0000] {processor.py:208} INFO - Processing /home/airflow/.local/lib/python3.12/site-packages/airflow/example_dags/example_sla_dag.py took 0.068 seconds
[2026-06-13T17:42:13.410+0000] {processor.py:186} INFO - Started process (PID=6290) to work on /home/airflow/.local/lib/python3.12/site-packages/airflow/example_dags/example_sla_dag.py
[2026-06-13T17:42:13.411+0000] {processor.py:914} INFO - Processing file /home/airflow/.local/lib/python3.12/site-packages/airflow/example_dags/example_sla_dag.py for tasks to queue
[2026-06-13T17:42:13.413+0000] {logging_mixin.py:190} INFO - [2026-06-13T17:42:13.413+0000] {dagbag.py:588} INFO - Filling up the DagBag from /home/airflow/.local/lib/python3.12/site-packages/airflow/example_dags/example_sla_dag.py
[2026-06-13T17:42:13.421+0000] {processor.py:925} INFO - DAG(s) 'example_sla_dag' retrieved from /home/airflow/.local/lib/python3.12/site-packages/airflow/example_dags/example_sla_dag.py
[2026-06-13T17:42:13.436+0000] {logging_mixin.py:190} INFO - [2026-06-13T17:42:13.436+0000] {dag.py:3239} INFO - Sync 1 DAGs
[2026-06-13T17:42:13.453+0000] {logging_mixin.py:190} INFO - [2026-06-13T17:42:13.453+0000] {dag.py:4180} INFO - Setting next_dagrun for example_sla_dag to 2026-06-13 17:40:00+00:00, run_after=2026-06-13 17:42:00+00:00
[2026-06-13T17:42:13.470+0000] {processor.py:208} INFO - Processing /home/airflow/.local/lib/python3.12/site-packages/airflow/example_dags/example_sla_dag.py took 0.064 seconds
[2026-06-13T17:42:43.731+0000] {processor.py:186} INFO - Started process (PID=6352) to work on /home/airflow/.local/lib/python3.12/site-packages/airflow/example_dags/example_sla_dag.py
[2026-06-13T17:42:43.733+0000] {processor.py:914} INFO - Processing file /home/airflow/.local/lib/python3.12/site-packages/airflow/example_dags/example_sla_dag.py for tasks to queue
[2026-06-13T17:42:43.735+0000] {logging_mixin.py:190} INFO - [2026-06-13T17:42:43.734+0000] {dagbag.py:588} INFO - Filling up the DagBag from /home/airflow/.local/lib/python3.12/site-packages/airflow/example_dags/example_sla_dag.py
[2026-06-13T17:42:43.743+0000] {processor.py:925} INFO - DAG(s) 'example_sla_dag' retrieved from /home/airflow/.local/lib/python3.12/site-packages/airflow/example_dags/example_sla_dag.py
[2026-06-13T17:42:43.760+0000] {logging_mixin.py:190} INFO - [2026-06-13T17:42:43.760+0000] {dag.py:3239} INFO - Sync 1 DAGs
[2026-06-13T17:42:43.780+0000] {logging_mixin.py:190} INFO - [2026-06-13T17:42:43.780+0000] {dag.py:4180} INFO - Setting next_dagrun for example_sla_dag to 2026-06-13 17:40:00+00:00, run_after=2026-06-13 17:42:00+00:00
[2026-06-13T17:42:43.797+0000] {processor.py:208} INFO - Processing /home/airflow/.local/lib/python3.12/site-packages/airflow/example_dags/example_sla_dag.py took 0.070 seconds
[2026-06-13T17:43:14.075+0000] {processor.py:186} INFO - Started process (PID=6414) to work on /home/airflow/.local/lib/python3.12/site-packages/airflow/example_dags/example_sla_dag.py
[2026-06-13T17:43:14.076+0000] {processor.py:914} INFO - Processing file /home/airflow/.local/lib/python3.12/site-packages/airflow/example_dags/example_sla_dag.py for tasks to queue
[2026-06-13T17:43:14.079+0000] {logging_mixin.py:190} INFO - [2026-06-13T17:43:14.078+0000] {dagbag.py:588} INFO - Filling up the DagBag from /home/airflow/.local/lib/python3.12/site-packages/airflow/example_dags/example_sla_dag.py
[2026-06-13T17:43:14.087+0000] {processor.py:925} INFO - DAG(s) 'example_sla_dag' retrieved from /home/airflow/.local/lib/python3.12/site-packages/airflow/example_dags/example_sla_dag.py
[2026-06-13T17:43:14.104+0000] {logging_mixin.py:190} INFO - [2026-06-13T17:43:14.104+0000] {dag.py:3239} INFO - Sync 1 DAGs
[2026-06-13T17:43:14.143+0000] {logging_mixin.py:190} INFO - [2026-06-13T17:43:14.143+0000] {dag.py:4180} INFO - Setting next_dagrun for example_sla_dag to 2026-06-13 17:40:00+00:00, run_after=2026-06-13 17:42:00+00:00
[2026-06-13T17:43:14.178+0000] {processor.py:208} INFO - Processing /home/airflow/.local/lib/python3.12/site-packages/airflow/example_dags/example_sla_dag.py took 0.107 seconds
[2026-06-13T17:43:44.448+0000] {processor.py:186} INFO - Started process (PID=6476) to work on /home/airflow/.local/lib/python3.12/site-packages/airflow/example_dags/example_sla_dag.py
[2026-06-13T17:43:44.449+0000] {processor.py:914} INFO - Processing file /home/airflow/.local/lib/python3.12/site-packages/airflow/example_dags/example_sla_dag.py for tasks to queue
[2026-06-13T17:43:44.452+0000] {logging_mixin.py:190} INFO - [2026-06-13T17:43:44.452+0000] {dagbag.py:588} INFO - Filling up the DagBag from /home/airflow/.local/lib/python3.12/site-packages/airflow/example_dags/example_sla_dag.py
[2026-06-13T17:43:44.460+0000] {processor.py:925} INFO - DAG(s) 'example_sla_dag' retrieved from /home/airflow/.local/lib/python3.12/site-packages/airflow/example_dags/example_sla_dag.py
[2026-06-13T17:43:44.477+0000] {logging_mixin.py:190} INFO - [2026-06-13T17:43:44.477+0000] {dag.py:3239} INFO - Sync 1 DAGs
[2026-06-13T17:43:44.496+0000] {logging_mixin.py:190} INFO - [2026-06-13T17:43:44.496+0000] {dag.py:4180} INFO - Setting next_dagrun for example_sla_dag to 2026-06-13 17:40:00+00:00, run_after=2026-06-13 17:42:00+00:00
[2026-06-13T17:43:44.511+0000] {processor.py:208} INFO - Processing /home/airflow/.local/lib/python3.12/site-packages/airflow/example_dags/example_sla_dag.py took 0.068 seconds
[2026-06-13T17:44:14.680+0000] {processor.py:186} INFO - Started process (PID=6538) to work on /home/airflow/.local/lib/python3.12/site-packages/airflow/example_dags/example_sla_dag.py
[2026-06-13T17:44:14.681+0000] {processor.py:914} INFO - Processing file /home/airflow/.local/lib/python3.12/site-packages/airflow/example_dags/example_sla_dag.py for tasks to queue
[2026-06-13T17:44:14.684+0000] {logging_mixin.py:190} INFO - [2026-06-13T17:44:14.684+0000] {dagbag.py:588} INFO - Filling up the DagBag from /home/airflow/.local/lib/python3.12/site-packages/airflow/example_dags/example_sla_dag.py
[2026-06-13T17:44:14.692+0000] {processor.py:925} INFO - DAG(s) 'example_sla_dag' retrieved from /home/airflow/.local/lib/python3.12/site-packages/airflow/example_dags/example_sla_dag.py
[2026-06-13T17:44:14.709+0000] {logging_mixin.py:190} INFO - [2026-06-13T17:44:14.708+0000] {dag.py:3239} INFO - Sync 1 DAGs
[2026-06-13T17:44:14.728+0000] {logging_mixin.py:190} INFO - [2026-06-13T17:44:14.727+0000] {dag.py:4180} INFO - Setting next_dagrun for example_sla_dag to 2026-06-13 17:42:00+00:00, run_after=2026-06-13 17:44:00+00:00
[2026-06-13T17:44:14.743+0000] {processor.py:208} INFO - Processing /home/airflow/.local/lib/python3.12/site-packages/airflow/example_dags/example_sla_dag.py took 0.069 seconds
[2026-06-13T17:44:44.931+0000] {processor.py:186} INFO - Started process (PID=6600) to work on /home/airflow/.local/lib/python3.12/site-packages/airflow/example_dags/example_sla_dag.py
[2026-06-13T17:44:44.932+0000] {processor.py:914} INFO - Processing file /home/airflow/.local/lib/python3.12/site-packages/airflow/example_dags/example_sla_dag.py for tasks to queue
[2026-06-13T17:44:44.935+0000] {logging_mixin.py:190} INFO - [2026-06-13T17:44:44.934+0000] {dagbag.py:588} INFO - Filling up the DagBag from /home/airflow/.local/lib/python3.12/site-packages/airflow/example_dags/example_sla_dag.py
[2026-06-13T17:44:44.942+0000] {processor.py:925} INFO - DAG(s) 'example_sla_dag' retrieved from /home/airflow/.local/lib/python3.12/site-packages/airflow/example_dags/example_sla_dag.py
[2026-06-13T17:44:44.959+0000] {logging_mixin.py:190} INFO - [2026-06-13T17:44:44.959+0000] {dag.py:3239} INFO - Sync 1 DAGs
[2026-06-13T17:44:44.976+0000] {logging_mixin.py:190} INFO - [2026-06-13T17:44:44.976+0000] {dag.py:4180} INFO - Setting next_dagrun for example_sla_dag to 2026-06-13 17:42:00+00:00, run_after=2026-06-13 17:44:00+00:00
[2026-06-13T17:44:44.993+0000] {processor.py:208} INFO - Processing /home/airflow/.local/lib/python3.12/site-packages/airflow/example_dags/example_sla_dag.py took 0.068 seconds
[2026-06-13T17:45:15.431+0000] {processor.py:186} INFO - Started process (PID=6662) to work on /home/airflow/.local/lib/python3.12/site-packages/airflow/example_dags/example_sla_dag.py
[2026-06-13T17:45:15.433+0000] {processor.py:914} INFO - Processing file /home/airflow/.local/lib/python3.12/site-packages/airflow/example_dags/example_sla_dag.py for tasks to queue
[2026-06-13T17:45:15.435+0000] {logging_mixin.py:190} INFO - [2026-06-13T17:45:15.434+0000] {dagbag.py:588} INFO - Filling up the DagBag from /home/airflow/.local/lib/python3.12/site-packages/airflow/example_dags/example_sla_dag.py
[2026-06-13T17:45:15.442+0000] {processor.py:925} INFO - DAG(s) 'example_sla_dag' retrieved from /home/airflow/.local/lib/python3.12/site-packages/airflow/example_dags/example_sla_dag.py
[2026-06-13T17:45:15.459+0000] {logging_mixin.py:190} INFO - [2026-06-13T17:45:15.459+0000] {dag.py:3239} INFO - Sync 1 DAGs
[2026-06-13T17:45:15.478+0000] {logging_mixin.py:190} INFO - [2026-06-13T17:45:15.477+0000] {dag.py:4180} INFO - Setting next_dagrun for example_sla_dag to 2026-06-13 17:42:00+00:00, run_after=2026-06-13 17:44:00+00:00
[2026-06-13T17:45:15.493+0000] {processor.py:208} INFO - Processing /home/airflow/.local/lib/python3.12/site-packages/airflow/example_dags/example_sla_dag.py took 0.066 seconds
[2026-06-13T17:45:46.012+0000] {processor.py:186} INFO - Started process (PID=6724) to work on /home/airflow/.local/lib/python3.12/site-packages/airflow/example_dags/example_sla_dag.py
[2026-06-13T17:45:46.014+0000] {processor.py:914} INFO - Processing file /home/airflow/.local/lib/python3.12/site-packages/airflow/example_dags/example_sla_dag.py for tasks to queue
[2026-06-13T17:45:46.016+0000] {logging_mixin.py:190} INFO - [2026-06-13T17:45:46.016+0000] {dagbag.py:588} INFO - Filling up the DagBag from /home/airflow/.local/lib/python3.12/site-packages/airflow/example_dags/example_sla_dag.py
[2026-06-13T17:45:46.024+0000] {processor.py:925} INFO - DAG(s) 'example_sla_dag' retrieved from /home/airflow/.local/lib/python3.12/site-packages/airflow/example_dags/example_sla_dag.py
[2026-06-13T17:45:46.042+0000] {logging_mixin.py:190} INFO - [2026-06-13T17:45:46.042+0000] {dag.py:3239} INFO - Sync 1 DAGs
[2026-06-13T17:45:46.060+0000] {logging_mixin.py:190} INFO - [2026-06-13T17:45:46.059+0000] {dag.py:4180} INFO - Setting next_dagrun for example_sla_dag to 2026-06-13 17:42:00+00:00, run_after=2026-06-13 17:44:00+00:00
[2026-06-13T17:45:46.075+0000] {processor.py:208} INFO - Processing /home/airflow/.local/lib/python3.12/site-packages/airflow/example_dags/example_sla_dag.py took 0.067 seconds
[2026-06-13T17:46:16.535+0000] {processor.py:186} INFO - Started process (PID=6786) to work on /home/airflow/.local/lib/python3.12/site-packages/airflow/example_dags/example_sla_dag.py
[2026-06-13T17:46:16.536+0000] {processor.py:914} INFO - Processing file /home/airflow/.local/lib/python3.12/site-packages/airflow/example_dags/example_sla_dag.py for tasks to queue
[2026-06-13T17:46:16.538+0000] {logging_mixin.py:190} INFO - [2026-06-13T17:46:16.538+0000] {dagbag.py:588} INFO - Filling up the DagBag from /home/airflow/.local/lib/python3.12/site-packages/airflow/example_dags/example_sla_dag.py
[2026-06-13T17:46:16.547+0000] {processor.py:925} INFO - DAG(s) 'example_sla_dag' retrieved from /home/airflow/.local/lib/python3.12/site-packages/airflow/example_dags/example_sla_dag.py
[2026-06-13T17:46:16.568+0000] {logging_mixin.py:190} INFO - [2026-06-13T17:46:16.568+0000] {dag.py:3239} INFO - Sync 1 DAGs
[2026-06-13T17:46:16.604+0000] {logging_mixin.py:190} INFO - [2026-06-13T17:46:16.604+0000] {dag.py:4180} INFO - Setting next_dagrun for example_sla_dag to 2026-06-13 17:44:00+00:00, run_after=2026-06-13 17:46:00+00:00
[2026-06-13T17:46:16.633+0000] {processor.py:208} INFO - Processing /home/airflow/.local/lib/python3.12/site-packages/airflow/example_dags/example_sla_dag.py took 0.103 seconds
[2026-06-13T17:46:47.172+0000] {processor.py:186} INFO - Started process (PID=6848) to work on /home/airflow/.local/lib/python3.12/site-packages/airflow/example_dags/example_sla_dag.py
[2026-06-13T17:46:47.173+0000] {processor.py:914} INFO - Processing file /home/airflow/.local/lib/python3.12/site-packages/airflow/example_dags/example_sla_dag.py for tasks to queue
[2026-06-13T17:46:47.175+0000] {logging_mixin.py:190} INFO - [2026-06-13T17:46:47.175+0000] {dagbag.py:588} INFO - Filling up the DagBag from /home/airflow/.local/lib/python3.12/site-packages/airflow/example_dags/example_sla_dag.py
[2026-06-13T17:46:47.184+0000] {processor.py:925} INFO - DAG(s) 'example_sla_dag' retrieved from /home/airflow/.local/lib/python3.12/site-packages/airflow/example_dags/example_sla_dag.py
[2026-06-13T17:46:47.200+0000] {logging_mixin.py:190} INFO - [2026-06-13T17:46:47.200+0000] {dag.py:3239} INFO - Sync 1 DAGs
[2026-06-13T17:46:47.218+0000] {logging_mixin.py:190} INFO - [2026-06-13T17:46:47.218+0000] {dag.py:4180} INFO - Setting next_dagrun for example_sla_dag to 2026-06-13 17:44:00+00:00, run_after=2026-06-13 17:46:00+00:00
[2026-06-13T17:46:47.234+0000] {processor.py:208} INFO - Processing /home/airflow/.local/lib/python3.12/site-packages/airflow/example_dags/example_sla_dag.py took 0.067 seconds
[2026-06-13T17:47:17.406+0000] {processor.py:186} INFO - Started process (PID=6910) to work on /home/airflow/.local/lib/python3.12/site-packages/airflow/example_dags/example_sla_dag.py
[2026-06-13T17:47:17.408+0000] {processor.py:914} INFO - Processing file /home/airflow/.local/lib/python3.12/site-packages/airflow/example_dags/example_sla_dag.py for tasks to queue
[2026-06-13T17:47:17.411+0000] {logging_mixin.py:190} INFO - [2026-06-13T17:47:17.410+0000] {dagbag.py:588} INFO - Filling up the DagBag from /home/airflow/.local/lib/python3.12/site-packages/airflow/example_dags/example_sla_dag.py
[2026-06-13T17:47:17.421+0000] {processor.py:925} INFO - DAG(s) 'example_sla_dag' retrieved from /home/airflow/.local/lib/python3.12/site-packages/airflow/example_dags/example_sla_dag.py
[2026-06-13T17:47:17.441+0000] {logging_mixin.py:190} INFO - [2026-06-13T17:47:17.441+0000] {dag.py:3239} INFO - Sync 1 DAGs
[2026-06-13T17:47:17.463+0000] {logging_mixin.py:190} INFO - [2026-06-13T17:47:17.462+0000] {dag.py:4180} INFO - Setting next_dagrun for example_sla_dag to 2026-06-13 17:44:00+00:00, run_after=2026-06-13 17:46:00+00:00
[2026-06-13T17:47:17.497+0000] {processor.py:208} INFO - Processing /home/airflow/.local/lib/python3.12/site-packages/airflow/example_dags/example_sla_dag.py took 0.096 seconds
[2026-06-13T17:47:47.934+0000] {processor.py:186} INFO - Started process (PID=6972) to work on /home/airflow/.local/lib/python3.12/site-packages/airflow/example_dags/example_sla_dag.py
[2026-06-13T17:47:47.935+0000] {processor.py:914} INFO - Processing file /home/airflow/.local/lib/python3.12/site-packages/airflow/example_dags/example_sla_dag.py for tasks to queue
[2026-06-13T17:47:47.938+0000] {logging_mixin.py:190} INFO - [2026-06-13T17:47:47.937+0000] {dagbag.py:588} INFO - Filling up the DagBag from /home/airflow/.local/lib/python3.12/site-packages/airflow/example_dags/example_sla_dag.py
[2026-06-13T17:47:47.946+0000] {processor.py:925} INFO - DAG(s) 'example_sla_dag' retrieved from /home/airflow/.local/lib/python3.12/site-packages/airflow/example_dags/example_sla_dag.py
[2026-06-13T17:47:47.965+0000] {logging_mixin.py:190} INFO - [2026-06-13T17:47:47.965+0000] {dag.py:3239} INFO - Sync 1 DAGs
[2026-06-13T17:47:47.986+0000] {logging_mixin.py:190} INFO - [2026-06-13T17:47:47.986+0000] {dag.py:4180} INFO - Setting next_dagrun for example_sla_dag to 2026-06-13 17:44:00+00:00, run_after=2026-06-13 17:46:00+00:00
[2026-06-13T17:47:48.006+0000] {processor.py:208} INFO - Processing /home/airflow/.local/lib/python3.12/site-packages/airflow/example_dags/example_sla_dag.py took 0.078 seconds
[2026-06-13T17:48:18.410+0000] {processor.py:186} INFO - Started process (PID=7034) to work on /home/airflow/.local/lib/python3.12/site-packages/airflow/example_dags/example_sla_dag.py
[2026-06-13T17:48:18.412+0000] {processor.py:914} INFO - Processing file /home/airflow/.local/lib/python3.12/site-packages/airflow/example_dags/example_sla_dag.py for tasks to queue
[2026-06-13T17:48:18.414+0000] {logging_mixin.py:190} INFO - [2026-06-13T17:48:18.414+0000] {dagbag.py:588} INFO - Filling up the DagBag from /home/airflow/.local/lib/python3.12/site-packages/airflow/example_dags/example_sla_dag.py
[2026-06-13T17:48:18.423+0000] {processor.py:925} INFO - DAG(s) 'example_sla_dag' retrieved from /home/airflow/.local/lib/python3.12/site-packages/airflow/example_dags/example_sla_dag.py
[2026-06-13T17:48:18.440+0000] {logging_mixin.py:190} INFO - [2026-06-13T17:48:18.439+0000] {dag.py:3239} INFO - Sync 1 DAGs
[2026-06-13T17:48:18.458+0000] {logging_mixin.py:190} INFO - [2026-06-13T17:48:18.458+0000] {dag.py:4180} INFO - Setting next_dagrun for example_sla_dag to 2026-06-13 17:46:00+00:00, run_after=2026-06-13 17:48:00+00:00
[2026-06-13T17:48:18.474+0000] {processor.py:208} INFO - Processing /home/airflow/.local/lib/python3.12/site-packages/airflow/example_dags/example_sla_dag.py took 0.070 seconds
[2026-06-13T17:48:49.093+0000] {processor.py:186} INFO - Started process (PID=7096) to work on /home/airflow/.local/lib/python3.12/site-packages/airflow/example_dags/example_sla_dag.py
[2026-06-13T17:48:49.094+0000] {processor.py:914} INFO - Processing file /home/airflow/.local/lib/python3.12/site-packages/airflow/example_dags/example_sla_dag.py for tasks to queue
[2026-06-13T17:48:49.098+0000] {logging_mixin.py:190} INFO - [2026-06-13T17:48:49.097+0000] {dagbag.py:588} INFO - Filling up the DagBag from /home/airflow/.local/lib/python3.12/site-packages/airflow/example_dags/example_sla_dag.py
[2026-06-13T17:48:49.110+0000] {processor.py:925} INFO - DAG(s) 'example_sla_dag' retrieved from /home/airflow/.local/lib/python3.12/site-packages/airflow/example_dags/example_sla_dag.py
[2026-06-13T17:48:49.129+0000] {logging_mixin.py:190} INFO - [2026-06-13T17:48:49.129+0000] {dag.py:3239} INFO - Sync 1 DAGs
[2026-06-13T17:48:49.150+0000] {logging_mixin.py:190} INFO - [2026-06-13T17:48:49.150+0000] {dag.py:4180} INFO - Setting next_dagrun for example_sla_dag to 2026-06-13 17:46:00+00:00, run_after=2026-06-13 17:48:00+00:00
[2026-06-13T17:48:49.175+0000] {processor.py:208} INFO - Processing /home/airflow/.local/lib/python3.12/site-packages/airflow/example_dags/example_sla_dag.py took 0.089 seconds
[2026-06-13T17:49:19.387+0000] {processor.py:186} INFO - Started process (PID=7158) to work on /home/airflow/.local/lib/python3.12/site-packages/airflow/example_dags/example_sla_dag.py
[2026-06-13T17:49:19.388+0000] {processor.py:914} INFO - Processing file /home/airflow/.local/lib/python3.12/site-packages/airflow/example_dags/example_sla_dag.py for tasks to queue
[2026-06-13T17:49:19.392+0000] {logging_mixin.py:190} INFO - [2026-06-13T17:49:19.391+0000] {dagbag.py:588} INFO - Filling up the DagBag from /home/airflow/.local/lib/python3.12/site-packages/airflow/example_dags/example_sla_dag.py
[2026-06-13T17:49:19.408+0000] {processor.py:925} INFO - DAG(s) 'example_sla_dag' retrieved from /home/airflow/.local/lib/python3.12/site-packages/airflow/example_dags/example_sla_dag.py
[2026-06-13T17:49:19.436+0000] {logging_mixin.py:190} INFO - [2026-06-13T17:49:19.435+0000] {dag.py:3239} INFO - Sync 1 DAGs
[2026-06-13T17:49:19.488+0000] {logging_mixin.py:190} INFO - [2026-06-13T17:49:19.487+0000] {dag.py:4180} INFO - Setting next_dagrun for example_sla_dag to 2026-06-13 17:46:00+00:00, run_after=2026-06-13 17:48:00+00:00
[2026-06-13T17:49:19.527+0000] {processor.py:208} INFO - Processing /home/airflow/.local/lib/python3.12/site-packages/airflow/example_dags/example_sla_dag.py took 0.149 seconds
[2026-06-13T17:49:50.113+0000] {processor.py:186} INFO - Started process (PID=7220) to work on /home/airflow/.local/lib/python3.12/site-packages/airflow/example_dags/example_sla_dag.py
[2026-06-13T17:49:50.115+0000] {processor.py:914} INFO - Processing file /home/airflow/.local/lib/python3.12/site-packages/airflow/example_dags/example_sla_dag.py for tasks to queue
[2026-06-13T17:49:50.122+0000] {logging_mixin.py:190} INFO - [2026-06-13T17:49:50.121+0000] {dagbag.py:588} INFO - Filling up the DagBag from /home/airflow/.local/lib/python3.12/site-packages/airflow/example_dags/example_sla_dag.py
[2026-06-13T17:49:50.143+0000] {processor.py:925} INFO - DAG(s) 'example_sla_dag' retrieved from /home/airflow/.local/lib/python3.12/site-packages/airflow/example_dags/example_sla_dag.py
[2026-06-13T17:49:50.193+0000] {logging_mixin.py:190} INFO - [2026-06-13T17:49:50.192+0000] {dag.py:3239} INFO - Sync 1 DAGs
[2026-06-13T17:49:50.280+0000] {logging_mixin.py:190} INFO - [2026-06-13T17:49:50.276+0000] {dag.py:4180} INFO - Setting next_dagrun for example_sla_dag to 2026-06-13 17:46:00+00:00, run_after=2026-06-13 17:48:00+00:00
[2026-06-13T17:49:50.392+0000] {processor.py:208} INFO - Processing /home/airflow/.local/lib/python3.12/site-packages/airflow/example_dags/example_sla_dag.py took 0.290 seconds
[2026-06-13T17:50:21.530+0000] {processor.py:186} INFO - Started process (PID=7283) to work on /home/airflow/.local/lib/python3.12/site-packages/airflow/example_dags/example_sla_dag.py
[2026-06-13T17:50:21.533+0000] {processor.py:914} INFO - Processing file /home/airflow/.local/lib/python3.12/site-packages/airflow/example_dags/example_sla_dag.py for tasks to queue
[2026-06-13T17:50:21.543+0000] {logging_mixin.py:190} INFO - [2026-06-13T17:50:21.541+0000] {dagbag.py:588} INFO - Filling up the DagBag from /home/airflow/.local/lib/python3.12/site-packages/airflow/example_dags/example_sla_dag.py
[2026-06-13T17:50:21.577+0000] {processor.py:925} INFO - DAG(s) 'example_sla_dag' retrieved from /home/airflow/.local/lib/python3.12/site-packages/airflow/example_dags/example_sla_dag.py
[2026-06-13T17:50:21.637+0000] {logging_mixin.py:190} INFO - [2026-06-13T17:50:21.636+0000] {dag.py:3239} INFO - Sync 1 DAGs
[2026-06-13T17:50:21.704+0000] {logging_mixin.py:190} INFO - [2026-06-13T17:50:21.704+0000] {dag.py:4180} INFO - Setting next_dagrun for example_sla_dag to 2026-06-13 17:48:00+00:00, run_after=2026-06-13 17:50:00+00:00
[2026-06-13T17:50:21.783+0000] {processor.py:208} INFO - Processing /home/airflow/.local/lib/python3.12/site-packages/airflow/example_dags/example_sla_dag.py took 0.269 seconds
[2026-06-13T17:50:52.311+0000] {processor.py:186} INFO - Started process (PID=7346) to work on /home/airflow/.local/lib/python3.12/site-packages/airflow/example_dags/example_sla_dag.py
[2026-06-13T17:50:52.314+0000] {processor.py:914} INFO - Processing file /home/airflow/.local/lib/python3.12/site-packages/airflow/example_dags/example_sla_dag.py for tasks to queue
[2026-06-13T17:50:52.323+0000] {logging_mixin.py:190} INFO - [2026-06-13T17:50:52.321+0000] {dagbag.py:588} INFO - Filling up the DagBag from /home/airflow/.local/lib/python3.12/site-packages/airflow/example_dags/example_sla_dag.py
[2026-06-13T17:50:52.352+0000] {processor.py:925} INFO - DAG(s) 'example_sla_dag' retrieved from /home/airflow/.local/lib/python3.12/site-packages/airflow/example_dags/example_sla_dag.py
[2026-06-13T17:50:52.431+0000] {logging_mixin.py:190} INFO - [2026-06-13T17:50:52.429+0000] {dag.py:3239} INFO - Sync 1 DAGs
[2026-06-13T17:50:52.509+0000] {logging_mixin.py:190} INFO - [2026-06-13T17:50:52.508+0000] {dag.py:4180} INFO - Setting next_dagrun for example_sla_dag to 2026-06-13 17:48:00+00:00, run_after=2026-06-13 17:50:00+00:00
[2026-06-13T17:50:52.570+0000] {processor.py:208} INFO - Processing /home/airflow/.local/lib/python3.12/site-packages/airflow/example_dags/example_sla_dag.py took 0.282 seconds
[2026-06-13T17:51:25.501+0000] {processor.py:186} INFO - Started process (PID=7408) to work on /home/airflow/.local/lib/python3.12/site-packages/airflow/example_dags/example_sla_dag.py
[2026-06-13T17:51:25.504+0000] {processor.py:914} INFO - Processing file /home/airflow/.local/lib/python3.12/site-packages/airflow/example_dags/example_sla_dag.py for tasks to queue
[2026-06-13T17:51:25.514+0000] {logging_mixin.py:190} INFO - [2026-06-13T17:51:25.513+0000] {dagbag.py:588} INFO - Filling up the DagBag from /home/airflow/.local/lib/python3.12/site-packages/airflow/example_dags/example_sla_dag.py
[2026-06-13T17:51:25.545+0000] {processor.py:925} INFO - DAG(s) 'example_sla_dag' retrieved from /home/airflow/.local/lib/python3.12/site-packages/airflow/example_dags/example_sla_dag.py
[2026-06-13T17:51:25.635+0000] {logging_mixin.py:190} INFO - [2026-06-13T17:51:25.633+0000] {dag.py:3239} INFO - Sync 1 DAGs
[2026-06-13T17:51:25.739+0000] {logging_mixin.py:190} INFO - [2026-06-13T17:51:25.738+0000] {dag.py:4180} INFO - Setting next_dagrun for example_sla_dag to 2026-06-13 17:48:00+00:00, run_after=2026-06-13 17:50:00+00:00
[2026-06-13T17:51:25.823+0000] {processor.py:208} INFO - Processing /home/airflow/.local/lib/python3.12/site-packages/airflow/example_dags/example_sla_dag.py took 0.339 seconds
[2026-06-13T17:51:55.954+0000] {processor.py:186} INFO - Started process (PID=7470) to work on /home/airflow/.local/lib/python3.12/site-packages/airflow/example_dags/example_sla_dag.py
[2026-06-13T17:51:55.957+0000] {processor.py:914} INFO - Processing file /home/airflow/.local/lib/python3.12/site-packages/airflow/example_dags/example_sla_dag.py for tasks to queue
[2026-06-13T17:51:55.966+0000] {logging_mixin.py:190} INFO - [2026-06-13T17:51:55.965+0000] {dagbag.py:588} INFO - Filling up the DagBag from /home/airflow/.local/lib/python3.12/site-packages/airflow/example_dags/example_sla_dag.py
[2026-06-13T17:51:55.997+0000] {processor.py:925} INFO - DAG(s) 'example_sla_dag' retrieved from /home/airflow/.local/lib/python3.12/site-packages/airflow/example_dags/example_sla_dag.py
[2026-06-13T17:51:56.065+0000] {logging_mixin.py:190} INFO - [2026-06-13T17:51:56.064+0000] {dag.py:3239} INFO - Sync 1 DAGs
[2026-06-13T17:51:56.156+0000] {logging_mixin.py:190} INFO - [2026-06-13T17:51:56.156+0000] {dag.py:4180} INFO - Setting next_dagrun for example_sla_dag to 2026-06-13 17:48:00+00:00, run_after=2026-06-13 17:50:00+00:00
[2026-06-13T17:51:56.235+0000] {processor.py:208} INFO - Processing /home/airflow/.local/lib/python3.12/site-packages/airflow/example_dags/example_sla_dag.py took 0.297 seconds
[2026-06-13T17:52:26.913+0000] {processor.py:186} INFO - Started process (PID=7532) to work on /home/airflow/.local/lib/python3.12/site-packages/airflow/example_dags/example_sla_dag.py
[2026-06-13T17:52:26.915+0000] {processor.py:914} INFO - Processing file /home/airflow/.local/lib/python3.12/site-packages/airflow/example_dags/example_sla_dag.py for tasks to queue
[2026-06-13T17:52:26.919+0000] {logging_mixin.py:190} INFO - [2026-06-13T17:52:26.919+0000] {dagbag.py:588} INFO - Filling up the DagBag from /home/airflow/.local/lib/python3.12/site-packages/airflow/example_dags/example_sla_dag.py
[2026-06-13T17:52:26.933+0000] {processor.py:925} INFO - DAG(s) 'example_sla_dag' retrieved from /home/airflow/.local/lib/python3.12/site-packages/airflow/example_dags/example_sla_dag.py
[2026-06-13T17:52:26.963+0000] {logging_mixin.py:190} INFO - [2026-06-13T17:52:26.962+0000] {dag.py:3239} INFO - Sync 1 DAGs
[2026-06-13T17:52:26.998+0000] {logging_mixin.py:190} INFO - [2026-06-13T17:52:26.998+0000] {dag.py:4180} INFO - Setting next_dagrun for example_sla_dag to 2026-06-13 17:50:00+00:00, run_after=2026-06-13 17:52:00+00:00
[2026-06-13T17:52:27.018+0000] {processor.py:208} INFO - Processing /home/airflow/.local/lib/python3.12/site-packages/airflow/example_dags/example_sla_dag.py took 0.113 seconds
[2026-06-13T17:52:57.246+0000] {processor.py:186} INFO - Started process (PID=7594) to work on /home/airflow/.local/lib/python3.12/site-packages/airflow/example_dags/example_sla_dag.py
[2026-06-13T17:52:57.247+0000] {processor.py:914} INFO - Processing file /home/airflow/.local/lib/python3.12/site-packages/airflow/example_dags/example_sla_dag.py for tasks to queue
[2026-06-13T17:52:57.250+0000] {logging_mixin.py:190} INFO - [2026-06-13T17:52:57.250+0000] {dagbag.py:588} INFO - Filling up the DagBag from /home/airflow/.local/lib/python3.12/site-packages/airflow/example_dags/example_sla_dag.py
[2026-06-13T17:52:57.260+0000] {processor.py:925} INFO - DAG(s) 'example_sla_dag' retrieved from /home/airflow/.local/lib/python3.12/site-packages/airflow/example_dags/example_sla_dag.py
[2026-06-13T17:52:57.280+0000] {logging_mixin.py:190} INFO - [2026-06-13T17:52:57.279+0000] {dag.py:3239} INFO - Sync 1 DAGs
[2026-06-13T17:52:57.302+0000] {logging_mixin.py:190} INFO - [2026-06-13T17:52:57.302+0000] {dag.py:4180} INFO - Setting next_dagrun for example_sla_dag to 2026-06-13 17:50:00+00:00, run_after=2026-06-13 17:52:00+00:00
[2026-06-13T17:52:57.322+0000] {processor.py:208} INFO - Processing /home/airflow/.local/lib/python3.12/site-packages/airflow/example_dags/example_sla_dag.py took 0.081 seconds
[2026-06-13T17:53:28.012+0000] {processor.py:186} INFO - Started process (PID=7656) to work on /home/airflow/.local/lib/python3.12/site-packages/airflow/example_dags/example_sla_dag.py
[2026-06-13T17:53:28.015+0000] {processor.py:914} INFO - Processing file /home/airflow/.local/lib/python3.12/site-packages/airflow/example_dags/example_sla_dag.py for tasks to queue
[2026-06-13T17:53:28.021+0000] {logging_mixin.py:190} INFO - [2026-06-13T17:53:28.020+0000] {dagbag.py:588} INFO - Filling up the DagBag from /home/airflow/.local/lib/python3.12/site-packages/airflow/example_dags/example_sla_dag.py
[2026-06-13T17:53:28.046+0000] {processor.py:925} INFO - DAG(s) 'example_sla_dag' retrieved from /home/airflow/.local/lib/python3.12/site-packages/airflow/example_dags/example_sla_dag.py
[2026-06-13T17:53:28.096+0000] {logging_mixin.py:190} INFO - [2026-06-13T17:53:28.095+0000] {dag.py:3239} INFO - Sync 1 DAGs
[2026-06-13T17:53:28.144+0000] {logging_mixin.py:190} INFO - [2026-06-13T17:53:28.144+0000] {dag.py:4180} INFO - Setting next_dagrun for example_sla_dag to 2026-06-13 17:50:00+00:00, run_after=2026-06-13 17:52:00+00:00
[2026-06-13T17:53:28.172+0000] {processor.py:208} INFO - Processing /home/airflow/.local/lib/python3.12/site-packages/airflow/example_dags/example_sla_dag.py took 0.176 seconds
[2026-06-13T17:53:58.500+0000] {processor.py:186} INFO - Started process (PID=7717) to work on /home/airflow/.local/lib/python3.12/site-packages/airflow/example_dags/example_sla_dag.py
[2026-06-13T17:53:58.502+0000] {processor.py:914} INFO - Processing file /home/airflow/.local/lib/python3.12/site-packages/airflow/example_dags/example_sla_dag.py for tasks to queue
[2026-06-13T17:53:58.506+0000] {logging_mixin.py:190} INFO - [2026-06-13T17:53:58.505+0000] {dagbag.py:588} INFO - Filling up the DagBag from /home/airflow/.local/lib/python3.12/site-packages/airflow/example_dags/example_sla_dag.py
[2026-06-13T17:53:58.521+0000] {processor.py:925} INFO - DAG(s) 'example_sla_dag' retrieved from /home/airflow/.local/lib/python3.12/site-packages/airflow/example_dags/example_sla_dag.py
[2026-06-13T17:53:58.557+0000] {logging_mixin.py:190} INFO - [2026-06-13T17:53:58.557+0000] {dag.py:3239} INFO - Sync 1 DAGs
[2026-06-13T17:53:58.598+0000] {logging_mixin.py:190} INFO - [2026-06-13T17:53:58.597+0000] {dag.py:4180} INFO - Setting next_dagrun for example_sla_dag to 2026-06-13 17:50:00+00:00, run_after=2026-06-13 17:52:00+00:00
[2026-06-13T17:53:58.634+0000] {processor.py:208} INFO - Processing /home/airflow/.local/lib/python3.12/site-packages/airflow/example_dags/example_sla_dag.py took 0.143 seconds
[2026-06-13T17:54:29.417+0000] {processor.py:186} INFO - Started process (PID=7779) to work on /home/airflow/.local/lib/python3.12/site-packages/airflow/example_dags/example_sla_dag.py
[2026-06-13T17:54:29.418+0000] {processor.py:914} INFO - Processing file /home/airflow/.local/lib/python3.12/site-packages/airflow/example_dags/example_sla_dag.py for tasks to queue
[2026-06-13T17:54:29.421+0000] {logging_mixin.py:190} INFO - [2026-06-13T17:54:29.420+0000] {dagbag.py:588} INFO - Filling up the DagBag from /home/airflow/.local/lib/python3.12/site-packages/airflow/example_dags/example_sla_dag.py
[2026-06-13T17:54:29.431+0000] {processor.py:925} INFO - DAG(s) 'example_sla_dag' retrieved from /home/airflow/.local/lib/python3.12/site-packages/airflow/example_dags/example_sla_dag.py
[2026-06-13T17:54:29.453+0000] {logging_mixin.py:190} INFO - [2026-06-13T17:54:29.452+0000] {dag.py:3239} INFO - Sync 1 DAGs
[2026-06-13T17:54:29.618+0000] {logging_mixin.py:190} INFO - [2026-06-13T17:54:29.618+0000] {dag.py:4180} INFO - Setting next_dagrun for example_sla_dag to 2026-06-13 17:52:00+00:00, run_after=2026-06-13 17:54:00+00:00
[2026-06-13T17:54:29.635+0000] {processor.py:208} INFO - Processing /home/airflow/.local/lib/python3.12/site-packages/airflow/example_dags/example_sla_dag.py took 0.224 seconds
[2026-06-13T17:54:59.938+0000] {processor.py:186} INFO - Started process (PID=7841) to work on /home/airflow/.local/lib/python3.12/site-packages/airflow/example_dags/example_sla_dag.py
[2026-06-13T17:54:59.939+0000] {processor.py:914} INFO - Processing file /home/airflow/.local/lib/python3.12/site-packages/airflow/example_dags/example_sla_dag.py for tasks to queue
[2026-06-13T17:54:59.942+0000] {logging_mixin.py:190} INFO - [2026-06-13T17:54:59.942+0000] {dagbag.py:588} INFO - Filling up the DagBag from /home/airflow/.local/lib/python3.12/site-packages/airflow/example_dags/example_sla_dag.py
[2026-06-13T17:54:59.952+0000] {processor.py:925} INFO - DAG(s) 'example_sla_dag' retrieved from /home/airflow/.local/lib/python3.12/site-packages/airflow/example_dags/example_sla_dag.py
[2026-06-13T17:54:59.971+0000] {logging_mixin.py:190} INFO - [2026-06-13T17:54:59.971+0000] {dag.py:3239} INFO - Sync 1 DAGs
[2026-06-13T17:54:59.994+0000] {logging_mixin.py:190} INFO - [2026-06-13T17:54:59.994+0000] {dag.py:4180} INFO - Setting next_dagrun for example_sla_dag to 2026-06-13 17:52:00+00:00, run_after=2026-06-13 17:54:00+00:00
[2026-06-13T17:55:00.188+0000] {processor.py:208} INFO - Processing /home/airflow/.local/lib/python3.12/site-packages/airflow/example_dags/example_sla_dag.py took 0.256 seconds
[2026-06-13T17:55:30.252+0000] {processor.py:186} INFO - Started process (PID=7904) to work on /home/airflow/.local/lib/python3.12/site-packages/airflow/example_dags/example_sla_dag.py
[2026-06-13T17:55:30.253+0000] {processor.py:914} INFO - Processing file /home/airflow/.local/lib/python3.12/site-packages/airflow/example_dags/example_sla_dag.py for tasks to queue
[2026-06-13T17:55:30.256+0000] {logging_mixin.py:190} INFO - [2026-06-13T17:55:30.255+0000] {dagbag.py:588} INFO - Filling up the DagBag from /home/airflow/.local/lib/python3.12/site-packages/airflow/example_dags/example_sla_dag.py
[2026-06-13T17:55:30.265+0000] {processor.py:925} INFO - DAG(s) 'example_sla_dag' retrieved from /home/airflow/.local/lib/python3.12/site-packages/airflow/example_dags/example_sla_dag.py
[2026-06-13T17:55:30.285+0000] {logging_mixin.py:190} INFO - [2026-06-13T17:55:30.284+0000] {dag.py:3239} INFO - Sync 1 DAGs
[2026-06-13T17:55:30.308+0000] {logging_mixin.py:190} INFO - [2026-06-13T17:55:30.308+0000] {dag.py:4180} INFO - Setting next_dagrun for example_sla_dag to 2026-06-13 17:52:00+00:00, run_after=2026-06-13 17:54:00+00:00
[2026-06-13T17:55:30.328+0000] {processor.py:208} INFO - Processing /home/airflow/.local/lib/python3.12/site-packages/airflow/example_dags/example_sla_dag.py took 0.083 seconds
[2026-06-13T17:56:01.139+0000] {processor.py:186} INFO - Started process (PID=7966) to work on /home/airflow/.local/lib/python3.12/site-packages/airflow/example_dags/example_sla_dag.py
[2026-06-13T17:56:01.140+0000] {processor.py:914} INFO - Processing file /home/airflow/.local/lib/python3.12/site-packages/airflow/example_dags/example_sla_dag.py for tasks to queue
[2026-06-13T17:56:01.143+0000] {logging_mixin.py:190} INFO - [2026-06-13T17:56:01.142+0000] {dagbag.py:588} INFO - Filling up the DagBag from /home/airflow/.local/lib/python3.12/site-packages/airflow/example_dags/example_sla_dag.py
[2026-06-13T17:56:01.151+0000] {processor.py:925} INFO - DAG(s) 'example_sla_dag' retrieved from /home/airflow/.local/lib/python3.12/site-packages/airflow/example_dags/example_sla_dag.py
[2026-06-13T17:56:01.169+0000] {logging_mixin.py:190} INFO - [2026-06-13T17:56:01.169+0000] {dag.py:3239} INFO - Sync 1 DAGs
[2026-06-13T17:56:01.188+0000] {logging_mixin.py:190} INFO - [2026-06-13T17:56:01.188+0000] {dag.py:4180} INFO - Setting next_dagrun for example_sla_dag to 2026-06-13 17:54:00+00:00, run_after=2026-06-13 17:56:00+00:00
[2026-06-13T17:56:01.226+0000] {processor.py:208} INFO - Processing /home/airflow/.local/lib/python3.12/site-packages/airflow/example_dags/example_sla_dag.py took 0.092 seconds
[2026-06-13T17:56:31.939+0000] {processor.py:186} INFO - Started process (PID=8028) to work on /home/airflow/.local/lib/python3.12/site-packages/airflow/example_dags/example_sla_dag.py
[2026-06-13T17:56:31.940+0000] {processor.py:914} INFO - Processing file /home/airflow/.local/lib/python3.12/site-packages/airflow/example_dags/example_sla_dag.py for tasks to queue
[2026-06-13T17:56:31.942+0000] {logging_mixin.py:190} INFO - [2026-06-13T17:56:31.942+0000] {dagbag.py:588} INFO - Filling up the DagBag from /home/airflow/.local/lib/python3.12/site-packages/airflow/example_dags/example_sla_dag.py
[2026-06-13T17:56:31.951+0000] {processor.py:925} INFO - DAG(s) 'example_sla_dag' retrieved from /home/airflow/.local/lib/python3.12/site-packages/airflow/example_dags/example_sla_dag.py
[2026-06-13T17:56:31.967+0000] {logging_mixin.py:190} INFO - [2026-06-13T17:56:31.967+0000] {dag.py:3239} INFO - Sync 1 DAGs
[2026-06-13T17:56:31.987+0000] {logging_mixin.py:190} INFO - [2026-06-13T17:56:31.987+0000] {dag.py:4180} INFO - Setting next_dagrun for example_sla_dag to 2026-06-13 17:54:00+00:00, run_after=2026-06-13 17:56:00+00:00
[2026-06-13T17:56:32.020+0000] {processor.py:208} INFO - Processing /home/airflow/.local/lib/python3.12/site-packages/airflow/example_dags/example_sla_dag.py took 0.086 seconds
[2026-06-13T17:57:02.395+0000] {processor.py:186} INFO - Started process (PID=8090) to work on /home/airflow/.local/lib/python3.12/site-packages/airflow/example_dags/example_sla_dag.py
[2026-06-13T17:57:02.397+0000] {processor.py:914} INFO - Processing file /home/airflow/.local/lib/python3.12/site-packages/airflow/example_dags/example_sla_dag.py for tasks to queue
[2026-06-13T17:57:02.399+0000] {logging_mixin.py:190} INFO - [2026-06-13T17:57:02.399+0000] {dagbag.py:588} INFO - Filling up the DagBag from /home/airflow/.local/lib/python3.12/site-packages/airflow/example_dags/example_sla_dag.py
[2026-06-13T17:57:02.407+0000] {processor.py:925} INFO - DAG(s) 'example_sla_dag' retrieved from /home/airflow/.local/lib/python3.12/site-packages/airflow/example_dags/example_sla_dag.py
[2026-06-13T17:57:02.425+0000] {logging_mixin.py:190} INFO - [2026-06-13T17:57:02.425+0000] {dag.py:3239} INFO - Sync 1 DAGs
[2026-06-13T17:57:02.447+0000] {logging_mixin.py:190} INFO - [2026-06-13T17:57:02.447+0000] {dag.py:4180} INFO - Setting next_dagrun for example_sla_dag to 2026-06-13 17:54:00+00:00, run_after=2026-06-13 17:56:00+00:00
[2026-06-13T17:57:02.477+0000] {processor.py:208} INFO - Processing /home/airflow/.local/lib/python3.12/site-packages/airflow/example_dags/example_sla_dag.py took 0.087 seconds
[2026-06-13T17:57:32.945+0000] {processor.py:186} INFO - Started process (PID=8152) to work on /home/airflow/.local/lib/python3.12/site-packages/airflow/example_dags/example_sla_dag.py
[2026-06-13T17:57:32.947+0000] {processor.py:914} INFO - Processing file /home/airflow/.local/lib/python3.12/site-packages/airflow/example_dags/example_sla_dag.py for tasks to queue
[2026-06-13T17:57:32.949+0000] {logging_mixin.py:190} INFO - [2026-06-13T17:57:32.948+0000] {dagbag.py:588} INFO - Filling up the DagBag from /home/airflow/.local/lib/python3.12/site-packages/airflow/example_dags/example_sla_dag.py
[2026-06-13T17:57:32.958+0000] {processor.py:925} INFO - DAG(s) 'example_sla_dag' retrieved from /home/airflow/.local/lib/python3.12/site-packages/airflow/example_dags/example_sla_dag.py
[2026-06-13T17:57:32.978+0000] {logging_mixin.py:190} INFO - [2026-06-13T17:57:32.978+0000] {dag.py:3239} INFO - Sync 1 DAGs
[2026-06-13T17:57:33.000+0000] {logging_mixin.py:190} INFO - [2026-06-13T17:57:33.000+0000] {dag.py:4180} INFO - Setting next_dagrun for example_sla_dag to 2026-06-13 17:54:00+00:00, run_after=2026-06-13 17:56:00+00:00
[2026-06-13T17:57:33.020+0000] {processor.py:208} INFO - Processing /home/airflow/.local/lib/python3.12/site-packages/airflow/example_dags/example_sla_dag.py took 0.079 seconds
[2026-06-13T17:58:03.929+0000] {processor.py:186} INFO - Started process (PID=8214) to work on /home/airflow/.local/lib/python3.12/site-packages/airflow/example_dags/example_sla_dag.py
[2026-06-13T17:58:03.930+0000] {processor.py:914} INFO - Processing file /home/airflow/.local/lib/python3.12/site-packages/airflow/example_dags/example_sla_dag.py for tasks to queue
[2026-06-13T17:58:03.934+0000] {logging_mixin.py:190} INFO - [2026-06-13T17:58:03.934+0000] {dagbag.py:588} INFO - Filling up the DagBag from /home/airflow/.local/lib/python3.12/site-packages/airflow/example_dags/example_sla_dag.py
[2026-06-13T17:58:03.949+0000] {processor.py:925} INFO - DAG(s) 'example_sla_dag' retrieved from /home/airflow/.local/lib/python3.12/site-packages/airflow/example_dags/example_sla_dag.py
[2026-06-13T17:58:03.975+0000] {logging_mixin.py:190} INFO - [2026-06-13T17:58:03.974+0000] {dag.py:3239} INFO - Sync 1 DAGs
[2026-06-13T17:58:04.001+0000] {logging_mixin.py:190} INFO - [2026-06-13T17:58:04.000+0000] {dag.py:4180} INFO - Setting next_dagrun for example_sla_dag to 2026-06-13 17:56:00+00:00, run_after=2026-06-13 17:58:00+00:00
[2026-06-13T17:58:04.019+0000] {processor.py:208} INFO - Processing /home/airflow/.local/lib/python3.12/site-packages/airflow/example_dags/example_sla_dag.py took 0.098 seconds
[2026-06-13T17:58:34.674+0000] {processor.py:186} INFO - Started process (PID=8276) to work on /home/airflow/.local/lib/python3.12/site-packages/airflow/example_dags/example_sla_dag.py
[2026-06-13T17:58:34.675+0000] {processor.py:914} INFO - Processing file /home/airflow/.local/lib/python3.12/site-packages/airflow/example_dags/example_sla_dag.py for tasks to queue
[2026-06-13T17:58:34.678+0000] {logging_mixin.py:190} INFO - [2026-06-13T17:58:34.678+0000] {dagbag.py:588} INFO - Filling up the DagBag from /home/airflow/.local/lib/python3.12/site-packages/airflow/example_dags/example_sla_dag.py
[2026-06-13T17:58:34.687+0000] {processor.py:925} INFO - DAG(s) 'example_sla_dag' retrieved from /home/airflow/.local/lib/python3.12/site-packages/airflow/example_dags/example_sla_dag.py
[2026-06-13T17:58:34.707+0000] {logging_mixin.py:190} INFO - [2026-06-13T17:58:34.706+0000] {dag.py:3239} INFO - Sync 1 DAGs
[2026-06-13T17:58:34.727+0000] {logging_mixin.py:190} INFO - [2026-06-13T17:58:34.727+0000] {dag.py:4180} INFO - Setting next_dagrun for example_sla_dag to 2026-06-13 17:56:00+00:00, run_after=2026-06-13 17:58:00+00:00
[2026-06-13T17:58:34.743+0000] {processor.py:208} INFO - Processing /home/airflow/.local/lib/python3.12/site-packages/airflow/example_dags/example_sla_dag.py took 0.074 seconds
[2026-06-13T17:59:05.334+0000] {processor.py:186} INFO - Started process (PID=8338) to work on /home/airflow/.local/lib/python3.12/site-packages/airflow/example_dags/example_sla_dag.py
[2026-06-13T17:59:05.336+0000] {processor.py:914} INFO - Processing file /home/airflow/.local/lib/python3.12/site-packages/airflow/example_dags/example_sla_dag.py for tasks to queue
[2026-06-13T17:59:05.338+0000] {logging_mixin.py:190} INFO - [2026-06-13T17:59:05.338+0000] {dagbag.py:588} INFO - Filling up the DagBag from /home/airflow/.local/lib/python3.12/site-packages/airflow/example_dags/example_sla_dag.py
[2026-06-13T17:59:05.350+0000] {processor.py:925} INFO - DAG(s) 'example_sla_dag' retrieved from /home/airflow/.local/lib/python3.12/site-packages/airflow/example_dags/example_sla_dag.py
[2026-06-13T17:59:05.370+0000] {logging_mixin.py:190} INFO - [2026-06-13T17:59:05.370+0000] {dag.py:3239} INFO - Sync 1 DAGs
[2026-06-13T17:59:05.399+0000] {logging_mixin.py:190} INFO - [2026-06-13T17:59:05.399+0000] {dag.py:4180} INFO - Setting next_dagrun for example_sla_dag to 2026-06-13 17:56:00+00:00, run_after=2026-06-13 17:58:00+00:00
[2026-06-13T17:59:05.421+0000] {processor.py:208} INFO - Processing /home/airflow/.local/lib/python3.12/site-packages/airflow/example_dags/example_sla_dag.py took 0.093 seconds
[2026-06-13T17:59:36.105+0000] {processor.py:186} INFO - Started process (PID=8400) to work on /home/airflow/.local/lib/python3.12/site-packages/airflow/example_dags/example_sla_dag.py
[2026-06-13T17:59:36.107+0000] {processor.py:914} INFO - Processing file /home/airflow/.local/lib/python3.12/site-packages/airflow/example_dags/example_sla_dag.py for tasks to queue
[2026-06-13T17:59:36.110+0000] {logging_mixin.py:190} INFO - [2026-06-13T17:59:36.110+0000] {dagbag.py:588} INFO - Filling up the DagBag from /home/airflow/.local/lib/python3.12/site-packages/airflow/example_dags/example_sla_dag.py
[2026-06-13T17:59:36.124+0000] {processor.py:925} INFO - DAG(s) 'example_sla_dag' retrieved from /home/airflow/.local/lib/python3.12/site-packages/airflow/example_dags/example_sla_dag.py
[2026-06-13T17:59:36.143+0000] {logging_mixin.py:190} INFO - [2026-06-13T17:59:36.143+0000] {dag.py:3239} INFO - Sync 1 DAGs
[2026-06-13T17:59:36.166+0000] {logging_mixin.py:190} INFO - [2026-06-13T17:59:36.166+0000] {dag.py:4180} INFO - Setting next_dagrun for example_sla_dag to 2026-06-13 17:56:00+00:00, run_after=2026-06-13 17:58:00+00:00
[2026-06-13T17:59:36.183+0000] {processor.py:208} INFO - Processing /home/airflow/.local/lib/python3.12/site-packages/airflow/example_dags/example_sla_dag.py took 0.084 seconds
[2026-06-13T18:00:06.335+0000] {processor.py:186} INFO - Started process (PID=8462) to work on /home/airflow/.local/lib/python3.12/site-packages/airflow/example_dags/example_sla_dag.py
[2026-06-13T18:00:06.336+0000] {processor.py:914} INFO - Processing file /home/airflow/.local/lib/python3.12/site-packages/airflow/example_dags/example_sla_dag.py for tasks to queue
[2026-06-13T18:00:06.338+0000] {logging_mixin.py:190} INFO - [2026-06-13T18:00:06.338+0000] {dagbag.py:588} INFO - Filling up the DagBag from /home/airflow/.local/lib/python3.12/site-packages/airflow/example_dags/example_sla_dag.py
[2026-06-13T18:00:06.348+0000] {processor.py:925} INFO - DAG(s) 'example_sla_dag' retrieved from /home/airflow/.local/lib/python3.12/site-packages/airflow/example_dags/example_sla_dag.py
[2026-06-13T18:00:06.367+0000] {logging_mixin.py:190} INFO - [2026-06-13T18:00:06.367+0000] {dag.py:3239} INFO - Sync 1 DAGs
[2026-06-13T18:00:06.389+0000] {logging_mixin.py:190} INFO - [2026-06-13T18:00:06.389+0000] {dag.py:4180} INFO - Setting next_dagrun for example_sla_dag to 2026-06-13 17:58:00+00:00, run_after=2026-06-13 18:00:00+00:00
[2026-06-13T18:00:06.408+0000] {processor.py:208} INFO - Processing /home/airflow/.local/lib/python3.12/site-packages/airflow/example_dags/example_sla_dag.py took 0.079 seconds
[2026-06-13T18:00:36.853+0000] {processor.py:186} INFO - Started process (PID=8525) to work on /home/airflow/.local/lib/python3.12/site-packages/airflow/example_dags/example_sla_dag.py
[2026-06-13T18:00:36.854+0000] {processor.py:914} INFO - Processing file /home/airflow/.local/lib/python3.12/site-packages/airflow/example_dags/example_sla_dag.py for tasks to queue
[2026-06-13T18:00:36.856+0000] {logging_mixin.py:190} INFO - [2026-06-13T18:00:36.856+0000] {dagbag.py:588} INFO - Filling up the DagBag from /home/airflow/.local/lib/python3.12/site-packages/airflow/example_dags/example_sla_dag.py
[2026-06-13T18:00:36.865+0000] {processor.py:925} INFO - DAG(s) 'example_sla_dag' retrieved from /home/airflow/.local/lib/python3.12/site-packages/airflow/example_dags/example_sla_dag.py
[2026-06-13T18:00:36.883+0000] {logging_mixin.py:190} INFO - [2026-06-13T18:00:36.882+0000] {dag.py:3239} INFO - Sync 1 DAGs
[2026-06-13T18:00:36.903+0000] {logging_mixin.py:190} INFO - [2026-06-13T18:00:36.902+0000] {dag.py:4180} INFO - Setting next_dagrun for example_sla_dag to 2026-06-13 17:58:00+00:00, run_after=2026-06-13 18:00:00+00:00
[2026-06-13T18:00:36.919+0000] {processor.py:208} INFO - Processing /home/airflow/.local/lib/python3.12/site-packages/airflow/example_dags/example_sla_dag.py took 0.071 seconds
[2026-06-13T18:01:07.272+0000] {processor.py:186} INFO - Started process (PID=8587) to work on /home/airflow/.local/lib/python3.12/site-packages/airflow/example_dags/example_sla_dag.py
[2026-06-13T18:01:07.273+0000] {processor.py:914} INFO - Processing file /home/airflow/.local/lib/python3.12/site-packages/airflow/example_dags/example_sla_dag.py for tasks to queue
[2026-06-13T18:01:07.277+0000] {logging_mixin.py:190} INFO - [2026-06-13T18:01:07.276+0000] {dagbag.py:588} INFO - Filling up the DagBag from /home/airflow/.local/lib/python3.12/site-packages/airflow/example_dags/example_sla_dag.py
[2026-06-13T18:01:07.287+0000] {processor.py:925} INFO - DAG(s) 'example_sla_dag' retrieved from /home/airflow/.local/lib/python3.12/site-packages/airflow/example_dags/example_sla_dag.py
[2026-06-13T18:01:07.305+0000] {logging_mixin.py:190} INFO - [2026-06-13T18:01:07.304+0000] {dag.py:3239} INFO - Sync 1 DAGs
[2026-06-13T18:01:07.325+0000] {logging_mixin.py:190} INFO - [2026-06-13T18:01:07.325+0000] {dag.py:4180} INFO - Setting next_dagrun for example_sla_dag to 2026-06-13 17:58:00+00:00, run_after=2026-06-13 18:00:00+00:00
[2026-06-13T18:01:07.342+0000] {processor.py:208} INFO - Processing /home/airflow/.local/lib/python3.12/site-packages/airflow/example_dags/example_sla_dag.py took 0.076 seconds
[2026-06-13T18:01:37.882+0000] {processor.py:186} INFO - Started process (PID=8649) to work on /home/airflow/.local/lib/python3.12/site-packages/airflow/example_dags/example_sla_dag.py
[2026-06-13T18:01:37.884+0000] {processor.py:914} INFO - Processing file /home/airflow/.local/lib/python3.12/site-packages/airflow/example_dags/example_sla_dag.py for tasks to queue
[2026-06-13T18:01:37.886+0000] {logging_mixin.py:190} INFO - [2026-06-13T18:01:37.886+0000] {dagbag.py:588} INFO - Filling up the DagBag from /home/airflow/.local/lib/python3.12/site-packages/airflow/example_dags/example_sla_dag.py
[2026-06-13T18:01:37.896+0000] {processor.py:925} INFO - DAG(s) 'example_sla_dag' retrieved from /home/airflow/.local/lib/python3.12/site-packages/airflow/example_dags/example_sla_dag.py
[2026-06-13T18:01:37.916+0000] {logging_mixin.py:190} INFO - [2026-06-13T18:01:37.916+0000] {dag.py:3239} INFO - Sync 1 DAGs
[2026-06-13T18:01:37.937+0000] {logging_mixin.py:190} INFO - [2026-06-13T18:01:37.937+0000] {dag.py:4180} INFO - Setting next_dagrun for example_sla_dag to 2026-06-13 17:58:00+00:00, run_after=2026-06-13 18:00:00+00:00
[2026-06-13T18:01:37.956+0000] {processor.py:208} INFO - Processing /home/airflow/.local/lib/python3.12/site-packages/airflow/example_dags/example_sla_dag.py took 0.079 seconds
[2026-06-13T18:02:08.681+0000] {processor.py:186} INFO - Started process (PID=8711) to work on /home/airflow/.local/lib/python3.12/site-packages/airflow/example_dags/example_sla_dag.py
[2026-06-13T18:02:08.682+0000] {processor.py:914} INFO - Processing file /home/airflow/.local/lib/python3.12/site-packages/airflow/example_dags/example_sla_dag.py for tasks to queue
[2026-06-13T18:02:08.685+0000] {logging_mixin.py:190} INFO - [2026-06-13T18:02:08.685+0000] {dagbag.py:588} INFO - Filling up the DagBag from /home/airflow/.local/lib/python3.12/site-packages/airflow/example_dags/example_sla_dag.py
[2026-06-13T18:02:08.698+0000] {processor.py:925} INFO - DAG(s) 'example_sla_dag' retrieved from /home/airflow/.local/lib/python3.12/site-packages/airflow/example_dags/example_sla_dag.py
[2026-06-13T18:02:08.720+0000] {logging_mixin.py:190} INFO - [2026-06-13T18:02:08.720+0000] {dag.py:3239} INFO - Sync 1 DAGs
[2026-06-13T18:02:08.747+0000] {logging_mixin.py:190} INFO - [2026-06-13T18:02:08.747+0000] {dag.py:4180} INFO - Setting next_dagrun for example_sla_dag to 2026-06-13 18:00:00+00:00, run_after=2026-06-13 18:02:00+00:00
[2026-06-13T18:02:08.768+0000] {processor.py:208} INFO - Processing /home/airflow/.local/lib/python3.12/site-packages/airflow/example_dags/example_sla_dag.py took 0.094 seconds
[2026-06-13T18:02:39.095+0000] {processor.py:186} INFO - Started process (PID=8773) to work on /home/airflow/.local/lib/python3.12/site-packages/airflow/example_dags/example_sla_dag.py
[2026-06-13T18:02:39.097+0000] {processor.py:914} INFO - Processing file /home/airflow/.local/lib/python3.12/site-packages/airflow/example_dags/example_sla_dag.py for tasks to queue
[2026-06-13T18:02:39.099+0000] {logging_mixin.py:190} INFO - [2026-06-13T18:02:39.098+0000] {dagbag.py:588} INFO - Filling up the DagBag from /home/airflow/.local/lib/python3.12/site-packages/airflow/example_dags/example_sla_dag.py
[2026-06-13T18:02:39.107+0000] {processor.py:925} INFO - DAG(s) 'example_sla_dag' retrieved from /home/airflow/.local/lib/python3.12/site-packages/airflow/example_dags/example_sla_dag.py
[2026-06-13T18:02:39.122+0000] {logging_mixin.py:190} INFO - [2026-06-13T18:02:39.122+0000] {dag.py:3239} INFO - Sync 1 DAGs
[2026-06-13T18:02:39.143+0000] {logging_mixin.py:190} INFO - [2026-06-13T18:02:39.143+0000] {dag.py:4180} INFO - Setting next_dagrun for example_sla_dag to 2026-06-13 18:00:00+00:00, run_after=2026-06-13 18:02:00+00:00
[2026-06-13T18:02:39.159+0000] {processor.py:208} INFO - Processing /home/airflow/.local/lib/python3.12/site-packages/airflow/example_dags/example_sla_dag.py took 0.069 seconds
[2026-06-13T18:03:09.460+0000] {processor.py:186} INFO - Started process (PID=8834) to work on /home/airflow/.local/lib/python3.12/site-packages/airflow/example_dags/example_sla_dag.py
[2026-06-13T18:03:09.462+0000] {processor.py:914} INFO - Processing file /home/airflow/.local/lib/python3.12/site-packages/airflow/example_dags/example_sla_dag.py for tasks to queue
[2026-06-13T18:03:09.465+0000] {logging_mixin.py:190} INFO - [2026-06-13T18:03:09.465+0000] {dagbag.py:588} INFO - Filling up the DagBag from /home/airflow/.local/lib/python3.12/site-packages/airflow/example_dags/example_sla_dag.py
[2026-06-13T18:03:09.481+0000] {processor.py:925} INFO - DAG(s) 'example_sla_dag' retrieved from /home/airflow/.local/lib/python3.12/site-packages/airflow/example_dags/example_sla_dag.py
[2026-06-13T18:03:09.509+0000] {logging_mixin.py:190} INFO - [2026-06-13T18:03:09.508+0000] {dag.py:3239} INFO - Sync 1 DAGs
[2026-06-13T18:03:09.549+0000] {logging_mixin.py:190} INFO - [2026-06-13T18:03:09.549+0000] {dag.py:4180} INFO - Setting next_dagrun for example_sla_dag to 2026-06-13 18:00:00+00:00, run_after=2026-06-13 18:02:00+00:00
[2026-06-13T18:03:09.575+0000] {processor.py:208} INFO - Processing /home/airflow/.local/lib/python3.12/site-packages/airflow/example_dags/example_sla_dag.py took 0.124 seconds
[2026-06-13T18:03:40.422+0000] {processor.py:186} INFO - Started process (PID=8896) to work on /home/airflow/.local/lib/python3.12/site-packages/airflow/example_dags/example_sla_dag.py
[2026-06-13T18:03:40.424+0000] {processor.py:914} INFO - Processing file /home/airflow/.local/lib/python3.12/site-packages/airflow/example_dags/example_sla_dag.py for tasks to queue
[2026-06-13T18:03:40.428+0000] {logging_mixin.py:190} INFO - [2026-06-13T18:03:40.427+0000] {dagbag.py:588} INFO - Filling up the DagBag from /home/airflow/.local/lib/python3.12/site-packages/airflow/example_dags/example_sla_dag.py
[2026-06-13T18:03:40.437+0000] {processor.py:925} INFO - DAG(s) 'example_sla_dag' retrieved from /home/airflow/.local/lib/python3.12/site-packages/airflow/example_dags/example_sla_dag.py
[2026-06-13T18:03:40.456+0000] {logging_mixin.py:190} INFO - [2026-06-13T18:03:40.456+0000] {dag.py:3239} INFO - Sync 1 DAGs
[2026-06-13T18:03:40.479+0000] {logging_mixin.py:190} INFO - [2026-06-13T18:03:40.478+0000] {dag.py:4180} INFO - Setting next_dagrun for example_sla_dag to 2026-06-13 18:00:00+00:00, run_after=2026-06-13 18:02:00+00:00
[2026-06-13T18:03:40.500+0000] {processor.py:208} INFO - Processing /home/airflow/.local/lib/python3.12/site-packages/airflow/example_dags/example_sla_dag.py took 0.083 seconds
[2026-06-13T18:04:10.938+0000] {processor.py:186} INFO - Started process (PID=8958) to work on /home/airflow/.local/lib/python3.12/site-packages/airflow/example_dags/example_sla_dag.py
[2026-06-13T18:04:10.940+0000] {processor.py:914} INFO - Processing file /home/airflow/.local/lib/python3.12/site-packages/airflow/example_dags/example_sla_dag.py for tasks to queue
[2026-06-13T18:04:10.944+0000] {logging_mixin.py:190} INFO - [2026-06-13T18:04:10.943+0000] {dagbag.py:588} INFO - Filling up the DagBag from /home/airflow/.local/lib/python3.12/site-packages/airflow/example_dags/example_sla_dag.py
[2026-06-13T18:04:10.954+0000] {processor.py:925} INFO - DAG(s) 'example_sla_dag' retrieved from /home/airflow/.local/lib/python3.12/site-packages/airflow/example_dags/example_sla_dag.py
[2026-06-13T18:04:10.974+0000] {logging_mixin.py:190} INFO - [2026-06-13T18:04:10.974+0000] {dag.py:3239} INFO - Sync 1 DAGs
[2026-06-13T18:04:10.998+0000] {logging_mixin.py:190} INFO - [2026-06-13T18:04:10.998+0000] {dag.py:4180} INFO - Setting next_dagrun for example_sla_dag to 2026-06-13 18:02:00+00:00, run_after=2026-06-13 18:04:00+00:00
[2026-06-13T18:04:11.024+0000] {processor.py:208} INFO - Processing /home/airflow/.local/lib/python3.12/site-packages/airflow/example_dags/example_sla_dag.py took 0.091 seconds
[2026-06-13T18:04:41.510+0000] {processor.py:186} INFO - Started process (PID=9020) to work on /home/airflow/.local/lib/python3.12/site-packages/airflow/example_dags/example_sla_dag.py
[2026-06-13T18:04:41.511+0000] {processor.py:914} INFO - Processing file /home/airflow/.local/lib/python3.12/site-packages/airflow/example_dags/example_sla_dag.py for tasks to queue
[2026-06-13T18:04:41.515+0000] {logging_mixin.py:190} INFO - [2026-06-13T18:04:41.515+0000] {dagbag.py:588} INFO - Filling up the DagBag from /home/airflow/.local/lib/python3.12/site-packages/airflow/example_dags/example_sla_dag.py
[2026-06-13T18:04:41.528+0000] {processor.py:925} INFO - DAG(s) 'example_sla_dag' retrieved from /home/airflow/.local/lib/python3.12/site-packages/airflow/example_dags/example_sla_dag.py
[2026-06-13T18:04:41.557+0000] {logging_mixin.py:190} INFO - [2026-06-13T18:04:41.556+0000] {dag.py:3239} INFO - Sync 1 DAGs
[2026-06-13T18:04:41.584+0000] {logging_mixin.py:190} INFO - [2026-06-13T18:04:41.584+0000] {dag.py:4180} INFO - Setting next_dagrun for example_sla_dag to 2026-06-13 18:02:00+00:00, run_after=2026-06-13 18:04:00+00:00
[2026-06-13T18:04:41.603+0000] {processor.py:208} INFO - Processing /home/airflow/.local/lib/python3.12/site-packages/airflow/example_dags/example_sla_dag.py took 0.101 seconds
[2026-06-13T18:05:11.768+0000] {processor.py:186} INFO - Started process (PID=9082) to work on /home/airflow/.local/lib/python3.12/site-packages/airflow/example_dags/example_sla_dag.py
[2026-06-13T18:05:11.769+0000] {processor.py:914} INFO - Processing file /home/airflow/.local/lib/python3.12/site-packages/airflow/example_dags/example_sla_dag.py for tasks to queue
[2026-06-13T18:05:11.772+0000] {logging_mixin.py:190} INFO - [2026-06-13T18:05:11.772+0000] {dagbag.py:588} INFO - Filling up the DagBag from /home/airflow/.local/lib/python3.12/site-packages/airflow/example_dags/example_sla_dag.py
[2026-06-13T18:05:11.781+0000] {processor.py:925} INFO - DAG(s) 'example_sla_dag' retrieved from /home/airflow/.local/lib/python3.12/site-packages/airflow/example_dags/example_sla_dag.py
[2026-06-13T18:05:11.797+0000] {logging_mixin.py:190} INFO - [2026-06-13T18:05:11.797+0000] {dag.py:3239} INFO - Sync 1 DAGs
[2026-06-13T18:05:11.815+0000] {logging_mixin.py:190} INFO - [2026-06-13T18:05:11.815+0000] {dag.py:4180} INFO - Setting next_dagrun for example_sla_dag to 2026-06-13 18:02:00+00:00, run_after=2026-06-13 18:04:00+00:00
[2026-06-13T18:05:11.834+0000] {processor.py:208} INFO - Processing /home/airflow/.local/lib/python3.12/site-packages/airflow/example_dags/example_sla_dag.py took 0.071 seconds
[2026-06-13T18:05:41.969+0000] {processor.py:186} INFO - Started process (PID=9144) to work on /home/airflow/.local/lib/python3.12/site-packages/airflow/example_dags/example_sla_dag.py
[2026-06-13T18:05:41.970+0000] {processor.py:914} INFO - Processing file /home/airflow/.local/lib/python3.12/site-packages/airflow/example_dags/example_sla_dag.py for tasks to queue
[2026-06-13T18:05:41.972+0000] {logging_mixin.py:190} INFO - [2026-06-13T18:05:41.972+0000] {dagbag.py:588} INFO - Filling up the DagBag from /home/airflow/.local/lib/python3.12/site-packages/airflow/example_dags/example_sla_dag.py
[2026-06-13T18:05:41.982+0000] {processor.py:925} INFO - DAG(s) 'example_sla_dag' retrieved from /home/airflow/.local/lib/python3.12/site-packages/airflow/example_dags/example_sla_dag.py
[2026-06-13T18:05:42.000+0000] {logging_mixin.py:190} INFO - [2026-06-13T18:05:42.000+0000] {dag.py:3239} INFO - Sync 1 DAGs
[2026-06-13T18:05:42.021+0000] {logging_mixin.py:190} INFO - [2026-06-13T18:05:42.021+0000] {dag.py:4180} INFO - Setting next_dagrun for example_sla_dag to 2026-06-13 18:02:00+00:00, run_after=2026-06-13 18:04:00+00:00
[2026-06-13T18:05:42.038+0000] {processor.py:208} INFO - Processing /home/airflow/.local/lib/python3.12/site-packages/airflow/example_dags/example_sla_dag.py took 0.074 seconds
[2026-06-13T18:06:12.380+0000] {processor.py:186} INFO - Started process (PID=9207) to work on /home/airflow/.local/lib/python3.12/site-packages/airflow/example_dags/example_sla_dag.py
[2026-06-13T18:06:12.381+0000] {processor.py:914} INFO - Processing file /home/airflow/.local/lib/python3.12/site-packages/airflow/example_dags/example_sla_dag.py for tasks to queue
[2026-06-13T18:06:12.384+0000] {logging_mixin.py:190} INFO - [2026-06-13T18:06:12.384+0000] {dagbag.py:588} INFO - Filling up the DagBag from /home/airflow/.local/lib/python3.12/site-packages/airflow/example_dags/example_sla_dag.py
[2026-06-13T18:06:12.392+0000] {processor.py:925} INFO - DAG(s) 'example_sla_dag' retrieved from /home/airflow/.local/lib/python3.12/site-packages/airflow/example_dags/example_sla_dag.py
[2026-06-13T18:06:12.409+0000] {logging_mixin.py:190} INFO - [2026-06-13T18:06:12.409+0000] {dag.py:3239} INFO - Sync 1 DAGs
[2026-06-13T18:06:12.426+0000] {logging_mixin.py:190} INFO - [2026-06-13T18:06:12.426+0000] {dag.py:4180} INFO - Setting next_dagrun for example_sla_dag to 2026-06-13 18:04:00+00:00, run_after=2026-06-13 18:06:00+00:00
[2026-06-13T18:06:12.443+0000] {processor.py:208} INFO - Processing /home/airflow/.local/lib/python3.12/site-packages/airflow/example_dags/example_sla_dag.py took 0.068 seconds
[2026-06-13T18:06:42.815+0000] {processor.py:186} INFO - Started process (PID=9269) to work on /home/airflow/.local/lib/python3.12/site-packages/airflow/example_dags/example_sla_dag.py
[2026-06-13T18:06:42.817+0000] {processor.py:914} INFO - Processing file /home/airflow/.local/lib/python3.12/site-packages/airflow/example_dags/example_sla_dag.py for tasks to queue
[2026-06-13T18:06:42.819+0000] {logging_mixin.py:190} INFO - [2026-06-13T18:06:42.819+0000] {dagbag.py:588} INFO - Filling up the DagBag from /home/airflow/.local/lib/python3.12/site-packages/airflow/example_dags/example_sla_dag.py
[2026-06-13T18:06:42.830+0000] {processor.py:925} INFO - DAG(s) 'example_sla_dag' retrieved from /home/airflow/.local/lib/python3.12/site-packages/airflow/example_dags/example_sla_dag.py
[2026-06-13T18:06:42.849+0000] {logging_mixin.py:190} INFO - [2026-06-13T18:06:42.848+0000] {dag.py:3239} INFO - Sync 1 DAGs
[2026-06-13T18:06:42.872+0000] {logging_mixin.py:190} INFO - [2026-06-13T18:06:42.872+0000] {dag.py:4180} INFO - Setting next_dagrun for example_sla_dag to 2026-06-13 18:04:00+00:00, run_after=2026-06-13 18:06:00+00:00
[2026-06-13T18:06:42.887+0000] {processor.py:208} INFO - Processing /home/airflow/.local/lib/python3.12/site-packages/airflow/example_dags/example_sla_dag.py took 0.079 seconds
[2026-06-13T18:07:13.098+0000] {processor.py:186} INFO - Started process (PID=9331) to work on /home/airflow/.local/lib/python3.12/site-packages/airflow/example_dags/example_sla_dag.py
[2026-06-13T18:07:13.099+0000] {processor.py:914} INFO - Processing file /home/airflow/.local/lib/python3.12/site-packages/airflow/example_dags/example_sla_dag.py for tasks to queue
[2026-06-13T18:07:13.102+0000] {logging_mixin.py:190} INFO - [2026-06-13T18:07:13.101+0000] {dagbag.py:588} INFO - Filling up the DagBag from /home/airflow/.local/lib/python3.12/site-packages/airflow/example_dags/example_sla_dag.py
[2026-06-13T18:07:13.110+0000] {processor.py:925} INFO - DAG(s) 'example_sla_dag' retrieved from /home/airflow/.local/lib/python3.12/site-packages/airflow/example_dags/example_sla_dag.py
[2026-06-13T18:07:13.127+0000] {logging_mixin.py:190} INFO - [2026-06-13T18:07:13.127+0000] {dag.py:3239} INFO - Sync 1 DAGs
[2026-06-13T18:07:13.147+0000] {logging_mixin.py:190} INFO - [2026-06-13T18:07:13.147+0000] {dag.py:4180} INFO - Setting next_dagrun for example_sla_dag to 2026-06-13 18:04:00+00:00, run_after=2026-06-13 18:06:00+00:00
[2026-06-13T18:07:13.163+0000] {processor.py:208} INFO - Processing /home/airflow/.local/lib/python3.12/site-packages/airflow/example_dags/example_sla_dag.py took 0.070 seconds
[2026-06-13T18:07:43.327+0000] {processor.py:186} INFO - Started process (PID=9393) to work on /home/airflow/.local/lib/python3.12/site-packages/airflow/example_dags/example_sla_dag.py
[2026-06-13T18:07:43.328+0000] {processor.py:914} INFO - Processing file /home/airflow/.local/lib/python3.12/site-packages/airflow/example_dags/example_sla_dag.py for tasks to queue
[2026-06-13T18:07:43.332+0000] {logging_mixin.py:190} INFO - [2026-06-13T18:07:43.331+0000] {dagbag.py:588} INFO - Filling up the DagBag from /home/airflow/.local/lib/python3.12/site-packages/airflow/example_dags/example_sla_dag.py
[2026-06-13T18:07:43.343+0000] {processor.py:925} INFO - DAG(s) 'example_sla_dag' retrieved from /home/airflow/.local/lib/python3.12/site-packages/airflow/example_dags/example_sla_dag.py
[2026-06-13T18:07:43.362+0000] {logging_mixin.py:190} INFO - [2026-06-13T18:07:43.362+0000] {dag.py:3239} INFO - Sync 1 DAGs
[2026-06-13T18:07:43.382+0000] {logging_mixin.py:190} INFO - [2026-06-13T18:07:43.382+0000] {dag.py:4180} INFO - Setting next_dagrun for example_sla_dag to 2026-06-13 18:04:00+00:00, run_after=2026-06-13 18:06:00+00:00
[2026-06-13T18:07:43.400+0000] {processor.py:208} INFO - Processing /home/airflow/.local/lib/python3.12/site-packages/airflow/example_dags/example_sla_dag.py took 0.081 seconds
[2026-06-13T18:08:13.963+0000] {processor.py:186} INFO - Started process (PID=9461) to work on /home/airflow/.local/lib/python3.12/site-packages/airflow/example_dags/example_sla_dag.py
[2026-06-13T18:08:13.965+0000] {processor.py:914} INFO - Processing file /home/airflow/.local/lib/python3.12/site-packages/airflow/example_dags/example_sla_dag.py for tasks to queue
[2026-06-13T18:08:13.967+0000] {logging_mixin.py:190} INFO - [2026-06-13T18:08:13.967+0000] {dagbag.py:588} INFO - Filling up the DagBag from /home/airflow/.local/lib/python3.12/site-packages/airflow/example_dags/example_sla_dag.py
[2026-06-13T18:08:13.976+0000] {processor.py:925} INFO - DAG(s) 'example_sla_dag' retrieved from /home/airflow/.local/lib/python3.12/site-packages/airflow/example_dags/example_sla_dag.py
[2026-06-13T18:08:13.995+0000] {logging_mixin.py:190} INFO - [2026-06-13T18:08:13.995+0000] {dag.py:3239} INFO - Sync 1 DAGs
[2026-06-13T18:08:14.018+0000] {logging_mixin.py:190} INFO - [2026-06-13T18:08:14.018+0000] {dag.py:4180} INFO - Setting next_dagrun for example_sla_dag to 2026-06-13 18:06:00+00:00, run_after=2026-06-13 18:08:00+00:00
[2026-06-13T18:08:14.035+0000] {processor.py:208} INFO - Processing /home/airflow/.local/lib/python3.12/site-packages/airflow/example_dags/example_sla_dag.py took 0.078 seconds
