[2026-06-13T16:50:33.625+0000] {processor.py:186} INFO - Started process (PID=74) to work on /home/airflow/.local/lib/python3.12/site-packages/airflow/example_dags/example_python_operator.py
[2026-06-13T16:50:33.627+0000] {processor.py:914} INFO - Processing file /home/airflow/.local/lib/python3.12/site-packages/airflow/example_dags/example_python_operator.py for tasks to queue
[2026-06-13T16:50:33.630+0000] {logging_mixin.py:190} INFO - [2026-06-13T16:50:33.630+0000] {dagbag.py:588} INFO - Filling up the DagBag from /home/airflow/.local/lib/python3.12/site-packages/airflow/example_dags/example_python_operator.py
[2026-06-13T16:50:33.650+0000] {processor.py:925} INFO - DAG(s) 'example_python_operator' retrieved from /home/airflow/.local/lib/python3.12/site-packages/airflow/example_dags/example_python_operator.py
[2026-06-13T16:50:33.780+0000] {logging_mixin.py:190} INFO - [2026-06-13T16:50:33.780+0000] {override.py:1900} INFO - Created Permission View: can edit on DAG:example_python_operator
[2026-06-13T16:50:33.801+0000] {logging_mixin.py:190} INFO - [2026-06-13T16:50:33.801+0000] {override.py:1900} INFO - Created Permission View: can read on DAG:example_python_operator
[2026-06-13T16:50:33.813+0000] {logging_mixin.py:190} INFO - [2026-06-13T16:50:33.812+0000] {override.py:1900} INFO - Created Permission View: can delete on DAG:example_python_operator
[2026-06-13T16:50:33.834+0000] {logging_mixin.py:190} INFO - [2026-06-13T16:50:33.833+0000] {override.py:1900} INFO - Created Permission View: can read on DAG Run:example_python_operator
[2026-06-13T16:50:33.854+0000] {logging_mixin.py:190} INFO - [2026-06-13T16:50:33.854+0000] {override.py:1900} INFO - Created Permission View: can create on DAG Run:example_python_operator
[2026-06-13T16:50:33.876+0000] {logging_mixin.py:190} INFO - [2026-06-13T16:50:33.876+0000] {override.py:1900} INFO - Created Permission View: menu access on DAG Run:example_python_operator
[2026-06-13T16:50:33.887+0000] {logging_mixin.py:190} INFO - [2026-06-13T16:50:33.887+0000] {override.py:1900} INFO - Created Permission View: can delete on DAG Run:example_python_operator
[2026-06-13T16:50:33.888+0000] {logging_mixin.py:190} INFO - [2026-06-13T16:50:33.888+0000] {dag.py:3239} INFO - Sync 1 DAGs
[2026-06-13T16:50:33.908+0000] {logging_mixin.py:190} INFO - [2026-06-13T16:50:33.907+0000] {dag.py:3262} INFO - Creating ORM DAG for example_python_operator
[2026-06-13T16:50:33.909+0000] {logging_mixin.py:190} INFO - [2026-06-13T16:50:33.909+0000] {dag.py:4180} INFO - Setting next_dagrun for example_python_operator to None, run_after=None
[2026-06-13T16:50:33.939+0000] {processor.py:208} INFO - Processing /home/airflow/.local/lib/python3.12/site-packages/airflow/example_dags/example_python_operator.py took 0.322 seconds
[2026-06-13T16:51:04.801+0000] {processor.py:186} INFO - Started process (PID=136) to work on /home/airflow/.local/lib/python3.12/site-packages/airflow/example_dags/example_python_operator.py
[2026-06-13T16:51:04.802+0000] {processor.py:914} INFO - Processing file /home/airflow/.local/lib/python3.12/site-packages/airflow/example_dags/example_python_operator.py for tasks to queue
[2026-06-13T16:51:04.805+0000] {logging_mixin.py:190} INFO - [2026-06-13T16:51:04.805+0000] {dagbag.py:588} INFO - Filling up the DagBag from /home/airflow/.local/lib/python3.12/site-packages/airflow/example_dags/example_python_operator.py
[2026-06-13T16:51:04.819+0000] {processor.py:925} INFO - DAG(s) 'example_python_operator' retrieved from /home/airflow/.local/lib/python3.12/site-packages/airflow/example_dags/example_python_operator.py
[2026-06-13T16:51:04.843+0000] {logging_mixin.py:190} INFO - [2026-06-13T16:51:04.842+0000] {dag.py:3239} INFO - Sync 1 DAGs
[2026-06-13T16:51:04.858+0000] {logging_mixin.py:190} INFO - [2026-06-13T16:51:04.858+0000] {dag.py:4180} INFO - Setting next_dagrun for example_python_operator to None, run_after=None
[2026-06-13T16:51:04.892+0000] {processor.py:208} INFO - Processing /home/airflow/.local/lib/python3.12/site-packages/airflow/example_dags/example_python_operator.py took 0.098 seconds
[2026-06-13T16:51:35.254+0000] {processor.py:186} INFO - Started process (PID=198) to work on /home/airflow/.local/lib/python3.12/site-packages/airflow/example_dags/example_python_operator.py
[2026-06-13T16:51:35.255+0000] {processor.py:914} INFO - Processing file /home/airflow/.local/lib/python3.12/site-packages/airflow/example_dags/example_python_operator.py for tasks to queue
[2026-06-13T16:51:35.258+0000] {logging_mixin.py:190} INFO - [2026-06-13T16:51:35.258+0000] {dagbag.py:588} INFO - Filling up the DagBag from /home/airflow/.local/lib/python3.12/site-packages/airflow/example_dags/example_python_operator.py
[2026-06-13T16:51:35.274+0000] {processor.py:925} INFO - DAG(s) 'example_python_operator' retrieved from /home/airflow/.local/lib/python3.12/site-packages/airflow/example_dags/example_python_operator.py
[2026-06-13T16:51:35.299+0000] {logging_mixin.py:190} INFO - [2026-06-13T16:51:35.298+0000] {dag.py:3239} INFO - Sync 1 DAGs
[2026-06-13T16:51:35.317+0000] {logging_mixin.py:190} INFO - [2026-06-13T16:51:35.317+0000] {dag.py:4180} INFO - Setting next_dagrun for example_python_operator to None, run_after=None
[2026-06-13T16:51:35.348+0000] {processor.py:208} INFO - Processing /home/airflow/.local/lib/python3.12/site-packages/airflow/example_dags/example_python_operator.py took 0.102 seconds
[2026-06-13T16:52:05.580+0000] {processor.py:186} INFO - Started process (PID=260) to work on /home/airflow/.local/lib/python3.12/site-packages/airflow/example_dags/example_python_operator.py
[2026-06-13T16:52:05.582+0000] {processor.py:914} INFO - Processing file /home/airflow/.local/lib/python3.12/site-packages/airflow/example_dags/example_python_operator.py for tasks to queue
[2026-06-13T16:52:05.585+0000] {logging_mixin.py:190} INFO - [2026-06-13T16:52:05.585+0000] {dagbag.py:588} INFO - Filling up the DagBag from /home/airflow/.local/lib/python3.12/site-packages/airflow/example_dags/example_python_operator.py
[2026-06-13T16:52:05.604+0000] {processor.py:925} INFO - DAG(s) 'example_python_operator' retrieved from /home/airflow/.local/lib/python3.12/site-packages/airflow/example_dags/example_python_operator.py
[2026-06-13T16:52:05.641+0000] {logging_mixin.py:190} INFO - [2026-06-13T16:52:05.640+0000] {dag.py:3239} INFO - Sync 1 DAGs
[2026-06-13T16:52:05.666+0000] {logging_mixin.py:190} INFO - [2026-06-13T16:52:05.665+0000] {dag.py:4180} INFO - Setting next_dagrun for example_python_operator to None, run_after=None
[2026-06-13T16:52:05.697+0000] {processor.py:208} INFO - Processing /home/airflow/.local/lib/python3.12/site-packages/airflow/example_dags/example_python_operator.py took 0.126 seconds
[2026-06-13T16:53:29.539+0000] {processor.py:186} INFO - Started process (PID=315) to work on /home/airflow/.local/lib/python3.12/site-packages/airflow/example_dags/example_python_operator.py
[2026-06-13T16:53:29.540+0000] {processor.py:914} INFO - Processing file /home/airflow/.local/lib/python3.12/site-packages/airflow/example_dags/example_python_operator.py for tasks to queue
[2026-06-13T16:53:29.544+0000] {logging_mixin.py:190} INFO - [2026-06-13T16:53:29.544+0000] {dagbag.py:588} INFO - Filling up the DagBag from /home/airflow/.local/lib/python3.12/site-packages/airflow/example_dags/example_python_operator.py
[2026-06-13T16:53:29.559+0000] {processor.py:925} INFO - DAG(s) 'example_python_operator' retrieved from /home/airflow/.local/lib/python3.12/site-packages/airflow/example_dags/example_python_operator.py
[2026-06-13T16:53:29.590+0000] {logging_mixin.py:190} INFO - [2026-06-13T16:53:29.589+0000] {dag.py:3239} INFO - Sync 1 DAGs
[2026-06-13T16:53:29.609+0000] {logging_mixin.py:190} INFO - [2026-06-13T16:53:29.609+0000] {dag.py:4180} INFO - Setting next_dagrun for example_python_operator to None, run_after=None
[2026-06-13T16:53:29.633+0000] {processor.py:208} INFO - Processing /home/airflow/.local/lib/python3.12/site-packages/airflow/example_dags/example_python_operator.py took 0.102 seconds
[2026-06-13T16:53:59.727+0000] {processor.py:186} INFO - Started process (PID=377) to work on /home/airflow/.local/lib/python3.12/site-packages/airflow/example_dags/example_python_operator.py
[2026-06-13T16:53:59.728+0000] {processor.py:914} INFO - Processing file /home/airflow/.local/lib/python3.12/site-packages/airflow/example_dags/example_python_operator.py for tasks to queue
[2026-06-13T16:53:59.732+0000] {logging_mixin.py:190} INFO - [2026-06-13T16:53:59.731+0000] {dagbag.py:588} INFO - Filling up the DagBag from /home/airflow/.local/lib/python3.12/site-packages/airflow/example_dags/example_python_operator.py
[2026-06-13T16:53:59.749+0000] {processor.py:925} INFO - DAG(s) 'example_python_operator' retrieved from /home/airflow/.local/lib/python3.12/site-packages/airflow/example_dags/example_python_operator.py
[2026-06-13T16:53:59.779+0000] {logging_mixin.py:190} INFO - [2026-06-13T16:53:59.778+0000] {dag.py:3239} INFO - Sync 1 DAGs
[2026-06-13T16:53:59.798+0000] {logging_mixin.py:190} INFO - [2026-06-13T16:53:59.798+0000] {dag.py:4180} INFO - Setting next_dagrun for example_python_operator to None, run_after=None
[2026-06-13T16:53:59.824+0000] {processor.py:208} INFO - Processing /home/airflow/.local/lib/python3.12/site-packages/airflow/example_dags/example_python_operator.py took 0.103 seconds
[2026-06-13T16:54:29.956+0000] {processor.py:186} INFO - Started process (PID=439) to work on /home/airflow/.local/lib/python3.12/site-packages/airflow/example_dags/example_python_operator.py
[2026-06-13T16:54:29.958+0000] {processor.py:914} INFO - Processing file /home/airflow/.local/lib/python3.12/site-packages/airflow/example_dags/example_python_operator.py for tasks to queue
[2026-06-13T16:54:29.961+0000] {logging_mixin.py:190} INFO - [2026-06-13T16:54:29.960+0000] {dagbag.py:588} INFO - Filling up the DagBag from /home/airflow/.local/lib/python3.12/site-packages/airflow/example_dags/example_python_operator.py
[2026-06-13T16:54:29.975+0000] {processor.py:925} INFO - DAG(s) 'example_python_operator' retrieved from /home/airflow/.local/lib/python3.12/site-packages/airflow/example_dags/example_python_operator.py
[2026-06-13T16:54:30.001+0000] {logging_mixin.py:190} INFO - [2026-06-13T16:54:30.001+0000] {dag.py:3239} INFO - Sync 1 DAGs
[2026-06-13T16:54:30.016+0000] {logging_mixin.py:190} INFO - [2026-06-13T16:54:30.016+0000] {dag.py:4180} INFO - Setting next_dagrun for example_python_operator to None, run_after=None
[2026-06-13T16:54:30.047+0000] {processor.py:208} INFO - Processing /home/airflow/.local/lib/python3.12/site-packages/airflow/example_dags/example_python_operator.py took 0.098 seconds
[2026-06-13T16:55:00.588+0000] {processor.py:186} INFO - Started process (PID=501) to work on /home/airflow/.local/lib/python3.12/site-packages/airflow/example_dags/example_python_operator.py
[2026-06-13T16:55:00.589+0000] {processor.py:914} INFO - Processing file /home/airflow/.local/lib/python3.12/site-packages/airflow/example_dags/example_python_operator.py for tasks to queue
[2026-06-13T16:55:00.592+0000] {logging_mixin.py:190} INFO - [2026-06-13T16:55:00.592+0000] {dagbag.py:588} INFO - Filling up the DagBag from /home/airflow/.local/lib/python3.12/site-packages/airflow/example_dags/example_python_operator.py
[2026-06-13T16:55:00.606+0000] {processor.py:925} INFO - DAG(s) 'example_python_operator' retrieved from /home/airflow/.local/lib/python3.12/site-packages/airflow/example_dags/example_python_operator.py
[2026-06-13T16:55:00.633+0000] {logging_mixin.py:190} INFO - [2026-06-13T16:55:00.633+0000] {dag.py:3239} INFO - Sync 1 DAGs
[2026-06-13T16:55:00.648+0000] {logging_mixin.py:190} INFO - [2026-06-13T16:55:00.648+0000] {dag.py:4180} INFO - Setting next_dagrun for example_python_operator to None, run_after=None
[2026-06-13T16:55:00.671+0000] {processor.py:208} INFO - Processing /home/airflow/.local/lib/python3.12/site-packages/airflow/example_dags/example_python_operator.py took 0.090 seconds
[2026-06-13T16:55:31.020+0000] {processor.py:186} INFO - Started process (PID=564) to work on /home/airflow/.local/lib/python3.12/site-packages/airflow/example_dags/example_python_operator.py
[2026-06-13T16:55:31.022+0000] {processor.py:914} INFO - Processing file /home/airflow/.local/lib/python3.12/site-packages/airflow/example_dags/example_python_operator.py for tasks to queue
[2026-06-13T16:55:31.026+0000] {logging_mixin.py:190} INFO - [2026-06-13T16:55:31.025+0000] {dagbag.py:588} INFO - Filling up the DagBag from /home/airflow/.local/lib/python3.12/site-packages/airflow/example_dags/example_python_operator.py
[2026-06-13T16:55:31.039+0000] {processor.py:925} INFO - DAG(s) 'example_python_operator' retrieved from /home/airflow/.local/lib/python3.12/site-packages/airflow/example_dags/example_python_operator.py
[2026-06-13T16:55:31.066+0000] {logging_mixin.py:190} INFO - [2026-06-13T16:55:31.066+0000] {dag.py:3239} INFO - Sync 1 DAGs
[2026-06-13T16:55:31.081+0000] {logging_mixin.py:190} INFO - [2026-06-13T16:55:31.081+0000] {dag.py:4180} INFO - Setting next_dagrun for example_python_operator to None, run_after=None
[2026-06-13T16:55:31.108+0000] {processor.py:208} INFO - Processing /home/airflow/.local/lib/python3.12/site-packages/airflow/example_dags/example_python_operator.py took 0.096 seconds
[2026-06-13T16:56:01.341+0000] {processor.py:186} INFO - Started process (PID=626) to work on /home/airflow/.local/lib/python3.12/site-packages/airflow/example_dags/example_python_operator.py
[2026-06-13T16:56:01.342+0000] {processor.py:914} INFO - Processing file /home/airflow/.local/lib/python3.12/site-packages/airflow/example_dags/example_python_operator.py for tasks to queue
[2026-06-13T16:56:01.345+0000] {logging_mixin.py:190} INFO - [2026-06-13T16:56:01.345+0000] {dagbag.py:588} INFO - Filling up the DagBag from /home/airflow/.local/lib/python3.12/site-packages/airflow/example_dags/example_python_operator.py
[2026-06-13T16:56:01.360+0000] {processor.py:925} INFO - DAG(s) 'example_python_operator' retrieved from /home/airflow/.local/lib/python3.12/site-packages/airflow/example_dags/example_python_operator.py
[2026-06-13T16:56:01.387+0000] {logging_mixin.py:190} INFO - [2026-06-13T16:56:01.387+0000] {dag.py:3239} INFO - Sync 1 DAGs
[2026-06-13T16:56:01.406+0000] {logging_mixin.py:190} INFO - [2026-06-13T16:56:01.406+0000] {dag.py:4180} INFO - Setting next_dagrun for example_python_operator to None, run_after=None
[2026-06-13T16:56:01.431+0000] {processor.py:208} INFO - Processing /home/airflow/.local/lib/python3.12/site-packages/airflow/example_dags/example_python_operator.py took 0.096 seconds
[2026-06-13T16:56:31.665+0000] {processor.py:186} INFO - Started process (PID=688) to work on /home/airflow/.local/lib/python3.12/site-packages/airflow/example_dags/example_python_operator.py
[2026-06-13T16:56:31.667+0000] {processor.py:914} INFO - Processing file /home/airflow/.local/lib/python3.12/site-packages/airflow/example_dags/example_python_operator.py for tasks to queue
[2026-06-13T16:56:31.669+0000] {logging_mixin.py:190} INFO - [2026-06-13T16:56:31.669+0000] {dagbag.py:588} INFO - Filling up the DagBag from /home/airflow/.local/lib/python3.12/site-packages/airflow/example_dags/example_python_operator.py
[2026-06-13T16:56:31.684+0000] {processor.py:925} INFO - DAG(s) 'example_python_operator' retrieved from /home/airflow/.local/lib/python3.12/site-packages/airflow/example_dags/example_python_operator.py
[2026-06-13T16:56:31.713+0000] {logging_mixin.py:190} INFO - [2026-06-13T16:56:31.713+0000] {dag.py:3239} INFO - Sync 1 DAGs
[2026-06-13T16:56:31.731+0000] {logging_mixin.py:190} INFO - [2026-06-13T16:56:31.731+0000] {dag.py:4180} INFO - Setting next_dagrun for example_python_operator to None, run_after=None
[2026-06-13T16:56:31.754+0000] {processor.py:208} INFO - Processing /home/airflow/.local/lib/python3.12/site-packages/airflow/example_dags/example_python_operator.py took 0.097 seconds
[2026-06-13T16:57:01.988+0000] {processor.py:186} INFO - Started process (PID=750) to work on /home/airflow/.local/lib/python3.12/site-packages/airflow/example_dags/example_python_operator.py
[2026-06-13T16:57:01.989+0000] {processor.py:914} INFO - Processing file /home/airflow/.local/lib/python3.12/site-packages/airflow/example_dags/example_python_operator.py for tasks to queue
[2026-06-13T16:57:01.992+0000] {logging_mixin.py:190} INFO - [2026-06-13T16:57:01.992+0000] {dagbag.py:588} INFO - Filling up the DagBag from /home/airflow/.local/lib/python3.12/site-packages/airflow/example_dags/example_python_operator.py
[2026-06-13T16:57:02.006+0000] {processor.py:925} INFO - DAG(s) 'example_python_operator' retrieved from /home/airflow/.local/lib/python3.12/site-packages/airflow/example_dags/example_python_operator.py
[2026-06-13T16:57:02.031+0000] {logging_mixin.py:190} INFO - [2026-06-13T16:57:02.030+0000] {dag.py:3239} INFO - Sync 1 DAGs
[2026-06-13T16:57:02.048+0000] {logging_mixin.py:190} INFO - [2026-06-13T16:57:02.048+0000] {dag.py:4180} INFO - Setting next_dagrun for example_python_operator to None, run_after=None
[2026-06-13T16:57:02.073+0000] {processor.py:208} INFO - Processing /home/airflow/.local/lib/python3.12/site-packages/airflow/example_dags/example_python_operator.py took 0.092 seconds
[2026-06-13T16:57:32.374+0000] {processor.py:186} INFO - Started process (PID=812) to work on /home/airflow/.local/lib/python3.12/site-packages/airflow/example_dags/example_python_operator.py
[2026-06-13T16:57:32.376+0000] {processor.py:914} INFO - Processing file /home/airflow/.local/lib/python3.12/site-packages/airflow/example_dags/example_python_operator.py for tasks to queue
[2026-06-13T16:57:32.381+0000] {logging_mixin.py:190} INFO - [2026-06-13T16:57:32.380+0000] {dagbag.py:588} INFO - Filling up the DagBag from /home/airflow/.local/lib/python3.12/site-packages/airflow/example_dags/example_python_operator.py
[2026-06-13T16:57:32.399+0000] {processor.py:925} INFO - DAG(s) 'example_python_operator' retrieved from /home/airflow/.local/lib/python3.12/site-packages/airflow/example_dags/example_python_operator.py
[2026-06-13T16:57:32.433+0000] {logging_mixin.py:190} INFO - [2026-06-13T16:57:32.433+0000] {dag.py:3239} INFO - Sync 1 DAGs
[2026-06-13T16:57:32.452+0000] {logging_mixin.py:190} INFO - [2026-06-13T16:57:32.451+0000] {dag.py:4180} INFO - Setting next_dagrun for example_python_operator to None, run_after=None
[2026-06-13T16:57:32.481+0000] {processor.py:208} INFO - Processing /home/airflow/.local/lib/python3.12/site-packages/airflow/example_dags/example_python_operator.py took 0.114 seconds
[2026-06-13T16:58:03.060+0000] {processor.py:186} INFO - Started process (PID=874) to work on /home/airflow/.local/lib/python3.12/site-packages/airflow/example_dags/example_python_operator.py
[2026-06-13T16:58:03.062+0000] {processor.py:914} INFO - Processing file /home/airflow/.local/lib/python3.12/site-packages/airflow/example_dags/example_python_operator.py for tasks to queue
[2026-06-13T16:58:03.066+0000] {logging_mixin.py:190} INFO - [2026-06-13T16:58:03.065+0000] {dagbag.py:588} INFO - Filling up the DagBag from /home/airflow/.local/lib/python3.12/site-packages/airflow/example_dags/example_python_operator.py
[2026-06-13T16:58:03.083+0000] {processor.py:925} INFO - DAG(s) 'example_python_operator' retrieved from /home/airflow/.local/lib/python3.12/site-packages/airflow/example_dags/example_python_operator.py
[2026-06-13T16:58:03.119+0000] {logging_mixin.py:190} INFO - [2026-06-13T16:58:03.118+0000] {dag.py:3239} INFO - Sync 1 DAGs
[2026-06-13T16:58:03.142+0000] {logging_mixin.py:190} INFO - [2026-06-13T16:58:03.141+0000] {dag.py:4180} INFO - Setting next_dagrun for example_python_operator to None, run_after=None
[2026-06-13T16:58:03.177+0000] {processor.py:208} INFO - Processing /home/airflow/.local/lib/python3.12/site-packages/airflow/example_dags/example_python_operator.py took 0.125 seconds
[2026-06-13T16:58:33.377+0000] {processor.py:186} INFO - Started process (PID=936) to work on /home/airflow/.local/lib/python3.12/site-packages/airflow/example_dags/example_python_operator.py
[2026-06-13T16:58:33.379+0000] {processor.py:914} INFO - Processing file /home/airflow/.local/lib/python3.12/site-packages/airflow/example_dags/example_python_operator.py for tasks to queue
[2026-06-13T16:58:33.383+0000] {logging_mixin.py:190} INFO - [2026-06-13T16:58:33.383+0000] {dagbag.py:588} INFO - Filling up the DagBag from /home/airflow/.local/lib/python3.12/site-packages/airflow/example_dags/example_python_operator.py
[2026-06-13T16:58:33.405+0000] {processor.py:925} INFO - DAG(s) 'example_python_operator' retrieved from /home/airflow/.local/lib/python3.12/site-packages/airflow/example_dags/example_python_operator.py
[2026-06-13T16:58:33.442+0000] {logging_mixin.py:190} INFO - [2026-06-13T16:58:33.441+0000] {dag.py:3239} INFO - Sync 1 DAGs
[2026-06-13T16:58:33.464+0000] {logging_mixin.py:190} INFO - [2026-06-13T16:58:33.464+0000] {dag.py:4180} INFO - Setting next_dagrun for example_python_operator to None, run_after=None
[2026-06-13T16:58:33.496+0000] {processor.py:208} INFO - Processing /home/airflow/.local/lib/python3.12/site-packages/airflow/example_dags/example_python_operator.py took 0.129 seconds
[2026-06-13T16:59:03.675+0000] {processor.py:186} INFO - Started process (PID=997) to work on /home/airflow/.local/lib/python3.12/site-packages/airflow/example_dags/example_python_operator.py
[2026-06-13T16:59:03.677+0000] {processor.py:914} INFO - Processing file /home/airflow/.local/lib/python3.12/site-packages/airflow/example_dags/example_python_operator.py for tasks to queue
[2026-06-13T16:59:03.681+0000] {logging_mixin.py:190} INFO - [2026-06-13T16:59:03.681+0000] {dagbag.py:588} INFO - Filling up the DagBag from /home/airflow/.local/lib/python3.12/site-packages/airflow/example_dags/example_python_operator.py
[2026-06-13T16:59:03.697+0000] {processor.py:925} INFO - DAG(s) 'example_python_operator' retrieved from /home/airflow/.local/lib/python3.12/site-packages/airflow/example_dags/example_python_operator.py
[2026-06-13T16:59:03.734+0000] {logging_mixin.py:190} INFO - [2026-06-13T16:59:03.734+0000] {dag.py:3239} INFO - Sync 1 DAGs
[2026-06-13T16:59:03.760+0000] {logging_mixin.py:190} INFO - [2026-06-13T16:59:03.760+0000] {dag.py:4180} INFO - Setting next_dagrun for example_python_operator to None, run_after=None
[2026-06-13T16:59:03.795+0000] {processor.py:208} INFO - Processing /home/airflow/.local/lib/python3.12/site-packages/airflow/example_dags/example_python_operator.py took 0.127 seconds
[2026-06-13T16:59:34.110+0000] {processor.py:186} INFO - Started process (PID=1060) to work on /home/airflow/.local/lib/python3.12/site-packages/airflow/example_dags/example_python_operator.py
[2026-06-13T16:59:34.112+0000] {processor.py:914} INFO - Processing file /home/airflow/.local/lib/python3.12/site-packages/airflow/example_dags/example_python_operator.py for tasks to queue
[2026-06-13T16:59:34.116+0000] {logging_mixin.py:190} INFO - [2026-06-13T16:59:34.116+0000] {dagbag.py:588} INFO - Filling up the DagBag from /home/airflow/.local/lib/python3.12/site-packages/airflow/example_dags/example_python_operator.py
[2026-06-13T16:59:34.135+0000] {processor.py:925} INFO - DAG(s) 'example_python_operator' retrieved from /home/airflow/.local/lib/python3.12/site-packages/airflow/example_dags/example_python_operator.py
[2026-06-13T16:59:34.167+0000] {logging_mixin.py:190} INFO - [2026-06-13T16:59:34.167+0000] {dag.py:3239} INFO - Sync 1 DAGs
[2026-06-13T16:59:34.187+0000] {logging_mixin.py:190} INFO - [2026-06-13T16:59:34.187+0000] {dag.py:4180} INFO - Setting next_dagrun for example_python_operator to None, run_after=None
[2026-06-13T16:59:34.219+0000] {processor.py:208} INFO - Processing /home/airflow/.local/lib/python3.12/site-packages/airflow/example_dags/example_python_operator.py took 0.119 seconds
[2026-06-13T17:00:04.804+0000] {processor.py:186} INFO - Started process (PID=1122) to work on /home/airflow/.local/lib/python3.12/site-packages/airflow/example_dags/example_python_operator.py
[2026-06-13T17:00:04.806+0000] {processor.py:914} INFO - Processing file /home/airflow/.local/lib/python3.12/site-packages/airflow/example_dags/example_python_operator.py for tasks to queue
[2026-06-13T17:00:04.813+0000] {logging_mixin.py:190} INFO - [2026-06-13T17:00:04.812+0000] {dagbag.py:588} INFO - Filling up the DagBag from /home/airflow/.local/lib/python3.12/site-packages/airflow/example_dags/example_python_operator.py
[2026-06-13T17:00:04.836+0000] {processor.py:925} INFO - DAG(s) 'example_python_operator' retrieved from /home/airflow/.local/lib/python3.12/site-packages/airflow/example_dags/example_python_operator.py
[2026-06-13T17:00:04.883+0000] {logging_mixin.py:190} INFO - [2026-06-13T17:00:04.883+0000] {dag.py:3239} INFO - Sync 1 DAGs
[2026-06-13T17:00:04.915+0000] {logging_mixin.py:190} INFO - [2026-06-13T17:00:04.914+0000] {dag.py:4180} INFO - Setting next_dagrun for example_python_operator to None, run_after=None
[2026-06-13T17:00:04.953+0000] {processor.py:208} INFO - Processing /home/airflow/.local/lib/python3.12/site-packages/airflow/example_dags/example_python_operator.py took 0.164 seconds
[2026-06-13T17:00:35.214+0000] {processor.py:186} INFO - Started process (PID=1184) to work on /home/airflow/.local/lib/python3.12/site-packages/airflow/example_dags/example_python_operator.py
[2026-06-13T17:00:35.216+0000] {processor.py:914} INFO - Processing file /home/airflow/.local/lib/python3.12/site-packages/airflow/example_dags/example_python_operator.py for tasks to queue
[2026-06-13T17:00:35.221+0000] {logging_mixin.py:190} INFO - [2026-06-13T17:00:35.220+0000] {dagbag.py:588} INFO - Filling up the DagBag from /home/airflow/.local/lib/python3.12/site-packages/airflow/example_dags/example_python_operator.py
[2026-06-13T17:00:35.238+0000] {processor.py:925} INFO - DAG(s) 'example_python_operator' retrieved from /home/airflow/.local/lib/python3.12/site-packages/airflow/example_dags/example_python_operator.py
[2026-06-13T17:00:35.272+0000] {logging_mixin.py:190} INFO - [2026-06-13T17:00:35.272+0000] {dag.py:3239} INFO - Sync 1 DAGs
[2026-06-13T17:00:35.290+0000] {logging_mixin.py:190} INFO - [2026-06-13T17:00:35.290+0000] {dag.py:4180} INFO - Setting next_dagrun for example_python_operator to None, run_after=None
[2026-06-13T17:00:35.321+0000] {processor.py:208} INFO - Processing /home/airflow/.local/lib/python3.12/site-packages/airflow/example_dags/example_python_operator.py took 0.116 seconds
[2026-06-13T17:01:05.847+0000] {processor.py:186} INFO - Started process (PID=1246) to work on /home/airflow/.local/lib/python3.12/site-packages/airflow/example_dags/example_python_operator.py
[2026-06-13T17:01:05.849+0000] {processor.py:914} INFO - Processing file /home/airflow/.local/lib/python3.12/site-packages/airflow/example_dags/example_python_operator.py for tasks to queue
[2026-06-13T17:01:05.853+0000] {logging_mixin.py:190} INFO - [2026-06-13T17:01:05.853+0000] {dagbag.py:588} INFO - Filling up the DagBag from /home/airflow/.local/lib/python3.12/site-packages/airflow/example_dags/example_python_operator.py
[2026-06-13T17:01:05.871+0000] {processor.py:925} INFO - DAG(s) 'example_python_operator' retrieved from /home/airflow/.local/lib/python3.12/site-packages/airflow/example_dags/example_python_operator.py
[2026-06-13T17:01:05.902+0000] {logging_mixin.py:190} INFO - [2026-06-13T17:01:05.901+0000] {dag.py:3239} INFO - Sync 1 DAGs
[2026-06-13T17:01:05.922+0000] {logging_mixin.py:190} INFO - [2026-06-13T17:01:05.922+0000] {dag.py:4180} INFO - Setting next_dagrun for example_python_operator to None, run_after=None
[2026-06-13T17:01:05.949+0000] {processor.py:208} INFO - Processing /home/airflow/.local/lib/python3.12/site-packages/airflow/example_dags/example_python_operator.py took 0.116 seconds
[2026-06-13T17:01:36.216+0000] {processor.py:186} INFO - Started process (PID=1308) to work on /home/airflow/.local/lib/python3.12/site-packages/airflow/example_dags/example_python_operator.py
[2026-06-13T17:01:36.218+0000] {processor.py:914} INFO - Processing file /home/airflow/.local/lib/python3.12/site-packages/airflow/example_dags/example_python_operator.py for tasks to queue
[2026-06-13T17:01:36.222+0000] {logging_mixin.py:190} INFO - [2026-06-13T17:01:36.222+0000] {dagbag.py:588} INFO - Filling up the DagBag from /home/airflow/.local/lib/python3.12/site-packages/airflow/example_dags/example_python_operator.py
[2026-06-13T17:01:36.243+0000] {processor.py:925} INFO - DAG(s) 'example_python_operator' retrieved from /home/airflow/.local/lib/python3.12/site-packages/airflow/example_dags/example_python_operator.py
[2026-06-13T17:01:36.279+0000] {logging_mixin.py:190} INFO - [2026-06-13T17:01:36.279+0000] {dag.py:3239} INFO - Sync 1 DAGs
[2026-06-13T17:01:36.302+0000] {logging_mixin.py:190} INFO - [2026-06-13T17:01:36.301+0000] {dag.py:4180} INFO - Setting next_dagrun for example_python_operator to None, run_after=None
[2026-06-13T17:01:36.329+0000] {processor.py:208} INFO - Processing /home/airflow/.local/lib/python3.12/site-packages/airflow/example_dags/example_python_operator.py took 0.122 seconds
[2026-06-13T17:02:06.473+0000] {processor.py:186} INFO - Started process (PID=1370) to work on /home/airflow/.local/lib/python3.12/site-packages/airflow/example_dags/example_python_operator.py
[2026-06-13T17:02:06.475+0000] {processor.py:914} INFO - Processing file /home/airflow/.local/lib/python3.12/site-packages/airflow/example_dags/example_python_operator.py for tasks to queue
[2026-06-13T17:02:06.479+0000] {logging_mixin.py:190} INFO - [2026-06-13T17:02:06.479+0000] {dagbag.py:588} INFO - Filling up the DagBag from /home/airflow/.local/lib/python3.12/site-packages/airflow/example_dags/example_python_operator.py
[2026-06-13T17:02:06.497+0000] {processor.py:925} INFO - DAG(s) 'example_python_operator' retrieved from /home/airflow/.local/lib/python3.12/site-packages/airflow/example_dags/example_python_operator.py
[2026-06-13T17:02:06.534+0000] {logging_mixin.py:190} INFO - [2026-06-13T17:02:06.533+0000] {dag.py:3239} INFO - Sync 1 DAGs
[2026-06-13T17:02:06.555+0000] {logging_mixin.py:190} INFO - [2026-06-13T17:02:06.554+0000] {dag.py:4180} INFO - Setting next_dagrun for example_python_operator to None, run_after=None
[2026-06-13T17:02:06.582+0000] {processor.py:208} INFO - Processing /home/airflow/.local/lib/python3.12/site-packages/airflow/example_dags/example_python_operator.py took 0.118 seconds
[2026-06-13T17:02:37.088+0000] {processor.py:186} INFO - Started process (PID=1432) to work on /home/airflow/.local/lib/python3.12/site-packages/airflow/example_dags/example_python_operator.py
[2026-06-13T17:02:37.091+0000] {processor.py:914} INFO - Processing file /home/airflow/.local/lib/python3.12/site-packages/airflow/example_dags/example_python_operator.py for tasks to queue
[2026-06-13T17:02:37.095+0000] {logging_mixin.py:190} INFO - [2026-06-13T17:02:37.094+0000] {dagbag.py:588} INFO - Filling up the DagBag from /home/airflow/.local/lib/python3.12/site-packages/airflow/example_dags/example_python_operator.py
[2026-06-13T17:02:37.113+0000] {processor.py:925} INFO - DAG(s) 'example_python_operator' retrieved from /home/airflow/.local/lib/python3.12/site-packages/airflow/example_dags/example_python_operator.py
[2026-06-13T17:02:37.160+0000] {logging_mixin.py:190} INFO - [2026-06-13T17:02:37.160+0000] {dag.py:3239} INFO - Sync 1 DAGs
[2026-06-13T17:02:37.192+0000] {logging_mixin.py:190} INFO - [2026-06-13T17:02:37.192+0000] {dag.py:4180} INFO - Setting next_dagrun for example_python_operator to None, run_after=None
[2026-06-13T17:02:37.226+0000] {processor.py:208} INFO - Processing /home/airflow/.local/lib/python3.12/site-packages/airflow/example_dags/example_python_operator.py took 0.147 seconds
[2026-06-13T17:03:07.339+0000] {processor.py:186} INFO - Started process (PID=1494) to work on /home/airflow/.local/lib/python3.12/site-packages/airflow/example_dags/example_python_operator.py
[2026-06-13T17:03:07.341+0000] {processor.py:914} INFO - Processing file /home/airflow/.local/lib/python3.12/site-packages/airflow/example_dags/example_python_operator.py for tasks to queue
[2026-06-13T17:03:07.347+0000] {logging_mixin.py:190} INFO - [2026-06-13T17:03:07.346+0000] {dagbag.py:588} INFO - Filling up the DagBag from /home/airflow/.local/lib/python3.12/site-packages/airflow/example_dags/example_python_operator.py
[2026-06-13T17:03:07.367+0000] {processor.py:925} INFO - DAG(s) 'example_python_operator' retrieved from /home/airflow/.local/lib/python3.12/site-packages/airflow/example_dags/example_python_operator.py
[2026-06-13T17:03:07.403+0000] {logging_mixin.py:190} INFO - [2026-06-13T17:03:07.403+0000] {dag.py:3239} INFO - Sync 1 DAGs
[2026-06-13T17:03:07.429+0000] {logging_mixin.py:190} INFO - [2026-06-13T17:03:07.429+0000] {dag.py:4180} INFO - Setting next_dagrun for example_python_operator to None, run_after=None
[2026-06-13T17:03:07.471+0000] {processor.py:208} INFO - Processing /home/airflow/.local/lib/python3.12/site-packages/airflow/example_dags/example_python_operator.py took 0.141 seconds
[2026-06-13T17:03:37.892+0000] {processor.py:186} INFO - Started process (PID=1556) to work on /home/airflow/.local/lib/python3.12/site-packages/airflow/example_dags/example_python_operator.py
[2026-06-13T17:03:37.894+0000] {processor.py:914} INFO - Processing file /home/airflow/.local/lib/python3.12/site-packages/airflow/example_dags/example_python_operator.py for tasks to queue
[2026-06-13T17:03:37.899+0000] {logging_mixin.py:190} INFO - [2026-06-13T17:03:37.898+0000] {dagbag.py:588} INFO - Filling up the DagBag from /home/airflow/.local/lib/python3.12/site-packages/airflow/example_dags/example_python_operator.py
[2026-06-13T17:03:37.919+0000] {processor.py:925} INFO - DAG(s) 'example_python_operator' retrieved from /home/airflow/.local/lib/python3.12/site-packages/airflow/example_dags/example_python_operator.py
[2026-06-13T17:03:37.958+0000] {logging_mixin.py:190} INFO - [2026-06-13T17:03:37.957+0000] {dag.py:3239} INFO - Sync 1 DAGs
[2026-06-13T17:03:37.980+0000] {logging_mixin.py:190} INFO - [2026-06-13T17:03:37.980+0000] {dag.py:4180} INFO - Setting next_dagrun for example_python_operator to None, run_after=None
[2026-06-13T17:03:38.009+0000] {processor.py:208} INFO - Processing /home/airflow/.local/lib/python3.12/site-packages/airflow/example_dags/example_python_operator.py took 0.128 seconds
[2026-06-13T17:04:08.070+0000] {processor.py:186} INFO - Started process (PID=1618) to work on /home/airflow/.local/lib/python3.12/site-packages/airflow/example_dags/example_python_operator.py
[2026-06-13T17:04:08.071+0000] {processor.py:914} INFO - Processing file /home/airflow/.local/lib/python3.12/site-packages/airflow/example_dags/example_python_operator.py for tasks to queue
[2026-06-13T17:04:08.075+0000] {logging_mixin.py:190} INFO - [2026-06-13T17:04:08.074+0000] {dagbag.py:588} INFO - Filling up the DagBag from /home/airflow/.local/lib/python3.12/site-packages/airflow/example_dags/example_python_operator.py
[2026-06-13T17:04:08.096+0000] {processor.py:925} INFO - DAG(s) 'example_python_operator' retrieved from /home/airflow/.local/lib/python3.12/site-packages/airflow/example_dags/example_python_operator.py
[2026-06-13T17:04:08.137+0000] {logging_mixin.py:190} INFO - [2026-06-13T17:04:08.136+0000] {dag.py:3239} INFO - Sync 1 DAGs
[2026-06-13T17:04:08.159+0000] {logging_mixin.py:190} INFO - [2026-06-13T17:04:08.159+0000] {dag.py:4180} INFO - Setting next_dagrun for example_python_operator to None, run_after=None
[2026-06-13T17:04:08.186+0000] {processor.py:208} INFO - Processing /home/airflow/.local/lib/python3.12/site-packages/airflow/example_dags/example_python_operator.py took 0.125 seconds
[2026-06-13T17:04:38.355+0000] {processor.py:186} INFO - Started process (PID=1680) to work on /home/airflow/.local/lib/python3.12/site-packages/airflow/example_dags/example_python_operator.py
[2026-06-13T17:04:38.357+0000] {processor.py:914} INFO - Processing file /home/airflow/.local/lib/python3.12/site-packages/airflow/example_dags/example_python_operator.py for tasks to queue
[2026-06-13T17:04:38.362+0000] {logging_mixin.py:190} INFO - [2026-06-13T17:04:38.362+0000] {dagbag.py:588} INFO - Filling up the DagBag from /home/airflow/.local/lib/python3.12/site-packages/airflow/example_dags/example_python_operator.py
[2026-06-13T17:04:38.380+0000] {processor.py:925} INFO - DAG(s) 'example_python_operator' retrieved from /home/airflow/.local/lib/python3.12/site-packages/airflow/example_dags/example_python_operator.py
[2026-06-13T17:04:38.411+0000] {logging_mixin.py:190} INFO - [2026-06-13T17:04:38.411+0000] {dag.py:3239} INFO - Sync 1 DAGs
[2026-06-13T17:04:38.431+0000] {logging_mixin.py:190} INFO - [2026-06-13T17:04:38.430+0000] {dag.py:4180} INFO - Setting next_dagrun for example_python_operator to None, run_after=None
[2026-06-13T17:04:38.457+0000] {processor.py:208} INFO - Processing /home/airflow/.local/lib/python3.12/site-packages/airflow/example_dags/example_python_operator.py took 0.111 seconds
[2026-06-13T17:05:08.561+0000] {processor.py:186} INFO - Started process (PID=1742) to work on /home/airflow/.local/lib/python3.12/site-packages/airflow/example_dags/example_python_operator.py
[2026-06-13T17:05:08.562+0000] {processor.py:914} INFO - Processing file /home/airflow/.local/lib/python3.12/site-packages/airflow/example_dags/example_python_operator.py for tasks to queue
[2026-06-13T17:05:08.567+0000] {logging_mixin.py:190} INFO - [2026-06-13T17:05:08.566+0000] {dagbag.py:588} INFO - Filling up the DagBag from /home/airflow/.local/lib/python3.12/site-packages/airflow/example_dags/example_python_operator.py
[2026-06-13T17:05:08.584+0000] {processor.py:925} INFO - DAG(s) 'example_python_operator' retrieved from /home/airflow/.local/lib/python3.12/site-packages/airflow/example_dags/example_python_operator.py
[2026-06-13T17:05:08.617+0000] {logging_mixin.py:190} INFO - [2026-06-13T17:05:08.617+0000] {dag.py:3239} INFO - Sync 1 DAGs
[2026-06-13T17:05:08.636+0000] {logging_mixin.py:190} INFO - [2026-06-13T17:05:08.635+0000] {dag.py:4180} INFO - Setting next_dagrun for example_python_operator to None, run_after=None
[2026-06-13T17:05:08.664+0000] {processor.py:208} INFO - Processing /home/airflow/.local/lib/python3.12/site-packages/airflow/example_dags/example_python_operator.py took 0.111 seconds
[2026-06-13T17:05:38.828+0000] {processor.py:186} INFO - Started process (PID=1804) to work on /home/airflow/.local/lib/python3.12/site-packages/airflow/example_dags/example_python_operator.py
[2026-06-13T17:05:38.830+0000] {processor.py:914} INFO - Processing file /home/airflow/.local/lib/python3.12/site-packages/airflow/example_dags/example_python_operator.py for tasks to queue
[2026-06-13T17:05:38.833+0000] {logging_mixin.py:190} INFO - [2026-06-13T17:05:38.833+0000] {dagbag.py:588} INFO - Filling up the DagBag from /home/airflow/.local/lib/python3.12/site-packages/airflow/example_dags/example_python_operator.py
[2026-06-13T17:05:38.849+0000] {processor.py:925} INFO - DAG(s) 'example_python_operator' retrieved from /home/airflow/.local/lib/python3.12/site-packages/airflow/example_dags/example_python_operator.py
[2026-06-13T17:05:38.879+0000] {logging_mixin.py:190} INFO - [2026-06-13T17:05:38.878+0000] {dag.py:3239} INFO - Sync 1 DAGs
[2026-06-13T17:05:38.899+0000] {logging_mixin.py:190} INFO - [2026-06-13T17:05:38.899+0000] {dag.py:4180} INFO - Setting next_dagrun for example_python_operator to None, run_after=None
[2026-06-13T17:05:38.927+0000] {processor.py:208} INFO - Processing /home/airflow/.local/lib/python3.12/site-packages/airflow/example_dags/example_python_operator.py took 0.107 seconds
[2026-06-13T17:06:09.476+0000] {processor.py:186} INFO - Started process (PID=1866) to work on /home/airflow/.local/lib/python3.12/site-packages/airflow/example_dags/example_python_operator.py
[2026-06-13T17:06:09.478+0000] {processor.py:914} INFO - Processing file /home/airflow/.local/lib/python3.12/site-packages/airflow/example_dags/example_python_operator.py for tasks to queue
[2026-06-13T17:06:09.481+0000] {logging_mixin.py:190} INFO - [2026-06-13T17:06:09.481+0000] {dagbag.py:588} INFO - Filling up the DagBag from /home/airflow/.local/lib/python3.12/site-packages/airflow/example_dags/example_python_operator.py
[2026-06-13T17:06:09.499+0000] {processor.py:925} INFO - DAG(s) 'example_python_operator' retrieved from /home/airflow/.local/lib/python3.12/site-packages/airflow/example_dags/example_python_operator.py
[2026-06-13T17:06:09.533+0000] {logging_mixin.py:190} INFO - [2026-06-13T17:06:09.533+0000] {dag.py:3239} INFO - Sync 1 DAGs
[2026-06-13T17:06:09.551+0000] {logging_mixin.py:190} INFO - [2026-06-13T17:06:09.551+0000] {dag.py:4180} INFO - Setting next_dagrun for example_python_operator to None, run_after=None
[2026-06-13T17:06:09.587+0000] {processor.py:208} INFO - Processing /home/airflow/.local/lib/python3.12/site-packages/airflow/example_dags/example_python_operator.py took 0.120 seconds
[2026-06-13T17:06:39.658+0000] {processor.py:186} INFO - Started process (PID=1929) to work on /home/airflow/.local/lib/python3.12/site-packages/airflow/example_dags/example_python_operator.py
[2026-06-13T17:06:39.659+0000] {processor.py:914} INFO - Processing file /home/airflow/.local/lib/python3.12/site-packages/airflow/example_dags/example_python_operator.py for tasks to queue
[2026-06-13T17:06:39.662+0000] {logging_mixin.py:190} INFO - [2026-06-13T17:06:39.662+0000] {dagbag.py:588} INFO - Filling up the DagBag from /home/airflow/.local/lib/python3.12/site-packages/airflow/example_dags/example_python_operator.py
[2026-06-13T17:06:39.680+0000] {processor.py:925} INFO - DAG(s) 'example_python_operator' retrieved from /home/airflow/.local/lib/python3.12/site-packages/airflow/example_dags/example_python_operator.py
[2026-06-13T17:06:39.706+0000] {logging_mixin.py:190} INFO - [2026-06-13T17:06:39.706+0000] {dag.py:3239} INFO - Sync 1 DAGs
[2026-06-13T17:06:39.746+0000] {logging_mixin.py:190} INFO - [2026-06-13T17:06:39.746+0000] {dag.py:4180} INFO - Setting next_dagrun for example_python_operator to None, run_after=None
[2026-06-13T17:06:39.801+0000] {processor.py:208} INFO - Processing /home/airflow/.local/lib/python3.12/site-packages/airflow/example_dags/example_python_operator.py took 0.152 seconds
[2026-06-13T17:07:10.056+0000] {processor.py:186} INFO - Started process (PID=1991) to work on /home/airflow/.local/lib/python3.12/site-packages/airflow/example_dags/example_python_operator.py
[2026-06-13T17:07:10.057+0000] {processor.py:914} INFO - Processing file /home/airflow/.local/lib/python3.12/site-packages/airflow/example_dags/example_python_operator.py for tasks to queue
[2026-06-13T17:07:10.060+0000] {logging_mixin.py:190} INFO - [2026-06-13T17:07:10.059+0000] {dagbag.py:588} INFO - Filling up the DagBag from /home/airflow/.local/lib/python3.12/site-packages/airflow/example_dags/example_python_operator.py
[2026-06-13T17:07:10.070+0000] {processor.py:925} INFO - DAG(s) 'example_python_operator' retrieved from /home/airflow/.local/lib/python3.12/site-packages/airflow/example_dags/example_python_operator.py
[2026-06-13T17:07:10.093+0000] {logging_mixin.py:190} INFO - [2026-06-13T17:07:10.093+0000] {dag.py:3239} INFO - Sync 1 DAGs
[2026-06-13T17:07:10.106+0000] {logging_mixin.py:190} INFO - [2026-06-13T17:07:10.106+0000] {dag.py:4180} INFO - Setting next_dagrun for example_python_operator to None, run_after=None
[2026-06-13T17:07:10.129+0000] {processor.py:208} INFO - Processing /home/airflow/.local/lib/python3.12/site-packages/airflow/example_dags/example_python_operator.py took 0.078 seconds
[2026-06-13T17:07:40.705+0000] {processor.py:186} INFO - Started process (PID=2053) to work on /home/airflow/.local/lib/python3.12/site-packages/airflow/example_dags/example_python_operator.py
[2026-06-13T17:07:40.706+0000] {processor.py:914} INFO - Processing file /home/airflow/.local/lib/python3.12/site-packages/airflow/example_dags/example_python_operator.py for tasks to queue
[2026-06-13T17:07:40.710+0000] {logging_mixin.py:190} INFO - [2026-06-13T17:07:40.709+0000] {dagbag.py:588} INFO - Filling up the DagBag from /home/airflow/.local/lib/python3.12/site-packages/airflow/example_dags/example_python_operator.py
[2026-06-13T17:07:40.725+0000] {processor.py:925} INFO - DAG(s) 'example_python_operator' retrieved from /home/airflow/.local/lib/python3.12/site-packages/airflow/example_dags/example_python_operator.py
[2026-06-13T17:07:40.750+0000] {logging_mixin.py:190} INFO - [2026-06-13T17:07:40.750+0000] {dag.py:3239} INFO - Sync 1 DAGs
[2026-06-13T17:07:40.765+0000] {logging_mixin.py:190} INFO - [2026-06-13T17:07:40.765+0000] {dag.py:4180} INFO - Setting next_dagrun for example_python_operator to None, run_after=None
[2026-06-13T17:07:40.811+0000] {processor.py:208} INFO - Processing /home/airflow/.local/lib/python3.12/site-packages/airflow/example_dags/example_python_operator.py took 0.114 seconds
[2026-06-13T17:08:11.284+0000] {processor.py:186} INFO - Started process (PID=2115) to work on /home/airflow/.local/lib/python3.12/site-packages/airflow/example_dags/example_python_operator.py
[2026-06-13T17:08:11.286+0000] {processor.py:914} INFO - Processing file /home/airflow/.local/lib/python3.12/site-packages/airflow/example_dags/example_python_operator.py for tasks to queue
[2026-06-13T17:08:11.293+0000] {logging_mixin.py:190} INFO - [2026-06-13T17:08:11.292+0000] {dagbag.py:588} INFO - Filling up the DagBag from /home/airflow/.local/lib/python3.12/site-packages/airflow/example_dags/example_python_operator.py
[2026-06-13T17:08:11.308+0000] {processor.py:925} INFO - DAG(s) 'example_python_operator' retrieved from /home/airflow/.local/lib/python3.12/site-packages/airflow/example_dags/example_python_operator.py
[2026-06-13T17:08:11.336+0000] {logging_mixin.py:190} INFO - [2026-06-13T17:08:11.336+0000] {dag.py:3239} INFO - Sync 1 DAGs
[2026-06-13T17:08:11.352+0000] {logging_mixin.py:190} INFO - [2026-06-13T17:08:11.352+0000] {dag.py:4180} INFO - Setting next_dagrun for example_python_operator to None, run_after=None
[2026-06-13T17:08:11.377+0000] {processor.py:208} INFO - Processing /home/airflow/.local/lib/python3.12/site-packages/airflow/example_dags/example_python_operator.py took 0.103 seconds
[2026-06-13T17:08:41.817+0000] {processor.py:186} INFO - Started process (PID=2177) to work on /home/airflow/.local/lib/python3.12/site-packages/airflow/example_dags/example_python_operator.py
[2026-06-13T17:08:41.818+0000] {processor.py:914} INFO - Processing file /home/airflow/.local/lib/python3.12/site-packages/airflow/example_dags/example_python_operator.py for tasks to queue
[2026-06-13T17:08:41.820+0000] {logging_mixin.py:190} INFO - [2026-06-13T17:08:41.820+0000] {dagbag.py:588} INFO - Filling up the DagBag from /home/airflow/.local/lib/python3.12/site-packages/airflow/example_dags/example_python_operator.py
[2026-06-13T17:08:41.829+0000] {processor.py:925} INFO - DAG(s) 'example_python_operator' retrieved from /home/airflow/.local/lib/python3.12/site-packages/airflow/example_dags/example_python_operator.py
[2026-06-13T17:08:41.846+0000] {logging_mixin.py:190} INFO - [2026-06-13T17:08:41.846+0000] {dag.py:3239} INFO - Sync 1 DAGs
[2026-06-13T17:08:41.857+0000] {logging_mixin.py:190} INFO - [2026-06-13T17:08:41.857+0000] {dag.py:4180} INFO - Setting next_dagrun for example_python_operator to None, run_after=None
[2026-06-13T17:08:41.875+0000] {processor.py:208} INFO - Processing /home/airflow/.local/lib/python3.12/site-packages/airflow/example_dags/example_python_operator.py took 0.063 seconds
[2026-06-13T17:09:12.408+0000] {processor.py:186} INFO - Started process (PID=2239) to work on /home/airflow/.local/lib/python3.12/site-packages/airflow/example_dags/example_python_operator.py
[2026-06-13T17:09:12.410+0000] {processor.py:914} INFO - Processing file /home/airflow/.local/lib/python3.12/site-packages/airflow/example_dags/example_python_operator.py for tasks to queue
[2026-06-13T17:09:12.412+0000] {logging_mixin.py:190} INFO - [2026-06-13T17:09:12.412+0000] {dagbag.py:588} INFO - Filling up the DagBag from /home/airflow/.local/lib/python3.12/site-packages/airflow/example_dags/example_python_operator.py
[2026-06-13T17:09:12.422+0000] {processor.py:925} INFO - DAG(s) 'example_python_operator' retrieved from /home/airflow/.local/lib/python3.12/site-packages/airflow/example_dags/example_python_operator.py
[2026-06-13T17:09:12.440+0000] {logging_mixin.py:190} INFO - [2026-06-13T17:09:12.439+0000] {dag.py:3239} INFO - Sync 1 DAGs
[2026-06-13T17:09:12.451+0000] {logging_mixin.py:190} INFO - [2026-06-13T17:09:12.450+0000] {dag.py:4180} INFO - Setting next_dagrun for example_python_operator to None, run_after=None
[2026-06-13T17:09:12.465+0000] {processor.py:208} INFO - Processing /home/airflow/.local/lib/python3.12/site-packages/airflow/example_dags/example_python_operator.py took 0.062 seconds
[2026-06-13T17:09:43.073+0000] {processor.py:186} INFO - Started process (PID=2301) to work on /home/airflow/.local/lib/python3.12/site-packages/airflow/example_dags/example_python_operator.py
[2026-06-13T17:09:43.075+0000] {processor.py:914} INFO - Processing file /home/airflow/.local/lib/python3.12/site-packages/airflow/example_dags/example_python_operator.py for tasks to queue
[2026-06-13T17:09:43.077+0000] {logging_mixin.py:190} INFO - [2026-06-13T17:09:43.077+0000] {dagbag.py:588} INFO - Filling up the DagBag from /home/airflow/.local/lib/python3.12/site-packages/airflow/example_dags/example_python_operator.py
[2026-06-13T17:09:43.087+0000] {processor.py:925} INFO - DAG(s) 'example_python_operator' retrieved from /home/airflow/.local/lib/python3.12/site-packages/airflow/example_dags/example_python_operator.py
[2026-06-13T17:09:43.107+0000] {logging_mixin.py:190} INFO - [2026-06-13T17:09:43.107+0000] {dag.py:3239} INFO - Sync 1 DAGs
[2026-06-13T17:09:43.121+0000] {logging_mixin.py:190} INFO - [2026-06-13T17:09:43.121+0000] {dag.py:4180} INFO - Setting next_dagrun for example_python_operator to None, run_after=None
[2026-06-13T17:09:43.146+0000] {processor.py:208} INFO - Processing /home/airflow/.local/lib/python3.12/site-packages/airflow/example_dags/example_python_operator.py took 0.078 seconds
[2026-06-13T17:10:13.420+0000] {processor.py:186} INFO - Started process (PID=2363) to work on /home/airflow/.local/lib/python3.12/site-packages/airflow/example_dags/example_python_operator.py
[2026-06-13T17:10:13.421+0000] {processor.py:914} INFO - Processing file /home/airflow/.local/lib/python3.12/site-packages/airflow/example_dags/example_python_operator.py for tasks to queue
[2026-06-13T17:10:13.424+0000] {logging_mixin.py:190} INFO - [2026-06-13T17:10:13.423+0000] {dagbag.py:588} INFO - Filling up the DagBag from /home/airflow/.local/lib/python3.12/site-packages/airflow/example_dags/example_python_operator.py
[2026-06-13T17:10:13.433+0000] {processor.py:925} INFO - DAG(s) 'example_python_operator' retrieved from /home/airflow/.local/lib/python3.12/site-packages/airflow/example_dags/example_python_operator.py
[2026-06-13T17:10:13.450+0000] {logging_mixin.py:190} INFO - [2026-06-13T17:10:13.450+0000] {dag.py:3239} INFO - Sync 1 DAGs
[2026-06-13T17:10:13.461+0000] {logging_mixin.py:190} INFO - [2026-06-13T17:10:13.461+0000] {dag.py:4180} INFO - Setting next_dagrun for example_python_operator to None, run_after=None
[2026-06-13T17:10:13.478+0000] {processor.py:208} INFO - Processing /home/airflow/.local/lib/python3.12/site-packages/airflow/example_dags/example_python_operator.py took 0.063 seconds
[2026-06-13T17:10:43.601+0000] {processor.py:186} INFO - Started process (PID=2425) to work on /home/airflow/.local/lib/python3.12/site-packages/airflow/example_dags/example_python_operator.py
[2026-06-13T17:10:43.602+0000] {processor.py:914} INFO - Processing file /home/airflow/.local/lib/python3.12/site-packages/airflow/example_dags/example_python_operator.py for tasks to queue
[2026-06-13T17:10:43.604+0000] {logging_mixin.py:190} INFO - [2026-06-13T17:10:43.604+0000] {dagbag.py:588} INFO - Filling up the DagBag from /home/airflow/.local/lib/python3.12/site-packages/airflow/example_dags/example_python_operator.py
[2026-06-13T17:10:43.614+0000] {processor.py:925} INFO - DAG(s) 'example_python_operator' retrieved from /home/airflow/.local/lib/python3.12/site-packages/airflow/example_dags/example_python_operator.py
[2026-06-13T17:10:43.631+0000] {logging_mixin.py:190} INFO - [2026-06-13T17:10:43.631+0000] {dag.py:3239} INFO - Sync 1 DAGs
[2026-06-13T17:10:43.641+0000] {logging_mixin.py:190} INFO - [2026-06-13T17:10:43.641+0000] {dag.py:4180} INFO - Setting next_dagrun for example_python_operator to None, run_after=None
[2026-06-13T17:10:43.659+0000] {processor.py:208} INFO - Processing /home/airflow/.local/lib/python3.12/site-packages/airflow/example_dags/example_python_operator.py took 0.064 seconds
[2026-06-13T17:11:13.847+0000] {processor.py:186} INFO - Started process (PID=2487) to work on /home/airflow/.local/lib/python3.12/site-packages/airflow/example_dags/example_python_operator.py
[2026-06-13T17:11:13.848+0000] {processor.py:914} INFO - Processing file /home/airflow/.local/lib/python3.12/site-packages/airflow/example_dags/example_python_operator.py for tasks to queue
[2026-06-13T17:11:13.851+0000] {logging_mixin.py:190} INFO - [2026-06-13T17:11:13.850+0000] {dagbag.py:588} INFO - Filling up the DagBag from /home/airflow/.local/lib/python3.12/site-packages/airflow/example_dags/example_python_operator.py
[2026-06-13T17:11:13.861+0000] {processor.py:925} INFO - DAG(s) 'example_python_operator' retrieved from /home/airflow/.local/lib/python3.12/site-packages/airflow/example_dags/example_python_operator.py
[2026-06-13T17:11:13.882+0000] {logging_mixin.py:190} INFO - [2026-06-13T17:11:13.882+0000] {dag.py:3239} INFO - Sync 1 DAGs
[2026-06-13T17:11:13.893+0000] {logging_mixin.py:190} INFO - [2026-06-13T17:11:13.893+0000] {dag.py:4180} INFO - Setting next_dagrun for example_python_operator to None, run_after=None
[2026-06-13T17:11:13.909+0000] {processor.py:208} INFO - Processing /home/airflow/.local/lib/python3.12/site-packages/airflow/example_dags/example_python_operator.py took 0.066 seconds
[2026-06-13T17:11:44.409+0000] {processor.py:186} INFO - Started process (PID=2548) to work on /home/airflow/.local/lib/python3.12/site-packages/airflow/example_dags/example_python_operator.py
[2026-06-13T17:11:44.410+0000] {processor.py:914} INFO - Processing file /home/airflow/.local/lib/python3.12/site-packages/airflow/example_dags/example_python_operator.py for tasks to queue
[2026-06-13T17:11:44.413+0000] {logging_mixin.py:190} INFO - [2026-06-13T17:11:44.412+0000] {dagbag.py:588} INFO - Filling up the DagBag from /home/airflow/.local/lib/python3.12/site-packages/airflow/example_dags/example_python_operator.py
[2026-06-13T17:11:44.423+0000] {processor.py:925} INFO - DAG(s) 'example_python_operator' retrieved from /home/airflow/.local/lib/python3.12/site-packages/airflow/example_dags/example_python_operator.py
[2026-06-13T17:11:44.445+0000] {logging_mixin.py:190} INFO - [2026-06-13T17:11:44.445+0000] {dag.py:3239} INFO - Sync 1 DAGs
[2026-06-13T17:11:44.458+0000] {logging_mixin.py:190} INFO - [2026-06-13T17:11:44.458+0000] {dag.py:4180} INFO - Setting next_dagrun for example_python_operator to None, run_after=None
[2026-06-13T17:11:44.478+0000] {processor.py:208} INFO - Processing /home/airflow/.local/lib/python3.12/site-packages/airflow/example_dags/example_python_operator.py took 0.075 seconds
[2026-06-13T17:12:15.913+0000] {processor.py:186} INFO - Started process (PID=2610) to work on /home/airflow/.local/lib/python3.12/site-packages/airflow/example_dags/example_python_operator.py
[2026-06-13T17:12:15.915+0000] {processor.py:914} INFO - Processing file /home/airflow/.local/lib/python3.12/site-packages/airflow/example_dags/example_python_operator.py for tasks to queue
[2026-06-13T17:12:15.917+0000] {logging_mixin.py:190} INFO - [2026-06-13T17:12:15.917+0000] {dagbag.py:588} INFO - Filling up the DagBag from /home/airflow/.local/lib/python3.12/site-packages/airflow/example_dags/example_python_operator.py
[2026-06-13T17:12:15.927+0000] {processor.py:925} INFO - DAG(s) 'example_python_operator' retrieved from /home/airflow/.local/lib/python3.12/site-packages/airflow/example_dags/example_python_operator.py
[2026-06-13T17:12:15.945+0000] {logging_mixin.py:190} INFO - [2026-06-13T17:12:15.945+0000] {dag.py:3239} INFO - Sync 1 DAGs
[2026-06-13T17:12:16.090+0000] {logging_mixin.py:190} INFO - [2026-06-13T17:12:16.090+0000] {dag.py:4180} INFO - Setting next_dagrun for example_python_operator to None, run_after=None
[2026-06-13T17:12:16.106+0000] {processor.py:208} INFO - Processing /home/airflow/.local/lib/python3.12/site-packages/airflow/example_dags/example_python_operator.py took 0.197 seconds
[2026-06-13T17:12:46.533+0000] {processor.py:186} INFO - Started process (PID=2672) to work on /home/airflow/.local/lib/python3.12/site-packages/airflow/example_dags/example_python_operator.py
[2026-06-13T17:12:46.535+0000] {processor.py:914} INFO - Processing file /home/airflow/.local/lib/python3.12/site-packages/airflow/example_dags/example_python_operator.py for tasks to queue
[2026-06-13T17:12:46.537+0000] {logging_mixin.py:190} INFO - [2026-06-13T17:12:46.537+0000] {dagbag.py:588} INFO - Filling up the DagBag from /home/airflow/.local/lib/python3.12/site-packages/airflow/example_dags/example_python_operator.py
[2026-06-13T17:12:46.547+0000] {processor.py:925} INFO - DAG(s) 'example_python_operator' retrieved from /home/airflow/.local/lib/python3.12/site-packages/airflow/example_dags/example_python_operator.py
[2026-06-13T17:12:46.565+0000] {logging_mixin.py:190} INFO - [2026-06-13T17:12:46.564+0000] {dag.py:3239} INFO - Sync 1 DAGs
[2026-06-13T17:12:46.710+0000] {logging_mixin.py:190} INFO - [2026-06-13T17:12:46.709+0000] {dag.py:4180} INFO - Setting next_dagrun for example_python_operator to None, run_after=None
[2026-06-13T17:12:46.735+0000] {processor.py:208} INFO - Processing /home/airflow/.local/lib/python3.12/site-packages/airflow/example_dags/example_python_operator.py took 0.206 seconds
[2026-06-13T17:13:17.493+0000] {processor.py:186} INFO - Started process (PID=2734) to work on /home/airflow/.local/lib/python3.12/site-packages/airflow/example_dags/example_python_operator.py
[2026-06-13T17:13:17.495+0000] {processor.py:914} INFO - Processing file /home/airflow/.local/lib/python3.12/site-packages/airflow/example_dags/example_python_operator.py for tasks to queue
[2026-06-13T17:13:17.497+0000] {logging_mixin.py:190} INFO - [2026-06-13T17:13:17.497+0000] {dagbag.py:588} INFO - Filling up the DagBag from /home/airflow/.local/lib/python3.12/site-packages/airflow/example_dags/example_python_operator.py
[2026-06-13T17:13:17.507+0000] {processor.py:925} INFO - DAG(s) 'example_python_operator' retrieved from /home/airflow/.local/lib/python3.12/site-packages/airflow/example_dags/example_python_operator.py
[2026-06-13T17:13:17.530+0000] {logging_mixin.py:190} INFO - [2026-06-13T17:13:17.530+0000] {dag.py:3239} INFO - Sync 1 DAGs
[2026-06-13T17:13:17.553+0000] {logging_mixin.py:190} INFO - [2026-06-13T17:13:17.552+0000] {dag.py:4180} INFO - Setting next_dagrun for example_python_operator to None, run_after=None
[2026-06-13T17:13:17.578+0000] {processor.py:208} INFO - Processing /home/airflow/.local/lib/python3.12/site-packages/airflow/example_dags/example_python_operator.py took 0.089 seconds
[2026-06-13T17:13:47.985+0000] {processor.py:186} INFO - Started process (PID=2796) to work on /home/airflow/.local/lib/python3.12/site-packages/airflow/example_dags/example_python_operator.py
[2026-06-13T17:13:47.986+0000] {processor.py:914} INFO - Processing file /home/airflow/.local/lib/python3.12/site-packages/airflow/example_dags/example_python_operator.py for tasks to queue
[2026-06-13T17:13:47.989+0000] {logging_mixin.py:190} INFO - [2026-06-13T17:13:47.988+0000] {dagbag.py:588} INFO - Filling up the DagBag from /home/airflow/.local/lib/python3.12/site-packages/airflow/example_dags/example_python_operator.py
[2026-06-13T17:13:47.998+0000] {processor.py:925} INFO - DAG(s) 'example_python_operator' retrieved from /home/airflow/.local/lib/python3.12/site-packages/airflow/example_dags/example_python_operator.py
[2026-06-13T17:13:48.015+0000] {logging_mixin.py:190} INFO - [2026-06-13T17:13:48.015+0000] {dag.py:3239} INFO - Sync 1 DAGs
[2026-06-13T17:13:48.027+0000] {logging_mixin.py:190} INFO - [2026-06-13T17:13:48.027+0000] {dag.py:4180} INFO - Setting next_dagrun for example_python_operator to None, run_after=None
[2026-06-13T17:13:48.046+0000] {processor.py:208} INFO - Processing /home/airflow/.local/lib/python3.12/site-packages/airflow/example_dags/example_python_operator.py took 0.065 seconds
[2026-06-13T17:14:18.546+0000] {processor.py:186} INFO - Started process (PID=2858) to work on /home/airflow/.local/lib/python3.12/site-packages/airflow/example_dags/example_python_operator.py
[2026-06-13T17:14:18.547+0000] {processor.py:914} INFO - Processing file /home/airflow/.local/lib/python3.12/site-packages/airflow/example_dags/example_python_operator.py for tasks to queue
[2026-06-13T17:14:18.550+0000] {logging_mixin.py:190} INFO - [2026-06-13T17:14:18.550+0000] {dagbag.py:588} INFO - Filling up the DagBag from /home/airflow/.local/lib/python3.12/site-packages/airflow/example_dags/example_python_operator.py
[2026-06-13T17:14:18.567+0000] {processor.py:925} INFO - DAG(s) 'example_python_operator' retrieved from /home/airflow/.local/lib/python3.12/site-packages/airflow/example_dags/example_python_operator.py
[2026-06-13T17:14:18.599+0000] {logging_mixin.py:190} INFO - [2026-06-13T17:14:18.598+0000] {dag.py:3239} INFO - Sync 1 DAGs
[2026-06-13T17:14:18.616+0000] {logging_mixin.py:190} INFO - [2026-06-13T17:14:18.616+0000] {dag.py:4180} INFO - Setting next_dagrun for example_python_operator to None, run_after=None
[2026-06-13T17:14:18.639+0000] {processor.py:208} INFO - Processing /home/airflow/.local/lib/python3.12/site-packages/airflow/example_dags/example_python_operator.py took 0.101 seconds
[2026-06-13T17:14:49.118+0000] {processor.py:186} INFO - Started process (PID=2920) to work on /home/airflow/.local/lib/python3.12/site-packages/airflow/example_dags/example_python_operator.py
[2026-06-13T17:14:49.120+0000] {processor.py:914} INFO - Processing file /home/airflow/.local/lib/python3.12/site-packages/airflow/example_dags/example_python_operator.py for tasks to queue
[2026-06-13T17:14:49.123+0000] {logging_mixin.py:190} INFO - [2026-06-13T17:14:49.122+0000] {dagbag.py:588} INFO - Filling up the DagBag from /home/airflow/.local/lib/python3.12/site-packages/airflow/example_dags/example_python_operator.py
[2026-06-13T17:14:49.133+0000] {processor.py:925} INFO - DAG(s) 'example_python_operator' retrieved from /home/airflow/.local/lib/python3.12/site-packages/airflow/example_dags/example_python_operator.py
[2026-06-13T17:14:49.159+0000] {logging_mixin.py:190} INFO - [2026-06-13T17:14:49.158+0000] {dag.py:3239} INFO - Sync 1 DAGs
[2026-06-13T17:14:49.171+0000] {logging_mixin.py:190} INFO - [2026-06-13T17:14:49.171+0000] {dag.py:4180} INFO - Setting next_dagrun for example_python_operator to None, run_after=None
[2026-06-13T17:14:49.190+0000] {processor.py:208} INFO - Processing /home/airflow/.local/lib/python3.12/site-packages/airflow/example_dags/example_python_operator.py took 0.077 seconds
[2026-06-13T17:15:19.493+0000] {processor.py:186} INFO - Started process (PID=2982) to work on /home/airflow/.local/lib/python3.12/site-packages/airflow/example_dags/example_python_operator.py
[2026-06-13T17:15:19.494+0000] {processor.py:914} INFO - Processing file /home/airflow/.local/lib/python3.12/site-packages/airflow/example_dags/example_python_operator.py for tasks to queue
[2026-06-13T17:15:19.496+0000] {logging_mixin.py:190} INFO - [2026-06-13T17:15:19.496+0000] {dagbag.py:588} INFO - Filling up the DagBag from /home/airflow/.local/lib/python3.12/site-packages/airflow/example_dags/example_python_operator.py
[2026-06-13T17:15:19.506+0000] {processor.py:925} INFO - DAG(s) 'example_python_operator' retrieved from /home/airflow/.local/lib/python3.12/site-packages/airflow/example_dags/example_python_operator.py
[2026-06-13T17:15:19.522+0000] {logging_mixin.py:190} INFO - [2026-06-13T17:15:19.522+0000] {dag.py:3239} INFO - Sync 1 DAGs
[2026-06-13T17:15:19.533+0000] {logging_mixin.py:190} INFO - [2026-06-13T17:15:19.533+0000] {dag.py:4180} INFO - Setting next_dagrun for example_python_operator to None, run_after=None
[2026-06-13T17:15:19.551+0000] {processor.py:208} INFO - Processing /home/airflow/.local/lib/python3.12/site-packages/airflow/example_dags/example_python_operator.py took 0.063 seconds
[2026-06-13T17:15:49.997+0000] {processor.py:186} INFO - Started process (PID=3044) to work on /home/airflow/.local/lib/python3.12/site-packages/airflow/example_dags/example_python_operator.py
[2026-06-13T17:15:49.998+0000] {processor.py:914} INFO - Processing file /home/airflow/.local/lib/python3.12/site-packages/airflow/example_dags/example_python_operator.py for tasks to queue
[2026-06-13T17:15:50.000+0000] {logging_mixin.py:190} INFO - [2026-06-13T17:15:50.000+0000] {dagbag.py:588} INFO - Filling up the DagBag from /home/airflow/.local/lib/python3.12/site-packages/airflow/example_dags/example_python_operator.py
[2026-06-13T17:15:50.010+0000] {processor.py:925} INFO - DAG(s) 'example_python_operator' retrieved from /home/airflow/.local/lib/python3.12/site-packages/airflow/example_dags/example_python_operator.py
[2026-06-13T17:15:50.027+0000] {logging_mixin.py:190} INFO - [2026-06-13T17:15:50.027+0000] {dag.py:3239} INFO - Sync 1 DAGs
[2026-06-13T17:15:50.039+0000] {logging_mixin.py:190} INFO - [2026-06-13T17:15:50.038+0000] {dag.py:4180} INFO - Setting next_dagrun for example_python_operator to None, run_after=None
[2026-06-13T17:15:50.054+0000] {processor.py:208} INFO - Processing /home/airflow/.local/lib/python3.12/site-packages/airflow/example_dags/example_python_operator.py took 0.061 seconds
[2026-06-13T17:16:20.427+0000] {processor.py:186} INFO - Started process (PID=3106) to work on /home/airflow/.local/lib/python3.12/site-packages/airflow/example_dags/example_python_operator.py
[2026-06-13T17:16:20.428+0000] {processor.py:914} INFO - Processing file /home/airflow/.local/lib/python3.12/site-packages/airflow/example_dags/example_python_operator.py for tasks to queue
[2026-06-13T17:16:20.430+0000] {logging_mixin.py:190} INFO - [2026-06-13T17:16:20.430+0000] {dagbag.py:588} INFO - Filling up the DagBag from /home/airflow/.local/lib/python3.12/site-packages/airflow/example_dags/example_python_operator.py
[2026-06-13T17:16:20.439+0000] {processor.py:925} INFO - DAG(s) 'example_python_operator' retrieved from /home/airflow/.local/lib/python3.12/site-packages/airflow/example_dags/example_python_operator.py
[2026-06-13T17:16:20.457+0000] {logging_mixin.py:190} INFO - [2026-06-13T17:16:20.457+0000] {dag.py:3239} INFO - Sync 1 DAGs
[2026-06-13T17:16:20.468+0000] {logging_mixin.py:190} INFO - [2026-06-13T17:16:20.468+0000] {dag.py:4180} INFO - Setting next_dagrun for example_python_operator to None, run_after=None
[2026-06-13T17:16:20.490+0000] {processor.py:208} INFO - Processing /home/airflow/.local/lib/python3.12/site-packages/airflow/example_dags/example_python_operator.py took 0.067 seconds
[2026-06-13T17:16:50.913+0000] {processor.py:186} INFO - Started process (PID=3168) to work on /home/airflow/.local/lib/python3.12/site-packages/airflow/example_dags/example_python_operator.py
[2026-06-13T17:16:50.915+0000] {processor.py:914} INFO - Processing file /home/airflow/.local/lib/python3.12/site-packages/airflow/example_dags/example_python_operator.py for tasks to queue
[2026-06-13T17:16:50.917+0000] {logging_mixin.py:190} INFO - [2026-06-13T17:16:50.917+0000] {dagbag.py:588} INFO - Filling up the DagBag from /home/airflow/.local/lib/python3.12/site-packages/airflow/example_dags/example_python_operator.py
[2026-06-13T17:16:50.927+0000] {processor.py:925} INFO - DAG(s) 'example_python_operator' retrieved from /home/airflow/.local/lib/python3.12/site-packages/airflow/example_dags/example_python_operator.py
[2026-06-13T17:16:50.944+0000] {logging_mixin.py:190} INFO - [2026-06-13T17:16:50.944+0000] {dag.py:3239} INFO - Sync 1 DAGs
[2026-06-13T17:16:50.955+0000] {logging_mixin.py:190} INFO - [2026-06-13T17:16:50.955+0000] {dag.py:4180} INFO - Setting next_dagrun for example_python_operator to None, run_after=None
[2026-06-13T17:16:50.974+0000] {processor.py:208} INFO - Processing /home/airflow/.local/lib/python3.12/site-packages/airflow/example_dags/example_python_operator.py took 0.066 seconds
[2026-06-13T17:17:21.291+0000] {processor.py:186} INFO - Started process (PID=3230) to work on /home/airflow/.local/lib/python3.12/site-packages/airflow/example_dags/example_python_operator.py
[2026-06-13T17:17:21.292+0000] {processor.py:914} INFO - Processing file /home/airflow/.local/lib/python3.12/site-packages/airflow/example_dags/example_python_operator.py for tasks to queue
[2026-06-13T17:17:21.295+0000] {logging_mixin.py:190} INFO - [2026-06-13T17:17:21.294+0000] {dagbag.py:588} INFO - Filling up the DagBag from /home/airflow/.local/lib/python3.12/site-packages/airflow/example_dags/example_python_operator.py
[2026-06-13T17:17:21.305+0000] {processor.py:925} INFO - DAG(s) 'example_python_operator' retrieved from /home/airflow/.local/lib/python3.12/site-packages/airflow/example_dags/example_python_operator.py
[2026-06-13T17:17:21.325+0000] {logging_mixin.py:190} INFO - [2026-06-13T17:17:21.325+0000] {dag.py:3239} INFO - Sync 1 DAGs
[2026-06-13T17:17:21.338+0000] {logging_mixin.py:190} INFO - [2026-06-13T17:17:21.338+0000] {dag.py:4180} INFO - Setting next_dagrun for example_python_operator to None, run_after=None
[2026-06-13T17:17:21.355+0000] {processor.py:208} INFO - Processing /home/airflow/.local/lib/python3.12/site-packages/airflow/example_dags/example_python_operator.py took 0.069 seconds
[2026-06-13T17:17:51.669+0000] {processor.py:186} INFO - Started process (PID=3292) to work on /home/airflow/.local/lib/python3.12/site-packages/airflow/example_dags/example_python_operator.py
[2026-06-13T17:17:51.671+0000] {processor.py:914} INFO - Processing file /home/airflow/.local/lib/python3.12/site-packages/airflow/example_dags/example_python_operator.py for tasks to queue
[2026-06-13T17:17:51.673+0000] {logging_mixin.py:190} INFO - [2026-06-13T17:17:51.673+0000] {dagbag.py:588} INFO - Filling up the DagBag from /home/airflow/.local/lib/python3.12/site-packages/airflow/example_dags/example_python_operator.py
[2026-06-13T17:17:51.683+0000] {processor.py:925} INFO - DAG(s) 'example_python_operator' retrieved from /home/airflow/.local/lib/python3.12/site-packages/airflow/example_dags/example_python_operator.py
[2026-06-13T17:17:51.700+0000] {logging_mixin.py:190} INFO - [2026-06-13T17:17:51.700+0000] {dag.py:3239} INFO - Sync 1 DAGs
[2026-06-13T17:17:51.712+0000] {logging_mixin.py:190} INFO - [2026-06-13T17:17:51.712+0000] {dag.py:4180} INFO - Setting next_dagrun for example_python_operator to None, run_after=None
[2026-06-13T17:17:51.740+0000] {processor.py:208} INFO - Processing /home/airflow/.local/lib/python3.12/site-packages/airflow/example_dags/example_python_operator.py took 0.075 seconds
[2026-06-13T17:18:22.230+0000] {processor.py:186} INFO - Started process (PID=3354) to work on /home/airflow/.local/lib/python3.12/site-packages/airflow/example_dags/example_python_operator.py
[2026-06-13T17:18:22.231+0000] {processor.py:914} INFO - Processing file /home/airflow/.local/lib/python3.12/site-packages/airflow/example_dags/example_python_operator.py for tasks to queue
[2026-06-13T17:18:22.233+0000] {logging_mixin.py:190} INFO - [2026-06-13T17:18:22.233+0000] {dagbag.py:588} INFO - Filling up the DagBag from /home/airflow/.local/lib/python3.12/site-packages/airflow/example_dags/example_python_operator.py
[2026-06-13T17:18:22.242+0000] {processor.py:925} INFO - DAG(s) 'example_python_operator' retrieved from /home/airflow/.local/lib/python3.12/site-packages/airflow/example_dags/example_python_operator.py
[2026-06-13T17:18:22.260+0000] {logging_mixin.py:190} INFO - [2026-06-13T17:18:22.260+0000] {dag.py:3239} INFO - Sync 1 DAGs
[2026-06-13T17:18:22.270+0000] {logging_mixin.py:190} INFO - [2026-06-13T17:18:22.270+0000] {dag.py:4180} INFO - Setting next_dagrun for example_python_operator to None, run_after=None
[2026-06-13T17:18:22.289+0000] {processor.py:208} INFO - Processing /home/airflow/.local/lib/python3.12/site-packages/airflow/example_dags/example_python_operator.py took 0.065 seconds
[2026-06-13T17:18:52.743+0000] {processor.py:186} INFO - Started process (PID=3416) to work on /home/airflow/.local/lib/python3.12/site-packages/airflow/example_dags/example_python_operator.py
[2026-06-13T17:18:52.745+0000] {processor.py:914} INFO - Processing file /home/airflow/.local/lib/python3.12/site-packages/airflow/example_dags/example_python_operator.py for tasks to queue
[2026-06-13T17:18:52.748+0000] {logging_mixin.py:190} INFO - [2026-06-13T17:18:52.747+0000] {dagbag.py:588} INFO - Filling up the DagBag from /home/airflow/.local/lib/python3.12/site-packages/airflow/example_dags/example_python_operator.py
[2026-06-13T17:18:52.761+0000] {processor.py:925} INFO - DAG(s) 'example_python_operator' retrieved from /home/airflow/.local/lib/python3.12/site-packages/airflow/example_dags/example_python_operator.py
[2026-06-13T17:18:52.787+0000] {logging_mixin.py:190} INFO - [2026-06-13T17:18:52.787+0000] {dag.py:3239} INFO - Sync 1 DAGs
[2026-06-13T17:18:52.806+0000] {logging_mixin.py:190} INFO - [2026-06-13T17:18:52.806+0000] {dag.py:4180} INFO - Setting next_dagrun for example_python_operator to None, run_after=None
[2026-06-13T17:18:52.833+0000] {processor.py:208} INFO - Processing /home/airflow/.local/lib/python3.12/site-packages/airflow/example_dags/example_python_operator.py took 0.098 seconds
[2026-06-13T17:19:23.223+0000] {processor.py:186} INFO - Started process (PID=3478) to work on /home/airflow/.local/lib/python3.12/site-packages/airflow/example_dags/example_python_operator.py
[2026-06-13T17:19:23.224+0000] {processor.py:914} INFO - Processing file /home/airflow/.local/lib/python3.12/site-packages/airflow/example_dags/example_python_operator.py for tasks to queue
[2026-06-13T17:19:23.226+0000] {logging_mixin.py:190} INFO - [2026-06-13T17:19:23.226+0000] {dagbag.py:588} INFO - Filling up the DagBag from /home/airflow/.local/lib/python3.12/site-packages/airflow/example_dags/example_python_operator.py
[2026-06-13T17:19:23.239+0000] {processor.py:925} INFO - DAG(s) 'example_python_operator' retrieved from /home/airflow/.local/lib/python3.12/site-packages/airflow/example_dags/example_python_operator.py
[2026-06-13T17:19:23.263+0000] {logging_mixin.py:190} INFO - [2026-06-13T17:19:23.262+0000] {dag.py:3239} INFO - Sync 1 DAGs
[2026-06-13T17:19:23.275+0000] {logging_mixin.py:190} INFO - [2026-06-13T17:19:23.275+0000] {dag.py:4180} INFO - Setting next_dagrun for example_python_operator to None, run_after=None
[2026-06-13T17:19:23.298+0000] {processor.py:208} INFO - Processing /home/airflow/.local/lib/python3.12/site-packages/airflow/example_dags/example_python_operator.py took 0.081 seconds
[2026-06-13T17:19:54.149+0000] {processor.py:186} INFO - Started process (PID=3540) to work on /home/airflow/.local/lib/python3.12/site-packages/airflow/example_dags/example_python_operator.py
[2026-06-13T17:19:54.150+0000] {processor.py:914} INFO - Processing file /home/airflow/.local/lib/python3.12/site-packages/airflow/example_dags/example_python_operator.py for tasks to queue
[2026-06-13T17:19:54.152+0000] {logging_mixin.py:190} INFO - [2026-06-13T17:19:54.152+0000] {dagbag.py:588} INFO - Filling up the DagBag from /home/airflow/.local/lib/python3.12/site-packages/airflow/example_dags/example_python_operator.py
[2026-06-13T17:19:54.162+0000] {processor.py:925} INFO - DAG(s) 'example_python_operator' retrieved from /home/airflow/.local/lib/python3.12/site-packages/airflow/example_dags/example_python_operator.py
[2026-06-13T17:19:54.181+0000] {logging_mixin.py:190} INFO - [2026-06-13T17:19:54.180+0000] {dag.py:3239} INFO - Sync 1 DAGs
[2026-06-13T17:19:54.193+0000] {logging_mixin.py:190} INFO - [2026-06-13T17:19:54.192+0000] {dag.py:4180} INFO - Setting next_dagrun for example_python_operator to None, run_after=None
[2026-06-13T17:19:54.212+0000] {processor.py:208} INFO - Processing /home/airflow/.local/lib/python3.12/site-packages/airflow/example_dags/example_python_operator.py took 0.068 seconds
[2026-06-13T17:20:24.799+0000] {processor.py:186} INFO - Started process (PID=3602) to work on /home/airflow/.local/lib/python3.12/site-packages/airflow/example_dags/example_python_operator.py
[2026-06-13T17:20:24.800+0000] {processor.py:914} INFO - Processing file /home/airflow/.local/lib/python3.12/site-packages/airflow/example_dags/example_python_operator.py for tasks to queue
[2026-06-13T17:20:24.802+0000] {logging_mixin.py:190} INFO - [2026-06-13T17:20:24.802+0000] {dagbag.py:588} INFO - Filling up the DagBag from /home/airflow/.local/lib/python3.12/site-packages/airflow/example_dags/example_python_operator.py
[2026-06-13T17:20:24.813+0000] {processor.py:925} INFO - DAG(s) 'example_python_operator' retrieved from /home/airflow/.local/lib/python3.12/site-packages/airflow/example_dags/example_python_operator.py
[2026-06-13T17:20:24.831+0000] {logging_mixin.py:190} INFO - [2026-06-13T17:20:24.830+0000] {dag.py:3239} INFO - Sync 1 DAGs
[2026-06-13T17:20:24.842+0000] {logging_mixin.py:190} INFO - [2026-06-13T17:20:24.842+0000] {dag.py:4180} INFO - Setting next_dagrun for example_python_operator to None, run_after=None
[2026-06-13T17:20:24.860+0000] {processor.py:208} INFO - Processing /home/airflow/.local/lib/python3.12/site-packages/airflow/example_dags/example_python_operator.py took 0.067 seconds
[2026-06-13T17:20:55.328+0000] {processor.py:186} INFO - Started process (PID=3664) to work on /home/airflow/.local/lib/python3.12/site-packages/airflow/example_dags/example_python_operator.py
[2026-06-13T17:20:55.329+0000] {processor.py:914} INFO - Processing file /home/airflow/.local/lib/python3.12/site-packages/airflow/example_dags/example_python_operator.py for tasks to queue
[2026-06-13T17:20:55.332+0000] {logging_mixin.py:190} INFO - [2026-06-13T17:20:55.331+0000] {dagbag.py:588} INFO - Filling up the DagBag from /home/airflow/.local/lib/python3.12/site-packages/airflow/example_dags/example_python_operator.py
[2026-06-13T17:20:55.342+0000] {processor.py:925} INFO - DAG(s) 'example_python_operator' retrieved from /home/airflow/.local/lib/python3.12/site-packages/airflow/example_dags/example_python_operator.py
[2026-06-13T17:20:55.359+0000] {logging_mixin.py:190} INFO - [2026-06-13T17:20:55.358+0000] {dag.py:3239} INFO - Sync 1 DAGs
[2026-06-13T17:20:55.369+0000] {logging_mixin.py:190} INFO - [2026-06-13T17:20:55.369+0000] {dag.py:4180} INFO - Setting next_dagrun for example_python_operator to None, run_after=None
[2026-06-13T17:20:55.385+0000] {processor.py:208} INFO - Processing /home/airflow/.local/lib/python3.12/site-packages/airflow/example_dags/example_python_operator.py took 0.062 seconds
[2026-06-13T17:21:25.815+0000] {processor.py:186} INFO - Started process (PID=3726) to work on /home/airflow/.local/lib/python3.12/site-packages/airflow/example_dags/example_python_operator.py
[2026-06-13T17:21:25.817+0000] {processor.py:914} INFO - Processing file /home/airflow/.local/lib/python3.12/site-packages/airflow/example_dags/example_python_operator.py for tasks to queue
[2026-06-13T17:21:25.819+0000] {logging_mixin.py:190} INFO - [2026-06-13T17:21:25.819+0000] {dagbag.py:588} INFO - Filling up the DagBag from /home/airflow/.local/lib/python3.12/site-packages/airflow/example_dags/example_python_operator.py
[2026-06-13T17:21:25.831+0000] {processor.py:925} INFO - DAG(s) 'example_python_operator' retrieved from /home/airflow/.local/lib/python3.12/site-packages/airflow/example_dags/example_python_operator.py
[2026-06-13T17:21:25.852+0000] {logging_mixin.py:190} INFO - [2026-06-13T17:21:25.852+0000] {dag.py:3239} INFO - Sync 1 DAGs
[2026-06-13T17:21:25.864+0000] {logging_mixin.py:190} INFO - [2026-06-13T17:21:25.864+0000] {dag.py:4180} INFO - Setting next_dagrun for example_python_operator to None, run_after=None
[2026-06-13T17:21:25.884+0000] {processor.py:208} INFO - Processing /home/airflow/.local/lib/python3.12/site-packages/airflow/example_dags/example_python_operator.py took 0.075 seconds
[2026-06-13T17:21:56.268+0000] {processor.py:186} INFO - Started process (PID=3788) to work on /home/airflow/.local/lib/python3.12/site-packages/airflow/example_dags/example_python_operator.py
[2026-06-13T17:21:56.270+0000] {processor.py:914} INFO - Processing file /home/airflow/.local/lib/python3.12/site-packages/airflow/example_dags/example_python_operator.py for tasks to queue
[2026-06-13T17:21:56.273+0000] {logging_mixin.py:190} INFO - [2026-06-13T17:21:56.272+0000] {dagbag.py:588} INFO - Filling up the DagBag from /home/airflow/.local/lib/python3.12/site-packages/airflow/example_dags/example_python_operator.py
[2026-06-13T17:21:56.283+0000] {processor.py:925} INFO - DAG(s) 'example_python_operator' retrieved from /home/airflow/.local/lib/python3.12/site-packages/airflow/example_dags/example_python_operator.py
[2026-06-13T17:21:56.302+0000] {logging_mixin.py:190} INFO - [2026-06-13T17:21:56.302+0000] {dag.py:3239} INFO - Sync 1 DAGs
[2026-06-13T17:21:56.313+0000] {logging_mixin.py:190} INFO - [2026-06-13T17:21:56.313+0000] {dag.py:4180} INFO - Setting next_dagrun for example_python_operator to None, run_after=None
[2026-06-13T17:21:56.335+0000] {processor.py:208} INFO - Processing /home/airflow/.local/lib/python3.12/site-packages/airflow/example_dags/example_python_operator.py took 0.072 seconds
[2026-06-13T17:22:26.743+0000] {processor.py:186} INFO - Started process (PID=3850) to work on /home/airflow/.local/lib/python3.12/site-packages/airflow/example_dags/example_python_operator.py
[2026-06-13T17:22:26.744+0000] {processor.py:914} INFO - Processing file /home/airflow/.local/lib/python3.12/site-packages/airflow/example_dags/example_python_operator.py for tasks to queue
[2026-06-13T17:22:26.746+0000] {logging_mixin.py:190} INFO - [2026-06-13T17:22:26.746+0000] {dagbag.py:588} INFO - Filling up the DagBag from /home/airflow/.local/lib/python3.12/site-packages/airflow/example_dags/example_python_operator.py
[2026-06-13T17:22:26.756+0000] {processor.py:925} INFO - DAG(s) 'example_python_operator' retrieved from /home/airflow/.local/lib/python3.12/site-packages/airflow/example_dags/example_python_operator.py
[2026-06-13T17:22:26.773+0000] {logging_mixin.py:190} INFO - [2026-06-13T17:22:26.773+0000] {dag.py:3239} INFO - Sync 1 DAGs
[2026-06-13T17:22:26.785+0000] {logging_mixin.py:190} INFO - [2026-06-13T17:22:26.785+0000] {dag.py:4180} INFO - Setting next_dagrun for example_python_operator to None, run_after=None
[2026-06-13T17:22:26.805+0000] {processor.py:208} INFO - Processing /home/airflow/.local/lib/python3.12/site-packages/airflow/example_dags/example_python_operator.py took 0.067 seconds
[2026-06-13T17:22:57.117+0000] {processor.py:186} INFO - Started process (PID=3912) to work on /home/airflow/.local/lib/python3.12/site-packages/airflow/example_dags/example_python_operator.py
[2026-06-13T17:22:57.118+0000] {processor.py:914} INFO - Processing file /home/airflow/.local/lib/python3.12/site-packages/airflow/example_dags/example_python_operator.py for tasks to queue
[2026-06-13T17:22:57.121+0000] {logging_mixin.py:190} INFO - [2026-06-13T17:22:57.120+0000] {dagbag.py:588} INFO - Filling up the DagBag from /home/airflow/.local/lib/python3.12/site-packages/airflow/example_dags/example_python_operator.py
[2026-06-13T17:22:57.130+0000] {processor.py:925} INFO - DAG(s) 'example_python_operator' retrieved from /home/airflow/.local/lib/python3.12/site-packages/airflow/example_dags/example_python_operator.py
[2026-06-13T17:22:57.147+0000] {logging_mixin.py:190} INFO - [2026-06-13T17:22:57.147+0000] {dag.py:3239} INFO - Sync 1 DAGs
[2026-06-13T17:22:57.157+0000] {logging_mixin.py:190} INFO - [2026-06-13T17:22:57.157+0000] {dag.py:4180} INFO - Setting next_dagrun for example_python_operator to None, run_after=None
[2026-06-13T17:22:57.176+0000] {processor.py:208} INFO - Processing /home/airflow/.local/lib/python3.12/site-packages/airflow/example_dags/example_python_operator.py took 0.063 seconds
[2026-06-13T17:23:27.617+0000] {processor.py:186} INFO - Started process (PID=3974) to work on /home/airflow/.local/lib/python3.12/site-packages/airflow/example_dags/example_python_operator.py
[2026-06-13T17:23:27.618+0000] {processor.py:914} INFO - Processing file /home/airflow/.local/lib/python3.12/site-packages/airflow/example_dags/example_python_operator.py for tasks to queue
[2026-06-13T17:23:27.620+0000] {logging_mixin.py:190} INFO - [2026-06-13T17:23:27.620+0000] {dagbag.py:588} INFO - Filling up the DagBag from /home/airflow/.local/lib/python3.12/site-packages/airflow/example_dags/example_python_operator.py
[2026-06-13T17:23:27.630+0000] {processor.py:925} INFO - DAG(s) 'example_python_operator' retrieved from /home/airflow/.local/lib/python3.12/site-packages/airflow/example_dags/example_python_operator.py
[2026-06-13T17:23:27.650+0000] {logging_mixin.py:190} INFO - [2026-06-13T17:23:27.650+0000] {dag.py:3239} INFO - Sync 1 DAGs
[2026-06-13T17:23:27.663+0000] {logging_mixin.py:190} INFO - [2026-06-13T17:23:27.662+0000] {dag.py:4180} INFO - Setting next_dagrun for example_python_operator to None, run_after=None
[2026-06-13T17:23:27.684+0000] {processor.py:208} INFO - Processing /home/airflow/.local/lib/python3.12/site-packages/airflow/example_dags/example_python_operator.py took 0.071 seconds
[2026-06-13T17:23:58.199+0000] {processor.py:186} INFO - Started process (PID=4037) to work on /home/airflow/.local/lib/python3.12/site-packages/airflow/example_dags/example_python_operator.py
[2026-06-13T17:23:58.200+0000] {processor.py:914} INFO - Processing file /home/airflow/.local/lib/python3.12/site-packages/airflow/example_dags/example_python_operator.py for tasks to queue
[2026-06-13T17:23:58.202+0000] {logging_mixin.py:190} INFO - [2026-06-13T17:23:58.202+0000] {dagbag.py:588} INFO - Filling up the DagBag from /home/airflow/.local/lib/python3.12/site-packages/airflow/example_dags/example_python_operator.py
[2026-06-13T17:23:58.215+0000] {processor.py:925} INFO - DAG(s) 'example_python_operator' retrieved from /home/airflow/.local/lib/python3.12/site-packages/airflow/example_dags/example_python_operator.py
[2026-06-13T17:23:58.240+0000] {logging_mixin.py:190} INFO - [2026-06-13T17:23:58.240+0000] {dag.py:3239} INFO - Sync 1 DAGs
[2026-06-13T17:23:58.254+0000] {logging_mixin.py:190} INFO - [2026-06-13T17:23:58.253+0000] {dag.py:4180} INFO - Setting next_dagrun for example_python_operator to None, run_after=None
[2026-06-13T17:23:58.280+0000] {processor.py:208} INFO - Processing /home/airflow/.local/lib/python3.12/site-packages/airflow/example_dags/example_python_operator.py took 0.088 seconds
[2026-06-13T17:24:28.606+0000] {processor.py:186} INFO - Started process (PID=4099) to work on /home/airflow/.local/lib/python3.12/site-packages/airflow/example_dags/example_python_operator.py
[2026-06-13T17:24:28.607+0000] {processor.py:914} INFO - Processing file /home/airflow/.local/lib/python3.12/site-packages/airflow/example_dags/example_python_operator.py for tasks to queue
[2026-06-13T17:24:28.609+0000] {logging_mixin.py:190} INFO - [2026-06-13T17:24:28.609+0000] {dagbag.py:588} INFO - Filling up the DagBag from /home/airflow/.local/lib/python3.12/site-packages/airflow/example_dags/example_python_operator.py
[2026-06-13T17:24:28.619+0000] {processor.py:925} INFO - DAG(s) 'example_python_operator' retrieved from /home/airflow/.local/lib/python3.12/site-packages/airflow/example_dags/example_python_operator.py
[2026-06-13T17:24:28.636+0000] {logging_mixin.py:190} INFO - [2026-06-13T17:24:28.635+0000] {dag.py:3239} INFO - Sync 1 DAGs
[2026-06-13T17:24:28.650+0000] {logging_mixin.py:190} INFO - [2026-06-13T17:24:28.650+0000] {dag.py:4180} INFO - Setting next_dagrun for example_python_operator to None, run_after=None
[2026-06-13T17:24:28.667+0000] {processor.py:208} INFO - Processing /home/airflow/.local/lib/python3.12/site-packages/airflow/example_dags/example_python_operator.py took 0.066 seconds
[2026-06-13T17:24:58.742+0000] {processor.py:186} INFO - Started process (PID=4161) to work on /home/airflow/.local/lib/python3.12/site-packages/airflow/example_dags/example_python_operator.py
[2026-06-13T17:24:58.744+0000] {processor.py:914} INFO - Processing file /home/airflow/.local/lib/python3.12/site-packages/airflow/example_dags/example_python_operator.py for tasks to queue
[2026-06-13T17:24:58.746+0000] {logging_mixin.py:190} INFO - [2026-06-13T17:24:58.746+0000] {dagbag.py:588} INFO - Filling up the DagBag from /home/airflow/.local/lib/python3.12/site-packages/airflow/example_dags/example_python_operator.py
[2026-06-13T17:24:58.756+0000] {processor.py:925} INFO - DAG(s) 'example_python_operator' retrieved from /home/airflow/.local/lib/python3.12/site-packages/airflow/example_dags/example_python_operator.py
[2026-06-13T17:24:58.778+0000] {logging_mixin.py:190} INFO - [2026-06-13T17:24:58.778+0000] {dag.py:3239} INFO - Sync 1 DAGs
[2026-06-13T17:24:58.791+0000] {logging_mixin.py:190} INFO - [2026-06-13T17:24:58.791+0000] {dag.py:4180} INFO - Setting next_dagrun for example_python_operator to None, run_after=None
[2026-06-13T17:24:58.811+0000] {processor.py:208} INFO - Processing /home/airflow/.local/lib/python3.12/site-packages/airflow/example_dags/example_python_operator.py took 0.073 seconds
[2026-06-13T17:25:29.008+0000] {processor.py:186} INFO - Started process (PID=4223) to work on /home/airflow/.local/lib/python3.12/site-packages/airflow/example_dags/example_python_operator.py
[2026-06-13T17:25:29.009+0000] {processor.py:914} INFO - Processing file /home/airflow/.local/lib/python3.12/site-packages/airflow/example_dags/example_python_operator.py for tasks to queue
[2026-06-13T17:25:29.012+0000] {logging_mixin.py:190} INFO - [2026-06-13T17:25:29.011+0000] {dagbag.py:588} INFO - Filling up the DagBag from /home/airflow/.local/lib/python3.12/site-packages/airflow/example_dags/example_python_operator.py
[2026-06-13T17:25:29.021+0000] {processor.py:925} INFO - DAG(s) 'example_python_operator' retrieved from /home/airflow/.local/lib/python3.12/site-packages/airflow/example_dags/example_python_operator.py
[2026-06-13T17:25:29.039+0000] {logging_mixin.py:190} INFO - [2026-06-13T17:25:29.039+0000] {dag.py:3239} INFO - Sync 1 DAGs
[2026-06-13T17:25:29.051+0000] {logging_mixin.py:190} INFO - [2026-06-13T17:25:29.050+0000] {dag.py:4180} INFO - Setting next_dagrun for example_python_operator to None, run_after=None
[2026-06-13T17:25:29.072+0000] {processor.py:208} INFO - Processing /home/airflow/.local/lib/python3.12/site-packages/airflow/example_dags/example_python_operator.py took 0.068 seconds
[2026-06-13T17:25:59.356+0000] {processor.py:186} INFO - Started process (PID=4285) to work on /home/airflow/.local/lib/python3.12/site-packages/airflow/example_dags/example_python_operator.py
[2026-06-13T17:25:59.357+0000] {processor.py:914} INFO - Processing file /home/airflow/.local/lib/python3.12/site-packages/airflow/example_dags/example_python_operator.py for tasks to queue
[2026-06-13T17:25:59.360+0000] {logging_mixin.py:190} INFO - [2026-06-13T17:25:59.360+0000] {dagbag.py:588} INFO - Filling up the DagBag from /home/airflow/.local/lib/python3.12/site-packages/airflow/example_dags/example_python_operator.py
[2026-06-13T17:25:59.369+0000] {processor.py:925} INFO - DAG(s) 'example_python_operator' retrieved from /home/airflow/.local/lib/python3.12/site-packages/airflow/example_dags/example_python_operator.py
[2026-06-13T17:25:59.388+0000] {logging_mixin.py:190} INFO - [2026-06-13T17:25:59.388+0000] {dag.py:3239} INFO - Sync 1 DAGs
[2026-06-13T17:25:59.401+0000] {logging_mixin.py:190} INFO - [2026-06-13T17:25:59.400+0000] {dag.py:4180} INFO - Setting next_dagrun for example_python_operator to None, run_after=None
[2026-06-13T17:25:59.420+0000] {processor.py:208} INFO - Processing /home/airflow/.local/lib/python3.12/site-packages/airflow/example_dags/example_python_operator.py took 0.070 seconds
[2026-06-13T17:26:29.626+0000] {processor.py:186} INFO - Started process (PID=4347) to work on /home/airflow/.local/lib/python3.12/site-packages/airflow/example_dags/example_python_operator.py
[2026-06-13T17:26:29.627+0000] {processor.py:914} INFO - Processing file /home/airflow/.local/lib/python3.12/site-packages/airflow/example_dags/example_python_operator.py for tasks to queue
[2026-06-13T17:26:29.630+0000] {logging_mixin.py:190} INFO - [2026-06-13T17:26:29.630+0000] {dagbag.py:588} INFO - Filling up the DagBag from /home/airflow/.local/lib/python3.12/site-packages/airflow/example_dags/example_python_operator.py
[2026-06-13T17:26:29.642+0000] {processor.py:925} INFO - DAG(s) 'example_python_operator' retrieved from /home/airflow/.local/lib/python3.12/site-packages/airflow/example_dags/example_python_operator.py
[2026-06-13T17:26:29.660+0000] {logging_mixin.py:190} INFO - [2026-06-13T17:26:29.660+0000] {dag.py:3239} INFO - Sync 1 DAGs
[2026-06-13T17:26:29.671+0000] {logging_mixin.py:190} INFO - [2026-06-13T17:26:29.671+0000] {dag.py:4180} INFO - Setting next_dagrun for example_python_operator to None, run_after=None
[2026-06-13T17:26:29.688+0000] {processor.py:208} INFO - Processing /home/airflow/.local/lib/python3.12/site-packages/airflow/example_dags/example_python_operator.py took 0.068 seconds
[2026-06-13T17:27:00.093+0000] {processor.py:186} INFO - Started process (PID=4409) to work on /home/airflow/.local/lib/python3.12/site-packages/airflow/example_dags/example_python_operator.py
[2026-06-13T17:27:00.095+0000] {processor.py:914} INFO - Processing file /home/airflow/.local/lib/python3.12/site-packages/airflow/example_dags/example_python_operator.py for tasks to queue
[2026-06-13T17:27:00.097+0000] {logging_mixin.py:190} INFO - [2026-06-13T17:27:00.097+0000] {dagbag.py:588} INFO - Filling up the DagBag from /home/airflow/.local/lib/python3.12/site-packages/airflow/example_dags/example_python_operator.py
[2026-06-13T17:27:00.107+0000] {processor.py:925} INFO - DAG(s) 'example_python_operator' retrieved from /home/airflow/.local/lib/python3.12/site-packages/airflow/example_dags/example_python_operator.py
[2026-06-13T17:27:00.128+0000] {logging_mixin.py:190} INFO - [2026-06-13T17:27:00.128+0000] {dag.py:3239} INFO - Sync 1 DAGs
[2026-06-13T17:27:00.139+0000] {logging_mixin.py:190} INFO - [2026-06-13T17:27:00.138+0000] {dag.py:4180} INFO - Setting next_dagrun for example_python_operator to None, run_after=None
[2026-06-13T17:27:00.154+0000] {processor.py:208} INFO - Processing /home/airflow/.local/lib/python3.12/site-packages/airflow/example_dags/example_python_operator.py took 0.065 seconds
[2026-06-13T17:27:30.437+0000] {processor.py:186} INFO - Started process (PID=4471) to work on /home/airflow/.local/lib/python3.12/site-packages/airflow/example_dags/example_python_operator.py
[2026-06-13T17:27:30.439+0000] {processor.py:914} INFO - Processing file /home/airflow/.local/lib/python3.12/site-packages/airflow/example_dags/example_python_operator.py for tasks to queue
[2026-06-13T17:27:30.441+0000] {logging_mixin.py:190} INFO - [2026-06-13T17:27:30.441+0000] {dagbag.py:588} INFO - Filling up the DagBag from /home/airflow/.local/lib/python3.12/site-packages/airflow/example_dags/example_python_operator.py
[2026-06-13T17:27:30.453+0000] {processor.py:925} INFO - DAG(s) 'example_python_operator' retrieved from /home/airflow/.local/lib/python3.12/site-packages/airflow/example_dags/example_python_operator.py
[2026-06-13T17:27:30.477+0000] {logging_mixin.py:190} INFO - [2026-06-13T17:27:30.476+0000] {dag.py:3239} INFO - Sync 1 DAGs
[2026-06-13T17:27:30.493+0000] {logging_mixin.py:190} INFO - [2026-06-13T17:27:30.493+0000] {dag.py:4180} INFO - Setting next_dagrun for example_python_operator to None, run_after=None
[2026-06-13T17:27:30.517+0000] {processor.py:208} INFO - Processing /home/airflow/.local/lib/python3.12/site-packages/airflow/example_dags/example_python_operator.py took 0.085 seconds
[2026-06-13T17:28:00.858+0000] {processor.py:186} INFO - Started process (PID=4533) to work on /home/airflow/.local/lib/python3.12/site-packages/airflow/example_dags/example_python_operator.py
[2026-06-13T17:28:00.859+0000] {processor.py:914} INFO - Processing file /home/airflow/.local/lib/python3.12/site-packages/airflow/example_dags/example_python_operator.py for tasks to queue
[2026-06-13T17:28:00.862+0000] {logging_mixin.py:190} INFO - [2026-06-13T17:28:00.862+0000] {dagbag.py:588} INFO - Filling up the DagBag from /home/airflow/.local/lib/python3.12/site-packages/airflow/example_dags/example_python_operator.py
[2026-06-13T17:28:00.875+0000] {processor.py:925} INFO - DAG(s) 'example_python_operator' retrieved from /home/airflow/.local/lib/python3.12/site-packages/airflow/example_dags/example_python_operator.py
[2026-06-13T17:28:00.901+0000] {logging_mixin.py:190} INFO - [2026-06-13T17:28:00.900+0000] {dag.py:3239} INFO - Sync 1 DAGs
[2026-06-13T17:28:00.913+0000] {logging_mixin.py:190} INFO - [2026-06-13T17:28:00.913+0000] {dag.py:4180} INFO - Setting next_dagrun for example_python_operator to None, run_after=None
[2026-06-13T17:28:00.935+0000] {processor.py:208} INFO - Processing /home/airflow/.local/lib/python3.12/site-packages/airflow/example_dags/example_python_operator.py took 0.084 seconds
[2026-06-13T17:28:31.121+0000] {processor.py:186} INFO - Started process (PID=4595) to work on /home/airflow/.local/lib/python3.12/site-packages/airflow/example_dags/example_python_operator.py
[2026-06-13T17:28:31.123+0000] {processor.py:914} INFO - Processing file /home/airflow/.local/lib/python3.12/site-packages/airflow/example_dags/example_python_operator.py for tasks to queue
[2026-06-13T17:28:31.125+0000] {logging_mixin.py:190} INFO - [2026-06-13T17:28:31.125+0000] {dagbag.py:588} INFO - Filling up the DagBag from /home/airflow/.local/lib/python3.12/site-packages/airflow/example_dags/example_python_operator.py
[2026-06-13T17:28:31.135+0000] {processor.py:925} INFO - DAG(s) 'example_python_operator' retrieved from /home/airflow/.local/lib/python3.12/site-packages/airflow/example_dags/example_python_operator.py
[2026-06-13T17:28:31.154+0000] {logging_mixin.py:190} INFO - [2026-06-13T17:28:31.154+0000] {dag.py:3239} INFO - Sync 1 DAGs
[2026-06-13T17:28:31.166+0000] {logging_mixin.py:190} INFO - [2026-06-13T17:28:31.165+0000] {dag.py:4180} INFO - Setting next_dagrun for example_python_operator to None, run_after=None
[2026-06-13T17:28:31.183+0000] {processor.py:208} INFO - Processing /home/airflow/.local/lib/python3.12/site-packages/airflow/example_dags/example_python_operator.py took 0.066 seconds
[2026-06-13T17:29:01.457+0000] {processor.py:186} INFO - Started process (PID=4657) to work on /home/airflow/.local/lib/python3.12/site-packages/airflow/example_dags/example_python_operator.py
[2026-06-13T17:29:01.458+0000] {processor.py:914} INFO - Processing file /home/airflow/.local/lib/python3.12/site-packages/airflow/example_dags/example_python_operator.py for tasks to queue
[2026-06-13T17:29:01.461+0000] {logging_mixin.py:190} INFO - [2026-06-13T17:29:01.460+0000] {dagbag.py:588} INFO - Filling up the DagBag from /home/airflow/.local/lib/python3.12/site-packages/airflow/example_dags/example_python_operator.py
[2026-06-13T17:29:01.470+0000] {processor.py:925} INFO - DAG(s) 'example_python_operator' retrieved from /home/airflow/.local/lib/python3.12/site-packages/airflow/example_dags/example_python_operator.py
[2026-06-13T17:29:01.488+0000] {logging_mixin.py:190} INFO - [2026-06-13T17:29:01.488+0000] {dag.py:3239} INFO - Sync 1 DAGs
[2026-06-13T17:29:01.498+0000] {logging_mixin.py:190} INFO - [2026-06-13T17:29:01.498+0000] {dag.py:4180} INFO - Setting next_dagrun for example_python_operator to None, run_after=None
[2026-06-13T17:29:01.514+0000] {processor.py:208} INFO - Processing /home/airflow/.local/lib/python3.12/site-packages/airflow/example_dags/example_python_operator.py took 0.062 seconds
[2026-06-13T17:29:32.013+0000] {processor.py:186} INFO - Started process (PID=4719) to work on /home/airflow/.local/lib/python3.12/site-packages/airflow/example_dags/example_python_operator.py
[2026-06-13T17:29:32.015+0000] {processor.py:914} INFO - Processing file /home/airflow/.local/lib/python3.12/site-packages/airflow/example_dags/example_python_operator.py for tasks to queue
[2026-06-13T17:29:32.019+0000] {logging_mixin.py:190} INFO - [2026-06-13T17:29:32.018+0000] {dagbag.py:588} INFO - Filling up the DagBag from /home/airflow/.local/lib/python3.12/site-packages/airflow/example_dags/example_python_operator.py
[2026-06-13T17:29:32.031+0000] {processor.py:925} INFO - DAG(s) 'example_python_operator' retrieved from /home/airflow/.local/lib/python3.12/site-packages/airflow/example_dags/example_python_operator.py
[2026-06-13T17:29:32.050+0000] {logging_mixin.py:190} INFO - [2026-06-13T17:29:32.050+0000] {dag.py:3239} INFO - Sync 1 DAGs
[2026-06-13T17:29:32.062+0000] {logging_mixin.py:190} INFO - [2026-06-13T17:29:32.061+0000] {dag.py:4180} INFO - Setting next_dagrun for example_python_operator to None, run_after=None
[2026-06-13T17:29:32.080+0000] {processor.py:208} INFO - Processing /home/airflow/.local/lib/python3.12/site-packages/airflow/example_dags/example_python_operator.py took 0.075 seconds
[2026-06-13T17:30:02.325+0000] {processor.py:186} INFO - Started process (PID=4781) to work on /home/airflow/.local/lib/python3.12/site-packages/airflow/example_dags/example_python_operator.py
[2026-06-13T17:30:02.327+0000] {processor.py:914} INFO - Processing file /home/airflow/.local/lib/python3.12/site-packages/airflow/example_dags/example_python_operator.py for tasks to queue
[2026-06-13T17:30:02.330+0000] {logging_mixin.py:190} INFO - [2026-06-13T17:30:02.329+0000] {dagbag.py:588} INFO - Filling up the DagBag from /home/airflow/.local/lib/python3.12/site-packages/airflow/example_dags/example_python_operator.py
[2026-06-13T17:30:02.341+0000] {processor.py:925} INFO - DAG(s) 'example_python_operator' retrieved from /home/airflow/.local/lib/python3.12/site-packages/airflow/example_dags/example_python_operator.py
[2026-06-13T17:30:02.360+0000] {logging_mixin.py:190} INFO - [2026-06-13T17:30:02.360+0000] {dag.py:3239} INFO - Sync 1 DAGs
[2026-06-13T17:30:02.371+0000] {logging_mixin.py:190} INFO - [2026-06-13T17:30:02.371+0000] {dag.py:4180} INFO - Setting next_dagrun for example_python_operator to None, run_after=None
[2026-06-13T17:30:02.390+0000] {processor.py:208} INFO - Processing /home/airflow/.local/lib/python3.12/site-packages/airflow/example_dags/example_python_operator.py took 0.069 seconds
[2026-06-13T17:30:32.651+0000] {processor.py:186} INFO - Started process (PID=4843) to work on /home/airflow/.local/lib/python3.12/site-packages/airflow/example_dags/example_python_operator.py
[2026-06-13T17:30:32.652+0000] {processor.py:914} INFO - Processing file /home/airflow/.local/lib/python3.12/site-packages/airflow/example_dags/example_python_operator.py for tasks to queue
[2026-06-13T17:30:32.655+0000] {logging_mixin.py:190} INFO - [2026-06-13T17:30:32.655+0000] {dagbag.py:588} INFO - Filling up the DagBag from /home/airflow/.local/lib/python3.12/site-packages/airflow/example_dags/example_python_operator.py
[2026-06-13T17:30:32.664+0000] {processor.py:925} INFO - DAG(s) 'example_python_operator' retrieved from /home/airflow/.local/lib/python3.12/site-packages/airflow/example_dags/example_python_operator.py
[2026-06-13T17:30:32.683+0000] {logging_mixin.py:190} INFO - [2026-06-13T17:30:32.683+0000] {dag.py:3239} INFO - Sync 1 DAGs
[2026-06-13T17:30:32.695+0000] {logging_mixin.py:190} INFO - [2026-06-13T17:30:32.695+0000] {dag.py:4180} INFO - Setting next_dagrun for example_python_operator to None, run_after=None
[2026-06-13T17:30:32.711+0000] {processor.py:208} INFO - Processing /home/airflow/.local/lib/python3.12/site-packages/airflow/example_dags/example_python_operator.py took 0.064 seconds
[2026-06-13T17:31:03.122+0000] {processor.py:186} INFO - Started process (PID=4906) to work on /home/airflow/.local/lib/python3.12/site-packages/airflow/example_dags/example_python_operator.py
[2026-06-13T17:31:03.123+0000] {processor.py:914} INFO - Processing file /home/airflow/.local/lib/python3.12/site-packages/airflow/example_dags/example_python_operator.py for tasks to queue
[2026-06-13T17:31:03.126+0000] {logging_mixin.py:190} INFO - [2026-06-13T17:31:03.126+0000] {dagbag.py:588} INFO - Filling up the DagBag from /home/airflow/.local/lib/python3.12/site-packages/airflow/example_dags/example_python_operator.py
[2026-06-13T17:31:03.135+0000] {processor.py:925} INFO - DAG(s) 'example_python_operator' retrieved from /home/airflow/.local/lib/python3.12/site-packages/airflow/example_dags/example_python_operator.py
[2026-06-13T17:31:03.152+0000] {logging_mixin.py:190} INFO - [2026-06-13T17:31:03.152+0000] {dag.py:3239} INFO - Sync 1 DAGs
[2026-06-13T17:31:03.164+0000] {logging_mixin.py:190} INFO - [2026-06-13T17:31:03.164+0000] {dag.py:4180} INFO - Setting next_dagrun for example_python_operator to None, run_after=None
[2026-06-13T17:31:03.181+0000] {processor.py:208} INFO - Processing /home/airflow/.local/lib/python3.12/site-packages/airflow/example_dags/example_python_operator.py took 0.063 seconds
[2026-06-13T17:31:33.470+0000] {processor.py:186} INFO - Started process (PID=4968) to work on /home/airflow/.local/lib/python3.12/site-packages/airflow/example_dags/example_python_operator.py
[2026-06-13T17:31:33.471+0000] {processor.py:914} INFO - Processing file /home/airflow/.local/lib/python3.12/site-packages/airflow/example_dags/example_python_operator.py for tasks to queue
[2026-06-13T17:31:33.473+0000] {logging_mixin.py:190} INFO - [2026-06-13T17:31:33.473+0000] {dagbag.py:588} INFO - Filling up the DagBag from /home/airflow/.local/lib/python3.12/site-packages/airflow/example_dags/example_python_operator.py
[2026-06-13T17:31:33.483+0000] {processor.py:925} INFO - DAG(s) 'example_python_operator' retrieved from /home/airflow/.local/lib/python3.12/site-packages/airflow/example_dags/example_python_operator.py
[2026-06-13T17:31:33.502+0000] {logging_mixin.py:190} INFO - [2026-06-13T17:31:33.501+0000] {dag.py:3239} INFO - Sync 1 DAGs
[2026-06-13T17:31:33.514+0000] {logging_mixin.py:190} INFO - [2026-06-13T17:31:33.514+0000] {dag.py:4180} INFO - Setting next_dagrun for example_python_operator to None, run_after=None
[2026-06-13T17:31:33.533+0000] {processor.py:208} INFO - Processing /home/airflow/.local/lib/python3.12/site-packages/airflow/example_dags/example_python_operator.py took 0.068 seconds
[2026-06-13T17:32:03.959+0000] {processor.py:186} INFO - Started process (PID=5030) to work on /home/airflow/.local/lib/python3.12/site-packages/airflow/example_dags/example_python_operator.py
[2026-06-13T17:32:03.961+0000] {processor.py:914} INFO - Processing file /home/airflow/.local/lib/python3.12/site-packages/airflow/example_dags/example_python_operator.py for tasks to queue
[2026-06-13T17:32:03.966+0000] {logging_mixin.py:190} INFO - [2026-06-13T17:32:03.965+0000] {dagbag.py:588} INFO - Filling up the DagBag from /home/airflow/.local/lib/python3.12/site-packages/airflow/example_dags/example_python_operator.py
[2026-06-13T17:32:03.982+0000] {processor.py:925} INFO - DAG(s) 'example_python_operator' retrieved from /home/airflow/.local/lib/python3.12/site-packages/airflow/example_dags/example_python_operator.py
[2026-06-13T17:32:04.014+0000] {logging_mixin.py:190} INFO - [2026-06-13T17:32:04.013+0000] {dag.py:3239} INFO - Sync 1 DAGs
[2026-06-13T17:32:04.029+0000] {logging_mixin.py:190} INFO - [2026-06-13T17:32:04.028+0000] {dag.py:4180} INFO - Setting next_dagrun for example_python_operator to None, run_after=None
[2026-06-13T17:32:04.055+0000] {processor.py:208} INFO - Processing /home/airflow/.local/lib/python3.12/site-packages/airflow/example_dags/example_python_operator.py took 0.106 seconds
[2026-06-13T17:32:34.252+0000] {processor.py:186} INFO - Started process (PID=5092) to work on /home/airflow/.local/lib/python3.12/site-packages/airflow/example_dags/example_python_operator.py
[2026-06-13T17:32:34.253+0000] {processor.py:914} INFO - Processing file /home/airflow/.local/lib/python3.12/site-packages/airflow/example_dags/example_python_operator.py for tasks to queue
[2026-06-13T17:32:34.256+0000] {logging_mixin.py:190} INFO - [2026-06-13T17:32:34.256+0000] {dagbag.py:588} INFO - Filling up the DagBag from /home/airflow/.local/lib/python3.12/site-packages/airflow/example_dags/example_python_operator.py
[2026-06-13T17:32:34.271+0000] {processor.py:925} INFO - DAG(s) 'example_python_operator' retrieved from /home/airflow/.local/lib/python3.12/site-packages/airflow/example_dags/example_python_operator.py
[2026-06-13T17:32:34.297+0000] {logging_mixin.py:190} INFO - [2026-06-13T17:32:34.297+0000] {dag.py:3239} INFO - Sync 1 DAGs
[2026-06-13T17:32:34.314+0000] {logging_mixin.py:190} INFO - [2026-06-13T17:32:34.313+0000] {dag.py:4180} INFO - Setting next_dagrun for example_python_operator to None, run_after=None
[2026-06-13T17:32:34.341+0000] {processor.py:208} INFO - Processing /home/airflow/.local/lib/python3.12/site-packages/airflow/example_dags/example_python_operator.py took 0.096 seconds
[2026-06-13T17:33:04.650+0000] {processor.py:186} INFO - Started process (PID=5154) to work on /home/airflow/.local/lib/python3.12/site-packages/airflow/example_dags/example_python_operator.py
[2026-06-13T17:33:04.652+0000] {processor.py:914} INFO - Processing file /home/airflow/.local/lib/python3.12/site-packages/airflow/example_dags/example_python_operator.py for tasks to queue
[2026-06-13T17:33:04.654+0000] {logging_mixin.py:190} INFO - [2026-06-13T17:33:04.654+0000] {dagbag.py:588} INFO - Filling up the DagBag from /home/airflow/.local/lib/python3.12/site-packages/airflow/example_dags/example_python_operator.py
[2026-06-13T17:33:04.664+0000] {processor.py:925} INFO - DAG(s) 'example_python_operator' retrieved from /home/airflow/.local/lib/python3.12/site-packages/airflow/example_dags/example_python_operator.py
[2026-06-13T17:33:04.685+0000] {logging_mixin.py:190} INFO - [2026-06-13T17:33:04.685+0000] {dag.py:3239} INFO - Sync 1 DAGs
[2026-06-13T17:33:04.697+0000] {logging_mixin.py:190} INFO - [2026-06-13T17:33:04.697+0000] {dag.py:4180} INFO - Setting next_dagrun for example_python_operator to None, run_after=None
[2026-06-13T17:33:04.716+0000] {processor.py:208} INFO - Processing /home/airflow/.local/lib/python3.12/site-packages/airflow/example_dags/example_python_operator.py took 0.070 seconds
[2026-06-13T17:33:35.053+0000] {processor.py:186} INFO - Started process (PID=5216) to work on /home/airflow/.local/lib/python3.12/site-packages/airflow/example_dags/example_python_operator.py
[2026-06-13T17:33:35.055+0000] {processor.py:914} INFO - Processing file /home/airflow/.local/lib/python3.12/site-packages/airflow/example_dags/example_python_operator.py for tasks to queue
[2026-06-13T17:33:35.057+0000] {logging_mixin.py:190} INFO - [2026-06-13T17:33:35.057+0000] {dagbag.py:588} INFO - Filling up the DagBag from /home/airflow/.local/lib/python3.12/site-packages/airflow/example_dags/example_python_operator.py
[2026-06-13T17:33:35.067+0000] {processor.py:925} INFO - DAG(s) 'example_python_operator' retrieved from /home/airflow/.local/lib/python3.12/site-packages/airflow/example_dags/example_python_operator.py
[2026-06-13T17:33:35.085+0000] {logging_mixin.py:190} INFO - [2026-06-13T17:33:35.085+0000] {dag.py:3239} INFO - Sync 1 DAGs
[2026-06-13T17:33:35.095+0000] {logging_mixin.py:190} INFO - [2026-06-13T17:33:35.095+0000] {dag.py:4180} INFO - Setting next_dagrun for example_python_operator to None, run_after=None
[2026-06-13T17:33:35.111+0000] {processor.py:208} INFO - Processing /home/airflow/.local/lib/python3.12/site-packages/airflow/example_dags/example_python_operator.py took 0.063 seconds
[2026-06-13T17:34:05.366+0000] {processor.py:186} INFO - Started process (PID=5278) to work on /home/airflow/.local/lib/python3.12/site-packages/airflow/example_dags/example_python_operator.py
[2026-06-13T17:34:05.367+0000] {processor.py:914} INFO - Processing file /home/airflow/.local/lib/python3.12/site-packages/airflow/example_dags/example_python_operator.py for tasks to queue
[2026-06-13T17:34:05.369+0000] {logging_mixin.py:190} INFO - [2026-06-13T17:34:05.369+0000] {dagbag.py:588} INFO - Filling up the DagBag from /home/airflow/.local/lib/python3.12/site-packages/airflow/example_dags/example_python_operator.py
[2026-06-13T17:34:05.379+0000] {processor.py:925} INFO - DAG(s) 'example_python_operator' retrieved from /home/airflow/.local/lib/python3.12/site-packages/airflow/example_dags/example_python_operator.py
[2026-06-13T17:34:05.396+0000] {logging_mixin.py:190} INFO - [2026-06-13T17:34:05.396+0000] {dag.py:3239} INFO - Sync 1 DAGs
[2026-06-13T17:34:05.406+0000] {logging_mixin.py:190} INFO - [2026-06-13T17:34:05.406+0000] {dag.py:4180} INFO - Setting next_dagrun for example_python_operator to None, run_after=None
[2026-06-13T17:34:05.425+0000] {processor.py:208} INFO - Processing /home/airflow/.local/lib/python3.12/site-packages/airflow/example_dags/example_python_operator.py took 0.063 seconds
[2026-06-13T17:34:35.707+0000] {processor.py:186} INFO - Started process (PID=5340) to work on /home/airflow/.local/lib/python3.12/site-packages/airflow/example_dags/example_python_operator.py
[2026-06-13T17:34:35.708+0000] {processor.py:914} INFO - Processing file /home/airflow/.local/lib/python3.12/site-packages/airflow/example_dags/example_python_operator.py for tasks to queue
[2026-06-13T17:34:35.710+0000] {logging_mixin.py:190} INFO - [2026-06-13T17:34:35.710+0000] {dagbag.py:588} INFO - Filling up the DagBag from /home/airflow/.local/lib/python3.12/site-packages/airflow/example_dags/example_python_operator.py
[2026-06-13T17:34:35.720+0000] {processor.py:925} INFO - DAG(s) 'example_python_operator' retrieved from /home/airflow/.local/lib/python3.12/site-packages/airflow/example_dags/example_python_operator.py
[2026-06-13T17:34:35.736+0000] {logging_mixin.py:190} INFO - [2026-06-13T17:34:35.736+0000] {dag.py:3239} INFO - Sync 1 DAGs
[2026-06-13T17:34:35.747+0000] {logging_mixin.py:190} INFO - [2026-06-13T17:34:35.747+0000] {dag.py:4180} INFO - Setting next_dagrun for example_python_operator to None, run_after=None
[2026-06-13T17:34:35.765+0000] {processor.py:208} INFO - Processing /home/airflow/.local/lib/python3.12/site-packages/airflow/example_dags/example_python_operator.py took 0.062 seconds
[2026-06-13T17:35:05.956+0000] {processor.py:186} INFO - Started process (PID=5402) to work on /home/airflow/.local/lib/python3.12/site-packages/airflow/example_dags/example_python_operator.py
[2026-06-13T17:35:05.959+0000] {processor.py:914} INFO - Processing file /home/airflow/.local/lib/python3.12/site-packages/airflow/example_dags/example_python_operator.py for tasks to queue
[2026-06-13T17:35:05.962+0000] {logging_mixin.py:190} INFO - [2026-06-13T17:35:05.962+0000] {dagbag.py:588} INFO - Filling up the DagBag from /home/airflow/.local/lib/python3.12/site-packages/airflow/example_dags/example_python_operator.py
[2026-06-13T17:35:05.972+0000] {processor.py:925} INFO - DAG(s) 'example_python_operator' retrieved from /home/airflow/.local/lib/python3.12/site-packages/airflow/example_dags/example_python_operator.py
[2026-06-13T17:35:05.990+0000] {logging_mixin.py:190} INFO - [2026-06-13T17:35:05.989+0000] {dag.py:3239} INFO - Sync 1 DAGs
[2026-06-13T17:35:06.000+0000] {logging_mixin.py:190} INFO - [2026-06-13T17:35:06.000+0000] {dag.py:4180} INFO - Setting next_dagrun for example_python_operator to None, run_after=None
[2026-06-13T17:35:06.016+0000] {processor.py:208} INFO - Processing /home/airflow/.local/lib/python3.12/site-packages/airflow/example_dags/example_python_operator.py took 0.065 seconds
[2026-06-13T17:35:36.208+0000] {processor.py:186} INFO - Started process (PID=5464) to work on /home/airflow/.local/lib/python3.12/site-packages/airflow/example_dags/example_python_operator.py
[2026-06-13T17:35:36.210+0000] {processor.py:914} INFO - Processing file /home/airflow/.local/lib/python3.12/site-packages/airflow/example_dags/example_python_operator.py for tasks to queue
[2026-06-13T17:35:36.215+0000] {logging_mixin.py:190} INFO - [2026-06-13T17:35:36.214+0000] {dagbag.py:588} INFO - Filling up the DagBag from /home/airflow/.local/lib/python3.12/site-packages/airflow/example_dags/example_python_operator.py
[2026-06-13T17:35:36.235+0000] {processor.py:925} INFO - DAG(s) 'example_python_operator' retrieved from /home/airflow/.local/lib/python3.12/site-packages/airflow/example_dags/example_python_operator.py
[2026-06-13T17:35:36.279+0000] {logging_mixin.py:190} INFO - [2026-06-13T17:35:36.279+0000] {dag.py:3239} INFO - Sync 1 DAGs
[2026-06-13T17:35:36.303+0000] {logging_mixin.py:190} INFO - [2026-06-13T17:35:36.303+0000] {dag.py:4180} INFO - Setting next_dagrun for example_python_operator to None, run_after=None
[2026-06-13T17:35:36.339+0000] {processor.py:208} INFO - Processing /home/airflow/.local/lib/python3.12/site-packages/airflow/example_dags/example_python_operator.py took 0.139 seconds
[2026-06-13T17:36:06.704+0000] {processor.py:186} INFO - Started process (PID=5526) to work on /home/airflow/.local/lib/python3.12/site-packages/airflow/example_dags/example_python_operator.py
[2026-06-13T17:36:06.706+0000] {processor.py:914} INFO - Processing file /home/airflow/.local/lib/python3.12/site-packages/airflow/example_dags/example_python_operator.py for tasks to queue
[2026-06-13T17:36:06.709+0000] {logging_mixin.py:190} INFO - [2026-06-13T17:36:06.708+0000] {dagbag.py:588} INFO - Filling up the DagBag from /home/airflow/.local/lib/python3.12/site-packages/airflow/example_dags/example_python_operator.py
[2026-06-13T17:36:06.720+0000] {processor.py:925} INFO - DAG(s) 'example_python_operator' retrieved from /home/airflow/.local/lib/python3.12/site-packages/airflow/example_dags/example_python_operator.py
[2026-06-13T17:36:06.739+0000] {logging_mixin.py:190} INFO - [2026-06-13T17:36:06.739+0000] {dag.py:3239} INFO - Sync 1 DAGs
[2026-06-13T17:36:06.750+0000] {logging_mixin.py:190} INFO - [2026-06-13T17:36:06.750+0000] {dag.py:4180} INFO - Setting next_dagrun for example_python_operator to None, run_after=None
[2026-06-13T17:36:06.765+0000] {processor.py:208} INFO - Processing /home/airflow/.local/lib/python3.12/site-packages/airflow/example_dags/example_python_operator.py took 0.067 seconds
[2026-06-13T17:36:36.909+0000] {processor.py:186} INFO - Started process (PID=5588) to work on /home/airflow/.local/lib/python3.12/site-packages/airflow/example_dags/example_python_operator.py
[2026-06-13T17:36:36.910+0000] {processor.py:914} INFO - Processing file /home/airflow/.local/lib/python3.12/site-packages/airflow/example_dags/example_python_operator.py for tasks to queue
[2026-06-13T17:36:36.912+0000] {logging_mixin.py:190} INFO - [2026-06-13T17:36:36.912+0000] {dagbag.py:588} INFO - Filling up the DagBag from /home/airflow/.local/lib/python3.12/site-packages/airflow/example_dags/example_python_operator.py
[2026-06-13T17:36:36.921+0000] {processor.py:925} INFO - DAG(s) 'example_python_operator' retrieved from /home/airflow/.local/lib/python3.12/site-packages/airflow/example_dags/example_python_operator.py
[2026-06-13T17:36:36.939+0000] {logging_mixin.py:190} INFO - [2026-06-13T17:36:36.939+0000] {dag.py:3239} INFO - Sync 1 DAGs
[2026-06-13T17:36:36.949+0000] {logging_mixin.py:190} INFO - [2026-06-13T17:36:36.949+0000] {dag.py:4180} INFO - Setting next_dagrun for example_python_operator to None, run_after=None
[2026-06-13T17:36:36.968+0000] {processor.py:208} INFO - Processing /home/airflow/.local/lib/python3.12/site-packages/airflow/example_dags/example_python_operator.py took 0.064 seconds
[2026-06-13T17:37:07.276+0000] {processor.py:186} INFO - Started process (PID=5650) to work on /home/airflow/.local/lib/python3.12/site-packages/airflow/example_dags/example_python_operator.py
[2026-06-13T17:37:07.278+0000] {processor.py:914} INFO - Processing file /home/airflow/.local/lib/python3.12/site-packages/airflow/example_dags/example_python_operator.py for tasks to queue
[2026-06-13T17:37:07.282+0000] {logging_mixin.py:190} INFO - [2026-06-13T17:37:07.281+0000] {dagbag.py:588} INFO - Filling up the DagBag from /home/airflow/.local/lib/python3.12/site-packages/airflow/example_dags/example_python_operator.py
[2026-06-13T17:37:07.298+0000] {processor.py:925} INFO - DAG(s) 'example_python_operator' retrieved from /home/airflow/.local/lib/python3.12/site-packages/airflow/example_dags/example_python_operator.py
[2026-06-13T17:37:07.325+0000] {logging_mixin.py:190} INFO - [2026-06-13T17:37:07.325+0000] {dag.py:3239} INFO - Sync 1 DAGs
[2026-06-13T17:37:07.338+0000] {logging_mixin.py:190} INFO - [2026-06-13T17:37:07.338+0000] {dag.py:4180} INFO - Setting next_dagrun for example_python_operator to None, run_after=None
[2026-06-13T17:37:07.362+0000] {processor.py:208} INFO - Processing /home/airflow/.local/lib/python3.12/site-packages/airflow/example_dags/example_python_operator.py took 0.092 seconds
[2026-06-13T17:37:37.691+0000] {processor.py:186} INFO - Started process (PID=5718) to work on /home/airflow/.local/lib/python3.12/site-packages/airflow/example_dags/example_python_operator.py
[2026-06-13T17:37:37.692+0000] {processor.py:914} INFO - Processing file /home/airflow/.local/lib/python3.12/site-packages/airflow/example_dags/example_python_operator.py for tasks to queue
[2026-06-13T17:37:37.694+0000] {logging_mixin.py:190} INFO - [2026-06-13T17:37:37.694+0000] {dagbag.py:588} INFO - Filling up the DagBag from /home/airflow/.local/lib/python3.12/site-packages/airflow/example_dags/example_python_operator.py
[2026-06-13T17:37:37.704+0000] {processor.py:925} INFO - DAG(s) 'example_python_operator' retrieved from /home/airflow/.local/lib/python3.12/site-packages/airflow/example_dags/example_python_operator.py
[2026-06-13T17:37:37.722+0000] {logging_mixin.py:190} INFO - [2026-06-13T17:37:37.721+0000] {dag.py:3239} INFO - Sync 1 DAGs
[2026-06-13T17:37:37.735+0000] {logging_mixin.py:190} INFO - [2026-06-13T17:37:37.734+0000] {dag.py:4180} INFO - Setting next_dagrun for example_python_operator to None, run_after=None
[2026-06-13T17:37:37.751+0000] {processor.py:208} INFO - Processing /home/airflow/.local/lib/python3.12/site-packages/airflow/example_dags/example_python_operator.py took 0.065 seconds
[2026-06-13T17:38:08.112+0000] {processor.py:186} INFO - Started process (PID=5780) to work on /home/airflow/.local/lib/python3.12/site-packages/airflow/example_dags/example_python_operator.py
[2026-06-13T17:38:08.113+0000] {processor.py:914} INFO - Processing file /home/airflow/.local/lib/python3.12/site-packages/airflow/example_dags/example_python_operator.py for tasks to queue
[2026-06-13T17:38:08.117+0000] {logging_mixin.py:190} INFO - [2026-06-13T17:38:08.117+0000] {dagbag.py:588} INFO - Filling up the DagBag from /home/airflow/.local/lib/python3.12/site-packages/airflow/example_dags/example_python_operator.py
[2026-06-13T17:38:08.129+0000] {processor.py:925} INFO - DAG(s) 'example_python_operator' retrieved from /home/airflow/.local/lib/python3.12/site-packages/airflow/example_dags/example_python_operator.py
[2026-06-13T17:38:08.146+0000] {logging_mixin.py:190} INFO - [2026-06-13T17:38:08.146+0000] {dag.py:3239} INFO - Sync 1 DAGs
[2026-06-13T17:38:08.157+0000] {logging_mixin.py:190} INFO - [2026-06-13T17:38:08.156+0000] {dag.py:4180} INFO - Setting next_dagrun for example_python_operator to None, run_after=None
[2026-06-13T17:38:08.175+0000] {processor.py:208} INFO - Processing /home/airflow/.local/lib/python3.12/site-packages/airflow/example_dags/example_python_operator.py took 0.069 seconds
[2026-06-13T17:38:38.319+0000] {processor.py:186} INFO - Started process (PID=5842) to work on /home/airflow/.local/lib/python3.12/site-packages/airflow/example_dags/example_python_operator.py
[2026-06-13T17:38:38.320+0000] {processor.py:914} INFO - Processing file /home/airflow/.local/lib/python3.12/site-packages/airflow/example_dags/example_python_operator.py for tasks to queue
[2026-06-13T17:38:38.323+0000] {logging_mixin.py:190} INFO - [2026-06-13T17:38:38.323+0000] {dagbag.py:588} INFO - Filling up the DagBag from /home/airflow/.local/lib/python3.12/site-packages/airflow/example_dags/example_python_operator.py
[2026-06-13T17:38:38.334+0000] {processor.py:925} INFO - DAG(s) 'example_python_operator' retrieved from /home/airflow/.local/lib/python3.12/site-packages/airflow/example_dags/example_python_operator.py
[2026-06-13T17:38:38.363+0000] {logging_mixin.py:190} INFO - [2026-06-13T17:38:38.363+0000] {dag.py:3239} INFO - Sync 1 DAGs
[2026-06-13T17:38:38.378+0000] {logging_mixin.py:190} INFO - [2026-06-13T17:38:38.378+0000] {dag.py:4180} INFO - Setting next_dagrun for example_python_operator to None, run_after=None
[2026-06-13T17:38:38.401+0000] {processor.py:208} INFO - Processing /home/airflow/.local/lib/python3.12/site-packages/airflow/example_dags/example_python_operator.py took 0.087 seconds
[2026-06-13T17:39:08.660+0000] {processor.py:186} INFO - Started process (PID=5904) to work on /home/airflow/.local/lib/python3.12/site-packages/airflow/example_dags/example_python_operator.py
[2026-06-13T17:39:08.661+0000] {processor.py:914} INFO - Processing file /home/airflow/.local/lib/python3.12/site-packages/airflow/example_dags/example_python_operator.py for tasks to queue
[2026-06-13T17:39:08.664+0000] {logging_mixin.py:190} INFO - [2026-06-13T17:39:08.663+0000] {dagbag.py:588} INFO - Filling up the DagBag from /home/airflow/.local/lib/python3.12/site-packages/airflow/example_dags/example_python_operator.py
[2026-06-13T17:39:08.674+0000] {processor.py:925} INFO - DAG(s) 'example_python_operator' retrieved from /home/airflow/.local/lib/python3.12/site-packages/airflow/example_dags/example_python_operator.py
[2026-06-13T17:39:08.693+0000] {logging_mixin.py:190} INFO - [2026-06-13T17:39:08.693+0000] {dag.py:3239} INFO - Sync 1 DAGs
[2026-06-13T17:39:08.703+0000] {logging_mixin.py:190} INFO - [2026-06-13T17:39:08.703+0000] {dag.py:4180} INFO - Setting next_dagrun for example_python_operator to None, run_after=None
[2026-06-13T17:39:08.719+0000] {processor.py:208} INFO - Processing /home/airflow/.local/lib/python3.12/site-packages/airflow/example_dags/example_python_operator.py took 0.065 seconds
[2026-06-13T17:39:39.207+0000] {processor.py:186} INFO - Started process (PID=5966) to work on /home/airflow/.local/lib/python3.12/site-packages/airflow/example_dags/example_python_operator.py
[2026-06-13T17:39:39.208+0000] {processor.py:914} INFO - Processing file /home/airflow/.local/lib/python3.12/site-packages/airflow/example_dags/example_python_operator.py for tasks to queue
[2026-06-13T17:39:39.210+0000] {logging_mixin.py:190} INFO - [2026-06-13T17:39:39.210+0000] {dagbag.py:588} INFO - Filling up the DagBag from /home/airflow/.local/lib/python3.12/site-packages/airflow/example_dags/example_python_operator.py
[2026-06-13T17:39:39.220+0000] {processor.py:925} INFO - DAG(s) 'example_python_operator' retrieved from /home/airflow/.local/lib/python3.12/site-packages/airflow/example_dags/example_python_operator.py
[2026-06-13T17:39:39.238+0000] {logging_mixin.py:190} INFO - [2026-06-13T17:39:39.238+0000] {dag.py:3239} INFO - Sync 1 DAGs
[2026-06-13T17:39:39.249+0000] {logging_mixin.py:190} INFO - [2026-06-13T17:39:39.249+0000] {dag.py:4180} INFO - Setting next_dagrun for example_python_operator to None, run_after=None
[2026-06-13T17:39:39.269+0000] {processor.py:208} INFO - Processing /home/airflow/.local/lib/python3.12/site-packages/airflow/example_dags/example_python_operator.py took 0.066 seconds
[2026-06-13T17:40:09.412+0000] {processor.py:186} INFO - Started process (PID=6028) to work on /home/airflow/.local/lib/python3.12/site-packages/airflow/example_dags/example_python_operator.py
[2026-06-13T17:40:09.413+0000] {processor.py:914} INFO - Processing file /home/airflow/.local/lib/python3.12/site-packages/airflow/example_dags/example_python_operator.py for tasks to queue
[2026-06-13T17:40:09.415+0000] {logging_mixin.py:190} INFO - [2026-06-13T17:40:09.415+0000] {dagbag.py:588} INFO - Filling up the DagBag from /home/airflow/.local/lib/python3.12/site-packages/airflow/example_dags/example_python_operator.py
[2026-06-13T17:40:09.425+0000] {processor.py:925} INFO - DAG(s) 'example_python_operator' retrieved from /home/airflow/.local/lib/python3.12/site-packages/airflow/example_dags/example_python_operator.py
[2026-06-13T17:40:09.441+0000] {logging_mixin.py:190} INFO - [2026-06-13T17:40:09.441+0000] {dag.py:3239} INFO - Sync 1 DAGs
[2026-06-13T17:40:09.454+0000] {logging_mixin.py:190} INFO - [2026-06-13T17:40:09.453+0000] {dag.py:4180} INFO - Setting next_dagrun for example_python_operator to None, run_after=None
[2026-06-13T17:40:09.473+0000] {processor.py:208} INFO - Processing /home/airflow/.local/lib/python3.12/site-packages/airflow/example_dags/example_python_operator.py took 0.066 seconds
[2026-06-13T17:40:39.794+0000] {processor.py:186} INFO - Started process (PID=6090) to work on /home/airflow/.local/lib/python3.12/site-packages/airflow/example_dags/example_python_operator.py
[2026-06-13T17:40:39.796+0000] {processor.py:914} INFO - Processing file /home/airflow/.local/lib/python3.12/site-packages/airflow/example_dags/example_python_operator.py for tasks to queue
[2026-06-13T17:40:39.800+0000] {logging_mixin.py:190} INFO - [2026-06-13T17:40:39.799+0000] {dagbag.py:588} INFO - Filling up the DagBag from /home/airflow/.local/lib/python3.12/site-packages/airflow/example_dags/example_python_operator.py
[2026-06-13T17:40:39.809+0000] {processor.py:925} INFO - DAG(s) 'example_python_operator' retrieved from /home/airflow/.local/lib/python3.12/site-packages/airflow/example_dags/example_python_operator.py
[2026-06-13T17:40:39.828+0000] {logging_mixin.py:190} INFO - [2026-06-13T17:40:39.828+0000] {dag.py:3239} INFO - Sync 1 DAGs
[2026-06-13T17:40:39.840+0000] {logging_mixin.py:190} INFO - [2026-06-13T17:40:39.840+0000] {dag.py:4180} INFO - Setting next_dagrun for example_python_operator to None, run_after=None
[2026-06-13T17:40:39.858+0000] {processor.py:208} INFO - Processing /home/airflow/.local/lib/python3.12/site-packages/airflow/example_dags/example_python_operator.py took 0.070 seconds
[2026-06-13T17:41:10.112+0000] {processor.py:186} INFO - Started process (PID=6152) to work on /home/airflow/.local/lib/python3.12/site-packages/airflow/example_dags/example_python_operator.py
[2026-06-13T17:41:10.113+0000] {processor.py:914} INFO - Processing file /home/airflow/.local/lib/python3.12/site-packages/airflow/example_dags/example_python_operator.py for tasks to queue
[2026-06-13T17:41:10.115+0000] {logging_mixin.py:190} INFO - [2026-06-13T17:41:10.115+0000] {dagbag.py:588} INFO - Filling up the DagBag from /home/airflow/.local/lib/python3.12/site-packages/airflow/example_dags/example_python_operator.py
[2026-06-13T17:41:10.125+0000] {processor.py:925} INFO - DAG(s) 'example_python_operator' retrieved from /home/airflow/.local/lib/python3.12/site-packages/airflow/example_dags/example_python_operator.py
[2026-06-13T17:41:10.142+0000] {logging_mixin.py:190} INFO - [2026-06-13T17:41:10.142+0000] {dag.py:3239} INFO - Sync 1 DAGs
[2026-06-13T17:41:10.153+0000] {logging_mixin.py:190} INFO - [2026-06-13T17:41:10.153+0000] {dag.py:4180} INFO - Setting next_dagrun for example_python_operator to None, run_after=None
[2026-06-13T17:41:10.171+0000] {processor.py:208} INFO - Processing /home/airflow/.local/lib/python3.12/site-packages/airflow/example_dags/example_python_operator.py took 0.063 seconds
[2026-06-13T17:41:40.363+0000] {processor.py:186} INFO - Started process (PID=6214) to work on /home/airflow/.local/lib/python3.12/site-packages/airflow/example_dags/example_python_operator.py
[2026-06-13T17:41:40.364+0000] {processor.py:914} INFO - Processing file /home/airflow/.local/lib/python3.12/site-packages/airflow/example_dags/example_python_operator.py for tasks to queue
[2026-06-13T17:41:40.366+0000] {logging_mixin.py:190} INFO - [2026-06-13T17:41:40.366+0000] {dagbag.py:588} INFO - Filling up the DagBag from /home/airflow/.local/lib/python3.12/site-packages/airflow/example_dags/example_python_operator.py
[2026-06-13T17:41:40.376+0000] {processor.py:925} INFO - DAG(s) 'example_python_operator' retrieved from /home/airflow/.local/lib/python3.12/site-packages/airflow/example_dags/example_python_operator.py
[2026-06-13T17:41:40.396+0000] {logging_mixin.py:190} INFO - [2026-06-13T17:41:40.395+0000] {dag.py:3239} INFO - Sync 1 DAGs
[2026-06-13T17:41:40.408+0000] {logging_mixin.py:190} INFO - [2026-06-13T17:41:40.408+0000] {dag.py:4180} INFO - Setting next_dagrun for example_python_operator to None, run_after=None
[2026-06-13T17:41:40.426+0000] {processor.py:208} INFO - Processing /home/airflow/.local/lib/python3.12/site-packages/airflow/example_dags/example_python_operator.py took 0.068 seconds
[2026-06-13T17:42:10.605+0000] {processor.py:186} INFO - Started process (PID=6276) to work on /home/airflow/.local/lib/python3.12/site-packages/airflow/example_dags/example_python_operator.py
[2026-06-13T17:42:10.606+0000] {processor.py:914} INFO - Processing file /home/airflow/.local/lib/python3.12/site-packages/airflow/example_dags/example_python_operator.py for tasks to queue
[2026-06-13T17:42:10.609+0000] {logging_mixin.py:190} INFO - [2026-06-13T17:42:10.609+0000] {dagbag.py:588} INFO - Filling up the DagBag from /home/airflow/.local/lib/python3.12/site-packages/airflow/example_dags/example_python_operator.py
[2026-06-13T17:42:10.621+0000] {processor.py:925} INFO - DAG(s) 'example_python_operator' retrieved from /home/airflow/.local/lib/python3.12/site-packages/airflow/example_dags/example_python_operator.py
[2026-06-13T17:42:10.639+0000] {logging_mixin.py:190} INFO - [2026-06-13T17:42:10.639+0000] {dag.py:3239} INFO - Sync 1 DAGs
[2026-06-13T17:42:10.651+0000] {logging_mixin.py:190} INFO - [2026-06-13T17:42:10.651+0000] {dag.py:4180} INFO - Setting next_dagrun for example_python_operator to None, run_after=None
[2026-06-13T17:42:10.670+0000] {processor.py:208} INFO - Processing /home/airflow/.local/lib/python3.12/site-packages/airflow/example_dags/example_python_operator.py took 0.070 seconds
[2026-06-13T17:42:41.011+0000] {processor.py:186} INFO - Started process (PID=6338) to work on /home/airflow/.local/lib/python3.12/site-packages/airflow/example_dags/example_python_operator.py
[2026-06-13T17:42:41.012+0000] {processor.py:914} INFO - Processing file /home/airflow/.local/lib/python3.12/site-packages/airflow/example_dags/example_python_operator.py for tasks to queue
[2026-06-13T17:42:41.015+0000] {logging_mixin.py:190} INFO - [2026-06-13T17:42:41.014+0000] {dagbag.py:588} INFO - Filling up the DagBag from /home/airflow/.local/lib/python3.12/site-packages/airflow/example_dags/example_python_operator.py
[2026-06-13T17:42:41.024+0000] {processor.py:925} INFO - DAG(s) 'example_python_operator' retrieved from /home/airflow/.local/lib/python3.12/site-packages/airflow/example_dags/example_python_operator.py
[2026-06-13T17:42:41.043+0000] {logging_mixin.py:190} INFO - [2026-06-13T17:42:41.043+0000] {dag.py:3239} INFO - Sync 1 DAGs
[2026-06-13T17:42:41.053+0000] {logging_mixin.py:190} INFO - [2026-06-13T17:42:41.053+0000] {dag.py:4180} INFO - Setting next_dagrun for example_python_operator to None, run_after=None
[2026-06-13T17:42:41.069+0000] {processor.py:208} INFO - Processing /home/airflow/.local/lib/python3.12/site-packages/airflow/example_dags/example_python_operator.py took 0.063 seconds
[2026-06-13T17:43:11.394+0000] {processor.py:186} INFO - Started process (PID=6400) to work on /home/airflow/.local/lib/python3.12/site-packages/airflow/example_dags/example_python_operator.py
[2026-06-13T17:43:11.395+0000] {processor.py:914} INFO - Processing file /home/airflow/.local/lib/python3.12/site-packages/airflow/example_dags/example_python_operator.py for tasks to queue
[2026-06-13T17:43:11.397+0000] {logging_mixin.py:190} INFO - [2026-06-13T17:43:11.397+0000] {dagbag.py:588} INFO - Filling up the DagBag from /home/airflow/.local/lib/python3.12/site-packages/airflow/example_dags/example_python_operator.py
[2026-06-13T17:43:11.409+0000] {processor.py:925} INFO - DAG(s) 'example_python_operator' retrieved from /home/airflow/.local/lib/python3.12/site-packages/airflow/example_dags/example_python_operator.py
[2026-06-13T17:43:11.431+0000] {logging_mixin.py:190} INFO - [2026-06-13T17:43:11.430+0000] {dag.py:3239} INFO - Sync 1 DAGs
[2026-06-13T17:43:11.451+0000] {logging_mixin.py:190} INFO - [2026-06-13T17:43:11.450+0000] {dag.py:4180} INFO - Setting next_dagrun for example_python_operator to None, run_after=None
[2026-06-13T17:43:11.474+0000] {processor.py:208} INFO - Processing /home/airflow/.local/lib/python3.12/site-packages/airflow/example_dags/example_python_operator.py took 0.085 seconds
[2026-06-13T17:43:41.795+0000] {processor.py:186} INFO - Started process (PID=6462) to work on /home/airflow/.local/lib/python3.12/site-packages/airflow/example_dags/example_python_operator.py
[2026-06-13T17:43:41.796+0000] {processor.py:914} INFO - Processing file /home/airflow/.local/lib/python3.12/site-packages/airflow/example_dags/example_python_operator.py for tasks to queue
[2026-06-13T17:43:41.798+0000] {logging_mixin.py:190} INFO - [2026-06-13T17:43:41.797+0000] {dagbag.py:588} INFO - Filling up the DagBag from /home/airflow/.local/lib/python3.12/site-packages/airflow/example_dags/example_python_operator.py
[2026-06-13T17:43:41.807+0000] {processor.py:925} INFO - DAG(s) 'example_python_operator' retrieved from /home/airflow/.local/lib/python3.12/site-packages/airflow/example_dags/example_python_operator.py
[2026-06-13T17:43:41.824+0000] {logging_mixin.py:190} INFO - [2026-06-13T17:43:41.824+0000] {dag.py:3239} INFO - Sync 1 DAGs
[2026-06-13T17:43:41.835+0000] {logging_mixin.py:190} INFO - [2026-06-13T17:43:41.835+0000] {dag.py:4180} INFO - Setting next_dagrun for example_python_operator to None, run_after=None
[2026-06-13T17:43:41.853+0000] {processor.py:208} INFO - Processing /home/airflow/.local/lib/python3.12/site-packages/airflow/example_dags/example_python_operator.py took 0.063 seconds
[2026-06-13T17:44:12.022+0000] {processor.py:186} INFO - Started process (PID=6524) to work on /home/airflow/.local/lib/python3.12/site-packages/airflow/example_dags/example_python_operator.py
[2026-06-13T17:44:12.023+0000] {processor.py:914} INFO - Processing file /home/airflow/.local/lib/python3.12/site-packages/airflow/example_dags/example_python_operator.py for tasks to queue
[2026-06-13T17:44:12.026+0000] {logging_mixin.py:190} INFO - [2026-06-13T17:44:12.025+0000] {dagbag.py:588} INFO - Filling up the DagBag from /home/airflow/.local/lib/python3.12/site-packages/airflow/example_dags/example_python_operator.py
[2026-06-13T17:44:12.035+0000] {processor.py:925} INFO - DAG(s) 'example_python_operator' retrieved from /home/airflow/.local/lib/python3.12/site-packages/airflow/example_dags/example_python_operator.py
[2026-06-13T17:44:12.055+0000] {logging_mixin.py:190} INFO - [2026-06-13T17:44:12.055+0000] {dag.py:3239} INFO - Sync 1 DAGs
[2026-06-13T17:44:12.067+0000] {logging_mixin.py:190} INFO - [2026-06-13T17:44:12.067+0000] {dag.py:4180} INFO - Setting next_dagrun for example_python_operator to None, run_after=None
[2026-06-13T17:44:12.084+0000] {processor.py:208} INFO - Processing /home/airflow/.local/lib/python3.12/site-packages/airflow/example_dags/example_python_operator.py took 0.067 seconds
[2026-06-13T17:44:42.162+0000] {processor.py:186} INFO - Started process (PID=6586) to work on /home/airflow/.local/lib/python3.12/site-packages/airflow/example_dags/example_python_operator.py
[2026-06-13T17:44:42.163+0000] {processor.py:914} INFO - Processing file /home/airflow/.local/lib/python3.12/site-packages/airflow/example_dags/example_python_operator.py for tasks to queue
[2026-06-13T17:44:42.165+0000] {logging_mixin.py:190} INFO - [2026-06-13T17:44:42.165+0000] {dagbag.py:588} INFO - Filling up the DagBag from /home/airflow/.local/lib/python3.12/site-packages/airflow/example_dags/example_python_operator.py
[2026-06-13T17:44:42.175+0000] {processor.py:925} INFO - DAG(s) 'example_python_operator' retrieved from /home/airflow/.local/lib/python3.12/site-packages/airflow/example_dags/example_python_operator.py
[2026-06-13T17:44:42.200+0000] {logging_mixin.py:190} INFO - [2026-06-13T17:44:42.199+0000] {dag.py:3239} INFO - Sync 1 DAGs
[2026-06-13T17:44:42.212+0000] {logging_mixin.py:190} INFO - [2026-06-13T17:44:42.211+0000] {dag.py:4180} INFO - Setting next_dagrun for example_python_operator to None, run_after=None
[2026-06-13T17:44:42.231+0000] {processor.py:208} INFO - Processing /home/airflow/.local/lib/python3.12/site-packages/airflow/example_dags/example_python_operator.py took 0.073 seconds
[2026-06-13T17:45:12.538+0000] {processor.py:186} INFO - Started process (PID=6648) to work on /home/airflow/.local/lib/python3.12/site-packages/airflow/example_dags/example_python_operator.py
[2026-06-13T17:45:12.540+0000] {processor.py:914} INFO - Processing file /home/airflow/.local/lib/python3.12/site-packages/airflow/example_dags/example_python_operator.py for tasks to queue
[2026-06-13T17:45:12.542+0000] {logging_mixin.py:190} INFO - [2026-06-13T17:45:12.542+0000] {dagbag.py:588} INFO - Filling up the DagBag from /home/airflow/.local/lib/python3.12/site-packages/airflow/example_dags/example_python_operator.py
[2026-06-13T17:45:12.552+0000] {processor.py:925} INFO - DAG(s) 'example_python_operator' retrieved from /home/airflow/.local/lib/python3.12/site-packages/airflow/example_dags/example_python_operator.py
[2026-06-13T17:45:12.569+0000] {logging_mixin.py:190} INFO - [2026-06-13T17:45:12.569+0000] {dag.py:3239} INFO - Sync 1 DAGs
[2026-06-13T17:45:12.579+0000] {logging_mixin.py:190} INFO - [2026-06-13T17:45:12.579+0000] {dag.py:4180} INFO - Setting next_dagrun for example_python_operator to None, run_after=None
[2026-06-13T17:45:12.595+0000] {processor.py:208} INFO - Processing /home/airflow/.local/lib/python3.12/site-packages/airflow/example_dags/example_python_operator.py took 0.061 seconds
[2026-06-13T17:45:43.360+0000] {processor.py:186} INFO - Started process (PID=6710) to work on /home/airflow/.local/lib/python3.12/site-packages/airflow/example_dags/example_python_operator.py
[2026-06-13T17:45:43.362+0000] {processor.py:914} INFO - Processing file /home/airflow/.local/lib/python3.12/site-packages/airflow/example_dags/example_python_operator.py for tasks to queue
[2026-06-13T17:45:43.364+0000] {logging_mixin.py:190} INFO - [2026-06-13T17:45:43.364+0000] {dagbag.py:588} INFO - Filling up the DagBag from /home/airflow/.local/lib/python3.12/site-packages/airflow/example_dags/example_python_operator.py
[2026-06-13T17:45:43.374+0000] {processor.py:925} INFO - DAG(s) 'example_python_operator' retrieved from /home/airflow/.local/lib/python3.12/site-packages/airflow/example_dags/example_python_operator.py
[2026-06-13T17:45:43.391+0000] {logging_mixin.py:190} INFO - [2026-06-13T17:45:43.391+0000] {dag.py:3239} INFO - Sync 1 DAGs
[2026-06-13T17:45:43.403+0000] {logging_mixin.py:190} INFO - [2026-06-13T17:45:43.403+0000] {dag.py:4180} INFO - Setting next_dagrun for example_python_operator to None, run_after=None
[2026-06-13T17:45:43.421+0000] {processor.py:208} INFO - Processing /home/airflow/.local/lib/python3.12/site-packages/airflow/example_dags/example_python_operator.py took 0.065 seconds
[2026-06-13T17:46:13.871+0000] {processor.py:186} INFO - Started process (PID=6772) to work on /home/airflow/.local/lib/python3.12/site-packages/airflow/example_dags/example_python_operator.py
[2026-06-13T17:46:13.872+0000] {processor.py:914} INFO - Processing file /home/airflow/.local/lib/python3.12/site-packages/airflow/example_dags/example_python_operator.py for tasks to queue
[2026-06-13T17:46:13.878+0000] {logging_mixin.py:190} INFO - [2026-06-13T17:46:13.878+0000] {dagbag.py:588} INFO - Filling up the DagBag from /home/airflow/.local/lib/python3.12/site-packages/airflow/example_dags/example_python_operator.py
[2026-06-13T17:46:13.893+0000] {processor.py:925} INFO - DAG(s) 'example_python_operator' retrieved from /home/airflow/.local/lib/python3.12/site-packages/airflow/example_dags/example_python_operator.py
[2026-06-13T17:46:13.924+0000] {logging_mixin.py:190} INFO - [2026-06-13T17:46:13.924+0000] {dag.py:3239} INFO - Sync 1 DAGs
[2026-06-13T17:46:13.945+0000] {logging_mixin.py:190} INFO - [2026-06-13T17:46:13.945+0000] {dag.py:4180} INFO - Setting next_dagrun for example_python_operator to None, run_after=None
[2026-06-13T17:46:13.971+0000] {processor.py:208} INFO - Processing /home/airflow/.local/lib/python3.12/site-packages/airflow/example_dags/example_python_operator.py took 0.110 seconds
[2026-06-13T17:46:44.307+0000] {processor.py:186} INFO - Started process (PID=6834) to work on /home/airflow/.local/lib/python3.12/site-packages/airflow/example_dags/example_python_operator.py
[2026-06-13T17:46:44.309+0000] {processor.py:914} INFO - Processing file /home/airflow/.local/lib/python3.12/site-packages/airflow/example_dags/example_python_operator.py for tasks to queue
[2026-06-13T17:46:44.311+0000] {logging_mixin.py:190} INFO - [2026-06-13T17:46:44.311+0000] {dagbag.py:588} INFO - Filling up the DagBag from /home/airflow/.local/lib/python3.12/site-packages/airflow/example_dags/example_python_operator.py
[2026-06-13T17:46:44.320+0000] {processor.py:925} INFO - DAG(s) 'example_python_operator' retrieved from /home/airflow/.local/lib/python3.12/site-packages/airflow/example_dags/example_python_operator.py
[2026-06-13T17:46:44.340+0000] {logging_mixin.py:190} INFO - [2026-06-13T17:46:44.340+0000] {dag.py:3239} INFO - Sync 1 DAGs
[2026-06-13T17:46:44.354+0000] {logging_mixin.py:190} INFO - [2026-06-13T17:46:44.353+0000] {dag.py:4180} INFO - Setting next_dagrun for example_python_operator to None, run_after=None
[2026-06-13T17:46:44.372+0000] {processor.py:208} INFO - Processing /home/airflow/.local/lib/python3.12/site-packages/airflow/example_dags/example_python_operator.py took 0.069 seconds
[2026-06-13T17:47:14.675+0000] {processor.py:186} INFO - Started process (PID=6896) to work on /home/airflow/.local/lib/python3.12/site-packages/airflow/example_dags/example_python_operator.py
[2026-06-13T17:47:14.676+0000] {processor.py:914} INFO - Processing file /home/airflow/.local/lib/python3.12/site-packages/airflow/example_dags/example_python_operator.py for tasks to queue
[2026-06-13T17:47:14.678+0000] {logging_mixin.py:190} INFO - [2026-06-13T17:47:14.678+0000] {dagbag.py:588} INFO - Filling up the DagBag from /home/airflow/.local/lib/python3.12/site-packages/airflow/example_dags/example_python_operator.py
[2026-06-13T17:47:14.688+0000] {processor.py:925} INFO - DAG(s) 'example_python_operator' retrieved from /home/airflow/.local/lib/python3.12/site-packages/airflow/example_dags/example_python_operator.py
[2026-06-13T17:47:14.706+0000] {logging_mixin.py:190} INFO - [2026-06-13T17:47:14.705+0000] {dag.py:3239} INFO - Sync 1 DAGs
[2026-06-13T17:47:14.716+0000] {logging_mixin.py:190} INFO - [2026-06-13T17:47:14.716+0000] {dag.py:4180} INFO - Setting next_dagrun for example_python_operator to None, run_after=None
[2026-06-13T17:47:14.744+0000] {processor.py:208} INFO - Processing /home/airflow/.local/lib/python3.12/site-packages/airflow/example_dags/example_python_operator.py took 0.075 seconds
[2026-06-13T17:47:45.075+0000] {processor.py:186} INFO - Started process (PID=6958) to work on /home/airflow/.local/lib/python3.12/site-packages/airflow/example_dags/example_python_operator.py
[2026-06-13T17:47:45.076+0000] {processor.py:914} INFO - Processing file /home/airflow/.local/lib/python3.12/site-packages/airflow/example_dags/example_python_operator.py for tasks to queue
[2026-06-13T17:47:45.078+0000] {logging_mixin.py:190} INFO - [2026-06-13T17:47:45.078+0000] {dagbag.py:588} INFO - Filling up the DagBag from /home/airflow/.local/lib/python3.12/site-packages/airflow/example_dags/example_python_operator.py
[2026-06-13T17:47:45.088+0000] {processor.py:925} INFO - DAG(s) 'example_python_operator' retrieved from /home/airflow/.local/lib/python3.12/site-packages/airflow/example_dags/example_python_operator.py
[2026-06-13T17:47:45.108+0000] {logging_mixin.py:190} INFO - [2026-06-13T17:47:45.107+0000] {dag.py:3239} INFO - Sync 1 DAGs
[2026-06-13T17:47:45.120+0000] {logging_mixin.py:190} INFO - [2026-06-13T17:47:45.120+0000] {dag.py:4180} INFO - Setting next_dagrun for example_python_operator to None, run_after=None
[2026-06-13T17:47:45.142+0000] {processor.py:208} INFO - Processing /home/airflow/.local/lib/python3.12/site-packages/airflow/example_dags/example_python_operator.py took 0.071 seconds
[2026-06-13T17:48:15.624+0000] {processor.py:186} INFO - Started process (PID=7020) to work on /home/airflow/.local/lib/python3.12/site-packages/airflow/example_dags/example_python_operator.py
[2026-06-13T17:48:15.625+0000] {processor.py:914} INFO - Processing file /home/airflow/.local/lib/python3.12/site-packages/airflow/example_dags/example_python_operator.py for tasks to queue
[2026-06-13T17:48:15.628+0000] {logging_mixin.py:190} INFO - [2026-06-13T17:48:15.627+0000] {dagbag.py:588} INFO - Filling up the DagBag from /home/airflow/.local/lib/python3.12/site-packages/airflow/example_dags/example_python_operator.py
[2026-06-13T17:48:15.637+0000] {processor.py:925} INFO - DAG(s) 'example_python_operator' retrieved from /home/airflow/.local/lib/python3.12/site-packages/airflow/example_dags/example_python_operator.py
[2026-06-13T17:48:15.656+0000] {logging_mixin.py:190} INFO - [2026-06-13T17:48:15.655+0000] {dag.py:3239} INFO - Sync 1 DAGs
[2026-06-13T17:48:15.667+0000] {logging_mixin.py:190} INFO - [2026-06-13T17:48:15.666+0000] {dag.py:4180} INFO - Setting next_dagrun for example_python_operator to None, run_after=None
[2026-06-13T17:48:15.685+0000] {processor.py:208} INFO - Processing /home/airflow/.local/lib/python3.12/site-packages/airflow/example_dags/example_python_operator.py took 0.065 seconds
[2026-06-13T17:48:46.212+0000] {processor.py:186} INFO - Started process (PID=7082) to work on /home/airflow/.local/lib/python3.12/site-packages/airflow/example_dags/example_python_operator.py
[2026-06-13T17:48:46.213+0000] {processor.py:914} INFO - Processing file /home/airflow/.local/lib/python3.12/site-packages/airflow/example_dags/example_python_operator.py for tasks to queue
[2026-06-13T17:48:46.217+0000] {logging_mixin.py:190} INFO - [2026-06-13T17:48:46.216+0000] {dagbag.py:588} INFO - Filling up the DagBag from /home/airflow/.local/lib/python3.12/site-packages/airflow/example_dags/example_python_operator.py
[2026-06-13T17:48:46.236+0000] {processor.py:925} INFO - DAG(s) 'example_python_operator' retrieved from /home/airflow/.local/lib/python3.12/site-packages/airflow/example_dags/example_python_operator.py
[2026-06-13T17:48:46.266+0000] {logging_mixin.py:190} INFO - [2026-06-13T17:48:46.265+0000] {dag.py:3239} INFO - Sync 1 DAGs
[2026-06-13T17:48:46.282+0000] {logging_mixin.py:190} INFO - [2026-06-13T17:48:46.282+0000] {dag.py:4180} INFO - Setting next_dagrun for example_python_operator to None, run_after=None
[2026-06-13T17:48:46.305+0000] {processor.py:208} INFO - Processing /home/airflow/.local/lib/python3.12/site-packages/airflow/example_dags/example_python_operator.py took 0.101 seconds
[2026-06-13T17:49:16.432+0000] {processor.py:186} INFO - Started process (PID=7144) to work on /home/airflow/.local/lib/python3.12/site-packages/airflow/example_dags/example_python_operator.py
[2026-06-13T17:49:16.434+0000] {processor.py:914} INFO - Processing file /home/airflow/.local/lib/python3.12/site-packages/airflow/example_dags/example_python_operator.py for tasks to queue
[2026-06-13T17:49:16.439+0000] {logging_mixin.py:190} INFO - [2026-06-13T17:49:16.438+0000] {dagbag.py:588} INFO - Filling up the DagBag from /home/airflow/.local/lib/python3.12/site-packages/airflow/example_dags/example_python_operator.py
[2026-06-13T17:49:16.460+0000] {processor.py:925} INFO - DAG(s) 'example_python_operator' retrieved from /home/airflow/.local/lib/python3.12/site-packages/airflow/example_dags/example_python_operator.py
[2026-06-13T17:49:16.508+0000] {logging_mixin.py:190} INFO - [2026-06-13T17:49:16.508+0000] {dag.py:3239} INFO - Sync 1 DAGs
[2026-06-13T17:49:16.537+0000] {logging_mixin.py:190} INFO - [2026-06-13T17:49:16.537+0000] {dag.py:4180} INFO - Setting next_dagrun for example_python_operator to None, run_after=None
[2026-06-13T17:49:16.587+0000] {processor.py:208} INFO - Processing /home/airflow/.local/lib/python3.12/site-packages/airflow/example_dags/example_python_operator.py took 0.164 seconds
[2026-06-13T17:49:47.485+0000] {processor.py:186} INFO - Started process (PID=7206) to work on /home/airflow/.local/lib/python3.12/site-packages/airflow/example_dags/example_python_operator.py
[2026-06-13T17:49:47.491+0000] {processor.py:914} INFO - Processing file /home/airflow/.local/lib/python3.12/site-packages/airflow/example_dags/example_python_operator.py for tasks to queue
[2026-06-13T17:49:47.501+0000] {logging_mixin.py:190} INFO - [2026-06-13T17:49:47.499+0000] {dagbag.py:588} INFO - Filling up the DagBag from /home/airflow/.local/lib/python3.12/site-packages/airflow/example_dags/example_python_operator.py
[2026-06-13T17:49:47.556+0000] {processor.py:925} INFO - DAG(s) 'example_python_operator' retrieved from /home/airflow/.local/lib/python3.12/site-packages/airflow/example_dags/example_python_operator.py
[2026-06-13T17:49:47.626+0000] {logging_mixin.py:190} INFO - [2026-06-13T17:49:47.625+0000] {dag.py:3239} INFO - Sync 1 DAGs
[2026-06-13T17:49:47.665+0000] {logging_mixin.py:190} INFO - [2026-06-13T17:49:47.664+0000] {dag.py:4180} INFO - Setting next_dagrun for example_python_operator to None, run_after=None
[2026-06-13T17:49:47.733+0000] {processor.py:208} INFO - Processing /home/airflow/.local/lib/python3.12/site-packages/airflow/example_dags/example_python_operator.py took 0.266 seconds
[2026-06-13T17:50:18.225+0000] {processor.py:186} INFO - Started process (PID=7269) to work on /home/airflow/.local/lib/python3.12/site-packages/airflow/example_dags/example_python_operator.py
[2026-06-13T17:50:18.228+0000] {processor.py:914} INFO - Processing file /home/airflow/.local/lib/python3.12/site-packages/airflow/example_dags/example_python_operator.py for tasks to queue
[2026-06-13T17:50:18.240+0000] {logging_mixin.py:190} INFO - [2026-06-13T17:50:18.237+0000] {dagbag.py:588} INFO - Filling up the DagBag from /home/airflow/.local/lib/python3.12/site-packages/airflow/example_dags/example_python_operator.py
[2026-06-13T17:50:18.294+0000] {processor.py:925} INFO - DAG(s) 'example_python_operator' retrieved from /home/airflow/.local/lib/python3.12/site-packages/airflow/example_dags/example_python_operator.py
[2026-06-13T17:50:18.383+0000] {logging_mixin.py:190} INFO - [2026-06-13T17:50:18.382+0000] {dag.py:3239} INFO - Sync 1 DAGs
[2026-06-13T17:50:18.447+0000] {logging_mixin.py:190} INFO - [2026-06-13T17:50:18.446+0000] {dag.py:4180} INFO - Setting next_dagrun for example_python_operator to None, run_after=None
[2026-06-13T17:50:18.511+0000] {processor.py:208} INFO - Processing /home/airflow/.local/lib/python3.12/site-packages/airflow/example_dags/example_python_operator.py took 0.307 seconds
[2026-06-13T17:50:48.669+0000] {processor.py:186} INFO - Started process (PID=7332) to work on /home/airflow/.local/lib/python3.12/site-packages/airflow/example_dags/example_python_operator.py
[2026-06-13T17:50:48.671+0000] {processor.py:914} INFO - Processing file /home/airflow/.local/lib/python3.12/site-packages/airflow/example_dags/example_python_operator.py for tasks to queue
[2026-06-13T17:50:48.675+0000] {logging_mixin.py:190} INFO - [2026-06-13T17:50:48.675+0000] {dagbag.py:588} INFO - Filling up the DagBag from /home/airflow/.local/lib/python3.12/site-packages/airflow/example_dags/example_python_operator.py
[2026-06-13T17:50:48.698+0000] {processor.py:925} INFO - DAG(s) 'example_python_operator' retrieved from /home/airflow/.local/lib/python3.12/site-packages/airflow/example_dags/example_python_operator.py
[2026-06-13T17:50:48.745+0000] {logging_mixin.py:190} INFO - [2026-06-13T17:50:48.744+0000] {dag.py:3239} INFO - Sync 1 DAGs
[2026-06-13T17:50:48.779+0000] {logging_mixin.py:190} INFO - [2026-06-13T17:50:48.778+0000] {dag.py:4180} INFO - Setting next_dagrun for example_python_operator to None, run_after=None
[2026-06-13T17:50:48.836+0000] {processor.py:208} INFO - Processing /home/airflow/.local/lib/python3.12/site-packages/airflow/example_dags/example_python_operator.py took 0.180 seconds
[2026-06-13T17:51:20.576+0000] {processor.py:186} INFO - Started process (PID=7394) to work on /home/airflow/.local/lib/python3.12/site-packages/airflow/example_dags/example_python_operator.py
[2026-06-13T17:51:20.580+0000] {processor.py:914} INFO - Processing file /home/airflow/.local/lib/python3.12/site-packages/airflow/example_dags/example_python_operator.py for tasks to queue
[2026-06-13T17:51:20.595+0000] {logging_mixin.py:190} INFO - [2026-06-13T17:51:20.593+0000] {dagbag.py:588} INFO - Filling up the DagBag from /home/airflow/.local/lib/python3.12/site-packages/airflow/example_dags/example_python_operator.py
[2026-06-13T17:51:20.662+0000] {processor.py:925} INFO - DAG(s) 'example_python_operator' retrieved from /home/airflow/.local/lib/python3.12/site-packages/airflow/example_dags/example_python_operator.py
[2026-06-13T17:51:20.789+0000] {logging_mixin.py:190} INFO - [2026-06-13T17:51:20.787+0000] {dag.py:3239} INFO - Sync 1 DAGs
[2026-06-13T17:51:20.898+0000] {logging_mixin.py:190} INFO - [2026-06-13T17:51:20.897+0000] {dag.py:4180} INFO - Setting next_dagrun for example_python_operator to None, run_after=None
[2026-06-13T17:51:21.007+0000] {processor.py:208} INFO - Processing /home/airflow/.local/lib/python3.12/site-packages/airflow/example_dags/example_python_operator.py took 0.464 seconds
[2026-06-13T17:51:51.750+0000] {processor.py:186} INFO - Started process (PID=7455) to work on /home/airflow/.local/lib/python3.12/site-packages/airflow/example_dags/example_python_operator.py
[2026-06-13T17:51:51.753+0000] {processor.py:914} INFO - Processing file /home/airflow/.local/lib/python3.12/site-packages/airflow/example_dags/example_python_operator.py for tasks to queue
[2026-06-13T17:51:51.759+0000] {logging_mixin.py:190} INFO - [2026-06-13T17:51:51.759+0000] {dagbag.py:588} INFO - Filling up the DagBag from /home/airflow/.local/lib/python3.12/site-packages/airflow/example_dags/example_python_operator.py
[2026-06-13T17:51:51.787+0000] {processor.py:925} INFO - DAG(s) 'example_python_operator' retrieved from /home/airflow/.local/lib/python3.12/site-packages/airflow/example_dags/example_python_operator.py
[2026-06-13T17:51:51.841+0000] {logging_mixin.py:190} INFO - [2026-06-13T17:51:51.840+0000] {dag.py:3239} INFO - Sync 1 DAGs
[2026-06-13T17:51:51.873+0000] {logging_mixin.py:190} INFO - [2026-06-13T17:51:51.872+0000] {dag.py:4180} INFO - Setting next_dagrun for example_python_operator to None, run_after=None
[2026-06-13T17:51:51.931+0000] {processor.py:208} INFO - Processing /home/airflow/.local/lib/python3.12/site-packages/airflow/example_dags/example_python_operator.py took 0.194 seconds
[2026-06-13T17:52:22.038+0000] {processor.py:186} INFO - Started process (PID=7517) to work on /home/airflow/.local/lib/python3.12/site-packages/airflow/example_dags/example_python_operator.py
[2026-06-13T17:52:22.040+0000] {processor.py:914} INFO - Processing file /home/airflow/.local/lib/python3.12/site-packages/airflow/example_dags/example_python_operator.py for tasks to queue
[2026-06-13T17:52:22.044+0000] {logging_mixin.py:190} INFO - [2026-06-13T17:52:22.043+0000] {dagbag.py:588} INFO - Filling up the DagBag from /home/airflow/.local/lib/python3.12/site-packages/airflow/example_dags/example_python_operator.py
[2026-06-13T17:52:22.057+0000] {processor.py:925} INFO - DAG(s) 'example_python_operator' retrieved from /home/airflow/.local/lib/python3.12/site-packages/airflow/example_dags/example_python_operator.py
[2026-06-13T17:52:22.088+0000] {logging_mixin.py:190} INFO - [2026-06-13T17:52:22.087+0000] {dag.py:3239} INFO - Sync 1 DAGs
[2026-06-13T17:52:22.104+0000] {logging_mixin.py:190} INFO - [2026-06-13T17:52:22.103+0000] {dag.py:4180} INFO - Setting next_dagrun for example_python_operator to None, run_after=None
[2026-06-13T17:52:22.134+0000] {processor.py:208} INFO - Processing /home/airflow/.local/lib/python3.12/site-packages/airflow/example_dags/example_python_operator.py took 0.102 seconds
[2026-06-13T17:52:52.265+0000] {processor.py:186} INFO - Started process (PID=7579) to work on /home/airflow/.local/lib/python3.12/site-packages/airflow/example_dags/example_python_operator.py
[2026-06-13T17:52:52.266+0000] {processor.py:914} INFO - Processing file /home/airflow/.local/lib/python3.12/site-packages/airflow/example_dags/example_python_operator.py for tasks to queue
[2026-06-13T17:52:52.269+0000] {logging_mixin.py:190} INFO - [2026-06-13T17:52:52.269+0000] {dagbag.py:588} INFO - Filling up the DagBag from /home/airflow/.local/lib/python3.12/site-packages/airflow/example_dags/example_python_operator.py
[2026-06-13T17:52:52.282+0000] {processor.py:925} INFO - DAG(s) 'example_python_operator' retrieved from /home/airflow/.local/lib/python3.12/site-packages/airflow/example_dags/example_python_operator.py
[2026-06-13T17:52:52.305+0000] {logging_mixin.py:190} INFO - [2026-06-13T17:52:52.304+0000] {dag.py:3239} INFO - Sync 1 DAGs
[2026-06-13T17:52:52.317+0000] {logging_mixin.py:190} INFO - [2026-06-13T17:52:52.317+0000] {dag.py:4180} INFO - Setting next_dagrun for example_python_operator to None, run_after=None
[2026-06-13T17:52:52.335+0000] {processor.py:208} INFO - Processing /home/airflow/.local/lib/python3.12/site-packages/airflow/example_dags/example_python_operator.py took 0.078 seconds
[2026-06-13T17:53:22.690+0000] {processor.py:186} INFO - Started process (PID=7641) to work on /home/airflow/.local/lib/python3.12/site-packages/airflow/example_dags/example_python_operator.py
[2026-06-13T17:53:22.692+0000] {processor.py:914} INFO - Processing file /home/airflow/.local/lib/python3.12/site-packages/airflow/example_dags/example_python_operator.py for tasks to queue
[2026-06-13T17:53:22.695+0000] {logging_mixin.py:190} INFO - [2026-06-13T17:53:22.694+0000] {dagbag.py:588} INFO - Filling up the DagBag from /home/airflow/.local/lib/python3.12/site-packages/airflow/example_dags/example_python_operator.py
[2026-06-13T17:53:22.705+0000] {processor.py:925} INFO - DAG(s) 'example_python_operator' retrieved from /home/airflow/.local/lib/python3.12/site-packages/airflow/example_dags/example_python_operator.py
[2026-06-13T17:53:22.726+0000] {logging_mixin.py:190} INFO - [2026-06-13T17:53:22.725+0000] {dag.py:3239} INFO - Sync 1 DAGs
[2026-06-13T17:53:22.737+0000] {logging_mixin.py:190} INFO - [2026-06-13T17:53:22.737+0000] {dag.py:4180} INFO - Setting next_dagrun for example_python_operator to None, run_after=None
[2026-06-13T17:53:22.753+0000] {processor.py:208} INFO - Processing /home/airflow/.local/lib/python3.12/site-packages/airflow/example_dags/example_python_operator.py took 0.068 seconds
[2026-06-13T17:53:52.848+0000] {processor.py:186} INFO - Started process (PID=7702) to work on /home/airflow/.local/lib/python3.12/site-packages/airflow/example_dags/example_python_operator.py
[2026-06-13T17:53:52.850+0000] {processor.py:914} INFO - Processing file /home/airflow/.local/lib/python3.12/site-packages/airflow/example_dags/example_python_operator.py for tasks to queue
[2026-06-13T17:53:52.853+0000] {logging_mixin.py:190} INFO - [2026-06-13T17:53:52.853+0000] {dagbag.py:588} INFO - Filling up the DagBag from /home/airflow/.local/lib/python3.12/site-packages/airflow/example_dags/example_python_operator.py
[2026-06-13T17:53:52.866+0000] {processor.py:925} INFO - DAG(s) 'example_python_operator' retrieved from /home/airflow/.local/lib/python3.12/site-packages/airflow/example_dags/example_python_operator.py
[2026-06-13T17:53:52.890+0000] {logging_mixin.py:190} INFO - [2026-06-13T17:53:52.890+0000] {dag.py:3239} INFO - Sync 1 DAGs
[2026-06-13T17:53:52.909+0000] {logging_mixin.py:190} INFO - [2026-06-13T17:53:52.908+0000] {dag.py:4180} INFO - Setting next_dagrun for example_python_operator to None, run_after=None
[2026-06-13T17:53:53.090+0000] {processor.py:208} INFO - Processing /home/airflow/.local/lib/python3.12/site-packages/airflow/example_dags/example_python_operator.py took 0.248 seconds
[2026-06-13T17:54:23.235+0000] {processor.py:186} INFO - Started process (PID=7764) to work on /home/airflow/.local/lib/python3.12/site-packages/airflow/example_dags/example_python_operator.py
[2026-06-13T17:54:23.236+0000] {processor.py:914} INFO - Processing file /home/airflow/.local/lib/python3.12/site-packages/airflow/example_dags/example_python_operator.py for tasks to queue
[2026-06-13T17:54:23.238+0000] {logging_mixin.py:190} INFO - [2026-06-13T17:54:23.238+0000] {dagbag.py:588} INFO - Filling up the DagBag from /home/airflow/.local/lib/python3.12/site-packages/airflow/example_dags/example_python_operator.py
[2026-06-13T17:54:23.249+0000] {processor.py:925} INFO - DAG(s) 'example_python_operator' retrieved from /home/airflow/.local/lib/python3.12/site-packages/airflow/example_dags/example_python_operator.py
[2026-06-13T17:54:23.268+0000] {logging_mixin.py:190} INFO - [2026-06-13T17:54:23.268+0000] {dag.py:3239} INFO - Sync 1 DAGs
[2026-06-13T17:54:23.280+0000] {logging_mixin.py:190} INFO - [2026-06-13T17:54:23.280+0000] {dag.py:4180} INFO - Setting next_dagrun for example_python_operator to None, run_after=None
[2026-06-13T17:54:23.297+0000] {processor.py:208} INFO - Processing /home/airflow/.local/lib/python3.12/site-packages/airflow/example_dags/example_python_operator.py took 0.068 seconds
[2026-06-13T17:54:53.561+0000] {processor.py:186} INFO - Started process (PID=7826) to work on /home/airflow/.local/lib/python3.12/site-packages/airflow/example_dags/example_python_operator.py
[2026-06-13T17:54:53.562+0000] {processor.py:914} INFO - Processing file /home/airflow/.local/lib/python3.12/site-packages/airflow/example_dags/example_python_operator.py for tasks to queue
[2026-06-13T17:54:53.565+0000] {logging_mixin.py:190} INFO - [2026-06-13T17:54:53.564+0000] {dagbag.py:588} INFO - Filling up the DagBag from /home/airflow/.local/lib/python3.12/site-packages/airflow/example_dags/example_python_operator.py
[2026-06-13T17:54:53.575+0000] {processor.py:925} INFO - DAG(s) 'example_python_operator' retrieved from /home/airflow/.local/lib/python3.12/site-packages/airflow/example_dags/example_python_operator.py
[2026-06-13T17:54:53.596+0000] {logging_mixin.py:190} INFO - [2026-06-13T17:54:53.596+0000] {dag.py:3239} INFO - Sync 1 DAGs
[2026-06-13T17:54:53.608+0000] {logging_mixin.py:190} INFO - [2026-06-13T17:54:53.608+0000] {dag.py:4180} INFO - Setting next_dagrun for example_python_operator to None, run_after=None
[2026-06-13T17:54:53.626+0000] {processor.py:208} INFO - Processing /home/airflow/.local/lib/python3.12/site-packages/airflow/example_dags/example_python_operator.py took 0.072 seconds
[2026-06-13T17:55:24.247+0000] {processor.py:186} INFO - Started process (PID=7888) to work on /home/airflow/.local/lib/python3.12/site-packages/airflow/example_dags/example_python_operator.py
[2026-06-13T17:55:24.248+0000] {processor.py:914} INFO - Processing file /home/airflow/.local/lib/python3.12/site-packages/airflow/example_dags/example_python_operator.py for tasks to queue
[2026-06-13T17:55:24.250+0000] {logging_mixin.py:190} INFO - [2026-06-13T17:55:24.250+0000] {dagbag.py:588} INFO - Filling up the DagBag from /home/airflow/.local/lib/python3.12/site-packages/airflow/example_dags/example_python_operator.py
[2026-06-13T17:55:24.260+0000] {processor.py:925} INFO - DAG(s) 'example_python_operator' retrieved from /home/airflow/.local/lib/python3.12/site-packages/airflow/example_dags/example_python_operator.py
[2026-06-13T17:55:24.285+0000] {logging_mixin.py:190} INFO - [2026-06-13T17:55:24.285+0000] {dag.py:3239} INFO - Sync 1 DAGs
[2026-06-13T17:55:24.298+0000] {logging_mixin.py:190} INFO - [2026-06-13T17:55:24.298+0000] {dag.py:4180} INFO - Setting next_dagrun for example_python_operator to None, run_after=None
[2026-06-13T17:55:24.325+0000] {processor.py:208} INFO - Processing /home/airflow/.local/lib/python3.12/site-packages/airflow/example_dags/example_python_operator.py took 0.084 seconds
[2026-06-13T17:55:54.788+0000] {processor.py:186} INFO - Started process (PID=7951) to work on /home/airflow/.local/lib/python3.12/site-packages/airflow/example_dags/example_python_operator.py
[2026-06-13T17:55:54.789+0000] {processor.py:914} INFO - Processing file /home/airflow/.local/lib/python3.12/site-packages/airflow/example_dags/example_python_operator.py for tasks to queue
[2026-06-13T17:55:54.792+0000] {logging_mixin.py:190} INFO - [2026-06-13T17:55:54.791+0000] {dagbag.py:588} INFO - Filling up the DagBag from /home/airflow/.local/lib/python3.12/site-packages/airflow/example_dags/example_python_operator.py
[2026-06-13T17:55:54.962+0000] {processor.py:925} INFO - DAG(s) 'example_python_operator' retrieved from /home/airflow/.local/lib/python3.12/site-packages/airflow/example_dags/example_python_operator.py
[2026-06-13T17:55:54.981+0000] {logging_mixin.py:190} INFO - [2026-06-13T17:55:54.981+0000] {dag.py:3239} INFO - Sync 1 DAGs
[2026-06-13T17:55:54.994+0000] {logging_mixin.py:190} INFO - [2026-06-13T17:55:54.994+0000] {dag.py:4180} INFO - Setting next_dagrun for example_python_operator to None, run_after=None
[2026-06-13T17:55:55.026+0000] {processor.py:208} INFO - Processing /home/airflow/.local/lib/python3.12/site-packages/airflow/example_dags/example_python_operator.py took 0.244 seconds
[2026-06-13T17:56:25.184+0000] {processor.py:186} INFO - Started process (PID=8013) to work on /home/airflow/.local/lib/python3.12/site-packages/airflow/example_dags/example_python_operator.py
[2026-06-13T17:56:25.186+0000] {processor.py:914} INFO - Processing file /home/airflow/.local/lib/python3.12/site-packages/airflow/example_dags/example_python_operator.py for tasks to queue
[2026-06-13T17:56:25.188+0000] {logging_mixin.py:190} INFO - [2026-06-13T17:56:25.188+0000] {dagbag.py:588} INFO - Filling up the DagBag from /home/airflow/.local/lib/python3.12/site-packages/airflow/example_dags/example_python_operator.py
[2026-06-13T17:56:25.197+0000] {processor.py:925} INFO - DAG(s) 'example_python_operator' retrieved from /home/airflow/.local/lib/python3.12/site-packages/airflow/example_dags/example_python_operator.py
[2026-06-13T17:56:25.215+0000] {logging_mixin.py:190} INFO - [2026-06-13T17:56:25.215+0000] {dag.py:3239} INFO - Sync 1 DAGs
[2026-06-13T17:56:25.226+0000] {logging_mixin.py:190} INFO - [2026-06-13T17:56:25.226+0000] {dag.py:4180} INFO - Setting next_dagrun for example_python_operator to None, run_after=None
[2026-06-13T17:56:25.249+0000] {processor.py:208} INFO - Processing /home/airflow/.local/lib/python3.12/site-packages/airflow/example_dags/example_python_operator.py took 0.070 seconds
[2026-06-13T17:56:55.402+0000] {processor.py:186} INFO - Started process (PID=8075) to work on /home/airflow/.local/lib/python3.12/site-packages/airflow/example_dags/example_python_operator.py
[2026-06-13T17:56:55.403+0000] {processor.py:914} INFO - Processing file /home/airflow/.local/lib/python3.12/site-packages/airflow/example_dags/example_python_operator.py for tasks to queue
[2026-06-13T17:56:55.407+0000] {logging_mixin.py:190} INFO - [2026-06-13T17:56:55.406+0000] {dagbag.py:588} INFO - Filling up the DagBag from /home/airflow/.local/lib/python3.12/site-packages/airflow/example_dags/example_python_operator.py
[2026-06-13T17:56:55.419+0000] {processor.py:925} INFO - DAG(s) 'example_python_operator' retrieved from /home/airflow/.local/lib/python3.12/site-packages/airflow/example_dags/example_python_operator.py
[2026-06-13T17:56:55.438+0000] {logging_mixin.py:190} INFO - [2026-06-13T17:56:55.438+0000] {dag.py:3239} INFO - Sync 1 DAGs
[2026-06-13T17:56:55.450+0000] {logging_mixin.py:190} INFO - [2026-06-13T17:56:55.449+0000] {dag.py:4180} INFO - Setting next_dagrun for example_python_operator to None, run_after=None
[2026-06-13T17:56:55.479+0000] {processor.py:208} INFO - Processing /home/airflow/.local/lib/python3.12/site-packages/airflow/example_dags/example_python_operator.py took 0.085 seconds
[2026-06-13T17:57:25.757+0000] {processor.py:186} INFO - Started process (PID=8137) to work on /home/airflow/.local/lib/python3.12/site-packages/airflow/example_dags/example_python_operator.py
[2026-06-13T17:57:25.758+0000] {processor.py:914} INFO - Processing file /home/airflow/.local/lib/python3.12/site-packages/airflow/example_dags/example_python_operator.py for tasks to queue
[2026-06-13T17:57:25.761+0000] {logging_mixin.py:190} INFO - [2026-06-13T17:57:25.761+0000] {dagbag.py:588} INFO - Filling up the DagBag from /home/airflow/.local/lib/python3.12/site-packages/airflow/example_dags/example_python_operator.py
[2026-06-13T17:57:25.772+0000] {processor.py:925} INFO - DAG(s) 'example_python_operator' retrieved from /home/airflow/.local/lib/python3.12/site-packages/airflow/example_dags/example_python_operator.py
[2026-06-13T17:57:25.793+0000] {logging_mixin.py:190} INFO - [2026-06-13T17:57:25.792+0000] {dag.py:3239} INFO - Sync 1 DAGs
[2026-06-13T17:57:25.807+0000] {logging_mixin.py:190} INFO - [2026-06-13T17:57:25.807+0000] {dag.py:4180} INFO - Setting next_dagrun for example_python_operator to None, run_after=None
[2026-06-13T17:57:25.823+0000] {processor.py:208} INFO - Processing /home/airflow/.local/lib/python3.12/site-packages/airflow/example_dags/example_python_operator.py took 0.071 seconds
[2026-06-13T17:57:55.952+0000] {processor.py:186} INFO - Started process (PID=8197) to work on /home/airflow/.local/lib/python3.12/site-packages/airflow/example_dags/example_python_operator.py
[2026-06-13T17:57:55.953+0000] {processor.py:914} INFO - Processing file /home/airflow/.local/lib/python3.12/site-packages/airflow/example_dags/example_python_operator.py for tasks to queue
[2026-06-13T17:57:55.955+0000] {logging_mixin.py:190} INFO - [2026-06-13T17:57:55.955+0000] {dagbag.py:588} INFO - Filling up the DagBag from /home/airflow/.local/lib/python3.12/site-packages/airflow/example_dags/example_python_operator.py
[2026-06-13T17:57:55.966+0000] {processor.py:925} INFO - DAG(s) 'example_python_operator' retrieved from /home/airflow/.local/lib/python3.12/site-packages/airflow/example_dags/example_python_operator.py
[2026-06-13T17:57:55.987+0000] {logging_mixin.py:190} INFO - [2026-06-13T17:57:55.987+0000] {dag.py:3239} INFO - Sync 1 DAGs
[2026-06-13T17:57:56.000+0000] {logging_mixin.py:190} INFO - [2026-06-13T17:57:56.000+0000] {dag.py:4180} INFO - Setting next_dagrun for example_python_operator to None, run_after=None
[2026-06-13T17:57:56.016+0000] {processor.py:208} INFO - Processing /home/airflow/.local/lib/python3.12/site-packages/airflow/example_dags/example_python_operator.py took 0.068 seconds
[2026-06-13T17:58:26.676+0000] {processor.py:186} INFO - Started process (PID=8259) to work on /home/airflow/.local/lib/python3.12/site-packages/airflow/example_dags/example_python_operator.py
[2026-06-13T17:58:26.678+0000] {processor.py:914} INFO - Processing file /home/airflow/.local/lib/python3.12/site-packages/airflow/example_dags/example_python_operator.py for tasks to queue
[2026-06-13T17:58:26.682+0000] {logging_mixin.py:190} INFO - [2026-06-13T17:58:26.682+0000] {dagbag.py:588} INFO - Filling up the DagBag from /home/airflow/.local/lib/python3.12/site-packages/airflow/example_dags/example_python_operator.py
[2026-06-13T17:58:26.695+0000] {processor.py:925} INFO - DAG(s) 'example_python_operator' retrieved from /home/airflow/.local/lib/python3.12/site-packages/airflow/example_dags/example_python_operator.py
[2026-06-13T17:58:26.717+0000] {logging_mixin.py:190} INFO - [2026-06-13T17:58:26.717+0000] {dag.py:3239} INFO - Sync 1 DAGs
[2026-06-13T17:58:26.731+0000] {logging_mixin.py:190} INFO - [2026-06-13T17:58:26.731+0000] {dag.py:4180} INFO - Setting next_dagrun for example_python_operator to None, run_after=None
[2026-06-13T17:58:26.753+0000] {processor.py:208} INFO - Processing /home/airflow/.local/lib/python3.12/site-packages/airflow/example_dags/example_python_operator.py took 0.084 seconds
[2026-06-13T17:58:57.274+0000] {processor.py:186} INFO - Started process (PID=8321) to work on /home/airflow/.local/lib/python3.12/site-packages/airflow/example_dags/example_python_operator.py
[2026-06-13T17:58:57.276+0000] {processor.py:914} INFO - Processing file /home/airflow/.local/lib/python3.12/site-packages/airflow/example_dags/example_python_operator.py for tasks to queue
[2026-06-13T17:58:57.279+0000] {logging_mixin.py:190} INFO - [2026-06-13T17:58:57.279+0000] {dagbag.py:588} INFO - Filling up the DagBag from /home/airflow/.local/lib/python3.12/site-packages/airflow/example_dags/example_python_operator.py
[2026-06-13T17:58:57.294+0000] {processor.py:925} INFO - DAG(s) 'example_python_operator' retrieved from /home/airflow/.local/lib/python3.12/site-packages/airflow/example_dags/example_python_operator.py
[2026-06-13T17:58:57.314+0000] {logging_mixin.py:190} INFO - [2026-06-13T17:58:57.314+0000] {dag.py:3239} INFO - Sync 1 DAGs
[2026-06-13T17:58:57.326+0000] {logging_mixin.py:190} INFO - [2026-06-13T17:58:57.325+0000] {dag.py:4180} INFO - Setting next_dagrun for example_python_operator to None, run_after=None
[2026-06-13T17:58:57.346+0000] {processor.py:208} INFO - Processing /home/airflow/.local/lib/python3.12/site-packages/airflow/example_dags/example_python_operator.py took 0.078 seconds
[2026-06-13T17:59:28.036+0000] {processor.py:186} INFO - Started process (PID=8383) to work on /home/airflow/.local/lib/python3.12/site-packages/airflow/example_dags/example_python_operator.py
[2026-06-13T17:59:28.037+0000] {processor.py:914} INFO - Processing file /home/airflow/.local/lib/python3.12/site-packages/airflow/example_dags/example_python_operator.py for tasks to queue
[2026-06-13T17:59:28.039+0000] {logging_mixin.py:190} INFO - [2026-06-13T17:59:28.039+0000] {dagbag.py:588} INFO - Filling up the DagBag from /home/airflow/.local/lib/python3.12/site-packages/airflow/example_dags/example_python_operator.py
[2026-06-13T17:59:28.050+0000] {processor.py:925} INFO - DAG(s) 'example_python_operator' retrieved from /home/airflow/.local/lib/python3.12/site-packages/airflow/example_dags/example_python_operator.py
[2026-06-13T17:59:28.073+0000] {logging_mixin.py:190} INFO - [2026-06-13T17:59:28.072+0000] {dag.py:3239} INFO - Sync 1 DAGs
[2026-06-13T17:59:28.089+0000] {logging_mixin.py:190} INFO - [2026-06-13T17:59:28.089+0000] {dag.py:4180} INFO - Setting next_dagrun for example_python_operator to None, run_after=None
[2026-06-13T17:59:28.115+0000] {processor.py:208} INFO - Processing /home/airflow/.local/lib/python3.12/site-packages/airflow/example_dags/example_python_operator.py took 0.084 seconds
[2026-06-13T17:59:58.368+0000] {processor.py:186} INFO - Started process (PID=8445) to work on /home/airflow/.local/lib/python3.12/site-packages/airflow/example_dags/example_python_operator.py
[2026-06-13T17:59:58.370+0000] {processor.py:914} INFO - Processing file /home/airflow/.local/lib/python3.12/site-packages/airflow/example_dags/example_python_operator.py for tasks to queue
[2026-06-13T17:59:58.372+0000] {logging_mixin.py:190} INFO - [2026-06-13T17:59:58.372+0000] {dagbag.py:588} INFO - Filling up the DagBag from /home/airflow/.local/lib/python3.12/site-packages/airflow/example_dags/example_python_operator.py
[2026-06-13T17:59:58.383+0000] {processor.py:925} INFO - DAG(s) 'example_python_operator' retrieved from /home/airflow/.local/lib/python3.12/site-packages/airflow/example_dags/example_python_operator.py
[2026-06-13T17:59:58.405+0000] {logging_mixin.py:190} INFO - [2026-06-13T17:59:58.404+0000] {dag.py:3239} INFO - Sync 1 DAGs
[2026-06-13T17:59:58.418+0000] {logging_mixin.py:190} INFO - [2026-06-13T17:59:58.418+0000] {dag.py:4180} INFO - Setting next_dagrun for example_python_operator to None, run_after=None
[2026-06-13T17:59:58.435+0000] {processor.py:208} INFO - Processing /home/airflow/.local/lib/python3.12/site-packages/airflow/example_dags/example_python_operator.py took 0.072 seconds
[2026-06-13T18:00:28.890+0000] {processor.py:186} INFO - Started process (PID=8508) to work on /home/airflow/.local/lib/python3.12/site-packages/airflow/example_dags/example_python_operator.py
[2026-06-13T18:00:28.892+0000] {processor.py:914} INFO - Processing file /home/airflow/.local/lib/python3.12/site-packages/airflow/example_dags/example_python_operator.py for tasks to queue
[2026-06-13T18:00:28.896+0000] {logging_mixin.py:190} INFO - [2026-06-13T18:00:28.895+0000] {dagbag.py:588} INFO - Filling up the DagBag from /home/airflow/.local/lib/python3.12/site-packages/airflow/example_dags/example_python_operator.py
[2026-06-13T18:00:28.909+0000] {processor.py:925} INFO - DAG(s) 'example_python_operator' retrieved from /home/airflow/.local/lib/python3.12/site-packages/airflow/example_dags/example_python_operator.py
[2026-06-13T18:00:28.931+0000] {logging_mixin.py:190} INFO - [2026-06-13T18:00:28.931+0000] {dag.py:3239} INFO - Sync 1 DAGs
[2026-06-13T18:00:28.944+0000] {logging_mixin.py:190} INFO - [2026-06-13T18:00:28.944+0000] {dag.py:4180} INFO - Setting next_dagrun for example_python_operator to None, run_after=None
[2026-06-13T18:00:28.966+0000] {processor.py:208} INFO - Processing /home/airflow/.local/lib/python3.12/site-packages/airflow/example_dags/example_python_operator.py took 0.083 seconds
[2026-06-13T18:00:59.363+0000] {processor.py:186} INFO - Started process (PID=8570) to work on /home/airflow/.local/lib/python3.12/site-packages/airflow/example_dags/example_python_operator.py
[2026-06-13T18:00:59.364+0000] {processor.py:914} INFO - Processing file /home/airflow/.local/lib/python3.12/site-packages/airflow/example_dags/example_python_operator.py for tasks to queue
[2026-06-13T18:00:59.368+0000] {logging_mixin.py:190} INFO - [2026-06-13T18:00:59.367+0000] {dagbag.py:588} INFO - Filling up the DagBag from /home/airflow/.local/lib/python3.12/site-packages/airflow/example_dags/example_python_operator.py
[2026-06-13T18:00:59.382+0000] {processor.py:925} INFO - DAG(s) 'example_python_operator' retrieved from /home/airflow/.local/lib/python3.12/site-packages/airflow/example_dags/example_python_operator.py
[2026-06-13T18:00:59.411+0000] {logging_mixin.py:190} INFO - [2026-06-13T18:00:59.410+0000] {dag.py:3239} INFO - Sync 1 DAGs
[2026-06-13T18:00:59.430+0000] {logging_mixin.py:190} INFO - [2026-06-13T18:00:59.430+0000] {dag.py:4180} INFO - Setting next_dagrun for example_python_operator to None, run_after=None
[2026-06-13T18:00:59.456+0000] {processor.py:208} INFO - Processing /home/airflow/.local/lib/python3.12/site-packages/airflow/example_dags/example_python_operator.py took 0.099 seconds
[2026-06-13T18:01:30.044+0000] {processor.py:186} INFO - Started process (PID=8632) to work on /home/airflow/.local/lib/python3.12/site-packages/airflow/example_dags/example_python_operator.py
[2026-06-13T18:01:30.046+0000] {processor.py:914} INFO - Processing file /home/airflow/.local/lib/python3.12/site-packages/airflow/example_dags/example_python_operator.py for tasks to queue
[2026-06-13T18:01:30.048+0000] {logging_mixin.py:190} INFO - [2026-06-13T18:01:30.047+0000] {dagbag.py:588} INFO - Filling up the DagBag from /home/airflow/.local/lib/python3.12/site-packages/airflow/example_dags/example_python_operator.py
[2026-06-13T18:01:30.057+0000] {processor.py:925} INFO - DAG(s) 'example_python_operator' retrieved from /home/airflow/.local/lib/python3.12/site-packages/airflow/example_dags/example_python_operator.py
[2026-06-13T18:01:30.081+0000] {logging_mixin.py:190} INFO - [2026-06-13T18:01:30.081+0000] {dag.py:3239} INFO - Sync 1 DAGs
[2026-06-13T18:01:30.094+0000] {logging_mixin.py:190} INFO - [2026-06-13T18:01:30.093+0000] {dag.py:4180} INFO - Setting next_dagrun for example_python_operator to None, run_after=None
[2026-06-13T18:01:30.110+0000] {processor.py:208} INFO - Processing /home/airflow/.local/lib/python3.12/site-packages/airflow/example_dags/example_python_operator.py took 0.070 seconds
[2026-06-13T18:02:00.563+0000] {processor.py:186} INFO - Started process (PID=8694) to work on /home/airflow/.local/lib/python3.12/site-packages/airflow/example_dags/example_python_operator.py
[2026-06-13T18:02:00.565+0000] {processor.py:914} INFO - Processing file /home/airflow/.local/lib/python3.12/site-packages/airflow/example_dags/example_python_operator.py for tasks to queue
[2026-06-13T18:02:00.567+0000] {logging_mixin.py:190} INFO - [2026-06-13T18:02:00.567+0000] {dagbag.py:588} INFO - Filling up the DagBag from /home/airflow/.local/lib/python3.12/site-packages/airflow/example_dags/example_python_operator.py
[2026-06-13T18:02:00.580+0000] {processor.py:925} INFO - DAG(s) 'example_python_operator' retrieved from /home/airflow/.local/lib/python3.12/site-packages/airflow/example_dags/example_python_operator.py
[2026-06-13T18:02:00.604+0000] {logging_mixin.py:190} INFO - [2026-06-13T18:02:00.604+0000] {dag.py:3239} INFO - Sync 1 DAGs
[2026-06-13T18:02:00.620+0000] {logging_mixin.py:190} INFO - [2026-06-13T18:02:00.619+0000] {dag.py:4180} INFO - Setting next_dagrun for example_python_operator to None, run_after=None
[2026-06-13T18:02:00.645+0000] {processor.py:208} INFO - Processing /home/airflow/.local/lib/python3.12/site-packages/airflow/example_dags/example_python_operator.py took 0.088 seconds
[2026-06-13T18:02:30.778+0000] {processor.py:186} INFO - Started process (PID=8756) to work on /home/airflow/.local/lib/python3.12/site-packages/airflow/example_dags/example_python_operator.py
[2026-06-13T18:02:30.780+0000] {processor.py:914} INFO - Processing file /home/airflow/.local/lib/python3.12/site-packages/airflow/example_dags/example_python_operator.py for tasks to queue
[2026-06-13T18:02:30.782+0000] {logging_mixin.py:190} INFO - [2026-06-13T18:02:30.782+0000] {dagbag.py:588} INFO - Filling up the DagBag from /home/airflow/.local/lib/python3.12/site-packages/airflow/example_dags/example_python_operator.py
[2026-06-13T18:02:30.793+0000] {processor.py:925} INFO - DAG(s) 'example_python_operator' retrieved from /home/airflow/.local/lib/python3.12/site-packages/airflow/example_dags/example_python_operator.py
[2026-06-13T18:02:30.815+0000] {logging_mixin.py:190} INFO - [2026-06-13T18:02:30.815+0000] {dag.py:3239} INFO - Sync 1 DAGs
[2026-06-13T18:02:30.827+0000] {logging_mixin.py:190} INFO - [2026-06-13T18:02:30.827+0000] {dag.py:4180} INFO - Setting next_dagrun for example_python_operator to None, run_after=None
[2026-06-13T18:02:30.849+0000] {processor.py:208} INFO - Processing /home/airflow/.local/lib/python3.12/site-packages/airflow/example_dags/example_python_operator.py took 0.077 seconds
[2026-06-13T18:03:00.921+0000] {processor.py:186} INFO - Started process (PID=8817) to work on /home/airflow/.local/lib/python3.12/site-packages/airflow/example_dags/example_python_operator.py
[2026-06-13T18:03:00.922+0000] {processor.py:914} INFO - Processing file /home/airflow/.local/lib/python3.12/site-packages/airflow/example_dags/example_python_operator.py for tasks to queue
[2026-06-13T18:03:00.925+0000] {logging_mixin.py:190} INFO - [2026-06-13T18:03:00.924+0000] {dagbag.py:588} INFO - Filling up the DagBag from /home/airflow/.local/lib/python3.12/site-packages/airflow/example_dags/example_python_operator.py
[2026-06-13T18:03:00.936+0000] {processor.py:925} INFO - DAG(s) 'example_python_operator' retrieved from /home/airflow/.local/lib/python3.12/site-packages/airflow/example_dags/example_python_operator.py
[2026-06-13T18:03:00.958+0000] {logging_mixin.py:190} INFO - [2026-06-13T18:03:00.958+0000] {dag.py:3239} INFO - Sync 1 DAGs
[2026-06-13T18:03:00.970+0000] {logging_mixin.py:190} INFO - [2026-06-13T18:03:00.969+0000] {dag.py:4180} INFO - Setting next_dagrun for example_python_operator to None, run_after=None
[2026-06-13T18:03:00.988+0000] {processor.py:208} INFO - Processing /home/airflow/.local/lib/python3.12/site-packages/airflow/example_dags/example_python_operator.py took 0.072 seconds
[2026-06-13T18:03:31.740+0000] {processor.py:186} INFO - Started process (PID=8879) to work on /home/airflow/.local/lib/python3.12/site-packages/airflow/example_dags/example_python_operator.py
[2026-06-13T18:03:31.741+0000] {processor.py:914} INFO - Processing file /home/airflow/.local/lib/python3.12/site-packages/airflow/example_dags/example_python_operator.py for tasks to queue
[2026-06-13T18:03:31.744+0000] {logging_mixin.py:190} INFO - [2026-06-13T18:03:31.743+0000] {dagbag.py:588} INFO - Filling up the DagBag from /home/airflow/.local/lib/python3.12/site-packages/airflow/example_dags/example_python_operator.py
[2026-06-13T18:03:31.754+0000] {processor.py:925} INFO - DAG(s) 'example_python_operator' retrieved from /home/airflow/.local/lib/python3.12/site-packages/airflow/example_dags/example_python_operator.py
[2026-06-13T18:03:31.776+0000] {logging_mixin.py:190} INFO - [2026-06-13T18:03:31.776+0000] {dag.py:3239} INFO - Sync 1 DAGs
[2026-06-13T18:03:31.787+0000] {logging_mixin.py:190} INFO - [2026-06-13T18:03:31.787+0000] {dag.py:4180} INFO - Setting next_dagrun for example_python_operator to None, run_after=None
[2026-06-13T18:03:31.804+0000] {processor.py:208} INFO - Processing /home/airflow/.local/lib/python3.12/site-packages/airflow/example_dags/example_python_operator.py took 0.069 seconds
[2026-06-13T18:04:02.091+0000] {processor.py:186} INFO - Started process (PID=8941) to work on /home/airflow/.local/lib/python3.12/site-packages/airflow/example_dags/example_python_operator.py
[2026-06-13T18:04:02.092+0000] {processor.py:914} INFO - Processing file /home/airflow/.local/lib/python3.12/site-packages/airflow/example_dags/example_python_operator.py for tasks to queue
[2026-06-13T18:04:02.096+0000] {logging_mixin.py:190} INFO - [2026-06-13T18:04:02.095+0000] {dagbag.py:588} INFO - Filling up the DagBag from /home/airflow/.local/lib/python3.12/site-packages/airflow/example_dags/example_python_operator.py
[2026-06-13T18:04:02.108+0000] {processor.py:925} INFO - DAG(s) 'example_python_operator' retrieved from /home/airflow/.local/lib/python3.12/site-packages/airflow/example_dags/example_python_operator.py
[2026-06-13T18:04:02.129+0000] {logging_mixin.py:190} INFO - [2026-06-13T18:04:02.129+0000] {dag.py:3239} INFO - Sync 1 DAGs
[2026-06-13T18:04:02.140+0000] {logging_mixin.py:190} INFO - [2026-06-13T18:04:02.140+0000] {dag.py:4180} INFO - Setting next_dagrun for example_python_operator to None, run_after=None
[2026-06-13T18:04:02.161+0000] {processor.py:208} INFO - Processing /home/airflow/.local/lib/python3.12/site-packages/airflow/example_dags/example_python_operator.py took 0.075 seconds
[2026-06-13T18:04:32.575+0000] {processor.py:186} INFO - Started process (PID=9003) to work on /home/airflow/.local/lib/python3.12/site-packages/airflow/example_dags/example_python_operator.py
[2026-06-13T18:04:32.577+0000] {processor.py:914} INFO - Processing file /home/airflow/.local/lib/python3.12/site-packages/airflow/example_dags/example_python_operator.py for tasks to queue
[2026-06-13T18:04:32.581+0000] {logging_mixin.py:190} INFO - [2026-06-13T18:04:32.580+0000] {dagbag.py:588} INFO - Filling up the DagBag from /home/airflow/.local/lib/python3.12/site-packages/airflow/example_dags/example_python_operator.py
[2026-06-13T18:04:32.595+0000] {processor.py:925} INFO - DAG(s) 'example_python_operator' retrieved from /home/airflow/.local/lib/python3.12/site-packages/airflow/example_dags/example_python_operator.py
[2026-06-13T18:04:32.628+0000] {logging_mixin.py:190} INFO - [2026-06-13T18:04:32.627+0000] {dag.py:3239} INFO - Sync 1 DAGs
[2026-06-13T18:04:32.650+0000] {logging_mixin.py:190} INFO - [2026-06-13T18:04:32.650+0000] {dag.py:4180} INFO - Setting next_dagrun for example_python_operator to None, run_after=None
[2026-06-13T18:04:32.678+0000] {processor.py:208} INFO - Processing /home/airflow/.local/lib/python3.12/site-packages/airflow/example_dags/example_python_operator.py took 0.110 seconds
[2026-06-13T18:05:02.814+0000] {processor.py:186} INFO - Started process (PID=9065) to work on /home/airflow/.local/lib/python3.12/site-packages/airflow/example_dags/example_python_operator.py
[2026-06-13T18:05:02.816+0000] {processor.py:914} INFO - Processing file /home/airflow/.local/lib/python3.12/site-packages/airflow/example_dags/example_python_operator.py for tasks to queue
[2026-06-13T18:05:02.819+0000] {logging_mixin.py:190} INFO - [2026-06-13T18:05:02.819+0000] {dagbag.py:588} INFO - Filling up the DagBag from /home/airflow/.local/lib/python3.12/site-packages/airflow/example_dags/example_python_operator.py
[2026-06-13T18:05:02.832+0000] {processor.py:925} INFO - DAG(s) 'example_python_operator' retrieved from /home/airflow/.local/lib/python3.12/site-packages/airflow/example_dags/example_python_operator.py
[2026-06-13T18:05:02.853+0000] {logging_mixin.py:190} INFO - [2026-06-13T18:05:02.853+0000] {dag.py:3239} INFO - Sync 1 DAGs
[2026-06-13T18:05:02.867+0000] {logging_mixin.py:190} INFO - [2026-06-13T18:05:02.866+0000] {dag.py:4180} INFO - Setting next_dagrun for example_python_operator to None, run_after=None
[2026-06-13T18:05:02.885+0000] {processor.py:208} INFO - Processing /home/airflow/.local/lib/python3.12/site-packages/airflow/example_dags/example_python_operator.py took 0.080 seconds
[2026-06-13T18:05:32.965+0000] {processor.py:186} INFO - Started process (PID=9127) to work on /home/airflow/.local/lib/python3.12/site-packages/airflow/example_dags/example_python_operator.py
[2026-06-13T18:05:32.967+0000] {processor.py:914} INFO - Processing file /home/airflow/.local/lib/python3.12/site-packages/airflow/example_dags/example_python_operator.py for tasks to queue
[2026-06-13T18:05:32.971+0000] {logging_mixin.py:190} INFO - [2026-06-13T18:05:32.970+0000] {dagbag.py:588} INFO - Filling up the DagBag from /home/airflow/.local/lib/python3.12/site-packages/airflow/example_dags/example_python_operator.py
[2026-06-13T18:05:32.981+0000] {processor.py:925} INFO - DAG(s) 'example_python_operator' retrieved from /home/airflow/.local/lib/python3.12/site-packages/airflow/example_dags/example_python_operator.py
[2026-06-13T18:05:33.001+0000] {logging_mixin.py:190} INFO - [2026-06-13T18:05:33.001+0000] {dag.py:3239} INFO - Sync 1 DAGs
[2026-06-13T18:05:33.013+0000] {logging_mixin.py:190} INFO - [2026-06-13T18:05:33.012+0000] {dag.py:4180} INFO - Setting next_dagrun for example_python_operator to None, run_after=None
[2026-06-13T18:05:33.030+0000] {processor.py:208} INFO - Processing /home/airflow/.local/lib/python3.12/site-packages/airflow/example_dags/example_python_operator.py took 0.072 seconds
[2026-06-13T18:06:03.440+0000] {processor.py:186} INFO - Started process (PID=9190) to work on /home/airflow/.local/lib/python3.12/site-packages/airflow/example_dags/example_python_operator.py
[2026-06-13T18:06:03.441+0000] {processor.py:914} INFO - Processing file /home/airflow/.local/lib/python3.12/site-packages/airflow/example_dags/example_python_operator.py for tasks to queue
[2026-06-13T18:06:03.443+0000] {logging_mixin.py:190} INFO - [2026-06-13T18:06:03.443+0000] {dagbag.py:588} INFO - Filling up the DagBag from /home/airflow/.local/lib/python3.12/site-packages/airflow/example_dags/example_python_operator.py
[2026-06-13T18:06:03.453+0000] {processor.py:925} INFO - DAG(s) 'example_python_operator' retrieved from /home/airflow/.local/lib/python3.12/site-packages/airflow/example_dags/example_python_operator.py
[2026-06-13T18:06:03.475+0000] {logging_mixin.py:190} INFO - [2026-06-13T18:06:03.474+0000] {dag.py:3239} INFO - Sync 1 DAGs
[2026-06-13T18:06:03.486+0000] {logging_mixin.py:190} INFO - [2026-06-13T18:06:03.486+0000] {dag.py:4180} INFO - Setting next_dagrun for example_python_operator to None, run_after=None
[2026-06-13T18:06:03.505+0000] {processor.py:208} INFO - Processing /home/airflow/.local/lib/python3.12/site-packages/airflow/example_dags/example_python_operator.py took 0.071 seconds
[2026-06-13T18:06:33.669+0000] {processor.py:186} INFO - Started process (PID=9252) to work on /home/airflow/.local/lib/python3.12/site-packages/airflow/example_dags/example_python_operator.py
[2026-06-13T18:06:33.670+0000] {processor.py:914} INFO - Processing file /home/airflow/.local/lib/python3.12/site-packages/airflow/example_dags/example_python_operator.py for tasks to queue
[2026-06-13T18:06:33.672+0000] {logging_mixin.py:190} INFO - [2026-06-13T18:06:33.672+0000] {dagbag.py:588} INFO - Filling up the DagBag from /home/airflow/.local/lib/python3.12/site-packages/airflow/example_dags/example_python_operator.py
[2026-06-13T18:06:33.683+0000] {processor.py:925} INFO - DAG(s) 'example_python_operator' retrieved from /home/airflow/.local/lib/python3.12/site-packages/airflow/example_dags/example_python_operator.py
[2026-06-13T18:06:33.704+0000] {logging_mixin.py:190} INFO - [2026-06-13T18:06:33.704+0000] {dag.py:3239} INFO - Sync 1 DAGs
[2026-06-13T18:06:33.717+0000] {logging_mixin.py:190} INFO - [2026-06-13T18:06:33.716+0000] {dag.py:4180} INFO - Setting next_dagrun for example_python_operator to None, run_after=None
[2026-06-13T18:06:33.734+0000] {processor.py:208} INFO - Processing /home/airflow/.local/lib/python3.12/site-packages/airflow/example_dags/example_python_operator.py took 0.070 seconds
[2026-06-13T18:07:03.961+0000] {processor.py:186} INFO - Started process (PID=9314) to work on /home/airflow/.local/lib/python3.12/site-packages/airflow/example_dags/example_python_operator.py
[2026-06-13T18:07:03.963+0000] {processor.py:914} INFO - Processing file /home/airflow/.local/lib/python3.12/site-packages/airflow/example_dags/example_python_operator.py for tasks to queue
[2026-06-13T18:07:03.965+0000] {logging_mixin.py:190} INFO - [2026-06-13T18:07:03.965+0000] {dagbag.py:588} INFO - Filling up the DagBag from /home/airflow/.local/lib/python3.12/site-packages/airflow/example_dags/example_python_operator.py
[2026-06-13T18:07:03.979+0000] {processor.py:925} INFO - DAG(s) 'example_python_operator' retrieved from /home/airflow/.local/lib/python3.12/site-packages/airflow/example_dags/example_python_operator.py
[2026-06-13T18:07:04.007+0000] {logging_mixin.py:190} INFO - [2026-06-13T18:07:04.006+0000] {dag.py:3239} INFO - Sync 1 DAGs
[2026-06-13T18:07:04.022+0000] {logging_mixin.py:190} INFO - [2026-06-13T18:07:04.021+0000] {dag.py:4180} INFO - Setting next_dagrun for example_python_operator to None, run_after=None
[2026-06-13T18:07:04.046+0000] {processor.py:208} INFO - Processing /home/airflow/.local/lib/python3.12/site-packages/airflow/example_dags/example_python_operator.py took 0.094 seconds
[2026-06-13T18:07:34.489+0000] {processor.py:186} INFO - Started process (PID=9376) to work on /home/airflow/.local/lib/python3.12/site-packages/airflow/example_dags/example_python_operator.py
[2026-06-13T18:07:34.491+0000] {processor.py:914} INFO - Processing file /home/airflow/.local/lib/python3.12/site-packages/airflow/example_dags/example_python_operator.py for tasks to queue
[2026-06-13T18:07:34.493+0000] {logging_mixin.py:190} INFO - [2026-06-13T18:07:34.493+0000] {dagbag.py:588} INFO - Filling up the DagBag from /home/airflow/.local/lib/python3.12/site-packages/airflow/example_dags/example_python_operator.py
[2026-06-13T18:07:34.503+0000] {processor.py:925} INFO - DAG(s) 'example_python_operator' retrieved from /home/airflow/.local/lib/python3.12/site-packages/airflow/example_dags/example_python_operator.py
[2026-06-13T18:07:34.531+0000] {logging_mixin.py:190} INFO - [2026-06-13T18:07:34.531+0000] {dag.py:3239} INFO - Sync 1 DAGs
[2026-06-13T18:07:34.545+0000] {logging_mixin.py:190} INFO - [2026-06-13T18:07:34.545+0000] {dag.py:4180} INFO - Setting next_dagrun for example_python_operator to None, run_after=None
[2026-06-13T18:07:34.567+0000] {processor.py:208} INFO - Processing /home/airflow/.local/lib/python3.12/site-packages/airflow/example_dags/example_python_operator.py took 0.083 seconds
[2026-06-13T18:08:05.006+0000] {processor.py:186} INFO - Started process (PID=9438) to work on /home/airflow/.local/lib/python3.12/site-packages/airflow/example_dags/example_python_operator.py
[2026-06-13T18:08:05.008+0000] {processor.py:914} INFO - Processing file /home/airflow/.local/lib/python3.12/site-packages/airflow/example_dags/example_python_operator.py for tasks to queue
[2026-06-13T18:08:05.011+0000] {logging_mixin.py:190} INFO - [2026-06-13T18:08:05.011+0000] {dagbag.py:588} INFO - Filling up the DagBag from /home/airflow/.local/lib/python3.12/site-packages/airflow/example_dags/example_python_operator.py
[2026-06-13T18:08:05.021+0000] {processor.py:925} INFO - DAG(s) 'example_python_operator' retrieved from /home/airflow/.local/lib/python3.12/site-packages/airflow/example_dags/example_python_operator.py
[2026-06-13T18:08:05.045+0000] {logging_mixin.py:190} INFO - [2026-06-13T18:08:05.044+0000] {dag.py:3239} INFO - Sync 1 DAGs
[2026-06-13T18:08:05.058+0000] {logging_mixin.py:190} INFO - [2026-06-13T18:08:05.057+0000] {dag.py:4180} INFO - Setting next_dagrun for example_python_operator to None, run_after=None
[2026-06-13T18:08:05.080+0000] {processor.py:208} INFO - Processing /home/airflow/.local/lib/python3.12/site-packages/airflow/example_dags/example_python_operator.py took 0.079 seconds
