[2026-06-13T16:50:37.231+0000] {processor.py:186} INFO - Started process (PID=89) to work on /home/airflow/.local/lib/python3.12/site-packages/airflow/example_dags/example_task_group.py
[2026-06-13T16:50:37.232+0000] {processor.py:914} INFO - Processing file /home/airflow/.local/lib/python3.12/site-packages/airflow/example_dags/example_task_group.py for tasks to queue
[2026-06-13T16:50:37.238+0000] {logging_mixin.py:190} INFO - [2026-06-13T16:50:37.237+0000] {dagbag.py:588} INFO - Filling up the DagBag from /home/airflow/.local/lib/python3.12/site-packages/airflow/example_dags/example_task_group.py
[2026-06-13T16:50:37.257+0000] {processor.py:925} INFO - DAG(s) 'example_task_group' retrieved from /home/airflow/.local/lib/python3.12/site-packages/airflow/example_dags/example_task_group.py
[2026-06-13T16:50:37.467+0000] {logging_mixin.py:190} INFO - [2026-06-13T16:50:37.466+0000] {override.py:1900} INFO - Created Permission View: can edit on DAG:example_task_group
[2026-06-13T16:50:37.484+0000] {logging_mixin.py:190} INFO - [2026-06-13T16:50:37.483+0000] {override.py:1900} INFO - Created Permission View: can read on DAG:example_task_group
[2026-06-13T16:50:37.499+0000] {logging_mixin.py:190} INFO - [2026-06-13T16:50:37.498+0000] {override.py:1900} INFO - Created Permission View: can delete on DAG:example_task_group
[2026-06-13T16:50:37.534+0000] {logging_mixin.py:190} INFO - [2026-06-13T16:50:37.533+0000] {override.py:1900} INFO - Created Permission View: can read on DAG Run:example_task_group
[2026-06-13T16:50:37.556+0000] {logging_mixin.py:190} INFO - [2026-06-13T16:50:37.556+0000] {override.py:1900} INFO - Created Permission View: can create on DAG Run:example_task_group
[2026-06-13T16:50:37.578+0000] {logging_mixin.py:190} INFO - [2026-06-13T16:50:37.578+0000] {override.py:1900} INFO - Created Permission View: menu access on DAG Run:example_task_group
[2026-06-13T16:50:37.592+0000] {logging_mixin.py:190} INFO - [2026-06-13T16:50:37.591+0000] {override.py:1900} INFO - Created Permission View: can delete on DAG Run:example_task_group
[2026-06-13T16:50:37.593+0000] {logging_mixin.py:190} INFO - [2026-06-13T16:50:37.593+0000] {dag.py:3239} INFO - Sync 1 DAGs
[2026-06-13T16:50:37.623+0000] {logging_mixin.py:190} INFO - [2026-06-13T16:50:37.623+0000] {dag.py:3262} INFO - Creating ORM DAG for example_task_group
[2026-06-13T16:50:37.626+0000] {logging_mixin.py:190} INFO - [2026-06-13T16:50:37.626+0000] {dag.py:4180} INFO - Setting next_dagrun for example_task_group to None, run_after=None
[2026-06-13T16:50:37.673+0000] {processor.py:208} INFO - Processing /home/airflow/.local/lib/python3.12/site-packages/airflow/example_dags/example_task_group.py took 0.452 seconds
[2026-06-13T16:51:07.966+0000] {processor.py:186} INFO - Started process (PID=151) to work on /home/airflow/.local/lib/python3.12/site-packages/airflow/example_dags/example_task_group.py
[2026-06-13T16:51:07.968+0000] {processor.py:914} INFO - Processing file /home/airflow/.local/lib/python3.12/site-packages/airflow/example_dags/example_task_group.py for tasks to queue
[2026-06-13T16:51:07.972+0000] {logging_mixin.py:190} INFO - [2026-06-13T16:51:07.971+0000] {dagbag.py:588} INFO - Filling up the DagBag from /home/airflow/.local/lib/python3.12/site-packages/airflow/example_dags/example_task_group.py
[2026-06-13T16:51:07.981+0000] {processor.py:925} INFO - DAG(s) 'example_task_group' retrieved from /home/airflow/.local/lib/python3.12/site-packages/airflow/example_dags/example_task_group.py
[2026-06-13T16:51:08.009+0000] {logging_mixin.py:190} INFO - [2026-06-13T16:51:08.008+0000] {dag.py:3239} INFO - Sync 1 DAGs
[2026-06-13T16:51:08.024+0000] {logging_mixin.py:190} INFO - [2026-06-13T16:51:08.023+0000] {dag.py:4180} INFO - Setting next_dagrun for example_task_group to None, run_after=None
[2026-06-13T16:51:08.049+0000] {processor.py:208} INFO - Processing /home/airflow/.local/lib/python3.12/site-packages/airflow/example_dags/example_task_group.py took 0.090 seconds
[2026-06-13T16:51:38.370+0000] {processor.py:186} INFO - Started process (PID=213) to work on /home/airflow/.local/lib/python3.12/site-packages/airflow/example_dags/example_task_group.py
[2026-06-13T16:51:38.372+0000] {processor.py:914} INFO - Processing file /home/airflow/.local/lib/python3.12/site-packages/airflow/example_dags/example_task_group.py for tasks to queue
[2026-06-13T16:51:38.375+0000] {logging_mixin.py:190} INFO - [2026-06-13T16:51:38.375+0000] {dagbag.py:588} INFO - Filling up the DagBag from /home/airflow/.local/lib/python3.12/site-packages/airflow/example_dags/example_task_group.py
[2026-06-13T16:51:38.386+0000] {processor.py:925} INFO - DAG(s) 'example_task_group' retrieved from /home/airflow/.local/lib/python3.12/site-packages/airflow/example_dags/example_task_group.py
[2026-06-13T16:51:38.412+0000] {logging_mixin.py:190} INFO - [2026-06-13T16:51:38.412+0000] {dag.py:3239} INFO - Sync 1 DAGs
[2026-06-13T16:51:38.428+0000] {logging_mixin.py:190} INFO - [2026-06-13T16:51:38.428+0000] {dag.py:4180} INFO - Setting next_dagrun for example_task_group to None, run_after=None
[2026-06-13T16:51:38.449+0000] {processor.py:208} INFO - Processing /home/airflow/.local/lib/python3.12/site-packages/airflow/example_dags/example_task_group.py took 0.085 seconds
[2026-06-13T16:52:09.011+0000] {processor.py:186} INFO - Started process (PID=275) to work on /home/airflow/.local/lib/python3.12/site-packages/airflow/example_dags/example_task_group.py
[2026-06-13T16:52:09.012+0000] {processor.py:914} INFO - Processing file /home/airflow/.local/lib/python3.12/site-packages/airflow/example_dags/example_task_group.py for tasks to queue
[2026-06-13T16:52:09.016+0000] {logging_mixin.py:190} INFO - [2026-06-13T16:52:09.016+0000] {dagbag.py:588} INFO - Filling up the DagBag from /home/airflow/.local/lib/python3.12/site-packages/airflow/example_dags/example_task_group.py
[2026-06-13T16:52:09.027+0000] {processor.py:925} INFO - DAG(s) 'example_task_group' retrieved from /home/airflow/.local/lib/python3.12/site-packages/airflow/example_dags/example_task_group.py
[2026-06-13T16:52:09.052+0000] {logging_mixin.py:190} INFO - [2026-06-13T16:52:09.052+0000] {dag.py:3239} INFO - Sync 1 DAGs
[2026-06-13T16:52:09.069+0000] {logging_mixin.py:190} INFO - [2026-06-13T16:52:09.069+0000] {dag.py:4180} INFO - Setting next_dagrun for example_task_group to None, run_after=None
[2026-06-13T16:52:09.090+0000] {processor.py:208} INFO - Processing /home/airflow/.local/lib/python3.12/site-packages/airflow/example_dags/example_task_group.py took 0.087 seconds
[2026-06-13T16:53:30.752+0000] {processor.py:186} INFO - Started process (PID=330) to work on /home/airflow/.local/lib/python3.12/site-packages/airflow/example_dags/example_task_group.py
[2026-06-13T16:53:30.753+0000] {processor.py:914} INFO - Processing file /home/airflow/.local/lib/python3.12/site-packages/airflow/example_dags/example_task_group.py for tasks to queue
[2026-06-13T16:53:30.756+0000] {logging_mixin.py:190} INFO - [2026-06-13T16:53:30.756+0000] {dagbag.py:588} INFO - Filling up the DagBag from /home/airflow/.local/lib/python3.12/site-packages/airflow/example_dags/example_task_group.py
[2026-06-13T16:53:30.764+0000] {processor.py:925} INFO - DAG(s) 'example_task_group' retrieved from /home/airflow/.local/lib/python3.12/site-packages/airflow/example_dags/example_task_group.py
[2026-06-13T16:53:30.787+0000] {logging_mixin.py:190} INFO - [2026-06-13T16:53:30.786+0000] {dag.py:3239} INFO - Sync 1 DAGs
[2026-06-13T16:53:30.801+0000] {logging_mixin.py:190} INFO - [2026-06-13T16:53:30.800+0000] {dag.py:4180} INFO - Setting next_dagrun for example_task_group to None, run_after=None
[2026-06-13T16:53:30.821+0000] {processor.py:208} INFO - Processing /home/airflow/.local/lib/python3.12/site-packages/airflow/example_dags/example_task_group.py took 0.074 seconds
[2026-06-13T16:54:01.101+0000] {processor.py:186} INFO - Started process (PID=392) to work on /home/airflow/.local/lib/python3.12/site-packages/airflow/example_dags/example_task_group.py
[2026-06-13T16:54:01.102+0000] {processor.py:914} INFO - Processing file /home/airflow/.local/lib/python3.12/site-packages/airflow/example_dags/example_task_group.py for tasks to queue
[2026-06-13T16:54:01.106+0000] {logging_mixin.py:190} INFO - [2026-06-13T16:54:01.105+0000] {dagbag.py:588} INFO - Filling up the DagBag from /home/airflow/.local/lib/python3.12/site-packages/airflow/example_dags/example_task_group.py
[2026-06-13T16:54:01.118+0000] {processor.py:925} INFO - DAG(s) 'example_task_group' retrieved from /home/airflow/.local/lib/python3.12/site-packages/airflow/example_dags/example_task_group.py
[2026-06-13T16:54:01.146+0000] {logging_mixin.py:190} INFO - [2026-06-13T16:54:01.146+0000] {dag.py:3239} INFO - Sync 1 DAGs
[2026-06-13T16:54:01.163+0000] {logging_mixin.py:190} INFO - [2026-06-13T16:54:01.163+0000] {dag.py:4180} INFO - Setting next_dagrun for example_task_group to None, run_after=None
[2026-06-13T16:54:01.195+0000] {processor.py:208} INFO - Processing /home/airflow/.local/lib/python3.12/site-packages/airflow/example_dags/example_task_group.py took 0.101 seconds
[2026-06-13T16:54:31.313+0000] {processor.py:186} INFO - Started process (PID=454) to work on /home/airflow/.local/lib/python3.12/site-packages/airflow/example_dags/example_task_group.py
[2026-06-13T16:54:31.315+0000] {processor.py:914} INFO - Processing file /home/airflow/.local/lib/python3.12/site-packages/airflow/example_dags/example_task_group.py for tasks to queue
[2026-06-13T16:54:31.318+0000] {logging_mixin.py:190} INFO - [2026-06-13T16:54:31.318+0000] {dagbag.py:588} INFO - Filling up the DagBag from /home/airflow/.local/lib/python3.12/site-packages/airflow/example_dags/example_task_group.py
[2026-06-13T16:54:31.328+0000] {processor.py:925} INFO - DAG(s) 'example_task_group' retrieved from /home/airflow/.local/lib/python3.12/site-packages/airflow/example_dags/example_task_group.py
[2026-06-13T16:54:31.351+0000] {logging_mixin.py:190} INFO - [2026-06-13T16:54:31.351+0000] {dag.py:3239} INFO - Sync 1 DAGs
[2026-06-13T16:54:31.364+0000] {logging_mixin.py:190} INFO - [2026-06-13T16:54:31.364+0000] {dag.py:4180} INFO - Setting next_dagrun for example_task_group to None, run_after=None
[2026-06-13T16:54:31.385+0000] {processor.py:208} INFO - Processing /home/airflow/.local/lib/python3.12/site-packages/airflow/example_dags/example_task_group.py took 0.078 seconds
[2026-06-13T16:55:01.624+0000] {processor.py:186} INFO - Started process (PID=516) to work on /home/airflow/.local/lib/python3.12/site-packages/airflow/example_dags/example_task_group.py
[2026-06-13T16:55:01.625+0000] {processor.py:914} INFO - Processing file /home/airflow/.local/lib/python3.12/site-packages/airflow/example_dags/example_task_group.py for tasks to queue
[2026-06-13T16:55:01.629+0000] {logging_mixin.py:190} INFO - [2026-06-13T16:55:01.628+0000] {dagbag.py:588} INFO - Filling up the DagBag from /home/airflow/.local/lib/python3.12/site-packages/airflow/example_dags/example_task_group.py
[2026-06-13T16:55:01.638+0000] {processor.py:925} INFO - DAG(s) 'example_task_group' retrieved from /home/airflow/.local/lib/python3.12/site-packages/airflow/example_dags/example_task_group.py
[2026-06-13T16:55:01.668+0000] {logging_mixin.py:190} INFO - [2026-06-13T16:55:01.667+0000] {dag.py:3239} INFO - Sync 1 DAGs
[2026-06-13T16:55:01.686+0000] {logging_mixin.py:190} INFO - [2026-06-13T16:55:01.686+0000] {dag.py:4180} INFO - Setting next_dagrun for example_task_group to None, run_after=None
[2026-06-13T16:55:01.710+0000] {processor.py:208} INFO - Processing /home/airflow/.local/lib/python3.12/site-packages/airflow/example_dags/example_task_group.py took 0.093 seconds
[2026-06-13T16:55:32.052+0000] {processor.py:186} INFO - Started process (PID=579) to work on /home/airflow/.local/lib/python3.12/site-packages/airflow/example_dags/example_task_group.py
[2026-06-13T16:55:32.054+0000] {processor.py:914} INFO - Processing file /home/airflow/.local/lib/python3.12/site-packages/airflow/example_dags/example_task_group.py for tasks to queue
[2026-06-13T16:55:32.057+0000] {logging_mixin.py:190} INFO - [2026-06-13T16:55:32.057+0000] {dagbag.py:588} INFO - Filling up the DagBag from /home/airflow/.local/lib/python3.12/site-packages/airflow/example_dags/example_task_group.py
[2026-06-13T16:55:32.069+0000] {processor.py:925} INFO - DAG(s) 'example_task_group' retrieved from /home/airflow/.local/lib/python3.12/site-packages/airflow/example_dags/example_task_group.py
[2026-06-13T16:55:32.098+0000] {logging_mixin.py:190} INFO - [2026-06-13T16:55:32.098+0000] {dag.py:3239} INFO - Sync 1 DAGs
[2026-06-13T16:55:32.116+0000] {logging_mixin.py:190} INFO - [2026-06-13T16:55:32.115+0000] {dag.py:4180} INFO - Setting next_dagrun for example_task_group to None, run_after=None
[2026-06-13T16:55:32.138+0000] {processor.py:208} INFO - Processing /home/airflow/.local/lib/python3.12/site-packages/airflow/example_dags/example_task_group.py took 0.093 seconds
[2026-06-13T16:56:02.364+0000] {processor.py:186} INFO - Started process (PID=641) to work on /home/airflow/.local/lib/python3.12/site-packages/airflow/example_dags/example_task_group.py
[2026-06-13T16:56:02.365+0000] {processor.py:914} INFO - Processing file /home/airflow/.local/lib/python3.12/site-packages/airflow/example_dags/example_task_group.py for tasks to queue
[2026-06-13T16:56:02.368+0000] {logging_mixin.py:190} INFO - [2026-06-13T16:56:02.368+0000] {dagbag.py:588} INFO - Filling up the DagBag from /home/airflow/.local/lib/python3.12/site-packages/airflow/example_dags/example_task_group.py
[2026-06-13T16:56:02.378+0000] {processor.py:925} INFO - DAG(s) 'example_task_group' retrieved from /home/airflow/.local/lib/python3.12/site-packages/airflow/example_dags/example_task_group.py
[2026-06-13T16:56:02.406+0000] {logging_mixin.py:190} INFO - [2026-06-13T16:56:02.406+0000] {dag.py:3239} INFO - Sync 1 DAGs
[2026-06-13T16:56:02.426+0000] {logging_mixin.py:190} INFO - [2026-06-13T16:56:02.425+0000] {dag.py:4180} INFO - Setting next_dagrun for example_task_group to None, run_after=None
[2026-06-13T16:56:02.450+0000] {processor.py:208} INFO - Processing /home/airflow/.local/lib/python3.12/site-packages/airflow/example_dags/example_task_group.py took 0.093 seconds
[2026-06-13T16:56:32.699+0000] {processor.py:186} INFO - Started process (PID=703) to work on /home/airflow/.local/lib/python3.12/site-packages/airflow/example_dags/example_task_group.py
[2026-06-13T16:56:32.700+0000] {processor.py:914} INFO - Processing file /home/airflow/.local/lib/python3.12/site-packages/airflow/example_dags/example_task_group.py for tasks to queue
[2026-06-13T16:56:32.704+0000] {logging_mixin.py:190} INFO - [2026-06-13T16:56:32.703+0000] {dagbag.py:588} INFO - Filling up the DagBag from /home/airflow/.local/lib/python3.12/site-packages/airflow/example_dags/example_task_group.py
[2026-06-13T16:56:32.714+0000] {processor.py:925} INFO - DAG(s) 'example_task_group' retrieved from /home/airflow/.local/lib/python3.12/site-packages/airflow/example_dags/example_task_group.py
[2026-06-13T16:56:32.742+0000] {logging_mixin.py:190} INFO - [2026-06-13T16:56:32.742+0000] {dag.py:3239} INFO - Sync 1 DAGs
[2026-06-13T16:56:32.761+0000] {logging_mixin.py:190} INFO - [2026-06-13T16:56:32.760+0000] {dag.py:4180} INFO - Setting next_dagrun for example_task_group to None, run_after=None
[2026-06-13T16:56:32.787+0000] {processor.py:208} INFO - Processing /home/airflow/.local/lib/python3.12/site-packages/airflow/example_dags/example_task_group.py took 0.096 seconds
[2026-06-13T16:57:03.002+0000] {processor.py:186} INFO - Started process (PID=765) to work on /home/airflow/.local/lib/python3.12/site-packages/airflow/example_dags/example_task_group.py
[2026-06-13T16:57:03.003+0000] {processor.py:914} INFO - Processing file /home/airflow/.local/lib/python3.12/site-packages/airflow/example_dags/example_task_group.py for tasks to queue
[2026-06-13T16:57:03.006+0000] {logging_mixin.py:190} INFO - [2026-06-13T16:57:03.006+0000] {dagbag.py:588} INFO - Filling up the DagBag from /home/airflow/.local/lib/python3.12/site-packages/airflow/example_dags/example_task_group.py
[2026-06-13T16:57:03.015+0000] {processor.py:925} INFO - DAG(s) 'example_task_group' retrieved from /home/airflow/.local/lib/python3.12/site-packages/airflow/example_dags/example_task_group.py
[2026-06-13T16:57:03.039+0000] {logging_mixin.py:190} INFO - [2026-06-13T16:57:03.039+0000] {dag.py:3239} INFO - Sync 1 DAGs
[2026-06-13T16:57:03.054+0000] {logging_mixin.py:190} INFO - [2026-06-13T16:57:03.054+0000] {dag.py:4180} INFO - Setting next_dagrun for example_task_group to None, run_after=None
[2026-06-13T16:57:03.080+0000] {processor.py:208} INFO - Processing /home/airflow/.local/lib/python3.12/site-packages/airflow/example_dags/example_task_group.py took 0.085 seconds
[2026-06-13T16:57:33.890+0000] {processor.py:186} INFO - Started process (PID=827) to work on /home/airflow/.local/lib/python3.12/site-packages/airflow/example_dags/example_task_group.py
[2026-06-13T16:57:33.891+0000] {processor.py:914} INFO - Processing file /home/airflow/.local/lib/python3.12/site-packages/airflow/example_dags/example_task_group.py for tasks to queue
[2026-06-13T16:57:33.895+0000] {logging_mixin.py:190} INFO - [2026-06-13T16:57:33.895+0000] {dagbag.py:588} INFO - Filling up the DagBag from /home/airflow/.local/lib/python3.12/site-packages/airflow/example_dags/example_task_group.py
[2026-06-13T16:57:33.910+0000] {processor.py:925} INFO - DAG(s) 'example_task_group' retrieved from /home/airflow/.local/lib/python3.12/site-packages/airflow/example_dags/example_task_group.py
[2026-06-13T16:57:33.941+0000] {logging_mixin.py:190} INFO - [2026-06-13T16:57:33.941+0000] {dag.py:3239} INFO - Sync 1 DAGs
[2026-06-13T16:57:33.965+0000] {logging_mixin.py:190} INFO - [2026-06-13T16:57:33.965+0000] {dag.py:4180} INFO - Setting next_dagrun for example_task_group to None, run_after=None
[2026-06-13T16:57:34.009+0000] {processor.py:208} INFO - Processing /home/airflow/.local/lib/python3.12/site-packages/airflow/example_dags/example_task_group.py took 0.128 seconds
[2026-06-13T16:58:04.939+0000] {processor.py:186} INFO - Started process (PID=889) to work on /home/airflow/.local/lib/python3.12/site-packages/airflow/example_dags/example_task_group.py
[2026-06-13T16:58:04.941+0000] {processor.py:914} INFO - Processing file /home/airflow/.local/lib/python3.12/site-packages/airflow/example_dags/example_task_group.py for tasks to queue
[2026-06-13T16:58:04.947+0000] {logging_mixin.py:190} INFO - [2026-06-13T16:58:04.945+0000] {dagbag.py:588} INFO - Filling up the DagBag from /home/airflow/.local/lib/python3.12/site-packages/airflow/example_dags/example_task_group.py
[2026-06-13T16:58:04.972+0000] {processor.py:925} INFO - DAG(s) 'example_task_group' retrieved from /home/airflow/.local/lib/python3.12/site-packages/airflow/example_dags/example_task_group.py
[2026-06-13T16:58:05.008+0000] {logging_mixin.py:190} INFO - [2026-06-13T16:58:05.008+0000] {dag.py:3239} INFO - Sync 1 DAGs
[2026-06-13T16:58:05.032+0000] {logging_mixin.py:190} INFO - [2026-06-13T16:58:05.031+0000] {dag.py:4180} INFO - Setting next_dagrun for example_task_group to None, run_after=None
[2026-06-13T16:58:05.064+0000] {processor.py:208} INFO - Processing /home/airflow/.local/lib/python3.12/site-packages/airflow/example_dags/example_task_group.py took 0.142 seconds
[2026-06-13T16:58:35.362+0000] {processor.py:186} INFO - Started process (PID=951) to work on /home/airflow/.local/lib/python3.12/site-packages/airflow/example_dags/example_task_group.py
[2026-06-13T16:58:35.364+0000] {processor.py:914} INFO - Processing file /home/airflow/.local/lib/python3.12/site-packages/airflow/example_dags/example_task_group.py for tasks to queue
[2026-06-13T16:58:35.368+0000] {logging_mixin.py:190} INFO - [2026-06-13T16:58:35.368+0000] {dagbag.py:588} INFO - Filling up the DagBag from /home/airflow/.local/lib/python3.12/site-packages/airflow/example_dags/example_task_group.py
[2026-06-13T16:58:35.386+0000] {processor.py:925} INFO - DAG(s) 'example_task_group' retrieved from /home/airflow/.local/lib/python3.12/site-packages/airflow/example_dags/example_task_group.py
[2026-06-13T16:58:35.419+0000] {logging_mixin.py:190} INFO - [2026-06-13T16:58:35.419+0000] {dag.py:3239} INFO - Sync 1 DAGs
[2026-06-13T16:58:35.446+0000] {logging_mixin.py:190} INFO - [2026-06-13T16:58:35.446+0000] {dag.py:4180} INFO - Setting next_dagrun for example_task_group to None, run_after=None
[2026-06-13T16:58:35.476+0000] {processor.py:208} INFO - Processing /home/airflow/.local/lib/python3.12/site-packages/airflow/example_dags/example_task_group.py took 0.132 seconds
[2026-06-13T16:59:05.709+0000] {processor.py:186} INFO - Started process (PID=1014) to work on /home/airflow/.local/lib/python3.12/site-packages/airflow/example_dags/example_task_group.py
[2026-06-13T16:59:05.711+0000] {processor.py:914} INFO - Processing file /home/airflow/.local/lib/python3.12/site-packages/airflow/example_dags/example_task_group.py for tasks to queue
[2026-06-13T16:59:05.716+0000] {logging_mixin.py:190} INFO - [2026-06-13T16:59:05.715+0000] {dagbag.py:588} INFO - Filling up the DagBag from /home/airflow/.local/lib/python3.12/site-packages/airflow/example_dags/example_task_group.py
[2026-06-13T16:59:05.732+0000] {processor.py:925} INFO - DAG(s) 'example_task_group' retrieved from /home/airflow/.local/lib/python3.12/site-packages/airflow/example_dags/example_task_group.py
[2026-06-13T16:59:05.769+0000] {logging_mixin.py:190} INFO - [2026-06-13T16:59:05.769+0000] {dag.py:3239} INFO - Sync 1 DAGs
[2026-06-13T16:59:05.790+0000] {logging_mixin.py:190} INFO - [2026-06-13T16:59:05.789+0000] {dag.py:4180} INFO - Setting next_dagrun for example_task_group to None, run_after=None
[2026-06-13T16:59:05.826+0000] {processor.py:208} INFO - Processing /home/airflow/.local/lib/python3.12/site-packages/airflow/example_dags/example_task_group.py took 0.128 seconds
[2026-06-13T16:59:36.804+0000] {processor.py:186} INFO - Started process (PID=1075) to work on /home/airflow/.local/lib/python3.12/site-packages/airflow/example_dags/example_task_group.py
[2026-06-13T16:59:36.806+0000] {processor.py:914} INFO - Processing file /home/airflow/.local/lib/python3.12/site-packages/airflow/example_dags/example_task_group.py for tasks to queue
[2026-06-13T16:59:36.811+0000] {logging_mixin.py:190} INFO - [2026-06-13T16:59:36.810+0000] {dagbag.py:588} INFO - Filling up the DagBag from /home/airflow/.local/lib/python3.12/site-packages/airflow/example_dags/example_task_group.py
[2026-06-13T16:59:36.822+0000] {processor.py:925} INFO - DAG(s) 'example_task_group' retrieved from /home/airflow/.local/lib/python3.12/site-packages/airflow/example_dags/example_task_group.py
[2026-06-13T16:59:36.850+0000] {logging_mixin.py:190} INFO - [2026-06-13T16:59:36.849+0000] {dag.py:3239} INFO - Sync 1 DAGs
[2026-06-13T16:59:36.869+0000] {logging_mixin.py:190} INFO - [2026-06-13T16:59:36.869+0000] {dag.py:4180} INFO - Setting next_dagrun for example_task_group to None, run_after=None
[2026-06-13T16:59:36.902+0000] {processor.py:208} INFO - Processing /home/airflow/.local/lib/python3.12/site-packages/airflow/example_dags/example_task_group.py took 0.109 seconds
[2026-06-13T17:00:07.584+0000] {processor.py:186} INFO - Started process (PID=1137) to work on /home/airflow/.local/lib/python3.12/site-packages/airflow/example_dags/example_task_group.py
[2026-06-13T17:00:07.586+0000] {processor.py:914} INFO - Processing file /home/airflow/.local/lib/python3.12/site-packages/airflow/example_dags/example_task_group.py for tasks to queue
[2026-06-13T17:00:07.590+0000] {logging_mixin.py:190} INFO - [2026-06-13T17:00:07.590+0000] {dagbag.py:588} INFO - Filling up the DagBag from /home/airflow/.local/lib/python3.12/site-packages/airflow/example_dags/example_task_group.py
[2026-06-13T17:00:07.606+0000] {processor.py:925} INFO - DAG(s) 'example_task_group' retrieved from /home/airflow/.local/lib/python3.12/site-packages/airflow/example_dags/example_task_group.py
[2026-06-13T17:00:07.641+0000] {logging_mixin.py:190} INFO - [2026-06-13T17:00:07.641+0000] {dag.py:3239} INFO - Sync 1 DAGs
[2026-06-13T17:00:07.662+0000] {logging_mixin.py:190} INFO - [2026-06-13T17:00:07.662+0000] {dag.py:4180} INFO - Setting next_dagrun for example_task_group to None, run_after=None
[2026-06-13T17:00:07.689+0000] {processor.py:208} INFO - Processing /home/airflow/.local/lib/python3.12/site-packages/airflow/example_dags/example_task_group.py took 0.114 seconds
[2026-06-13T17:00:37.797+0000] {processor.py:186} INFO - Started process (PID=1199) to work on /home/airflow/.local/lib/python3.12/site-packages/airflow/example_dags/example_task_group.py
[2026-06-13T17:00:37.799+0000] {processor.py:914} INFO - Processing file /home/airflow/.local/lib/python3.12/site-packages/airflow/example_dags/example_task_group.py for tasks to queue
[2026-06-13T17:00:37.803+0000] {logging_mixin.py:190} INFO - [2026-06-13T17:00:37.802+0000] {dagbag.py:588} INFO - Filling up the DagBag from /home/airflow/.local/lib/python3.12/site-packages/airflow/example_dags/example_task_group.py
[2026-06-13T17:00:37.814+0000] {processor.py:925} INFO - DAG(s) 'example_task_group' retrieved from /home/airflow/.local/lib/python3.12/site-packages/airflow/example_dags/example_task_group.py
[2026-06-13T17:00:37.848+0000] {logging_mixin.py:190} INFO - [2026-06-13T17:00:37.847+0000] {dag.py:3239} INFO - Sync 1 DAGs
[2026-06-13T17:00:37.869+0000] {logging_mixin.py:190} INFO - [2026-06-13T17:00:37.869+0000] {dag.py:4180} INFO - Setting next_dagrun for example_task_group to None, run_after=None
[2026-06-13T17:00:37.898+0000] {processor.py:208} INFO - Processing /home/airflow/.local/lib/python3.12/site-packages/airflow/example_dags/example_task_group.py took 0.108 seconds
[2026-06-13T17:01:08.208+0000] {processor.py:186} INFO - Started process (PID=1261) to work on /home/airflow/.local/lib/python3.12/site-packages/airflow/example_dags/example_task_group.py
[2026-06-13T17:01:08.211+0000] {processor.py:914} INFO - Processing file /home/airflow/.local/lib/python3.12/site-packages/airflow/example_dags/example_task_group.py for tasks to queue
[2026-06-13T17:01:08.215+0000] {logging_mixin.py:190} INFO - [2026-06-13T17:01:08.215+0000] {dagbag.py:588} INFO - Filling up the DagBag from /home/airflow/.local/lib/python3.12/site-packages/airflow/example_dags/example_task_group.py
[2026-06-13T17:01:08.227+0000] {processor.py:925} INFO - DAG(s) 'example_task_group' retrieved from /home/airflow/.local/lib/python3.12/site-packages/airflow/example_dags/example_task_group.py
[2026-06-13T17:01:08.259+0000] {logging_mixin.py:190} INFO - [2026-06-13T17:01:08.259+0000] {dag.py:3239} INFO - Sync 1 DAGs
[2026-06-13T17:01:08.281+0000] {logging_mixin.py:190} INFO - [2026-06-13T17:01:08.280+0000] {dag.py:4180} INFO - Setting next_dagrun for example_task_group to None, run_after=None
[2026-06-13T17:01:08.308+0000] {processor.py:208} INFO - Processing /home/airflow/.local/lib/python3.12/site-packages/airflow/example_dags/example_task_group.py took 0.110 seconds
[2026-06-13T17:01:38.747+0000] {processor.py:186} INFO - Started process (PID=1323) to work on /home/airflow/.local/lib/python3.12/site-packages/airflow/example_dags/example_task_group.py
[2026-06-13T17:01:38.749+0000] {processor.py:914} INFO - Processing file /home/airflow/.local/lib/python3.12/site-packages/airflow/example_dags/example_task_group.py for tasks to queue
[2026-06-13T17:01:38.754+0000] {logging_mixin.py:190} INFO - [2026-06-13T17:01:38.754+0000] {dagbag.py:588} INFO - Filling up the DagBag from /home/airflow/.local/lib/python3.12/site-packages/airflow/example_dags/example_task_group.py
[2026-06-13T17:01:38.774+0000] {processor.py:925} INFO - DAG(s) 'example_task_group' retrieved from /home/airflow/.local/lib/python3.12/site-packages/airflow/example_dags/example_task_group.py
[2026-06-13T17:01:38.807+0000] {logging_mixin.py:190} INFO - [2026-06-13T17:01:38.807+0000] {dag.py:3239} INFO - Sync 1 DAGs
[2026-06-13T17:01:38.828+0000] {logging_mixin.py:190} INFO - [2026-06-13T17:01:38.827+0000] {dag.py:4180} INFO - Setting next_dagrun for example_task_group to None, run_after=None
[2026-06-13T17:01:38.858+0000] {processor.py:208} INFO - Processing /home/airflow/.local/lib/python3.12/site-packages/airflow/example_dags/example_task_group.py took 0.122 seconds
[2026-06-13T17:02:09.003+0000] {processor.py:186} INFO - Started process (PID=1385) to work on /home/airflow/.local/lib/python3.12/site-packages/airflow/example_dags/example_task_group.py
[2026-06-13T17:02:09.004+0000] {processor.py:914} INFO - Processing file /home/airflow/.local/lib/python3.12/site-packages/airflow/example_dags/example_task_group.py for tasks to queue
[2026-06-13T17:02:09.009+0000] {logging_mixin.py:190} INFO - [2026-06-13T17:02:09.008+0000] {dagbag.py:588} INFO - Filling up the DagBag from /home/airflow/.local/lib/python3.12/site-packages/airflow/example_dags/example_task_group.py
[2026-06-13T17:02:09.023+0000] {processor.py:925} INFO - DAG(s) 'example_task_group' retrieved from /home/airflow/.local/lib/python3.12/site-packages/airflow/example_dags/example_task_group.py
[2026-06-13T17:02:09.059+0000] {logging_mixin.py:190} INFO - [2026-06-13T17:02:09.058+0000] {dag.py:3239} INFO - Sync 1 DAGs
[2026-06-13T17:02:09.079+0000] {logging_mixin.py:190} INFO - [2026-06-13T17:02:09.078+0000] {dag.py:4180} INFO - Setting next_dagrun for example_task_group to None, run_after=None
[2026-06-13T17:02:09.111+0000] {processor.py:208} INFO - Processing /home/airflow/.local/lib/python3.12/site-packages/airflow/example_dags/example_task_group.py took 0.118 seconds
[2026-06-13T17:02:39.581+0000] {processor.py:186} INFO - Started process (PID=1447) to work on /home/airflow/.local/lib/python3.12/site-packages/airflow/example_dags/example_task_group.py
[2026-06-13T17:02:39.583+0000] {processor.py:914} INFO - Processing file /home/airflow/.local/lib/python3.12/site-packages/airflow/example_dags/example_task_group.py for tasks to queue
[2026-06-13T17:02:39.587+0000] {logging_mixin.py:190} INFO - [2026-06-13T17:02:39.587+0000] {dagbag.py:588} INFO - Filling up the DagBag from /home/airflow/.local/lib/python3.12/site-packages/airflow/example_dags/example_task_group.py
[2026-06-13T17:02:39.601+0000] {processor.py:925} INFO - DAG(s) 'example_task_group' retrieved from /home/airflow/.local/lib/python3.12/site-packages/airflow/example_dags/example_task_group.py
[2026-06-13T17:02:39.632+0000] {logging_mixin.py:190} INFO - [2026-06-13T17:02:39.632+0000] {dag.py:3239} INFO - Sync 1 DAGs
[2026-06-13T17:02:39.653+0000] {logging_mixin.py:190} INFO - [2026-06-13T17:02:39.653+0000] {dag.py:4180} INFO - Setting next_dagrun for example_task_group to None, run_after=None
[2026-06-13T17:02:39.684+0000] {processor.py:208} INFO - Processing /home/airflow/.local/lib/python3.12/site-packages/airflow/example_dags/example_task_group.py took 0.115 seconds
[2026-06-13T17:03:09.897+0000] {processor.py:186} INFO - Started process (PID=1509) to work on /home/airflow/.local/lib/python3.12/site-packages/airflow/example_dags/example_task_group.py
[2026-06-13T17:03:09.899+0000] {processor.py:914} INFO - Processing file /home/airflow/.local/lib/python3.12/site-packages/airflow/example_dags/example_task_group.py for tasks to queue
[2026-06-13T17:03:09.902+0000] {logging_mixin.py:190} INFO - [2026-06-13T17:03:09.902+0000] {dagbag.py:588} INFO - Filling up the DagBag from /home/airflow/.local/lib/python3.12/site-packages/airflow/example_dags/example_task_group.py
[2026-06-13T17:03:09.914+0000] {processor.py:925} INFO - DAG(s) 'example_task_group' retrieved from /home/airflow/.local/lib/python3.12/site-packages/airflow/example_dags/example_task_group.py
[2026-06-13T17:03:09.946+0000] {logging_mixin.py:190} INFO - [2026-06-13T17:03:09.946+0000] {dag.py:3239} INFO - Sync 1 DAGs
[2026-06-13T17:03:09.967+0000] {logging_mixin.py:190} INFO - [2026-06-13T17:03:09.967+0000] {dag.py:4180} INFO - Setting next_dagrun for example_task_group to None, run_after=None
[2026-06-13T17:03:09.995+0000] {processor.py:208} INFO - Processing /home/airflow/.local/lib/python3.12/site-packages/airflow/example_dags/example_task_group.py took 0.108 seconds
[2026-06-13T17:03:40.614+0000] {processor.py:186} INFO - Started process (PID=1571) to work on /home/airflow/.local/lib/python3.12/site-packages/airflow/example_dags/example_task_group.py
[2026-06-13T17:03:40.616+0000] {processor.py:914} INFO - Processing file /home/airflow/.local/lib/python3.12/site-packages/airflow/example_dags/example_task_group.py for tasks to queue
[2026-06-13T17:03:40.619+0000] {logging_mixin.py:190} INFO - [2026-06-13T17:03:40.619+0000] {dagbag.py:588} INFO - Filling up the DagBag from /home/airflow/.local/lib/python3.12/site-packages/airflow/example_dags/example_task_group.py
[2026-06-13T17:03:40.631+0000] {processor.py:925} INFO - DAG(s) 'example_task_group' retrieved from /home/airflow/.local/lib/python3.12/site-packages/airflow/example_dags/example_task_group.py
[2026-06-13T17:03:40.667+0000] {logging_mixin.py:190} INFO - [2026-06-13T17:03:40.666+0000] {dag.py:3239} INFO - Sync 1 DAGs
[2026-06-13T17:03:40.687+0000] {logging_mixin.py:190} INFO - [2026-06-13T17:03:40.687+0000] {dag.py:4180} INFO - Setting next_dagrun for example_task_group to None, run_after=None
[2026-06-13T17:03:40.714+0000] {processor.py:208} INFO - Processing /home/airflow/.local/lib/python3.12/site-packages/airflow/example_dags/example_task_group.py took 0.108 seconds
[2026-06-13T17:04:11.384+0000] {processor.py:186} INFO - Started process (PID=1633) to work on /home/airflow/.local/lib/python3.12/site-packages/airflow/example_dags/example_task_group.py
[2026-06-13T17:04:11.386+0000] {processor.py:914} INFO - Processing file /home/airflow/.local/lib/python3.12/site-packages/airflow/example_dags/example_task_group.py for tasks to queue
[2026-06-13T17:04:11.390+0000] {logging_mixin.py:190} INFO - [2026-06-13T17:04:11.389+0000] {dagbag.py:588} INFO - Filling up the DagBag from /home/airflow/.local/lib/python3.12/site-packages/airflow/example_dags/example_task_group.py
[2026-06-13T17:04:11.407+0000] {processor.py:925} INFO - DAG(s) 'example_task_group' retrieved from /home/airflow/.local/lib/python3.12/site-packages/airflow/example_dags/example_task_group.py
[2026-06-13T17:04:11.437+0000] {logging_mixin.py:190} INFO - [2026-06-13T17:04:11.437+0000] {dag.py:3239} INFO - Sync 1 DAGs
[2026-06-13T17:04:11.462+0000] {logging_mixin.py:190} INFO - [2026-06-13T17:04:11.462+0000] {dag.py:4180} INFO - Setting next_dagrun for example_task_group to None, run_after=None
[2026-06-13T17:04:11.502+0000] {processor.py:208} INFO - Processing /home/airflow/.local/lib/python3.12/site-packages/airflow/example_dags/example_task_group.py took 0.127 seconds
[2026-06-13T17:04:41.667+0000] {processor.py:186} INFO - Started process (PID=1695) to work on /home/airflow/.local/lib/python3.12/site-packages/airflow/example_dags/example_task_group.py
[2026-06-13T17:04:41.669+0000] {processor.py:914} INFO - Processing file /home/airflow/.local/lib/python3.12/site-packages/airflow/example_dags/example_task_group.py for tasks to queue
[2026-06-13T17:04:41.673+0000] {logging_mixin.py:190} INFO - [2026-06-13T17:04:41.673+0000] {dagbag.py:588} INFO - Filling up the DagBag from /home/airflow/.local/lib/python3.12/site-packages/airflow/example_dags/example_task_group.py
[2026-06-13T17:04:41.686+0000] {processor.py:925} INFO - DAG(s) 'example_task_group' retrieved from /home/airflow/.local/lib/python3.12/site-packages/airflow/example_dags/example_task_group.py
[2026-06-13T17:04:41.715+0000] {logging_mixin.py:190} INFO - [2026-06-13T17:04:41.715+0000] {dag.py:3239} INFO - Sync 1 DAGs
[2026-06-13T17:04:41.733+0000] {logging_mixin.py:190} INFO - [2026-06-13T17:04:41.733+0000] {dag.py:4180} INFO - Setting next_dagrun for example_task_group to None, run_after=None
[2026-06-13T17:04:41.762+0000] {processor.py:208} INFO - Processing /home/airflow/.local/lib/python3.12/site-packages/airflow/example_dags/example_task_group.py took 0.105 seconds
[2026-06-13T17:05:12.202+0000] {processor.py:186} INFO - Started process (PID=1757) to work on /home/airflow/.local/lib/python3.12/site-packages/airflow/example_dags/example_task_group.py
[2026-06-13T17:05:12.204+0000] {processor.py:914} INFO - Processing file /home/airflow/.local/lib/python3.12/site-packages/airflow/example_dags/example_task_group.py for tasks to queue
[2026-06-13T17:05:12.208+0000] {logging_mixin.py:190} INFO - [2026-06-13T17:05:12.208+0000] {dagbag.py:588} INFO - Filling up the DagBag from /home/airflow/.local/lib/python3.12/site-packages/airflow/example_dags/example_task_group.py
[2026-06-13T17:05:12.222+0000] {processor.py:925} INFO - DAG(s) 'example_task_group' retrieved from /home/airflow/.local/lib/python3.12/site-packages/airflow/example_dags/example_task_group.py
[2026-06-13T17:05:12.256+0000] {logging_mixin.py:190} INFO - [2026-06-13T17:05:12.255+0000] {dag.py:3239} INFO - Sync 1 DAGs
[2026-06-13T17:05:12.280+0000] {logging_mixin.py:190} INFO - [2026-06-13T17:05:12.280+0000] {dag.py:4180} INFO - Setting next_dagrun for example_task_group to None, run_after=None
[2026-06-13T17:05:12.323+0000] {processor.py:208} INFO - Processing /home/airflow/.local/lib/python3.12/site-packages/airflow/example_dags/example_task_group.py took 0.129 seconds
[2026-06-13T17:05:42.424+0000] {processor.py:186} INFO - Started process (PID=1819) to work on /home/airflow/.local/lib/python3.12/site-packages/airflow/example_dags/example_task_group.py
[2026-06-13T17:05:42.426+0000] {processor.py:914} INFO - Processing file /home/airflow/.local/lib/python3.12/site-packages/airflow/example_dags/example_task_group.py for tasks to queue
[2026-06-13T17:05:42.430+0000] {logging_mixin.py:190} INFO - [2026-06-13T17:05:42.430+0000] {dagbag.py:588} INFO - Filling up the DagBag from /home/airflow/.local/lib/python3.12/site-packages/airflow/example_dags/example_task_group.py
[2026-06-13T17:05:42.444+0000] {processor.py:925} INFO - DAG(s) 'example_task_group' retrieved from /home/airflow/.local/lib/python3.12/site-packages/airflow/example_dags/example_task_group.py
[2026-06-13T17:05:42.476+0000] {logging_mixin.py:190} INFO - [2026-06-13T17:05:42.475+0000] {dag.py:3239} INFO - Sync 1 DAGs
[2026-06-13T17:05:42.499+0000] {logging_mixin.py:190} INFO - [2026-06-13T17:05:42.498+0000] {dag.py:4180} INFO - Setting next_dagrun for example_task_group to None, run_after=None
[2026-06-13T17:05:42.545+0000] {processor.py:208} INFO - Processing /home/airflow/.local/lib/python3.12/site-packages/airflow/example_dags/example_task_group.py took 0.130 seconds
[2026-06-13T17:06:12.744+0000] {processor.py:186} INFO - Started process (PID=1882) to work on /home/airflow/.local/lib/python3.12/site-packages/airflow/example_dags/example_task_group.py
[2026-06-13T17:06:12.746+0000] {processor.py:914} INFO - Processing file /home/airflow/.local/lib/python3.12/site-packages/airflow/example_dags/example_task_group.py for tasks to queue
[2026-06-13T17:06:12.749+0000] {logging_mixin.py:190} INFO - [2026-06-13T17:06:12.749+0000] {dagbag.py:588} INFO - Filling up the DagBag from /home/airflow/.local/lib/python3.12/site-packages/airflow/example_dags/example_task_group.py
[2026-06-13T17:06:12.761+0000] {processor.py:925} INFO - DAG(s) 'example_task_group' retrieved from /home/airflow/.local/lib/python3.12/site-packages/airflow/example_dags/example_task_group.py
[2026-06-13T17:06:12.790+0000] {logging_mixin.py:190} INFO - [2026-06-13T17:06:12.789+0000] {dag.py:3239} INFO - Sync 1 DAGs
[2026-06-13T17:06:12.808+0000] {logging_mixin.py:190} INFO - [2026-06-13T17:06:12.808+0000] {dag.py:4180} INFO - Setting next_dagrun for example_task_group to None, run_after=None
[2026-06-13T17:06:12.854+0000] {processor.py:208} INFO - Processing /home/airflow/.local/lib/python3.12/site-packages/airflow/example_dags/example_task_group.py took 0.118 seconds
[2026-06-13T17:06:43.369+0000] {processor.py:186} INFO - Started process (PID=1944) to work on /home/airflow/.local/lib/python3.12/site-packages/airflow/example_dags/example_task_group.py
[2026-06-13T17:06:43.371+0000] {processor.py:914} INFO - Processing file /home/airflow/.local/lib/python3.12/site-packages/airflow/example_dags/example_task_group.py for tasks to queue
[2026-06-13T17:06:43.375+0000] {logging_mixin.py:190} INFO - [2026-06-13T17:06:43.374+0000] {dagbag.py:588} INFO - Filling up the DagBag from /home/airflow/.local/lib/python3.12/site-packages/airflow/example_dags/example_task_group.py
[2026-06-13T17:06:43.386+0000] {processor.py:925} INFO - DAG(s) 'example_task_group' retrieved from /home/airflow/.local/lib/python3.12/site-packages/airflow/example_dags/example_task_group.py
[2026-06-13T17:06:43.416+0000] {logging_mixin.py:190} INFO - [2026-06-13T17:06:43.416+0000] {dag.py:3239} INFO - Sync 1 DAGs
[2026-06-13T17:06:43.436+0000] {logging_mixin.py:190} INFO - [2026-06-13T17:06:43.436+0000] {dag.py:4180} INFO - Setting next_dagrun for example_task_group to None, run_after=None
[2026-06-13T17:06:43.472+0000] {processor.py:208} INFO - Processing /home/airflow/.local/lib/python3.12/site-packages/airflow/example_dags/example_task_group.py took 0.111 seconds
[2026-06-13T17:07:14.068+0000] {processor.py:186} INFO - Started process (PID=2006) to work on /home/airflow/.local/lib/python3.12/site-packages/airflow/example_dags/example_task_group.py
[2026-06-13T17:07:14.070+0000] {processor.py:914} INFO - Processing file /home/airflow/.local/lib/python3.12/site-packages/airflow/example_dags/example_task_group.py for tasks to queue
[2026-06-13T17:07:14.072+0000] {logging_mixin.py:190} INFO - [2026-06-13T17:07:14.072+0000] {dagbag.py:588} INFO - Filling up the DagBag from /home/airflow/.local/lib/python3.12/site-packages/airflow/example_dags/example_task_group.py
[2026-06-13T17:07:14.083+0000] {processor.py:925} INFO - DAG(s) 'example_task_group' retrieved from /home/airflow/.local/lib/python3.12/site-packages/airflow/example_dags/example_task_group.py
[2026-06-13T17:07:14.112+0000] {logging_mixin.py:190} INFO - [2026-06-13T17:07:14.112+0000] {dag.py:3239} INFO - Sync 1 DAGs
[2026-06-13T17:07:14.130+0000] {logging_mixin.py:190} INFO - [2026-06-13T17:07:14.130+0000] {dag.py:4180} INFO - Setting next_dagrun for example_task_group to None, run_after=None
[2026-06-13T17:07:14.156+0000] {processor.py:208} INFO - Processing /home/airflow/.local/lib/python3.12/site-packages/airflow/example_dags/example_task_group.py took 0.092 seconds
[2026-06-13T17:07:44.989+0000] {processor.py:186} INFO - Started process (PID=2068) to work on /home/airflow/.local/lib/python3.12/site-packages/airflow/example_dags/example_task_group.py
[2026-06-13T17:07:44.991+0000] {processor.py:914} INFO - Processing file /home/airflow/.local/lib/python3.12/site-packages/airflow/example_dags/example_task_group.py for tasks to queue
[2026-06-13T17:07:44.994+0000] {logging_mixin.py:190} INFO - [2026-06-13T17:07:44.994+0000] {dagbag.py:588} INFO - Filling up the DagBag from /home/airflow/.local/lib/python3.12/site-packages/airflow/example_dags/example_task_group.py
[2026-06-13T17:07:45.015+0000] {processor.py:925} INFO - DAG(s) 'example_task_group' retrieved from /home/airflow/.local/lib/python3.12/site-packages/airflow/example_dags/example_task_group.py
[2026-06-13T17:07:45.044+0000] {logging_mixin.py:190} INFO - [2026-06-13T17:07:45.043+0000] {dag.py:3239} INFO - Sync 1 DAGs
[2026-06-13T17:07:45.073+0000] {logging_mixin.py:190} INFO - [2026-06-13T17:07:45.072+0000] {dag.py:4180} INFO - Setting next_dagrun for example_task_group to None, run_after=None
[2026-06-13T17:07:45.124+0000] {processor.py:208} INFO - Processing /home/airflow/.local/lib/python3.12/site-packages/airflow/example_dags/example_task_group.py took 0.141 seconds
[2026-06-13T17:08:15.552+0000] {processor.py:186} INFO - Started process (PID=2130) to work on /home/airflow/.local/lib/python3.12/site-packages/airflow/example_dags/example_task_group.py
[2026-06-13T17:08:15.554+0000] {processor.py:914} INFO - Processing file /home/airflow/.local/lib/python3.12/site-packages/airflow/example_dags/example_task_group.py for tasks to queue
[2026-06-13T17:08:15.557+0000] {logging_mixin.py:190} INFO - [2026-06-13T17:08:15.556+0000] {dagbag.py:588} INFO - Filling up the DagBag from /home/airflow/.local/lib/python3.12/site-packages/airflow/example_dags/example_task_group.py
[2026-06-13T17:08:15.564+0000] {processor.py:925} INFO - DAG(s) 'example_task_group' retrieved from /home/airflow/.local/lib/python3.12/site-packages/airflow/example_dags/example_task_group.py
[2026-06-13T17:08:15.587+0000] {logging_mixin.py:190} INFO - [2026-06-13T17:08:15.587+0000] {dag.py:3239} INFO - Sync 1 DAGs
[2026-06-13T17:08:15.602+0000] {logging_mixin.py:190} INFO - [2026-06-13T17:08:15.601+0000] {dag.py:4180} INFO - Setting next_dagrun for example_task_group to None, run_after=None
[2026-06-13T17:08:15.627+0000] {processor.py:208} INFO - Processing /home/airflow/.local/lib/python3.12/site-packages/airflow/example_dags/example_task_group.py took 0.086 seconds
[2026-06-13T17:08:45.759+0000] {processor.py:186} INFO - Started process (PID=2193) to work on /home/airflow/.local/lib/python3.12/site-packages/airflow/example_dags/example_task_group.py
[2026-06-13T17:08:45.760+0000] {processor.py:914} INFO - Processing file /home/airflow/.local/lib/python3.12/site-packages/airflow/example_dags/example_task_group.py for tasks to queue
[2026-06-13T17:08:45.762+0000] {logging_mixin.py:190} INFO - [2026-06-13T17:08:45.762+0000] {dagbag.py:588} INFO - Filling up the DagBag from /home/airflow/.local/lib/python3.12/site-packages/airflow/example_dags/example_task_group.py
[2026-06-13T17:08:45.770+0000] {processor.py:925} INFO - DAG(s) 'example_task_group' retrieved from /home/airflow/.local/lib/python3.12/site-packages/airflow/example_dags/example_task_group.py
[2026-06-13T17:08:45.786+0000] {logging_mixin.py:190} INFO - [2026-06-13T17:08:45.786+0000] {dag.py:3239} INFO - Sync 1 DAGs
[2026-06-13T17:08:45.795+0000] {logging_mixin.py:190} INFO - [2026-06-13T17:08:45.795+0000] {dag.py:4180} INFO - Setting next_dagrun for example_task_group to None, run_after=None
[2026-06-13T17:08:45.810+0000] {processor.py:208} INFO - Processing /home/airflow/.local/lib/python3.12/site-packages/airflow/example_dags/example_task_group.py took 0.056 seconds
[2026-06-13T17:09:16.281+0000] {processor.py:186} INFO - Started process (PID=2255) to work on /home/airflow/.local/lib/python3.12/site-packages/airflow/example_dags/example_task_group.py
[2026-06-13T17:09:16.282+0000] {processor.py:914} INFO - Processing file /home/airflow/.local/lib/python3.12/site-packages/airflow/example_dags/example_task_group.py for tasks to queue
[2026-06-13T17:09:16.285+0000] {logging_mixin.py:190} INFO - [2026-06-13T17:09:16.285+0000] {dagbag.py:588} INFO - Filling up the DagBag from /home/airflow/.local/lib/python3.12/site-packages/airflow/example_dags/example_task_group.py
[2026-06-13T17:09:16.295+0000] {processor.py:925} INFO - DAG(s) 'example_task_group' retrieved from /home/airflow/.local/lib/python3.12/site-packages/airflow/example_dags/example_task_group.py
[2026-06-13T17:09:16.325+0000] {logging_mixin.py:190} INFO - [2026-06-13T17:09:16.324+0000] {dag.py:3239} INFO - Sync 1 DAGs
[2026-06-13T17:09:16.340+0000] {logging_mixin.py:190} INFO - [2026-06-13T17:09:16.339+0000] {dag.py:4180} INFO - Setting next_dagrun for example_task_group to None, run_after=None
[2026-06-13T17:09:16.360+0000] {processor.py:208} INFO - Processing /home/airflow/.local/lib/python3.12/site-packages/airflow/example_dags/example_task_group.py took 0.085 seconds
[2026-06-13T17:09:46.933+0000] {processor.py:186} INFO - Started process (PID=2316) to work on /home/airflow/.local/lib/python3.12/site-packages/airflow/example_dags/example_task_group.py
[2026-06-13T17:09:46.934+0000] {processor.py:914} INFO - Processing file /home/airflow/.local/lib/python3.12/site-packages/airflow/example_dags/example_task_group.py for tasks to queue
[2026-06-13T17:09:46.936+0000] {logging_mixin.py:190} INFO - [2026-06-13T17:09:46.936+0000] {dagbag.py:588} INFO - Filling up the DagBag from /home/airflow/.local/lib/python3.12/site-packages/airflow/example_dags/example_task_group.py
[2026-06-13T17:09:46.944+0000] {processor.py:925} INFO - DAG(s) 'example_task_group' retrieved from /home/airflow/.local/lib/python3.12/site-packages/airflow/example_dags/example_task_group.py
[2026-06-13T17:09:46.965+0000] {logging_mixin.py:190} INFO - [2026-06-13T17:09:46.965+0000] {dag.py:3239} INFO - Sync 1 DAGs
[2026-06-13T17:09:46.980+0000] {logging_mixin.py:190} INFO - [2026-06-13T17:09:46.979+0000] {dag.py:4180} INFO - Setting next_dagrun for example_task_group to None, run_after=None
[2026-06-13T17:09:47.000+0000] {processor.py:208} INFO - Processing /home/airflow/.local/lib/python3.12/site-packages/airflow/example_dags/example_task_group.py took 0.073 seconds
[2026-06-13T17:10:17.181+0000] {processor.py:186} INFO - Started process (PID=2377) to work on /home/airflow/.local/lib/python3.12/site-packages/airflow/example_dags/example_task_group.py
[2026-06-13T17:10:17.183+0000] {processor.py:914} INFO - Processing file /home/airflow/.local/lib/python3.12/site-packages/airflow/example_dags/example_task_group.py for tasks to queue
[2026-06-13T17:10:17.185+0000] {logging_mixin.py:190} INFO - [2026-06-13T17:10:17.184+0000] {dagbag.py:588} INFO - Filling up the DagBag from /home/airflow/.local/lib/python3.12/site-packages/airflow/example_dags/example_task_group.py
[2026-06-13T17:10:17.194+0000] {processor.py:925} INFO - DAG(s) 'example_task_group' retrieved from /home/airflow/.local/lib/python3.12/site-packages/airflow/example_dags/example_task_group.py
[2026-06-13T17:10:17.216+0000] {logging_mixin.py:190} INFO - [2026-06-13T17:10:17.216+0000] {dag.py:3239} INFO - Sync 1 DAGs
[2026-06-13T17:10:17.230+0000] {logging_mixin.py:190} INFO - [2026-06-13T17:10:17.230+0000] {dag.py:4180} INFO - Setting next_dagrun for example_task_group to None, run_after=None
[2026-06-13T17:10:17.251+0000] {processor.py:208} INFO - Processing /home/airflow/.local/lib/python3.12/site-packages/airflow/example_dags/example_task_group.py took 0.075 seconds
[2026-06-13T17:10:48.313+0000] {processor.py:186} INFO - Started process (PID=2440) to work on /home/airflow/.local/lib/python3.12/site-packages/airflow/example_dags/example_task_group.py
[2026-06-13T17:10:48.314+0000] {processor.py:914} INFO - Processing file /home/airflow/.local/lib/python3.12/site-packages/airflow/example_dags/example_task_group.py for tasks to queue
[2026-06-13T17:10:48.318+0000] {logging_mixin.py:190} INFO - [2026-06-13T17:10:48.317+0000] {dagbag.py:588} INFO - Filling up the DagBag from /home/airflow/.local/lib/python3.12/site-packages/airflow/example_dags/example_task_group.py
[2026-06-13T17:10:48.328+0000] {processor.py:925} INFO - DAG(s) 'example_task_group' retrieved from /home/airflow/.local/lib/python3.12/site-packages/airflow/example_dags/example_task_group.py
[2026-06-13T17:10:48.350+0000] {logging_mixin.py:190} INFO - [2026-06-13T17:10:48.350+0000] {dag.py:3239} INFO - Sync 1 DAGs
[2026-06-13T17:10:48.364+0000] {logging_mixin.py:190} INFO - [2026-06-13T17:10:48.363+0000] {dag.py:4180} INFO - Setting next_dagrun for example_task_group to None, run_after=None
[2026-06-13T17:10:48.383+0000] {processor.py:208} INFO - Processing /home/airflow/.local/lib/python3.12/site-packages/airflow/example_dags/example_task_group.py took 0.075 seconds
[2026-06-13T17:11:18.608+0000] {processor.py:186} INFO - Started process (PID=2502) to work on /home/airflow/.local/lib/python3.12/site-packages/airflow/example_dags/example_task_group.py
[2026-06-13T17:11:18.609+0000] {processor.py:914} INFO - Processing file /home/airflow/.local/lib/python3.12/site-packages/airflow/example_dags/example_task_group.py for tasks to queue
[2026-06-13T17:11:18.612+0000] {logging_mixin.py:190} INFO - [2026-06-13T17:11:18.612+0000] {dagbag.py:588} INFO - Filling up the DagBag from /home/airflow/.local/lib/python3.12/site-packages/airflow/example_dags/example_task_group.py
[2026-06-13T17:11:18.619+0000] {processor.py:925} INFO - DAG(s) 'example_task_group' retrieved from /home/airflow/.local/lib/python3.12/site-packages/airflow/example_dags/example_task_group.py
[2026-06-13T17:11:18.636+0000] {logging_mixin.py:190} INFO - [2026-06-13T17:11:18.636+0000] {dag.py:3239} INFO - Sync 1 DAGs
[2026-06-13T17:11:18.647+0000] {logging_mixin.py:190} INFO - [2026-06-13T17:11:18.647+0000] {dag.py:4180} INFO - Setting next_dagrun for example_task_group to None, run_after=None
[2026-06-13T17:11:18.664+0000] {processor.py:208} INFO - Processing /home/airflow/.local/lib/python3.12/site-packages/airflow/example_dags/example_task_group.py took 0.061 seconds
[2026-06-13T17:11:49.314+0000] {processor.py:186} INFO - Started process (PID=2564) to work on /home/airflow/.local/lib/python3.12/site-packages/airflow/example_dags/example_task_group.py
[2026-06-13T17:11:49.315+0000] {processor.py:914} INFO - Processing file /home/airflow/.local/lib/python3.12/site-packages/airflow/example_dags/example_task_group.py for tasks to queue
[2026-06-13T17:11:49.317+0000] {logging_mixin.py:190} INFO - [2026-06-13T17:11:49.317+0000] {dagbag.py:588} INFO - Filling up the DagBag from /home/airflow/.local/lib/python3.12/site-packages/airflow/example_dags/example_task_group.py
[2026-06-13T17:11:49.326+0000] {processor.py:925} INFO - DAG(s) 'example_task_group' retrieved from /home/airflow/.local/lib/python3.12/site-packages/airflow/example_dags/example_task_group.py
[2026-06-13T17:11:49.344+0000] {logging_mixin.py:190} INFO - [2026-06-13T17:11:49.344+0000] {dag.py:3239} INFO - Sync 1 DAGs
[2026-06-13T17:11:49.355+0000] {logging_mixin.py:190} INFO - [2026-06-13T17:11:49.355+0000] {dag.py:4180} INFO - Setting next_dagrun for example_task_group to None, run_after=None
[2026-06-13T17:11:49.374+0000] {processor.py:208} INFO - Processing /home/airflow/.local/lib/python3.12/site-packages/airflow/example_dags/example_task_group.py took 0.065 seconds
[2026-06-13T17:12:19.538+0000] {processor.py:186} INFO - Started process (PID=2626) to work on /home/airflow/.local/lib/python3.12/site-packages/airflow/example_dags/example_task_group.py
[2026-06-13T17:12:19.540+0000] {processor.py:914} INFO - Processing file /home/airflow/.local/lib/python3.12/site-packages/airflow/example_dags/example_task_group.py for tasks to queue
[2026-06-13T17:12:19.543+0000] {logging_mixin.py:190} INFO - [2026-06-13T17:12:19.543+0000] {dagbag.py:588} INFO - Filling up the DagBag from /home/airflow/.local/lib/python3.12/site-packages/airflow/example_dags/example_task_group.py
[2026-06-13T17:12:19.552+0000] {processor.py:925} INFO - DAG(s) 'example_task_group' retrieved from /home/airflow/.local/lib/python3.12/site-packages/airflow/example_dags/example_task_group.py
[2026-06-13T17:12:19.569+0000] {logging_mixin.py:190} INFO - [2026-06-13T17:12:19.569+0000] {dag.py:3239} INFO - Sync 1 DAGs
[2026-06-13T17:12:19.580+0000] {logging_mixin.py:190} INFO - [2026-06-13T17:12:19.580+0000] {dag.py:4180} INFO - Setting next_dagrun for example_task_group to None, run_after=None
[2026-06-13T17:12:19.597+0000] {processor.py:208} INFO - Processing /home/airflow/.local/lib/python3.12/site-packages/airflow/example_dags/example_task_group.py took 0.064 seconds
[2026-06-13T17:12:50.046+0000] {processor.py:186} INFO - Started process (PID=2688) to work on /home/airflow/.local/lib/python3.12/site-packages/airflow/example_dags/example_task_group.py
[2026-06-13T17:12:50.047+0000] {processor.py:914} INFO - Processing file /home/airflow/.local/lib/python3.12/site-packages/airflow/example_dags/example_task_group.py for tasks to queue
[2026-06-13T17:12:50.049+0000] {logging_mixin.py:190} INFO - [2026-06-13T17:12:50.049+0000] {dagbag.py:588} INFO - Filling up the DagBag from /home/airflow/.local/lib/python3.12/site-packages/airflow/example_dags/example_task_group.py
[2026-06-13T17:12:50.057+0000] {processor.py:925} INFO - DAG(s) 'example_task_group' retrieved from /home/airflow/.local/lib/python3.12/site-packages/airflow/example_dags/example_task_group.py
[2026-06-13T17:12:50.209+0000] {logging_mixin.py:190} INFO - [2026-06-13T17:12:50.209+0000] {dag.py:3239} INFO - Sync 1 DAGs
[2026-06-13T17:12:50.220+0000] {logging_mixin.py:190} INFO - [2026-06-13T17:12:50.219+0000] {dag.py:4180} INFO - Setting next_dagrun for example_task_group to None, run_after=None
[2026-06-13T17:12:50.235+0000] {processor.py:208} INFO - Processing /home/airflow/.local/lib/python3.12/site-packages/airflow/example_dags/example_task_group.py took 0.194 seconds
[2026-06-13T17:13:20.595+0000] {processor.py:186} INFO - Started process (PID=2750) to work on /home/airflow/.local/lib/python3.12/site-packages/airflow/example_dags/example_task_group.py
[2026-06-13T17:13:20.597+0000] {processor.py:914} INFO - Processing file /home/airflow/.local/lib/python3.12/site-packages/airflow/example_dags/example_task_group.py for tasks to queue
[2026-06-13T17:13:20.599+0000] {logging_mixin.py:190} INFO - [2026-06-13T17:13:20.599+0000] {dagbag.py:588} INFO - Filling up the DagBag from /home/airflow/.local/lib/python3.12/site-packages/airflow/example_dags/example_task_group.py
[2026-06-13T17:13:20.606+0000] {processor.py:925} INFO - DAG(s) 'example_task_group' retrieved from /home/airflow/.local/lib/python3.12/site-packages/airflow/example_dags/example_task_group.py
[2026-06-13T17:13:20.623+0000] {logging_mixin.py:190} INFO - [2026-06-13T17:13:20.622+0000] {dag.py:3239} INFO - Sync 1 DAGs
[2026-06-13T17:13:20.632+0000] {logging_mixin.py:190} INFO - [2026-06-13T17:13:20.632+0000] {dag.py:4180} INFO - Setting next_dagrun for example_task_group to None, run_after=None
[2026-06-13T17:13:20.649+0000] {processor.py:208} INFO - Processing /home/airflow/.local/lib/python3.12/site-packages/airflow/example_dags/example_task_group.py took 0.058 seconds
[2026-06-13T17:13:50.876+0000] {processor.py:186} INFO - Started process (PID=2812) to work on /home/airflow/.local/lib/python3.12/site-packages/airflow/example_dags/example_task_group.py
[2026-06-13T17:13:50.878+0000] {processor.py:914} INFO - Processing file /home/airflow/.local/lib/python3.12/site-packages/airflow/example_dags/example_task_group.py for tasks to queue
[2026-06-13T17:13:50.880+0000] {logging_mixin.py:190} INFO - [2026-06-13T17:13:50.879+0000] {dagbag.py:588} INFO - Filling up the DagBag from /home/airflow/.local/lib/python3.12/site-packages/airflow/example_dags/example_task_group.py
[2026-06-13T17:13:50.887+0000] {processor.py:925} INFO - DAG(s) 'example_task_group' retrieved from /home/airflow/.local/lib/python3.12/site-packages/airflow/example_dags/example_task_group.py
[2026-06-13T17:13:50.903+0000] {logging_mixin.py:190} INFO - [2026-06-13T17:13:50.903+0000] {dag.py:3239} INFO - Sync 1 DAGs
[2026-06-13T17:13:50.916+0000] {logging_mixin.py:190} INFO - [2026-06-13T17:13:50.915+0000] {dag.py:4180} INFO - Setting next_dagrun for example_task_group to None, run_after=None
[2026-06-13T17:13:50.931+0000] {processor.py:208} INFO - Processing /home/airflow/.local/lib/python3.12/site-packages/airflow/example_dags/example_task_group.py took 0.060 seconds
[2026-06-13T17:14:21.648+0000] {processor.py:186} INFO - Started process (PID=2874) to work on /home/airflow/.local/lib/python3.12/site-packages/airflow/example_dags/example_task_group.py
[2026-06-13T17:14:21.649+0000] {processor.py:914} INFO - Processing file /home/airflow/.local/lib/python3.12/site-packages/airflow/example_dags/example_task_group.py for tasks to queue
[2026-06-13T17:14:21.652+0000] {logging_mixin.py:190} INFO - [2026-06-13T17:14:21.651+0000] {dagbag.py:588} INFO - Filling up the DagBag from /home/airflow/.local/lib/python3.12/site-packages/airflow/example_dags/example_task_group.py
[2026-06-13T17:14:21.660+0000] {processor.py:925} INFO - DAG(s) 'example_task_group' retrieved from /home/airflow/.local/lib/python3.12/site-packages/airflow/example_dags/example_task_group.py
[2026-06-13T17:14:21.678+0000] {logging_mixin.py:190} INFO - [2026-06-13T17:14:21.678+0000] {dag.py:3239} INFO - Sync 1 DAGs
[2026-06-13T17:14:21.688+0000] {logging_mixin.py:190} INFO - [2026-06-13T17:14:21.688+0000] {dag.py:4180} INFO - Setting next_dagrun for example_task_group to None, run_after=None
[2026-06-13T17:14:21.706+0000] {processor.py:208} INFO - Processing /home/airflow/.local/lib/python3.12/site-packages/airflow/example_dags/example_task_group.py took 0.064 seconds
[2026-06-13T17:14:51.959+0000] {processor.py:186} INFO - Started process (PID=2936) to work on /home/airflow/.local/lib/python3.12/site-packages/airflow/example_dags/example_task_group.py
[2026-06-13T17:14:51.960+0000] {processor.py:914} INFO - Processing file /home/airflow/.local/lib/python3.12/site-packages/airflow/example_dags/example_task_group.py for tasks to queue
[2026-06-13T17:14:51.962+0000] {logging_mixin.py:190} INFO - [2026-06-13T17:14:51.962+0000] {dagbag.py:588} INFO - Filling up the DagBag from /home/airflow/.local/lib/python3.12/site-packages/airflow/example_dags/example_task_group.py
[2026-06-13T17:14:51.969+0000] {processor.py:925} INFO - DAG(s) 'example_task_group' retrieved from /home/airflow/.local/lib/python3.12/site-packages/airflow/example_dags/example_task_group.py
[2026-06-13T17:14:51.986+0000] {logging_mixin.py:190} INFO - [2026-06-13T17:14:51.986+0000] {dag.py:3239} INFO - Sync 1 DAGs
[2026-06-13T17:14:51.997+0000] {logging_mixin.py:190} INFO - [2026-06-13T17:14:51.996+0000] {dag.py:4180} INFO - Setting next_dagrun for example_task_group to None, run_after=None
[2026-06-13T17:14:52.011+0000] {processor.py:208} INFO - Processing /home/airflow/.local/lib/python3.12/site-packages/airflow/example_dags/example_task_group.py took 0.058 seconds
[2026-06-13T17:15:22.325+0000] {processor.py:186} INFO - Started process (PID=2998) to work on /home/airflow/.local/lib/python3.12/site-packages/airflow/example_dags/example_task_group.py
[2026-06-13T17:15:22.326+0000] {processor.py:914} INFO - Processing file /home/airflow/.local/lib/python3.12/site-packages/airflow/example_dags/example_task_group.py for tasks to queue
[2026-06-13T17:15:22.329+0000] {logging_mixin.py:190} INFO - [2026-06-13T17:15:22.328+0000] {dagbag.py:588} INFO - Filling up the DagBag from /home/airflow/.local/lib/python3.12/site-packages/airflow/example_dags/example_task_group.py
[2026-06-13T17:15:22.337+0000] {processor.py:925} INFO - DAG(s) 'example_task_group' retrieved from /home/airflow/.local/lib/python3.12/site-packages/airflow/example_dags/example_task_group.py
[2026-06-13T17:15:22.355+0000] {logging_mixin.py:190} INFO - [2026-06-13T17:15:22.355+0000] {dag.py:3239} INFO - Sync 1 DAGs
[2026-06-13T17:15:22.365+0000] {logging_mixin.py:190} INFO - [2026-06-13T17:15:22.365+0000] {dag.py:4180} INFO - Setting next_dagrun for example_task_group to None, run_after=None
[2026-06-13T17:15:22.382+0000] {processor.py:208} INFO - Processing /home/airflow/.local/lib/python3.12/site-packages/airflow/example_dags/example_task_group.py took 0.062 seconds
[2026-06-13T17:15:52.891+0000] {processor.py:186} INFO - Started process (PID=3060) to work on /home/airflow/.local/lib/python3.12/site-packages/airflow/example_dags/example_task_group.py
[2026-06-13T17:15:52.893+0000] {processor.py:914} INFO - Processing file /home/airflow/.local/lib/python3.12/site-packages/airflow/example_dags/example_task_group.py for tasks to queue
[2026-06-13T17:15:52.895+0000] {logging_mixin.py:190} INFO - [2026-06-13T17:15:52.895+0000] {dagbag.py:588} INFO - Filling up the DagBag from /home/airflow/.local/lib/python3.12/site-packages/airflow/example_dags/example_task_group.py
[2026-06-13T17:15:52.903+0000] {processor.py:925} INFO - DAG(s) 'example_task_group' retrieved from /home/airflow/.local/lib/python3.12/site-packages/airflow/example_dags/example_task_group.py
[2026-06-13T17:15:52.923+0000] {logging_mixin.py:190} INFO - [2026-06-13T17:15:52.923+0000] {dag.py:3239} INFO - Sync 1 DAGs
[2026-06-13T17:15:52.935+0000] {logging_mixin.py:190} INFO - [2026-06-13T17:15:52.935+0000] {dag.py:4180} INFO - Setting next_dagrun for example_task_group to None, run_after=None
[2026-06-13T17:15:52.953+0000] {processor.py:208} INFO - Processing /home/airflow/.local/lib/python3.12/site-packages/airflow/example_dags/example_task_group.py took 0.067 seconds
[2026-06-13T17:16:23.468+0000] {processor.py:186} INFO - Started process (PID=3122) to work on /home/airflow/.local/lib/python3.12/site-packages/airflow/example_dags/example_task_group.py
[2026-06-13T17:16:23.469+0000] {processor.py:914} INFO - Processing file /home/airflow/.local/lib/python3.12/site-packages/airflow/example_dags/example_task_group.py for tasks to queue
[2026-06-13T17:16:23.472+0000] {logging_mixin.py:190} INFO - [2026-06-13T17:16:23.472+0000] {dagbag.py:588} INFO - Filling up the DagBag from /home/airflow/.local/lib/python3.12/site-packages/airflow/example_dags/example_task_group.py
[2026-06-13T17:16:23.479+0000] {processor.py:925} INFO - DAG(s) 'example_task_group' retrieved from /home/airflow/.local/lib/python3.12/site-packages/airflow/example_dags/example_task_group.py
[2026-06-13T17:16:23.495+0000] {logging_mixin.py:190} INFO - [2026-06-13T17:16:23.495+0000] {dag.py:3239} INFO - Sync 1 DAGs
[2026-06-13T17:16:23.507+0000] {logging_mixin.py:190} INFO - [2026-06-13T17:16:23.506+0000] {dag.py:4180} INFO - Setting next_dagrun for example_task_group to None, run_after=None
[2026-06-13T17:16:23.523+0000] {processor.py:208} INFO - Processing /home/airflow/.local/lib/python3.12/site-packages/airflow/example_dags/example_task_group.py took 0.060 seconds
[2026-06-13T17:16:53.783+0000] {processor.py:186} INFO - Started process (PID=3184) to work on /home/airflow/.local/lib/python3.12/site-packages/airflow/example_dags/example_task_group.py
[2026-06-13T17:16:53.785+0000] {processor.py:914} INFO - Processing file /home/airflow/.local/lib/python3.12/site-packages/airflow/example_dags/example_task_group.py for tasks to queue
[2026-06-13T17:16:53.788+0000] {logging_mixin.py:190} INFO - [2026-06-13T17:16:53.788+0000] {dagbag.py:588} INFO - Filling up the DagBag from /home/airflow/.local/lib/python3.12/site-packages/airflow/example_dags/example_task_group.py
[2026-06-13T17:16:53.796+0000] {processor.py:925} INFO - DAG(s) 'example_task_group' retrieved from /home/airflow/.local/lib/python3.12/site-packages/airflow/example_dags/example_task_group.py
[2026-06-13T17:16:53.815+0000] {logging_mixin.py:190} INFO - [2026-06-13T17:16:53.815+0000] {dag.py:3239} INFO - Sync 1 DAGs
[2026-06-13T17:16:53.826+0000] {logging_mixin.py:190} INFO - [2026-06-13T17:16:53.825+0000] {dag.py:4180} INFO - Setting next_dagrun for example_task_group to None, run_after=None
[2026-06-13T17:16:53.842+0000] {processor.py:208} INFO - Processing /home/airflow/.local/lib/python3.12/site-packages/airflow/example_dags/example_task_group.py took 0.063 seconds
[2026-06-13T17:17:24.165+0000] {processor.py:186} INFO - Started process (PID=3246) to work on /home/airflow/.local/lib/python3.12/site-packages/airflow/example_dags/example_task_group.py
[2026-06-13T17:17:24.166+0000] {processor.py:914} INFO - Processing file /home/airflow/.local/lib/python3.12/site-packages/airflow/example_dags/example_task_group.py for tasks to queue
[2026-06-13T17:17:24.169+0000] {logging_mixin.py:190} INFO - [2026-06-13T17:17:24.168+0000] {dagbag.py:588} INFO - Filling up the DagBag from /home/airflow/.local/lib/python3.12/site-packages/airflow/example_dags/example_task_group.py
[2026-06-13T17:17:24.176+0000] {processor.py:925} INFO - DAG(s) 'example_task_group' retrieved from /home/airflow/.local/lib/python3.12/site-packages/airflow/example_dags/example_task_group.py
[2026-06-13T17:17:24.193+0000] {logging_mixin.py:190} INFO - [2026-06-13T17:17:24.193+0000] {dag.py:3239} INFO - Sync 1 DAGs
[2026-06-13T17:17:24.204+0000] {logging_mixin.py:190} INFO - [2026-06-13T17:17:24.204+0000] {dag.py:4180} INFO - Setting next_dagrun for example_task_group to None, run_after=None
[2026-06-13T17:17:24.220+0000] {processor.py:208} INFO - Processing /home/airflow/.local/lib/python3.12/site-packages/airflow/example_dags/example_task_group.py took 0.059 seconds
[2026-06-13T17:17:54.516+0000] {processor.py:186} INFO - Started process (PID=3308) to work on /home/airflow/.local/lib/python3.12/site-packages/airflow/example_dags/example_task_group.py
[2026-06-13T17:17:54.517+0000] {processor.py:914} INFO - Processing file /home/airflow/.local/lib/python3.12/site-packages/airflow/example_dags/example_task_group.py for tasks to queue
[2026-06-13T17:17:54.521+0000] {logging_mixin.py:190} INFO - [2026-06-13T17:17:54.521+0000] {dagbag.py:588} INFO - Filling up the DagBag from /home/airflow/.local/lib/python3.12/site-packages/airflow/example_dags/example_task_group.py
[2026-06-13T17:17:54.532+0000] {processor.py:925} INFO - DAG(s) 'example_task_group' retrieved from /home/airflow/.local/lib/python3.12/site-packages/airflow/example_dags/example_task_group.py
[2026-06-13T17:17:54.556+0000] {logging_mixin.py:190} INFO - [2026-06-13T17:17:54.556+0000] {dag.py:3239} INFO - Sync 1 DAGs
[2026-06-13T17:17:54.572+0000] {logging_mixin.py:190} INFO - [2026-06-13T17:17:54.572+0000] {dag.py:4180} INFO - Setting next_dagrun for example_task_group to None, run_after=None
[2026-06-13T17:17:54.596+0000] {processor.py:208} INFO - Processing /home/airflow/.local/lib/python3.12/site-packages/airflow/example_dags/example_task_group.py took 0.086 seconds
[2026-06-13T17:18:25.077+0000] {processor.py:186} INFO - Started process (PID=3370) to work on /home/airflow/.local/lib/python3.12/site-packages/airflow/example_dags/example_task_group.py
[2026-06-13T17:18:25.079+0000] {processor.py:914} INFO - Processing file /home/airflow/.local/lib/python3.12/site-packages/airflow/example_dags/example_task_group.py for tasks to queue
[2026-06-13T17:18:25.081+0000] {logging_mixin.py:190} INFO - [2026-06-13T17:18:25.081+0000] {dagbag.py:588} INFO - Filling up the DagBag from /home/airflow/.local/lib/python3.12/site-packages/airflow/example_dags/example_task_group.py
[2026-06-13T17:18:25.088+0000] {processor.py:925} INFO - DAG(s) 'example_task_group' retrieved from /home/airflow/.local/lib/python3.12/site-packages/airflow/example_dags/example_task_group.py
[2026-06-13T17:18:25.106+0000] {logging_mixin.py:190} INFO - [2026-06-13T17:18:25.105+0000] {dag.py:3239} INFO - Sync 1 DAGs
[2026-06-13T17:18:25.117+0000] {logging_mixin.py:190} INFO - [2026-06-13T17:18:25.117+0000] {dag.py:4180} INFO - Setting next_dagrun for example_task_group to None, run_after=None
[2026-06-13T17:18:25.135+0000] {processor.py:208} INFO - Processing /home/airflow/.local/lib/python3.12/site-packages/airflow/example_dags/example_task_group.py took 0.062 seconds
[2026-06-13T17:18:55.724+0000] {processor.py:186} INFO - Started process (PID=3432) to work on /home/airflow/.local/lib/python3.12/site-packages/airflow/example_dags/example_task_group.py
[2026-06-13T17:18:55.725+0000] {processor.py:914} INFO - Processing file /home/airflow/.local/lib/python3.12/site-packages/airflow/example_dags/example_task_group.py for tasks to queue
[2026-06-13T17:18:55.729+0000] {logging_mixin.py:190} INFO - [2026-06-13T17:18:55.729+0000] {dagbag.py:588} INFO - Filling up the DagBag from /home/airflow/.local/lib/python3.12/site-packages/airflow/example_dags/example_task_group.py
[2026-06-13T17:18:55.739+0000] {processor.py:925} INFO - DAG(s) 'example_task_group' retrieved from /home/airflow/.local/lib/python3.12/site-packages/airflow/example_dags/example_task_group.py
[2026-06-13T17:18:55.769+0000] {logging_mixin.py:190} INFO - [2026-06-13T17:18:55.769+0000] {dag.py:3239} INFO - Sync 1 DAGs
[2026-06-13T17:18:55.782+0000] {logging_mixin.py:190} INFO - [2026-06-13T17:18:55.782+0000] {dag.py:4180} INFO - Setting next_dagrun for example_task_group to None, run_after=None
[2026-06-13T17:18:55.801+0000] {processor.py:208} INFO - Processing /home/airflow/.local/lib/python3.12/site-packages/airflow/example_dags/example_task_group.py took 0.086 seconds
[2026-06-13T17:19:26.444+0000] {processor.py:186} INFO - Started process (PID=3494) to work on /home/airflow/.local/lib/python3.12/site-packages/airflow/example_dags/example_task_group.py
[2026-06-13T17:19:26.445+0000] {processor.py:914} INFO - Processing file /home/airflow/.local/lib/python3.12/site-packages/airflow/example_dags/example_task_group.py for tasks to queue
[2026-06-13T17:19:26.449+0000] {logging_mixin.py:190} INFO - [2026-06-13T17:19:26.448+0000] {dagbag.py:588} INFO - Filling up the DagBag from /home/airflow/.local/lib/python3.12/site-packages/airflow/example_dags/example_task_group.py
[2026-06-13T17:19:26.460+0000] {processor.py:925} INFO - DAG(s) 'example_task_group' retrieved from /home/airflow/.local/lib/python3.12/site-packages/airflow/example_dags/example_task_group.py
[2026-06-13T17:19:26.487+0000] {logging_mixin.py:190} INFO - [2026-06-13T17:19:26.487+0000] {dag.py:3239} INFO - Sync 1 DAGs
[2026-06-13T17:19:26.506+0000] {logging_mixin.py:190} INFO - [2026-06-13T17:19:26.506+0000] {dag.py:4180} INFO - Setting next_dagrun for example_task_group to None, run_after=None
[2026-06-13T17:19:26.530+0000] {processor.py:208} INFO - Processing /home/airflow/.local/lib/python3.12/site-packages/airflow/example_dags/example_task_group.py took 0.094 seconds
[2026-06-13T17:19:57.123+0000] {processor.py:186} INFO - Started process (PID=3556) to work on /home/airflow/.local/lib/python3.12/site-packages/airflow/example_dags/example_task_group.py
[2026-06-13T17:19:57.125+0000] {processor.py:914} INFO - Processing file /home/airflow/.local/lib/python3.12/site-packages/airflow/example_dags/example_task_group.py for tasks to queue
[2026-06-13T17:19:57.128+0000] {logging_mixin.py:190} INFO - [2026-06-13T17:19:57.128+0000] {dagbag.py:588} INFO - Filling up the DagBag from /home/airflow/.local/lib/python3.12/site-packages/airflow/example_dags/example_task_group.py
[2026-06-13T17:19:57.135+0000] {processor.py:925} INFO - DAG(s) 'example_task_group' retrieved from /home/airflow/.local/lib/python3.12/site-packages/airflow/example_dags/example_task_group.py
[2026-06-13T17:19:57.158+0000] {logging_mixin.py:190} INFO - [2026-06-13T17:19:57.157+0000] {dag.py:3239} INFO - Sync 1 DAGs
[2026-06-13T17:19:57.174+0000] {logging_mixin.py:190} INFO - [2026-06-13T17:19:57.173+0000] {dag.py:4180} INFO - Setting next_dagrun for example_task_group to None, run_after=None
[2026-06-13T17:19:57.197+0000] {processor.py:208} INFO - Processing /home/airflow/.local/lib/python3.12/site-packages/airflow/example_dags/example_task_group.py took 0.078 seconds
[2026-06-13T17:20:27.717+0000] {processor.py:186} INFO - Started process (PID=3618) to work on /home/airflow/.local/lib/python3.12/site-packages/airflow/example_dags/example_task_group.py
[2026-06-13T17:20:27.718+0000] {processor.py:914} INFO - Processing file /home/airflow/.local/lib/python3.12/site-packages/airflow/example_dags/example_task_group.py for tasks to queue
[2026-06-13T17:20:27.720+0000] {logging_mixin.py:190} INFO - [2026-06-13T17:20:27.720+0000] {dagbag.py:588} INFO - Filling up the DagBag from /home/airflow/.local/lib/python3.12/site-packages/airflow/example_dags/example_task_group.py
[2026-06-13T17:20:27.727+0000] {processor.py:925} INFO - DAG(s) 'example_task_group' retrieved from /home/airflow/.local/lib/python3.12/site-packages/airflow/example_dags/example_task_group.py
[2026-06-13T17:20:27.743+0000] {logging_mixin.py:190} INFO - [2026-06-13T17:20:27.743+0000] {dag.py:3239} INFO - Sync 1 DAGs
[2026-06-13T17:20:27.755+0000] {logging_mixin.py:190} INFO - [2026-06-13T17:20:27.754+0000] {dag.py:4180} INFO - Setting next_dagrun for example_task_group to None, run_after=None
[2026-06-13T17:20:27.773+0000] {processor.py:208} INFO - Processing /home/airflow/.local/lib/python3.12/site-packages/airflow/example_dags/example_task_group.py took 0.062 seconds
[2026-06-13T17:20:58.216+0000] {processor.py:186} INFO - Started process (PID=3680) to work on /home/airflow/.local/lib/python3.12/site-packages/airflow/example_dags/example_task_group.py
[2026-06-13T17:20:58.217+0000] {processor.py:914} INFO - Processing file /home/airflow/.local/lib/python3.12/site-packages/airflow/example_dags/example_task_group.py for tasks to queue
[2026-06-13T17:20:58.219+0000] {logging_mixin.py:190} INFO - [2026-06-13T17:20:58.219+0000] {dagbag.py:588} INFO - Filling up the DagBag from /home/airflow/.local/lib/python3.12/site-packages/airflow/example_dags/example_task_group.py
[2026-06-13T17:20:58.227+0000] {processor.py:925} INFO - DAG(s) 'example_task_group' retrieved from /home/airflow/.local/lib/python3.12/site-packages/airflow/example_dags/example_task_group.py
[2026-06-13T17:20:58.244+0000] {logging_mixin.py:190} INFO - [2026-06-13T17:20:58.244+0000] {dag.py:3239} INFO - Sync 1 DAGs
[2026-06-13T17:20:58.256+0000] {logging_mixin.py:190} INFO - [2026-06-13T17:20:58.256+0000] {dag.py:4180} INFO - Setting next_dagrun for example_task_group to None, run_after=None
[2026-06-13T17:20:58.272+0000] {processor.py:208} INFO - Processing /home/airflow/.local/lib/python3.12/site-packages/airflow/example_dags/example_task_group.py took 0.061 seconds
[2026-06-13T17:21:28.837+0000] {processor.py:186} INFO - Started process (PID=3742) to work on /home/airflow/.local/lib/python3.12/site-packages/airflow/example_dags/example_task_group.py
[2026-06-13T17:21:28.838+0000] {processor.py:914} INFO - Processing file /home/airflow/.local/lib/python3.12/site-packages/airflow/example_dags/example_task_group.py for tasks to queue
[2026-06-13T17:21:28.840+0000] {logging_mixin.py:190} INFO - [2026-06-13T17:21:28.840+0000] {dagbag.py:588} INFO - Filling up the DagBag from /home/airflow/.local/lib/python3.12/site-packages/airflow/example_dags/example_task_group.py
[2026-06-13T17:21:28.847+0000] {processor.py:925} INFO - DAG(s) 'example_task_group' retrieved from /home/airflow/.local/lib/python3.12/site-packages/airflow/example_dags/example_task_group.py
[2026-06-13T17:21:28.863+0000] {logging_mixin.py:190} INFO - [2026-06-13T17:21:28.863+0000] {dag.py:3239} INFO - Sync 1 DAGs
[2026-06-13T17:21:28.873+0000] {logging_mixin.py:190} INFO - [2026-06-13T17:21:28.873+0000] {dag.py:4180} INFO - Setting next_dagrun for example_task_group to None, run_after=None
[2026-06-13T17:21:28.887+0000] {processor.py:208} INFO - Processing /home/airflow/.local/lib/python3.12/site-packages/airflow/example_dags/example_task_group.py took 0.055 seconds
[2026-06-13T17:21:59.214+0000] {processor.py:186} INFO - Started process (PID=3804) to work on /home/airflow/.local/lib/python3.12/site-packages/airflow/example_dags/example_task_group.py
[2026-06-13T17:21:59.215+0000] {processor.py:914} INFO - Processing file /home/airflow/.local/lib/python3.12/site-packages/airflow/example_dags/example_task_group.py for tasks to queue
[2026-06-13T17:21:59.218+0000] {logging_mixin.py:190} INFO - [2026-06-13T17:21:59.217+0000] {dagbag.py:588} INFO - Filling up the DagBag from /home/airflow/.local/lib/python3.12/site-packages/airflow/example_dags/example_task_group.py
[2026-06-13T17:21:59.225+0000] {processor.py:925} INFO - DAG(s) 'example_task_group' retrieved from /home/airflow/.local/lib/python3.12/site-packages/airflow/example_dags/example_task_group.py
[2026-06-13T17:21:59.244+0000] {logging_mixin.py:190} INFO - [2026-06-13T17:21:59.243+0000] {dag.py:3239} INFO - Sync 1 DAGs
[2026-06-13T17:21:59.255+0000] {logging_mixin.py:190} INFO - [2026-06-13T17:21:59.254+0000] {dag.py:4180} INFO - Setting next_dagrun for example_task_group to None, run_after=None
[2026-06-13T17:21:59.269+0000] {processor.py:208} INFO - Processing /home/airflow/.local/lib/python3.12/site-packages/airflow/example_dags/example_task_group.py took 0.060 seconds
[2026-06-13T17:22:29.613+0000] {processor.py:186} INFO - Started process (PID=3866) to work on /home/airflow/.local/lib/python3.12/site-packages/airflow/example_dags/example_task_group.py
[2026-06-13T17:22:29.614+0000] {processor.py:914} INFO - Processing file /home/airflow/.local/lib/python3.12/site-packages/airflow/example_dags/example_task_group.py for tasks to queue
[2026-06-13T17:22:29.617+0000] {logging_mixin.py:190} INFO - [2026-06-13T17:22:29.616+0000] {dagbag.py:588} INFO - Filling up the DagBag from /home/airflow/.local/lib/python3.12/site-packages/airflow/example_dags/example_task_group.py
[2026-06-13T17:22:29.624+0000] {processor.py:925} INFO - DAG(s) 'example_task_group' retrieved from /home/airflow/.local/lib/python3.12/site-packages/airflow/example_dags/example_task_group.py
[2026-06-13T17:22:29.640+0000] {logging_mixin.py:190} INFO - [2026-06-13T17:22:29.640+0000] {dag.py:3239} INFO - Sync 1 DAGs
[2026-06-13T17:22:29.651+0000] {logging_mixin.py:190} INFO - [2026-06-13T17:22:29.650+0000] {dag.py:4180} INFO - Setting next_dagrun for example_task_group to None, run_after=None
[2026-06-13T17:22:29.666+0000] {processor.py:208} INFO - Processing /home/airflow/.local/lib/python3.12/site-packages/airflow/example_dags/example_task_group.py took 0.057 seconds
[2026-06-13T17:23:00.084+0000] {processor.py:186} INFO - Started process (PID=3928) to work on /home/airflow/.local/lib/python3.12/site-packages/airflow/example_dags/example_task_group.py
[2026-06-13T17:23:00.085+0000] {processor.py:914} INFO - Processing file /home/airflow/.local/lib/python3.12/site-packages/airflow/example_dags/example_task_group.py for tasks to queue
[2026-06-13T17:23:00.088+0000] {logging_mixin.py:190} INFO - [2026-06-13T17:23:00.088+0000] {dagbag.py:588} INFO - Filling up the DagBag from /home/airflow/.local/lib/python3.12/site-packages/airflow/example_dags/example_task_group.py
[2026-06-13T17:23:00.097+0000] {processor.py:925} INFO - DAG(s) 'example_task_group' retrieved from /home/airflow/.local/lib/python3.12/site-packages/airflow/example_dags/example_task_group.py
[2026-06-13T17:23:00.117+0000] {logging_mixin.py:190} INFO - [2026-06-13T17:23:00.116+0000] {dag.py:3239} INFO - Sync 1 DAGs
[2026-06-13T17:23:00.131+0000] {logging_mixin.py:190} INFO - [2026-06-13T17:23:00.131+0000] {dag.py:4180} INFO - Setting next_dagrun for example_task_group to None, run_after=None
[2026-06-13T17:23:00.158+0000] {processor.py:208} INFO - Processing /home/airflow/.local/lib/python3.12/site-packages/airflow/example_dags/example_task_group.py took 0.079 seconds
[2026-06-13T17:23:30.695+0000] {processor.py:186} INFO - Started process (PID=3990) to work on /home/airflow/.local/lib/python3.12/site-packages/airflow/example_dags/example_task_group.py
[2026-06-13T17:23:30.696+0000] {processor.py:914} INFO - Processing file /home/airflow/.local/lib/python3.12/site-packages/airflow/example_dags/example_task_group.py for tasks to queue
[2026-06-13T17:23:30.699+0000] {logging_mixin.py:190} INFO - [2026-06-13T17:23:30.699+0000] {dagbag.py:588} INFO - Filling up the DagBag from /home/airflow/.local/lib/python3.12/site-packages/airflow/example_dags/example_task_group.py
[2026-06-13T17:23:30.706+0000] {processor.py:925} INFO - DAG(s) 'example_task_group' retrieved from /home/airflow/.local/lib/python3.12/site-packages/airflow/example_dags/example_task_group.py
[2026-06-13T17:23:30.726+0000] {logging_mixin.py:190} INFO - [2026-06-13T17:23:30.726+0000] {dag.py:3239} INFO - Sync 1 DAGs
[2026-06-13T17:23:30.737+0000] {logging_mixin.py:190} INFO - [2026-06-13T17:23:30.737+0000] {dag.py:4180} INFO - Setting next_dagrun for example_task_group to None, run_after=None
[2026-06-13T17:23:30.754+0000] {processor.py:208} INFO - Processing /home/airflow/.local/lib/python3.12/site-packages/airflow/example_dags/example_task_group.py took 0.064 seconds
[2026-06-13T17:24:01.054+0000] {processor.py:186} INFO - Started process (PID=4053) to work on /home/airflow/.local/lib/python3.12/site-packages/airflow/example_dags/example_task_group.py
[2026-06-13T17:24:01.055+0000] {processor.py:914} INFO - Processing file /home/airflow/.local/lib/python3.12/site-packages/airflow/example_dags/example_task_group.py for tasks to queue
[2026-06-13T17:24:01.058+0000] {logging_mixin.py:190} INFO - [2026-06-13T17:24:01.057+0000] {dagbag.py:588} INFO - Filling up the DagBag from /home/airflow/.local/lib/python3.12/site-packages/airflow/example_dags/example_task_group.py
[2026-06-13T17:24:01.065+0000] {processor.py:925} INFO - DAG(s) 'example_task_group' retrieved from /home/airflow/.local/lib/python3.12/site-packages/airflow/example_dags/example_task_group.py
[2026-06-13T17:24:01.083+0000] {logging_mixin.py:190} INFO - [2026-06-13T17:24:01.082+0000] {dag.py:3239} INFO - Sync 1 DAGs
[2026-06-13T17:24:01.095+0000] {logging_mixin.py:190} INFO - [2026-06-13T17:24:01.095+0000] {dag.py:4180} INFO - Setting next_dagrun for example_task_group to None, run_after=None
[2026-06-13T17:24:01.115+0000] {processor.py:208} INFO - Processing /home/airflow/.local/lib/python3.12/site-packages/airflow/example_dags/example_task_group.py took 0.066 seconds
[2026-06-13T17:24:31.465+0000] {processor.py:186} INFO - Started process (PID=4115) to work on /home/airflow/.local/lib/python3.12/site-packages/airflow/example_dags/example_task_group.py
[2026-06-13T17:24:31.467+0000] {processor.py:914} INFO - Processing file /home/airflow/.local/lib/python3.12/site-packages/airflow/example_dags/example_task_group.py for tasks to queue
[2026-06-13T17:24:31.469+0000] {logging_mixin.py:190} INFO - [2026-06-13T17:24:31.469+0000] {dagbag.py:588} INFO - Filling up the DagBag from /home/airflow/.local/lib/python3.12/site-packages/airflow/example_dags/example_task_group.py
[2026-06-13T17:24:31.476+0000] {processor.py:925} INFO - DAG(s) 'example_task_group' retrieved from /home/airflow/.local/lib/python3.12/site-packages/airflow/example_dags/example_task_group.py
[2026-06-13T17:24:31.492+0000] {logging_mixin.py:190} INFO - [2026-06-13T17:24:31.492+0000] {dag.py:3239} INFO - Sync 1 DAGs
[2026-06-13T17:24:31.502+0000] {logging_mixin.py:190} INFO - [2026-06-13T17:24:31.502+0000] {dag.py:4180} INFO - Setting next_dagrun for example_task_group to None, run_after=None
[2026-06-13T17:24:31.520+0000] {processor.py:208} INFO - Processing /home/airflow/.local/lib/python3.12/site-packages/airflow/example_dags/example_task_group.py took 0.059 seconds
[2026-06-13T17:25:01.619+0000] {processor.py:186} INFO - Started process (PID=4177) to work on /home/airflow/.local/lib/python3.12/site-packages/airflow/example_dags/example_task_group.py
[2026-06-13T17:25:01.621+0000] {processor.py:914} INFO - Processing file /home/airflow/.local/lib/python3.12/site-packages/airflow/example_dags/example_task_group.py for tasks to queue
[2026-06-13T17:25:01.624+0000] {logging_mixin.py:190} INFO - [2026-06-13T17:25:01.624+0000] {dagbag.py:588} INFO - Filling up the DagBag from /home/airflow/.local/lib/python3.12/site-packages/airflow/example_dags/example_task_group.py
[2026-06-13T17:25:01.632+0000] {processor.py:925} INFO - DAG(s) 'example_task_group' retrieved from /home/airflow/.local/lib/python3.12/site-packages/airflow/example_dags/example_task_group.py
[2026-06-13T17:25:01.651+0000] {logging_mixin.py:190} INFO - [2026-06-13T17:25:01.651+0000] {dag.py:3239} INFO - Sync 1 DAGs
[2026-06-13T17:25:01.662+0000] {logging_mixin.py:190} INFO - [2026-06-13T17:25:01.662+0000] {dag.py:4180} INFO - Setting next_dagrun for example_task_group to None, run_after=None
[2026-06-13T17:25:01.677+0000] {processor.py:208} INFO - Processing /home/airflow/.local/lib/python3.12/site-packages/airflow/example_dags/example_task_group.py took 0.062 seconds
[2026-06-13T17:25:31.862+0000] {processor.py:186} INFO - Started process (PID=4239) to work on /home/airflow/.local/lib/python3.12/site-packages/airflow/example_dags/example_task_group.py
[2026-06-13T17:25:31.863+0000] {processor.py:914} INFO - Processing file /home/airflow/.local/lib/python3.12/site-packages/airflow/example_dags/example_task_group.py for tasks to queue
[2026-06-13T17:25:31.865+0000] {logging_mixin.py:190} INFO - [2026-06-13T17:25:31.865+0000] {dagbag.py:588} INFO - Filling up the DagBag from /home/airflow/.local/lib/python3.12/site-packages/airflow/example_dags/example_task_group.py
[2026-06-13T17:25:31.872+0000] {processor.py:925} INFO - DAG(s) 'example_task_group' retrieved from /home/airflow/.local/lib/python3.12/site-packages/airflow/example_dags/example_task_group.py
[2026-06-13T17:25:31.889+0000] {logging_mixin.py:190} INFO - [2026-06-13T17:25:31.889+0000] {dag.py:3239} INFO - Sync 1 DAGs
[2026-06-13T17:25:31.900+0000] {logging_mixin.py:190} INFO - [2026-06-13T17:25:31.900+0000] {dag.py:4180} INFO - Setting next_dagrun for example_task_group to None, run_after=None
[2026-06-13T17:25:31.917+0000] {processor.py:208} INFO - Processing /home/airflow/.local/lib/python3.12/site-packages/airflow/example_dags/example_task_group.py took 0.060 seconds
[2026-06-13T17:26:02.173+0000] {processor.py:186} INFO - Started process (PID=4301) to work on /home/airflow/.local/lib/python3.12/site-packages/airflow/example_dags/example_task_group.py
[2026-06-13T17:26:02.174+0000] {processor.py:914} INFO - Processing file /home/airflow/.local/lib/python3.12/site-packages/airflow/example_dags/example_task_group.py for tasks to queue
[2026-06-13T17:26:02.176+0000] {logging_mixin.py:190} INFO - [2026-06-13T17:26:02.176+0000] {dagbag.py:588} INFO - Filling up the DagBag from /home/airflow/.local/lib/python3.12/site-packages/airflow/example_dags/example_task_group.py
[2026-06-13T17:26:02.183+0000] {processor.py:925} INFO - DAG(s) 'example_task_group' retrieved from /home/airflow/.local/lib/python3.12/site-packages/airflow/example_dags/example_task_group.py
[2026-06-13T17:26:02.199+0000] {logging_mixin.py:190} INFO - [2026-06-13T17:26:02.199+0000] {dag.py:3239} INFO - Sync 1 DAGs
[2026-06-13T17:26:02.211+0000] {logging_mixin.py:190} INFO - [2026-06-13T17:26:02.210+0000] {dag.py:4180} INFO - Setting next_dagrun for example_task_group to None, run_after=None
[2026-06-13T17:26:02.226+0000] {processor.py:208} INFO - Processing /home/airflow/.local/lib/python3.12/site-packages/airflow/example_dags/example_task_group.py took 0.058 seconds
[2026-06-13T17:26:32.513+0000] {processor.py:186} INFO - Started process (PID=4363) to work on /home/airflow/.local/lib/python3.12/site-packages/airflow/example_dags/example_task_group.py
[2026-06-13T17:26:32.514+0000] {processor.py:914} INFO - Processing file /home/airflow/.local/lib/python3.12/site-packages/airflow/example_dags/example_task_group.py for tasks to queue
[2026-06-13T17:26:32.517+0000] {logging_mixin.py:190} INFO - [2026-06-13T17:26:32.516+0000] {dagbag.py:588} INFO - Filling up the DagBag from /home/airflow/.local/lib/python3.12/site-packages/airflow/example_dags/example_task_group.py
[2026-06-13T17:26:32.524+0000] {processor.py:925} INFO - DAG(s) 'example_task_group' retrieved from /home/airflow/.local/lib/python3.12/site-packages/airflow/example_dags/example_task_group.py
[2026-06-13T17:26:32.541+0000] {logging_mixin.py:190} INFO - [2026-06-13T17:26:32.541+0000] {dag.py:3239} INFO - Sync 1 DAGs
[2026-06-13T17:26:32.552+0000] {logging_mixin.py:190} INFO - [2026-06-13T17:26:32.552+0000] {dag.py:4180} INFO - Setting next_dagrun for example_task_group to None, run_after=None
[2026-06-13T17:26:32.571+0000] {processor.py:208} INFO - Processing /home/airflow/.local/lib/python3.12/site-packages/airflow/example_dags/example_task_group.py took 0.062 seconds
[2026-06-13T17:27:03.060+0000] {processor.py:186} INFO - Started process (PID=4425) to work on /home/airflow/.local/lib/python3.12/site-packages/airflow/example_dags/example_task_group.py
[2026-06-13T17:27:03.061+0000] {processor.py:914} INFO - Processing file /home/airflow/.local/lib/python3.12/site-packages/airflow/example_dags/example_task_group.py for tasks to queue
[2026-06-13T17:27:03.064+0000] {logging_mixin.py:190} INFO - [2026-06-13T17:27:03.064+0000] {dagbag.py:588} INFO - Filling up the DagBag from /home/airflow/.local/lib/python3.12/site-packages/airflow/example_dags/example_task_group.py
[2026-06-13T17:27:03.071+0000] {processor.py:925} INFO - DAG(s) 'example_task_group' retrieved from /home/airflow/.local/lib/python3.12/site-packages/airflow/example_dags/example_task_group.py
[2026-06-13T17:27:03.088+0000] {logging_mixin.py:190} INFO - [2026-06-13T17:27:03.088+0000] {dag.py:3239} INFO - Sync 1 DAGs
[2026-06-13T17:27:03.099+0000] {logging_mixin.py:190} INFO - [2026-06-13T17:27:03.099+0000] {dag.py:4180} INFO - Setting next_dagrun for example_task_group to None, run_after=None
[2026-06-13T17:27:03.116+0000] {processor.py:208} INFO - Processing /home/airflow/.local/lib/python3.12/site-packages/airflow/example_dags/example_task_group.py took 0.061 seconds
[2026-06-13T17:27:33.397+0000] {processor.py:186} INFO - Started process (PID=4487) to work on /home/airflow/.local/lib/python3.12/site-packages/airflow/example_dags/example_task_group.py
[2026-06-13T17:27:33.398+0000] {processor.py:914} INFO - Processing file /home/airflow/.local/lib/python3.12/site-packages/airflow/example_dags/example_task_group.py for tasks to queue
[2026-06-13T17:27:33.401+0000] {logging_mixin.py:190} INFO - [2026-06-13T17:27:33.400+0000] {dagbag.py:588} INFO - Filling up the DagBag from /home/airflow/.local/lib/python3.12/site-packages/airflow/example_dags/example_task_group.py
[2026-06-13T17:27:33.408+0000] {processor.py:925} INFO - DAG(s) 'example_task_group' retrieved from /home/airflow/.local/lib/python3.12/site-packages/airflow/example_dags/example_task_group.py
[2026-06-13T17:27:33.424+0000] {logging_mixin.py:190} INFO - [2026-06-13T17:27:33.424+0000] {dag.py:3239} INFO - Sync 1 DAGs
[2026-06-13T17:27:33.435+0000] {logging_mixin.py:190} INFO - [2026-06-13T17:27:33.435+0000] {dag.py:4180} INFO - Setting next_dagrun for example_task_group to None, run_after=None
[2026-06-13T17:27:33.450+0000] {processor.py:208} INFO - Processing /home/airflow/.local/lib/python3.12/site-packages/airflow/example_dags/example_task_group.py took 0.057 seconds
[2026-06-13T17:28:03.841+0000] {processor.py:186} INFO - Started process (PID=4549) to work on /home/airflow/.local/lib/python3.12/site-packages/airflow/example_dags/example_task_group.py
[2026-06-13T17:28:03.843+0000] {processor.py:914} INFO - Processing file /home/airflow/.local/lib/python3.12/site-packages/airflow/example_dags/example_task_group.py for tasks to queue
[2026-06-13T17:28:03.845+0000] {logging_mixin.py:190} INFO - [2026-06-13T17:28:03.845+0000] {dagbag.py:588} INFO - Filling up the DagBag from /home/airflow/.local/lib/python3.12/site-packages/airflow/example_dags/example_task_group.py
[2026-06-13T17:28:03.852+0000] {processor.py:925} INFO - DAG(s) 'example_task_group' retrieved from /home/airflow/.local/lib/python3.12/site-packages/airflow/example_dags/example_task_group.py
[2026-06-13T17:28:03.868+0000] {logging_mixin.py:190} INFO - [2026-06-13T17:28:03.868+0000] {dag.py:3239} INFO - Sync 1 DAGs
[2026-06-13T17:28:03.878+0000] {logging_mixin.py:190} INFO - [2026-06-13T17:28:03.878+0000] {dag.py:4180} INFO - Setting next_dagrun for example_task_group to None, run_after=None
[2026-06-13T17:28:03.895+0000] {processor.py:208} INFO - Processing /home/airflow/.local/lib/python3.12/site-packages/airflow/example_dags/example_task_group.py took 0.058 seconds
[2026-06-13T17:28:34.111+0000] {processor.py:186} INFO - Started process (PID=4611) to work on /home/airflow/.local/lib/python3.12/site-packages/airflow/example_dags/example_task_group.py
[2026-06-13T17:28:34.113+0000] {processor.py:914} INFO - Processing file /home/airflow/.local/lib/python3.12/site-packages/airflow/example_dags/example_task_group.py for tasks to queue
[2026-06-13T17:28:34.116+0000] {logging_mixin.py:190} INFO - [2026-06-13T17:28:34.116+0000] {dagbag.py:588} INFO - Filling up the DagBag from /home/airflow/.local/lib/python3.12/site-packages/airflow/example_dags/example_task_group.py
[2026-06-13T17:28:34.127+0000] {processor.py:925} INFO - DAG(s) 'example_task_group' retrieved from /home/airflow/.local/lib/python3.12/site-packages/airflow/example_dags/example_task_group.py
[2026-06-13T17:28:34.147+0000] {logging_mixin.py:190} INFO - [2026-06-13T17:28:34.147+0000] {dag.py:3239} INFO - Sync 1 DAGs
[2026-06-13T17:28:34.163+0000] {logging_mixin.py:190} INFO - [2026-06-13T17:28:34.163+0000] {dag.py:4180} INFO - Setting next_dagrun for example_task_group to None, run_after=None
[2026-06-13T17:28:34.183+0000] {processor.py:208} INFO - Processing /home/airflow/.local/lib/python3.12/site-packages/airflow/example_dags/example_task_group.py took 0.077 seconds
[2026-06-13T17:29:04.534+0000] {processor.py:186} INFO - Started process (PID=4673) to work on /home/airflow/.local/lib/python3.12/site-packages/airflow/example_dags/example_task_group.py
[2026-06-13T17:29:04.535+0000] {processor.py:914} INFO - Processing file /home/airflow/.local/lib/python3.12/site-packages/airflow/example_dags/example_task_group.py for tasks to queue
[2026-06-13T17:29:04.538+0000] {logging_mixin.py:190} INFO - [2026-06-13T17:29:04.538+0000] {dagbag.py:588} INFO - Filling up the DagBag from /home/airflow/.local/lib/python3.12/site-packages/airflow/example_dags/example_task_group.py
[2026-06-13T17:29:04.546+0000] {processor.py:925} INFO - DAG(s) 'example_task_group' retrieved from /home/airflow/.local/lib/python3.12/site-packages/airflow/example_dags/example_task_group.py
[2026-06-13T17:29:04.568+0000] {logging_mixin.py:190} INFO - [2026-06-13T17:29:04.567+0000] {dag.py:3239} INFO - Sync 1 DAGs
[2026-06-13T17:29:04.581+0000] {logging_mixin.py:190} INFO - [2026-06-13T17:29:04.580+0000] {dag.py:4180} INFO - Setting next_dagrun for example_task_group to None, run_after=None
[2026-06-13T17:29:04.600+0000] {processor.py:208} INFO - Processing /home/airflow/.local/lib/python3.12/site-packages/airflow/example_dags/example_task_group.py took 0.071 seconds
[2026-06-13T17:29:34.894+0000] {processor.py:186} INFO - Started process (PID=4735) to work on /home/airflow/.local/lib/python3.12/site-packages/airflow/example_dags/example_task_group.py
[2026-06-13T17:29:34.896+0000] {processor.py:914} INFO - Processing file /home/airflow/.local/lib/python3.12/site-packages/airflow/example_dags/example_task_group.py for tasks to queue
[2026-06-13T17:29:34.898+0000] {logging_mixin.py:190} INFO - [2026-06-13T17:29:34.897+0000] {dagbag.py:588} INFO - Filling up the DagBag from /home/airflow/.local/lib/python3.12/site-packages/airflow/example_dags/example_task_group.py
[2026-06-13T17:29:34.905+0000] {processor.py:925} INFO - DAG(s) 'example_task_group' retrieved from /home/airflow/.local/lib/python3.12/site-packages/airflow/example_dags/example_task_group.py
[2026-06-13T17:29:34.923+0000] {logging_mixin.py:190} INFO - [2026-06-13T17:29:34.923+0000] {dag.py:3239} INFO - Sync 1 DAGs
[2026-06-13T17:29:34.934+0000] {logging_mixin.py:190} INFO - [2026-06-13T17:29:34.934+0000] {dag.py:4180} INFO - Setting next_dagrun for example_task_group to None, run_after=None
[2026-06-13T17:29:34.950+0000] {processor.py:208} INFO - Processing /home/airflow/.local/lib/python3.12/site-packages/airflow/example_dags/example_task_group.py took 0.060 seconds
[2026-06-13T17:30:05.165+0000] {processor.py:186} INFO - Started process (PID=4797) to work on /home/airflow/.local/lib/python3.12/site-packages/airflow/example_dags/example_task_group.py
[2026-06-13T17:30:05.166+0000] {processor.py:914} INFO - Processing file /home/airflow/.local/lib/python3.12/site-packages/airflow/example_dags/example_task_group.py for tasks to queue
[2026-06-13T17:30:05.168+0000] {logging_mixin.py:190} INFO - [2026-06-13T17:30:05.168+0000] {dagbag.py:588} INFO - Filling up the DagBag from /home/airflow/.local/lib/python3.12/site-packages/airflow/example_dags/example_task_group.py
[2026-06-13T17:30:05.176+0000] {processor.py:925} INFO - DAG(s) 'example_task_group' retrieved from /home/airflow/.local/lib/python3.12/site-packages/airflow/example_dags/example_task_group.py
[2026-06-13T17:30:05.194+0000] {logging_mixin.py:190} INFO - [2026-06-13T17:30:05.194+0000] {dag.py:3239} INFO - Sync 1 DAGs
[2026-06-13T17:30:05.208+0000] {logging_mixin.py:190} INFO - [2026-06-13T17:30:05.207+0000] {dag.py:4180} INFO - Setting next_dagrun for example_task_group to None, run_after=None
[2026-06-13T17:30:05.229+0000] {processor.py:208} INFO - Processing /home/airflow/.local/lib/python3.12/site-packages/airflow/example_dags/example_task_group.py took 0.070 seconds
[2026-06-13T17:30:35.554+0000] {processor.py:186} INFO - Started process (PID=4859) to work on /home/airflow/.local/lib/python3.12/site-packages/airflow/example_dags/example_task_group.py
[2026-06-13T17:30:35.556+0000] {processor.py:914} INFO - Processing file /home/airflow/.local/lib/python3.12/site-packages/airflow/example_dags/example_task_group.py for tasks to queue
[2026-06-13T17:30:35.558+0000] {logging_mixin.py:190} INFO - [2026-06-13T17:30:35.558+0000] {dagbag.py:588} INFO - Filling up the DagBag from /home/airflow/.local/lib/python3.12/site-packages/airflow/example_dags/example_task_group.py
[2026-06-13T17:30:35.565+0000] {processor.py:925} INFO - DAG(s) 'example_task_group' retrieved from /home/airflow/.local/lib/python3.12/site-packages/airflow/example_dags/example_task_group.py
[2026-06-13T17:30:35.581+0000] {logging_mixin.py:190} INFO - [2026-06-13T17:30:35.581+0000] {dag.py:3239} INFO - Sync 1 DAGs
[2026-06-13T17:30:35.591+0000] {logging_mixin.py:190} INFO - [2026-06-13T17:30:35.591+0000] {dag.py:4180} INFO - Setting next_dagrun for example_task_group to None, run_after=None
[2026-06-13T17:30:35.609+0000] {processor.py:208} INFO - Processing /home/airflow/.local/lib/python3.12/site-packages/airflow/example_dags/example_task_group.py took 0.060 seconds
[2026-06-13T17:31:05.968+0000] {processor.py:186} INFO - Started process (PID=4922) to work on /home/airflow/.local/lib/python3.12/site-packages/airflow/example_dags/example_task_group.py
[2026-06-13T17:31:05.969+0000] {processor.py:914} INFO - Processing file /home/airflow/.local/lib/python3.12/site-packages/airflow/example_dags/example_task_group.py for tasks to queue
[2026-06-13T17:31:05.972+0000] {logging_mixin.py:190} INFO - [2026-06-13T17:31:05.972+0000] {dagbag.py:588} INFO - Filling up the DagBag from /home/airflow/.local/lib/python3.12/site-packages/airflow/example_dags/example_task_group.py
[2026-06-13T17:31:05.979+0000] {processor.py:925} INFO - DAG(s) 'example_task_group' retrieved from /home/airflow/.local/lib/python3.12/site-packages/airflow/example_dags/example_task_group.py
[2026-06-13T17:31:05.996+0000] {logging_mixin.py:190} INFO - [2026-06-13T17:31:05.996+0000] {dag.py:3239} INFO - Sync 1 DAGs
[2026-06-13T17:31:06.008+0000] {logging_mixin.py:190} INFO - [2026-06-13T17:31:06.008+0000] {dag.py:4180} INFO - Setting next_dagrun for example_task_group to None, run_after=None
[2026-06-13T17:31:06.023+0000] {processor.py:208} INFO - Processing /home/airflow/.local/lib/python3.12/site-packages/airflow/example_dags/example_task_group.py took 0.060 seconds
[2026-06-13T17:31:36.469+0000] {processor.py:186} INFO - Started process (PID=4984) to work on /home/airflow/.local/lib/python3.12/site-packages/airflow/example_dags/example_task_group.py
[2026-06-13T17:31:36.470+0000] {processor.py:914} INFO - Processing file /home/airflow/.local/lib/python3.12/site-packages/airflow/example_dags/example_task_group.py for tasks to queue
[2026-06-13T17:31:36.473+0000] {logging_mixin.py:190} INFO - [2026-06-13T17:31:36.472+0000] {dagbag.py:588} INFO - Filling up the DagBag from /home/airflow/.local/lib/python3.12/site-packages/airflow/example_dags/example_task_group.py
[2026-06-13T17:31:36.479+0000] {processor.py:925} INFO - DAG(s) 'example_task_group' retrieved from /home/airflow/.local/lib/python3.12/site-packages/airflow/example_dags/example_task_group.py
[2026-06-13T17:31:36.498+0000] {logging_mixin.py:190} INFO - [2026-06-13T17:31:36.497+0000] {dag.py:3239} INFO - Sync 1 DAGs
[2026-06-13T17:31:36.515+0000] {logging_mixin.py:190} INFO - [2026-06-13T17:31:36.515+0000] {dag.py:4180} INFO - Setting next_dagrun for example_task_group to None, run_after=None
[2026-06-13T17:31:36.539+0000] {processor.py:208} INFO - Processing /home/airflow/.local/lib/python3.12/site-packages/airflow/example_dags/example_task_group.py took 0.074 seconds
[2026-06-13T17:32:06.807+0000] {processor.py:186} INFO - Started process (PID=5052) to work on /home/airflow/.local/lib/python3.12/site-packages/airflow/example_dags/example_task_group.py
[2026-06-13T17:32:06.808+0000] {processor.py:914} INFO - Processing file /home/airflow/.local/lib/python3.12/site-packages/airflow/example_dags/example_task_group.py for tasks to queue
[2026-06-13T17:32:06.810+0000] {logging_mixin.py:190} INFO - [2026-06-13T17:32:06.809+0000] {dagbag.py:588} INFO - Filling up the DagBag from /home/airflow/.local/lib/python3.12/site-packages/airflow/example_dags/example_task_group.py
[2026-06-13T17:32:06.817+0000] {processor.py:925} INFO - DAG(s) 'example_task_group' retrieved from /home/airflow/.local/lib/python3.12/site-packages/airflow/example_dags/example_task_group.py
[2026-06-13T17:32:06.834+0000] {logging_mixin.py:190} INFO - [2026-06-13T17:32:06.834+0000] {dag.py:3239} INFO - Sync 1 DAGs
[2026-06-13T17:32:06.845+0000] {logging_mixin.py:190} INFO - [2026-06-13T17:32:06.845+0000] {dag.py:4180} INFO - Setting next_dagrun for example_task_group to None, run_after=None
[2026-06-13T17:32:06.862+0000] {processor.py:208} INFO - Processing /home/airflow/.local/lib/python3.12/site-packages/airflow/example_dags/example_task_group.py took 0.060 seconds
[2026-06-13T17:32:37.196+0000] {processor.py:186} INFO - Started process (PID=5114) to work on /home/airflow/.local/lib/python3.12/site-packages/airflow/example_dags/example_task_group.py
[2026-06-13T17:32:37.198+0000] {processor.py:914} INFO - Processing file /home/airflow/.local/lib/python3.12/site-packages/airflow/example_dags/example_task_group.py for tasks to queue
[2026-06-13T17:32:37.200+0000] {logging_mixin.py:190} INFO - [2026-06-13T17:32:37.199+0000] {dagbag.py:588} INFO - Filling up the DagBag from /home/airflow/.local/lib/python3.12/site-packages/airflow/example_dags/example_task_group.py
[2026-06-13T17:32:37.207+0000] {processor.py:925} INFO - DAG(s) 'example_task_group' retrieved from /home/airflow/.local/lib/python3.12/site-packages/airflow/example_dags/example_task_group.py
[2026-06-13T17:32:37.224+0000] {logging_mixin.py:190} INFO - [2026-06-13T17:32:37.224+0000] {dag.py:3239} INFO - Sync 1 DAGs
[2026-06-13T17:32:37.234+0000] {logging_mixin.py:190} INFO - [2026-06-13T17:32:37.234+0000] {dag.py:4180} INFO - Setting next_dagrun for example_task_group to None, run_after=None
[2026-06-13T17:32:37.252+0000] {processor.py:208} INFO - Processing /home/airflow/.local/lib/python3.12/site-packages/airflow/example_dags/example_task_group.py took 0.061 seconds
[2026-06-13T17:33:07.558+0000] {processor.py:186} INFO - Started process (PID=5176) to work on /home/airflow/.local/lib/python3.12/site-packages/airflow/example_dags/example_task_group.py
[2026-06-13T17:33:07.559+0000] {processor.py:914} INFO - Processing file /home/airflow/.local/lib/python3.12/site-packages/airflow/example_dags/example_task_group.py for tasks to queue
[2026-06-13T17:33:07.562+0000] {logging_mixin.py:190} INFO - [2026-06-13T17:33:07.561+0000] {dagbag.py:588} INFO - Filling up the DagBag from /home/airflow/.local/lib/python3.12/site-packages/airflow/example_dags/example_task_group.py
[2026-06-13T17:33:07.569+0000] {processor.py:925} INFO - DAG(s) 'example_task_group' retrieved from /home/airflow/.local/lib/python3.12/site-packages/airflow/example_dags/example_task_group.py
[2026-06-13T17:33:07.586+0000] {logging_mixin.py:190} INFO - [2026-06-13T17:33:07.586+0000] {dag.py:3239} INFO - Sync 1 DAGs
[2026-06-13T17:33:07.597+0000] {logging_mixin.py:190} INFO - [2026-06-13T17:33:07.597+0000] {dag.py:4180} INFO - Setting next_dagrun for example_task_group to None, run_after=None
[2026-06-13T17:33:07.615+0000] {processor.py:208} INFO - Processing /home/airflow/.local/lib/python3.12/site-packages/airflow/example_dags/example_task_group.py took 0.062 seconds
[2026-06-13T17:33:38.012+0000] {processor.py:186} INFO - Started process (PID=5238) to work on /home/airflow/.local/lib/python3.12/site-packages/airflow/example_dags/example_task_group.py
[2026-06-13T17:33:38.013+0000] {processor.py:914} INFO - Processing file /home/airflow/.local/lib/python3.12/site-packages/airflow/example_dags/example_task_group.py for tasks to queue
[2026-06-13T17:33:38.016+0000] {logging_mixin.py:190} INFO - [2026-06-13T17:33:38.015+0000] {dagbag.py:588} INFO - Filling up the DagBag from /home/airflow/.local/lib/python3.12/site-packages/airflow/example_dags/example_task_group.py
[2026-06-13T17:33:38.023+0000] {processor.py:925} INFO - DAG(s) 'example_task_group' retrieved from /home/airflow/.local/lib/python3.12/site-packages/airflow/example_dags/example_task_group.py
[2026-06-13T17:33:38.040+0000] {logging_mixin.py:190} INFO - [2026-06-13T17:33:38.040+0000] {dag.py:3239} INFO - Sync 1 DAGs
[2026-06-13T17:33:38.051+0000] {logging_mixin.py:190} INFO - [2026-06-13T17:33:38.050+0000] {dag.py:4180} INFO - Setting next_dagrun for example_task_group to None, run_after=None
[2026-06-13T17:33:38.069+0000] {processor.py:208} INFO - Processing /home/airflow/.local/lib/python3.12/site-packages/airflow/example_dags/example_task_group.py took 0.062 seconds
[2026-06-13T17:34:08.201+0000] {processor.py:186} INFO - Started process (PID=5300) to work on /home/airflow/.local/lib/python3.12/site-packages/airflow/example_dags/example_task_group.py
[2026-06-13T17:34:08.202+0000] {processor.py:914} INFO - Processing file /home/airflow/.local/lib/python3.12/site-packages/airflow/example_dags/example_task_group.py for tasks to queue
[2026-06-13T17:34:08.204+0000] {logging_mixin.py:190} INFO - [2026-06-13T17:34:08.204+0000] {dagbag.py:588} INFO - Filling up the DagBag from /home/airflow/.local/lib/python3.12/site-packages/airflow/example_dags/example_task_group.py
[2026-06-13T17:34:08.211+0000] {processor.py:925} INFO - DAG(s) 'example_task_group' retrieved from /home/airflow/.local/lib/python3.12/site-packages/airflow/example_dags/example_task_group.py
[2026-06-13T17:34:08.229+0000] {logging_mixin.py:190} INFO - [2026-06-13T17:34:08.229+0000] {dag.py:3239} INFO - Sync 1 DAGs
[2026-06-13T17:34:08.239+0000] {logging_mixin.py:190} INFO - [2026-06-13T17:34:08.239+0000] {dag.py:4180} INFO - Setting next_dagrun for example_task_group to None, run_after=None
[2026-06-13T17:34:08.254+0000] {processor.py:208} INFO - Processing /home/airflow/.local/lib/python3.12/site-packages/airflow/example_dags/example_task_group.py took 0.058 seconds
[2026-06-13T17:34:38.643+0000] {processor.py:186} INFO - Started process (PID=5362) to work on /home/airflow/.local/lib/python3.12/site-packages/airflow/example_dags/example_task_group.py
[2026-06-13T17:34:38.644+0000] {processor.py:914} INFO - Processing file /home/airflow/.local/lib/python3.12/site-packages/airflow/example_dags/example_task_group.py for tasks to queue
[2026-06-13T17:34:38.646+0000] {logging_mixin.py:190} INFO - [2026-06-13T17:34:38.646+0000] {dagbag.py:588} INFO - Filling up the DagBag from /home/airflow/.local/lib/python3.12/site-packages/airflow/example_dags/example_task_group.py
[2026-06-13T17:34:38.653+0000] {processor.py:925} INFO - DAG(s) 'example_task_group' retrieved from /home/airflow/.local/lib/python3.12/site-packages/airflow/example_dags/example_task_group.py
[2026-06-13T17:34:38.671+0000] {logging_mixin.py:190} INFO - [2026-06-13T17:34:38.671+0000] {dag.py:3239} INFO - Sync 1 DAGs
[2026-06-13T17:34:38.682+0000] {logging_mixin.py:190} INFO - [2026-06-13T17:34:38.682+0000] {dag.py:4180} INFO - Setting next_dagrun for example_task_group to None, run_after=None
[2026-06-13T17:34:38.697+0000] {processor.py:208} INFO - Processing /home/airflow/.local/lib/python3.12/site-packages/airflow/example_dags/example_task_group.py took 0.059 seconds
[2026-06-13T17:35:08.864+0000] {processor.py:186} INFO - Started process (PID=5423) to work on /home/airflow/.local/lib/python3.12/site-packages/airflow/example_dags/example_task_group.py
[2026-06-13T17:35:08.865+0000] {processor.py:914} INFO - Processing file /home/airflow/.local/lib/python3.12/site-packages/airflow/example_dags/example_task_group.py for tasks to queue
[2026-06-13T17:35:08.867+0000] {logging_mixin.py:190} INFO - [2026-06-13T17:35:08.867+0000] {dagbag.py:588} INFO - Filling up the DagBag from /home/airflow/.local/lib/python3.12/site-packages/airflow/example_dags/example_task_group.py
[2026-06-13T17:35:08.874+0000] {processor.py:925} INFO - DAG(s) 'example_task_group' retrieved from /home/airflow/.local/lib/python3.12/site-packages/airflow/example_dags/example_task_group.py
[2026-06-13T17:35:08.890+0000] {logging_mixin.py:190} INFO - [2026-06-13T17:35:08.890+0000] {dag.py:3239} INFO - Sync 1 DAGs
[2026-06-13T17:35:08.900+0000] {logging_mixin.py:190} INFO - [2026-06-13T17:35:08.900+0000] {dag.py:4180} INFO - Setting next_dagrun for example_task_group to None, run_after=None
[2026-06-13T17:35:08.918+0000] {processor.py:208} INFO - Processing /home/airflow/.local/lib/python3.12/site-packages/airflow/example_dags/example_task_group.py took 0.059 seconds
[2026-06-13T17:35:39.294+0000] {processor.py:186} INFO - Started process (PID=5486) to work on /home/airflow/.local/lib/python3.12/site-packages/airflow/example_dags/example_task_group.py
[2026-06-13T17:35:39.296+0000] {processor.py:914} INFO - Processing file /home/airflow/.local/lib/python3.12/site-packages/airflow/example_dags/example_task_group.py for tasks to queue
[2026-06-13T17:35:39.298+0000] {logging_mixin.py:190} INFO - [2026-06-13T17:35:39.298+0000] {dagbag.py:588} INFO - Filling up the DagBag from /home/airflow/.local/lib/python3.12/site-packages/airflow/example_dags/example_task_group.py
[2026-06-13T17:35:39.306+0000] {processor.py:925} INFO - DAG(s) 'example_task_group' retrieved from /home/airflow/.local/lib/python3.12/site-packages/airflow/example_dags/example_task_group.py
[2026-06-13T17:35:39.325+0000] {logging_mixin.py:190} INFO - [2026-06-13T17:35:39.324+0000] {dag.py:3239} INFO - Sync 1 DAGs
[2026-06-13T17:35:39.337+0000] {logging_mixin.py:190} INFO - [2026-06-13T17:35:39.336+0000] {dag.py:4180} INFO - Setting next_dagrun for example_task_group to None, run_after=None
[2026-06-13T17:35:39.356+0000] {processor.py:208} INFO - Processing /home/airflow/.local/lib/python3.12/site-packages/airflow/example_dags/example_task_group.py took 0.067 seconds
[2026-06-13T17:36:09.559+0000] {processor.py:186} INFO - Started process (PID=5548) to work on /home/airflow/.local/lib/python3.12/site-packages/airflow/example_dags/example_task_group.py
[2026-06-13T17:36:09.561+0000] {processor.py:914} INFO - Processing file /home/airflow/.local/lib/python3.12/site-packages/airflow/example_dags/example_task_group.py for tasks to queue
[2026-06-13T17:36:09.563+0000] {logging_mixin.py:190} INFO - [2026-06-13T17:36:09.563+0000] {dagbag.py:588} INFO - Filling up the DagBag from /home/airflow/.local/lib/python3.12/site-packages/airflow/example_dags/example_task_group.py
[2026-06-13T17:36:09.570+0000] {processor.py:925} INFO - DAG(s) 'example_task_group' retrieved from /home/airflow/.local/lib/python3.12/site-packages/airflow/example_dags/example_task_group.py
[2026-06-13T17:36:09.586+0000] {logging_mixin.py:190} INFO - [2026-06-13T17:36:09.586+0000] {dag.py:3239} INFO - Sync 1 DAGs
[2026-06-13T17:36:09.598+0000] {logging_mixin.py:190} INFO - [2026-06-13T17:36:09.598+0000] {dag.py:4180} INFO - Setting next_dagrun for example_task_group to None, run_after=None
[2026-06-13T17:36:09.613+0000] {processor.py:208} INFO - Processing /home/airflow/.local/lib/python3.12/site-packages/airflow/example_dags/example_task_group.py took 0.058 seconds
[2026-06-13T17:36:39.718+0000] {processor.py:186} INFO - Started process (PID=5610) to work on /home/airflow/.local/lib/python3.12/site-packages/airflow/example_dags/example_task_group.py
[2026-06-13T17:36:39.719+0000] {processor.py:914} INFO - Processing file /home/airflow/.local/lib/python3.12/site-packages/airflow/example_dags/example_task_group.py for tasks to queue
[2026-06-13T17:36:39.721+0000] {logging_mixin.py:190} INFO - [2026-06-13T17:36:39.721+0000] {dagbag.py:588} INFO - Filling up the DagBag from /home/airflow/.local/lib/python3.12/site-packages/airflow/example_dags/example_task_group.py
[2026-06-13T17:36:39.733+0000] {processor.py:925} INFO - DAG(s) 'example_task_group' retrieved from /home/airflow/.local/lib/python3.12/site-packages/airflow/example_dags/example_task_group.py
[2026-06-13T17:36:39.769+0000] {logging_mixin.py:190} INFO - [2026-06-13T17:36:39.768+0000] {dag.py:3239} INFO - Sync 1 DAGs
[2026-06-13T17:36:39.785+0000] {logging_mixin.py:190} INFO - [2026-06-13T17:36:39.785+0000] {dag.py:4180} INFO - Setting next_dagrun for example_task_group to None, run_after=None
[2026-06-13T17:36:39.804+0000] {processor.py:208} INFO - Processing /home/airflow/.local/lib/python3.12/site-packages/airflow/example_dags/example_task_group.py took 0.090 seconds
[2026-06-13T17:37:10.360+0000] {processor.py:186} INFO - Started process (PID=5672) to work on /home/airflow/.local/lib/python3.12/site-packages/airflow/example_dags/example_task_group.py
[2026-06-13T17:37:10.361+0000] {processor.py:914} INFO - Processing file /home/airflow/.local/lib/python3.12/site-packages/airflow/example_dags/example_task_group.py for tasks to queue
[2026-06-13T17:37:10.363+0000] {logging_mixin.py:190} INFO - [2026-06-13T17:37:10.363+0000] {dagbag.py:588} INFO - Filling up the DagBag from /home/airflow/.local/lib/python3.12/site-packages/airflow/example_dags/example_task_group.py
[2026-06-13T17:37:10.370+0000] {processor.py:925} INFO - DAG(s) 'example_task_group' retrieved from /home/airflow/.local/lib/python3.12/site-packages/airflow/example_dags/example_task_group.py
[2026-06-13T17:37:10.387+0000] {logging_mixin.py:190} INFO - [2026-06-13T17:37:10.387+0000] {dag.py:3239} INFO - Sync 1 DAGs
[2026-06-13T17:37:10.399+0000] {logging_mixin.py:190} INFO - [2026-06-13T17:37:10.399+0000] {dag.py:4180} INFO - Setting next_dagrun for example_task_group to None, run_after=None
[2026-06-13T17:37:10.414+0000] {processor.py:208} INFO - Processing /home/airflow/.local/lib/python3.12/site-packages/airflow/example_dags/example_task_group.py took 0.059 seconds
[2026-06-13T17:37:40.592+0000] {processor.py:186} INFO - Started process (PID=5733) to work on /home/airflow/.local/lib/python3.12/site-packages/airflow/example_dags/example_task_group.py
[2026-06-13T17:37:40.593+0000] {processor.py:914} INFO - Processing file /home/airflow/.local/lib/python3.12/site-packages/airflow/example_dags/example_task_group.py for tasks to queue
[2026-06-13T17:37:40.596+0000] {logging_mixin.py:190} INFO - [2026-06-13T17:37:40.595+0000] {dagbag.py:588} INFO - Filling up the DagBag from /home/airflow/.local/lib/python3.12/site-packages/airflow/example_dags/example_task_group.py
[2026-06-13T17:37:40.604+0000] {processor.py:925} INFO - DAG(s) 'example_task_group' retrieved from /home/airflow/.local/lib/python3.12/site-packages/airflow/example_dags/example_task_group.py
[2026-06-13T17:37:40.627+0000] {logging_mixin.py:190} INFO - [2026-06-13T17:37:40.626+0000] {dag.py:3239} INFO - Sync 1 DAGs
[2026-06-13T17:37:40.642+0000] {logging_mixin.py:190} INFO - [2026-06-13T17:37:40.642+0000] {dag.py:4180} INFO - Setting next_dagrun for example_task_group to None, run_after=None
[2026-06-13T17:37:40.666+0000] {processor.py:208} INFO - Processing /home/airflow/.local/lib/python3.12/site-packages/airflow/example_dags/example_task_group.py took 0.080 seconds
[2026-06-13T17:38:10.881+0000] {processor.py:186} INFO - Started process (PID=5795) to work on /home/airflow/.local/lib/python3.12/site-packages/airflow/example_dags/example_task_group.py
[2026-06-13T17:38:10.882+0000] {processor.py:914} INFO - Processing file /home/airflow/.local/lib/python3.12/site-packages/airflow/example_dags/example_task_group.py for tasks to queue
[2026-06-13T17:38:10.884+0000] {logging_mixin.py:190} INFO - [2026-06-13T17:38:10.884+0000] {dagbag.py:588} INFO - Filling up the DagBag from /home/airflow/.local/lib/python3.12/site-packages/airflow/example_dags/example_task_group.py
[2026-06-13T17:38:10.891+0000] {processor.py:925} INFO - DAG(s) 'example_task_group' retrieved from /home/airflow/.local/lib/python3.12/site-packages/airflow/example_dags/example_task_group.py
[2026-06-13T17:38:10.909+0000] {logging_mixin.py:190} INFO - [2026-06-13T17:38:10.909+0000] {dag.py:3239} INFO - Sync 1 DAGs
[2026-06-13T17:38:10.920+0000] {logging_mixin.py:190} INFO - [2026-06-13T17:38:10.920+0000] {dag.py:4180} INFO - Setting next_dagrun for example_task_group to None, run_after=None
[2026-06-13T17:38:10.939+0000] {processor.py:208} INFO - Processing /home/airflow/.local/lib/python3.12/site-packages/airflow/example_dags/example_task_group.py took 0.063 seconds
[2026-06-13T17:38:41.237+0000] {processor.py:186} INFO - Started process (PID=5857) to work on /home/airflow/.local/lib/python3.12/site-packages/airflow/example_dags/example_task_group.py
[2026-06-13T17:38:41.238+0000] {processor.py:914} INFO - Processing file /home/airflow/.local/lib/python3.12/site-packages/airflow/example_dags/example_task_group.py for tasks to queue
[2026-06-13T17:38:41.241+0000] {logging_mixin.py:190} INFO - [2026-06-13T17:38:41.240+0000] {dagbag.py:588} INFO - Filling up the DagBag from /home/airflow/.local/lib/python3.12/site-packages/airflow/example_dags/example_task_group.py
[2026-06-13T17:38:41.248+0000] {processor.py:925} INFO - DAG(s) 'example_task_group' retrieved from /home/airflow/.local/lib/python3.12/site-packages/airflow/example_dags/example_task_group.py
[2026-06-13T17:38:41.270+0000] {logging_mixin.py:190} INFO - [2026-06-13T17:38:41.269+0000] {dag.py:3239} INFO - Sync 1 DAGs
[2026-06-13T17:38:41.280+0000] {logging_mixin.py:190} INFO - [2026-06-13T17:38:41.280+0000] {dag.py:4180} INFO - Setting next_dagrun for example_task_group to None, run_after=None
[2026-06-13T17:38:41.299+0000] {processor.py:208} INFO - Processing /home/airflow/.local/lib/python3.12/site-packages/airflow/example_dags/example_task_group.py took 0.066 seconds
[2026-06-13T17:39:11.714+0000] {processor.py:186} INFO - Started process (PID=5919) to work on /home/airflow/.local/lib/python3.12/site-packages/airflow/example_dags/example_task_group.py
[2026-06-13T17:39:11.716+0000] {processor.py:914} INFO - Processing file /home/airflow/.local/lib/python3.12/site-packages/airflow/example_dags/example_task_group.py for tasks to queue
[2026-06-13T17:39:11.719+0000] {logging_mixin.py:190} INFO - [2026-06-13T17:39:11.719+0000] {dagbag.py:588} INFO - Filling up the DagBag from /home/airflow/.local/lib/python3.12/site-packages/airflow/example_dags/example_task_group.py
[2026-06-13T17:39:11.731+0000] {processor.py:925} INFO - DAG(s) 'example_task_group' retrieved from /home/airflow/.local/lib/python3.12/site-packages/airflow/example_dags/example_task_group.py
[2026-06-13T17:39:11.764+0000] {logging_mixin.py:190} INFO - [2026-06-13T17:39:11.763+0000] {dag.py:3239} INFO - Sync 1 DAGs
[2026-06-13T17:39:11.779+0000] {logging_mixin.py:190} INFO - [2026-06-13T17:39:11.779+0000] {dag.py:4180} INFO - Setting next_dagrun for example_task_group to None, run_after=None
[2026-06-13T17:39:11.806+0000] {processor.py:208} INFO - Processing /home/airflow/.local/lib/python3.12/site-packages/airflow/example_dags/example_task_group.py took 0.102 seconds
[2026-06-13T17:39:42.090+0000] {processor.py:186} INFO - Started process (PID=5981) to work on /home/airflow/.local/lib/python3.12/site-packages/airflow/example_dags/example_task_group.py
[2026-06-13T17:39:42.091+0000] {processor.py:914} INFO - Processing file /home/airflow/.local/lib/python3.12/site-packages/airflow/example_dags/example_task_group.py for tasks to queue
[2026-06-13T17:39:42.093+0000] {logging_mixin.py:190} INFO - [2026-06-13T17:39:42.093+0000] {dagbag.py:588} INFO - Filling up the DagBag from /home/airflow/.local/lib/python3.12/site-packages/airflow/example_dags/example_task_group.py
[2026-06-13T17:39:42.102+0000] {processor.py:925} INFO - DAG(s) 'example_task_group' retrieved from /home/airflow/.local/lib/python3.12/site-packages/airflow/example_dags/example_task_group.py
[2026-06-13T17:39:42.122+0000] {logging_mixin.py:190} INFO - [2026-06-13T17:39:42.122+0000] {dag.py:3239} INFO - Sync 1 DAGs
[2026-06-13T17:39:42.134+0000] {logging_mixin.py:190} INFO - [2026-06-13T17:39:42.134+0000] {dag.py:4180} INFO - Setting next_dagrun for example_task_group to None, run_after=None
[2026-06-13T17:39:42.152+0000] {processor.py:208} INFO - Processing /home/airflow/.local/lib/python3.12/site-packages/airflow/example_dags/example_task_group.py took 0.067 seconds
[2026-06-13T17:40:12.247+0000] {processor.py:186} INFO - Started process (PID=6043) to work on /home/airflow/.local/lib/python3.12/site-packages/airflow/example_dags/example_task_group.py
[2026-06-13T17:40:12.248+0000] {processor.py:914} INFO - Processing file /home/airflow/.local/lib/python3.12/site-packages/airflow/example_dags/example_task_group.py for tasks to queue
[2026-06-13T17:40:12.250+0000] {logging_mixin.py:190} INFO - [2026-06-13T17:40:12.250+0000] {dagbag.py:588} INFO - Filling up the DagBag from /home/airflow/.local/lib/python3.12/site-packages/airflow/example_dags/example_task_group.py
[2026-06-13T17:40:12.257+0000] {processor.py:925} INFO - DAG(s) 'example_task_group' retrieved from /home/airflow/.local/lib/python3.12/site-packages/airflow/example_dags/example_task_group.py
[2026-06-13T17:40:12.273+0000] {logging_mixin.py:190} INFO - [2026-06-13T17:40:12.273+0000] {dag.py:3239} INFO - Sync 1 DAGs
[2026-06-13T17:40:12.282+0000] {logging_mixin.py:190} INFO - [2026-06-13T17:40:12.282+0000] {dag.py:4180} INFO - Setting next_dagrun for example_task_group to None, run_after=None
[2026-06-13T17:40:12.299+0000] {processor.py:208} INFO - Processing /home/airflow/.local/lib/python3.12/site-packages/airflow/example_dags/example_task_group.py took 0.057 seconds
[2026-06-13T17:40:42.551+0000] {processor.py:186} INFO - Started process (PID=6105) to work on /home/airflow/.local/lib/python3.12/site-packages/airflow/example_dags/example_task_group.py
[2026-06-13T17:40:42.552+0000] {processor.py:914} INFO - Processing file /home/airflow/.local/lib/python3.12/site-packages/airflow/example_dags/example_task_group.py for tasks to queue
[2026-06-13T17:40:42.555+0000] {logging_mixin.py:190} INFO - [2026-06-13T17:40:42.554+0000] {dagbag.py:588} INFO - Filling up the DagBag from /home/airflow/.local/lib/python3.12/site-packages/airflow/example_dags/example_task_group.py
[2026-06-13T17:40:42.562+0000] {processor.py:925} INFO - DAG(s) 'example_task_group' retrieved from /home/airflow/.local/lib/python3.12/site-packages/airflow/example_dags/example_task_group.py
[2026-06-13T17:40:42.578+0000] {logging_mixin.py:190} INFO - [2026-06-13T17:40:42.578+0000] {dag.py:3239} INFO - Sync 1 DAGs
[2026-06-13T17:40:42.589+0000] {logging_mixin.py:190} INFO - [2026-06-13T17:40:42.588+0000] {dag.py:4180} INFO - Setting next_dagrun for example_task_group to None, run_after=None
[2026-06-13T17:40:42.604+0000] {processor.py:208} INFO - Processing /home/airflow/.local/lib/python3.12/site-packages/airflow/example_dags/example_task_group.py took 0.058 seconds
[2026-06-13T17:41:12.984+0000] {processor.py:186} INFO - Started process (PID=6167) to work on /home/airflow/.local/lib/python3.12/site-packages/airflow/example_dags/example_task_group.py
[2026-06-13T17:41:12.985+0000] {processor.py:914} INFO - Processing file /home/airflow/.local/lib/python3.12/site-packages/airflow/example_dags/example_task_group.py for tasks to queue
[2026-06-13T17:41:12.987+0000] {logging_mixin.py:190} INFO - [2026-06-13T17:41:12.987+0000] {dagbag.py:588} INFO - Filling up the DagBag from /home/airflow/.local/lib/python3.12/site-packages/airflow/example_dags/example_task_group.py
[2026-06-13T17:41:12.994+0000] {processor.py:925} INFO - DAG(s) 'example_task_group' retrieved from /home/airflow/.local/lib/python3.12/site-packages/airflow/example_dags/example_task_group.py
[2026-06-13T17:41:13.010+0000] {logging_mixin.py:190} INFO - [2026-06-13T17:41:13.010+0000] {dag.py:3239} INFO - Sync 1 DAGs
[2026-06-13T17:41:13.020+0000] {logging_mixin.py:190} INFO - [2026-06-13T17:41:13.020+0000] {dag.py:4180} INFO - Setting next_dagrun for example_task_group to None, run_after=None
[2026-06-13T17:41:13.034+0000] {processor.py:208} INFO - Processing /home/airflow/.local/lib/python3.12/site-packages/airflow/example_dags/example_task_group.py took 0.055 seconds
[2026-06-13T17:41:43.230+0000] {processor.py:186} INFO - Started process (PID=6229) to work on /home/airflow/.local/lib/python3.12/site-packages/airflow/example_dags/example_task_group.py
[2026-06-13T17:41:43.231+0000] {processor.py:914} INFO - Processing file /home/airflow/.local/lib/python3.12/site-packages/airflow/example_dags/example_task_group.py for tasks to queue
[2026-06-13T17:41:43.234+0000] {logging_mixin.py:190} INFO - [2026-06-13T17:41:43.233+0000] {dagbag.py:588} INFO - Filling up the DagBag from /home/airflow/.local/lib/python3.12/site-packages/airflow/example_dags/example_task_group.py
[2026-06-13T17:41:43.241+0000] {processor.py:925} INFO - DAG(s) 'example_task_group' retrieved from /home/airflow/.local/lib/python3.12/site-packages/airflow/example_dags/example_task_group.py
[2026-06-13T17:41:43.257+0000] {logging_mixin.py:190} INFO - [2026-06-13T17:41:43.257+0000] {dag.py:3239} INFO - Sync 1 DAGs
[2026-06-13T17:41:43.268+0000] {logging_mixin.py:190} INFO - [2026-06-13T17:41:43.268+0000] {dag.py:4180} INFO - Setting next_dagrun for example_task_group to None, run_after=None
[2026-06-13T17:41:43.283+0000] {processor.py:208} INFO - Processing /home/airflow/.local/lib/python3.12/site-packages/airflow/example_dags/example_task_group.py took 0.058 seconds
[2026-06-13T17:42:13.508+0000] {processor.py:186} INFO - Started process (PID=6291) to work on /home/airflow/.local/lib/python3.12/site-packages/airflow/example_dags/example_task_group.py
[2026-06-13T17:42:13.509+0000] {processor.py:914} INFO - Processing file /home/airflow/.local/lib/python3.12/site-packages/airflow/example_dags/example_task_group.py for tasks to queue
[2026-06-13T17:42:13.511+0000] {logging_mixin.py:190} INFO - [2026-06-13T17:42:13.511+0000] {dagbag.py:588} INFO - Filling up the DagBag from /home/airflow/.local/lib/python3.12/site-packages/airflow/example_dags/example_task_group.py
[2026-06-13T17:42:13.518+0000] {processor.py:925} INFO - DAG(s) 'example_task_group' retrieved from /home/airflow/.local/lib/python3.12/site-packages/airflow/example_dags/example_task_group.py
[2026-06-13T17:42:13.534+0000] {logging_mixin.py:190} INFO - [2026-06-13T17:42:13.534+0000] {dag.py:3239} INFO - Sync 1 DAGs
[2026-06-13T17:42:13.545+0000] {logging_mixin.py:190} INFO - [2026-06-13T17:42:13.544+0000] {dag.py:4180} INFO - Setting next_dagrun for example_task_group to None, run_after=None
[2026-06-13T17:42:13.560+0000] {processor.py:208} INFO - Processing /home/airflow/.local/lib/python3.12/site-packages/airflow/example_dags/example_task_group.py took 0.056 seconds
[2026-06-13T17:42:43.821+0000] {processor.py:186} INFO - Started process (PID=6353) to work on /home/airflow/.local/lib/python3.12/site-packages/airflow/example_dags/example_task_group.py
[2026-06-13T17:42:43.822+0000] {processor.py:914} INFO - Processing file /home/airflow/.local/lib/python3.12/site-packages/airflow/example_dags/example_task_group.py for tasks to queue
[2026-06-13T17:42:43.825+0000] {logging_mixin.py:190} INFO - [2026-06-13T17:42:43.825+0000] {dagbag.py:588} INFO - Filling up the DagBag from /home/airflow/.local/lib/python3.12/site-packages/airflow/example_dags/example_task_group.py
[2026-06-13T17:42:43.833+0000] {processor.py:925} INFO - DAG(s) 'example_task_group' retrieved from /home/airflow/.local/lib/python3.12/site-packages/airflow/example_dags/example_task_group.py
[2026-06-13T17:42:43.853+0000] {logging_mixin.py:190} INFO - [2026-06-13T17:42:43.852+0000] {dag.py:3239} INFO - Sync 1 DAGs
[2026-06-13T17:42:43.864+0000] {logging_mixin.py:190} INFO - [2026-06-13T17:42:43.864+0000] {dag.py:4180} INFO - Setting next_dagrun for example_task_group to None, run_after=None
[2026-06-13T17:42:43.879+0000] {processor.py:208} INFO - Processing /home/airflow/.local/lib/python3.12/site-packages/airflow/example_dags/example_task_group.py took 0.065 seconds
[2026-06-13T17:43:14.229+0000] {processor.py:186} INFO - Started process (PID=6415) to work on /home/airflow/.local/lib/python3.12/site-packages/airflow/example_dags/example_task_group.py
[2026-06-13T17:43:14.231+0000] {processor.py:914} INFO - Processing file /home/airflow/.local/lib/python3.12/site-packages/airflow/example_dags/example_task_group.py for tasks to queue
[2026-06-13T17:43:14.236+0000] {logging_mixin.py:190} INFO - [2026-06-13T17:43:14.235+0000] {dagbag.py:588} INFO - Filling up the DagBag from /home/airflow/.local/lib/python3.12/site-packages/airflow/example_dags/example_task_group.py
[2026-06-13T17:43:14.246+0000] {processor.py:925} INFO - DAG(s) 'example_task_group' retrieved from /home/airflow/.local/lib/python3.12/site-packages/airflow/example_dags/example_task_group.py
[2026-06-13T17:43:14.264+0000] {logging_mixin.py:190} INFO - [2026-06-13T17:43:14.264+0000] {dag.py:3239} INFO - Sync 1 DAGs
[2026-06-13T17:43:14.274+0000] {logging_mixin.py:190} INFO - [2026-06-13T17:43:14.274+0000] {dag.py:4180} INFO - Setting next_dagrun for example_task_group to None, run_after=None
[2026-06-13T17:43:14.290+0000] {processor.py:208} INFO - Processing /home/airflow/.local/lib/python3.12/site-packages/airflow/example_dags/example_task_group.py took 0.069 seconds
[2026-06-13T17:43:44.544+0000] {processor.py:186} INFO - Started process (PID=6477) to work on /home/airflow/.local/lib/python3.12/site-packages/airflow/example_dags/example_task_group.py
[2026-06-13T17:43:44.545+0000] {processor.py:914} INFO - Processing file /home/airflow/.local/lib/python3.12/site-packages/airflow/example_dags/example_task_group.py for tasks to queue
[2026-06-13T17:43:44.548+0000] {logging_mixin.py:190} INFO - [2026-06-13T17:43:44.548+0000] {dagbag.py:588} INFO - Filling up the DagBag from /home/airflow/.local/lib/python3.12/site-packages/airflow/example_dags/example_task_group.py
[2026-06-13T17:43:44.555+0000] {processor.py:925} INFO - DAG(s) 'example_task_group' retrieved from /home/airflow/.local/lib/python3.12/site-packages/airflow/example_dags/example_task_group.py
[2026-06-13T17:43:44.572+0000] {logging_mixin.py:190} INFO - [2026-06-13T17:43:44.571+0000] {dag.py:3239} INFO - Sync 1 DAGs
[2026-06-13T17:43:44.582+0000] {logging_mixin.py:190} INFO - [2026-06-13T17:43:44.581+0000] {dag.py:4180} INFO - Setting next_dagrun for example_task_group to None, run_after=None
[2026-06-13T17:43:44.601+0000] {processor.py:208} INFO - Processing /home/airflow/.local/lib/python3.12/site-packages/airflow/example_dags/example_task_group.py took 0.062 seconds
[2026-06-13T17:44:14.762+0000] {processor.py:186} INFO - Started process (PID=6539) to work on /home/airflow/.local/lib/python3.12/site-packages/airflow/example_dags/example_task_group.py
[2026-06-13T17:44:14.763+0000] {processor.py:914} INFO - Processing file /home/airflow/.local/lib/python3.12/site-packages/airflow/example_dags/example_task_group.py for tasks to queue
[2026-06-13T17:44:14.765+0000] {logging_mixin.py:190} INFO - [2026-06-13T17:44:14.765+0000] {dagbag.py:588} INFO - Filling up the DagBag from /home/airflow/.local/lib/python3.12/site-packages/airflow/example_dags/example_task_group.py
[2026-06-13T17:44:14.773+0000] {processor.py:925} INFO - DAG(s) 'example_task_group' retrieved from /home/airflow/.local/lib/python3.12/site-packages/airflow/example_dags/example_task_group.py
[2026-06-13T17:44:14.789+0000] {logging_mixin.py:190} INFO - [2026-06-13T17:44:14.789+0000] {dag.py:3239} INFO - Sync 1 DAGs
[2026-06-13T17:44:14.800+0000] {logging_mixin.py:190} INFO - [2026-06-13T17:44:14.800+0000] {dag.py:4180} INFO - Setting next_dagrun for example_task_group to None, run_after=None
[2026-06-13T17:44:14.817+0000] {processor.py:208} INFO - Processing /home/airflow/.local/lib/python3.12/site-packages/airflow/example_dags/example_task_group.py took 0.060 seconds
[2026-06-13T17:44:45.029+0000] {processor.py:186} INFO - Started process (PID=6601) to work on /home/airflow/.local/lib/python3.12/site-packages/airflow/example_dags/example_task_group.py
[2026-06-13T17:44:45.030+0000] {processor.py:914} INFO - Processing file /home/airflow/.local/lib/python3.12/site-packages/airflow/example_dags/example_task_group.py for tasks to queue
[2026-06-13T17:44:45.033+0000] {logging_mixin.py:190} INFO - [2026-06-13T17:44:45.032+0000] {dagbag.py:588} INFO - Filling up the DagBag from /home/airflow/.local/lib/python3.12/site-packages/airflow/example_dags/example_task_group.py
[2026-06-13T17:44:45.039+0000] {processor.py:925} INFO - DAG(s) 'example_task_group' retrieved from /home/airflow/.local/lib/python3.12/site-packages/airflow/example_dags/example_task_group.py
[2026-06-13T17:44:45.056+0000] {logging_mixin.py:190} INFO - [2026-06-13T17:44:45.056+0000] {dag.py:3239} INFO - Sync 1 DAGs
[2026-06-13T17:44:45.067+0000] {logging_mixin.py:190} INFO - [2026-06-13T17:44:45.066+0000] {dag.py:4180} INFO - Setting next_dagrun for example_task_group to None, run_after=None
[2026-06-13T17:44:45.082+0000] {processor.py:208} INFO - Processing /home/airflow/.local/lib/python3.12/site-packages/airflow/example_dags/example_task_group.py took 0.057 seconds
[2026-06-13T17:45:15.431+0000] {processor.py:186} INFO - Started process (PID=6663) to work on /home/airflow/.local/lib/python3.12/site-packages/airflow/example_dags/example_task_group.py
[2026-06-13T17:45:15.433+0000] {processor.py:914} INFO - Processing file /home/airflow/.local/lib/python3.12/site-packages/airflow/example_dags/example_task_group.py for tasks to queue
[2026-06-13T17:45:15.435+0000] {logging_mixin.py:190} INFO - [2026-06-13T17:45:15.434+0000] {dagbag.py:588} INFO - Filling up the DagBag from /home/airflow/.local/lib/python3.12/site-packages/airflow/example_dags/example_task_group.py
[2026-06-13T17:45:15.442+0000] {processor.py:925} INFO - DAG(s) 'example_task_group' retrieved from /home/airflow/.local/lib/python3.12/site-packages/airflow/example_dags/example_task_group.py
[2026-06-13T17:45:15.460+0000] {logging_mixin.py:190} INFO - [2026-06-13T17:45:15.460+0000] {dag.py:3239} INFO - Sync 1 DAGs
[2026-06-13T17:45:15.470+0000] {logging_mixin.py:190} INFO - [2026-06-13T17:45:15.470+0000] {dag.py:4180} INFO - Setting next_dagrun for example_task_group to None, run_after=None
[2026-06-13T17:45:15.485+0000] {processor.py:208} INFO - Processing /home/airflow/.local/lib/python3.12/site-packages/airflow/example_dags/example_task_group.py took 0.059 seconds
[2026-06-13T17:45:46.108+0000] {processor.py:186} INFO - Started process (PID=6725) to work on /home/airflow/.local/lib/python3.12/site-packages/airflow/example_dags/example_task_group.py
[2026-06-13T17:45:46.109+0000] {processor.py:914} INFO - Processing file /home/airflow/.local/lib/python3.12/site-packages/airflow/example_dags/example_task_group.py for tasks to queue
[2026-06-13T17:45:46.111+0000] {logging_mixin.py:190} INFO - [2026-06-13T17:45:46.111+0000] {dagbag.py:588} INFO - Filling up the DagBag from /home/airflow/.local/lib/python3.12/site-packages/airflow/example_dags/example_task_group.py
[2026-06-13T17:45:46.118+0000] {processor.py:925} INFO - DAG(s) 'example_task_group' retrieved from /home/airflow/.local/lib/python3.12/site-packages/airflow/example_dags/example_task_group.py
[2026-06-13T17:45:46.135+0000] {logging_mixin.py:190} INFO - [2026-06-13T17:45:46.135+0000] {dag.py:3239} INFO - Sync 1 DAGs
[2026-06-13T17:45:46.146+0000] {logging_mixin.py:190} INFO - [2026-06-13T17:45:46.146+0000] {dag.py:4180} INFO - Setting next_dagrun for example_task_group to None, run_after=None
[2026-06-13T17:45:46.159+0000] {processor.py:208} INFO - Processing /home/airflow/.local/lib/python3.12/site-packages/airflow/example_dags/example_task_group.py took 0.056 seconds
[2026-06-13T17:46:16.678+0000] {processor.py:186} INFO - Started process (PID=6787) to work on /home/airflow/.local/lib/python3.12/site-packages/airflow/example_dags/example_task_group.py
[2026-06-13T17:46:16.679+0000] {processor.py:914} INFO - Processing file /home/airflow/.local/lib/python3.12/site-packages/airflow/example_dags/example_task_group.py for tasks to queue
[2026-06-13T17:46:16.683+0000] {logging_mixin.py:190} INFO - [2026-06-13T17:46:16.683+0000] {dagbag.py:588} INFO - Filling up the DagBag from /home/airflow/.local/lib/python3.12/site-packages/airflow/example_dags/example_task_group.py
[2026-06-13T17:46:16.696+0000] {processor.py:925} INFO - DAG(s) 'example_task_group' retrieved from /home/airflow/.local/lib/python3.12/site-packages/airflow/example_dags/example_task_group.py
[2026-06-13T17:46:16.730+0000] {logging_mixin.py:190} INFO - [2026-06-13T17:46:16.730+0000] {dag.py:3239} INFO - Sync 1 DAGs
[2026-06-13T17:46:16.747+0000] {logging_mixin.py:190} INFO - [2026-06-13T17:46:16.747+0000] {dag.py:4180} INFO - Setting next_dagrun for example_task_group to None, run_after=None
[2026-06-13T17:46:16.779+0000] {processor.py:208} INFO - Processing /home/airflow/.local/lib/python3.12/site-packages/airflow/example_dags/example_task_group.py took 0.108 seconds
[2026-06-13T17:46:47.246+0000] {processor.py:186} INFO - Started process (PID=6849) to work on /home/airflow/.local/lib/python3.12/site-packages/airflow/example_dags/example_task_group.py
[2026-06-13T17:46:47.247+0000] {processor.py:914} INFO - Processing file /home/airflow/.local/lib/python3.12/site-packages/airflow/example_dags/example_task_group.py for tasks to queue
[2026-06-13T17:46:47.250+0000] {logging_mixin.py:190} INFO - [2026-06-13T17:46:47.249+0000] {dagbag.py:588} INFO - Filling up the DagBag from /home/airflow/.local/lib/python3.12/site-packages/airflow/example_dags/example_task_group.py
[2026-06-13T17:46:47.258+0000] {processor.py:925} INFO - DAG(s) 'example_task_group' retrieved from /home/airflow/.local/lib/python3.12/site-packages/airflow/example_dags/example_task_group.py
[2026-06-13T17:46:47.274+0000] {logging_mixin.py:190} INFO - [2026-06-13T17:46:47.274+0000] {dag.py:3239} INFO - Sync 1 DAGs
[2026-06-13T17:46:47.285+0000] {logging_mixin.py:190} INFO - [2026-06-13T17:46:47.285+0000] {dag.py:4180} INFO - Setting next_dagrun for example_task_group to None, run_after=None
[2026-06-13T17:46:47.300+0000] {processor.py:208} INFO - Processing /home/airflow/.local/lib/python3.12/site-packages/airflow/example_dags/example_task_group.py took 0.059 seconds
[2026-06-13T17:47:17.440+0000] {processor.py:186} INFO - Started process (PID=6911) to work on /home/airflow/.local/lib/python3.12/site-packages/airflow/example_dags/example_task_group.py
[2026-06-13T17:47:17.441+0000] {processor.py:914} INFO - Processing file /home/airflow/.local/lib/python3.12/site-packages/airflow/example_dags/example_task_group.py for tasks to queue
[2026-06-13T17:47:17.444+0000] {logging_mixin.py:190} INFO - [2026-06-13T17:47:17.444+0000] {dagbag.py:588} INFO - Filling up the DagBag from /home/airflow/.local/lib/python3.12/site-packages/airflow/example_dags/example_task_group.py
[2026-06-13T17:47:17.453+0000] {processor.py:925} INFO - DAG(s) 'example_task_group' retrieved from /home/airflow/.local/lib/python3.12/site-packages/airflow/example_dags/example_task_group.py
[2026-06-13T17:47:17.475+0000] {logging_mixin.py:190} INFO - [2026-06-13T17:47:17.475+0000] {dag.py:3239} INFO - Sync 1 DAGs
[2026-06-13T17:47:17.486+0000] {logging_mixin.py:190} INFO - [2026-06-13T17:47:17.485+0000] {dag.py:4180} INFO - Setting next_dagrun for example_task_group to None, run_after=None
[2026-06-13T17:47:17.517+0000] {processor.py:208} INFO - Processing /home/airflow/.local/lib/python3.12/site-packages/airflow/example_dags/example_task_group.py took 0.084 seconds
[2026-06-13T17:47:47.934+0000] {processor.py:186} INFO - Started process (PID=6973) to work on /home/airflow/.local/lib/python3.12/site-packages/airflow/example_dags/example_task_group.py
[2026-06-13T17:47:47.935+0000] {processor.py:914} INFO - Processing file /home/airflow/.local/lib/python3.12/site-packages/airflow/example_dags/example_task_group.py for tasks to queue
[2026-06-13T17:47:47.938+0000] {logging_mixin.py:190} INFO - [2026-06-13T17:47:47.938+0000] {dagbag.py:588} INFO - Filling up the DagBag from /home/airflow/.local/lib/python3.12/site-packages/airflow/example_dags/example_task_group.py
[2026-06-13T17:47:47.945+0000] {processor.py:925} INFO - DAG(s) 'example_task_group' retrieved from /home/airflow/.local/lib/python3.12/site-packages/airflow/example_dags/example_task_group.py
[2026-06-13T17:47:47.966+0000] {logging_mixin.py:190} INFO - [2026-06-13T17:47:47.966+0000] {dag.py:3239} INFO - Sync 1 DAGs
[2026-06-13T17:47:47.977+0000] {logging_mixin.py:190} INFO - [2026-06-13T17:47:47.977+0000] {dag.py:4180} INFO - Setting next_dagrun for example_task_group to None, run_after=None
[2026-06-13T17:47:47.996+0000] {processor.py:208} INFO - Processing /home/airflow/.local/lib/python3.12/site-packages/airflow/example_dags/example_task_group.py took 0.068 seconds
[2026-06-13T17:48:18.493+0000] {processor.py:186} INFO - Started process (PID=7035) to work on /home/airflow/.local/lib/python3.12/site-packages/airflow/example_dags/example_task_group.py
[2026-06-13T17:48:18.495+0000] {processor.py:914} INFO - Processing file /home/airflow/.local/lib/python3.12/site-packages/airflow/example_dags/example_task_group.py for tasks to queue
[2026-06-13T17:48:18.497+0000] {logging_mixin.py:190} INFO - [2026-06-13T17:48:18.497+0000] {dagbag.py:588} INFO - Filling up the DagBag from /home/airflow/.local/lib/python3.12/site-packages/airflow/example_dags/example_task_group.py
[2026-06-13T17:48:18.504+0000] {processor.py:925} INFO - DAG(s) 'example_task_group' retrieved from /home/airflow/.local/lib/python3.12/site-packages/airflow/example_dags/example_task_group.py
[2026-06-13T17:48:18.521+0000] {logging_mixin.py:190} INFO - [2026-06-13T17:48:18.521+0000] {dag.py:3239} INFO - Sync 1 DAGs
[2026-06-13T17:48:18.533+0000] {logging_mixin.py:190} INFO - [2026-06-13T17:48:18.533+0000] {dag.py:4180} INFO - Setting next_dagrun for example_task_group to None, run_after=None
[2026-06-13T17:48:18.549+0000] {processor.py:208} INFO - Processing /home/airflow/.local/lib/python3.12/site-packages/airflow/example_dags/example_task_group.py took 0.060 seconds
[2026-06-13T17:48:49.211+0000] {processor.py:186} INFO - Started process (PID=7097) to work on /home/airflow/.local/lib/python3.12/site-packages/airflow/example_dags/example_task_group.py
[2026-06-13T17:48:49.212+0000] {processor.py:914} INFO - Processing file /home/airflow/.local/lib/python3.12/site-packages/airflow/example_dags/example_task_group.py for tasks to queue
[2026-06-13T17:48:49.214+0000] {logging_mixin.py:190} INFO - [2026-06-13T17:48:49.214+0000] {dagbag.py:588} INFO - Filling up the DagBag from /home/airflow/.local/lib/python3.12/site-packages/airflow/example_dags/example_task_group.py
[2026-06-13T17:48:49.223+0000] {processor.py:925} INFO - DAG(s) 'example_task_group' retrieved from /home/airflow/.local/lib/python3.12/site-packages/airflow/example_dags/example_task_group.py
[2026-06-13T17:48:49.245+0000] {logging_mixin.py:190} INFO - [2026-06-13T17:48:49.244+0000] {dag.py:3239} INFO - Sync 1 DAGs
[2026-06-13T17:48:49.256+0000] {logging_mixin.py:190} INFO - [2026-06-13T17:48:49.255+0000] {dag.py:4180} INFO - Setting next_dagrun for example_task_group to None, run_after=None
[2026-06-13T17:48:49.275+0000] {processor.py:208} INFO - Processing /home/airflow/.local/lib/python3.12/site-packages/airflow/example_dags/example_task_group.py took 0.070 seconds
[2026-06-13T17:49:19.557+0000] {processor.py:186} INFO - Started process (PID=7159) to work on /home/airflow/.local/lib/python3.12/site-packages/airflow/example_dags/example_task_group.py
[2026-06-13T17:49:19.559+0000] {processor.py:914} INFO - Processing file /home/airflow/.local/lib/python3.12/site-packages/airflow/example_dags/example_task_group.py for tasks to queue
[2026-06-13T17:49:19.564+0000] {logging_mixin.py:190} INFO - [2026-06-13T17:49:19.563+0000] {dagbag.py:588} INFO - Filling up the DagBag from /home/airflow/.local/lib/python3.12/site-packages/airflow/example_dags/example_task_group.py
[2026-06-13T17:49:19.579+0000] {processor.py:925} INFO - DAG(s) 'example_task_group' retrieved from /home/airflow/.local/lib/python3.12/site-packages/airflow/example_dags/example_task_group.py
[2026-06-13T17:49:19.628+0000] {logging_mixin.py:190} INFO - [2026-06-13T17:49:19.627+0000] {dag.py:3239} INFO - Sync 1 DAGs
[2026-06-13T17:49:19.643+0000] {logging_mixin.py:190} INFO - [2026-06-13T17:49:19.643+0000] {dag.py:4180} INFO - Setting next_dagrun for example_task_group to None, run_after=None
[2026-06-13T17:49:19.678+0000] {processor.py:208} INFO - Processing /home/airflow/.local/lib/python3.12/site-packages/airflow/example_dags/example_task_group.py took 0.131 seconds
[2026-06-13T17:49:50.155+0000] {processor.py:186} INFO - Started process (PID=7221) to work on /home/airflow/.local/lib/python3.12/site-packages/airflow/example_dags/example_task_group.py
[2026-06-13T17:49:50.158+0000] {processor.py:914} INFO - Processing file /home/airflow/.local/lib/python3.12/site-packages/airflow/example_dags/example_task_group.py for tasks to queue
[2026-06-13T17:49:50.165+0000] {logging_mixin.py:190} INFO - [2026-06-13T17:49:50.164+0000] {dagbag.py:588} INFO - Filling up the DagBag from /home/airflow/.local/lib/python3.12/site-packages/airflow/example_dags/example_task_group.py
[2026-06-13T17:49:50.183+0000] {processor.py:925} INFO - DAG(s) 'example_task_group' retrieved from /home/airflow/.local/lib/python3.12/site-packages/airflow/example_dags/example_task_group.py
[2026-06-13T17:49:50.264+0000] {logging_mixin.py:190} INFO - [2026-06-13T17:49:50.262+0000] {dag.py:3239} INFO - Sync 1 DAGs
[2026-06-13T17:49:50.351+0000] {logging_mixin.py:190} INFO - [2026-06-13T17:49:50.349+0000] {dag.py:4180} INFO - Setting next_dagrun for example_task_group to None, run_after=None
[2026-06-13T17:49:50.445+0000] {processor.py:208} INFO - Processing /home/airflow/.local/lib/python3.12/site-packages/airflow/example_dags/example_task_group.py took 0.302 seconds
[2026-06-13T17:50:21.629+0000] {processor.py:186} INFO - Started process (PID=7284) to work on /home/airflow/.local/lib/python3.12/site-packages/airflow/example_dags/example_task_group.py
[2026-06-13T17:50:21.633+0000] {processor.py:914} INFO - Processing file /home/airflow/.local/lib/python3.12/site-packages/airflow/example_dags/example_task_group.py for tasks to queue
[2026-06-13T17:50:21.640+0000] {logging_mixin.py:190} INFO - [2026-06-13T17:50:21.639+0000] {dagbag.py:588} INFO - Filling up the DagBag from /home/airflow/.local/lib/python3.12/site-packages/airflow/example_dags/example_task_group.py
[2026-06-13T17:50:21.668+0000] {processor.py:925} INFO - DAG(s) 'example_task_group' retrieved from /home/airflow/.local/lib/python3.12/site-packages/airflow/example_dags/example_task_group.py
[2026-06-13T17:50:21.749+0000] {logging_mixin.py:190} INFO - [2026-06-13T17:50:21.749+0000] {dag.py:3239} INFO - Sync 1 DAGs
[2026-06-13T17:50:21.787+0000] {logging_mixin.py:190} INFO - [2026-06-13T17:50:21.787+0000] {dag.py:4180} INFO - Setting next_dagrun for example_task_group to None, run_after=None
[2026-06-13T17:50:21.858+0000] {processor.py:208} INFO - Processing /home/airflow/.local/lib/python3.12/site-packages/airflow/example_dags/example_task_group.py took 0.251 seconds
[2026-06-13T17:50:52.685+0000] {processor.py:186} INFO - Started process (PID=7347) to work on /home/airflow/.local/lib/python3.12/site-packages/airflow/example_dags/example_task_group.py
[2026-06-13T17:50:52.688+0000] {processor.py:914} INFO - Processing file /home/airflow/.local/lib/python3.12/site-packages/airflow/example_dags/example_task_group.py for tasks to queue
[2026-06-13T17:50:52.695+0000] {logging_mixin.py:190} INFO - [2026-06-13T17:50:52.694+0000] {dagbag.py:588} INFO - Filling up the DagBag from /home/airflow/.local/lib/python3.12/site-packages/airflow/example_dags/example_task_group.py
[2026-06-13T17:50:52.722+0000] {processor.py:925} INFO - DAG(s) 'example_task_group' retrieved from /home/airflow/.local/lib/python3.12/site-packages/airflow/example_dags/example_task_group.py
[2026-06-13T17:50:52.786+0000] {logging_mixin.py:190} INFO - [2026-06-13T17:50:52.785+0000] {dag.py:3239} INFO - Sync 1 DAGs
[2026-06-13T17:50:52.823+0000] {logging_mixin.py:190} INFO - [2026-06-13T17:50:52.822+0000] {dag.py:4180} INFO - Setting next_dagrun for example_task_group to None, run_after=None
[2026-06-13T17:50:52.872+0000] {processor.py:208} INFO - Processing /home/airflow/.local/lib/python3.12/site-packages/airflow/example_dags/example_task_group.py took 0.202 seconds
[2026-06-13T17:51:25.589+0000] {processor.py:186} INFO - Started process (PID=7409) to work on /home/airflow/.local/lib/python3.12/site-packages/airflow/example_dags/example_task_group.py
[2026-06-13T17:51:25.593+0000] {processor.py:914} INFO - Processing file /home/airflow/.local/lib/python3.12/site-packages/airflow/example_dags/example_task_group.py for tasks to queue
[2026-06-13T17:51:25.604+0000] {logging_mixin.py:190} INFO - [2026-06-13T17:51:25.603+0000] {dagbag.py:588} INFO - Filling up the DagBag from /home/airflow/.local/lib/python3.12/site-packages/airflow/example_dags/example_task_group.py
[2026-06-13T17:51:25.638+0000] {processor.py:925} INFO - DAG(s) 'example_task_group' retrieved from /home/airflow/.local/lib/python3.12/site-packages/airflow/example_dags/example_task_group.py
[2026-06-13T17:51:25.725+0000] {logging_mixin.py:190} INFO - [2026-06-13T17:51:25.723+0000] {dag.py:3239} INFO - Sync 1 DAGs
[2026-06-13T17:51:25.793+0000] {logging_mixin.py:190} INFO - [2026-06-13T17:51:25.792+0000] {dag.py:4180} INFO - Setting next_dagrun for example_task_group to None, run_after=None
[2026-06-13T17:51:25.875+0000] {processor.py:208} INFO - Processing /home/airflow/.local/lib/python3.12/site-packages/airflow/example_dags/example_task_group.py took 0.312 seconds
[2026-06-13T17:51:56.361+0000] {processor.py:186} INFO - Started process (PID=7471) to work on /home/airflow/.local/lib/python3.12/site-packages/airflow/example_dags/example_task_group.py
[2026-06-13T17:51:56.365+0000] {processor.py:914} INFO - Processing file /home/airflow/.local/lib/python3.12/site-packages/airflow/example_dags/example_task_group.py for tasks to queue
[2026-06-13T17:51:56.373+0000] {logging_mixin.py:190} INFO - [2026-06-13T17:51:56.372+0000] {dagbag.py:588} INFO - Filling up the DagBag from /home/airflow/.local/lib/python3.12/site-packages/airflow/example_dags/example_task_group.py
[2026-06-13T17:51:56.411+0000] {processor.py:925} INFO - DAG(s) 'example_task_group' retrieved from /home/airflow/.local/lib/python3.12/site-packages/airflow/example_dags/example_task_group.py
[2026-06-13T17:51:56.491+0000] {logging_mixin.py:190} INFO - [2026-06-13T17:51:56.490+0000] {dag.py:3239} INFO - Sync 1 DAGs
[2026-06-13T17:51:56.541+0000] {logging_mixin.py:190} INFO - [2026-06-13T17:51:56.540+0000] {dag.py:4180} INFO - Setting next_dagrun for example_task_group to None, run_after=None
[2026-06-13T17:51:56.625+0000] {processor.py:208} INFO - Processing /home/airflow/.local/lib/python3.12/site-packages/airflow/example_dags/example_task_group.py took 0.287 seconds
[2026-06-13T17:52:27.057+0000] {processor.py:186} INFO - Started process (PID=7533) to work on /home/airflow/.local/lib/python3.12/site-packages/airflow/example_dags/example_task_group.py
[2026-06-13T17:52:27.058+0000] {processor.py:914} INFO - Processing file /home/airflow/.local/lib/python3.12/site-packages/airflow/example_dags/example_task_group.py for tasks to queue
[2026-06-13T17:52:27.061+0000] {logging_mixin.py:190} INFO - [2026-06-13T17:52:27.061+0000] {dagbag.py:588} INFO - Filling up the DagBag from /home/airflow/.local/lib/python3.12/site-packages/airflow/example_dags/example_task_group.py
[2026-06-13T17:52:27.070+0000] {processor.py:925} INFO - DAG(s) 'example_task_group' retrieved from /home/airflow/.local/lib/python3.12/site-packages/airflow/example_dags/example_task_group.py
[2026-06-13T17:52:27.094+0000] {logging_mixin.py:190} INFO - [2026-06-13T17:52:27.094+0000] {dag.py:3239} INFO - Sync 1 DAGs
[2026-06-13T17:52:27.107+0000] {logging_mixin.py:190} INFO - [2026-06-13T17:52:27.107+0000] {dag.py:4180} INFO - Setting next_dagrun for example_task_group to None, run_after=None
[2026-06-13T17:52:27.129+0000] {processor.py:208} INFO - Processing /home/airflow/.local/lib/python3.12/site-packages/airflow/example_dags/example_task_group.py took 0.078 seconds
[2026-06-13T17:52:57.270+0000] {processor.py:186} INFO - Started process (PID=7595) to work on /home/airflow/.local/lib/python3.12/site-packages/airflow/example_dags/example_task_group.py
[2026-06-13T17:52:57.271+0000] {processor.py:914} INFO - Processing file /home/airflow/.local/lib/python3.12/site-packages/airflow/example_dags/example_task_group.py for tasks to queue
[2026-06-13T17:52:57.274+0000] {logging_mixin.py:190} INFO - [2026-06-13T17:52:57.273+0000] {dagbag.py:588} INFO - Filling up the DagBag from /home/airflow/.local/lib/python3.12/site-packages/airflow/example_dags/example_task_group.py
[2026-06-13T17:52:57.282+0000] {processor.py:925} INFO - DAG(s) 'example_task_group' retrieved from /home/airflow/.local/lib/python3.12/site-packages/airflow/example_dags/example_task_group.py
[2026-06-13T17:52:57.306+0000] {logging_mixin.py:190} INFO - [2026-06-13T17:52:57.305+0000] {dag.py:3239} INFO - Sync 1 DAGs
[2026-06-13T17:52:57.320+0000] {logging_mixin.py:190} INFO - [2026-06-13T17:52:57.319+0000] {dag.py:4180} INFO - Setting next_dagrun for example_task_group to None, run_after=None
[2026-06-13T17:52:57.345+0000] {processor.py:208} INFO - Processing /home/airflow/.local/lib/python3.12/site-packages/airflow/example_dags/example_task_group.py took 0.081 seconds
[2026-06-13T17:53:28.221+0000] {processor.py:186} INFO - Started process (PID=7657) to work on /home/airflow/.local/lib/python3.12/site-packages/airflow/example_dags/example_task_group.py
[2026-06-13T17:53:28.223+0000] {processor.py:914} INFO - Processing file /home/airflow/.local/lib/python3.12/site-packages/airflow/example_dags/example_task_group.py for tasks to queue
[2026-06-13T17:53:28.228+0000] {logging_mixin.py:190} INFO - [2026-06-13T17:53:28.227+0000] {dagbag.py:588} INFO - Filling up the DagBag from /home/airflow/.local/lib/python3.12/site-packages/airflow/example_dags/example_task_group.py
[2026-06-13T17:53:28.240+0000] {processor.py:925} INFO - DAG(s) 'example_task_group' retrieved from /home/airflow/.local/lib/python3.12/site-packages/airflow/example_dags/example_task_group.py
[2026-06-13T17:53:28.272+0000] {logging_mixin.py:190} INFO - [2026-06-13T17:53:28.272+0000] {dag.py:3239} INFO - Sync 1 DAGs
[2026-06-13T17:53:28.290+0000] {logging_mixin.py:190} INFO - [2026-06-13T17:53:28.290+0000] {dag.py:4180} INFO - Setting next_dagrun for example_task_group to None, run_after=None
[2026-06-13T17:53:28.317+0000] {processor.py:208} INFO - Processing /home/airflow/.local/lib/python3.12/site-packages/airflow/example_dags/example_task_group.py took 0.105 seconds
[2026-06-13T17:53:58.499+0000] {processor.py:186} INFO - Started process (PID=7718) to work on /home/airflow/.local/lib/python3.12/site-packages/airflow/example_dags/example_task_group.py
[2026-06-13T17:53:58.501+0000] {processor.py:914} INFO - Processing file /home/airflow/.local/lib/python3.12/site-packages/airflow/example_dags/example_task_group.py for tasks to queue
[2026-06-13T17:53:58.505+0000] {logging_mixin.py:190} INFO - [2026-06-13T17:53:58.504+0000] {dagbag.py:588} INFO - Filling up the DagBag from /home/airflow/.local/lib/python3.12/site-packages/airflow/example_dags/example_task_group.py
[2026-06-13T17:53:58.519+0000] {processor.py:925} INFO - DAG(s) 'example_task_group' retrieved from /home/airflow/.local/lib/python3.12/site-packages/airflow/example_dags/example_task_group.py
[2026-06-13T17:53:58.556+0000] {logging_mixin.py:190} INFO - [2026-06-13T17:53:58.556+0000] {dag.py:3239} INFO - Sync 1 DAGs
[2026-06-13T17:53:58.578+0000] {logging_mixin.py:190} INFO - [2026-06-13T17:53:58.578+0000] {dag.py:4180} INFO - Setting next_dagrun for example_task_group to None, run_after=None
[2026-06-13T17:53:58.614+0000] {processor.py:208} INFO - Processing /home/airflow/.local/lib/python3.12/site-packages/airflow/example_dags/example_task_group.py took 0.122 seconds
[2026-06-13T17:54:29.417+0000] {processor.py:186} INFO - Started process (PID=7780) to work on /home/airflow/.local/lib/python3.12/site-packages/airflow/example_dags/example_task_group.py
[2026-06-13T17:54:29.418+0000] {processor.py:914} INFO - Processing file /home/airflow/.local/lib/python3.12/site-packages/airflow/example_dags/example_task_group.py for tasks to queue
[2026-06-13T17:54:29.421+0000] {logging_mixin.py:190} INFO - [2026-06-13T17:54:29.420+0000] {dagbag.py:588} INFO - Filling up the DagBag from /home/airflow/.local/lib/python3.12/site-packages/airflow/example_dags/example_task_group.py
[2026-06-13T17:54:29.430+0000] {processor.py:925} INFO - DAG(s) 'example_task_group' retrieved from /home/airflow/.local/lib/python3.12/site-packages/airflow/example_dags/example_task_group.py
[2026-06-13T17:54:29.453+0000] {logging_mixin.py:190} INFO - [2026-06-13T17:54:29.453+0000] {dag.py:3239} INFO - Sync 1 DAGs
[2026-06-13T17:54:29.612+0000] {logging_mixin.py:190} INFO - [2026-06-13T17:54:29.611+0000] {dag.py:4180} INFO - Setting next_dagrun for example_task_group to None, run_after=None
[2026-06-13T17:54:29.628+0000] {processor.py:208} INFO - Processing /home/airflow/.local/lib/python3.12/site-packages/airflow/example_dags/example_task_group.py took 0.217 seconds
[2026-06-13T17:54:59.958+0000] {processor.py:186} INFO - Started process (PID=7842) to work on /home/airflow/.local/lib/python3.12/site-packages/airflow/example_dags/example_task_group.py
[2026-06-13T17:54:59.960+0000] {processor.py:914} INFO - Processing file /home/airflow/.local/lib/python3.12/site-packages/airflow/example_dags/example_task_group.py for tasks to queue
[2026-06-13T17:54:59.962+0000] {logging_mixin.py:190} INFO - [2026-06-13T17:54:59.962+0000] {dagbag.py:588} INFO - Filling up the DagBag from /home/airflow/.local/lib/python3.12/site-packages/airflow/example_dags/example_task_group.py
[2026-06-13T17:54:59.970+0000] {processor.py:925} INFO - DAG(s) 'example_task_group' retrieved from /home/airflow/.local/lib/python3.12/site-packages/airflow/example_dags/example_task_group.py
[2026-06-13T17:54:59.990+0000] {logging_mixin.py:190} INFO - [2026-06-13T17:54:59.990+0000] {dag.py:3239} INFO - Sync 1 DAGs
[2026-06-13T17:55:00.002+0000] {logging_mixin.py:190} INFO - [2026-06-13T17:55:00.002+0000] {dag.py:4180} INFO - Setting next_dagrun for example_task_group to None, run_after=None
[2026-06-13T17:55:00.024+0000] {processor.py:208} INFO - Processing /home/airflow/.local/lib/python3.12/site-packages/airflow/example_dags/example_task_group.py took 0.072 seconds
[2026-06-13T17:55:30.143+0000] {processor.py:186} INFO - Started process (PID=7903) to work on /home/airflow/.local/lib/python3.12/site-packages/airflow/example_dags/example_task_group.py
[2026-06-13T17:55:30.144+0000] {processor.py:914} INFO - Processing file /home/airflow/.local/lib/python3.12/site-packages/airflow/example_dags/example_task_group.py for tasks to queue
[2026-06-13T17:55:30.147+0000] {logging_mixin.py:190} INFO - [2026-06-13T17:55:30.147+0000] {dagbag.py:588} INFO - Filling up the DagBag from /home/airflow/.local/lib/python3.12/site-packages/airflow/example_dags/example_task_group.py
[2026-06-13T17:55:30.155+0000] {processor.py:925} INFO - DAG(s) 'example_task_group' retrieved from /home/airflow/.local/lib/python3.12/site-packages/airflow/example_dags/example_task_group.py
[2026-06-13T17:55:30.179+0000] {logging_mixin.py:190} INFO - [2026-06-13T17:55:30.178+0000] {dag.py:3239} INFO - Sync 1 DAGs
[2026-06-13T17:55:30.192+0000] {logging_mixin.py:190} INFO - [2026-06-13T17:55:30.192+0000] {dag.py:4180} INFO - Setting next_dagrun for example_task_group to None, run_after=None
[2026-06-13T17:55:30.214+0000] {processor.py:208} INFO - Processing /home/airflow/.local/lib/python3.12/site-packages/airflow/example_dags/example_task_group.py took 0.077 seconds
[2026-06-13T17:56:01.139+0000] {processor.py:186} INFO - Started process (PID=7967) to work on /home/airflow/.local/lib/python3.12/site-packages/airflow/example_dags/example_task_group.py
[2026-06-13T17:56:01.140+0000] {processor.py:914} INFO - Processing file /home/airflow/.local/lib/python3.12/site-packages/airflow/example_dags/example_task_group.py for tasks to queue
[2026-06-13T17:56:01.142+0000] {logging_mixin.py:190} INFO - [2026-06-13T17:56:01.142+0000] {dagbag.py:588} INFO - Filling up the DagBag from /home/airflow/.local/lib/python3.12/site-packages/airflow/example_dags/example_task_group.py
[2026-06-13T17:56:01.150+0000] {processor.py:925} INFO - DAG(s) 'example_task_group' retrieved from /home/airflow/.local/lib/python3.12/site-packages/airflow/example_dags/example_task_group.py
[2026-06-13T17:56:01.170+0000] {logging_mixin.py:190} INFO - [2026-06-13T17:56:01.170+0000] {dag.py:3239} INFO - Sync 1 DAGs
[2026-06-13T17:56:01.181+0000] {logging_mixin.py:190} INFO - [2026-06-13T17:56:01.181+0000] {dag.py:4180} INFO - Setting next_dagrun for example_task_group to None, run_after=None
[2026-06-13T17:56:01.213+0000] {processor.py:208} INFO - Processing /home/airflow/.local/lib/python3.12/site-packages/airflow/example_dags/example_task_group.py took 0.079 seconds
[2026-06-13T17:56:31.953+0000] {processor.py:186} INFO - Started process (PID=8029) to work on /home/airflow/.local/lib/python3.12/site-packages/airflow/example_dags/example_task_group.py
[2026-06-13T17:56:31.954+0000] {processor.py:914} INFO - Processing file /home/airflow/.local/lib/python3.12/site-packages/airflow/example_dags/example_task_group.py for tasks to queue
[2026-06-13T17:56:31.957+0000] {logging_mixin.py:190} INFO - [2026-06-13T17:56:31.956+0000] {dagbag.py:588} INFO - Filling up the DagBag from /home/airflow/.local/lib/python3.12/site-packages/airflow/example_dags/example_task_group.py
[2026-06-13T17:56:31.964+0000] {processor.py:925} INFO - DAG(s) 'example_task_group' retrieved from /home/airflow/.local/lib/python3.12/site-packages/airflow/example_dags/example_task_group.py
[2026-06-13T17:56:31.983+0000] {logging_mixin.py:190} INFO - [2026-06-13T17:56:31.983+0000] {dag.py:3239} INFO - Sync 1 DAGs
[2026-06-13T17:56:31.995+0000] {logging_mixin.py:190} INFO - [2026-06-13T17:56:31.995+0000] {dag.py:4180} INFO - Setting next_dagrun for example_task_group to None, run_after=None
[2026-06-13T17:56:32.020+0000] {processor.py:208} INFO - Processing /home/airflow/.local/lib/python3.12/site-packages/airflow/example_dags/example_task_group.py took 0.072 seconds
[2026-06-13T17:57:02.396+0000] {processor.py:186} INFO - Started process (PID=8091) to work on /home/airflow/.local/lib/python3.12/site-packages/airflow/example_dags/example_task_group.py
[2026-06-13T17:57:02.397+0000] {processor.py:914} INFO - Processing file /home/airflow/.local/lib/python3.12/site-packages/airflow/example_dags/example_task_group.py for tasks to queue
[2026-06-13T17:57:02.399+0000] {logging_mixin.py:190} INFO - [2026-06-13T17:57:02.399+0000] {dagbag.py:588} INFO - Filling up the DagBag from /home/airflow/.local/lib/python3.12/site-packages/airflow/example_dags/example_task_group.py
[2026-06-13T17:57:02.406+0000] {processor.py:925} INFO - DAG(s) 'example_task_group' retrieved from /home/airflow/.local/lib/python3.12/site-packages/airflow/example_dags/example_task_group.py
[2026-06-13T17:57:02.427+0000] {logging_mixin.py:190} INFO - [2026-06-13T17:57:02.427+0000] {dag.py:3239} INFO - Sync 1 DAGs
[2026-06-13T17:57:02.438+0000] {logging_mixin.py:190} INFO - [2026-06-13T17:57:02.438+0000] {dag.py:4180} INFO - Setting next_dagrun for example_task_group to None, run_after=None
[2026-06-13T17:57:02.465+0000] {processor.py:208} INFO - Processing /home/airflow/.local/lib/python3.12/site-packages/airflow/example_dags/example_task_group.py took 0.074 seconds
[2026-06-13T17:57:33.067+0000] {processor.py:186} INFO - Started process (PID=8153) to work on /home/airflow/.local/lib/python3.12/site-packages/airflow/example_dags/example_task_group.py
[2026-06-13T17:57:33.068+0000] {processor.py:914} INFO - Processing file /home/airflow/.local/lib/python3.12/site-packages/airflow/example_dags/example_task_group.py for tasks to queue
[2026-06-13T17:57:33.071+0000] {logging_mixin.py:190} INFO - [2026-06-13T17:57:33.071+0000] {dagbag.py:588} INFO - Filling up the DagBag from /home/airflow/.local/lib/python3.12/site-packages/airflow/example_dags/example_task_group.py
[2026-06-13T17:57:33.080+0000] {processor.py:925} INFO - DAG(s) 'example_task_group' retrieved from /home/airflow/.local/lib/python3.12/site-packages/airflow/example_dags/example_task_group.py
[2026-06-13T17:57:33.101+0000] {logging_mixin.py:190} INFO - [2026-06-13T17:57:33.101+0000] {dag.py:3239} INFO - Sync 1 DAGs
[2026-06-13T17:57:33.114+0000] {logging_mixin.py:190} INFO - [2026-06-13T17:57:33.114+0000] {dag.py:4180} INFO - Setting next_dagrun for example_task_group to None, run_after=None
[2026-06-13T17:57:33.136+0000] {processor.py:208} INFO - Processing /home/airflow/.local/lib/python3.12/site-packages/airflow/example_dags/example_task_group.py took 0.075 seconds
[2026-06-13T17:58:04.066+0000] {processor.py:186} INFO - Started process (PID=8215) to work on /home/airflow/.local/lib/python3.12/site-packages/airflow/example_dags/example_task_group.py
[2026-06-13T17:58:04.067+0000] {processor.py:914} INFO - Processing file /home/airflow/.local/lib/python3.12/site-packages/airflow/example_dags/example_task_group.py for tasks to queue
[2026-06-13T17:58:04.069+0000] {logging_mixin.py:190} INFO - [2026-06-13T17:58:04.069+0000] {dagbag.py:588} INFO - Filling up the DagBag from /home/airflow/.local/lib/python3.12/site-packages/airflow/example_dags/example_task_group.py
[2026-06-13T17:58:04.077+0000] {processor.py:925} INFO - DAG(s) 'example_task_group' retrieved from /home/airflow/.local/lib/python3.12/site-packages/airflow/example_dags/example_task_group.py
[2026-06-13T17:58:04.097+0000] {logging_mixin.py:190} INFO - [2026-06-13T17:58:04.096+0000] {dag.py:3239} INFO - Sync 1 DAGs
[2026-06-13T17:58:04.108+0000] {logging_mixin.py:190} INFO - [2026-06-13T17:58:04.108+0000] {dag.py:4180} INFO - Setting next_dagrun for example_task_group to None, run_after=None
[2026-06-13T17:58:04.130+0000] {processor.py:208} INFO - Processing /home/airflow/.local/lib/python3.12/site-packages/airflow/example_dags/example_task_group.py took 0.070 seconds
[2026-06-13T17:58:34.783+0000] {processor.py:186} INFO - Started process (PID=8277) to work on /home/airflow/.local/lib/python3.12/site-packages/airflow/example_dags/example_task_group.py
[2026-06-13T17:58:34.785+0000] {processor.py:914} INFO - Processing file /home/airflow/.local/lib/python3.12/site-packages/airflow/example_dags/example_task_group.py for tasks to queue
[2026-06-13T17:58:34.787+0000] {logging_mixin.py:190} INFO - [2026-06-13T17:58:34.787+0000] {dagbag.py:588} INFO - Filling up the DagBag from /home/airflow/.local/lib/python3.12/site-packages/airflow/example_dags/example_task_group.py
[2026-06-13T17:58:34.794+0000] {processor.py:925} INFO - DAG(s) 'example_task_group' retrieved from /home/airflow/.local/lib/python3.12/site-packages/airflow/example_dags/example_task_group.py
[2026-06-13T17:58:34.814+0000] {logging_mixin.py:190} INFO - [2026-06-13T17:58:34.814+0000] {dag.py:3239} INFO - Sync 1 DAGs
[2026-06-13T17:58:34.825+0000] {logging_mixin.py:190} INFO - [2026-06-13T17:58:34.825+0000] {dag.py:4180} INFO - Setting next_dagrun for example_task_group to None, run_after=None
[2026-06-13T17:58:34.846+0000] {processor.py:208} INFO - Processing /home/airflow/.local/lib/python3.12/site-packages/airflow/example_dags/example_task_group.py took 0.068 seconds
[2026-06-13T17:59:05.466+0000] {processor.py:186} INFO - Started process (PID=8339) to work on /home/airflow/.local/lib/python3.12/site-packages/airflow/example_dags/example_task_group.py
[2026-06-13T17:59:05.467+0000] {processor.py:914} INFO - Processing file /home/airflow/.local/lib/python3.12/site-packages/airflow/example_dags/example_task_group.py for tasks to queue
[2026-06-13T17:59:05.469+0000] {logging_mixin.py:190} INFO - [2026-06-13T17:59:05.469+0000] {dagbag.py:588} INFO - Filling up the DagBag from /home/airflow/.local/lib/python3.12/site-packages/airflow/example_dags/example_task_group.py
[2026-06-13T17:59:05.478+0000] {processor.py:925} INFO - DAG(s) 'example_task_group' retrieved from /home/airflow/.local/lib/python3.12/site-packages/airflow/example_dags/example_task_group.py
[2026-06-13T17:59:05.498+0000] {logging_mixin.py:190} INFO - [2026-06-13T17:59:05.498+0000] {dag.py:3239} INFO - Sync 1 DAGs
[2026-06-13T17:59:05.510+0000] {logging_mixin.py:190} INFO - [2026-06-13T17:59:05.510+0000] {dag.py:4180} INFO - Setting next_dagrun for example_task_group to None, run_after=None
[2026-06-13T17:59:05.527+0000] {processor.py:208} INFO - Processing /home/airflow/.local/lib/python3.12/site-packages/airflow/example_dags/example_task_group.py took 0.066 seconds
[2026-06-13T17:59:36.232+0000] {processor.py:186} INFO - Started process (PID=8401) to work on /home/airflow/.local/lib/python3.12/site-packages/airflow/example_dags/example_task_group.py
[2026-06-13T17:59:36.234+0000] {processor.py:914} INFO - Processing file /home/airflow/.local/lib/python3.12/site-packages/airflow/example_dags/example_task_group.py for tasks to queue
[2026-06-13T17:59:36.237+0000] {logging_mixin.py:190} INFO - [2026-06-13T17:59:36.236+0000] {dagbag.py:588} INFO - Filling up the DagBag from /home/airflow/.local/lib/python3.12/site-packages/airflow/example_dags/example_task_group.py
[2026-06-13T17:59:36.246+0000] {processor.py:925} INFO - DAG(s) 'example_task_group' retrieved from /home/airflow/.local/lib/python3.12/site-packages/airflow/example_dags/example_task_group.py
[2026-06-13T17:59:36.266+0000] {logging_mixin.py:190} INFO - [2026-06-13T17:59:36.266+0000] {dag.py:3239} INFO - Sync 1 DAGs
[2026-06-13T17:59:36.279+0000] {logging_mixin.py:190} INFO - [2026-06-13T17:59:36.279+0000] {dag.py:4180} INFO - Setting next_dagrun for example_task_group to None, run_after=None
[2026-06-13T17:59:36.300+0000] {processor.py:208} INFO - Processing /home/airflow/.local/lib/python3.12/site-packages/airflow/example_dags/example_task_group.py took 0.075 seconds
[2026-06-13T18:00:06.452+0000] {processor.py:186} INFO - Started process (PID=8463) to work on /home/airflow/.local/lib/python3.12/site-packages/airflow/example_dags/example_task_group.py
[2026-06-13T18:00:06.453+0000] {processor.py:914} INFO - Processing file /home/airflow/.local/lib/python3.12/site-packages/airflow/example_dags/example_task_group.py for tasks to queue
[2026-06-13T18:00:06.456+0000] {logging_mixin.py:190} INFO - [2026-06-13T18:00:06.456+0000] {dagbag.py:588} INFO - Filling up the DagBag from /home/airflow/.local/lib/python3.12/site-packages/airflow/example_dags/example_task_group.py
[2026-06-13T18:00:06.465+0000] {processor.py:925} INFO - DAG(s) 'example_task_group' retrieved from /home/airflow/.local/lib/python3.12/site-packages/airflow/example_dags/example_task_group.py
[2026-06-13T18:00:06.485+0000] {logging_mixin.py:190} INFO - [2026-06-13T18:00:06.484+0000] {dag.py:3239} INFO - Sync 1 DAGs
[2026-06-13T18:00:06.498+0000] {logging_mixin.py:190} INFO - [2026-06-13T18:00:06.497+0000] {dag.py:4180} INFO - Setting next_dagrun for example_task_group to None, run_after=None
[2026-06-13T18:00:06.515+0000] {processor.py:208} INFO - Processing /home/airflow/.local/lib/python3.12/site-packages/airflow/example_dags/example_task_group.py took 0.068 seconds
[2026-06-13T18:00:36.853+0000] {processor.py:186} INFO - Started process (PID=8526) to work on /home/airflow/.local/lib/python3.12/site-packages/airflow/example_dags/example_task_group.py
[2026-06-13T18:00:36.854+0000] {processor.py:914} INFO - Processing file /home/airflow/.local/lib/python3.12/site-packages/airflow/example_dags/example_task_group.py for tasks to queue
[2026-06-13T18:00:36.856+0000] {logging_mixin.py:190} INFO - [2026-06-13T18:00:36.856+0000] {dagbag.py:588} INFO - Filling up the DagBag from /home/airflow/.local/lib/python3.12/site-packages/airflow/example_dags/example_task_group.py
[2026-06-13T18:00:36.864+0000] {processor.py:925} INFO - DAG(s) 'example_task_group' retrieved from /home/airflow/.local/lib/python3.12/site-packages/airflow/example_dags/example_task_group.py
[2026-06-13T18:00:36.883+0000] {logging_mixin.py:190} INFO - [2026-06-13T18:00:36.883+0000] {dag.py:3239} INFO - Sync 1 DAGs
[2026-06-13T18:00:36.895+0000] {logging_mixin.py:190} INFO - [2026-06-13T18:00:36.895+0000] {dag.py:4180} INFO - Setting next_dagrun for example_task_group to None, run_after=None
[2026-06-13T18:00:36.911+0000] {processor.py:208} INFO - Processing /home/airflow/.local/lib/python3.12/site-packages/airflow/example_dags/example_task_group.py took 0.062 seconds
[2026-06-13T18:01:07.381+0000] {processor.py:186} INFO - Started process (PID=8588) to work on /home/airflow/.local/lib/python3.12/site-packages/airflow/example_dags/example_task_group.py
[2026-06-13T18:01:07.382+0000] {processor.py:914} INFO - Processing file /home/airflow/.local/lib/python3.12/site-packages/airflow/example_dags/example_task_group.py for tasks to queue
[2026-06-13T18:01:07.385+0000] {logging_mixin.py:190} INFO - [2026-06-13T18:01:07.384+0000] {dagbag.py:588} INFO - Filling up the DagBag from /home/airflow/.local/lib/python3.12/site-packages/airflow/example_dags/example_task_group.py
[2026-06-13T18:01:07.395+0000] {processor.py:925} INFO - DAG(s) 'example_task_group' retrieved from /home/airflow/.local/lib/python3.12/site-packages/airflow/example_dags/example_task_group.py
[2026-06-13T18:01:07.414+0000] {logging_mixin.py:190} INFO - [2026-06-13T18:01:07.414+0000] {dag.py:3239} INFO - Sync 1 DAGs
[2026-06-13T18:01:07.426+0000] {logging_mixin.py:190} INFO - [2026-06-13T18:01:07.426+0000] {dag.py:4180} INFO - Setting next_dagrun for example_task_group to None, run_after=None
[2026-06-13T18:01:07.444+0000] {processor.py:208} INFO - Processing /home/airflow/.local/lib/python3.12/site-packages/airflow/example_dags/example_task_group.py took 0.069 seconds
[2026-06-13T18:01:38.001+0000] {processor.py:186} INFO - Started process (PID=8650) to work on /home/airflow/.local/lib/python3.12/site-packages/airflow/example_dags/example_task_group.py
[2026-06-13T18:01:38.003+0000] {processor.py:914} INFO - Processing file /home/airflow/.local/lib/python3.12/site-packages/airflow/example_dags/example_task_group.py for tasks to queue
[2026-06-13T18:01:38.006+0000] {logging_mixin.py:190} INFO - [2026-06-13T18:01:38.005+0000] {dagbag.py:588} INFO - Filling up the DagBag from /home/airflow/.local/lib/python3.12/site-packages/airflow/example_dags/example_task_group.py
[2026-06-13T18:01:38.015+0000] {processor.py:925} INFO - DAG(s) 'example_task_group' retrieved from /home/airflow/.local/lib/python3.12/site-packages/airflow/example_dags/example_task_group.py
[2026-06-13T18:01:38.036+0000] {logging_mixin.py:190} INFO - [2026-06-13T18:01:38.036+0000] {dag.py:3239} INFO - Sync 1 DAGs
[2026-06-13T18:01:38.048+0000] {logging_mixin.py:190} INFO - [2026-06-13T18:01:38.048+0000] {dag.py:4180} INFO - Setting next_dagrun for example_task_group to None, run_after=None
[2026-06-13T18:01:38.067+0000] {processor.py:208} INFO - Processing /home/airflow/.local/lib/python3.12/site-packages/airflow/example_dags/example_task_group.py took 0.071 seconds
[2026-06-13T18:02:08.695+0000] {processor.py:186} INFO - Started process (PID=8712) to work on /home/airflow/.local/lib/python3.12/site-packages/airflow/example_dags/example_task_group.py
[2026-06-13T18:02:08.697+0000] {processor.py:914} INFO - Processing file /home/airflow/.local/lib/python3.12/site-packages/airflow/example_dags/example_task_group.py for tasks to queue
[2026-06-13T18:02:08.700+0000] {logging_mixin.py:190} INFO - [2026-06-13T18:02:08.700+0000] {dagbag.py:588} INFO - Filling up the DagBag from /home/airflow/.local/lib/python3.12/site-packages/airflow/example_dags/example_task_group.py
[2026-06-13T18:02:08.709+0000] {processor.py:925} INFO - DAG(s) 'example_task_group' retrieved from /home/airflow/.local/lib/python3.12/site-packages/airflow/example_dags/example_task_group.py
[2026-06-13T18:02:08.735+0000] {logging_mixin.py:190} INFO - [2026-06-13T18:02:08.735+0000] {dag.py:3239} INFO - Sync 1 DAGs
[2026-06-13T18:02:08.749+0000] {logging_mixin.py:190} INFO - [2026-06-13T18:02:08.749+0000] {dag.py:4180} INFO - Setting next_dagrun for example_task_group to None, run_after=None
[2026-06-13T18:02:08.769+0000] {processor.py:208} INFO - Processing /home/airflow/.local/lib/python3.12/site-packages/airflow/example_dags/example_task_group.py took 0.081 seconds
[2026-06-13T18:02:39.095+0000] {processor.py:186} INFO - Started process (PID=8774) to work on /home/airflow/.local/lib/python3.12/site-packages/airflow/example_dags/example_task_group.py
[2026-06-13T18:02:39.097+0000] {processor.py:914} INFO - Processing file /home/airflow/.local/lib/python3.12/site-packages/airflow/example_dags/example_task_group.py for tasks to queue
[2026-06-13T18:02:39.099+0000] {logging_mixin.py:190} INFO - [2026-06-13T18:02:39.098+0000] {dagbag.py:588} INFO - Filling up the DagBag from /home/airflow/.local/lib/python3.12/site-packages/airflow/example_dags/example_task_group.py
[2026-06-13T18:02:39.106+0000] {processor.py:925} INFO - DAG(s) 'example_task_group' retrieved from /home/airflow/.local/lib/python3.12/site-packages/airflow/example_dags/example_task_group.py
[2026-06-13T18:02:39.124+0000] {logging_mixin.py:190} INFO - [2026-06-13T18:02:39.124+0000] {dag.py:3239} INFO - Sync 1 DAGs
[2026-06-13T18:02:39.136+0000] {logging_mixin.py:190} INFO - [2026-06-13T18:02:39.136+0000] {dag.py:4180} INFO - Setting next_dagrun for example_task_group to None, run_after=None
[2026-06-13T18:02:39.152+0000] {processor.py:208} INFO - Processing /home/airflow/.local/lib/python3.12/site-packages/airflow/example_dags/example_task_group.py took 0.062 seconds
[2026-06-13T18:03:09.474+0000] {processor.py:186} INFO - Started process (PID=8835) to work on /home/airflow/.local/lib/python3.12/site-packages/airflow/example_dags/example_task_group.py
[2026-06-13T18:03:09.476+0000] {processor.py:914} INFO - Processing file /home/airflow/.local/lib/python3.12/site-packages/airflow/example_dags/example_task_group.py for tasks to queue
[2026-06-13T18:03:09.480+0000] {logging_mixin.py:190} INFO - [2026-06-13T18:03:09.480+0000] {dagbag.py:588} INFO - Filling up the DagBag from /home/airflow/.local/lib/python3.12/site-packages/airflow/example_dags/example_task_group.py
[2026-06-13T18:03:09.494+0000] {processor.py:925} INFO - DAG(s) 'example_task_group' retrieved from /home/airflow/.local/lib/python3.12/site-packages/airflow/example_dags/example_task_group.py
[2026-06-13T18:03:09.524+0000] {logging_mixin.py:190} INFO - [2026-06-13T18:03:09.524+0000] {dag.py:3239} INFO - Sync 1 DAGs
[2026-06-13T18:03:09.543+0000] {logging_mixin.py:190} INFO - [2026-06-13T18:03:09.542+0000] {dag.py:4180} INFO - Setting next_dagrun for example_task_group to None, run_after=None
[2026-06-13T18:03:09.571+0000] {processor.py:208} INFO - Processing /home/airflow/.local/lib/python3.12/site-packages/airflow/example_dags/example_task_group.py took 0.104 seconds
[2026-06-13T18:03:40.448+0000] {processor.py:186} INFO - Started process (PID=8897) to work on /home/airflow/.local/lib/python3.12/site-packages/airflow/example_dags/example_task_group.py
[2026-06-13T18:03:40.449+0000] {processor.py:914} INFO - Processing file /home/airflow/.local/lib/python3.12/site-packages/airflow/example_dags/example_task_group.py for tasks to queue
[2026-06-13T18:03:40.452+0000] {logging_mixin.py:190} INFO - [2026-06-13T18:03:40.451+0000] {dagbag.py:588} INFO - Filling up the DagBag from /home/airflow/.local/lib/python3.12/site-packages/airflow/example_dags/example_task_group.py
[2026-06-13T18:03:40.463+0000] {processor.py:925} INFO - DAG(s) 'example_task_group' retrieved from /home/airflow/.local/lib/python3.12/site-packages/airflow/example_dags/example_task_group.py
[2026-06-13T18:03:40.486+0000] {logging_mixin.py:190} INFO - [2026-06-13T18:03:40.486+0000] {dag.py:3239} INFO - Sync 1 DAGs
[2026-06-13T18:03:40.499+0000] {logging_mixin.py:190} INFO - [2026-06-13T18:03:40.499+0000] {dag.py:4180} INFO - Setting next_dagrun for example_task_group to None, run_after=None
[2026-06-13T18:03:40.523+0000] {processor.py:208} INFO - Processing /home/airflow/.local/lib/python3.12/site-packages/airflow/example_dags/example_task_group.py took 0.084 seconds
[2026-06-13T18:04:11.077+0000] {processor.py:186} INFO - Started process (PID=8959) to work on /home/airflow/.local/lib/python3.12/site-packages/airflow/example_dags/example_task_group.py
[2026-06-13T18:04:11.078+0000] {processor.py:914} INFO - Processing file /home/airflow/.local/lib/python3.12/site-packages/airflow/example_dags/example_task_group.py for tasks to queue
[2026-06-13T18:04:11.082+0000] {logging_mixin.py:190} INFO - [2026-06-13T18:04:11.081+0000] {dagbag.py:588} INFO - Filling up the DagBag from /home/airflow/.local/lib/python3.12/site-packages/airflow/example_dags/example_task_group.py
[2026-06-13T18:04:11.093+0000] {processor.py:925} INFO - DAG(s) 'example_task_group' retrieved from /home/airflow/.local/lib/python3.12/site-packages/airflow/example_dags/example_task_group.py
[2026-06-13T18:04:11.125+0000] {logging_mixin.py:190} INFO - [2026-06-13T18:04:11.124+0000] {dag.py:3239} INFO - Sync 1 DAGs
[2026-06-13T18:04:11.143+0000] {logging_mixin.py:190} INFO - [2026-06-13T18:04:11.143+0000] {dag.py:4180} INFO - Setting next_dagrun for example_task_group to None, run_after=None
[2026-06-13T18:04:11.169+0000] {processor.py:208} INFO - Processing /home/airflow/.local/lib/python3.12/site-packages/airflow/example_dags/example_task_group.py took 0.099 seconds
[2026-06-13T18:04:41.535+0000] {processor.py:186} INFO - Started process (PID=9021) to work on /home/airflow/.local/lib/python3.12/site-packages/airflow/example_dags/example_task_group.py
[2026-06-13T18:04:41.537+0000] {processor.py:914} INFO - Processing file /home/airflow/.local/lib/python3.12/site-packages/airflow/example_dags/example_task_group.py for tasks to queue
[2026-06-13T18:04:41.540+0000] {logging_mixin.py:190} INFO - [2026-06-13T18:04:41.539+0000] {dagbag.py:588} INFO - Filling up the DagBag from /home/airflow/.local/lib/python3.12/site-packages/airflow/example_dags/example_task_group.py
[2026-06-13T18:04:41.552+0000] {processor.py:925} INFO - DAG(s) 'example_task_group' retrieved from /home/airflow/.local/lib/python3.12/site-packages/airflow/example_dags/example_task_group.py
[2026-06-13T18:04:41.579+0000] {logging_mixin.py:190} INFO - [2026-06-13T18:04:41.579+0000] {dag.py:3239} INFO - Sync 1 DAGs
[2026-06-13T18:04:41.592+0000] {logging_mixin.py:190} INFO - [2026-06-13T18:04:41.591+0000] {dag.py:4180} INFO - Setting next_dagrun for example_task_group to None, run_after=None
[2026-06-13T18:04:41.614+0000] {processor.py:208} INFO - Processing /home/airflow/.local/lib/python3.12/site-packages/airflow/example_dags/example_task_group.py took 0.086 seconds
[2026-06-13T18:05:11.877+0000] {processor.py:186} INFO - Started process (PID=9083) to work on /home/airflow/.local/lib/python3.12/site-packages/airflow/example_dags/example_task_group.py
[2026-06-13T18:05:11.878+0000] {processor.py:914} INFO - Processing file /home/airflow/.local/lib/python3.12/site-packages/airflow/example_dags/example_task_group.py for tasks to queue
[2026-06-13T18:05:11.881+0000] {logging_mixin.py:190} INFO - [2026-06-13T18:05:11.880+0000] {dagbag.py:588} INFO - Filling up the DagBag from /home/airflow/.local/lib/python3.12/site-packages/airflow/example_dags/example_task_group.py
[2026-06-13T18:05:11.888+0000] {processor.py:925} INFO - DAG(s) 'example_task_group' retrieved from /home/airflow/.local/lib/python3.12/site-packages/airflow/example_dags/example_task_group.py
[2026-06-13T18:05:11.907+0000] {logging_mixin.py:190} INFO - [2026-06-13T18:05:11.907+0000] {dag.py:3239} INFO - Sync 1 DAGs
[2026-06-13T18:05:11.918+0000] {logging_mixin.py:190} INFO - [2026-06-13T18:05:11.918+0000] {dag.py:4180} INFO - Setting next_dagrun for example_task_group to None, run_after=None
[2026-06-13T18:05:11.938+0000] {processor.py:208} INFO - Processing /home/airflow/.local/lib/python3.12/site-packages/airflow/example_dags/example_task_group.py took 0.067 seconds
[2026-06-13T18:05:41.971+0000] {processor.py:186} INFO - Started process (PID=9145) to work on /home/airflow/.local/lib/python3.12/site-packages/airflow/example_dags/example_task_group.py
[2026-06-13T18:05:41.972+0000] {processor.py:914} INFO - Processing file /home/airflow/.local/lib/python3.12/site-packages/airflow/example_dags/example_task_group.py for tasks to queue
[2026-06-13T18:05:41.975+0000] {logging_mixin.py:190} INFO - [2026-06-13T18:05:41.975+0000] {dagbag.py:588} INFO - Filling up the DagBag from /home/airflow/.local/lib/python3.12/site-packages/airflow/example_dags/example_task_group.py
[2026-06-13T18:05:41.983+0000] {processor.py:925} INFO - DAG(s) 'example_task_group' retrieved from /home/airflow/.local/lib/python3.12/site-packages/airflow/example_dags/example_task_group.py
[2026-06-13T18:05:42.001+0000] {logging_mixin.py:190} INFO - [2026-06-13T18:05:42.001+0000] {dag.py:3239} INFO - Sync 1 DAGs
[2026-06-13T18:05:42.013+0000] {logging_mixin.py:190} INFO - [2026-06-13T18:05:42.013+0000] {dag.py:4180} INFO - Setting next_dagrun for example_task_group to None, run_after=None
[2026-06-13T18:05:42.032+0000] {processor.py:208} INFO - Processing /home/airflow/.local/lib/python3.12/site-packages/airflow/example_dags/example_task_group.py took 0.066 seconds
[2026-06-13T18:06:12.479+0000] {processor.py:186} INFO - Started process (PID=9208) to work on /home/airflow/.local/lib/python3.12/site-packages/airflow/example_dags/example_task_group.py
[2026-06-13T18:06:12.481+0000] {processor.py:914} INFO - Processing file /home/airflow/.local/lib/python3.12/site-packages/airflow/example_dags/example_task_group.py for tasks to queue
[2026-06-13T18:06:12.483+0000] {logging_mixin.py:190} INFO - [2026-06-13T18:06:12.483+0000] {dagbag.py:588} INFO - Filling up the DagBag from /home/airflow/.local/lib/python3.12/site-packages/airflow/example_dags/example_task_group.py
[2026-06-13T18:06:12.490+0000] {processor.py:925} INFO - DAG(s) 'example_task_group' retrieved from /home/airflow/.local/lib/python3.12/site-packages/airflow/example_dags/example_task_group.py
[2026-06-13T18:06:12.510+0000] {logging_mixin.py:190} INFO - [2026-06-13T18:06:12.509+0000] {dag.py:3239} INFO - Sync 1 DAGs
[2026-06-13T18:06:12.522+0000] {logging_mixin.py:190} INFO - [2026-06-13T18:06:12.522+0000] {dag.py:4180} INFO - Setting next_dagrun for example_task_group to None, run_after=None
[2026-06-13T18:06:12.548+0000] {processor.py:208} INFO - Processing /home/airflow/.local/lib/python3.12/site-packages/airflow/example_dags/example_task_group.py took 0.073 seconds
[2026-06-13T18:06:42.827+0000] {processor.py:186} INFO - Started process (PID=9270) to work on /home/airflow/.local/lib/python3.12/site-packages/airflow/example_dags/example_task_group.py
[2026-06-13T18:06:42.829+0000] {processor.py:914} INFO - Processing file /home/airflow/.local/lib/python3.12/site-packages/airflow/example_dags/example_task_group.py for tasks to queue
[2026-06-13T18:06:42.832+0000] {logging_mixin.py:190} INFO - [2026-06-13T18:06:42.831+0000] {dagbag.py:588} INFO - Filling up the DagBag from /home/airflow/.local/lib/python3.12/site-packages/airflow/example_dags/example_task_group.py
[2026-06-13T18:06:42.839+0000] {processor.py:925} INFO - DAG(s) 'example_task_group' retrieved from /home/airflow/.local/lib/python3.12/site-packages/airflow/example_dags/example_task_group.py
[2026-06-13T18:06:42.863+0000] {logging_mixin.py:190} INFO - [2026-06-13T18:06:42.863+0000] {dag.py:3239} INFO - Sync 1 DAGs
[2026-06-13T18:06:42.875+0000] {logging_mixin.py:190} INFO - [2026-06-13T18:06:42.875+0000] {dag.py:4180} INFO - Setting next_dagrun for example_task_group to None, run_after=None
[2026-06-13T18:06:42.889+0000] {processor.py:208} INFO - Processing /home/airflow/.local/lib/python3.12/site-packages/airflow/example_dags/example_task_group.py took 0.068 seconds
[2026-06-13T18:07:13.203+0000] {processor.py:186} INFO - Started process (PID=9332) to work on /home/airflow/.local/lib/python3.12/site-packages/airflow/example_dags/example_task_group.py
[2026-06-13T18:07:13.204+0000] {processor.py:914} INFO - Processing file /home/airflow/.local/lib/python3.12/site-packages/airflow/example_dags/example_task_group.py for tasks to queue
[2026-06-13T18:07:13.206+0000] {logging_mixin.py:190} INFO - [2026-06-13T18:07:13.206+0000] {dagbag.py:588} INFO - Filling up the DagBag from /home/airflow/.local/lib/python3.12/site-packages/airflow/example_dags/example_task_group.py
[2026-06-13T18:07:13.213+0000] {processor.py:925} INFO - DAG(s) 'example_task_group' retrieved from /home/airflow/.local/lib/python3.12/site-packages/airflow/example_dags/example_task_group.py
[2026-06-13T18:07:13.231+0000] {logging_mixin.py:190} INFO - [2026-06-13T18:07:13.231+0000] {dag.py:3239} INFO - Sync 1 DAGs
[2026-06-13T18:07:13.243+0000] {logging_mixin.py:190} INFO - [2026-06-13T18:07:13.242+0000] {dag.py:4180} INFO - Setting next_dagrun for example_task_group to None, run_after=None
[2026-06-13T18:07:13.261+0000] {processor.py:208} INFO - Processing /home/airflow/.local/lib/python3.12/site-packages/airflow/example_dags/example_task_group.py took 0.064 seconds
[2026-06-13T18:07:43.446+0000] {processor.py:186} INFO - Started process (PID=9394) to work on /home/airflow/.local/lib/python3.12/site-packages/airflow/example_dags/example_task_group.py
[2026-06-13T18:07:43.448+0000] {processor.py:914} INFO - Processing file /home/airflow/.local/lib/python3.12/site-packages/airflow/example_dags/example_task_group.py for tasks to queue
[2026-06-13T18:07:43.450+0000] {logging_mixin.py:190} INFO - [2026-06-13T18:07:43.450+0000] {dagbag.py:588} INFO - Filling up the DagBag from /home/airflow/.local/lib/python3.12/site-packages/airflow/example_dags/example_task_group.py
[2026-06-13T18:07:43.460+0000] {processor.py:925} INFO - DAG(s) 'example_task_group' retrieved from /home/airflow/.local/lib/python3.12/site-packages/airflow/example_dags/example_task_group.py
[2026-06-13T18:07:43.481+0000] {logging_mixin.py:190} INFO - [2026-06-13T18:07:43.481+0000] {dag.py:3239} INFO - Sync 1 DAGs
[2026-06-13T18:07:43.499+0000] {logging_mixin.py:190} INFO - [2026-06-13T18:07:43.498+0000] {dag.py:4180} INFO - Setting next_dagrun for example_task_group to None, run_after=None
[2026-06-13T18:07:43.517+0000] {processor.py:208} INFO - Processing /home/airflow/.local/lib/python3.12/site-packages/airflow/example_dags/example_task_group.py took 0.077 seconds
[2026-06-13T18:08:13.969+0000] {processor.py:186} INFO - Started process (PID=9462) to work on /home/airflow/.local/lib/python3.12/site-packages/airflow/example_dags/example_task_group.py
[2026-06-13T18:08:13.970+0000] {processor.py:914} INFO - Processing file /home/airflow/.local/lib/python3.12/site-packages/airflow/example_dags/example_task_group.py for tasks to queue
[2026-06-13T18:08:13.972+0000] {logging_mixin.py:190} INFO - [2026-06-13T18:08:13.972+0000] {dagbag.py:588} INFO - Filling up the DagBag from /home/airflow/.local/lib/python3.12/site-packages/airflow/example_dags/example_task_group.py
[2026-06-13T18:08:13.981+0000] {processor.py:925} INFO - DAG(s) 'example_task_group' retrieved from /home/airflow/.local/lib/python3.12/site-packages/airflow/example_dags/example_task_group.py
[2026-06-13T18:08:14.000+0000] {logging_mixin.py:190} INFO - [2026-06-13T18:08:13.999+0000] {dag.py:3239} INFO - Sync 1 DAGs
[2026-06-13T18:08:14.012+0000] {logging_mixin.py:190} INFO - [2026-06-13T18:08:14.012+0000] {dag.py:4180} INFO - Setting next_dagrun for example_task_group to None, run_after=None
[2026-06-13T18:08:14.032+0000] {processor.py:208} INFO - Processing /home/airflow/.local/lib/python3.12/site-packages/airflow/example_dags/example_task_group.py took 0.068 seconds
