[2026-06-13T16:50:33.807+0000] {processor.py:186} INFO - Started process (PID=75) to work on /home/airflow/.local/lib/python3.12/site-packages/airflow/example_dags/example_task_group_decorator.py
[2026-06-13T16:50:33.808+0000] {processor.py:914} INFO - Processing file /home/airflow/.local/lib/python3.12/site-packages/airflow/example_dags/example_task_group_decorator.py for tasks to queue
[2026-06-13T16:50:33.811+0000] {logging_mixin.py:190} INFO - [2026-06-13T16:50:33.811+0000] {dagbag.py:588} INFO - Filling up the DagBag from /home/airflow/.local/lib/python3.12/site-packages/airflow/example_dags/example_task_group_decorator.py
[2026-06-13T16:50:33.834+0000] {processor.py:925} INFO - DAG(s) 'example_task_group_decorator' retrieved from /home/airflow/.local/lib/python3.12/site-packages/airflow/example_dags/example_task_group_decorator.py
[2026-06-13T16:50:33.987+0000] {logging_mixin.py:190} INFO - [2026-06-13T16:50:33.986+0000] {override.py:1900} INFO - Created Permission View: can edit on DAG:example_task_group_decorator
[2026-06-13T16:50:34.005+0000] {logging_mixin.py:190} INFO - [2026-06-13T16:50:34.005+0000] {override.py:1900} INFO - Created Permission View: can read on DAG:example_task_group_decorator
[2026-06-13T16:50:34.027+0000] {logging_mixin.py:190} INFO - [2026-06-13T16:50:34.027+0000] {override.py:1900} INFO - Created Permission View: can delete on DAG:example_task_group_decorator
[2026-06-13T16:50:34.065+0000] {logging_mixin.py:190} INFO - [2026-06-13T16:50:34.064+0000] {override.py:1900} INFO - Created Permission View: can read on DAG Run:example_task_group_decorator
[2026-06-13T16:50:34.074+0000] {logging_mixin.py:190} INFO - [2026-06-13T16:50:34.074+0000] {override.py:1900} INFO - Created Permission View: can create on DAG Run:example_task_group_decorator
[2026-06-13T16:50:34.086+0000] {logging_mixin.py:190} INFO - [2026-06-13T16:50:34.085+0000] {override.py:1900} INFO - Created Permission View: menu access on DAG Run:example_task_group_decorator
[2026-06-13T16:50:34.098+0000] {logging_mixin.py:190} INFO - [2026-06-13T16:50:34.097+0000] {override.py:1900} INFO - Created Permission View: can delete on DAG Run:example_task_group_decorator
[2026-06-13T16:50:34.099+0000] {logging_mixin.py:190} INFO - [2026-06-13T16:50:34.099+0000] {dag.py:3239} INFO - Sync 1 DAGs
[2026-06-13T16:50:34.120+0000] {logging_mixin.py:190} INFO - [2026-06-13T16:50:34.120+0000] {dag.py:3262} INFO - Creating ORM DAG for example_task_group_decorator
[2026-06-13T16:50:34.122+0000] {logging_mixin.py:190} INFO - [2026-06-13T16:50:34.122+0000] {dag.py:4180} INFO - Setting next_dagrun for example_task_group_decorator to None, run_after=None
[2026-06-13T16:50:34.150+0000] {processor.py:208} INFO - Processing /home/airflow/.local/lib/python3.12/site-packages/airflow/example_dags/example_task_group_decorator.py took 0.352 seconds
[2026-06-13T16:51:04.922+0000] {processor.py:186} INFO - Started process (PID=137) to work on /home/airflow/.local/lib/python3.12/site-packages/airflow/example_dags/example_task_group_decorator.py
[2026-06-13T16:51:04.923+0000] {processor.py:914} INFO - Processing file /home/airflow/.local/lib/python3.12/site-packages/airflow/example_dags/example_task_group_decorator.py for tasks to queue
[2026-06-13T16:51:04.927+0000] {logging_mixin.py:190} INFO - [2026-06-13T16:51:04.926+0000] {dagbag.py:588} INFO - Filling up the DagBag from /home/airflow/.local/lib/python3.12/site-packages/airflow/example_dags/example_task_group_decorator.py
[2026-06-13T16:51:04.948+0000] {processor.py:925} INFO - DAG(s) 'example_task_group_decorator' retrieved from /home/airflow/.local/lib/python3.12/site-packages/airflow/example_dags/example_task_group_decorator.py
[2026-06-13T16:51:04.979+0000] {logging_mixin.py:190} INFO - [2026-06-13T16:51:04.978+0000] {dag.py:3239} INFO - Sync 1 DAGs
[2026-06-13T16:51:04.997+0000] {logging_mixin.py:190} INFO - [2026-06-13T16:51:04.996+0000] {dag.py:4180} INFO - Setting next_dagrun for example_task_group_decorator to None, run_after=None
[2026-06-13T16:51:05.019+0000] {processor.py:208} INFO - Processing /home/airflow/.local/lib/python3.12/site-packages/airflow/example_dags/example_task_group_decorator.py took 0.106 seconds
[2026-06-13T16:51:35.380+0000] {processor.py:186} INFO - Started process (PID=199) to work on /home/airflow/.local/lib/python3.12/site-packages/airflow/example_dags/example_task_group_decorator.py
[2026-06-13T16:51:35.381+0000] {processor.py:914} INFO - Processing file /home/airflow/.local/lib/python3.12/site-packages/airflow/example_dags/example_task_group_decorator.py for tasks to queue
[2026-06-13T16:51:35.384+0000] {logging_mixin.py:190} INFO - [2026-06-13T16:51:35.383+0000] {dagbag.py:588} INFO - Filling up the DagBag from /home/airflow/.local/lib/python3.12/site-packages/airflow/example_dags/example_task_group_decorator.py
[2026-06-13T16:51:35.399+0000] {processor.py:925} INFO - DAG(s) 'example_task_group_decorator' retrieved from /home/airflow/.local/lib/python3.12/site-packages/airflow/example_dags/example_task_group_decorator.py
[2026-06-13T16:51:35.426+0000] {logging_mixin.py:190} INFO - [2026-06-13T16:51:35.426+0000] {dag.py:3239} INFO - Sync 1 DAGs
[2026-06-13T16:51:35.440+0000] {logging_mixin.py:190} INFO - [2026-06-13T16:51:35.440+0000] {dag.py:4180} INFO - Setting next_dagrun for example_task_group_decorator to None, run_after=None
[2026-06-13T16:51:35.465+0000] {processor.py:208} INFO - Processing /home/airflow/.local/lib/python3.12/site-packages/airflow/example_dags/example_task_group_decorator.py took 0.091 seconds
[2026-06-13T16:52:05.751+0000] {processor.py:186} INFO - Started process (PID=261) to work on /home/airflow/.local/lib/python3.12/site-packages/airflow/example_dags/example_task_group_decorator.py
[2026-06-13T16:52:05.752+0000] {processor.py:914} INFO - Processing file /home/airflow/.local/lib/python3.12/site-packages/airflow/example_dags/example_task_group_decorator.py for tasks to queue
[2026-06-13T16:52:05.755+0000] {logging_mixin.py:190} INFO - [2026-06-13T16:52:05.755+0000] {dagbag.py:588} INFO - Filling up the DagBag from /home/airflow/.local/lib/python3.12/site-packages/airflow/example_dags/example_task_group_decorator.py
[2026-06-13T16:52:05.774+0000] {processor.py:925} INFO - DAG(s) 'example_task_group_decorator' retrieved from /home/airflow/.local/lib/python3.12/site-packages/airflow/example_dags/example_task_group_decorator.py
[2026-06-13T16:52:05.805+0000] {logging_mixin.py:190} INFO - [2026-06-13T16:52:05.805+0000] {dag.py:3239} INFO - Sync 1 DAGs
[2026-06-13T16:52:05.820+0000] {logging_mixin.py:190} INFO - [2026-06-13T16:52:05.820+0000] {dag.py:4180} INFO - Setting next_dagrun for example_task_group_decorator to None, run_after=None
[2026-06-13T16:52:05.842+0000] {processor.py:208} INFO - Processing /home/airflow/.local/lib/python3.12/site-packages/airflow/example_dags/example_task_group_decorator.py took 0.098 seconds
[2026-06-13T16:53:29.539+0000] {processor.py:186} INFO - Started process (PID=316) to work on /home/airflow/.local/lib/python3.12/site-packages/airflow/example_dags/example_task_group_decorator.py
[2026-06-13T16:53:29.541+0000] {processor.py:914} INFO - Processing file /home/airflow/.local/lib/python3.12/site-packages/airflow/example_dags/example_task_group_decorator.py for tasks to queue
[2026-06-13T16:53:29.545+0000] {logging_mixin.py:190} INFO - [2026-06-13T16:53:29.544+0000] {dagbag.py:588} INFO - Filling up the DagBag from /home/airflow/.local/lib/python3.12/site-packages/airflow/example_dags/example_task_group_decorator.py
[2026-06-13T16:53:29.563+0000] {processor.py:925} INFO - DAG(s) 'example_task_group_decorator' retrieved from /home/airflow/.local/lib/python3.12/site-packages/airflow/example_dags/example_task_group_decorator.py
[2026-06-13T16:53:29.596+0000] {logging_mixin.py:190} INFO - [2026-06-13T16:53:29.595+0000] {dag.py:3239} INFO - Sync 1 DAGs
[2026-06-13T16:53:29.615+0000] {logging_mixin.py:190} INFO - [2026-06-13T16:53:29.614+0000] {dag.py:4180} INFO - Setting next_dagrun for example_task_group_decorator to None, run_after=None
[2026-06-13T16:53:29.648+0000] {processor.py:208} INFO - Processing /home/airflow/.local/lib/python3.12/site-packages/airflow/example_dags/example_task_group_decorator.py took 0.117 seconds
[2026-06-13T16:53:59.729+0000] {processor.py:186} INFO - Started process (PID=378) to work on /home/airflow/.local/lib/python3.12/site-packages/airflow/example_dags/example_task_group_decorator.py
[2026-06-13T16:53:59.730+0000] {processor.py:914} INFO - Processing file /home/airflow/.local/lib/python3.12/site-packages/airflow/example_dags/example_task_group_decorator.py for tasks to queue
[2026-06-13T16:53:59.733+0000] {logging_mixin.py:190} INFO - [2026-06-13T16:53:59.733+0000] {dagbag.py:588} INFO - Filling up the DagBag from /home/airflow/.local/lib/python3.12/site-packages/airflow/example_dags/example_task_group_decorator.py
[2026-06-13T16:53:59.748+0000] {processor.py:925} INFO - DAG(s) 'example_task_group_decorator' retrieved from /home/airflow/.local/lib/python3.12/site-packages/airflow/example_dags/example_task_group_decorator.py
[2026-06-13T16:53:59.784+0000] {logging_mixin.py:190} INFO - [2026-06-13T16:53:59.784+0000] {dag.py:3239} INFO - Sync 1 DAGs
[2026-06-13T16:53:59.805+0000] {logging_mixin.py:190} INFO - [2026-06-13T16:53:59.804+0000] {dag.py:4180} INFO - Setting next_dagrun for example_task_group_decorator to None, run_after=None
[2026-06-13T16:53:59.833+0000] {processor.py:208} INFO - Processing /home/airflow/.local/lib/python3.12/site-packages/airflow/example_dags/example_task_group_decorator.py took 0.112 seconds
[2026-06-13T16:54:30.051+0000] {processor.py:186} INFO - Started process (PID=440) to work on /home/airflow/.local/lib/python3.12/site-packages/airflow/example_dags/example_task_group_decorator.py
[2026-06-13T16:54:30.053+0000] {processor.py:914} INFO - Processing file /home/airflow/.local/lib/python3.12/site-packages/airflow/example_dags/example_task_group_decorator.py for tasks to queue
[2026-06-13T16:54:30.056+0000] {logging_mixin.py:190} INFO - [2026-06-13T16:54:30.056+0000] {dagbag.py:588} INFO - Filling up the DagBag from /home/airflow/.local/lib/python3.12/site-packages/airflow/example_dags/example_task_group_decorator.py
[2026-06-13T16:54:30.077+0000] {processor.py:925} INFO - DAG(s) 'example_task_group_decorator' retrieved from /home/airflow/.local/lib/python3.12/site-packages/airflow/example_dags/example_task_group_decorator.py
[2026-06-13T16:54:30.110+0000] {logging_mixin.py:190} INFO - [2026-06-13T16:54:30.110+0000] {dag.py:3239} INFO - Sync 1 DAGs
[2026-06-13T16:54:30.130+0000] {logging_mixin.py:190} INFO - [2026-06-13T16:54:30.130+0000] {dag.py:4180} INFO - Setting next_dagrun for example_task_group_decorator to None, run_after=None
[2026-06-13T16:54:30.156+0000] {processor.py:208} INFO - Processing /home/airflow/.local/lib/python3.12/site-packages/airflow/example_dags/example_task_group_decorator.py took 0.112 seconds
[2026-06-13T16:55:00.698+0000] {processor.py:186} INFO - Started process (PID=502) to work on /home/airflow/.local/lib/python3.12/site-packages/airflow/example_dags/example_task_group_decorator.py
[2026-06-13T16:55:00.700+0000] {processor.py:914} INFO - Processing file /home/airflow/.local/lib/python3.12/site-packages/airflow/example_dags/example_task_group_decorator.py for tasks to queue
[2026-06-13T16:55:00.703+0000] {logging_mixin.py:190} INFO - [2026-06-13T16:55:00.702+0000] {dagbag.py:588} INFO - Filling up the DagBag from /home/airflow/.local/lib/python3.12/site-packages/airflow/example_dags/example_task_group_decorator.py
[2026-06-13T16:55:00.720+0000] {processor.py:925} INFO - DAG(s) 'example_task_group_decorator' retrieved from /home/airflow/.local/lib/python3.12/site-packages/airflow/example_dags/example_task_group_decorator.py
[2026-06-13T16:55:00.750+0000] {logging_mixin.py:190} INFO - [2026-06-13T16:55:00.750+0000] {dag.py:3239} INFO - Sync 1 DAGs
[2026-06-13T16:55:00.766+0000] {logging_mixin.py:190} INFO - [2026-06-13T16:55:00.766+0000] {dag.py:4180} INFO - Setting next_dagrun for example_task_group_decorator to None, run_after=None
[2026-06-13T16:55:00.790+0000] {processor.py:208} INFO - Processing /home/airflow/.local/lib/python3.12/site-packages/airflow/example_dags/example_task_group_decorator.py took 0.099 seconds
[2026-06-13T16:55:31.122+0000] {processor.py:186} INFO - Started process (PID=565) to work on /home/airflow/.local/lib/python3.12/site-packages/airflow/example_dags/example_task_group_decorator.py
[2026-06-13T16:55:31.124+0000] {processor.py:914} INFO - Processing file /home/airflow/.local/lib/python3.12/site-packages/airflow/example_dags/example_task_group_decorator.py for tasks to queue
[2026-06-13T16:55:31.127+0000] {logging_mixin.py:190} INFO - [2026-06-13T16:55:31.127+0000] {dagbag.py:588} INFO - Filling up the DagBag from /home/airflow/.local/lib/python3.12/site-packages/airflow/example_dags/example_task_group_decorator.py
[2026-06-13T16:55:31.145+0000] {processor.py:925} INFO - DAG(s) 'example_task_group_decorator' retrieved from /home/airflow/.local/lib/python3.12/site-packages/airflow/example_dags/example_task_group_decorator.py
[2026-06-13T16:55:31.171+0000] {logging_mixin.py:190} INFO - [2026-06-13T16:55:31.171+0000] {dag.py:3239} INFO - Sync 1 DAGs
[2026-06-13T16:55:31.186+0000] {logging_mixin.py:190} INFO - [2026-06-13T16:55:31.186+0000] {dag.py:4180} INFO - Setting next_dagrun for example_task_group_decorator to None, run_after=None
[2026-06-13T16:55:31.208+0000] {processor.py:208} INFO - Processing /home/airflow/.local/lib/python3.12/site-packages/airflow/example_dags/example_task_group_decorator.py took 0.093 seconds
[2026-06-13T16:56:01.466+0000] {processor.py:186} INFO - Started process (PID=627) to work on /home/airflow/.local/lib/python3.12/site-packages/airflow/example_dags/example_task_group_decorator.py
[2026-06-13T16:56:01.467+0000] {processor.py:914} INFO - Processing file /home/airflow/.local/lib/python3.12/site-packages/airflow/example_dags/example_task_group_decorator.py for tasks to queue
[2026-06-13T16:56:01.471+0000] {logging_mixin.py:190} INFO - [2026-06-13T16:56:01.470+0000] {dagbag.py:588} INFO - Filling up the DagBag from /home/airflow/.local/lib/python3.12/site-packages/airflow/example_dags/example_task_group_decorator.py
[2026-06-13T16:56:01.487+0000] {processor.py:925} INFO - DAG(s) 'example_task_group_decorator' retrieved from /home/airflow/.local/lib/python3.12/site-packages/airflow/example_dags/example_task_group_decorator.py
[2026-06-13T16:56:01.515+0000] {logging_mixin.py:190} INFO - [2026-06-13T16:56:01.515+0000] {dag.py:3239} INFO - Sync 1 DAGs
[2026-06-13T16:56:01.531+0000] {logging_mixin.py:190} INFO - [2026-06-13T16:56:01.531+0000] {dag.py:4180} INFO - Setting next_dagrun for example_task_group_decorator to None, run_after=None
[2026-06-13T16:56:01.553+0000] {processor.py:208} INFO - Processing /home/airflow/.local/lib/python3.12/site-packages/airflow/example_dags/example_task_group_decorator.py took 0.094 seconds
[2026-06-13T16:56:31.784+0000] {processor.py:186} INFO - Started process (PID=689) to work on /home/airflow/.local/lib/python3.12/site-packages/airflow/example_dags/example_task_group_decorator.py
[2026-06-13T16:56:31.786+0000] {processor.py:914} INFO - Processing file /home/airflow/.local/lib/python3.12/site-packages/airflow/example_dags/example_task_group_decorator.py for tasks to queue
[2026-06-13T16:56:31.790+0000] {logging_mixin.py:190} INFO - [2026-06-13T16:56:31.789+0000] {dagbag.py:588} INFO - Filling up the DagBag from /home/airflow/.local/lib/python3.12/site-packages/airflow/example_dags/example_task_group_decorator.py
[2026-06-13T16:56:31.808+0000] {processor.py:925} INFO - DAG(s) 'example_task_group_decorator' retrieved from /home/airflow/.local/lib/python3.12/site-packages/airflow/example_dags/example_task_group_decorator.py
[2026-06-13T16:56:31.834+0000] {logging_mixin.py:190} INFO - [2026-06-13T16:56:31.834+0000] {dag.py:3239} INFO - Sync 1 DAGs
[2026-06-13T16:56:31.851+0000] {logging_mixin.py:190} INFO - [2026-06-13T16:56:31.850+0000] {dag.py:4180} INFO - Setting next_dagrun for example_task_group_decorator to None, run_after=None
[2026-06-13T16:56:31.874+0000] {processor.py:208} INFO - Processing /home/airflow/.local/lib/python3.12/site-packages/airflow/example_dags/example_task_group_decorator.py took 0.096 seconds
[2026-06-13T16:57:02.093+0000] {processor.py:186} INFO - Started process (PID=751) to work on /home/airflow/.local/lib/python3.12/site-packages/airflow/example_dags/example_task_group_decorator.py
[2026-06-13T16:57:02.095+0000] {processor.py:914} INFO - Processing file /home/airflow/.local/lib/python3.12/site-packages/airflow/example_dags/example_task_group_decorator.py for tasks to queue
[2026-06-13T16:57:02.098+0000] {logging_mixin.py:190} INFO - [2026-06-13T16:57:02.098+0000] {dagbag.py:588} INFO - Filling up the DagBag from /home/airflow/.local/lib/python3.12/site-packages/airflow/example_dags/example_task_group_decorator.py
[2026-06-13T16:57:02.118+0000] {processor.py:925} INFO - DAG(s) 'example_task_group_decorator' retrieved from /home/airflow/.local/lib/python3.12/site-packages/airflow/example_dags/example_task_group_decorator.py
[2026-06-13T16:57:02.144+0000] {logging_mixin.py:190} INFO - [2026-06-13T16:57:02.144+0000] {dag.py:3239} INFO - Sync 1 DAGs
[2026-06-13T16:57:02.160+0000] {logging_mixin.py:190} INFO - [2026-06-13T16:57:02.160+0000] {dag.py:4180} INFO - Setting next_dagrun for example_task_group_decorator to None, run_after=None
[2026-06-13T16:57:02.182+0000] {processor.py:208} INFO - Processing /home/airflow/.local/lib/python3.12/site-packages/airflow/example_dags/example_task_group_decorator.py took 0.096 seconds
[2026-06-13T16:57:32.516+0000] {processor.py:186} INFO - Started process (PID=813) to work on /home/airflow/.local/lib/python3.12/site-packages/airflow/example_dags/example_task_group_decorator.py
[2026-06-13T16:57:32.518+0000] {processor.py:914} INFO - Processing file /home/airflow/.local/lib/python3.12/site-packages/airflow/example_dags/example_task_group_decorator.py for tasks to queue
[2026-06-13T16:57:32.523+0000] {logging_mixin.py:190} INFO - [2026-06-13T16:57:32.522+0000] {dagbag.py:588} INFO - Filling up the DagBag from /home/airflow/.local/lib/python3.12/site-packages/airflow/example_dags/example_task_group_decorator.py
[2026-06-13T16:57:32.543+0000] {processor.py:925} INFO - DAG(s) 'example_task_group_decorator' retrieved from /home/airflow/.local/lib/python3.12/site-packages/airflow/example_dags/example_task_group_decorator.py
[2026-06-13T16:57:32.578+0000] {logging_mixin.py:190} INFO - [2026-06-13T16:57:32.578+0000] {dag.py:3239} INFO - Sync 1 DAGs
[2026-06-13T16:57:32.598+0000] {logging_mixin.py:190} INFO - [2026-06-13T16:57:32.598+0000] {dag.py:4180} INFO - Setting next_dagrun for example_task_group_decorator to None, run_after=None
[2026-06-13T16:57:32.629+0000] {processor.py:208} INFO - Processing /home/airflow/.local/lib/python3.12/site-packages/airflow/example_dags/example_task_group_decorator.py took 0.122 seconds
[2026-06-13T16:58:03.226+0000] {processor.py:186} INFO - Started process (PID=875) to work on /home/airflow/.local/lib/python3.12/site-packages/airflow/example_dags/example_task_group_decorator.py
[2026-06-13T16:58:03.228+0000] {processor.py:914} INFO - Processing file /home/airflow/.local/lib/python3.12/site-packages/airflow/example_dags/example_task_group_decorator.py for tasks to queue
[2026-06-13T16:58:03.231+0000] {logging_mixin.py:190} INFO - [2026-06-13T16:58:03.230+0000] {dagbag.py:588} INFO - Filling up the DagBag from /home/airflow/.local/lib/python3.12/site-packages/airflow/example_dags/example_task_group_decorator.py
[2026-06-13T16:58:03.251+0000] {processor.py:925} INFO - DAG(s) 'example_task_group_decorator' retrieved from /home/airflow/.local/lib/python3.12/site-packages/airflow/example_dags/example_task_group_decorator.py
[2026-06-13T16:58:03.284+0000] {logging_mixin.py:190} INFO - [2026-06-13T16:58:03.284+0000] {dag.py:3239} INFO - Sync 1 DAGs
[2026-06-13T16:58:03.302+0000] {logging_mixin.py:190} INFO - [2026-06-13T16:58:03.302+0000] {dag.py:4180} INFO - Setting next_dagrun for example_task_group_decorator to None, run_after=None
[2026-06-13T16:58:03.331+0000] {processor.py:208} INFO - Processing /home/airflow/.local/lib/python3.12/site-packages/airflow/example_dags/example_task_group_decorator.py took 0.113 seconds
[2026-06-13T16:58:33.554+0000] {processor.py:186} INFO - Started process (PID=937) to work on /home/airflow/.local/lib/python3.12/site-packages/airflow/example_dags/example_task_group_decorator.py
[2026-06-13T16:58:33.556+0000] {processor.py:914} INFO - Processing file /home/airflow/.local/lib/python3.12/site-packages/airflow/example_dags/example_task_group_decorator.py for tasks to queue
[2026-06-13T16:58:33.560+0000] {logging_mixin.py:190} INFO - [2026-06-13T16:58:33.559+0000] {dagbag.py:588} INFO - Filling up the DagBag from /home/airflow/.local/lib/python3.12/site-packages/airflow/example_dags/example_task_group_decorator.py
[2026-06-13T16:58:33.578+0000] {processor.py:925} INFO - DAG(s) 'example_task_group_decorator' retrieved from /home/airflow/.local/lib/python3.12/site-packages/airflow/example_dags/example_task_group_decorator.py
[2026-06-13T16:58:33.611+0000] {logging_mixin.py:190} INFO - [2026-06-13T16:58:33.611+0000] {dag.py:3239} INFO - Sync 1 DAGs
[2026-06-13T16:58:33.630+0000] {logging_mixin.py:190} INFO - [2026-06-13T16:58:33.629+0000] {dag.py:4180} INFO - Setting next_dagrun for example_task_group_decorator to None, run_after=None
[2026-06-13T16:58:33.656+0000] {processor.py:208} INFO - Processing /home/airflow/.local/lib/python3.12/site-packages/airflow/example_dags/example_task_group_decorator.py took 0.110 seconds
[2026-06-13T16:59:03.859+0000] {processor.py:186} INFO - Started process (PID=999) to work on /home/airflow/.local/lib/python3.12/site-packages/airflow/example_dags/example_task_group_decorator.py
[2026-06-13T16:59:03.861+0000] {processor.py:914} INFO - Processing file /home/airflow/.local/lib/python3.12/site-packages/airflow/example_dags/example_task_group_decorator.py for tasks to queue
[2026-06-13T16:59:03.865+0000] {logging_mixin.py:190} INFO - [2026-06-13T16:59:03.864+0000] {dagbag.py:588} INFO - Filling up the DagBag from /home/airflow/.local/lib/python3.12/site-packages/airflow/example_dags/example_task_group_decorator.py
[2026-06-13T16:59:03.884+0000] {processor.py:925} INFO - DAG(s) 'example_task_group_decorator' retrieved from /home/airflow/.local/lib/python3.12/site-packages/airflow/example_dags/example_task_group_decorator.py
[2026-06-13T16:59:03.920+0000] {logging_mixin.py:190} INFO - [2026-06-13T16:59:03.919+0000] {dag.py:3239} INFO - Sync 1 DAGs
[2026-06-13T16:59:03.941+0000] {logging_mixin.py:190} INFO - [2026-06-13T16:59:03.941+0000] {dag.py:4180} INFO - Setting next_dagrun for example_task_group_decorator to None, run_after=None
[2026-06-13T16:59:03.972+0000] {processor.py:208} INFO - Processing /home/airflow/.local/lib/python3.12/site-packages/airflow/example_dags/example_task_group_decorator.py took 0.121 seconds
[2026-06-13T16:59:34.240+0000] {processor.py:186} INFO - Started process (PID=1061) to work on /home/airflow/.local/lib/python3.12/site-packages/airflow/example_dags/example_task_group_decorator.py
[2026-06-13T16:59:34.242+0000] {processor.py:914} INFO - Processing file /home/airflow/.local/lib/python3.12/site-packages/airflow/example_dags/example_task_group_decorator.py for tasks to queue
[2026-06-13T16:59:34.246+0000] {logging_mixin.py:190} INFO - [2026-06-13T16:59:34.245+0000] {dagbag.py:588} INFO - Filling up the DagBag from /home/airflow/.local/lib/python3.12/site-packages/airflow/example_dags/example_task_group_decorator.py
[2026-06-13T16:59:34.267+0000] {processor.py:925} INFO - DAG(s) 'example_task_group_decorator' retrieved from /home/airflow/.local/lib/python3.12/site-packages/airflow/example_dags/example_task_group_decorator.py
[2026-06-13T16:59:34.308+0000] {logging_mixin.py:190} INFO - [2026-06-13T16:59:34.308+0000] {dag.py:3239} INFO - Sync 1 DAGs
[2026-06-13T16:59:34.337+0000] {logging_mixin.py:190} INFO - [2026-06-13T16:59:34.336+0000] {dag.py:4180} INFO - Setting next_dagrun for example_task_group_decorator to None, run_after=None
[2026-06-13T16:59:34.374+0000] {processor.py:208} INFO - Processing /home/airflow/.local/lib/python3.12/site-packages/airflow/example_dags/example_task_group_decorator.py took 0.144 seconds
[2026-06-13T17:00:05.024+0000] {processor.py:186} INFO - Started process (PID=1123) to work on /home/airflow/.local/lib/python3.12/site-packages/airflow/example_dags/example_task_group_decorator.py
[2026-06-13T17:00:05.026+0000] {processor.py:914} INFO - Processing file /home/airflow/.local/lib/python3.12/site-packages/airflow/example_dags/example_task_group_decorator.py for tasks to queue
[2026-06-13T17:00:05.030+0000] {logging_mixin.py:190} INFO - [2026-06-13T17:00:05.030+0000] {dagbag.py:588} INFO - Filling up the DagBag from /home/airflow/.local/lib/python3.12/site-packages/airflow/example_dags/example_task_group_decorator.py
[2026-06-13T17:00:05.054+0000] {processor.py:925} INFO - DAG(s) 'example_task_group_decorator' retrieved from /home/airflow/.local/lib/python3.12/site-packages/airflow/example_dags/example_task_group_decorator.py
[2026-06-13T17:00:05.086+0000] {logging_mixin.py:190} INFO - [2026-06-13T17:00:05.086+0000] {dag.py:3239} INFO - Sync 1 DAGs
[2026-06-13T17:00:05.103+0000] {logging_mixin.py:190} INFO - [2026-06-13T17:00:05.103+0000] {dag.py:4180} INFO - Setting next_dagrun for example_task_group_decorator to None, run_after=None
[2026-06-13T17:00:05.131+0000] {processor.py:208} INFO - Processing /home/airflow/.local/lib/python3.12/site-packages/airflow/example_dags/example_task_group_decorator.py took 0.116 seconds
[2026-06-13T17:00:35.354+0000] {processor.py:186} INFO - Started process (PID=1185) to work on /home/airflow/.local/lib/python3.12/site-packages/airflow/example_dags/example_task_group_decorator.py
[2026-06-13T17:00:35.356+0000] {processor.py:914} INFO - Processing file /home/airflow/.local/lib/python3.12/site-packages/airflow/example_dags/example_task_group_decorator.py for tasks to queue
[2026-06-13T17:00:35.360+0000] {logging_mixin.py:190} INFO - [2026-06-13T17:00:35.359+0000] {dagbag.py:588} INFO - Filling up the DagBag from /home/airflow/.local/lib/python3.12/site-packages/airflow/example_dags/example_task_group_decorator.py
[2026-06-13T17:00:35.384+0000] {processor.py:925} INFO - DAG(s) 'example_task_group_decorator' retrieved from /home/airflow/.local/lib/python3.12/site-packages/airflow/example_dags/example_task_group_decorator.py
[2026-06-13T17:00:35.425+0000] {logging_mixin.py:190} INFO - [2026-06-13T17:00:35.424+0000] {dag.py:3239} INFO - Sync 1 DAGs
[2026-06-13T17:00:35.441+0000] {logging_mixin.py:190} INFO - [2026-06-13T17:00:35.441+0000] {dag.py:4180} INFO - Setting next_dagrun for example_task_group_decorator to None, run_after=None
[2026-06-13T17:00:35.470+0000] {processor.py:208} INFO - Processing /home/airflow/.local/lib/python3.12/site-packages/airflow/example_dags/example_task_group_decorator.py took 0.126 seconds
[2026-06-13T17:01:06.012+0000] {processor.py:186} INFO - Started process (PID=1247) to work on /home/airflow/.local/lib/python3.12/site-packages/airflow/example_dags/example_task_group_decorator.py
[2026-06-13T17:01:06.014+0000] {processor.py:914} INFO - Processing file /home/airflow/.local/lib/python3.12/site-packages/airflow/example_dags/example_task_group_decorator.py for tasks to queue
[2026-06-13T17:01:06.018+0000] {logging_mixin.py:190} INFO - [2026-06-13T17:01:06.018+0000] {dagbag.py:588} INFO - Filling up the DagBag from /home/airflow/.local/lib/python3.12/site-packages/airflow/example_dags/example_task_group_decorator.py
[2026-06-13T17:01:06.037+0000] {processor.py:925} INFO - DAG(s) 'example_task_group_decorator' retrieved from /home/airflow/.local/lib/python3.12/site-packages/airflow/example_dags/example_task_group_decorator.py
[2026-06-13T17:01:06.070+0000] {logging_mixin.py:190} INFO - [2026-06-13T17:01:06.069+0000] {dag.py:3239} INFO - Sync 1 DAGs
[2026-06-13T17:01:06.091+0000] {logging_mixin.py:190} INFO - [2026-06-13T17:01:06.091+0000] {dag.py:4180} INFO - Setting next_dagrun for example_task_group_decorator to None, run_after=None
[2026-06-13T17:01:06.118+0000] {processor.py:208} INFO - Processing /home/airflow/.local/lib/python3.12/site-packages/airflow/example_dags/example_task_group_decorator.py took 0.117 seconds
[2026-06-13T17:01:36.219+0000] {processor.py:186} INFO - Started process (PID=1309) to work on /home/airflow/.local/lib/python3.12/site-packages/airflow/example_dags/example_task_group_decorator.py
[2026-06-13T17:01:36.221+0000] {processor.py:914} INFO - Processing file /home/airflow/.local/lib/python3.12/site-packages/airflow/example_dags/example_task_group_decorator.py for tasks to queue
[2026-06-13T17:01:36.225+0000] {logging_mixin.py:190} INFO - [2026-06-13T17:01:36.224+0000] {dagbag.py:588} INFO - Filling up the DagBag from /home/airflow/.local/lib/python3.12/site-packages/airflow/example_dags/example_task_group_decorator.py
[2026-06-13T17:01:36.250+0000] {processor.py:925} INFO - DAG(s) 'example_task_group_decorator' retrieved from /home/airflow/.local/lib/python3.12/site-packages/airflow/example_dags/example_task_group_decorator.py
[2026-06-13T17:01:36.288+0000] {logging_mixin.py:190} INFO - [2026-06-13T17:01:36.288+0000] {dag.py:3239} INFO - Sync 1 DAGs
[2026-06-13T17:01:36.310+0000] {logging_mixin.py:190} INFO - [2026-06-13T17:01:36.310+0000] {dag.py:4180} INFO - Setting next_dagrun for example_task_group_decorator to None, run_after=None
[2026-06-13T17:01:36.342+0000] {processor.py:208} INFO - Processing /home/airflow/.local/lib/python3.12/site-packages/airflow/example_dags/example_task_group_decorator.py took 0.133 seconds
[2026-06-13T17:02:06.628+0000] {processor.py:186} INFO - Started process (PID=1371) to work on /home/airflow/.local/lib/python3.12/site-packages/airflow/example_dags/example_task_group_decorator.py
[2026-06-13T17:02:06.630+0000] {processor.py:914} INFO - Processing file /home/airflow/.local/lib/python3.12/site-packages/airflow/example_dags/example_task_group_decorator.py for tasks to queue
[2026-06-13T17:02:06.633+0000] {logging_mixin.py:190} INFO - [2026-06-13T17:02:06.633+0000] {dagbag.py:588} INFO - Filling up the DagBag from /home/airflow/.local/lib/python3.12/site-packages/airflow/example_dags/example_task_group_decorator.py
[2026-06-13T17:02:06.656+0000] {processor.py:925} INFO - DAG(s) 'example_task_group_decorator' retrieved from /home/airflow/.local/lib/python3.12/site-packages/airflow/example_dags/example_task_group_decorator.py
[2026-06-13T17:02:06.689+0000] {logging_mixin.py:190} INFO - [2026-06-13T17:02:06.688+0000] {dag.py:3239} INFO - Sync 1 DAGs
[2026-06-13T17:02:06.709+0000] {logging_mixin.py:190} INFO - [2026-06-13T17:02:06.708+0000] {dag.py:4180} INFO - Setting next_dagrun for example_task_group_decorator to None, run_after=None
[2026-06-13T17:02:06.739+0000] {processor.py:208} INFO - Processing /home/airflow/.local/lib/python3.12/site-packages/airflow/example_dags/example_task_group_decorator.py took 0.119 seconds
[2026-06-13T17:02:37.235+0000] {processor.py:186} INFO - Started process (PID=1433) to work on /home/airflow/.local/lib/python3.12/site-packages/airflow/example_dags/example_task_group_decorator.py
[2026-06-13T17:02:37.237+0000] {processor.py:914} INFO - Processing file /home/airflow/.local/lib/python3.12/site-packages/airflow/example_dags/example_task_group_decorator.py for tasks to queue
[2026-06-13T17:02:37.241+0000] {logging_mixin.py:190} INFO - [2026-06-13T17:02:37.241+0000] {dagbag.py:588} INFO - Filling up the DagBag from /home/airflow/.local/lib/python3.12/site-packages/airflow/example_dags/example_task_group_decorator.py
[2026-06-13T17:02:37.269+0000] {processor.py:925} INFO - DAG(s) 'example_task_group_decorator' retrieved from /home/airflow/.local/lib/python3.12/site-packages/airflow/example_dags/example_task_group_decorator.py
[2026-06-13T17:02:37.311+0000] {logging_mixin.py:190} INFO - [2026-06-13T17:02:37.310+0000] {dag.py:3239} INFO - Sync 1 DAGs
[2026-06-13T17:02:37.336+0000] {logging_mixin.py:190} INFO - [2026-06-13T17:02:37.336+0000] {dag.py:4180} INFO - Setting next_dagrun for example_task_group_decorator to None, run_after=None
[2026-06-13T17:02:37.369+0000] {processor.py:208} INFO - Processing /home/airflow/.local/lib/python3.12/site-packages/airflow/example_dags/example_task_group_decorator.py took 0.143 seconds
[2026-06-13T17:03:07.495+0000] {processor.py:186} INFO - Started process (PID=1495) to work on /home/airflow/.local/lib/python3.12/site-packages/airflow/example_dags/example_task_group_decorator.py
[2026-06-13T17:03:07.497+0000] {processor.py:914} INFO - Processing file /home/airflow/.local/lib/python3.12/site-packages/airflow/example_dags/example_task_group_decorator.py for tasks to queue
[2026-06-13T17:03:07.502+0000] {logging_mixin.py:190} INFO - [2026-06-13T17:03:07.501+0000] {dagbag.py:588} INFO - Filling up the DagBag from /home/airflow/.local/lib/python3.12/site-packages/airflow/example_dags/example_task_group_decorator.py
[2026-06-13T17:03:07.525+0000] {processor.py:925} INFO - DAG(s) 'example_task_group_decorator' retrieved from /home/airflow/.local/lib/python3.12/site-packages/airflow/example_dags/example_task_group_decorator.py
[2026-06-13T17:03:07.566+0000] {logging_mixin.py:190} INFO - [2026-06-13T17:03:07.565+0000] {dag.py:3239} INFO - Sync 1 DAGs
[2026-06-13T17:03:07.589+0000] {logging_mixin.py:190} INFO - [2026-06-13T17:03:07.589+0000] {dag.py:4180} INFO - Setting next_dagrun for example_task_group_decorator to None, run_after=None
[2026-06-13T17:03:07.625+0000] {processor.py:208} INFO - Processing /home/airflow/.local/lib/python3.12/site-packages/airflow/example_dags/example_task_group_decorator.py took 0.138 seconds
[2026-06-13T17:03:38.073+0000] {processor.py:186} INFO - Started process (PID=1557) to work on /home/airflow/.local/lib/python3.12/site-packages/airflow/example_dags/example_task_group_decorator.py
[2026-06-13T17:03:38.076+0000] {processor.py:914} INFO - Processing file /home/airflow/.local/lib/python3.12/site-packages/airflow/example_dags/example_task_group_decorator.py for tasks to queue
[2026-06-13T17:03:38.081+0000] {logging_mixin.py:190} INFO - [2026-06-13T17:03:38.080+0000] {dagbag.py:588} INFO - Filling up the DagBag from /home/airflow/.local/lib/python3.12/site-packages/airflow/example_dags/example_task_group_decorator.py
[2026-06-13T17:03:38.111+0000] {processor.py:925} INFO - DAG(s) 'example_task_group_decorator' retrieved from /home/airflow/.local/lib/python3.12/site-packages/airflow/example_dags/example_task_group_decorator.py
[2026-06-13T17:03:38.158+0000] {logging_mixin.py:190} INFO - [2026-06-13T17:03:38.157+0000] {dag.py:3239} INFO - Sync 1 DAGs
[2026-06-13T17:03:38.185+0000] {logging_mixin.py:190} INFO - [2026-06-13T17:03:38.184+0000] {dag.py:4180} INFO - Setting next_dagrun for example_task_group_decorator to None, run_after=None
[2026-06-13T17:03:38.218+0000] {processor.py:208} INFO - Processing /home/airflow/.local/lib/python3.12/site-packages/airflow/example_dags/example_task_group_decorator.py took 0.157 seconds
[2026-06-13T17:04:09.088+0000] {processor.py:186} INFO - Started process (PID=1619) to work on /home/airflow/.local/lib/python3.12/site-packages/airflow/example_dags/example_task_group_decorator.py
[2026-06-13T17:04:09.091+0000] {processor.py:914} INFO - Processing file /home/airflow/.local/lib/python3.12/site-packages/airflow/example_dags/example_task_group_decorator.py for tasks to queue
[2026-06-13T17:04:09.096+0000] {logging_mixin.py:190} INFO - [2026-06-13T17:04:09.095+0000] {dagbag.py:588} INFO - Filling up the DagBag from /home/airflow/.local/lib/python3.12/site-packages/airflow/example_dags/example_task_group_decorator.py
[2026-06-13T17:04:09.125+0000] {processor.py:925} INFO - DAG(s) 'example_task_group_decorator' retrieved from /home/airflow/.local/lib/python3.12/site-packages/airflow/example_dags/example_task_group_decorator.py
[2026-06-13T17:04:09.169+0000] {logging_mixin.py:190} INFO - [2026-06-13T17:04:09.168+0000] {dag.py:3239} INFO - Sync 1 DAGs
[2026-06-13T17:04:09.196+0000] {logging_mixin.py:190} INFO - [2026-06-13T17:04:09.196+0000] {dag.py:4180} INFO - Setting next_dagrun for example_task_group_decorator to None, run_after=None
[2026-06-13T17:04:09.222+0000] {processor.py:208} INFO - Processing /home/airflow/.local/lib/python3.12/site-packages/airflow/example_dags/example_task_group_decorator.py took 0.144 seconds
[2026-06-13T17:04:39.382+0000] {processor.py:186} INFO - Started process (PID=1681) to work on /home/airflow/.local/lib/python3.12/site-packages/airflow/example_dags/example_task_group_decorator.py
[2026-06-13T17:04:39.385+0000] {processor.py:914} INFO - Processing file /home/airflow/.local/lib/python3.12/site-packages/airflow/example_dags/example_task_group_decorator.py for tasks to queue
[2026-06-13T17:04:39.390+0000] {logging_mixin.py:190} INFO - [2026-06-13T17:04:39.390+0000] {dagbag.py:588} INFO - Filling up the DagBag from /home/airflow/.local/lib/python3.12/site-packages/airflow/example_dags/example_task_group_decorator.py
[2026-06-13T17:04:39.414+0000] {processor.py:925} INFO - DAG(s) 'example_task_group_decorator' retrieved from /home/airflow/.local/lib/python3.12/site-packages/airflow/example_dags/example_task_group_decorator.py
[2026-06-13T17:04:39.451+0000] {logging_mixin.py:190} INFO - [2026-06-13T17:04:39.451+0000] {dag.py:3239} INFO - Sync 1 DAGs
[2026-06-13T17:04:39.471+0000] {logging_mixin.py:190} INFO - [2026-06-13T17:04:39.471+0000] {dag.py:4180} INFO - Setting next_dagrun for example_task_group_decorator to None, run_after=None
[2026-06-13T17:04:39.501+0000] {processor.py:208} INFO - Processing /home/airflow/.local/lib/python3.12/site-packages/airflow/example_dags/example_task_group_decorator.py took 0.131 seconds
[2026-06-13T17:05:09.575+0000] {processor.py:186} INFO - Started process (PID=1743) to work on /home/airflow/.local/lib/python3.12/site-packages/airflow/example_dags/example_task_group_decorator.py
[2026-06-13T17:05:09.577+0000] {processor.py:914} INFO - Processing file /home/airflow/.local/lib/python3.12/site-packages/airflow/example_dags/example_task_group_decorator.py for tasks to queue
[2026-06-13T17:05:09.581+0000] {logging_mixin.py:190} INFO - [2026-06-13T17:05:09.580+0000] {dagbag.py:588} INFO - Filling up the DagBag from /home/airflow/.local/lib/python3.12/site-packages/airflow/example_dags/example_task_group_decorator.py
[2026-06-13T17:05:09.599+0000] {processor.py:925} INFO - DAG(s) 'example_task_group_decorator' retrieved from /home/airflow/.local/lib/python3.12/site-packages/airflow/example_dags/example_task_group_decorator.py
[2026-06-13T17:05:09.631+0000] {logging_mixin.py:190} INFO - [2026-06-13T17:05:09.631+0000] {dag.py:3239} INFO - Sync 1 DAGs
[2026-06-13T17:05:09.648+0000] {logging_mixin.py:190} INFO - [2026-06-13T17:05:09.648+0000] {dag.py:4180} INFO - Setting next_dagrun for example_task_group_decorator to None, run_after=None
[2026-06-13T17:05:09.676+0000] {processor.py:208} INFO - Processing /home/airflow/.local/lib/python3.12/site-packages/airflow/example_dags/example_task_group_decorator.py took 0.108 seconds
[2026-06-13T17:05:39.863+0000] {processor.py:186} INFO - Started process (PID=1805) to work on /home/airflow/.local/lib/python3.12/site-packages/airflow/example_dags/example_task_group_decorator.py
[2026-06-13T17:05:39.865+0000] {processor.py:914} INFO - Processing file /home/airflow/.local/lib/python3.12/site-packages/airflow/example_dags/example_task_group_decorator.py for tasks to queue
[2026-06-13T17:05:39.868+0000] {logging_mixin.py:190} INFO - [2026-06-13T17:05:39.868+0000] {dagbag.py:588} INFO - Filling up the DagBag from /home/airflow/.local/lib/python3.12/site-packages/airflow/example_dags/example_task_group_decorator.py
[2026-06-13T17:05:39.889+0000] {processor.py:925} INFO - DAG(s) 'example_task_group_decorator' retrieved from /home/airflow/.local/lib/python3.12/site-packages/airflow/example_dags/example_task_group_decorator.py
[2026-06-13T17:05:39.928+0000] {logging_mixin.py:190} INFO - [2026-06-13T17:05:39.928+0000] {dag.py:3239} INFO - Sync 1 DAGs
[2026-06-13T17:05:39.948+0000] {logging_mixin.py:190} INFO - [2026-06-13T17:05:39.948+0000] {dag.py:4180} INFO - Setting next_dagrun for example_task_group_decorator to None, run_after=None
[2026-06-13T17:05:39.987+0000] {processor.py:208} INFO - Processing /home/airflow/.local/lib/python3.12/site-packages/airflow/example_dags/example_task_group_decorator.py took 0.132 seconds
[2026-06-13T17:06:10.494+0000] {processor.py:186} INFO - Started process (PID=1867) to work on /home/airflow/.local/lib/python3.12/site-packages/airflow/example_dags/example_task_group_decorator.py
[2026-06-13T17:06:10.496+0000] {processor.py:914} INFO - Processing file /home/airflow/.local/lib/python3.12/site-packages/airflow/example_dags/example_task_group_decorator.py for tasks to queue
[2026-06-13T17:06:10.500+0000] {logging_mixin.py:190} INFO - [2026-06-13T17:06:10.499+0000] {dagbag.py:588} INFO - Filling up the DagBag from /home/airflow/.local/lib/python3.12/site-packages/airflow/example_dags/example_task_group_decorator.py
[2026-06-13T17:06:10.521+0000] {processor.py:925} INFO - DAG(s) 'example_task_group_decorator' retrieved from /home/airflow/.local/lib/python3.12/site-packages/airflow/example_dags/example_task_group_decorator.py
[2026-06-13T17:06:10.559+0000] {logging_mixin.py:190} INFO - [2026-06-13T17:06:10.558+0000] {dag.py:3239} INFO - Sync 1 DAGs
[2026-06-13T17:06:10.578+0000] {logging_mixin.py:190} INFO - [2026-06-13T17:06:10.578+0000] {dag.py:4180} INFO - Setting next_dagrun for example_task_group_decorator to None, run_after=None
[2026-06-13T17:06:10.611+0000] {processor.py:208} INFO - Processing /home/airflow/.local/lib/python3.12/site-packages/airflow/example_dags/example_task_group_decorator.py took 0.126 seconds
[2026-06-13T17:06:40.673+0000] {processor.py:186} INFO - Started process (PID=1930) to work on /home/airflow/.local/lib/python3.12/site-packages/airflow/example_dags/example_task_group_decorator.py
[2026-06-13T17:06:40.675+0000] {processor.py:914} INFO - Processing file /home/airflow/.local/lib/python3.12/site-packages/airflow/example_dags/example_task_group_decorator.py for tasks to queue
[2026-06-13T17:06:40.679+0000] {logging_mixin.py:190} INFO - [2026-06-13T17:06:40.678+0000] {dagbag.py:588} INFO - Filling up the DagBag from /home/airflow/.local/lib/python3.12/site-packages/airflow/example_dags/example_task_group_decorator.py
[2026-06-13T17:06:40.698+0000] {processor.py:925} INFO - DAG(s) 'example_task_group_decorator' retrieved from /home/airflow/.local/lib/python3.12/site-packages/airflow/example_dags/example_task_group_decorator.py
[2026-06-13T17:06:40.731+0000] {logging_mixin.py:190} INFO - [2026-06-13T17:06:40.730+0000] {dag.py:3239} INFO - Sync 1 DAGs
[2026-06-13T17:06:40.749+0000] {logging_mixin.py:190} INFO - [2026-06-13T17:06:40.749+0000] {dag.py:4180} INFO - Setting next_dagrun for example_task_group_decorator to None, run_after=None
[2026-06-13T17:06:40.780+0000] {processor.py:208} INFO - Processing /home/airflow/.local/lib/python3.12/site-packages/airflow/example_dags/example_task_group_decorator.py took 0.115 seconds
[2026-06-13T17:07:11.166+0000] {processor.py:186} INFO - Started process (PID=1992) to work on /home/airflow/.local/lib/python3.12/site-packages/airflow/example_dags/example_task_group_decorator.py
[2026-06-13T17:07:11.167+0000] {processor.py:914} INFO - Processing file /home/airflow/.local/lib/python3.12/site-packages/airflow/example_dags/example_task_group_decorator.py for tasks to queue
[2026-06-13T17:07:11.169+0000] {logging_mixin.py:190} INFO - [2026-06-13T17:07:11.169+0000] {dagbag.py:588} INFO - Filling up the DagBag from /home/airflow/.local/lib/python3.12/site-packages/airflow/example_dags/example_task_group_decorator.py
[2026-06-13T17:07:11.181+0000] {processor.py:925} INFO - DAG(s) 'example_task_group_decorator' retrieved from /home/airflow/.local/lib/python3.12/site-packages/airflow/example_dags/example_task_group_decorator.py
[2026-06-13T17:07:11.199+0000] {logging_mixin.py:190} INFO - [2026-06-13T17:07:11.199+0000] {dag.py:3239} INFO - Sync 1 DAGs
[2026-06-13T17:07:11.211+0000] {logging_mixin.py:190} INFO - [2026-06-13T17:07:11.211+0000] {dag.py:4180} INFO - Setting next_dagrun for example_task_group_decorator to None, run_after=None
[2026-06-13T17:07:11.231+0000] {processor.py:208} INFO - Processing /home/airflow/.local/lib/python3.12/site-packages/airflow/example_dags/example_task_group_decorator.py took 0.070 seconds
[2026-06-13T17:07:41.861+0000] {processor.py:186} INFO - Started process (PID=2054) to work on /home/airflow/.local/lib/python3.12/site-packages/airflow/example_dags/example_task_group_decorator.py
[2026-06-13T17:07:41.863+0000] {processor.py:914} INFO - Processing file /home/airflow/.local/lib/python3.12/site-packages/airflow/example_dags/example_task_group_decorator.py for tasks to queue
[2026-06-13T17:07:41.868+0000] {logging_mixin.py:190} INFO - [2026-06-13T17:07:41.867+0000] {dagbag.py:588} INFO - Filling up the DagBag from /home/airflow/.local/lib/python3.12/site-packages/airflow/example_dags/example_task_group_decorator.py
[2026-06-13T17:07:41.900+0000] {processor.py:925} INFO - DAG(s) 'example_task_group_decorator' retrieved from /home/airflow/.local/lib/python3.12/site-packages/airflow/example_dags/example_task_group_decorator.py
[2026-06-13T17:07:41.935+0000] {logging_mixin.py:190} INFO - [2026-06-13T17:07:41.934+0000] {dag.py:3239} INFO - Sync 1 DAGs
[2026-06-13T17:07:41.965+0000] {logging_mixin.py:190} INFO - [2026-06-13T17:07:41.964+0000] {dag.py:4180} INFO - Setting next_dagrun for example_task_group_decorator to None, run_after=None
[2026-06-13T17:07:42.003+0000] {processor.py:208} INFO - Processing /home/airflow/.local/lib/python3.12/site-packages/airflow/example_dags/example_task_group_decorator.py took 0.151 seconds
[2026-06-13T17:08:12.417+0000] {processor.py:186} INFO - Started process (PID=2116) to work on /home/airflow/.local/lib/python3.12/site-packages/airflow/example_dags/example_task_group_decorator.py
[2026-06-13T17:08:12.419+0000] {processor.py:914} INFO - Processing file /home/airflow/.local/lib/python3.12/site-packages/airflow/example_dags/example_task_group_decorator.py for tasks to queue
[2026-06-13T17:08:12.423+0000] {logging_mixin.py:190} INFO - [2026-06-13T17:08:12.423+0000] {dagbag.py:588} INFO - Filling up the DagBag from /home/airflow/.local/lib/python3.12/site-packages/airflow/example_dags/example_task_group_decorator.py
[2026-06-13T17:08:12.440+0000] {processor.py:925} INFO - DAG(s) 'example_task_group_decorator' retrieved from /home/airflow/.local/lib/python3.12/site-packages/airflow/example_dags/example_task_group_decorator.py
[2026-06-13T17:08:12.472+0000] {logging_mixin.py:190} INFO - [2026-06-13T17:08:12.472+0000] {dag.py:3239} INFO - Sync 1 DAGs
[2026-06-13T17:08:12.488+0000] {logging_mixin.py:190} INFO - [2026-06-13T17:08:12.487+0000] {dag.py:4180} INFO - Setting next_dagrun for example_task_group_decorator to None, run_after=None
[2026-06-13T17:08:12.514+0000] {processor.py:208} INFO - Processing /home/airflow/.local/lib/python3.12/site-packages/airflow/example_dags/example_task_group_decorator.py took 0.103 seconds
[2026-06-13T17:08:42.824+0000] {processor.py:186} INFO - Started process (PID=2178) to work on /home/airflow/.local/lib/python3.12/site-packages/airflow/example_dags/example_task_group_decorator.py
[2026-06-13T17:08:42.825+0000] {processor.py:914} INFO - Processing file /home/airflow/.local/lib/python3.12/site-packages/airflow/example_dags/example_task_group_decorator.py for tasks to queue
[2026-06-13T17:08:42.828+0000] {logging_mixin.py:190} INFO - [2026-06-13T17:08:42.828+0000] {dagbag.py:588} INFO - Filling up the DagBag from /home/airflow/.local/lib/python3.12/site-packages/airflow/example_dags/example_task_group_decorator.py
[2026-06-13T17:08:42.840+0000] {processor.py:925} INFO - DAG(s) 'example_task_group_decorator' retrieved from /home/airflow/.local/lib/python3.12/site-packages/airflow/example_dags/example_task_group_decorator.py
[2026-06-13T17:08:42.861+0000] {logging_mixin.py:190} INFO - [2026-06-13T17:08:42.861+0000] {dag.py:3239} INFO - Sync 1 DAGs
[2026-06-13T17:08:42.872+0000] {logging_mixin.py:190} INFO - [2026-06-13T17:08:42.872+0000] {dag.py:4180} INFO - Setting next_dagrun for example_task_group_decorator to None, run_after=None
[2026-06-13T17:08:42.895+0000] {processor.py:208} INFO - Processing /home/airflow/.local/lib/python3.12/site-packages/airflow/example_dags/example_task_group_decorator.py took 0.076 seconds
[2026-06-13T17:09:13.416+0000] {processor.py:186} INFO - Started process (PID=2240) to work on /home/airflow/.local/lib/python3.12/site-packages/airflow/example_dags/example_task_group_decorator.py
[2026-06-13T17:09:13.417+0000] {processor.py:914} INFO - Processing file /home/airflow/.local/lib/python3.12/site-packages/airflow/example_dags/example_task_group_decorator.py for tasks to queue
[2026-06-13T17:09:13.420+0000] {logging_mixin.py:190} INFO - [2026-06-13T17:09:13.419+0000] {dagbag.py:588} INFO - Filling up the DagBag from /home/airflow/.local/lib/python3.12/site-packages/airflow/example_dags/example_task_group_decorator.py
[2026-06-13T17:09:13.431+0000] {processor.py:925} INFO - DAG(s) 'example_task_group_decorator' retrieved from /home/airflow/.local/lib/python3.12/site-packages/airflow/example_dags/example_task_group_decorator.py
[2026-06-13T17:09:13.449+0000] {logging_mixin.py:190} INFO - [2026-06-13T17:09:13.449+0000] {dag.py:3239} INFO - Sync 1 DAGs
[2026-06-13T17:09:13.461+0000] {logging_mixin.py:190} INFO - [2026-06-13T17:09:13.460+0000] {dag.py:4180} INFO - Setting next_dagrun for example_task_group_decorator to None, run_after=None
[2026-06-13T17:09:13.479+0000] {processor.py:208} INFO - Processing /home/airflow/.local/lib/python3.12/site-packages/airflow/example_dags/example_task_group_decorator.py took 0.068 seconds
[2026-06-13T17:09:44.091+0000] {processor.py:186} INFO - Started process (PID=2302) to work on /home/airflow/.local/lib/python3.12/site-packages/airflow/example_dags/example_task_group_decorator.py
[2026-06-13T17:09:44.093+0000] {processor.py:914} INFO - Processing file /home/airflow/.local/lib/python3.12/site-packages/airflow/example_dags/example_task_group_decorator.py for tasks to queue
[2026-06-13T17:09:44.098+0000] {logging_mixin.py:190} INFO - [2026-06-13T17:09:44.097+0000] {dagbag.py:588} INFO - Filling up the DagBag from /home/airflow/.local/lib/python3.12/site-packages/airflow/example_dags/example_task_group_decorator.py
[2026-06-13T17:09:44.117+0000] {processor.py:925} INFO - DAG(s) 'example_task_group_decorator' retrieved from /home/airflow/.local/lib/python3.12/site-packages/airflow/example_dags/example_task_group_decorator.py
[2026-06-13T17:09:44.153+0000] {logging_mixin.py:190} INFO - [2026-06-13T17:09:44.153+0000] {dag.py:3239} INFO - Sync 1 DAGs
[2026-06-13T17:09:44.170+0000] {logging_mixin.py:190} INFO - [2026-06-13T17:09:44.170+0000] {dag.py:4180} INFO - Setting next_dagrun for example_task_group_decorator to None, run_after=None
[2026-06-13T17:09:44.198+0000] {processor.py:208} INFO - Processing /home/airflow/.local/lib/python3.12/site-packages/airflow/example_dags/example_task_group_decorator.py took 0.115 seconds
[2026-06-13T17:10:14.428+0000] {processor.py:186} INFO - Started process (PID=2364) to work on /home/airflow/.local/lib/python3.12/site-packages/airflow/example_dags/example_task_group_decorator.py
[2026-06-13T17:10:14.429+0000] {processor.py:914} INFO - Processing file /home/airflow/.local/lib/python3.12/site-packages/airflow/example_dags/example_task_group_decorator.py for tasks to queue
[2026-06-13T17:10:14.432+0000] {logging_mixin.py:190} INFO - [2026-06-13T17:10:14.431+0000] {dagbag.py:588} INFO - Filling up the DagBag from /home/airflow/.local/lib/python3.12/site-packages/airflow/example_dags/example_task_group_decorator.py
[2026-06-13T17:10:14.443+0000] {processor.py:925} INFO - DAG(s) 'example_task_group_decorator' retrieved from /home/airflow/.local/lib/python3.12/site-packages/airflow/example_dags/example_task_group_decorator.py
[2026-06-13T17:10:14.464+0000] {logging_mixin.py:190} INFO - [2026-06-13T17:10:14.464+0000] {dag.py:3239} INFO - Sync 1 DAGs
[2026-06-13T17:10:14.477+0000] {logging_mixin.py:190} INFO - [2026-06-13T17:10:14.477+0000] {dag.py:4180} INFO - Setting next_dagrun for example_task_group_decorator to None, run_after=None
[2026-06-13T17:10:14.501+0000] {processor.py:208} INFO - Processing /home/airflow/.local/lib/python3.12/site-packages/airflow/example_dags/example_task_group_decorator.py took 0.078 seconds
[2026-06-13T17:10:44.612+0000] {processor.py:186} INFO - Started process (PID=2426) to work on /home/airflow/.local/lib/python3.12/site-packages/airflow/example_dags/example_task_group_decorator.py
[2026-06-13T17:10:44.613+0000] {processor.py:914} INFO - Processing file /home/airflow/.local/lib/python3.12/site-packages/airflow/example_dags/example_task_group_decorator.py for tasks to queue
[2026-06-13T17:10:44.616+0000] {logging_mixin.py:190} INFO - [2026-06-13T17:10:44.616+0000] {dagbag.py:588} INFO - Filling up the DagBag from /home/airflow/.local/lib/python3.12/site-packages/airflow/example_dags/example_task_group_decorator.py
[2026-06-13T17:10:44.630+0000] {processor.py:925} INFO - DAG(s) 'example_task_group_decorator' retrieved from /home/airflow/.local/lib/python3.12/site-packages/airflow/example_dags/example_task_group_decorator.py
[2026-06-13T17:10:44.649+0000] {logging_mixin.py:190} INFO - [2026-06-13T17:10:44.649+0000] {dag.py:3239} INFO - Sync 1 DAGs
[2026-06-13T17:10:44.660+0000] {logging_mixin.py:190} INFO - [2026-06-13T17:10:44.660+0000] {dag.py:4180} INFO - Setting next_dagrun for example_task_group_decorator to None, run_after=None
[2026-06-13T17:10:44.675+0000] {processor.py:208} INFO - Processing /home/airflow/.local/lib/python3.12/site-packages/airflow/example_dags/example_task_group_decorator.py took 0.070 seconds
[2026-06-13T17:11:14.912+0000] {processor.py:186} INFO - Started process (PID=2488) to work on /home/airflow/.local/lib/python3.12/site-packages/airflow/example_dags/example_task_group_decorator.py
[2026-06-13T17:11:14.913+0000] {processor.py:914} INFO - Processing file /home/airflow/.local/lib/python3.12/site-packages/airflow/example_dags/example_task_group_decorator.py for tasks to queue
[2026-06-13T17:11:14.915+0000] {logging_mixin.py:190} INFO - [2026-06-13T17:11:14.915+0000] {dagbag.py:588} INFO - Filling up the DagBag from /home/airflow/.local/lib/python3.12/site-packages/airflow/example_dags/example_task_group_decorator.py
[2026-06-13T17:11:14.927+0000] {processor.py:925} INFO - DAG(s) 'example_task_group_decorator' retrieved from /home/airflow/.local/lib/python3.12/site-packages/airflow/example_dags/example_task_group_decorator.py
[2026-06-13T17:11:14.947+0000] {logging_mixin.py:190} INFO - [2026-06-13T17:11:14.947+0000] {dag.py:3239} INFO - Sync 1 DAGs
[2026-06-13T17:11:14.959+0000] {logging_mixin.py:190} INFO - [2026-06-13T17:11:14.958+0000] {dag.py:4180} INFO - Setting next_dagrun for example_task_group_decorator to None, run_after=None
[2026-06-13T17:11:14.979+0000] {processor.py:208} INFO - Processing /home/airflow/.local/lib/python3.12/site-packages/airflow/example_dags/example_task_group_decorator.py took 0.072 seconds
[2026-06-13T17:11:45.637+0000] {processor.py:186} INFO - Started process (PID=2550) to work on /home/airflow/.local/lib/python3.12/site-packages/airflow/example_dags/example_task_group_decorator.py
[2026-06-13T17:11:45.638+0000] {processor.py:914} INFO - Processing file /home/airflow/.local/lib/python3.12/site-packages/airflow/example_dags/example_task_group_decorator.py for tasks to queue
[2026-06-13T17:11:45.640+0000] {logging_mixin.py:190} INFO - [2026-06-13T17:11:45.640+0000] {dagbag.py:588} INFO - Filling up the DagBag from /home/airflow/.local/lib/python3.12/site-packages/airflow/example_dags/example_task_group_decorator.py
[2026-06-13T17:11:45.652+0000] {processor.py:925} INFO - DAG(s) 'example_task_group_decorator' retrieved from /home/airflow/.local/lib/python3.12/site-packages/airflow/example_dags/example_task_group_decorator.py
[2026-06-13T17:11:45.671+0000] {logging_mixin.py:190} INFO - [2026-06-13T17:11:45.671+0000] {dag.py:3239} INFO - Sync 1 DAGs
[2026-06-13T17:11:45.683+0000] {logging_mixin.py:190} INFO - [2026-06-13T17:11:45.683+0000] {dag.py:4180} INFO - Setting next_dagrun for example_task_group_decorator to None, run_after=None
[2026-06-13T17:11:45.701+0000] {processor.py:208} INFO - Processing /home/airflow/.local/lib/python3.12/site-packages/airflow/example_dags/example_task_group_decorator.py took 0.069 seconds
[2026-06-13T17:12:16.139+0000] {processor.py:186} INFO - Started process (PID=2612) to work on /home/airflow/.local/lib/python3.12/site-packages/airflow/example_dags/example_task_group_decorator.py
[2026-06-13T17:12:16.140+0000] {processor.py:914} INFO - Processing file /home/airflow/.local/lib/python3.12/site-packages/airflow/example_dags/example_task_group_decorator.py for tasks to queue
[2026-06-13T17:12:16.142+0000] {logging_mixin.py:190} INFO - [2026-06-13T17:12:16.142+0000] {dagbag.py:588} INFO - Filling up the DagBag from /home/airflow/.local/lib/python3.12/site-packages/airflow/example_dags/example_task_group_decorator.py
[2026-06-13T17:12:16.153+0000] {processor.py:925} INFO - DAG(s) 'example_task_group_decorator' retrieved from /home/airflow/.local/lib/python3.12/site-packages/airflow/example_dags/example_task_group_decorator.py
[2026-06-13T17:12:16.172+0000] {logging_mixin.py:190} INFO - [2026-06-13T17:12:16.172+0000] {dag.py:3239} INFO - Sync 1 DAGs
[2026-06-13T17:12:16.315+0000] {logging_mixin.py:190} INFO - [2026-06-13T17:12:16.315+0000] {dag.py:4180} INFO - Setting next_dagrun for example_task_group_decorator to None, run_after=None
[2026-06-13T17:12:16.332+0000] {processor.py:208} INFO - Processing /home/airflow/.local/lib/python3.12/site-packages/airflow/example_dags/example_task_group_decorator.py took 0.200 seconds
[2026-06-13T17:12:46.533+0000] {processor.py:186} INFO - Started process (PID=2673) to work on /home/airflow/.local/lib/python3.12/site-packages/airflow/example_dags/example_task_group_decorator.py
[2026-06-13T17:12:46.535+0000] {processor.py:914} INFO - Processing file /home/airflow/.local/lib/python3.12/site-packages/airflow/example_dags/example_task_group_decorator.py for tasks to queue
[2026-06-13T17:12:46.537+0000] {logging_mixin.py:190} INFO - [2026-06-13T17:12:46.537+0000] {dagbag.py:588} INFO - Filling up the DagBag from /home/airflow/.local/lib/python3.12/site-packages/airflow/example_dags/example_task_group_decorator.py
[2026-06-13T17:12:46.548+0000] {processor.py:925} INFO - DAG(s) 'example_task_group_decorator' retrieved from /home/airflow/.local/lib/python3.12/site-packages/airflow/example_dags/example_task_group_decorator.py
[2026-06-13T17:12:46.566+0000] {logging_mixin.py:190} INFO - [2026-06-13T17:12:46.566+0000] {dag.py:3239} INFO - Sync 1 DAGs
[2026-06-13T17:12:46.711+0000] {logging_mixin.py:190} INFO - [2026-06-13T17:12:46.711+0000] {dag.py:4180} INFO - Setting next_dagrun for example_task_group_decorator to None, run_after=None
[2026-06-13T17:12:46.737+0000] {processor.py:208} INFO - Processing /home/airflow/.local/lib/python3.12/site-packages/airflow/example_dags/example_task_group_decorator.py took 0.209 seconds
[2026-06-13T17:13:17.616+0000] {processor.py:186} INFO - Started process (PID=2735) to work on /home/airflow/.local/lib/python3.12/site-packages/airflow/example_dags/example_task_group_decorator.py
[2026-06-13T17:13:17.618+0000] {processor.py:914} INFO - Processing file /home/airflow/.local/lib/python3.12/site-packages/airflow/example_dags/example_task_group_decorator.py for tasks to queue
[2026-06-13T17:13:17.620+0000] {logging_mixin.py:190} INFO - [2026-06-13T17:13:17.620+0000] {dagbag.py:588} INFO - Filling up the DagBag from /home/airflow/.local/lib/python3.12/site-packages/airflow/example_dags/example_task_group_decorator.py
[2026-06-13T17:13:17.632+0000] {processor.py:925} INFO - DAG(s) 'example_task_group_decorator' retrieved from /home/airflow/.local/lib/python3.12/site-packages/airflow/example_dags/example_task_group_decorator.py
[2026-06-13T17:13:17.650+0000] {logging_mixin.py:190} INFO - [2026-06-13T17:13:17.650+0000] {dag.py:3239} INFO - Sync 1 DAGs
[2026-06-13T17:13:17.662+0000] {logging_mixin.py:190} INFO - [2026-06-13T17:13:17.662+0000] {dag.py:4180} INFO - Setting next_dagrun for example_task_group_decorator to None, run_after=None
[2026-06-13T17:13:17.682+0000] {processor.py:208} INFO - Processing /home/airflow/.local/lib/python3.12/site-packages/airflow/example_dags/example_task_group_decorator.py took 0.070 seconds
[2026-06-13T17:13:49.010+0000] {processor.py:186} INFO - Started process (PID=2797) to work on /home/airflow/.local/lib/python3.12/site-packages/airflow/example_dags/example_task_group_decorator.py
[2026-06-13T17:13:49.011+0000] {processor.py:914} INFO - Processing file /home/airflow/.local/lib/python3.12/site-packages/airflow/example_dags/example_task_group_decorator.py for tasks to queue
[2026-06-13T17:13:49.014+0000] {logging_mixin.py:190} INFO - [2026-06-13T17:13:49.013+0000] {dagbag.py:588} INFO - Filling up the DagBag from /home/airflow/.local/lib/python3.12/site-packages/airflow/example_dags/example_task_group_decorator.py
[2026-06-13T17:13:49.024+0000] {processor.py:925} INFO - DAG(s) 'example_task_group_decorator' retrieved from /home/airflow/.local/lib/python3.12/site-packages/airflow/example_dags/example_task_group_decorator.py
[2026-06-13T17:13:49.054+0000] {logging_mixin.py:190} INFO - [2026-06-13T17:13:49.054+0000] {dag.py:3239} INFO - Sync 1 DAGs
[2026-06-13T17:13:49.075+0000] {logging_mixin.py:190} INFO - [2026-06-13T17:13:49.075+0000] {dag.py:4180} INFO - Setting next_dagrun for example_task_group_decorator to None, run_after=None
[2026-06-13T17:13:49.101+0000] {processor.py:208} INFO - Processing /home/airflow/.local/lib/python3.12/site-packages/airflow/example_dags/example_task_group_decorator.py took 0.095 seconds
[2026-06-13T17:14:19.567+0000] {processor.py:186} INFO - Started process (PID=2859) to work on /home/airflow/.local/lib/python3.12/site-packages/airflow/example_dags/example_task_group_decorator.py
[2026-06-13T17:14:19.568+0000] {processor.py:914} INFO - Processing file /home/airflow/.local/lib/python3.12/site-packages/airflow/example_dags/example_task_group_decorator.py for tasks to queue
[2026-06-13T17:14:19.571+0000] {logging_mixin.py:190} INFO - [2026-06-13T17:14:19.570+0000] {dagbag.py:588} INFO - Filling up the DagBag from /home/airflow/.local/lib/python3.12/site-packages/airflow/example_dags/example_task_group_decorator.py
[2026-06-13T17:14:19.586+0000] {processor.py:925} INFO - DAG(s) 'example_task_group_decorator' retrieved from /home/airflow/.local/lib/python3.12/site-packages/airflow/example_dags/example_task_group_decorator.py
[2026-06-13T17:14:19.609+0000] {logging_mixin.py:190} INFO - [2026-06-13T17:14:19.609+0000] {dag.py:3239} INFO - Sync 1 DAGs
[2026-06-13T17:14:19.624+0000] {logging_mixin.py:190} INFO - [2026-06-13T17:14:19.624+0000] {dag.py:4180} INFO - Setting next_dagrun for example_task_group_decorator to None, run_after=None
[2026-06-13T17:14:19.644+0000] {processor.py:208} INFO - Processing /home/airflow/.local/lib/python3.12/site-packages/airflow/example_dags/example_task_group_decorator.py took 0.082 seconds
[2026-06-13T17:14:50.144+0000] {processor.py:186} INFO - Started process (PID=2921) to work on /home/airflow/.local/lib/python3.12/site-packages/airflow/example_dags/example_task_group_decorator.py
[2026-06-13T17:14:50.146+0000] {processor.py:914} INFO - Processing file /home/airflow/.local/lib/python3.12/site-packages/airflow/example_dags/example_task_group_decorator.py for tasks to queue
[2026-06-13T17:14:50.149+0000] {logging_mixin.py:190} INFO - [2026-06-13T17:14:50.148+0000] {dagbag.py:588} INFO - Filling up the DagBag from /home/airflow/.local/lib/python3.12/site-packages/airflow/example_dags/example_task_group_decorator.py
[2026-06-13T17:14:50.161+0000] {processor.py:925} INFO - DAG(s) 'example_task_group_decorator' retrieved from /home/airflow/.local/lib/python3.12/site-packages/airflow/example_dags/example_task_group_decorator.py
[2026-06-13T17:14:50.179+0000] {logging_mixin.py:190} INFO - [2026-06-13T17:14:50.179+0000] {dag.py:3239} INFO - Sync 1 DAGs
[2026-06-13T17:14:50.191+0000] {logging_mixin.py:190} INFO - [2026-06-13T17:14:50.190+0000] {dag.py:4180} INFO - Setting next_dagrun for example_task_group_decorator to None, run_after=None
[2026-06-13T17:14:50.211+0000] {processor.py:208} INFO - Processing /home/airflow/.local/lib/python3.12/site-packages/airflow/example_dags/example_task_group_decorator.py took 0.071 seconds
[2026-06-13T17:15:20.517+0000] {processor.py:186} INFO - Started process (PID=2983) to work on /home/airflow/.local/lib/python3.12/site-packages/airflow/example_dags/example_task_group_decorator.py
[2026-06-13T17:15:20.519+0000] {processor.py:914} INFO - Processing file /home/airflow/.local/lib/python3.12/site-packages/airflow/example_dags/example_task_group_decorator.py for tasks to queue
[2026-06-13T17:15:20.522+0000] {logging_mixin.py:190} INFO - [2026-06-13T17:15:20.522+0000] {dagbag.py:588} INFO - Filling up the DagBag from /home/airflow/.local/lib/python3.12/site-packages/airflow/example_dags/example_task_group_decorator.py
[2026-06-13T17:15:20.533+0000] {processor.py:925} INFO - DAG(s) 'example_task_group_decorator' retrieved from /home/airflow/.local/lib/python3.12/site-packages/airflow/example_dags/example_task_group_decorator.py
[2026-06-13T17:15:20.552+0000] {logging_mixin.py:190} INFO - [2026-06-13T17:15:20.552+0000] {dag.py:3239} INFO - Sync 1 DAGs
[2026-06-13T17:15:20.563+0000] {logging_mixin.py:190} INFO - [2026-06-13T17:15:20.563+0000] {dag.py:4180} INFO - Setting next_dagrun for example_task_group_decorator to None, run_after=None
[2026-06-13T17:15:20.582+0000] {processor.py:208} INFO - Processing /home/airflow/.local/lib/python3.12/site-packages/airflow/example_dags/example_task_group_decorator.py took 0.070 seconds
[2026-06-13T17:15:51.023+0000] {processor.py:186} INFO - Started process (PID=3045) to work on /home/airflow/.local/lib/python3.12/site-packages/airflow/example_dags/example_task_group_decorator.py
[2026-06-13T17:15:51.024+0000] {processor.py:914} INFO - Processing file /home/airflow/.local/lib/python3.12/site-packages/airflow/example_dags/example_task_group_decorator.py for tasks to queue
[2026-06-13T17:15:51.027+0000] {logging_mixin.py:190} INFO - [2026-06-13T17:15:51.026+0000] {dagbag.py:588} INFO - Filling up the DagBag from /home/airflow/.local/lib/python3.12/site-packages/airflow/example_dags/example_task_group_decorator.py
[2026-06-13T17:15:51.038+0000] {processor.py:925} INFO - DAG(s) 'example_task_group_decorator' retrieved from /home/airflow/.local/lib/python3.12/site-packages/airflow/example_dags/example_task_group_decorator.py
[2026-06-13T17:15:51.057+0000] {logging_mixin.py:190} INFO - [2026-06-13T17:15:51.057+0000] {dag.py:3239} INFO - Sync 1 DAGs
[2026-06-13T17:15:51.068+0000] {logging_mixin.py:190} INFO - [2026-06-13T17:15:51.068+0000] {dag.py:4180} INFO - Setting next_dagrun for example_task_group_decorator to None, run_after=None
[2026-06-13T17:15:51.092+0000] {processor.py:208} INFO - Processing /home/airflow/.local/lib/python3.12/site-packages/airflow/example_dags/example_task_group_decorator.py took 0.074 seconds
[2026-06-13T17:16:21.524+0000] {processor.py:186} INFO - Started process (PID=3107) to work on /home/airflow/.local/lib/python3.12/site-packages/airflow/example_dags/example_task_group_decorator.py
[2026-06-13T17:16:21.525+0000] {processor.py:914} INFO - Processing file /home/airflow/.local/lib/python3.12/site-packages/airflow/example_dags/example_task_group_decorator.py for tasks to queue
[2026-06-13T17:16:21.528+0000] {logging_mixin.py:190} INFO - [2026-06-13T17:16:21.527+0000] {dagbag.py:588} INFO - Filling up the DagBag from /home/airflow/.local/lib/python3.12/site-packages/airflow/example_dags/example_task_group_decorator.py
[2026-06-13T17:16:21.539+0000] {processor.py:925} INFO - DAG(s) 'example_task_group_decorator' retrieved from /home/airflow/.local/lib/python3.12/site-packages/airflow/example_dags/example_task_group_decorator.py
[2026-06-13T17:16:21.559+0000] {logging_mixin.py:190} INFO - [2026-06-13T17:16:21.559+0000] {dag.py:3239} INFO - Sync 1 DAGs
[2026-06-13T17:16:21.572+0000] {logging_mixin.py:190} INFO - [2026-06-13T17:16:21.572+0000] {dag.py:4180} INFO - Setting next_dagrun for example_task_group_decorator to None, run_after=None
[2026-06-13T17:16:21.595+0000] {processor.py:208} INFO - Processing /home/airflow/.local/lib/python3.12/site-packages/airflow/example_dags/example_task_group_decorator.py took 0.076 seconds
[2026-06-13T17:16:51.939+0000] {processor.py:186} INFO - Started process (PID=3169) to work on /home/airflow/.local/lib/python3.12/site-packages/airflow/example_dags/example_task_group_decorator.py
[2026-06-13T17:16:51.941+0000] {processor.py:914} INFO - Processing file /home/airflow/.local/lib/python3.12/site-packages/airflow/example_dags/example_task_group_decorator.py for tasks to queue
[2026-06-13T17:16:51.943+0000] {logging_mixin.py:190} INFO - [2026-06-13T17:16:51.943+0000] {dagbag.py:588} INFO - Filling up the DagBag from /home/airflow/.local/lib/python3.12/site-packages/airflow/example_dags/example_task_group_decorator.py
[2026-06-13T17:16:51.956+0000] {processor.py:925} INFO - DAG(s) 'example_task_group_decorator' retrieved from /home/airflow/.local/lib/python3.12/site-packages/airflow/example_dags/example_task_group_decorator.py
[2026-06-13T17:16:51.984+0000] {logging_mixin.py:190} INFO - [2026-06-13T17:16:51.984+0000] {dag.py:3239} INFO - Sync 1 DAGs
[2026-06-13T17:16:51.998+0000] {logging_mixin.py:190} INFO - [2026-06-13T17:16:51.998+0000] {dag.py:4180} INFO - Setting next_dagrun for example_task_group_decorator to None, run_after=None
[2026-06-13T17:16:52.020+0000] {processor.py:208} INFO - Processing /home/airflow/.local/lib/python3.12/site-packages/airflow/example_dags/example_task_group_decorator.py took 0.086 seconds
[2026-06-13T17:17:22.370+0000] {processor.py:186} INFO - Started process (PID=3231) to work on /home/airflow/.local/lib/python3.12/site-packages/airflow/example_dags/example_task_group_decorator.py
[2026-06-13T17:17:22.371+0000] {processor.py:914} INFO - Processing file /home/airflow/.local/lib/python3.12/site-packages/airflow/example_dags/example_task_group_decorator.py for tasks to queue
[2026-06-13T17:17:22.374+0000] {logging_mixin.py:190} INFO - [2026-06-13T17:17:22.373+0000] {dagbag.py:588} INFO - Filling up the DagBag from /home/airflow/.local/lib/python3.12/site-packages/airflow/example_dags/example_task_group_decorator.py
[2026-06-13T17:17:22.385+0000] {processor.py:925} INFO - DAG(s) 'example_task_group_decorator' retrieved from /home/airflow/.local/lib/python3.12/site-packages/airflow/example_dags/example_task_group_decorator.py
[2026-06-13T17:17:22.403+0000] {logging_mixin.py:190} INFO - [2026-06-13T17:17:22.403+0000] {dag.py:3239} INFO - Sync 1 DAGs
[2026-06-13T17:17:22.414+0000] {logging_mixin.py:190} INFO - [2026-06-13T17:17:22.414+0000] {dag.py:4180} INFO - Setting next_dagrun for example_task_group_decorator to None, run_after=None
[2026-06-13T17:17:22.433+0000] {processor.py:208} INFO - Processing /home/airflow/.local/lib/python3.12/site-packages/airflow/example_dags/example_task_group_decorator.py took 0.067 seconds
[2026-06-13T17:17:52.700+0000] {processor.py:186} INFO - Started process (PID=3293) to work on /home/airflow/.local/lib/python3.12/site-packages/airflow/example_dags/example_task_group_decorator.py
[2026-06-13T17:17:52.701+0000] {processor.py:914} INFO - Processing file /home/airflow/.local/lib/python3.12/site-packages/airflow/example_dags/example_task_group_decorator.py for tasks to queue
[2026-06-13T17:17:52.704+0000] {logging_mixin.py:190} INFO - [2026-06-13T17:17:52.704+0000] {dagbag.py:588} INFO - Filling up the DagBag from /home/airflow/.local/lib/python3.12/site-packages/airflow/example_dags/example_task_group_decorator.py
[2026-06-13T17:17:52.716+0000] {processor.py:925} INFO - DAG(s) 'example_task_group_decorator' retrieved from /home/airflow/.local/lib/python3.12/site-packages/airflow/example_dags/example_task_group_decorator.py
[2026-06-13T17:17:52.736+0000] {logging_mixin.py:190} INFO - [2026-06-13T17:17:52.736+0000] {dag.py:3239} INFO - Sync 1 DAGs
[2026-06-13T17:17:52.748+0000] {logging_mixin.py:190} INFO - [2026-06-13T17:17:52.748+0000] {dag.py:4180} INFO - Setting next_dagrun for example_task_group_decorator to None, run_after=None
[2026-06-13T17:17:52.767+0000] {processor.py:208} INFO - Processing /home/airflow/.local/lib/python3.12/site-packages/airflow/example_dags/example_task_group_decorator.py took 0.072 seconds
[2026-06-13T17:18:23.259+0000] {processor.py:186} INFO - Started process (PID=3355) to work on /home/airflow/.local/lib/python3.12/site-packages/airflow/example_dags/example_task_group_decorator.py
[2026-06-13T17:18:23.261+0000] {processor.py:914} INFO - Processing file /home/airflow/.local/lib/python3.12/site-packages/airflow/example_dags/example_task_group_decorator.py for tasks to queue
[2026-06-13T17:18:23.263+0000] {logging_mixin.py:190} INFO - [2026-06-13T17:18:23.263+0000] {dagbag.py:588} INFO - Filling up the DagBag from /home/airflow/.local/lib/python3.12/site-packages/airflow/example_dags/example_task_group_decorator.py
[2026-06-13T17:18:23.275+0000] {processor.py:925} INFO - DAG(s) 'example_task_group_decorator' retrieved from /home/airflow/.local/lib/python3.12/site-packages/airflow/example_dags/example_task_group_decorator.py
[2026-06-13T17:18:23.294+0000] {logging_mixin.py:190} INFO - [2026-06-13T17:18:23.294+0000] {dag.py:3239} INFO - Sync 1 DAGs
[2026-06-13T17:18:23.306+0000] {logging_mixin.py:190} INFO - [2026-06-13T17:18:23.306+0000] {dag.py:4180} INFO - Setting next_dagrun for example_task_group_decorator to None, run_after=None
[2026-06-13T17:18:23.325+0000] {processor.py:208} INFO - Processing /home/airflow/.local/lib/python3.12/site-packages/airflow/example_dags/example_task_group_decorator.py took 0.070 seconds
[2026-06-13T17:18:53.772+0000] {processor.py:186} INFO - Started process (PID=3417) to work on /home/airflow/.local/lib/python3.12/site-packages/airflow/example_dags/example_task_group_decorator.py
[2026-06-13T17:18:53.773+0000] {processor.py:914} INFO - Processing file /home/airflow/.local/lib/python3.12/site-packages/airflow/example_dags/example_task_group_decorator.py for tasks to queue
[2026-06-13T17:18:53.775+0000] {logging_mixin.py:190} INFO - [2026-06-13T17:18:53.775+0000] {dagbag.py:588} INFO - Filling up the DagBag from /home/airflow/.local/lib/python3.12/site-packages/airflow/example_dags/example_task_group_decorator.py
[2026-06-13T17:18:53.790+0000] {processor.py:925} INFO - DAG(s) 'example_task_group_decorator' retrieved from /home/airflow/.local/lib/python3.12/site-packages/airflow/example_dags/example_task_group_decorator.py
[2026-06-13T17:18:53.814+0000] {logging_mixin.py:190} INFO - [2026-06-13T17:18:53.814+0000] {dag.py:3239} INFO - Sync 1 DAGs
[2026-06-13T17:18:53.828+0000] {logging_mixin.py:190} INFO - [2026-06-13T17:18:53.827+0000] {dag.py:4180} INFO - Setting next_dagrun for example_task_group_decorator to None, run_after=None
[2026-06-13T17:18:53.845+0000] {processor.py:208} INFO - Processing /home/airflow/.local/lib/python3.12/site-packages/airflow/example_dags/example_task_group_decorator.py took 0.081 seconds
[2026-06-13T17:19:24.254+0000] {processor.py:186} INFO - Started process (PID=3479) to work on /home/airflow/.local/lib/python3.12/site-packages/airflow/example_dags/example_task_group_decorator.py
[2026-06-13T17:19:24.255+0000] {processor.py:914} INFO - Processing file /home/airflow/.local/lib/python3.12/site-packages/airflow/example_dags/example_task_group_decorator.py for tasks to queue
[2026-06-13T17:19:24.259+0000] {logging_mixin.py:190} INFO - [2026-06-13T17:19:24.258+0000] {dagbag.py:588} INFO - Filling up the DagBag from /home/airflow/.local/lib/python3.12/site-packages/airflow/example_dags/example_task_group_decorator.py
[2026-06-13T17:19:24.273+0000] {processor.py:925} INFO - DAG(s) 'example_task_group_decorator' retrieved from /home/airflow/.local/lib/python3.12/site-packages/airflow/example_dags/example_task_group_decorator.py
[2026-06-13T17:19:24.299+0000] {logging_mixin.py:190} INFO - [2026-06-13T17:19:24.299+0000] {dag.py:3239} INFO - Sync 1 DAGs
[2026-06-13T17:19:24.318+0000] {logging_mixin.py:190} INFO - [2026-06-13T17:19:24.318+0000] {dag.py:4180} INFO - Setting next_dagrun for example_task_group_decorator to None, run_after=None
[2026-06-13T17:19:24.345+0000] {processor.py:208} INFO - Processing /home/airflow/.local/lib/python3.12/site-packages/airflow/example_dags/example_task_group_decorator.py took 0.100 seconds
[2026-06-13T17:19:55.177+0000] {processor.py:186} INFO - Started process (PID=3541) to work on /home/airflow/.local/lib/python3.12/site-packages/airflow/example_dags/example_task_group_decorator.py
[2026-06-13T17:19:55.179+0000] {processor.py:914} INFO - Processing file /home/airflow/.local/lib/python3.12/site-packages/airflow/example_dags/example_task_group_decorator.py for tasks to queue
[2026-06-13T17:19:55.181+0000] {logging_mixin.py:190} INFO - [2026-06-13T17:19:55.181+0000] {dagbag.py:588} INFO - Filling up the DagBag from /home/airflow/.local/lib/python3.12/site-packages/airflow/example_dags/example_task_group_decorator.py
[2026-06-13T17:19:55.197+0000] {processor.py:925} INFO - DAG(s) 'example_task_group_decorator' retrieved from /home/airflow/.local/lib/python3.12/site-packages/airflow/example_dags/example_task_group_decorator.py
[2026-06-13T17:19:55.226+0000] {logging_mixin.py:190} INFO - [2026-06-13T17:19:55.226+0000] {dag.py:3239} INFO - Sync 1 DAGs
[2026-06-13T17:19:55.240+0000] {logging_mixin.py:190} INFO - [2026-06-13T17:19:55.240+0000] {dag.py:4180} INFO - Setting next_dagrun for example_task_group_decorator to None, run_after=None
[2026-06-13T17:19:55.266+0000] {processor.py:208} INFO - Processing /home/airflow/.local/lib/python3.12/site-packages/airflow/example_dags/example_task_group_decorator.py took 0.094 seconds
[2026-06-13T17:20:25.895+0000] {processor.py:186} INFO - Started process (PID=3603) to work on /home/airflow/.local/lib/python3.12/site-packages/airflow/example_dags/example_task_group_decorator.py
[2026-06-13T17:20:25.896+0000] {processor.py:914} INFO - Processing file /home/airflow/.local/lib/python3.12/site-packages/airflow/example_dags/example_task_group_decorator.py for tasks to queue
[2026-06-13T17:20:25.899+0000] {logging_mixin.py:190} INFO - [2026-06-13T17:20:25.898+0000] {dagbag.py:588} INFO - Filling up the DagBag from /home/airflow/.local/lib/python3.12/site-packages/airflow/example_dags/example_task_group_decorator.py
[2026-06-13T17:20:25.912+0000] {processor.py:925} INFO - DAG(s) 'example_task_group_decorator' retrieved from /home/airflow/.local/lib/python3.12/site-packages/airflow/example_dags/example_task_group_decorator.py
[2026-06-13T17:20:25.934+0000] {logging_mixin.py:190} INFO - [2026-06-13T17:20:25.934+0000] {dag.py:3239} INFO - Sync 1 DAGs
[2026-06-13T17:20:25.947+0000] {logging_mixin.py:190} INFO - [2026-06-13T17:20:25.947+0000] {dag.py:4180} INFO - Setting next_dagrun for example_task_group_decorator to None, run_after=None
[2026-06-13T17:20:25.974+0000] {processor.py:208} INFO - Processing /home/airflow/.local/lib/python3.12/site-packages/airflow/example_dags/example_task_group_decorator.py took 0.084 seconds
[2026-06-13T17:20:56.358+0000] {processor.py:186} INFO - Started process (PID=3665) to work on /home/airflow/.local/lib/python3.12/site-packages/airflow/example_dags/example_task_group_decorator.py
[2026-06-13T17:20:56.359+0000] {processor.py:914} INFO - Processing file /home/airflow/.local/lib/python3.12/site-packages/airflow/example_dags/example_task_group_decorator.py for tasks to queue
[2026-06-13T17:20:56.362+0000] {logging_mixin.py:190} INFO - [2026-06-13T17:20:56.361+0000] {dagbag.py:588} INFO - Filling up the DagBag from /home/airflow/.local/lib/python3.12/site-packages/airflow/example_dags/example_task_group_decorator.py
[2026-06-13T17:20:56.374+0000] {processor.py:925} INFO - DAG(s) 'example_task_group_decorator' retrieved from /home/airflow/.local/lib/python3.12/site-packages/airflow/example_dags/example_task_group_decorator.py
[2026-06-13T17:20:56.394+0000] {logging_mixin.py:190} INFO - [2026-06-13T17:20:56.394+0000] {dag.py:3239} INFO - Sync 1 DAGs
[2026-06-13T17:20:56.408+0000] {logging_mixin.py:190} INFO - [2026-06-13T17:20:56.408+0000] {dag.py:4180} INFO - Setting next_dagrun for example_task_group_decorator to None, run_after=None
[2026-06-13T17:20:56.428+0000] {processor.py:208} INFO - Processing /home/airflow/.local/lib/python3.12/site-packages/airflow/example_dags/example_task_group_decorator.py took 0.074 seconds
[2026-06-13T17:21:26.840+0000] {processor.py:186} INFO - Started process (PID=3727) to work on /home/airflow/.local/lib/python3.12/site-packages/airflow/example_dags/example_task_group_decorator.py
[2026-06-13T17:21:26.841+0000] {processor.py:914} INFO - Processing file /home/airflow/.local/lib/python3.12/site-packages/airflow/example_dags/example_task_group_decorator.py for tasks to queue
[2026-06-13T17:21:26.844+0000] {logging_mixin.py:190} INFO - [2026-06-13T17:21:26.843+0000] {dagbag.py:588} INFO - Filling up the DagBag from /home/airflow/.local/lib/python3.12/site-packages/airflow/example_dags/example_task_group_decorator.py
[2026-06-13T17:21:26.854+0000] {processor.py:925} INFO - DAG(s) 'example_task_group_decorator' retrieved from /home/airflow/.local/lib/python3.12/site-packages/airflow/example_dags/example_task_group_decorator.py
[2026-06-13T17:21:26.873+0000] {logging_mixin.py:190} INFO - [2026-06-13T17:21:26.873+0000] {dag.py:3239} INFO - Sync 1 DAGs
[2026-06-13T17:21:26.884+0000] {logging_mixin.py:190} INFO - [2026-06-13T17:21:26.884+0000] {dag.py:4180} INFO - Setting next_dagrun for example_task_group_decorator to None, run_after=None
[2026-06-13T17:21:26.941+0000] {processor.py:208} INFO - Processing /home/airflow/.local/lib/python3.12/site-packages/airflow/example_dags/example_task_group_decorator.py took 0.106 seconds
[2026-06-13T17:21:57.312+0000] {processor.py:186} INFO - Started process (PID=3789) to work on /home/airflow/.local/lib/python3.12/site-packages/airflow/example_dags/example_task_group_decorator.py
[2026-06-13T17:21:57.313+0000] {processor.py:914} INFO - Processing file /home/airflow/.local/lib/python3.12/site-packages/airflow/example_dags/example_task_group_decorator.py for tasks to queue
[2026-06-13T17:21:57.316+0000] {logging_mixin.py:190} INFO - [2026-06-13T17:21:57.316+0000] {dagbag.py:588} INFO - Filling up the DagBag from /home/airflow/.local/lib/python3.12/site-packages/airflow/example_dags/example_task_group_decorator.py
[2026-06-13T17:21:57.331+0000] {processor.py:925} INFO - DAG(s) 'example_task_group_decorator' retrieved from /home/airflow/.local/lib/python3.12/site-packages/airflow/example_dags/example_task_group_decorator.py
[2026-06-13T17:21:57.358+0000] {logging_mixin.py:190} INFO - [2026-06-13T17:21:57.358+0000] {dag.py:3239} INFO - Sync 1 DAGs
[2026-06-13T17:21:57.374+0000] {logging_mixin.py:190} INFO - [2026-06-13T17:21:57.374+0000] {dag.py:4180} INFO - Setting next_dagrun for example_task_group_decorator to None, run_after=None
[2026-06-13T17:21:57.401+0000] {processor.py:208} INFO - Processing /home/airflow/.local/lib/python3.12/site-packages/airflow/example_dags/example_task_group_decorator.py took 0.097 seconds
[2026-06-13T17:22:27.776+0000] {processor.py:186} INFO - Started process (PID=3851) to work on /home/airflow/.local/lib/python3.12/site-packages/airflow/example_dags/example_task_group_decorator.py
[2026-06-13T17:22:27.777+0000] {processor.py:914} INFO - Processing file /home/airflow/.local/lib/python3.12/site-packages/airflow/example_dags/example_task_group_decorator.py for tasks to queue
[2026-06-13T17:22:27.779+0000] {logging_mixin.py:190} INFO - [2026-06-13T17:22:27.779+0000] {dagbag.py:588} INFO - Filling up the DagBag from /home/airflow/.local/lib/python3.12/site-packages/airflow/example_dags/example_task_group_decorator.py
[2026-06-13T17:22:27.791+0000] {processor.py:925} INFO - DAG(s) 'example_task_group_decorator' retrieved from /home/airflow/.local/lib/python3.12/site-packages/airflow/example_dags/example_task_group_decorator.py
[2026-06-13T17:22:27.811+0000] {logging_mixin.py:190} INFO - [2026-06-13T17:22:27.810+0000] {dag.py:3239} INFO - Sync 1 DAGs
[2026-06-13T17:22:27.822+0000] {logging_mixin.py:190} INFO - [2026-06-13T17:22:27.821+0000] {dag.py:4180} INFO - Setting next_dagrun for example_task_group_decorator to None, run_after=None
[2026-06-13T17:22:27.840+0000] {processor.py:208} INFO - Processing /home/airflow/.local/lib/python3.12/site-packages/airflow/example_dags/example_task_group_decorator.py took 0.069 seconds
[2026-06-13T17:22:58.144+0000] {processor.py:186} INFO - Started process (PID=3913) to work on /home/airflow/.local/lib/python3.12/site-packages/airflow/example_dags/example_task_group_decorator.py
[2026-06-13T17:22:58.146+0000] {processor.py:914} INFO - Processing file /home/airflow/.local/lib/python3.12/site-packages/airflow/example_dags/example_task_group_decorator.py for tasks to queue
[2026-06-13T17:22:58.149+0000] {logging_mixin.py:190} INFO - [2026-06-13T17:22:58.148+0000] {dagbag.py:588} INFO - Filling up the DagBag from /home/airflow/.local/lib/python3.12/site-packages/airflow/example_dags/example_task_group_decorator.py
[2026-06-13T17:22:58.167+0000] {processor.py:925} INFO - DAG(s) 'example_task_group_decorator' retrieved from /home/airflow/.local/lib/python3.12/site-packages/airflow/example_dags/example_task_group_decorator.py
[2026-06-13T17:22:58.190+0000] {logging_mixin.py:190} INFO - [2026-06-13T17:22:58.189+0000] {dag.py:3239} INFO - Sync 1 DAGs
[2026-06-13T17:22:58.201+0000] {logging_mixin.py:190} INFO - [2026-06-13T17:22:58.201+0000] {dag.py:4180} INFO - Setting next_dagrun for example_task_group_decorator to None, run_after=None
[2026-06-13T17:22:58.219+0000] {processor.py:208} INFO - Processing /home/airflow/.local/lib/python3.12/site-packages/airflow/example_dags/example_task_group_decorator.py took 0.079 seconds
[2026-06-13T17:23:28.687+0000] {processor.py:186} INFO - Started process (PID=3975) to work on /home/airflow/.local/lib/python3.12/site-packages/airflow/example_dags/example_task_group_decorator.py
[2026-06-13T17:23:28.688+0000] {processor.py:914} INFO - Processing file /home/airflow/.local/lib/python3.12/site-packages/airflow/example_dags/example_task_group_decorator.py for tasks to queue
[2026-06-13T17:23:28.693+0000] {logging_mixin.py:190} INFO - [2026-06-13T17:23:28.692+0000] {dagbag.py:588} INFO - Filling up the DagBag from /home/airflow/.local/lib/python3.12/site-packages/airflow/example_dags/example_task_group_decorator.py
[2026-06-13T17:23:28.705+0000] {processor.py:925} INFO - DAG(s) 'example_task_group_decorator' retrieved from /home/airflow/.local/lib/python3.12/site-packages/airflow/example_dags/example_task_group_decorator.py
[2026-06-13T17:23:28.731+0000] {logging_mixin.py:190} INFO - [2026-06-13T17:23:28.731+0000] {dag.py:3239} INFO - Sync 1 DAGs
[2026-06-13T17:23:28.746+0000] {logging_mixin.py:190} INFO - [2026-06-13T17:23:28.746+0000] {dag.py:4180} INFO - Setting next_dagrun for example_task_group_decorator to None, run_after=None
[2026-06-13T17:23:28.777+0000] {processor.py:208} INFO - Processing /home/airflow/.local/lib/python3.12/site-packages/airflow/example_dags/example_task_group_decorator.py took 0.095 seconds
[2026-06-13T17:23:59.229+0000] {processor.py:186} INFO - Started process (PID=4038) to work on /home/airflow/.local/lib/python3.12/site-packages/airflow/example_dags/example_task_group_decorator.py
[2026-06-13T17:23:59.230+0000] {processor.py:914} INFO - Processing file /home/airflow/.local/lib/python3.12/site-packages/airflow/example_dags/example_task_group_decorator.py for tasks to queue
[2026-06-13T17:23:59.232+0000] {logging_mixin.py:190} INFO - [2026-06-13T17:23:59.232+0000] {dagbag.py:588} INFO - Filling up the DagBag from /home/airflow/.local/lib/python3.12/site-packages/airflow/example_dags/example_task_group_decorator.py
[2026-06-13T17:23:59.245+0000] {processor.py:925} INFO - DAG(s) 'example_task_group_decorator' retrieved from /home/airflow/.local/lib/python3.12/site-packages/airflow/example_dags/example_task_group_decorator.py
[2026-06-13T17:23:59.264+0000] {logging_mixin.py:190} INFO - [2026-06-13T17:23:59.264+0000] {dag.py:3239} INFO - Sync 1 DAGs
[2026-06-13T17:23:59.277+0000] {logging_mixin.py:190} INFO - [2026-06-13T17:23:59.276+0000] {dag.py:4180} INFO - Setting next_dagrun for example_task_group_decorator to None, run_after=None
[2026-06-13T17:23:59.295+0000] {processor.py:208} INFO - Processing /home/airflow/.local/lib/python3.12/site-packages/airflow/example_dags/example_task_group_decorator.py took 0.072 seconds
[2026-06-13T17:24:29.635+0000] {processor.py:186} INFO - Started process (PID=4100) to work on /home/airflow/.local/lib/python3.12/site-packages/airflow/example_dags/example_task_group_decorator.py
[2026-06-13T17:24:29.636+0000] {processor.py:914} INFO - Processing file /home/airflow/.local/lib/python3.12/site-packages/airflow/example_dags/example_task_group_decorator.py for tasks to queue
[2026-06-13T17:24:29.639+0000] {logging_mixin.py:190} INFO - [2026-06-13T17:24:29.639+0000] {dagbag.py:588} INFO - Filling up the DagBag from /home/airflow/.local/lib/python3.12/site-packages/airflow/example_dags/example_task_group_decorator.py
[2026-06-13T17:24:29.650+0000] {processor.py:925} INFO - DAG(s) 'example_task_group_decorator' retrieved from /home/airflow/.local/lib/python3.12/site-packages/airflow/example_dags/example_task_group_decorator.py
[2026-06-13T17:24:29.670+0000] {logging_mixin.py:190} INFO - [2026-06-13T17:24:29.669+0000] {dag.py:3239} INFO - Sync 1 DAGs
[2026-06-13T17:24:29.682+0000] {logging_mixin.py:190} INFO - [2026-06-13T17:24:29.682+0000] {dag.py:4180} INFO - Setting next_dagrun for example_task_group_decorator to None, run_after=None
[2026-06-13T17:24:29.700+0000] {processor.py:208} INFO - Processing /home/airflow/.local/lib/python3.12/site-packages/airflow/example_dags/example_task_group_decorator.py took 0.070 seconds
[2026-06-13T17:24:59.810+0000] {processor.py:186} INFO - Started process (PID=4162) to work on /home/airflow/.local/lib/python3.12/site-packages/airflow/example_dags/example_task_group_decorator.py
[2026-06-13T17:24:59.811+0000] {processor.py:914} INFO - Processing file /home/airflow/.local/lib/python3.12/site-packages/airflow/example_dags/example_task_group_decorator.py for tasks to queue
[2026-06-13T17:24:59.813+0000] {logging_mixin.py:190} INFO - [2026-06-13T17:24:59.813+0000] {dagbag.py:588} INFO - Filling up the DagBag from /home/airflow/.local/lib/python3.12/site-packages/airflow/example_dags/example_task_group_decorator.py
[2026-06-13T17:24:59.825+0000] {processor.py:925} INFO - DAG(s) 'example_task_group_decorator' retrieved from /home/airflow/.local/lib/python3.12/site-packages/airflow/example_dags/example_task_group_decorator.py
[2026-06-13T17:24:59.843+0000] {logging_mixin.py:190} INFO - [2026-06-13T17:24:59.843+0000] {dag.py:3239} INFO - Sync 1 DAGs
[2026-06-13T17:24:59.854+0000] {logging_mixin.py:190} INFO - [2026-06-13T17:24:59.854+0000] {dag.py:4180} INFO - Setting next_dagrun for example_task_group_decorator to None, run_after=None
[2026-06-13T17:24:59.872+0000] {processor.py:208} INFO - Processing /home/airflow/.local/lib/python3.12/site-packages/airflow/example_dags/example_task_group_decorator.py took 0.067 seconds
[2026-06-13T17:25:30.036+0000] {processor.py:186} INFO - Started process (PID=4224) to work on /home/airflow/.local/lib/python3.12/site-packages/airflow/example_dags/example_task_group_decorator.py
[2026-06-13T17:25:30.038+0000] {processor.py:914} INFO - Processing file /home/airflow/.local/lib/python3.12/site-packages/airflow/example_dags/example_task_group_decorator.py for tasks to queue
[2026-06-13T17:25:30.040+0000] {logging_mixin.py:190} INFO - [2026-06-13T17:25:30.040+0000] {dagbag.py:588} INFO - Filling up the DagBag from /home/airflow/.local/lib/python3.12/site-packages/airflow/example_dags/example_task_group_decorator.py
[2026-06-13T17:25:30.052+0000] {processor.py:925} INFO - DAG(s) 'example_task_group_decorator' retrieved from /home/airflow/.local/lib/python3.12/site-packages/airflow/example_dags/example_task_group_decorator.py
[2026-06-13T17:25:30.072+0000] {logging_mixin.py:190} INFO - [2026-06-13T17:25:30.071+0000] {dag.py:3239} INFO - Sync 1 DAGs
[2026-06-13T17:25:30.082+0000] {logging_mixin.py:190} INFO - [2026-06-13T17:25:30.082+0000] {dag.py:4180} INFO - Setting next_dagrun for example_task_group_decorator to None, run_after=None
[2026-06-13T17:25:30.104+0000] {processor.py:208} INFO - Processing /home/airflow/.local/lib/python3.12/site-packages/airflow/example_dags/example_task_group_decorator.py took 0.072 seconds
[2026-06-13T17:26:00.383+0000] {processor.py:186} INFO - Started process (PID=4286) to work on /home/airflow/.local/lib/python3.12/site-packages/airflow/example_dags/example_task_group_decorator.py
[2026-06-13T17:26:00.385+0000] {processor.py:914} INFO - Processing file /home/airflow/.local/lib/python3.12/site-packages/airflow/example_dags/example_task_group_decorator.py for tasks to queue
[2026-06-13T17:26:00.388+0000] {logging_mixin.py:190} INFO - [2026-06-13T17:26:00.387+0000] {dagbag.py:588} INFO - Filling up the DagBag from /home/airflow/.local/lib/python3.12/site-packages/airflow/example_dags/example_task_group_decorator.py
[2026-06-13T17:26:00.399+0000] {processor.py:925} INFO - DAG(s) 'example_task_group_decorator' retrieved from /home/airflow/.local/lib/python3.12/site-packages/airflow/example_dags/example_task_group_decorator.py
[2026-06-13T17:26:00.418+0000] {logging_mixin.py:190} INFO - [2026-06-13T17:26:00.418+0000] {dag.py:3239} INFO - Sync 1 DAGs
[2026-06-13T17:26:00.430+0000] {logging_mixin.py:190} INFO - [2026-06-13T17:26:00.430+0000] {dag.py:4180} INFO - Setting next_dagrun for example_task_group_decorator to None, run_after=None
[2026-06-13T17:26:00.456+0000] {processor.py:208} INFO - Processing /home/airflow/.local/lib/python3.12/site-packages/airflow/example_dags/example_task_group_decorator.py took 0.077 seconds
[2026-06-13T17:26:30.695+0000] {processor.py:186} INFO - Started process (PID=4348) to work on /home/airflow/.local/lib/python3.12/site-packages/airflow/example_dags/example_task_group_decorator.py
[2026-06-13T17:26:30.696+0000] {processor.py:914} INFO - Processing file /home/airflow/.local/lib/python3.12/site-packages/airflow/example_dags/example_task_group_decorator.py for tasks to queue
[2026-06-13T17:26:30.698+0000] {logging_mixin.py:190} INFO - [2026-06-13T17:26:30.698+0000] {dagbag.py:588} INFO - Filling up the DagBag from /home/airflow/.local/lib/python3.12/site-packages/airflow/example_dags/example_task_group_decorator.py
[2026-06-13T17:26:30.710+0000] {processor.py:925} INFO - DAG(s) 'example_task_group_decorator' retrieved from /home/airflow/.local/lib/python3.12/site-packages/airflow/example_dags/example_task_group_decorator.py
[2026-06-13T17:26:30.732+0000] {logging_mixin.py:190} INFO - [2026-06-13T17:26:30.732+0000] {dag.py:3239} INFO - Sync 1 DAGs
[2026-06-13T17:26:30.748+0000] {logging_mixin.py:190} INFO - [2026-06-13T17:26:30.747+0000] {dag.py:4180} INFO - Setting next_dagrun for example_task_group_decorator to None, run_after=None
[2026-06-13T17:26:30.767+0000] {processor.py:208} INFO - Processing /home/airflow/.local/lib/python3.12/site-packages/airflow/example_dags/example_task_group_decorator.py took 0.077 seconds
[2026-06-13T17:27:01.151+0000] {processor.py:186} INFO - Started process (PID=4410) to work on /home/airflow/.local/lib/python3.12/site-packages/airflow/example_dags/example_task_group_decorator.py
[2026-06-13T17:27:01.152+0000] {processor.py:914} INFO - Processing file /home/airflow/.local/lib/python3.12/site-packages/airflow/example_dags/example_task_group_decorator.py for tasks to queue
[2026-06-13T17:27:01.155+0000] {logging_mixin.py:190} INFO - [2026-06-13T17:27:01.154+0000] {dagbag.py:588} INFO - Filling up the DagBag from /home/airflow/.local/lib/python3.12/site-packages/airflow/example_dags/example_task_group_decorator.py
[2026-06-13T17:27:01.166+0000] {processor.py:925} INFO - DAG(s) 'example_task_group_decorator' retrieved from /home/airflow/.local/lib/python3.12/site-packages/airflow/example_dags/example_task_group_decorator.py
[2026-06-13T17:27:01.184+0000] {logging_mixin.py:190} INFO - [2026-06-13T17:27:01.184+0000] {dag.py:3239} INFO - Sync 1 DAGs
[2026-06-13T17:27:01.197+0000] {logging_mixin.py:190} INFO - [2026-06-13T17:27:01.196+0000] {dag.py:4180} INFO - Setting next_dagrun for example_task_group_decorator to None, run_after=None
[2026-06-13T17:27:01.215+0000] {processor.py:208} INFO - Processing /home/airflow/.local/lib/python3.12/site-packages/airflow/example_dags/example_task_group_decorator.py took 0.069 seconds
[2026-06-13T17:27:31.564+0000] {processor.py:186} INFO - Started process (PID=4472) to work on /home/airflow/.local/lib/python3.12/site-packages/airflow/example_dags/example_task_group_decorator.py
[2026-06-13T17:27:31.565+0000] {processor.py:914} INFO - Processing file /home/airflow/.local/lib/python3.12/site-packages/airflow/example_dags/example_task_group_decorator.py for tasks to queue
[2026-06-13T17:27:31.568+0000] {logging_mixin.py:190} INFO - [2026-06-13T17:27:31.567+0000] {dagbag.py:588} INFO - Filling up the DagBag from /home/airflow/.local/lib/python3.12/site-packages/airflow/example_dags/example_task_group_decorator.py
[2026-06-13T17:27:31.579+0000] {processor.py:925} INFO - DAG(s) 'example_task_group_decorator' retrieved from /home/airflow/.local/lib/python3.12/site-packages/airflow/example_dags/example_task_group_decorator.py
[2026-06-13T17:27:31.596+0000] {logging_mixin.py:190} INFO - [2026-06-13T17:27:31.596+0000] {dag.py:3239} INFO - Sync 1 DAGs
[2026-06-13T17:27:31.610+0000] {logging_mixin.py:190} INFO - [2026-06-13T17:27:31.609+0000] {dag.py:4180} INFO - Setting next_dagrun for example_task_group_decorator to None, run_after=None
[2026-06-13T17:27:31.635+0000] {processor.py:208} INFO - Processing /home/airflow/.local/lib/python3.12/site-packages/airflow/example_dags/example_task_group_decorator.py took 0.075 seconds
[2026-06-13T17:28:01.964+0000] {processor.py:186} INFO - Started process (PID=4534) to work on /home/airflow/.local/lib/python3.12/site-packages/airflow/example_dags/example_task_group_decorator.py
[2026-06-13T17:28:01.966+0000] {processor.py:914} INFO - Processing file /home/airflow/.local/lib/python3.12/site-packages/airflow/example_dags/example_task_group_decorator.py for tasks to queue
[2026-06-13T17:28:01.969+0000] {logging_mixin.py:190} INFO - [2026-06-13T17:28:01.968+0000] {dagbag.py:588} INFO - Filling up the DagBag from /home/airflow/.local/lib/python3.12/site-packages/airflow/example_dags/example_task_group_decorator.py
[2026-06-13T17:28:01.984+0000] {processor.py:925} INFO - DAG(s) 'example_task_group_decorator' retrieved from /home/airflow/.local/lib/python3.12/site-packages/airflow/example_dags/example_task_group_decorator.py
[2026-06-13T17:28:02.007+0000] {logging_mixin.py:190} INFO - [2026-06-13T17:28:02.007+0000] {dag.py:3239} INFO - Sync 1 DAGs
[2026-06-13T17:28:02.022+0000] {logging_mixin.py:190} INFO - [2026-06-13T17:28:02.022+0000] {dag.py:4180} INFO - Setting next_dagrun for example_task_group_decorator to None, run_after=None
[2026-06-13T17:28:02.045+0000] {processor.py:208} INFO - Processing /home/airflow/.local/lib/python3.12/site-packages/airflow/example_dags/example_task_group_decorator.py took 0.087 seconds
[2026-06-13T17:28:32.214+0000] {processor.py:186} INFO - Started process (PID=4596) to work on /home/airflow/.local/lib/python3.12/site-packages/airflow/example_dags/example_task_group_decorator.py
[2026-06-13T17:28:32.215+0000] {processor.py:914} INFO - Processing file /home/airflow/.local/lib/python3.12/site-packages/airflow/example_dags/example_task_group_decorator.py for tasks to queue
[2026-06-13T17:28:32.218+0000] {logging_mixin.py:190} INFO - [2026-06-13T17:28:32.218+0000] {dagbag.py:588} INFO - Filling up the DagBag from /home/airflow/.local/lib/python3.12/site-packages/airflow/example_dags/example_task_group_decorator.py
[2026-06-13T17:28:32.235+0000] {processor.py:925} INFO - DAG(s) 'example_task_group_decorator' retrieved from /home/airflow/.local/lib/python3.12/site-packages/airflow/example_dags/example_task_group_decorator.py
[2026-06-13T17:28:32.261+0000] {logging_mixin.py:190} INFO - [2026-06-13T17:28:32.260+0000] {dag.py:3239} INFO - Sync 1 DAGs
[2026-06-13T17:28:32.277+0000] {logging_mixin.py:190} INFO - [2026-06-13T17:28:32.277+0000] {dag.py:4180} INFO - Setting next_dagrun for example_task_group_decorator to None, run_after=None
[2026-06-13T17:28:32.297+0000] {processor.py:208} INFO - Processing /home/airflow/.local/lib/python3.12/site-packages/airflow/example_dags/example_task_group_decorator.py took 0.090 seconds
[2026-06-13T17:29:02.549+0000] {processor.py:186} INFO - Started process (PID=4658) to work on /home/airflow/.local/lib/python3.12/site-packages/airflow/example_dags/example_task_group_decorator.py
[2026-06-13T17:29:02.551+0000] {processor.py:914} INFO - Processing file /home/airflow/.local/lib/python3.12/site-packages/airflow/example_dags/example_task_group_decorator.py for tasks to queue
[2026-06-13T17:29:02.553+0000] {logging_mixin.py:190} INFO - [2026-06-13T17:29:02.553+0000] {dagbag.py:588} INFO - Filling up the DagBag from /home/airflow/.local/lib/python3.12/site-packages/airflow/example_dags/example_task_group_decorator.py
[2026-06-13T17:29:02.564+0000] {processor.py:925} INFO - DAG(s) 'example_task_group_decorator' retrieved from /home/airflow/.local/lib/python3.12/site-packages/airflow/example_dags/example_task_group_decorator.py
[2026-06-13T17:29:02.584+0000] {logging_mixin.py:190} INFO - [2026-06-13T17:29:02.584+0000] {dag.py:3239} INFO - Sync 1 DAGs
[2026-06-13T17:29:02.596+0000] {logging_mixin.py:190} INFO - [2026-06-13T17:29:02.595+0000] {dag.py:4180} INFO - Setting next_dagrun for example_task_group_decorator to None, run_after=None
[2026-06-13T17:29:02.617+0000] {processor.py:208} INFO - Processing /home/airflow/.local/lib/python3.12/site-packages/airflow/example_dags/example_task_group_decorator.py took 0.072 seconds
[2026-06-13T17:29:33.074+0000] {processor.py:186} INFO - Started process (PID=4720) to work on /home/airflow/.local/lib/python3.12/site-packages/airflow/example_dags/example_task_group_decorator.py
[2026-06-13T17:29:33.076+0000] {processor.py:914} INFO - Processing file /home/airflow/.local/lib/python3.12/site-packages/airflow/example_dags/example_task_group_decorator.py for tasks to queue
[2026-06-13T17:29:33.078+0000] {logging_mixin.py:190} INFO - [2026-06-13T17:29:33.078+0000] {dagbag.py:588} INFO - Filling up the DagBag from /home/airflow/.local/lib/python3.12/site-packages/airflow/example_dags/example_task_group_decorator.py
[2026-06-13T17:29:33.089+0000] {processor.py:925} INFO - DAG(s) 'example_task_group_decorator' retrieved from /home/airflow/.local/lib/python3.12/site-packages/airflow/example_dags/example_task_group_decorator.py
[2026-06-13T17:29:33.111+0000] {logging_mixin.py:190} INFO - [2026-06-13T17:29:33.111+0000] {dag.py:3239} INFO - Sync 1 DAGs
[2026-06-13T17:29:33.124+0000] {logging_mixin.py:190} INFO - [2026-06-13T17:29:33.124+0000] {dag.py:4180} INFO - Setting next_dagrun for example_task_group_decorator to None, run_after=None
[2026-06-13T17:29:33.141+0000] {processor.py:208} INFO - Processing /home/airflow/.local/lib/python3.12/site-packages/airflow/example_dags/example_task_group_decorator.py took 0.071 seconds
[2026-06-13T17:30:03.362+0000] {processor.py:186} INFO - Started process (PID=4782) to work on /home/airflow/.local/lib/python3.12/site-packages/airflow/example_dags/example_task_group_decorator.py
[2026-06-13T17:30:03.364+0000] {processor.py:914} INFO - Processing file /home/airflow/.local/lib/python3.12/site-packages/airflow/example_dags/example_task_group_decorator.py for tasks to queue
[2026-06-13T17:30:03.366+0000] {logging_mixin.py:190} INFO - [2026-06-13T17:30:03.366+0000] {dagbag.py:588} INFO - Filling up the DagBag from /home/airflow/.local/lib/python3.12/site-packages/airflow/example_dags/example_task_group_decorator.py
[2026-06-13T17:30:03.378+0000] {processor.py:925} INFO - DAG(s) 'example_task_group_decorator' retrieved from /home/airflow/.local/lib/python3.12/site-packages/airflow/example_dags/example_task_group_decorator.py
[2026-06-13T17:30:03.398+0000] {logging_mixin.py:190} INFO - [2026-06-13T17:30:03.398+0000] {dag.py:3239} INFO - Sync 1 DAGs
[2026-06-13T17:30:03.408+0000] {logging_mixin.py:190} INFO - [2026-06-13T17:30:03.408+0000] {dag.py:4180} INFO - Setting next_dagrun for example_task_group_decorator to None, run_after=None
[2026-06-13T17:30:03.423+0000] {processor.py:208} INFO - Processing /home/airflow/.local/lib/python3.12/site-packages/airflow/example_dags/example_task_group_decorator.py took 0.066 seconds
[2026-06-13T17:30:33.740+0000] {processor.py:186} INFO - Started process (PID=4844) to work on /home/airflow/.local/lib/python3.12/site-packages/airflow/example_dags/example_task_group_decorator.py
[2026-06-13T17:30:33.741+0000] {processor.py:914} INFO - Processing file /home/airflow/.local/lib/python3.12/site-packages/airflow/example_dags/example_task_group_decorator.py for tasks to queue
[2026-06-13T17:30:33.744+0000] {logging_mixin.py:190} INFO - [2026-06-13T17:30:33.744+0000] {dagbag.py:588} INFO - Filling up the DagBag from /home/airflow/.local/lib/python3.12/site-packages/airflow/example_dags/example_task_group_decorator.py
[2026-06-13T17:30:33.756+0000] {processor.py:925} INFO - DAG(s) 'example_task_group_decorator' retrieved from /home/airflow/.local/lib/python3.12/site-packages/airflow/example_dags/example_task_group_decorator.py
[2026-06-13T17:30:33.776+0000] {logging_mixin.py:190} INFO - [2026-06-13T17:30:33.775+0000] {dag.py:3239} INFO - Sync 1 DAGs
[2026-06-13T17:30:33.788+0000] {logging_mixin.py:190} INFO - [2026-06-13T17:30:33.788+0000] {dag.py:4180} INFO - Setting next_dagrun for example_task_group_decorator to None, run_after=None
[2026-06-13T17:30:33.807+0000] {processor.py:208} INFO - Processing /home/airflow/.local/lib/python3.12/site-packages/airflow/example_dags/example_task_group_decorator.py took 0.072 seconds
[2026-06-13T17:31:04.148+0000] {processor.py:186} INFO - Started process (PID=4907) to work on /home/airflow/.local/lib/python3.12/site-packages/airflow/example_dags/example_task_group_decorator.py
[2026-06-13T17:31:04.150+0000] {processor.py:914} INFO - Processing file /home/airflow/.local/lib/python3.12/site-packages/airflow/example_dags/example_task_group_decorator.py for tasks to queue
[2026-06-13T17:31:04.152+0000] {logging_mixin.py:190} INFO - [2026-06-13T17:31:04.152+0000] {dagbag.py:588} INFO - Filling up the DagBag from /home/airflow/.local/lib/python3.12/site-packages/airflow/example_dags/example_task_group_decorator.py
[2026-06-13T17:31:04.163+0000] {processor.py:925} INFO - DAG(s) 'example_task_group_decorator' retrieved from /home/airflow/.local/lib/python3.12/site-packages/airflow/example_dags/example_task_group_decorator.py
[2026-06-13T17:31:04.183+0000] {logging_mixin.py:190} INFO - [2026-06-13T17:31:04.183+0000] {dag.py:3239} INFO - Sync 1 DAGs
[2026-06-13T17:31:04.194+0000] {logging_mixin.py:190} INFO - [2026-06-13T17:31:04.194+0000] {dag.py:4180} INFO - Setting next_dagrun for example_task_group_decorator to None, run_after=None
[2026-06-13T17:31:04.213+0000] {processor.py:208} INFO - Processing /home/airflow/.local/lib/python3.12/site-packages/airflow/example_dags/example_task_group_decorator.py took 0.069 seconds
[2026-06-13T17:31:34.541+0000] {processor.py:186} INFO - Started process (PID=4969) to work on /home/airflow/.local/lib/python3.12/site-packages/airflow/example_dags/example_task_group_decorator.py
[2026-06-13T17:31:34.542+0000] {processor.py:914} INFO - Processing file /home/airflow/.local/lib/python3.12/site-packages/airflow/example_dags/example_task_group_decorator.py for tasks to queue
[2026-06-13T17:31:34.545+0000] {logging_mixin.py:190} INFO - [2026-06-13T17:31:34.545+0000] {dagbag.py:588} INFO - Filling up the DagBag from /home/airflow/.local/lib/python3.12/site-packages/airflow/example_dags/example_task_group_decorator.py
[2026-06-13T17:31:34.558+0000] {processor.py:925} INFO - DAG(s) 'example_task_group_decorator' retrieved from /home/airflow/.local/lib/python3.12/site-packages/airflow/example_dags/example_task_group_decorator.py
[2026-06-13T17:31:34.580+0000] {logging_mixin.py:190} INFO - [2026-06-13T17:31:34.580+0000] {dag.py:3239} INFO - Sync 1 DAGs
[2026-06-13T17:31:34.592+0000] {logging_mixin.py:190} INFO - [2026-06-13T17:31:34.592+0000] {dag.py:4180} INFO - Setting next_dagrun for example_task_group_decorator to None, run_after=None
[2026-06-13T17:31:34.614+0000] {processor.py:208} INFO - Processing /home/airflow/.local/lib/python3.12/site-packages/airflow/example_dags/example_task_group_decorator.py took 0.078 seconds
[2026-06-13T17:32:04.975+0000] {processor.py:186} INFO - Started process (PID=5031) to work on /home/airflow/.local/lib/python3.12/site-packages/airflow/example_dags/example_task_group_decorator.py
[2026-06-13T17:32:04.976+0000] {processor.py:914} INFO - Processing file /home/airflow/.local/lib/python3.12/site-packages/airflow/example_dags/example_task_group_decorator.py for tasks to queue
[2026-06-13T17:32:04.978+0000] {logging_mixin.py:190} INFO - [2026-06-13T17:32:04.978+0000] {dagbag.py:588} INFO - Filling up the DagBag from /home/airflow/.local/lib/python3.12/site-packages/airflow/example_dags/example_task_group_decorator.py
[2026-06-13T17:32:04.990+0000] {processor.py:925} INFO - DAG(s) 'example_task_group_decorator' retrieved from /home/airflow/.local/lib/python3.12/site-packages/airflow/example_dags/example_task_group_decorator.py
[2026-06-13T17:32:05.011+0000] {logging_mixin.py:190} INFO - [2026-06-13T17:32:05.011+0000] {dag.py:3239} INFO - Sync 1 DAGs
[2026-06-13T17:32:05.023+0000] {logging_mixin.py:190} INFO - [2026-06-13T17:32:05.023+0000] {dag.py:4180} INFO - Setting next_dagrun for example_task_group_decorator to None, run_after=None
[2026-06-13T17:32:05.043+0000] {processor.py:208} INFO - Processing /home/airflow/.local/lib/python3.12/site-packages/airflow/example_dags/example_task_group_decorator.py took 0.073 seconds
[2026-06-13T17:32:35.279+0000] {processor.py:186} INFO - Started process (PID=5093) to work on /home/airflow/.local/lib/python3.12/site-packages/airflow/example_dags/example_task_group_decorator.py
[2026-06-13T17:32:35.280+0000] {processor.py:914} INFO - Processing file /home/airflow/.local/lib/python3.12/site-packages/airflow/example_dags/example_task_group_decorator.py for tasks to queue
[2026-06-13T17:32:35.283+0000] {logging_mixin.py:190} INFO - [2026-06-13T17:32:35.283+0000] {dagbag.py:588} INFO - Filling up the DagBag from /home/airflow/.local/lib/python3.12/site-packages/airflow/example_dags/example_task_group_decorator.py
[2026-06-13T17:32:35.298+0000] {processor.py:925} INFO - DAG(s) 'example_task_group_decorator' retrieved from /home/airflow/.local/lib/python3.12/site-packages/airflow/example_dags/example_task_group_decorator.py
[2026-06-13T17:32:35.318+0000] {logging_mixin.py:190} INFO - [2026-06-13T17:32:35.318+0000] {dag.py:3239} INFO - Sync 1 DAGs
[2026-06-13T17:32:35.331+0000] {logging_mixin.py:190} INFO - [2026-06-13T17:32:35.330+0000] {dag.py:4180} INFO - Setting next_dagrun for example_task_group_decorator to None, run_after=None
[2026-06-13T17:32:35.350+0000] {processor.py:208} INFO - Processing /home/airflow/.local/lib/python3.12/site-packages/airflow/example_dags/example_task_group_decorator.py took 0.075 seconds
[2026-06-13T17:33:05.710+0000] {processor.py:186} INFO - Started process (PID=5155) to work on /home/airflow/.local/lib/python3.12/site-packages/airflow/example_dags/example_task_group_decorator.py
[2026-06-13T17:33:05.711+0000] {processor.py:914} INFO - Processing file /home/airflow/.local/lib/python3.12/site-packages/airflow/example_dags/example_task_group_decorator.py for tasks to queue
[2026-06-13T17:33:05.713+0000] {logging_mixin.py:190} INFO - [2026-06-13T17:33:05.713+0000] {dagbag.py:588} INFO - Filling up the DagBag from /home/airflow/.local/lib/python3.12/site-packages/airflow/example_dags/example_task_group_decorator.py
[2026-06-13T17:33:05.724+0000] {processor.py:925} INFO - DAG(s) 'example_task_group_decorator' retrieved from /home/airflow/.local/lib/python3.12/site-packages/airflow/example_dags/example_task_group_decorator.py
[2026-06-13T17:33:05.744+0000] {logging_mixin.py:190} INFO - [2026-06-13T17:33:05.744+0000] {dag.py:3239} INFO - Sync 1 DAGs
[2026-06-13T17:33:05.756+0000] {logging_mixin.py:190} INFO - [2026-06-13T17:33:05.755+0000] {dag.py:4180} INFO - Setting next_dagrun for example_task_group_decorator to None, run_after=None
[2026-06-13T17:33:05.773+0000] {processor.py:208} INFO - Processing /home/airflow/.local/lib/python3.12/site-packages/airflow/example_dags/example_task_group_decorator.py took 0.068 seconds
[2026-06-13T17:33:36.085+0000] {processor.py:186} INFO - Started process (PID=5217) to work on /home/airflow/.local/lib/python3.12/site-packages/airflow/example_dags/example_task_group_decorator.py
[2026-06-13T17:33:36.086+0000] {processor.py:914} INFO - Processing file /home/airflow/.local/lib/python3.12/site-packages/airflow/example_dags/example_task_group_decorator.py for tasks to queue
[2026-06-13T17:33:36.089+0000] {logging_mixin.py:190} INFO - [2026-06-13T17:33:36.088+0000] {dagbag.py:588} INFO - Filling up the DagBag from /home/airflow/.local/lib/python3.12/site-packages/airflow/example_dags/example_task_group_decorator.py
[2026-06-13T17:33:36.100+0000] {processor.py:925} INFO - DAG(s) 'example_task_group_decorator' retrieved from /home/airflow/.local/lib/python3.12/site-packages/airflow/example_dags/example_task_group_decorator.py
[2026-06-13T17:33:36.119+0000] {logging_mixin.py:190} INFO - [2026-06-13T17:33:36.118+0000] {dag.py:3239} INFO - Sync 1 DAGs
[2026-06-13T17:33:36.131+0000] {logging_mixin.py:190} INFO - [2026-06-13T17:33:36.131+0000] {dag.py:4180} INFO - Setting next_dagrun for example_task_group_decorator to None, run_after=None
[2026-06-13T17:33:36.157+0000] {processor.py:208} INFO - Processing /home/airflow/.local/lib/python3.12/site-packages/airflow/example_dags/example_task_group_decorator.py took 0.076 seconds
[2026-06-13T17:34:06.388+0000] {processor.py:186} INFO - Started process (PID=5279) to work on /home/airflow/.local/lib/python3.12/site-packages/airflow/example_dags/example_task_group_decorator.py
[2026-06-13T17:34:06.389+0000] {processor.py:914} INFO - Processing file /home/airflow/.local/lib/python3.12/site-packages/airflow/example_dags/example_task_group_decorator.py for tasks to queue
[2026-06-13T17:34:06.391+0000] {logging_mixin.py:190} INFO - [2026-06-13T17:34:06.391+0000] {dagbag.py:588} INFO - Filling up the DagBag from /home/airflow/.local/lib/python3.12/site-packages/airflow/example_dags/example_task_group_decorator.py
[2026-06-13T17:34:06.403+0000] {processor.py:925} INFO - DAG(s) 'example_task_group_decorator' retrieved from /home/airflow/.local/lib/python3.12/site-packages/airflow/example_dags/example_task_group_decorator.py
[2026-06-13T17:34:06.423+0000] {logging_mixin.py:190} INFO - [2026-06-13T17:34:06.422+0000] {dag.py:3239} INFO - Sync 1 DAGs
[2026-06-13T17:34:06.434+0000] {logging_mixin.py:190} INFO - [2026-06-13T17:34:06.434+0000] {dag.py:4180} INFO - Setting next_dagrun for example_task_group_decorator to None, run_after=None
[2026-06-13T17:34:06.452+0000] {processor.py:208} INFO - Processing /home/airflow/.local/lib/python3.12/site-packages/airflow/example_dags/example_task_group_decorator.py took 0.071 seconds
[2026-06-13T17:34:36.737+0000] {processor.py:186} INFO - Started process (PID=5341) to work on /home/airflow/.local/lib/python3.12/site-packages/airflow/example_dags/example_task_group_decorator.py
[2026-06-13T17:34:36.738+0000] {processor.py:914} INFO - Processing file /home/airflow/.local/lib/python3.12/site-packages/airflow/example_dags/example_task_group_decorator.py for tasks to queue
[2026-06-13T17:34:36.740+0000] {logging_mixin.py:190} INFO - [2026-06-13T17:34:36.740+0000] {dagbag.py:588} INFO - Filling up the DagBag from /home/airflow/.local/lib/python3.12/site-packages/airflow/example_dags/example_task_group_decorator.py
[2026-06-13T17:34:36.751+0000] {processor.py:925} INFO - DAG(s) 'example_task_group_decorator' retrieved from /home/airflow/.local/lib/python3.12/site-packages/airflow/example_dags/example_task_group_decorator.py
[2026-06-13T17:34:36.771+0000] {logging_mixin.py:190} INFO - [2026-06-13T17:34:36.771+0000] {dag.py:3239} INFO - Sync 1 DAGs
[2026-06-13T17:34:36.783+0000] {logging_mixin.py:190} INFO - [2026-06-13T17:34:36.783+0000] {dag.py:4180} INFO - Setting next_dagrun for example_task_group_decorator to None, run_after=None
[2026-06-13T17:34:36.801+0000] {processor.py:208} INFO - Processing /home/airflow/.local/lib/python3.12/site-packages/airflow/example_dags/example_task_group_decorator.py took 0.069 seconds
[2026-06-13T17:35:06.991+0000] {processor.py:186} INFO - Started process (PID=5403) to work on /home/airflow/.local/lib/python3.12/site-packages/airflow/example_dags/example_task_group_decorator.py
[2026-06-13T17:35:06.992+0000] {processor.py:914} INFO - Processing file /home/airflow/.local/lib/python3.12/site-packages/airflow/example_dags/example_task_group_decorator.py for tasks to queue
[2026-06-13T17:35:06.994+0000] {logging_mixin.py:190} INFO - [2026-06-13T17:35:06.994+0000] {dagbag.py:588} INFO - Filling up the DagBag from /home/airflow/.local/lib/python3.12/site-packages/airflow/example_dags/example_task_group_decorator.py
[2026-06-13T17:35:07.005+0000] {processor.py:925} INFO - DAG(s) 'example_task_group_decorator' retrieved from /home/airflow/.local/lib/python3.12/site-packages/airflow/example_dags/example_task_group_decorator.py
[2026-06-13T17:35:07.025+0000] {logging_mixin.py:190} INFO - [2026-06-13T17:35:07.025+0000] {dag.py:3239} INFO - Sync 1 DAGs
[2026-06-13T17:35:07.036+0000] {logging_mixin.py:190} INFO - [2026-06-13T17:35:07.036+0000] {dag.py:4180} INFO - Setting next_dagrun for example_task_group_decorator to None, run_after=None
[2026-06-13T17:35:07.054+0000] {processor.py:208} INFO - Processing /home/airflow/.local/lib/python3.12/site-packages/airflow/example_dags/example_task_group_decorator.py took 0.067 seconds
[2026-06-13T17:35:37.402+0000] {processor.py:186} INFO - Started process (PID=5471) to work on /home/airflow/.local/lib/python3.12/site-packages/airflow/example_dags/example_task_group_decorator.py
[2026-06-13T17:35:37.404+0000] {processor.py:914} INFO - Processing file /home/airflow/.local/lib/python3.12/site-packages/airflow/example_dags/example_task_group_decorator.py for tasks to queue
[2026-06-13T17:35:37.408+0000] {logging_mixin.py:190} INFO - [2026-06-13T17:35:37.407+0000] {dagbag.py:588} INFO - Filling up the DagBag from /home/airflow/.local/lib/python3.12/site-packages/airflow/example_dags/example_task_group_decorator.py
[2026-06-13T17:35:37.422+0000] {processor.py:925} INFO - DAG(s) 'example_task_group_decorator' retrieved from /home/airflow/.local/lib/python3.12/site-packages/airflow/example_dags/example_task_group_decorator.py
[2026-06-13T17:35:37.449+0000] {logging_mixin.py:190} INFO - [2026-06-13T17:35:37.449+0000] {dag.py:3239} INFO - Sync 1 DAGs
[2026-06-13T17:35:37.465+0000] {logging_mixin.py:190} INFO - [2026-06-13T17:35:37.465+0000] {dag.py:4180} INFO - Setting next_dagrun for example_task_group_decorator to None, run_after=None
[2026-06-13T17:35:37.493+0000] {processor.py:208} INFO - Processing /home/airflow/.local/lib/python3.12/site-packages/airflow/example_dags/example_task_group_decorator.py took 0.099 seconds
[2026-06-13T17:36:07.766+0000] {processor.py:186} INFO - Started process (PID=5533) to work on /home/airflow/.local/lib/python3.12/site-packages/airflow/example_dags/example_task_group_decorator.py
[2026-06-13T17:36:07.767+0000] {processor.py:914} INFO - Processing file /home/airflow/.local/lib/python3.12/site-packages/airflow/example_dags/example_task_group_decorator.py for tasks to queue
[2026-06-13T17:36:07.769+0000] {logging_mixin.py:190} INFO - [2026-06-13T17:36:07.769+0000] {dagbag.py:588} INFO - Filling up the DagBag from /home/airflow/.local/lib/python3.12/site-packages/airflow/example_dags/example_task_group_decorator.py
[2026-06-13T17:36:07.780+0000] {processor.py:925} INFO - DAG(s) 'example_task_group_decorator' retrieved from /home/airflow/.local/lib/python3.12/site-packages/airflow/example_dags/example_task_group_decorator.py
[2026-06-13T17:36:07.799+0000] {logging_mixin.py:190} INFO - [2026-06-13T17:36:07.799+0000] {dag.py:3239} INFO - Sync 1 DAGs
[2026-06-13T17:36:07.810+0000] {logging_mixin.py:190} INFO - [2026-06-13T17:36:07.810+0000] {dag.py:4180} INFO - Setting next_dagrun for example_task_group_decorator to None, run_after=None
[2026-06-13T17:36:07.829+0000] {processor.py:208} INFO - Processing /home/airflow/.local/lib/python3.12/site-packages/airflow/example_dags/example_task_group_decorator.py took 0.067 seconds
[2026-06-13T17:36:37.933+0000] {processor.py:186} INFO - Started process (PID=5595) to work on /home/airflow/.local/lib/python3.12/site-packages/airflow/example_dags/example_task_group_decorator.py
[2026-06-13T17:36:37.934+0000] {processor.py:914} INFO - Processing file /home/airflow/.local/lib/python3.12/site-packages/airflow/example_dags/example_task_group_decorator.py for tasks to queue
[2026-06-13T17:36:37.936+0000] {logging_mixin.py:190} INFO - [2026-06-13T17:36:37.936+0000] {dagbag.py:588} INFO - Filling up the DagBag from /home/airflow/.local/lib/python3.12/site-packages/airflow/example_dags/example_task_group_decorator.py
[2026-06-13T17:36:37.947+0000] {processor.py:925} INFO - DAG(s) 'example_task_group_decorator' retrieved from /home/airflow/.local/lib/python3.12/site-packages/airflow/example_dags/example_task_group_decorator.py
[2026-06-13T17:36:37.966+0000] {logging_mixin.py:190} INFO - [2026-06-13T17:36:37.966+0000] {dag.py:3239} INFO - Sync 1 DAGs
[2026-06-13T17:36:37.976+0000] {logging_mixin.py:190} INFO - [2026-06-13T17:36:37.976+0000] {dag.py:4180} INFO - Setting next_dagrun for example_task_group_decorator to None, run_after=None
[2026-06-13T17:36:37.994+0000] {processor.py:208} INFO - Processing /home/airflow/.local/lib/python3.12/site-packages/airflow/example_dags/example_task_group_decorator.py took 0.066 seconds
[2026-06-13T17:37:08.311+0000] {processor.py:186} INFO - Started process (PID=5657) to work on /home/airflow/.local/lib/python3.12/site-packages/airflow/example_dags/example_task_group_decorator.py
[2026-06-13T17:37:08.312+0000] {processor.py:914} INFO - Processing file /home/airflow/.local/lib/python3.12/site-packages/airflow/example_dags/example_task_group_decorator.py for tasks to queue
[2026-06-13T17:37:08.316+0000] {logging_mixin.py:190} INFO - [2026-06-13T17:37:08.315+0000] {dagbag.py:588} INFO - Filling up the DagBag from /home/airflow/.local/lib/python3.12/site-packages/airflow/example_dags/example_task_group_decorator.py
[2026-06-13T17:37:08.333+0000] {processor.py:925} INFO - DAG(s) 'example_task_group_decorator' retrieved from /home/airflow/.local/lib/python3.12/site-packages/airflow/example_dags/example_task_group_decorator.py
[2026-06-13T17:37:08.367+0000] {logging_mixin.py:190} INFO - [2026-06-13T17:37:08.367+0000] {dag.py:3239} INFO - Sync 1 DAGs
[2026-06-13T17:37:08.384+0000] {logging_mixin.py:190} INFO - [2026-06-13T17:37:08.384+0000] {dag.py:4180} INFO - Setting next_dagrun for example_task_group_decorator to None, run_after=None
[2026-06-13T17:37:08.419+0000] {processor.py:208} INFO - Processing /home/airflow/.local/lib/python3.12/site-packages/airflow/example_dags/example_task_group_decorator.py took 0.115 seconds
[2026-06-13T17:37:38.725+0000] {processor.py:186} INFO - Started process (PID=5719) to work on /home/airflow/.local/lib/python3.12/site-packages/airflow/example_dags/example_task_group_decorator.py
[2026-06-13T17:37:38.726+0000] {processor.py:914} INFO - Processing file /home/airflow/.local/lib/python3.12/site-packages/airflow/example_dags/example_task_group_decorator.py for tasks to queue
[2026-06-13T17:37:38.728+0000] {logging_mixin.py:190} INFO - [2026-06-13T17:37:38.728+0000] {dagbag.py:588} INFO - Filling up the DagBag from /home/airflow/.local/lib/python3.12/site-packages/airflow/example_dags/example_task_group_decorator.py
[2026-06-13T17:37:38.739+0000] {processor.py:925} INFO - DAG(s) 'example_task_group_decorator' retrieved from /home/airflow/.local/lib/python3.12/site-packages/airflow/example_dags/example_task_group_decorator.py
[2026-06-13T17:37:38.759+0000] {logging_mixin.py:190} INFO - [2026-06-13T17:37:38.759+0000] {dag.py:3239} INFO - Sync 1 DAGs
[2026-06-13T17:37:38.773+0000] {logging_mixin.py:190} INFO - [2026-06-13T17:37:38.773+0000] {dag.py:4180} INFO - Setting next_dagrun for example_task_group_decorator to None, run_after=None
[2026-06-13T17:37:38.789+0000] {processor.py:208} INFO - Processing /home/airflow/.local/lib/python3.12/site-packages/airflow/example_dags/example_task_group_decorator.py took 0.069 seconds
[2026-06-13T17:38:09.143+0000] {processor.py:186} INFO - Started process (PID=5781) to work on /home/airflow/.local/lib/python3.12/site-packages/airflow/example_dags/example_task_group_decorator.py
[2026-06-13T17:38:09.144+0000] {processor.py:914} INFO - Processing file /home/airflow/.local/lib/python3.12/site-packages/airflow/example_dags/example_task_group_decorator.py for tasks to queue
[2026-06-13T17:38:09.146+0000] {logging_mixin.py:190} INFO - [2026-06-13T17:38:09.146+0000] {dagbag.py:588} INFO - Filling up the DagBag from /home/airflow/.local/lib/python3.12/site-packages/airflow/example_dags/example_task_group_decorator.py
[2026-06-13T17:38:09.158+0000] {processor.py:925} INFO - DAG(s) 'example_task_group_decorator' retrieved from /home/airflow/.local/lib/python3.12/site-packages/airflow/example_dags/example_task_group_decorator.py
[2026-06-13T17:38:09.177+0000] {logging_mixin.py:190} INFO - [2026-06-13T17:38:09.177+0000] {dag.py:3239} INFO - Sync 1 DAGs
[2026-06-13T17:38:09.188+0000] {logging_mixin.py:190} INFO - [2026-06-13T17:38:09.188+0000] {dag.py:4180} INFO - Setting next_dagrun for example_task_group_decorator to None, run_after=None
[2026-06-13T17:38:09.208+0000] {processor.py:208} INFO - Processing /home/airflow/.local/lib/python3.12/site-packages/airflow/example_dags/example_task_group_decorator.py took 0.070 seconds
[2026-06-13T17:38:39.447+0000] {processor.py:186} INFO - Started process (PID=5843) to work on /home/airflow/.local/lib/python3.12/site-packages/airflow/example_dags/example_task_group_decorator.py
[2026-06-13T17:38:39.448+0000] {processor.py:914} INFO - Processing file /home/airflow/.local/lib/python3.12/site-packages/airflow/example_dags/example_task_group_decorator.py for tasks to queue
[2026-06-13T17:38:39.452+0000] {logging_mixin.py:190} INFO - [2026-06-13T17:38:39.451+0000] {dagbag.py:588} INFO - Filling up the DagBag from /home/airflow/.local/lib/python3.12/site-packages/airflow/example_dags/example_task_group_decorator.py
[2026-06-13T17:38:39.465+0000] {processor.py:925} INFO - DAG(s) 'example_task_group_decorator' retrieved from /home/airflow/.local/lib/python3.12/site-packages/airflow/example_dags/example_task_group_decorator.py
[2026-06-13T17:38:39.491+0000] {logging_mixin.py:190} INFO - [2026-06-13T17:38:39.491+0000] {dag.py:3239} INFO - Sync 1 DAGs
[2026-06-13T17:38:39.506+0000] {logging_mixin.py:190} INFO - [2026-06-13T17:38:39.505+0000] {dag.py:4180} INFO - Setting next_dagrun for example_task_group_decorator to None, run_after=None
[2026-06-13T17:38:39.527+0000] {processor.py:208} INFO - Processing /home/airflow/.local/lib/python3.12/site-packages/airflow/example_dags/example_task_group_decorator.py took 0.086 seconds
[2026-06-13T17:39:09.688+0000] {processor.py:186} INFO - Started process (PID=5905) to work on /home/airflow/.local/lib/python3.12/site-packages/airflow/example_dags/example_task_group_decorator.py
[2026-06-13T17:39:09.689+0000] {processor.py:914} INFO - Processing file /home/airflow/.local/lib/python3.12/site-packages/airflow/example_dags/example_task_group_decorator.py for tasks to queue
[2026-06-13T17:39:09.693+0000] {logging_mixin.py:190} INFO - [2026-06-13T17:39:09.692+0000] {dagbag.py:588} INFO - Filling up the DagBag from /home/airflow/.local/lib/python3.12/site-packages/airflow/example_dags/example_task_group_decorator.py
[2026-06-13T17:39:09.707+0000] {processor.py:925} INFO - DAG(s) 'example_task_group_decorator' retrieved from /home/airflow/.local/lib/python3.12/site-packages/airflow/example_dags/example_task_group_decorator.py
[2026-06-13T17:39:09.730+0000] {logging_mixin.py:190} INFO - [2026-06-13T17:39:09.730+0000] {dag.py:3239} INFO - Sync 1 DAGs
[2026-06-13T17:39:09.743+0000] {logging_mixin.py:190} INFO - [2026-06-13T17:39:09.743+0000] {dag.py:4180} INFO - Setting next_dagrun for example_task_group_decorator to None, run_after=None
[2026-06-13T17:39:09.760+0000] {processor.py:208} INFO - Processing /home/airflow/.local/lib/python3.12/site-packages/airflow/example_dags/example_task_group_decorator.py took 0.078 seconds
[2026-06-13T17:39:40.261+0000] {processor.py:186} INFO - Started process (PID=5967) to work on /home/airflow/.local/lib/python3.12/site-packages/airflow/example_dags/example_task_group_decorator.py
[2026-06-13T17:39:40.262+0000] {processor.py:914} INFO - Processing file /home/airflow/.local/lib/python3.12/site-packages/airflow/example_dags/example_task_group_decorator.py for tasks to queue
[2026-06-13T17:39:40.264+0000] {logging_mixin.py:190} INFO - [2026-06-13T17:39:40.264+0000] {dagbag.py:588} INFO - Filling up the DagBag from /home/airflow/.local/lib/python3.12/site-packages/airflow/example_dags/example_task_group_decorator.py
[2026-06-13T17:39:40.275+0000] {processor.py:925} INFO - DAG(s) 'example_task_group_decorator' retrieved from /home/airflow/.local/lib/python3.12/site-packages/airflow/example_dags/example_task_group_decorator.py
[2026-06-13T17:39:40.295+0000] {logging_mixin.py:190} INFO - [2026-06-13T17:39:40.294+0000] {dag.py:3239} INFO - Sync 1 DAGs
[2026-06-13T17:39:40.308+0000] {logging_mixin.py:190} INFO - [2026-06-13T17:39:40.308+0000] {dag.py:4180} INFO - Setting next_dagrun for example_task_group_decorator to None, run_after=None
[2026-06-13T17:39:40.327+0000] {processor.py:208} INFO - Processing /home/airflow/.local/lib/python3.12/site-packages/airflow/example_dags/example_task_group_decorator.py took 0.071 seconds
[2026-06-13T17:40:10.440+0000] {processor.py:186} INFO - Started process (PID=6029) to work on /home/airflow/.local/lib/python3.12/site-packages/airflow/example_dags/example_task_group_decorator.py
[2026-06-13T17:40:10.441+0000] {processor.py:914} INFO - Processing file /home/airflow/.local/lib/python3.12/site-packages/airflow/example_dags/example_task_group_decorator.py for tasks to queue
[2026-06-13T17:40:10.443+0000] {logging_mixin.py:190} INFO - [2026-06-13T17:40:10.443+0000] {dagbag.py:588} INFO - Filling up the DagBag from /home/airflow/.local/lib/python3.12/site-packages/airflow/example_dags/example_task_group_decorator.py
[2026-06-13T17:40:10.455+0000] {processor.py:925} INFO - DAG(s) 'example_task_group_decorator' retrieved from /home/airflow/.local/lib/python3.12/site-packages/airflow/example_dags/example_task_group_decorator.py
[2026-06-13T17:40:10.473+0000] {logging_mixin.py:190} INFO - [2026-06-13T17:40:10.473+0000] {dag.py:3239} INFO - Sync 1 DAGs
[2026-06-13T17:40:10.484+0000] {logging_mixin.py:190} INFO - [2026-06-13T17:40:10.483+0000] {dag.py:4180} INFO - Setting next_dagrun for example_task_group_decorator to None, run_after=None
[2026-06-13T17:40:10.502+0000] {processor.py:208} INFO - Processing /home/airflow/.local/lib/python3.12/site-packages/airflow/example_dags/example_task_group_decorator.py took 0.066 seconds
[2026-06-13T17:40:40.822+0000] {processor.py:186} INFO - Started process (PID=6091) to work on /home/airflow/.local/lib/python3.12/site-packages/airflow/example_dags/example_task_group_decorator.py
[2026-06-13T17:40:40.823+0000] {processor.py:914} INFO - Processing file /home/airflow/.local/lib/python3.12/site-packages/airflow/example_dags/example_task_group_decorator.py for tasks to queue
[2026-06-13T17:40:40.826+0000] {logging_mixin.py:190} INFO - [2026-06-13T17:40:40.825+0000] {dagbag.py:588} INFO - Filling up the DagBag from /home/airflow/.local/lib/python3.12/site-packages/airflow/example_dags/example_task_group_decorator.py
[2026-06-13T17:40:40.838+0000] {processor.py:925} INFO - DAG(s) 'example_task_group_decorator' retrieved from /home/airflow/.local/lib/python3.12/site-packages/airflow/example_dags/example_task_group_decorator.py
[2026-06-13T17:40:40.861+0000] {logging_mixin.py:190} INFO - [2026-06-13T17:40:40.860+0000] {dag.py:3239} INFO - Sync 1 DAGs
[2026-06-13T17:40:40.875+0000] {logging_mixin.py:190} INFO - [2026-06-13T17:40:40.875+0000] {dag.py:4180} INFO - Setting next_dagrun for example_task_group_decorator to None, run_after=None
[2026-06-13T17:40:40.893+0000] {processor.py:208} INFO - Processing /home/airflow/.local/lib/python3.12/site-packages/airflow/example_dags/example_task_group_decorator.py took 0.076 seconds
[2026-06-13T17:41:11.144+0000] {processor.py:186} INFO - Started process (PID=6153) to work on /home/airflow/.local/lib/python3.12/site-packages/airflow/example_dags/example_task_group_decorator.py
[2026-06-13T17:41:11.145+0000] {processor.py:914} INFO - Processing file /home/airflow/.local/lib/python3.12/site-packages/airflow/example_dags/example_task_group_decorator.py for tasks to queue
[2026-06-13T17:41:11.147+0000] {logging_mixin.py:190} INFO - [2026-06-13T17:41:11.147+0000] {dagbag.py:588} INFO - Filling up the DagBag from /home/airflow/.local/lib/python3.12/site-packages/airflow/example_dags/example_task_group_decorator.py
[2026-06-13T17:41:11.159+0000] {processor.py:925} INFO - DAG(s) 'example_task_group_decorator' retrieved from /home/airflow/.local/lib/python3.12/site-packages/airflow/example_dags/example_task_group_decorator.py
[2026-06-13T17:41:11.182+0000] {logging_mixin.py:190} INFO - [2026-06-13T17:41:11.182+0000] {dag.py:3239} INFO - Sync 1 DAGs
[2026-06-13T17:41:11.201+0000] {logging_mixin.py:190} INFO - [2026-06-13T17:41:11.201+0000] {dag.py:4180} INFO - Setting next_dagrun for example_task_group_decorator to None, run_after=None
[2026-06-13T17:41:11.225+0000] {processor.py:208} INFO - Processing /home/airflow/.local/lib/python3.12/site-packages/airflow/example_dags/example_task_group_decorator.py took 0.086 seconds
[2026-06-13T17:41:41.434+0000] {processor.py:186} INFO - Started process (PID=6215) to work on /home/airflow/.local/lib/python3.12/site-packages/airflow/example_dags/example_task_group_decorator.py
[2026-06-13T17:41:41.435+0000] {processor.py:914} INFO - Processing file /home/airflow/.local/lib/python3.12/site-packages/airflow/example_dags/example_task_group_decorator.py for tasks to queue
[2026-06-13T17:41:41.438+0000] {logging_mixin.py:190} INFO - [2026-06-13T17:41:41.437+0000] {dagbag.py:588} INFO - Filling up the DagBag from /home/airflow/.local/lib/python3.12/site-packages/airflow/example_dags/example_task_group_decorator.py
[2026-06-13T17:41:41.449+0000] {processor.py:925} INFO - DAG(s) 'example_task_group_decorator' retrieved from /home/airflow/.local/lib/python3.12/site-packages/airflow/example_dags/example_task_group_decorator.py
[2026-06-13T17:41:41.467+0000] {logging_mixin.py:190} INFO - [2026-06-13T17:41:41.467+0000] {dag.py:3239} INFO - Sync 1 DAGs
[2026-06-13T17:41:41.478+0000] {logging_mixin.py:190} INFO - [2026-06-13T17:41:41.478+0000] {dag.py:4180} INFO - Setting next_dagrun for example_task_group_decorator to None, run_after=None
[2026-06-13T17:41:41.496+0000] {processor.py:208} INFO - Processing /home/airflow/.local/lib/python3.12/site-packages/airflow/example_dags/example_task_group_decorator.py took 0.069 seconds
[2026-06-13T17:42:11.632+0000] {processor.py:186} INFO - Started process (PID=6277) to work on /home/airflow/.local/lib/python3.12/site-packages/airflow/example_dags/example_task_group_decorator.py
[2026-06-13T17:42:11.633+0000] {processor.py:914} INFO - Processing file /home/airflow/.local/lib/python3.12/site-packages/airflow/example_dags/example_task_group_decorator.py for tasks to queue
[2026-06-13T17:42:11.635+0000] {logging_mixin.py:190} INFO - [2026-06-13T17:42:11.635+0000] {dagbag.py:588} INFO - Filling up the DagBag from /home/airflow/.local/lib/python3.12/site-packages/airflow/example_dags/example_task_group_decorator.py
[2026-06-13T17:42:11.646+0000] {processor.py:925} INFO - DAG(s) 'example_task_group_decorator' retrieved from /home/airflow/.local/lib/python3.12/site-packages/airflow/example_dags/example_task_group_decorator.py
[2026-06-13T17:42:11.665+0000] {logging_mixin.py:190} INFO - [2026-06-13T17:42:11.665+0000] {dag.py:3239} INFO - Sync 1 DAGs
[2026-06-13T17:42:11.676+0000] {logging_mixin.py:190} INFO - [2026-06-13T17:42:11.676+0000] {dag.py:4180} INFO - Setting next_dagrun for example_task_group_decorator to None, run_after=None
[2026-06-13T17:42:11.694+0000] {processor.py:208} INFO - Processing /home/airflow/.local/lib/python3.12/site-packages/airflow/example_dags/example_task_group_decorator.py took 0.067 seconds
[2026-06-13T17:42:42.116+0000] {processor.py:186} INFO - Started process (PID=6339) to work on /home/airflow/.local/lib/python3.12/site-packages/airflow/example_dags/example_task_group_decorator.py
[2026-06-13T17:42:42.118+0000] {processor.py:914} INFO - Processing file /home/airflow/.local/lib/python3.12/site-packages/airflow/example_dags/example_task_group_decorator.py for tasks to queue
[2026-06-13T17:42:42.120+0000] {logging_mixin.py:190} INFO - [2026-06-13T17:42:42.120+0000] {dagbag.py:588} INFO - Filling up the DagBag from /home/airflow/.local/lib/python3.12/site-packages/airflow/example_dags/example_task_group_decorator.py
[2026-06-13T17:42:42.131+0000] {processor.py:925} INFO - DAG(s) 'example_task_group_decorator' retrieved from /home/airflow/.local/lib/python3.12/site-packages/airflow/example_dags/example_task_group_decorator.py
[2026-06-13T17:42:42.149+0000] {logging_mixin.py:190} INFO - [2026-06-13T17:42:42.149+0000] {dag.py:3239} INFO - Sync 1 DAGs
[2026-06-13T17:42:42.161+0000] {logging_mixin.py:190} INFO - [2026-06-13T17:42:42.160+0000] {dag.py:4180} INFO - Setting next_dagrun for example_task_group_decorator to None, run_after=None
[2026-06-13T17:42:42.179+0000] {processor.py:208} INFO - Processing /home/airflow/.local/lib/python3.12/site-packages/airflow/example_dags/example_task_group_decorator.py took 0.067 seconds
[2026-06-13T17:43:12.427+0000] {processor.py:186} INFO - Started process (PID=6401) to work on /home/airflow/.local/lib/python3.12/site-packages/airflow/example_dags/example_task_group_decorator.py
[2026-06-13T17:43:12.428+0000] {processor.py:914} INFO - Processing file /home/airflow/.local/lib/python3.12/site-packages/airflow/example_dags/example_task_group_decorator.py for tasks to queue
[2026-06-13T17:43:12.430+0000] {logging_mixin.py:190} INFO - [2026-06-13T17:43:12.430+0000] {dagbag.py:588} INFO - Filling up the DagBag from /home/airflow/.local/lib/python3.12/site-packages/airflow/example_dags/example_task_group_decorator.py
[2026-06-13T17:43:12.441+0000] {processor.py:925} INFO - DAG(s) 'example_task_group_decorator' retrieved from /home/airflow/.local/lib/python3.12/site-packages/airflow/example_dags/example_task_group_decorator.py
[2026-06-13T17:43:12.463+0000] {logging_mixin.py:190} INFO - [2026-06-13T17:43:12.463+0000] {dag.py:3239} INFO - Sync 1 DAGs
[2026-06-13T17:43:12.477+0000] {logging_mixin.py:190} INFO - [2026-06-13T17:43:12.477+0000] {dag.py:4180} INFO - Setting next_dagrun for example_task_group_decorator to None, run_after=None
[2026-06-13T17:43:12.495+0000] {processor.py:208} INFO - Processing /home/airflow/.local/lib/python3.12/site-packages/airflow/example_dags/example_task_group_decorator.py took 0.073 seconds
[2026-06-13T17:43:42.823+0000] {processor.py:186} INFO - Started process (PID=6463) to work on /home/airflow/.local/lib/python3.12/site-packages/airflow/example_dags/example_task_group_decorator.py
[2026-06-13T17:43:42.824+0000] {processor.py:914} INFO - Processing file /home/airflow/.local/lib/python3.12/site-packages/airflow/example_dags/example_task_group_decorator.py for tasks to queue
[2026-06-13T17:43:42.826+0000] {logging_mixin.py:190} INFO - [2026-06-13T17:43:42.826+0000] {dagbag.py:588} INFO - Filling up the DagBag from /home/airflow/.local/lib/python3.12/site-packages/airflow/example_dags/example_task_group_decorator.py
[2026-06-13T17:43:42.837+0000] {processor.py:925} INFO - DAG(s) 'example_task_group_decorator' retrieved from /home/airflow/.local/lib/python3.12/site-packages/airflow/example_dags/example_task_group_decorator.py
[2026-06-13T17:43:42.857+0000] {logging_mixin.py:190} INFO - [2026-06-13T17:43:42.857+0000] {dag.py:3239} INFO - Sync 1 DAGs
[2026-06-13T17:43:42.870+0000] {logging_mixin.py:190} INFO - [2026-06-13T17:43:42.870+0000] {dag.py:4180} INFO - Setting next_dagrun for example_task_group_decorator to None, run_after=None
[2026-06-13T17:43:42.889+0000] {processor.py:208} INFO - Processing /home/airflow/.local/lib/python3.12/site-packages/airflow/example_dags/example_task_group_decorator.py took 0.071 seconds
[2026-06-13T17:44:13.046+0000] {processor.py:186} INFO - Started process (PID=6525) to work on /home/airflow/.local/lib/python3.12/site-packages/airflow/example_dags/example_task_group_decorator.py
[2026-06-13T17:44:13.047+0000] {processor.py:914} INFO - Processing file /home/airflow/.local/lib/python3.12/site-packages/airflow/example_dags/example_task_group_decorator.py for tasks to queue
[2026-06-13T17:44:13.049+0000] {logging_mixin.py:190} INFO - [2026-06-13T17:44:13.049+0000] {dagbag.py:588} INFO - Filling up the DagBag from /home/airflow/.local/lib/python3.12/site-packages/airflow/example_dags/example_task_group_decorator.py
[2026-06-13T17:44:13.060+0000] {processor.py:925} INFO - DAG(s) 'example_task_group_decorator' retrieved from /home/airflow/.local/lib/python3.12/site-packages/airflow/example_dags/example_task_group_decorator.py
[2026-06-13T17:44:13.079+0000] {logging_mixin.py:190} INFO - [2026-06-13T17:44:13.079+0000] {dag.py:3239} INFO - Sync 1 DAGs
[2026-06-13T17:44:13.090+0000] {logging_mixin.py:190} INFO - [2026-06-13T17:44:13.090+0000] {dag.py:4180} INFO - Setting next_dagrun for example_task_group_decorator to None, run_after=None
[2026-06-13T17:44:13.109+0000] {processor.py:208} INFO - Processing /home/airflow/.local/lib/python3.12/site-packages/airflow/example_dags/example_task_group_decorator.py took 0.068 seconds
[2026-06-13T17:44:43.180+0000] {processor.py:186} INFO - Started process (PID=6587) to work on /home/airflow/.local/lib/python3.12/site-packages/airflow/example_dags/example_task_group_decorator.py
[2026-06-13T17:44:43.181+0000] {processor.py:914} INFO - Processing file /home/airflow/.local/lib/python3.12/site-packages/airflow/example_dags/example_task_group_decorator.py for tasks to queue
[2026-06-13T17:44:43.183+0000] {logging_mixin.py:190} INFO - [2026-06-13T17:44:43.183+0000] {dagbag.py:588} INFO - Filling up the DagBag from /home/airflow/.local/lib/python3.12/site-packages/airflow/example_dags/example_task_group_decorator.py
[2026-06-13T17:44:43.195+0000] {processor.py:925} INFO - DAG(s) 'example_task_group_decorator' retrieved from /home/airflow/.local/lib/python3.12/site-packages/airflow/example_dags/example_task_group_decorator.py
[2026-06-13T17:44:43.221+0000] {logging_mixin.py:190} INFO - [2026-06-13T17:44:43.221+0000] {dag.py:3239} INFO - Sync 1 DAGs
[2026-06-13T17:44:43.235+0000] {logging_mixin.py:190} INFO - [2026-06-13T17:44:43.234+0000] {dag.py:4180} INFO - Setting next_dagrun for example_task_group_decorator to None, run_after=None
[2026-06-13T17:44:43.255+0000] {processor.py:208} INFO - Processing /home/airflow/.local/lib/python3.12/site-packages/airflow/example_dags/example_task_group_decorator.py took 0.079 seconds
[2026-06-13T17:45:13.575+0000] {processor.py:186} INFO - Started process (PID=6649) to work on /home/airflow/.local/lib/python3.12/site-packages/airflow/example_dags/example_task_group_decorator.py
[2026-06-13T17:45:13.577+0000] {processor.py:914} INFO - Processing file /home/airflow/.local/lib/python3.12/site-packages/airflow/example_dags/example_task_group_decorator.py for tasks to queue
[2026-06-13T17:45:13.579+0000] {logging_mixin.py:190} INFO - [2026-06-13T17:45:13.579+0000] {dagbag.py:588} INFO - Filling up the DagBag from /home/airflow/.local/lib/python3.12/site-packages/airflow/example_dags/example_task_group_decorator.py
[2026-06-13T17:45:13.590+0000] {processor.py:925} INFO - DAG(s) 'example_task_group_decorator' retrieved from /home/airflow/.local/lib/python3.12/site-packages/airflow/example_dags/example_task_group_decorator.py
[2026-06-13T17:45:13.608+0000] {logging_mixin.py:190} INFO - [2026-06-13T17:45:13.608+0000] {dag.py:3239} INFO - Sync 1 DAGs
[2026-06-13T17:45:13.620+0000] {logging_mixin.py:190} INFO - [2026-06-13T17:45:13.620+0000] {dag.py:4180} INFO - Setting next_dagrun for example_task_group_decorator to None, run_after=None
[2026-06-13T17:45:13.637+0000] {processor.py:208} INFO - Processing /home/airflow/.local/lib/python3.12/site-packages/airflow/example_dags/example_task_group_decorator.py took 0.066 seconds
[2026-06-13T17:45:44.390+0000] {processor.py:186} INFO - Started process (PID=6711) to work on /home/airflow/.local/lib/python3.12/site-packages/airflow/example_dags/example_task_group_decorator.py
[2026-06-13T17:45:44.391+0000] {processor.py:914} INFO - Processing file /home/airflow/.local/lib/python3.12/site-packages/airflow/example_dags/example_task_group_decorator.py for tasks to queue
[2026-06-13T17:45:44.394+0000] {logging_mixin.py:190} INFO - [2026-06-13T17:45:44.393+0000] {dagbag.py:588} INFO - Filling up the DagBag from /home/airflow/.local/lib/python3.12/site-packages/airflow/example_dags/example_task_group_decorator.py
[2026-06-13T17:45:44.405+0000] {processor.py:925} INFO - DAG(s) 'example_task_group_decorator' retrieved from /home/airflow/.local/lib/python3.12/site-packages/airflow/example_dags/example_task_group_decorator.py
[2026-06-13T17:45:44.425+0000] {logging_mixin.py:190} INFO - [2026-06-13T17:45:44.425+0000] {dag.py:3239} INFO - Sync 1 DAGs
[2026-06-13T17:45:44.436+0000] {logging_mixin.py:190} INFO - [2026-06-13T17:45:44.436+0000] {dag.py:4180} INFO - Setting next_dagrun for example_task_group_decorator to None, run_after=None
[2026-06-13T17:45:44.454+0000] {processor.py:208} INFO - Processing /home/airflow/.local/lib/python3.12/site-packages/airflow/example_dags/example_task_group_decorator.py took 0.068 seconds
[2026-06-13T17:46:14.892+0000] {processor.py:186} INFO - Started process (PID=6773) to work on /home/airflow/.local/lib/python3.12/site-packages/airflow/example_dags/example_task_group_decorator.py
[2026-06-13T17:46:14.893+0000] {processor.py:914} INFO - Processing file /home/airflow/.local/lib/python3.12/site-packages/airflow/example_dags/example_task_group_decorator.py for tasks to queue
[2026-06-13T17:46:14.896+0000] {logging_mixin.py:190} INFO - [2026-06-13T17:46:14.895+0000] {dagbag.py:588} INFO - Filling up the DagBag from /home/airflow/.local/lib/python3.12/site-packages/airflow/example_dags/example_task_group_decorator.py
[2026-06-13T17:46:14.907+0000] {processor.py:925} INFO - DAG(s) 'example_task_group_decorator' retrieved from /home/airflow/.local/lib/python3.12/site-packages/airflow/example_dags/example_task_group_decorator.py
[2026-06-13T17:46:14.927+0000] {logging_mixin.py:190} INFO - [2026-06-13T17:46:14.927+0000] {dag.py:3239} INFO - Sync 1 DAGs
[2026-06-13T17:46:14.939+0000] {logging_mixin.py:190} INFO - [2026-06-13T17:46:14.938+0000] {dag.py:4180} INFO - Setting next_dagrun for example_task_group_decorator to None, run_after=None
[2026-06-13T17:46:14.957+0000] {processor.py:208} INFO - Processing /home/airflow/.local/lib/python3.12/site-packages/airflow/example_dags/example_task_group_decorator.py took 0.070 seconds
[2026-06-13T17:46:45.364+0000] {processor.py:186} INFO - Started process (PID=6835) to work on /home/airflow/.local/lib/python3.12/site-packages/airflow/example_dags/example_task_group_decorator.py
[2026-06-13T17:46:45.365+0000] {processor.py:914} INFO - Processing file /home/airflow/.local/lib/python3.12/site-packages/airflow/example_dags/example_task_group_decorator.py for tasks to queue
[2026-06-13T17:46:45.367+0000] {logging_mixin.py:190} INFO - [2026-06-13T17:46:45.367+0000] {dagbag.py:588} INFO - Filling up the DagBag from /home/airflow/.local/lib/python3.12/site-packages/airflow/example_dags/example_task_group_decorator.py
[2026-06-13T17:46:45.382+0000] {processor.py:925} INFO - DAG(s) 'example_task_group_decorator' retrieved from /home/airflow/.local/lib/python3.12/site-packages/airflow/example_dags/example_task_group_decorator.py
[2026-06-13T17:46:45.410+0000] {logging_mixin.py:190} INFO - [2026-06-13T17:46:45.410+0000] {dag.py:3239} INFO - Sync 1 DAGs
[2026-06-13T17:46:45.424+0000] {logging_mixin.py:190} INFO - [2026-06-13T17:46:45.423+0000] {dag.py:4180} INFO - Setting next_dagrun for example_task_group_decorator to None, run_after=None
[2026-06-13T17:46:45.448+0000] {processor.py:208} INFO - Processing /home/airflow/.local/lib/python3.12/site-packages/airflow/example_dags/example_task_group_decorator.py took 0.090 seconds
[2026-06-13T17:47:15.705+0000] {processor.py:186} INFO - Started process (PID=6897) to work on /home/airflow/.local/lib/python3.12/site-packages/airflow/example_dags/example_task_group_decorator.py
[2026-06-13T17:47:15.707+0000] {processor.py:914} INFO - Processing file /home/airflow/.local/lib/python3.12/site-packages/airflow/example_dags/example_task_group_decorator.py for tasks to queue
[2026-06-13T17:47:15.709+0000] {logging_mixin.py:190} INFO - [2026-06-13T17:47:15.709+0000] {dagbag.py:588} INFO - Filling up the DagBag from /home/airflow/.local/lib/python3.12/site-packages/airflow/example_dags/example_task_group_decorator.py
[2026-06-13T17:47:15.721+0000] {processor.py:925} INFO - DAG(s) 'example_task_group_decorator' retrieved from /home/airflow/.local/lib/python3.12/site-packages/airflow/example_dags/example_task_group_decorator.py
[2026-06-13T17:47:15.741+0000] {logging_mixin.py:190} INFO - [2026-06-13T17:47:15.741+0000] {dag.py:3239} INFO - Sync 1 DAGs
[2026-06-13T17:47:15.752+0000] {logging_mixin.py:190} INFO - [2026-06-13T17:47:15.752+0000] {dag.py:4180} INFO - Setting next_dagrun for example_task_group_decorator to None, run_after=None
[2026-06-13T17:47:15.775+0000] {processor.py:208} INFO - Processing /home/airflow/.local/lib/python3.12/site-packages/airflow/example_dags/example_task_group_decorator.py took 0.075 seconds
[2026-06-13T17:47:46.189+0000] {processor.py:186} INFO - Started process (PID=6959) to work on /home/airflow/.local/lib/python3.12/site-packages/airflow/example_dags/example_task_group_decorator.py
[2026-06-13T17:47:46.190+0000] {processor.py:914} INFO - Processing file /home/airflow/.local/lib/python3.12/site-packages/airflow/example_dags/example_task_group_decorator.py for tasks to queue
[2026-06-13T17:47:46.192+0000] {logging_mixin.py:190} INFO - [2026-06-13T17:47:46.192+0000] {dagbag.py:588} INFO - Filling up the DagBag from /home/airflow/.local/lib/python3.12/site-packages/airflow/example_dags/example_task_group_decorator.py
[2026-06-13T17:47:46.203+0000] {processor.py:925} INFO - DAG(s) 'example_task_group_decorator' retrieved from /home/airflow/.local/lib/python3.12/site-packages/airflow/example_dags/example_task_group_decorator.py
[2026-06-13T17:47:46.222+0000] {logging_mixin.py:190} INFO - [2026-06-13T17:47:46.221+0000] {dag.py:3239} INFO - Sync 1 DAGs
[2026-06-13T17:47:46.232+0000] {logging_mixin.py:190} INFO - [2026-06-13T17:47:46.232+0000] {dag.py:4180} INFO - Setting next_dagrun for example_task_group_decorator to None, run_after=None
[2026-06-13T17:47:46.249+0000] {processor.py:208} INFO - Processing /home/airflow/.local/lib/python3.12/site-packages/airflow/example_dags/example_task_group_decorator.py took 0.065 seconds
[2026-06-13T17:48:16.654+0000] {processor.py:186} INFO - Started process (PID=7021) to work on /home/airflow/.local/lib/python3.12/site-packages/airflow/example_dags/example_task_group_decorator.py
[2026-06-13T17:48:16.656+0000] {processor.py:914} INFO - Processing file /home/airflow/.local/lib/python3.12/site-packages/airflow/example_dags/example_task_group_decorator.py for tasks to queue
[2026-06-13T17:48:16.659+0000] {logging_mixin.py:190} INFO - [2026-06-13T17:48:16.659+0000] {dagbag.py:588} INFO - Filling up the DagBag from /home/airflow/.local/lib/python3.12/site-packages/airflow/example_dags/example_task_group_decorator.py
[2026-06-13T17:48:16.681+0000] {processor.py:925} INFO - DAG(s) 'example_task_group_decorator' retrieved from /home/airflow/.local/lib/python3.12/site-packages/airflow/example_dags/example_task_group_decorator.py
[2026-06-13T17:48:16.720+0000] {logging_mixin.py:190} INFO - [2026-06-13T17:48:16.720+0000] {dag.py:3239} INFO - Sync 1 DAGs
[2026-06-13T17:48:16.740+0000] {logging_mixin.py:190} INFO - [2026-06-13T17:48:16.740+0000] {dag.py:4180} INFO - Setting next_dagrun for example_task_group_decorator to None, run_after=None
[2026-06-13T17:48:16.771+0000] {processor.py:208} INFO - Processing /home/airflow/.local/lib/python3.12/site-packages/airflow/example_dags/example_task_group_decorator.py took 0.124 seconds
[2026-06-13T17:48:47.250+0000] {processor.py:186} INFO - Started process (PID=7083) to work on /home/airflow/.local/lib/python3.12/site-packages/airflow/example_dags/example_task_group_decorator.py
[2026-06-13T17:48:47.252+0000] {processor.py:914} INFO - Processing file /home/airflow/.local/lib/python3.12/site-packages/airflow/example_dags/example_task_group_decorator.py for tasks to queue
[2026-06-13T17:48:47.256+0000] {logging_mixin.py:190} INFO - [2026-06-13T17:48:47.255+0000] {dagbag.py:588} INFO - Filling up the DagBag from /home/airflow/.local/lib/python3.12/site-packages/airflow/example_dags/example_task_group_decorator.py
[2026-06-13T17:48:47.275+0000] {processor.py:925} INFO - DAG(s) 'example_task_group_decorator' retrieved from /home/airflow/.local/lib/python3.12/site-packages/airflow/example_dags/example_task_group_decorator.py
[2026-06-13T17:48:47.315+0000] {logging_mixin.py:190} INFO - [2026-06-13T17:48:47.315+0000] {dag.py:3239} INFO - Sync 1 DAGs
[2026-06-13T17:48:47.336+0000] {logging_mixin.py:190} INFO - [2026-06-13T17:48:47.336+0000] {dag.py:4180} INFO - Setting next_dagrun for example_task_group_decorator to None, run_after=None
[2026-06-13T17:48:47.368+0000] {processor.py:208} INFO - Processing /home/airflow/.local/lib/python3.12/site-packages/airflow/example_dags/example_task_group_decorator.py took 0.129 seconds
[2026-06-13T17:49:17.452+0000] {processor.py:186} INFO - Started process (PID=7145) to work on /home/airflow/.local/lib/python3.12/site-packages/airflow/example_dags/example_task_group_decorator.py
[2026-06-13T17:49:17.454+0000] {processor.py:914} INFO - Processing file /home/airflow/.local/lib/python3.12/site-packages/airflow/example_dags/example_task_group_decorator.py for tasks to queue
[2026-06-13T17:49:17.458+0000] {logging_mixin.py:190} INFO - [2026-06-13T17:49:17.457+0000] {dagbag.py:588} INFO - Filling up the DagBag from /home/airflow/.local/lib/python3.12/site-packages/airflow/example_dags/example_task_group_decorator.py
[2026-06-13T17:49:17.474+0000] {processor.py:925} INFO - DAG(s) 'example_task_group_decorator' retrieved from /home/airflow/.local/lib/python3.12/site-packages/airflow/example_dags/example_task_group_decorator.py
[2026-06-13T17:49:17.505+0000] {logging_mixin.py:190} INFO - [2026-06-13T17:49:17.504+0000] {dag.py:3239} INFO - Sync 1 DAGs
[2026-06-13T17:49:17.521+0000] {logging_mixin.py:190} INFO - [2026-06-13T17:49:17.521+0000] {dag.py:4180} INFO - Setting next_dagrun for example_task_group_decorator to None, run_after=None
[2026-06-13T17:49:17.544+0000] {processor.py:208} INFO - Processing /home/airflow/.local/lib/python3.12/site-packages/airflow/example_dags/example_task_group_decorator.py took 0.100 seconds
[2026-06-13T17:49:47.845+0000] {processor.py:186} INFO - Started process (PID=7207) to work on /home/airflow/.local/lib/python3.12/site-packages/airflow/example_dags/example_task_group_decorator.py
[2026-06-13T17:49:47.847+0000] {processor.py:914} INFO - Processing file /home/airflow/.local/lib/python3.12/site-packages/airflow/example_dags/example_task_group_decorator.py for tasks to queue
[2026-06-13T17:49:47.855+0000] {logging_mixin.py:190} INFO - [2026-06-13T17:49:47.853+0000] {dagbag.py:588} INFO - Filling up the DagBag from /home/airflow/.local/lib/python3.12/site-packages/airflow/example_dags/example_task_group_decorator.py
[2026-06-13T17:49:47.888+0000] {processor.py:925} INFO - DAG(s) 'example_task_group_decorator' retrieved from /home/airflow/.local/lib/python3.12/site-packages/airflow/example_dags/example_task_group_decorator.py
[2026-06-13T17:49:47.951+0000] {logging_mixin.py:190} INFO - [2026-06-13T17:49:47.950+0000] {dag.py:3239} INFO - Sync 1 DAGs
[2026-06-13T17:49:47.982+0000] {logging_mixin.py:190} INFO - [2026-06-13T17:49:47.981+0000] {dag.py:4180} INFO - Setting next_dagrun for example_task_group_decorator to None, run_after=None
[2026-06-13T17:49:48.042+0000] {processor.py:208} INFO - Processing /home/airflow/.local/lib/python3.12/site-packages/airflow/example_dags/example_task_group_decorator.py took 0.213 seconds
[2026-06-13T17:50:18.630+0000] {processor.py:186} INFO - Started process (PID=7270) to work on /home/airflow/.local/lib/python3.12/site-packages/airflow/example_dags/example_task_group_decorator.py
[2026-06-13T17:50:18.634+0000] {processor.py:914} INFO - Processing file /home/airflow/.local/lib/python3.12/site-packages/airflow/example_dags/example_task_group_decorator.py for tasks to queue
[2026-06-13T17:50:18.643+0000] {logging_mixin.py:190} INFO - [2026-06-13T17:50:18.642+0000] {dagbag.py:588} INFO - Filling up the DagBag from /home/airflow/.local/lib/python3.12/site-packages/airflow/example_dags/example_task_group_decorator.py
[2026-06-13T17:50:18.688+0000] {processor.py:925} INFO - DAG(s) 'example_task_group_decorator' retrieved from /home/airflow/.local/lib/python3.12/site-packages/airflow/example_dags/example_task_group_decorator.py
[2026-06-13T17:50:18.782+0000] {logging_mixin.py:190} INFO - [2026-06-13T17:50:18.781+0000] {dag.py:3239} INFO - Sync 1 DAGs
[2026-06-13T17:50:18.820+0000] {logging_mixin.py:190} INFO - [2026-06-13T17:50:18.819+0000] {dag.py:4180} INFO - Setting next_dagrun for example_task_group_decorator to None, run_after=None
[2026-06-13T17:50:18.880+0000] {processor.py:208} INFO - Processing /home/airflow/.local/lib/python3.12/site-packages/airflow/example_dags/example_task_group_decorator.py took 0.270 seconds
[2026-06-13T17:50:49.708+0000] {processor.py:186} INFO - Started process (PID=7333) to work on /home/airflow/.local/lib/python3.12/site-packages/airflow/example_dags/example_task_group_decorator.py
[2026-06-13T17:50:49.711+0000] {processor.py:914} INFO - Processing file /home/airflow/.local/lib/python3.12/site-packages/airflow/example_dags/example_task_group_decorator.py for tasks to queue
[2026-06-13T17:50:49.717+0000] {logging_mixin.py:190} INFO - [2026-06-13T17:50:49.716+0000] {dagbag.py:588} INFO - Filling up the DagBag from /home/airflow/.local/lib/python3.12/site-packages/airflow/example_dags/example_task_group_decorator.py
[2026-06-13T17:50:49.757+0000] {processor.py:925} INFO - DAG(s) 'example_task_group_decorator' retrieved from /home/airflow/.local/lib/python3.12/site-packages/airflow/example_dags/example_task_group_decorator.py
[2026-06-13T17:50:49.821+0000] {logging_mixin.py:190} INFO - [2026-06-13T17:50:49.820+0000] {dag.py:3239} INFO - Sync 1 DAGs
[2026-06-13T17:50:49.859+0000] {logging_mixin.py:190} INFO - [2026-06-13T17:50:49.858+0000] {dag.py:4180} INFO - Setting next_dagrun for example_task_group_decorator to None, run_after=None
[2026-06-13T17:50:49.905+0000] {processor.py:208} INFO - Processing /home/airflow/.local/lib/python3.12/site-packages/airflow/example_dags/example_task_group_decorator.py took 0.212 seconds
[2026-06-13T17:51:21.192+0000] {processor.py:186} INFO - Started process (PID=7395) to work on /home/airflow/.local/lib/python3.12/site-packages/airflow/example_dags/example_task_group_decorator.py
[2026-06-13T17:51:21.198+0000] {processor.py:914} INFO - Processing file /home/airflow/.local/lib/python3.12/site-packages/airflow/example_dags/example_task_group_decorator.py for tasks to queue
[2026-06-13T17:51:21.213+0000] {logging_mixin.py:190} INFO - [2026-06-13T17:51:21.211+0000] {dagbag.py:588} INFO - Filling up the DagBag from /home/airflow/.local/lib/python3.12/site-packages/airflow/example_dags/example_task_group_decorator.py
[2026-06-13T17:51:21.299+0000] {processor.py:925} INFO - DAG(s) 'example_task_group_decorator' retrieved from /home/airflow/.local/lib/python3.12/site-packages/airflow/example_dags/example_task_group_decorator.py
[2026-06-13T17:51:21.474+0000] {logging_mixin.py:190} INFO - [2026-06-13T17:51:21.473+0000] {dag.py:3239} INFO - Sync 1 DAGs
[2026-06-13T17:51:21.672+0000] {logging_mixin.py:190} INFO - [2026-06-13T17:51:21.671+0000] {dag.py:4180} INFO - Setting next_dagrun for example_task_group_decorator to None, run_after=None
[2026-06-13T17:51:21.797+0000] {processor.py:208} INFO - Processing /home/airflow/.local/lib/python3.12/site-packages/airflow/example_dags/example_task_group_decorator.py took 0.640 seconds
[2026-06-13T17:51:51.954+0000] {processor.py:186} INFO - Started process (PID=7456) to work on /home/airflow/.local/lib/python3.12/site-packages/airflow/example_dags/example_task_group_decorator.py
[2026-06-13T17:51:51.957+0000] {processor.py:914} INFO - Processing file /home/airflow/.local/lib/python3.12/site-packages/airflow/example_dags/example_task_group_decorator.py for tasks to queue
[2026-06-13T17:51:51.964+0000] {logging_mixin.py:190} INFO - [2026-06-13T17:51:51.963+0000] {dagbag.py:588} INFO - Filling up the DagBag from /home/airflow/.local/lib/python3.12/site-packages/airflow/example_dags/example_task_group_decorator.py
[2026-06-13T17:51:52.025+0000] {processor.py:925} INFO - DAG(s) 'example_task_group_decorator' retrieved from /home/airflow/.local/lib/python3.12/site-packages/airflow/example_dags/example_task_group_decorator.py
[2026-06-13T17:51:52.103+0000] {logging_mixin.py:190} INFO - [2026-06-13T17:51:52.102+0000] {dag.py:3239} INFO - Sync 1 DAGs
[2026-06-13T17:51:52.164+0000] {logging_mixin.py:190} INFO - [2026-06-13T17:51:52.163+0000] {dag.py:4180} INFO - Setting next_dagrun for example_task_group_decorator to None, run_after=None
[2026-06-13T17:51:52.239+0000] {processor.py:208} INFO - Processing /home/airflow/.local/lib/python3.12/site-packages/airflow/example_dags/example_task_group_decorator.py took 0.307 seconds
[2026-06-13T17:52:23.072+0000] {processor.py:186} INFO - Started process (PID=7518) to work on /home/airflow/.local/lib/python3.12/site-packages/airflow/example_dags/example_task_group_decorator.py
[2026-06-13T17:52:23.074+0000] {processor.py:914} INFO - Processing file /home/airflow/.local/lib/python3.12/site-packages/airflow/example_dags/example_task_group_decorator.py for tasks to queue
[2026-06-13T17:52:23.077+0000] {logging_mixin.py:190} INFO - [2026-06-13T17:52:23.076+0000] {dagbag.py:588} INFO - Filling up the DagBag from /home/airflow/.local/lib/python3.12/site-packages/airflow/example_dags/example_task_group_decorator.py
[2026-06-13T17:52:23.088+0000] {processor.py:925} INFO - DAG(s) 'example_task_group_decorator' retrieved from /home/airflow/.local/lib/python3.12/site-packages/airflow/example_dags/example_task_group_decorator.py
[2026-06-13T17:52:23.115+0000] {logging_mixin.py:190} INFO - [2026-06-13T17:52:23.115+0000] {dag.py:3239} INFO - Sync 1 DAGs
[2026-06-13T17:52:23.125+0000] {logging_mixin.py:190} INFO - [2026-06-13T17:52:23.125+0000] {dag.py:4180} INFO - Setting next_dagrun for example_task_group_decorator to None, run_after=None
[2026-06-13T17:52:23.146+0000] {processor.py:208} INFO - Processing /home/airflow/.local/lib/python3.12/site-packages/airflow/example_dags/example_task_group_decorator.py took 0.079 seconds
[2026-06-13T17:52:53.277+0000] {processor.py:186} INFO - Started process (PID=7580) to work on /home/airflow/.local/lib/python3.12/site-packages/airflow/example_dags/example_task_group_decorator.py
[2026-06-13T17:52:53.278+0000] {processor.py:914} INFO - Processing file /home/airflow/.local/lib/python3.12/site-packages/airflow/example_dags/example_task_group_decorator.py for tasks to queue
[2026-06-13T17:52:53.281+0000] {logging_mixin.py:190} INFO - [2026-06-13T17:52:53.281+0000] {dagbag.py:588} INFO - Filling up the DagBag from /home/airflow/.local/lib/python3.12/site-packages/airflow/example_dags/example_task_group_decorator.py
[2026-06-13T17:52:53.299+0000] {processor.py:925} INFO - DAG(s) 'example_task_group_decorator' retrieved from /home/airflow/.local/lib/python3.12/site-packages/airflow/example_dags/example_task_group_decorator.py
[2026-06-13T17:52:53.324+0000] {logging_mixin.py:190} INFO - [2026-06-13T17:52:53.324+0000] {dag.py:3239} INFO - Sync 1 DAGs
[2026-06-13T17:52:53.338+0000] {logging_mixin.py:190} INFO - [2026-06-13T17:52:53.338+0000] {dag.py:4180} INFO - Setting next_dagrun for example_task_group_decorator to None, run_after=None
[2026-06-13T17:52:53.357+0000] {processor.py:208} INFO - Processing /home/airflow/.local/lib/python3.12/site-packages/airflow/example_dags/example_task_group_decorator.py took 0.089 seconds
[2026-06-13T17:53:23.716+0000] {processor.py:186} INFO - Started process (PID=7642) to work on /home/airflow/.local/lib/python3.12/site-packages/airflow/example_dags/example_task_group_decorator.py
[2026-06-13T17:53:23.717+0000] {processor.py:914} INFO - Processing file /home/airflow/.local/lib/python3.12/site-packages/airflow/example_dags/example_task_group_decorator.py for tasks to queue
[2026-06-13T17:53:23.719+0000] {logging_mixin.py:190} INFO - [2026-06-13T17:53:23.719+0000] {dagbag.py:588} INFO - Filling up the DagBag from /home/airflow/.local/lib/python3.12/site-packages/airflow/example_dags/example_task_group_decorator.py
[2026-06-13T17:53:23.734+0000] {processor.py:925} INFO - DAG(s) 'example_task_group_decorator' retrieved from /home/airflow/.local/lib/python3.12/site-packages/airflow/example_dags/example_task_group_decorator.py
[2026-06-13T17:53:23.764+0000] {logging_mixin.py:190} INFO - [2026-06-13T17:53:23.764+0000] {dag.py:3239} INFO - Sync 1 DAGs
[2026-06-13T17:53:23.782+0000] {logging_mixin.py:190} INFO - [2026-06-13T17:53:23.782+0000] {dag.py:4180} INFO - Setting next_dagrun for example_task_group_decorator to None, run_after=None
[2026-06-13T17:53:23.802+0000] {processor.py:208} INFO - Processing /home/airflow/.local/lib/python3.12/site-packages/airflow/example_dags/example_task_group_decorator.py took 0.093 seconds
[2026-06-13T17:53:54.151+0000] {processor.py:186} INFO - Started process (PID=7704) to work on /home/airflow/.local/lib/python3.12/site-packages/airflow/example_dags/example_task_group_decorator.py
[2026-06-13T17:53:54.152+0000] {processor.py:914} INFO - Processing file /home/airflow/.local/lib/python3.12/site-packages/airflow/example_dags/example_task_group_decorator.py for tasks to queue
[2026-06-13T17:53:54.154+0000] {logging_mixin.py:190} INFO - [2026-06-13T17:53:54.154+0000] {dagbag.py:588} INFO - Filling up the DagBag from /home/airflow/.local/lib/python3.12/site-packages/airflow/example_dags/example_task_group_decorator.py
[2026-06-13T17:53:54.168+0000] {processor.py:925} INFO - DAG(s) 'example_task_group_decorator' retrieved from /home/airflow/.local/lib/python3.12/site-packages/airflow/example_dags/example_task_group_decorator.py
[2026-06-13T17:53:54.193+0000] {logging_mixin.py:190} INFO - [2026-06-13T17:53:54.192+0000] {dag.py:3239} INFO - Sync 1 DAGs
[2026-06-13T17:53:54.351+0000] {logging_mixin.py:190} INFO - [2026-06-13T17:53:54.350+0000] {dag.py:4180} INFO - Setting next_dagrun for example_task_group_decorator to None, run_after=None
[2026-06-13T17:53:54.369+0000] {processor.py:208} INFO - Processing /home/airflow/.local/lib/python3.12/site-packages/airflow/example_dags/example_task_group_decorator.py took 0.223 seconds
[2026-06-13T17:54:24.655+0000] {processor.py:186} INFO - Started process (PID=7766) to work on /home/airflow/.local/lib/python3.12/site-packages/airflow/example_dags/example_task_group_decorator.py
[2026-06-13T17:54:24.656+0000] {processor.py:914} INFO - Processing file /home/airflow/.local/lib/python3.12/site-packages/airflow/example_dags/example_task_group_decorator.py for tasks to queue
[2026-06-13T17:54:24.658+0000] {logging_mixin.py:190} INFO - [2026-06-13T17:54:24.658+0000] {dagbag.py:588} INFO - Filling up the DagBag from /home/airflow/.local/lib/python3.12/site-packages/airflow/example_dags/example_task_group_decorator.py
[2026-06-13T17:54:24.669+0000] {processor.py:925} INFO - DAG(s) 'example_task_group_decorator' retrieved from /home/airflow/.local/lib/python3.12/site-packages/airflow/example_dags/example_task_group_decorator.py
[2026-06-13T17:54:24.689+0000] {logging_mixin.py:190} INFO - [2026-06-13T17:54:24.689+0000] {dag.py:3239} INFO - Sync 1 DAGs
[2026-06-13T17:54:24.700+0000] {logging_mixin.py:190} INFO - [2026-06-13T17:54:24.700+0000] {dag.py:4180} INFO - Setting next_dagrun for example_task_group_decorator to None, run_after=None
[2026-06-13T17:54:24.717+0000] {processor.py:208} INFO - Processing /home/airflow/.local/lib/python3.12/site-packages/airflow/example_dags/example_task_group_decorator.py took 0.067 seconds
[2026-06-13T17:54:55.043+0000] {processor.py:186} INFO - Started process (PID=7828) to work on /home/airflow/.local/lib/python3.12/site-packages/airflow/example_dags/example_task_group_decorator.py
[2026-06-13T17:54:55.044+0000] {processor.py:914} INFO - Processing file /home/airflow/.local/lib/python3.12/site-packages/airflow/example_dags/example_task_group_decorator.py for tasks to queue
[2026-06-13T17:54:55.047+0000] {logging_mixin.py:190} INFO - [2026-06-13T17:54:55.046+0000] {dagbag.py:588} INFO - Filling up the DagBag from /home/airflow/.local/lib/python3.12/site-packages/airflow/example_dags/example_task_group_decorator.py
[2026-06-13T17:54:55.059+0000] {processor.py:925} INFO - DAG(s) 'example_task_group_decorator' retrieved from /home/airflow/.local/lib/python3.12/site-packages/airflow/example_dags/example_task_group_decorator.py
[2026-06-13T17:54:55.079+0000] {logging_mixin.py:190} INFO - [2026-06-13T17:54:55.078+0000] {dag.py:3239} INFO - Sync 1 DAGs
[2026-06-13T17:54:55.091+0000] {logging_mixin.py:190} INFO - [2026-06-13T17:54:55.091+0000] {dag.py:4180} INFO - Setting next_dagrun for example_task_group_decorator to None, run_after=None
[2026-06-13T17:54:55.109+0000] {processor.py:208} INFO - Processing /home/airflow/.local/lib/python3.12/site-packages/airflow/example_dags/example_task_group_decorator.py took 0.071 seconds
[2026-06-13T17:55:25.371+0000] {processor.py:186} INFO - Started process (PID=7889) to work on /home/airflow/.local/lib/python3.12/site-packages/airflow/example_dags/example_task_group_decorator.py
[2026-06-13T17:55:25.373+0000] {processor.py:914} INFO - Processing file /home/airflow/.local/lib/python3.12/site-packages/airflow/example_dags/example_task_group_decorator.py for tasks to queue
[2026-06-13T17:55:25.375+0000] {logging_mixin.py:190} INFO - [2026-06-13T17:55:25.375+0000] {dagbag.py:588} INFO - Filling up the DagBag from /home/airflow/.local/lib/python3.12/site-packages/airflow/example_dags/example_task_group_decorator.py
[2026-06-13T17:55:25.391+0000] {processor.py:925} INFO - DAG(s) 'example_task_group_decorator' retrieved from /home/airflow/.local/lib/python3.12/site-packages/airflow/example_dags/example_task_group_decorator.py
[2026-06-13T17:55:25.417+0000] {logging_mixin.py:190} INFO - [2026-06-13T17:55:25.417+0000] {dag.py:3239} INFO - Sync 1 DAGs
[2026-06-13T17:55:25.431+0000] {logging_mixin.py:190} INFO - [2026-06-13T17:55:25.431+0000] {dag.py:4180} INFO - Setting next_dagrun for example_task_group_decorator to None, run_after=None
[2026-06-13T17:55:25.451+0000] {processor.py:208} INFO - Processing /home/airflow/.local/lib/python3.12/site-packages/airflow/example_dags/example_task_group_decorator.py took 0.085 seconds
[2026-06-13T17:55:56.071+0000] {processor.py:186} INFO - Started process (PID=7952) to work on /home/airflow/.local/lib/python3.12/site-packages/airflow/example_dags/example_task_group_decorator.py
[2026-06-13T17:55:56.073+0000] {processor.py:914} INFO - Processing file /home/airflow/.local/lib/python3.12/site-packages/airflow/example_dags/example_task_group_decorator.py for tasks to queue
[2026-06-13T17:55:56.076+0000] {logging_mixin.py:190} INFO - [2026-06-13T17:55:56.075+0000] {dagbag.py:588} INFO - Filling up the DagBag from /home/airflow/.local/lib/python3.12/site-packages/airflow/example_dags/example_task_group_decorator.py
[2026-06-13T17:55:56.247+0000] {processor.py:925} INFO - DAG(s) 'example_task_group_decorator' retrieved from /home/airflow/.local/lib/python3.12/site-packages/airflow/example_dags/example_task_group_decorator.py
[2026-06-13T17:55:56.265+0000] {logging_mixin.py:190} INFO - [2026-06-13T17:55:56.264+0000] {dag.py:3239} INFO - Sync 1 DAGs
[2026-06-13T17:55:56.275+0000] {logging_mixin.py:190} INFO - [2026-06-13T17:55:56.274+0000] {dag.py:4180} INFO - Setting next_dagrun for example_task_group_decorator to None, run_after=None
[2026-06-13T17:55:56.384+0000] {processor.py:208} INFO - Processing /home/airflow/.local/lib/python3.12/site-packages/airflow/example_dags/example_task_group_decorator.py took 0.319 seconds
[2026-06-13T17:56:27.201+0000] {processor.py:186} INFO - Started process (PID=8014) to work on /home/airflow/.local/lib/python3.12/site-packages/airflow/example_dags/example_task_group_decorator.py
[2026-06-13T17:56:27.202+0000] {processor.py:914} INFO - Processing file /home/airflow/.local/lib/python3.12/site-packages/airflow/example_dags/example_task_group_decorator.py for tasks to queue
[2026-06-13T17:56:27.204+0000] {logging_mixin.py:190} INFO - [2026-06-13T17:56:27.204+0000] {dagbag.py:588} INFO - Filling up the DagBag from /home/airflow/.local/lib/python3.12/site-packages/airflow/example_dags/example_task_group_decorator.py
[2026-06-13T17:56:27.217+0000] {processor.py:925} INFO - DAG(s) 'example_task_group_decorator' retrieved from /home/airflow/.local/lib/python3.12/site-packages/airflow/example_dags/example_task_group_decorator.py
[2026-06-13T17:56:27.238+0000] {logging_mixin.py:190} INFO - [2026-06-13T17:56:27.238+0000] {dag.py:3239} INFO - Sync 1 DAGs
[2026-06-13T17:56:27.250+0000] {logging_mixin.py:190} INFO - [2026-06-13T17:56:27.249+0000] {dag.py:4180} INFO - Setting next_dagrun for example_task_group_decorator to None, run_after=None
[2026-06-13T17:56:27.268+0000] {processor.py:208} INFO - Processing /home/airflow/.local/lib/python3.12/site-packages/airflow/example_dags/example_task_group_decorator.py took 0.072 seconds
[2026-06-13T17:56:57.465+0000] {processor.py:186} INFO - Started process (PID=8076) to work on /home/airflow/.local/lib/python3.12/site-packages/airflow/example_dags/example_task_group_decorator.py
[2026-06-13T17:56:57.466+0000] {processor.py:914} INFO - Processing file /home/airflow/.local/lib/python3.12/site-packages/airflow/example_dags/example_task_group_decorator.py for tasks to queue
[2026-06-13T17:56:57.476+0000] {logging_mixin.py:190} INFO - [2026-06-13T17:56:57.475+0000] {dagbag.py:588} INFO - Filling up the DagBag from /home/airflow/.local/lib/python3.12/site-packages/airflow/example_dags/example_task_group_decorator.py
[2026-06-13T17:56:57.487+0000] {processor.py:925} INFO - DAG(s) 'example_task_group_decorator' retrieved from /home/airflow/.local/lib/python3.12/site-packages/airflow/example_dags/example_task_group_decorator.py
[2026-06-13T17:56:57.511+0000] {logging_mixin.py:190} INFO - [2026-06-13T17:56:57.510+0000] {dag.py:3239} INFO - Sync 1 DAGs
[2026-06-13T17:56:57.522+0000] {logging_mixin.py:190} INFO - [2026-06-13T17:56:57.522+0000] {dag.py:4180} INFO - Setting next_dagrun for example_task_group_decorator to None, run_after=None
[2026-06-13T17:56:57.551+0000] {processor.py:208} INFO - Processing /home/airflow/.local/lib/python3.12/site-packages/airflow/example_dags/example_task_group_decorator.py took 0.091 seconds
[2026-06-13T17:57:27.858+0000] {processor.py:186} INFO - Started process (PID=8138) to work on /home/airflow/.local/lib/python3.12/site-packages/airflow/example_dags/example_task_group_decorator.py
[2026-06-13T17:57:27.859+0000] {processor.py:914} INFO - Processing file /home/airflow/.local/lib/python3.12/site-packages/airflow/example_dags/example_task_group_decorator.py for tasks to queue
[2026-06-13T17:57:27.863+0000] {logging_mixin.py:190} INFO - [2026-06-13T17:57:27.862+0000] {dagbag.py:588} INFO - Filling up the DagBag from /home/airflow/.local/lib/python3.12/site-packages/airflow/example_dags/example_task_group_decorator.py
[2026-06-13T17:57:27.876+0000] {processor.py:925} INFO - DAG(s) 'example_task_group_decorator' retrieved from /home/airflow/.local/lib/python3.12/site-packages/airflow/example_dags/example_task_group_decorator.py
[2026-06-13T17:57:27.904+0000] {logging_mixin.py:190} INFO - [2026-06-13T17:57:27.904+0000] {dag.py:3239} INFO - Sync 1 DAGs
[2026-06-13T17:57:27.927+0000] {logging_mixin.py:190} INFO - [2026-06-13T17:57:27.926+0000] {dag.py:4180} INFO - Setting next_dagrun for example_task_group_decorator to None, run_after=None
[2026-06-13T17:57:27.955+0000] {processor.py:208} INFO - Processing /home/airflow/.local/lib/python3.12/site-packages/airflow/example_dags/example_task_group_decorator.py took 0.102 seconds
[2026-06-13T17:57:58.133+0000] {processor.py:186} INFO - Started process (PID=8200) to work on /home/airflow/.local/lib/python3.12/site-packages/airflow/example_dags/example_task_group_decorator.py
[2026-06-13T17:57:58.134+0000] {processor.py:914} INFO - Processing file /home/airflow/.local/lib/python3.12/site-packages/airflow/example_dags/example_task_group_decorator.py for tasks to queue
[2026-06-13T17:57:58.137+0000] {logging_mixin.py:190} INFO - [2026-06-13T17:57:58.136+0000] {dagbag.py:588} INFO - Filling up the DagBag from /home/airflow/.local/lib/python3.12/site-packages/airflow/example_dags/example_task_group_decorator.py
[2026-06-13T17:57:58.154+0000] {processor.py:925} INFO - DAG(s) 'example_task_group_decorator' retrieved from /home/airflow/.local/lib/python3.12/site-packages/airflow/example_dags/example_task_group_decorator.py
[2026-06-13T17:57:58.176+0000] {logging_mixin.py:190} INFO - [2026-06-13T17:57:58.176+0000] {dag.py:3239} INFO - Sync 1 DAGs
[2026-06-13T17:57:58.187+0000] {logging_mixin.py:190} INFO - [2026-06-13T17:57:58.187+0000] {dag.py:4180} INFO - Setting next_dagrun for example_task_group_decorator to None, run_after=None
[2026-06-13T17:57:58.205+0000] {processor.py:208} INFO - Processing /home/airflow/.local/lib/python3.12/site-packages/airflow/example_dags/example_task_group_decorator.py took 0.078 seconds
[2026-06-13T17:58:28.880+0000] {processor.py:186} INFO - Started process (PID=8262) to work on /home/airflow/.local/lib/python3.12/site-packages/airflow/example_dags/example_task_group_decorator.py
[2026-06-13T17:58:28.881+0000] {processor.py:914} INFO - Processing file /home/airflow/.local/lib/python3.12/site-packages/airflow/example_dags/example_task_group_decorator.py for tasks to queue
[2026-06-13T17:58:28.884+0000] {logging_mixin.py:190} INFO - [2026-06-13T17:58:28.884+0000] {dagbag.py:588} INFO - Filling up the DagBag from /home/airflow/.local/lib/python3.12/site-packages/airflow/example_dags/example_task_group_decorator.py
[2026-06-13T17:58:28.899+0000] {processor.py:925} INFO - DAG(s) 'example_task_group_decorator' retrieved from /home/airflow/.local/lib/python3.12/site-packages/airflow/example_dags/example_task_group_decorator.py
[2026-06-13T17:58:28.931+0000] {logging_mixin.py:190} INFO - [2026-06-13T17:58:28.931+0000] {dag.py:3239} INFO - Sync 1 DAGs
[2026-06-13T17:58:28.947+0000] {logging_mixin.py:190} INFO - [2026-06-13T17:58:28.947+0000] {dag.py:4180} INFO - Setting next_dagrun for example_task_group_decorator to None, run_after=None
[2026-06-13T17:58:28.974+0000] {processor.py:208} INFO - Processing /home/airflow/.local/lib/python3.12/site-packages/airflow/example_dags/example_task_group_decorator.py took 0.102 seconds
[2026-06-13T17:58:59.470+0000] {processor.py:186} INFO - Started process (PID=8324) to work on /home/airflow/.local/lib/python3.12/site-packages/airflow/example_dags/example_task_group_decorator.py
[2026-06-13T17:58:59.471+0000] {processor.py:914} INFO - Processing file /home/airflow/.local/lib/python3.12/site-packages/airflow/example_dags/example_task_group_decorator.py for tasks to queue
[2026-06-13T17:58:59.475+0000] {logging_mixin.py:190} INFO - [2026-06-13T17:58:59.475+0000] {dagbag.py:588} INFO - Filling up the DagBag from /home/airflow/.local/lib/python3.12/site-packages/airflow/example_dags/example_task_group_decorator.py
[2026-06-13T17:58:59.500+0000] {processor.py:925} INFO - DAG(s) 'example_task_group_decorator' retrieved from /home/airflow/.local/lib/python3.12/site-packages/airflow/example_dags/example_task_group_decorator.py
[2026-06-13T17:58:59.527+0000] {logging_mixin.py:190} INFO - [2026-06-13T17:58:59.527+0000] {dag.py:3239} INFO - Sync 1 DAGs
[2026-06-13T17:58:59.541+0000] {logging_mixin.py:190} INFO - [2026-06-13T17:58:59.541+0000] {dag.py:4180} INFO - Setting next_dagrun for example_task_group_decorator to None, run_after=None
[2026-06-13T17:58:59.571+0000] {processor.py:208} INFO - Processing /home/airflow/.local/lib/python3.12/site-packages/airflow/example_dags/example_task_group_decorator.py took 0.107 seconds
[2026-06-13T17:59:30.237+0000] {processor.py:186} INFO - Started process (PID=8386) to work on /home/airflow/.local/lib/python3.12/site-packages/airflow/example_dags/example_task_group_decorator.py
[2026-06-13T17:59:30.238+0000] {processor.py:914} INFO - Processing file /home/airflow/.local/lib/python3.12/site-packages/airflow/example_dags/example_task_group_decorator.py for tasks to queue
[2026-06-13T17:59:30.242+0000] {logging_mixin.py:190} INFO - [2026-06-13T17:59:30.242+0000] {dagbag.py:588} INFO - Filling up the DagBag from /home/airflow/.local/lib/python3.12/site-packages/airflow/example_dags/example_task_group_decorator.py
[2026-06-13T17:59:30.262+0000] {processor.py:925} INFO - DAG(s) 'example_task_group_decorator' retrieved from /home/airflow/.local/lib/python3.12/site-packages/airflow/example_dags/example_task_group_decorator.py
[2026-06-13T17:59:30.294+0000] {logging_mixin.py:190} INFO - [2026-06-13T17:59:30.294+0000] {dag.py:3239} INFO - Sync 1 DAGs
[2026-06-13T17:59:30.312+0000] {logging_mixin.py:190} INFO - [2026-06-13T17:59:30.312+0000] {dag.py:4180} INFO - Setting next_dagrun for example_task_group_decorator to None, run_after=None
[2026-06-13T17:59:30.341+0000] {processor.py:208} INFO - Processing /home/airflow/.local/lib/python3.12/site-packages/airflow/example_dags/example_task_group_decorator.py took 0.112 seconds
[2026-06-13T18:00:00.565+0000] {processor.py:186} INFO - Started process (PID=8448) to work on /home/airflow/.local/lib/python3.12/site-packages/airflow/example_dags/example_task_group_decorator.py
[2026-06-13T18:00:00.567+0000] {processor.py:914} INFO - Processing file /home/airflow/.local/lib/python3.12/site-packages/airflow/example_dags/example_task_group_decorator.py for tasks to queue
[2026-06-13T18:00:00.569+0000] {logging_mixin.py:190} INFO - [2026-06-13T18:00:00.569+0000] {dagbag.py:588} INFO - Filling up the DagBag from /home/airflow/.local/lib/python3.12/site-packages/airflow/example_dags/example_task_group_decorator.py
[2026-06-13T18:00:00.584+0000] {processor.py:925} INFO - DAG(s) 'example_task_group_decorator' retrieved from /home/airflow/.local/lib/python3.12/site-packages/airflow/example_dags/example_task_group_decorator.py
[2026-06-13T18:00:00.607+0000] {logging_mixin.py:190} INFO - [2026-06-13T18:00:00.606+0000] {dag.py:3239} INFO - Sync 1 DAGs
[2026-06-13T18:00:00.620+0000] {logging_mixin.py:190} INFO - [2026-06-13T18:00:00.620+0000] {dag.py:4180} INFO - Setting next_dagrun for example_task_group_decorator to None, run_after=None
[2026-06-13T18:00:00.639+0000] {processor.py:208} INFO - Processing /home/airflow/.local/lib/python3.12/site-packages/airflow/example_dags/example_task_group_decorator.py took 0.079 seconds
[2026-06-13T18:00:31.088+0000] {processor.py:186} INFO - Started process (PID=8511) to work on /home/airflow/.local/lib/python3.12/site-packages/airflow/example_dags/example_task_group_decorator.py
[2026-06-13T18:00:31.089+0000] {processor.py:914} INFO - Processing file /home/airflow/.local/lib/python3.12/site-packages/airflow/example_dags/example_task_group_decorator.py for tasks to queue
[2026-06-13T18:00:31.093+0000] {logging_mixin.py:190} INFO - [2026-06-13T18:00:31.093+0000] {dagbag.py:588} INFO - Filling up the DagBag from /home/airflow/.local/lib/python3.12/site-packages/airflow/example_dags/example_task_group_decorator.py
[2026-06-13T18:00:31.106+0000] {processor.py:925} INFO - DAG(s) 'example_task_group_decorator' retrieved from /home/airflow/.local/lib/python3.12/site-packages/airflow/example_dags/example_task_group_decorator.py
[2026-06-13T18:00:31.134+0000] {logging_mixin.py:190} INFO - [2026-06-13T18:00:31.133+0000] {dag.py:3239} INFO - Sync 1 DAGs
[2026-06-13T18:00:31.149+0000] {logging_mixin.py:190} INFO - [2026-06-13T18:00:31.148+0000] {dag.py:4180} INFO - Setting next_dagrun for example_task_group_decorator to None, run_after=None
[2026-06-13T18:00:31.169+0000] {processor.py:208} INFO - Processing /home/airflow/.local/lib/python3.12/site-packages/airflow/example_dags/example_task_group_decorator.py took 0.087 seconds
[2026-06-13T18:01:01.526+0000] {processor.py:186} INFO - Started process (PID=8573) to work on /home/airflow/.local/lib/python3.12/site-packages/airflow/example_dags/example_task_group_decorator.py
[2026-06-13T18:01:01.528+0000] {processor.py:914} INFO - Processing file /home/airflow/.local/lib/python3.12/site-packages/airflow/example_dags/example_task_group_decorator.py for tasks to queue
[2026-06-13T18:01:01.531+0000] {logging_mixin.py:190} INFO - [2026-06-13T18:01:01.531+0000] {dagbag.py:588} INFO - Filling up the DagBag from /home/airflow/.local/lib/python3.12/site-packages/airflow/example_dags/example_task_group_decorator.py
[2026-06-13T18:01:01.545+0000] {processor.py:925} INFO - DAG(s) 'example_task_group_decorator' retrieved from /home/airflow/.local/lib/python3.12/site-packages/airflow/example_dags/example_task_group_decorator.py
[2026-06-13T18:01:01.567+0000] {logging_mixin.py:190} INFO - [2026-06-13T18:01:01.567+0000] {dag.py:3239} INFO - Sync 1 DAGs
[2026-06-13T18:01:01.581+0000] {logging_mixin.py:190} INFO - [2026-06-13T18:01:01.580+0000] {dag.py:4180} INFO - Setting next_dagrun for example_task_group_decorator to None, run_after=None
[2026-06-13T18:01:01.600+0000] {processor.py:208} INFO - Processing /home/airflow/.local/lib/python3.12/site-packages/airflow/example_dags/example_task_group_decorator.py took 0.081 seconds
[2026-06-13T18:01:32.216+0000] {processor.py:186} INFO - Started process (PID=8635) to work on /home/airflow/.local/lib/python3.12/site-packages/airflow/example_dags/example_task_group_decorator.py
[2026-06-13T18:01:32.217+0000] {processor.py:914} INFO - Processing file /home/airflow/.local/lib/python3.12/site-packages/airflow/example_dags/example_task_group_decorator.py for tasks to queue
[2026-06-13T18:01:32.221+0000] {logging_mixin.py:190} INFO - [2026-06-13T18:01:32.220+0000] {dagbag.py:588} INFO - Filling up the DagBag from /home/airflow/.local/lib/python3.12/site-packages/airflow/example_dags/example_task_group_decorator.py
[2026-06-13T18:01:32.236+0000] {processor.py:925} INFO - DAG(s) 'example_task_group_decorator' retrieved from /home/airflow/.local/lib/python3.12/site-packages/airflow/example_dags/example_task_group_decorator.py
[2026-06-13T18:01:32.262+0000] {logging_mixin.py:190} INFO - [2026-06-13T18:01:32.261+0000] {dag.py:3239} INFO - Sync 1 DAGs
[2026-06-13T18:01:32.274+0000] {logging_mixin.py:190} INFO - [2026-06-13T18:01:32.274+0000] {dag.py:4180} INFO - Setting next_dagrun for example_task_group_decorator to None, run_after=None
[2026-06-13T18:01:32.293+0000] {processor.py:208} INFO - Processing /home/airflow/.local/lib/python3.12/site-packages/airflow/example_dags/example_task_group_decorator.py took 0.085 seconds
[2026-06-13T18:02:02.786+0000] {processor.py:186} INFO - Started process (PID=8697) to work on /home/airflow/.local/lib/python3.12/site-packages/airflow/example_dags/example_task_group_decorator.py
[2026-06-13T18:02:02.788+0000] {processor.py:914} INFO - Processing file /home/airflow/.local/lib/python3.12/site-packages/airflow/example_dags/example_task_group_decorator.py for tasks to queue
[2026-06-13T18:02:02.792+0000] {logging_mixin.py:190} INFO - [2026-06-13T18:02:02.791+0000] {dagbag.py:588} INFO - Filling up the DagBag from /home/airflow/.local/lib/python3.12/site-packages/airflow/example_dags/example_task_group_decorator.py
[2026-06-13T18:02:02.806+0000] {processor.py:925} INFO - DAG(s) 'example_task_group_decorator' retrieved from /home/airflow/.local/lib/python3.12/site-packages/airflow/example_dags/example_task_group_decorator.py
[2026-06-13T18:02:02.838+0000] {logging_mixin.py:190} INFO - [2026-06-13T18:02:02.838+0000] {dag.py:3239} INFO - Sync 1 DAGs
[2026-06-13T18:02:02.857+0000] {logging_mixin.py:190} INFO - [2026-06-13T18:02:02.856+0000] {dag.py:4180} INFO - Setting next_dagrun for example_task_group_decorator to None, run_after=None
[2026-06-13T18:02:02.880+0000] {processor.py:208} INFO - Processing /home/airflow/.local/lib/python3.12/site-packages/airflow/example_dags/example_task_group_decorator.py took 0.102 seconds
[2026-06-13T18:02:33.180+0000] {processor.py:186} INFO - Started process (PID=8759) to work on /home/airflow/.local/lib/python3.12/site-packages/airflow/example_dags/example_task_group_decorator.py
[2026-06-13T18:02:33.182+0000] {processor.py:914} INFO - Processing file /home/airflow/.local/lib/python3.12/site-packages/airflow/example_dags/example_task_group_decorator.py for tasks to queue
[2026-06-13T18:02:33.185+0000] {logging_mixin.py:190} INFO - [2026-06-13T18:02:33.185+0000] {dagbag.py:588} INFO - Filling up the DagBag from /home/airflow/.local/lib/python3.12/site-packages/airflow/example_dags/example_task_group_decorator.py
[2026-06-13T18:02:33.199+0000] {processor.py:925} INFO - DAG(s) 'example_task_group_decorator' retrieved from /home/airflow/.local/lib/python3.12/site-packages/airflow/example_dags/example_task_group_decorator.py
[2026-06-13T18:02:33.224+0000] {logging_mixin.py:190} INFO - [2026-06-13T18:02:33.223+0000] {dag.py:3239} INFO - Sync 1 DAGs
[2026-06-13T18:02:33.238+0000] {logging_mixin.py:190} INFO - [2026-06-13T18:02:33.237+0000] {dag.py:4180} INFO - Setting next_dagrun for example_task_group_decorator to None, run_after=None
[2026-06-13T18:02:33.255+0000] {processor.py:208} INFO - Processing /home/airflow/.local/lib/python3.12/site-packages/airflow/example_dags/example_task_group_decorator.py took 0.081 seconds
[2026-06-13T18:03:03.329+0000] {processor.py:186} INFO - Started process (PID=8820) to work on /home/airflow/.local/lib/python3.12/site-packages/airflow/example_dags/example_task_group_decorator.py
[2026-06-13T18:03:03.331+0000] {processor.py:914} INFO - Processing file /home/airflow/.local/lib/python3.12/site-packages/airflow/example_dags/example_task_group_decorator.py for tasks to queue
[2026-06-13T18:03:03.335+0000] {logging_mixin.py:190} INFO - [2026-06-13T18:03:03.334+0000] {dagbag.py:588} INFO - Filling up the DagBag from /home/airflow/.local/lib/python3.12/site-packages/airflow/example_dags/example_task_group_decorator.py
[2026-06-13T18:03:03.351+0000] {processor.py:925} INFO - DAG(s) 'example_task_group_decorator' retrieved from /home/airflow/.local/lib/python3.12/site-packages/airflow/example_dags/example_task_group_decorator.py
[2026-06-13T18:03:03.379+0000] {logging_mixin.py:190} INFO - [2026-06-13T18:03:03.379+0000] {dag.py:3239} INFO - Sync 1 DAGs
[2026-06-13T18:03:03.395+0000] {logging_mixin.py:190} INFO - [2026-06-13T18:03:03.394+0000] {dag.py:4180} INFO - Setting next_dagrun for example_task_group_decorator to None, run_after=None
[2026-06-13T18:03:03.416+0000] {processor.py:208} INFO - Processing /home/airflow/.local/lib/python3.12/site-packages/airflow/example_dags/example_task_group_decorator.py took 0.095 seconds
[2026-06-13T18:03:33.868+0000] {processor.py:186} INFO - Started process (PID=8882) to work on /home/airflow/.local/lib/python3.12/site-packages/airflow/example_dags/example_task_group_decorator.py
[2026-06-13T18:03:33.870+0000] {processor.py:914} INFO - Processing file /home/airflow/.local/lib/python3.12/site-packages/airflow/example_dags/example_task_group_decorator.py for tasks to queue
[2026-06-13T18:03:33.872+0000] {logging_mixin.py:190} INFO - [2026-06-13T18:03:33.871+0000] {dagbag.py:588} INFO - Filling up the DagBag from /home/airflow/.local/lib/python3.12/site-packages/airflow/example_dags/example_task_group_decorator.py
[2026-06-13T18:03:33.885+0000] {processor.py:925} INFO - DAG(s) 'example_task_group_decorator' retrieved from /home/airflow/.local/lib/python3.12/site-packages/airflow/example_dags/example_task_group_decorator.py
[2026-06-13T18:03:33.908+0000] {logging_mixin.py:190} INFO - [2026-06-13T18:03:33.908+0000] {dag.py:3239} INFO - Sync 1 DAGs
[2026-06-13T18:03:33.920+0000] {logging_mixin.py:190} INFO - [2026-06-13T18:03:33.920+0000] {dag.py:4180} INFO - Setting next_dagrun for example_task_group_decorator to None, run_after=None
[2026-06-13T18:03:33.939+0000] {processor.py:208} INFO - Processing /home/airflow/.local/lib/python3.12/site-packages/airflow/example_dags/example_task_group_decorator.py took 0.076 seconds
[2026-06-13T18:04:04.219+0000] {processor.py:186} INFO - Started process (PID=8944) to work on /home/airflow/.local/lib/python3.12/site-packages/airflow/example_dags/example_task_group_decorator.py
[2026-06-13T18:04:04.221+0000] {processor.py:914} INFO - Processing file /home/airflow/.local/lib/python3.12/site-packages/airflow/example_dags/example_task_group_decorator.py for tasks to queue
[2026-06-13T18:04:04.223+0000] {logging_mixin.py:190} INFO - [2026-06-13T18:04:04.223+0000] {dagbag.py:588} INFO - Filling up the DagBag from /home/airflow/.local/lib/python3.12/site-packages/airflow/example_dags/example_task_group_decorator.py
[2026-06-13T18:04:04.237+0000] {processor.py:925} INFO - DAG(s) 'example_task_group_decorator' retrieved from /home/airflow/.local/lib/python3.12/site-packages/airflow/example_dags/example_task_group_decorator.py
[2026-06-13T18:04:04.260+0000] {logging_mixin.py:190} INFO - [2026-06-13T18:04:04.260+0000] {dag.py:3239} INFO - Sync 1 DAGs
[2026-06-13T18:04:04.272+0000] {logging_mixin.py:190} INFO - [2026-06-13T18:04:04.272+0000] {dag.py:4180} INFO - Setting next_dagrun for example_task_group_decorator to None, run_after=None
[2026-06-13T18:04:04.296+0000] {processor.py:208} INFO - Processing /home/airflow/.local/lib/python3.12/site-packages/airflow/example_dags/example_task_group_decorator.py took 0.083 seconds
[2026-06-13T18:04:34.743+0000] {processor.py:186} INFO - Started process (PID=9006) to work on /home/airflow/.local/lib/python3.12/site-packages/airflow/example_dags/example_task_group_decorator.py
[2026-06-13T18:04:34.744+0000] {processor.py:914} INFO - Processing file /home/airflow/.local/lib/python3.12/site-packages/airflow/example_dags/example_task_group_decorator.py for tasks to queue
[2026-06-13T18:04:34.747+0000] {logging_mixin.py:190} INFO - [2026-06-13T18:04:34.747+0000] {dagbag.py:588} INFO - Filling up the DagBag from /home/airflow/.local/lib/python3.12/site-packages/airflow/example_dags/example_task_group_decorator.py
[2026-06-13T18:04:34.759+0000] {processor.py:925} INFO - DAG(s) 'example_task_group_decorator' retrieved from /home/airflow/.local/lib/python3.12/site-packages/airflow/example_dags/example_task_group_decorator.py
[2026-06-13T18:04:34.780+0000] {logging_mixin.py:190} INFO - [2026-06-13T18:04:34.780+0000] {dag.py:3239} INFO - Sync 1 DAGs
[2026-06-13T18:04:34.793+0000] {logging_mixin.py:190} INFO - [2026-06-13T18:04:34.793+0000] {dag.py:4180} INFO - Setting next_dagrun for example_task_group_decorator to None, run_after=None
[2026-06-13T18:04:34.812+0000] {processor.py:208} INFO - Processing /home/airflow/.local/lib/python3.12/site-packages/airflow/example_dags/example_task_group_decorator.py took 0.075 seconds
[2026-06-13T18:05:04.943+0000] {processor.py:186} INFO - Started process (PID=9068) to work on /home/airflow/.local/lib/python3.12/site-packages/airflow/example_dags/example_task_group_decorator.py
[2026-06-13T18:05:04.945+0000] {processor.py:914} INFO - Processing file /home/airflow/.local/lib/python3.12/site-packages/airflow/example_dags/example_task_group_decorator.py for tasks to queue
[2026-06-13T18:05:04.948+0000] {logging_mixin.py:190} INFO - [2026-06-13T18:05:04.947+0000] {dagbag.py:588} INFO - Filling up the DagBag from /home/airflow/.local/lib/python3.12/site-packages/airflow/example_dags/example_task_group_decorator.py
[2026-06-13T18:05:04.962+0000] {processor.py:925} INFO - DAG(s) 'example_task_group_decorator' retrieved from /home/airflow/.local/lib/python3.12/site-packages/airflow/example_dags/example_task_group_decorator.py
[2026-06-13T18:05:04.988+0000] {logging_mixin.py:190} INFO - [2026-06-13T18:05:04.988+0000] {dag.py:3239} INFO - Sync 1 DAGs
[2026-06-13T18:05:05.002+0000] {logging_mixin.py:190} INFO - [2026-06-13T18:05:05.002+0000] {dag.py:4180} INFO - Setting next_dagrun for example_task_group_decorator to None, run_after=None
[2026-06-13T18:05:05.022+0000] {processor.py:208} INFO - Processing /home/airflow/.local/lib/python3.12/site-packages/airflow/example_dags/example_task_group_decorator.py took 0.086 seconds
[2026-06-13T18:05:35.085+0000] {processor.py:186} INFO - Started process (PID=9129) to work on /home/airflow/.local/lib/python3.12/site-packages/airflow/example_dags/example_task_group_decorator.py
[2026-06-13T18:05:35.086+0000] {processor.py:914} INFO - Processing file /home/airflow/.local/lib/python3.12/site-packages/airflow/example_dags/example_task_group_decorator.py for tasks to queue
[2026-06-13T18:05:35.089+0000] {logging_mixin.py:190} INFO - [2026-06-13T18:05:35.089+0000] {dagbag.py:588} INFO - Filling up the DagBag from /home/airflow/.local/lib/python3.12/site-packages/airflow/example_dags/example_task_group_decorator.py
[2026-06-13T18:05:35.102+0000] {processor.py:925} INFO - DAG(s) 'example_task_group_decorator' retrieved from /home/airflow/.local/lib/python3.12/site-packages/airflow/example_dags/example_task_group_decorator.py
[2026-06-13T18:05:35.123+0000] {logging_mixin.py:190} INFO - [2026-06-13T18:05:35.123+0000] {dag.py:3239} INFO - Sync 1 DAGs
[2026-06-13T18:05:35.134+0000] {logging_mixin.py:190} INFO - [2026-06-13T18:05:35.134+0000] {dag.py:4180} INFO - Setting next_dagrun for example_task_group_decorator to None, run_after=None
[2026-06-13T18:05:35.152+0000] {processor.py:208} INFO - Processing /home/airflow/.local/lib/python3.12/site-packages/airflow/example_dags/example_task_group_decorator.py took 0.071 seconds
[2026-06-13T18:06:05.513+0000] {processor.py:186} INFO - Started process (PID=9192) to work on /home/airflow/.local/lib/python3.12/site-packages/airflow/example_dags/example_task_group_decorator.py
[2026-06-13T18:06:05.515+0000] {processor.py:914} INFO - Processing file /home/airflow/.local/lib/python3.12/site-packages/airflow/example_dags/example_task_group_decorator.py for tasks to queue
[2026-06-13T18:06:05.517+0000] {logging_mixin.py:190} INFO - [2026-06-13T18:06:05.517+0000] {dagbag.py:588} INFO - Filling up the DagBag from /home/airflow/.local/lib/python3.12/site-packages/airflow/example_dags/example_task_group_decorator.py
[2026-06-13T18:06:05.528+0000] {processor.py:925} INFO - DAG(s) 'example_task_group_decorator' retrieved from /home/airflow/.local/lib/python3.12/site-packages/airflow/example_dags/example_task_group_decorator.py
[2026-06-13T18:06:05.550+0000] {logging_mixin.py:190} INFO - [2026-06-13T18:06:05.550+0000] {dag.py:3239} INFO - Sync 1 DAGs
[2026-06-13T18:06:05.561+0000] {logging_mixin.py:190} INFO - [2026-06-13T18:06:05.561+0000] {dag.py:4180} INFO - Setting next_dagrun for example_task_group_decorator to None, run_after=None
[2026-06-13T18:06:05.579+0000] {processor.py:208} INFO - Processing /home/airflow/.local/lib/python3.12/site-packages/airflow/example_dags/example_task_group_decorator.py took 0.070 seconds
[2026-06-13T18:06:35.746+0000] {processor.py:186} INFO - Started process (PID=9254) to work on /home/airflow/.local/lib/python3.12/site-packages/airflow/example_dags/example_task_group_decorator.py
[2026-06-13T18:06:35.747+0000] {processor.py:914} INFO - Processing file /home/airflow/.local/lib/python3.12/site-packages/airflow/example_dags/example_task_group_decorator.py for tasks to queue
[2026-06-13T18:06:35.750+0000] {logging_mixin.py:190} INFO - [2026-06-13T18:06:35.749+0000] {dagbag.py:588} INFO - Filling up the DagBag from /home/airflow/.local/lib/python3.12/site-packages/airflow/example_dags/example_task_group_decorator.py
[2026-06-13T18:06:35.763+0000] {processor.py:925} INFO - DAG(s) 'example_task_group_decorator' retrieved from /home/airflow/.local/lib/python3.12/site-packages/airflow/example_dags/example_task_group_decorator.py
[2026-06-13T18:06:35.786+0000] {logging_mixin.py:190} INFO - [2026-06-13T18:06:35.786+0000] {dag.py:3239} INFO - Sync 1 DAGs
[2026-06-13T18:06:35.800+0000] {logging_mixin.py:190} INFO - [2026-06-13T18:06:35.799+0000] {dag.py:4180} INFO - Setting next_dagrun for example_task_group_decorator to None, run_after=None
[2026-06-13T18:06:35.821+0000] {processor.py:208} INFO - Processing /home/airflow/.local/lib/python3.12/site-packages/airflow/example_dags/example_task_group_decorator.py took 0.082 seconds
[2026-06-13T18:07:06.052+0000] {processor.py:186} INFO - Started process (PID=9316) to work on /home/airflow/.local/lib/python3.12/site-packages/airflow/example_dags/example_task_group_decorator.py
[2026-06-13T18:07:06.053+0000] {processor.py:914} INFO - Processing file /home/airflow/.local/lib/python3.12/site-packages/airflow/example_dags/example_task_group_decorator.py for tasks to queue
[2026-06-13T18:07:06.056+0000] {logging_mixin.py:190} INFO - [2026-06-13T18:07:06.055+0000] {dagbag.py:588} INFO - Filling up the DagBag from /home/airflow/.local/lib/python3.12/site-packages/airflow/example_dags/example_task_group_decorator.py
[2026-06-13T18:07:06.070+0000] {processor.py:925} INFO - DAG(s) 'example_task_group_decorator' retrieved from /home/airflow/.local/lib/python3.12/site-packages/airflow/example_dags/example_task_group_decorator.py
[2026-06-13T18:07:06.097+0000] {logging_mixin.py:190} INFO - [2026-06-13T18:07:06.096+0000] {dag.py:3239} INFO - Sync 1 DAGs
[2026-06-13T18:07:06.112+0000] {logging_mixin.py:190} INFO - [2026-06-13T18:07:06.112+0000] {dag.py:4180} INFO - Setting next_dagrun for example_task_group_decorator to None, run_after=None
[2026-06-13T18:07:06.137+0000] {processor.py:208} INFO - Processing /home/airflow/.local/lib/python3.12/site-packages/airflow/example_dags/example_task_group_decorator.py took 0.092 seconds
[2026-06-13T18:07:36.571+0000] {processor.py:186} INFO - Started process (PID=9378) to work on /home/airflow/.local/lib/python3.12/site-packages/airflow/example_dags/example_task_group_decorator.py
[2026-06-13T18:07:36.572+0000] {processor.py:914} INFO - Processing file /home/airflow/.local/lib/python3.12/site-packages/airflow/example_dags/example_task_group_decorator.py for tasks to queue
[2026-06-13T18:07:36.576+0000] {logging_mixin.py:190} INFO - [2026-06-13T18:07:36.575+0000] {dagbag.py:588} INFO - Filling up the DagBag from /home/airflow/.local/lib/python3.12/site-packages/airflow/example_dags/example_task_group_decorator.py
[2026-06-13T18:07:36.588+0000] {processor.py:925} INFO - DAG(s) 'example_task_group_decorator' retrieved from /home/airflow/.local/lib/python3.12/site-packages/airflow/example_dags/example_task_group_decorator.py
[2026-06-13T18:07:36.610+0000] {logging_mixin.py:190} INFO - [2026-06-13T18:07:36.610+0000] {dag.py:3239} INFO - Sync 1 DAGs
[2026-06-13T18:07:36.624+0000] {logging_mixin.py:190} INFO - [2026-06-13T18:07:36.624+0000] {dag.py:4180} INFO - Setting next_dagrun for example_task_group_decorator to None, run_after=None
[2026-06-13T18:07:36.649+0000] {processor.py:208} INFO - Processing /home/airflow/.local/lib/python3.12/site-packages/airflow/example_dags/example_task_group_decorator.py took 0.084 seconds
[2026-06-13T18:08:07.090+0000] {processor.py:186} INFO - Started process (PID=9440) to work on /home/airflow/.local/lib/python3.12/site-packages/airflow/example_dags/example_task_group_decorator.py
[2026-06-13T18:08:07.092+0000] {processor.py:914} INFO - Processing file /home/airflow/.local/lib/python3.12/site-packages/airflow/example_dags/example_task_group_decorator.py for tasks to queue
[2026-06-13T18:08:07.094+0000] {logging_mixin.py:190} INFO - [2026-06-13T18:08:07.094+0000] {dagbag.py:588} INFO - Filling up the DagBag from /home/airflow/.local/lib/python3.12/site-packages/airflow/example_dags/example_task_group_decorator.py
[2026-06-13T18:08:07.106+0000] {processor.py:925} INFO - DAG(s) 'example_task_group_decorator' retrieved from /home/airflow/.local/lib/python3.12/site-packages/airflow/example_dags/example_task_group_decorator.py
[2026-06-13T18:08:07.128+0000] {logging_mixin.py:190} INFO - [2026-06-13T18:08:07.127+0000] {dag.py:3239} INFO - Sync 1 DAGs
[2026-06-13T18:08:07.140+0000] {logging_mixin.py:190} INFO - [2026-06-13T18:08:07.139+0000] {dag.py:4180} INFO - Setting next_dagrun for example_task_group_decorator to None, run_after=None
[2026-06-13T18:08:07.160+0000] {processor.py:208} INFO - Processing /home/airflow/.local/lib/python3.12/site-packages/airflow/example_dags/example_task_group_decorator.py took 0.074 seconds
