[2026-06-13T16:50:34.597+0000] {processor.py:186} INFO - Started process (PID=79) to work on /home/airflow/.local/lib/python3.12/site-packages/airflow/example_dags/example_skip_dag.py
[2026-06-13T16:50:34.599+0000] {processor.py:914} INFO - Processing file /home/airflow/.local/lib/python3.12/site-packages/airflow/example_dags/example_skip_dag.py for tasks to queue
[2026-06-13T16:50:34.604+0000] {logging_mixin.py:190} INFO - [2026-06-13T16:50:34.603+0000] {dagbag.py:588} INFO - Filling up the DagBag from /home/airflow/.local/lib/python3.12/site-packages/airflow/example_dags/example_skip_dag.py
[2026-06-13T16:50:34.618+0000] {processor.py:925} INFO - DAG(s) 'example_skip_dag' retrieved from /home/airflow/.local/lib/python3.12/site-packages/airflow/example_dags/example_skip_dag.py
[2026-06-13T16:50:35.026+0000] {logging_mixin.py:190} INFO - [2026-06-13T16:50:35.025+0000] {override.py:1900} INFO - Created Permission View: can edit on DAG:example_skip_dag
[2026-06-13T16:50:35.043+0000] {logging_mixin.py:190} INFO - [2026-06-13T16:50:35.043+0000] {override.py:1900} INFO - Created Permission View: can read on DAG:example_skip_dag
[2026-06-13T16:50:35.060+0000] {logging_mixin.py:190} INFO - [2026-06-13T16:50:35.060+0000] {override.py:1900} INFO - Created Permission View: can delete on DAG:example_skip_dag
[2026-06-13T16:50:35.080+0000] {logging_mixin.py:190} INFO - [2026-06-13T16:50:35.080+0000] {override.py:1900} INFO - Created Permission View: can read on DAG Run:example_skip_dag
[2026-06-13T16:50:35.094+0000] {logging_mixin.py:190} INFO - [2026-06-13T16:50:35.093+0000] {override.py:1900} INFO - Created Permission View: can create on DAG Run:example_skip_dag
[2026-06-13T16:50:35.109+0000] {logging_mixin.py:190} INFO - [2026-06-13T16:50:35.108+0000] {override.py:1900} INFO - Created Permission View: menu access on DAG Run:example_skip_dag
[2026-06-13T16:50:35.123+0000] {logging_mixin.py:190} INFO - [2026-06-13T16:50:35.122+0000] {override.py:1900} INFO - Created Permission View: can delete on DAG Run:example_skip_dag
[2026-06-13T16:50:35.124+0000] {logging_mixin.py:190} INFO - [2026-06-13T16:50:35.124+0000] {dag.py:3239} INFO - Sync 1 DAGs
[2026-06-13T16:50:35.151+0000] {logging_mixin.py:190} INFO - [2026-06-13T16:50:35.150+0000] {dag.py:3262} INFO - Creating ORM DAG for example_skip_dag
[2026-06-13T16:50:35.175+0000] {logging_mixin.py:190} INFO - [2026-06-13T16:50:35.174+0000] {dag.py:4180} INFO - Setting next_dagrun for example_skip_dag to 2026-06-12 00:00:00+00:00, run_after=2026-06-13 00:00:00+00:00
[2026-06-13T16:50:35.208+0000] {processor.py:208} INFO - Processing /home/airflow/.local/lib/python3.12/site-packages/airflow/example_dags/example_skip_dag.py took 0.621 seconds
[2026-06-13T16:51:05.378+0000] {processor.py:186} INFO - Started process (PID=141) to work on /home/airflow/.local/lib/python3.12/site-packages/airflow/example_dags/example_skip_dag.py
[2026-06-13T16:51:05.380+0000] {processor.py:914} INFO - Processing file /home/airflow/.local/lib/python3.12/site-packages/airflow/example_dags/example_skip_dag.py for tasks to queue
[2026-06-13T16:51:05.383+0000] {logging_mixin.py:190} INFO - [2026-06-13T16:51:05.383+0000] {dagbag.py:588} INFO - Filling up the DagBag from /home/airflow/.local/lib/python3.12/site-packages/airflow/example_dags/example_skip_dag.py
[2026-06-13T16:51:05.392+0000] {processor.py:925} INFO - DAG(s) 'example_skip_dag' retrieved from /home/airflow/.local/lib/python3.12/site-packages/airflow/example_dags/example_skip_dag.py
[2026-06-13T16:51:05.417+0000] {logging_mixin.py:190} INFO - [2026-06-13T16:51:05.417+0000] {dag.py:3239} INFO - Sync 1 DAGs
[2026-06-13T16:51:05.442+0000] {logging_mixin.py:190} INFO - [2026-06-13T16:51:05.442+0000] {dag.py:4180} INFO - Setting next_dagrun for example_skip_dag to 2026-06-12 00:00:00+00:00, run_after=2026-06-13 00:00:00+00:00
[2026-06-13T16:51:05.469+0000] {processor.py:208} INFO - Processing /home/airflow/.local/lib/python3.12/site-packages/airflow/example_dags/example_skip_dag.py took 0.098 seconds
[2026-06-13T16:51:35.629+0000] {processor.py:186} INFO - Started process (PID=203) to work on /home/airflow/.local/lib/python3.12/site-packages/airflow/example_dags/example_skip_dag.py
[2026-06-13T16:51:35.631+0000] {processor.py:914} INFO - Processing file /home/airflow/.local/lib/python3.12/site-packages/airflow/example_dags/example_skip_dag.py for tasks to queue
[2026-06-13T16:51:35.634+0000] {logging_mixin.py:190} INFO - [2026-06-13T16:51:35.634+0000] {dagbag.py:588} INFO - Filling up the DagBag from /home/airflow/.local/lib/python3.12/site-packages/airflow/example_dags/example_skip_dag.py
[2026-06-13T16:51:35.645+0000] {processor.py:925} INFO - DAG(s) 'example_skip_dag' retrieved from /home/airflow/.local/lib/python3.12/site-packages/airflow/example_dags/example_skip_dag.py
[2026-06-13T16:51:35.668+0000] {logging_mixin.py:190} INFO - [2026-06-13T16:51:35.668+0000] {dag.py:3239} INFO - Sync 1 DAGs
[2026-06-13T16:51:35.690+0000] {logging_mixin.py:190} INFO - [2026-06-13T16:51:35.689+0000] {dag.py:4180} INFO - Setting next_dagrun for example_skip_dag to 2026-06-12 00:00:00+00:00, run_after=2026-06-13 00:00:00+00:00
[2026-06-13T16:51:35.709+0000] {processor.py:208} INFO - Processing /home/airflow/.local/lib/python3.12/site-packages/airflow/example_dags/example_skip_dag.py took 0.085 seconds
[2026-06-13T16:52:06.205+0000] {processor.py:186} INFO - Started process (PID=265) to work on /home/airflow/.local/lib/python3.12/site-packages/airflow/example_dags/example_skip_dag.py
[2026-06-13T16:52:06.206+0000] {processor.py:914} INFO - Processing file /home/airflow/.local/lib/python3.12/site-packages/airflow/example_dags/example_skip_dag.py for tasks to queue
[2026-06-13T16:52:06.209+0000] {logging_mixin.py:190} INFO - [2026-06-13T16:52:06.209+0000] {dagbag.py:588} INFO - Filling up the DagBag from /home/airflow/.local/lib/python3.12/site-packages/airflow/example_dags/example_skip_dag.py
[2026-06-13T16:52:06.220+0000] {processor.py:925} INFO - DAG(s) 'example_skip_dag' retrieved from /home/airflow/.local/lib/python3.12/site-packages/airflow/example_dags/example_skip_dag.py
[2026-06-13T16:52:06.243+0000] {logging_mixin.py:190} INFO - [2026-06-13T16:52:06.243+0000] {dag.py:3239} INFO - Sync 1 DAGs
[2026-06-13T16:52:06.270+0000] {logging_mixin.py:190} INFO - [2026-06-13T16:52:06.270+0000] {dag.py:4180} INFO - Setting next_dagrun for example_skip_dag to 2026-06-12 00:00:00+00:00, run_after=2026-06-13 00:00:00+00:00
[2026-06-13T16:52:06.289+0000] {processor.py:208} INFO - Processing /home/airflow/.local/lib/python3.12/site-packages/airflow/example_dags/example_skip_dag.py took 0.093 seconds
[2026-06-13T16:53:30.018+0000] {processor.py:186} INFO - Started process (PID=320) to work on /home/airflow/.local/lib/python3.12/site-packages/airflow/example_dags/example_skip_dag.py
[2026-06-13T16:53:30.019+0000] {processor.py:914} INFO - Processing file /home/airflow/.local/lib/python3.12/site-packages/airflow/example_dags/example_skip_dag.py for tasks to queue
[2026-06-13T16:53:30.022+0000] {logging_mixin.py:190} INFO - [2026-06-13T16:53:30.022+0000] {dagbag.py:588} INFO - Filling up the DagBag from /home/airflow/.local/lib/python3.12/site-packages/airflow/example_dags/example_skip_dag.py
[2026-06-13T16:53:30.031+0000] {processor.py:925} INFO - DAG(s) 'example_skip_dag' retrieved from /home/airflow/.local/lib/python3.12/site-packages/airflow/example_dags/example_skip_dag.py
[2026-06-13T16:53:30.061+0000] {logging_mixin.py:190} INFO - [2026-06-13T16:53:30.061+0000] {dag.py:3239} INFO - Sync 1 DAGs
[2026-06-13T16:53:30.085+0000] {logging_mixin.py:190} INFO - [2026-06-13T16:53:30.085+0000] {dag.py:4180} INFO - Setting next_dagrun for example_skip_dag to 2026-06-12 00:00:00+00:00, run_after=2026-06-13 00:00:00+00:00
[2026-06-13T16:53:30.119+0000] {processor.py:208} INFO - Processing /home/airflow/.local/lib/python3.12/site-packages/airflow/example_dags/example_skip_dag.py took 0.108 seconds
[2026-06-13T16:54:00.180+0000] {processor.py:186} INFO - Started process (PID=382) to work on /home/airflow/.local/lib/python3.12/site-packages/airflow/example_dags/example_skip_dag.py
[2026-06-13T16:54:00.182+0000] {processor.py:914} INFO - Processing file /home/airflow/.local/lib/python3.12/site-packages/airflow/example_dags/example_skip_dag.py for tasks to queue
[2026-06-13T16:54:00.185+0000] {logging_mixin.py:190} INFO - [2026-06-13T16:54:00.185+0000] {dagbag.py:588} INFO - Filling up the DagBag from /home/airflow/.local/lib/python3.12/site-packages/airflow/example_dags/example_skip_dag.py
[2026-06-13T16:54:00.196+0000] {processor.py:925} INFO - DAG(s) 'example_skip_dag' retrieved from /home/airflow/.local/lib/python3.12/site-packages/airflow/example_dags/example_skip_dag.py
[2026-06-13T16:54:00.221+0000] {logging_mixin.py:190} INFO - [2026-06-13T16:54:00.221+0000] {dag.py:3239} INFO - Sync 1 DAGs
[2026-06-13T16:54:00.254+0000] {logging_mixin.py:190} INFO - [2026-06-13T16:54:00.254+0000] {dag.py:4180} INFO - Setting next_dagrun for example_skip_dag to 2026-06-12 00:00:00+00:00, run_after=2026-06-13 00:00:00+00:00
[2026-06-13T16:54:00.284+0000] {processor.py:208} INFO - Processing /home/airflow/.local/lib/python3.12/site-packages/airflow/example_dags/example_skip_dag.py took 0.112 seconds
[2026-06-13T16:54:30.336+0000] {processor.py:186} INFO - Started process (PID=443) to work on /home/airflow/.local/lib/python3.12/site-packages/airflow/example_dags/example_skip_dag.py
[2026-06-13T16:54:30.338+0000] {processor.py:914} INFO - Processing file /home/airflow/.local/lib/python3.12/site-packages/airflow/example_dags/example_skip_dag.py for tasks to queue
[2026-06-13T16:54:30.340+0000] {logging_mixin.py:190} INFO - [2026-06-13T16:54:30.340+0000] {dagbag.py:588} INFO - Filling up the DagBag from /home/airflow/.local/lib/python3.12/site-packages/airflow/example_dags/example_skip_dag.py
[2026-06-13T16:54:30.349+0000] {processor.py:925} INFO - DAG(s) 'example_skip_dag' retrieved from /home/airflow/.local/lib/python3.12/site-packages/airflow/example_dags/example_skip_dag.py
[2026-06-13T16:54:30.373+0000] {logging_mixin.py:190} INFO - [2026-06-13T16:54:30.372+0000] {dag.py:3239} INFO - Sync 1 DAGs
[2026-06-13T16:54:30.396+0000] {logging_mixin.py:190} INFO - [2026-06-13T16:54:30.395+0000] {dag.py:4180} INFO - Setting next_dagrun for example_skip_dag to 2026-06-12 00:00:00+00:00, run_after=2026-06-13 00:00:00+00:00
[2026-06-13T16:54:30.418+0000] {processor.py:208} INFO - Processing /home/airflow/.local/lib/python3.12/site-packages/airflow/example_dags/example_skip_dag.py took 0.087 seconds
[2026-06-13T16:55:00.961+0000] {processor.py:186} INFO - Started process (PID=506) to work on /home/airflow/.local/lib/python3.12/site-packages/airflow/example_dags/example_skip_dag.py
[2026-06-13T16:55:00.962+0000] {processor.py:914} INFO - Processing file /home/airflow/.local/lib/python3.12/site-packages/airflow/example_dags/example_skip_dag.py for tasks to queue
[2026-06-13T16:55:00.965+0000] {logging_mixin.py:190} INFO - [2026-06-13T16:55:00.965+0000] {dagbag.py:588} INFO - Filling up the DagBag from /home/airflow/.local/lib/python3.12/site-packages/airflow/example_dags/example_skip_dag.py
[2026-06-13T16:55:00.975+0000] {processor.py:925} INFO - DAG(s) 'example_skip_dag' retrieved from /home/airflow/.local/lib/python3.12/site-packages/airflow/example_dags/example_skip_dag.py
[2026-06-13T16:55:01.000+0000] {logging_mixin.py:190} INFO - [2026-06-13T16:55:01.000+0000] {dag.py:3239} INFO - Sync 1 DAGs
[2026-06-13T16:55:01.024+0000] {logging_mixin.py:190} INFO - [2026-06-13T16:55:01.024+0000] {dag.py:4180} INFO - Setting next_dagrun for example_skip_dag to 2026-06-12 00:00:00+00:00, run_after=2026-06-13 00:00:00+00:00
[2026-06-13T16:55:01.058+0000] {processor.py:208} INFO - Processing /home/airflow/.local/lib/python3.12/site-packages/airflow/example_dags/example_skip_dag.py took 0.104 seconds
[2026-06-13T16:55:31.382+0000] {processor.py:186} INFO - Started process (PID=569) to work on /home/airflow/.local/lib/python3.12/site-packages/airflow/example_dags/example_skip_dag.py
[2026-06-13T16:55:31.384+0000] {processor.py:914} INFO - Processing file /home/airflow/.local/lib/python3.12/site-packages/airflow/example_dags/example_skip_dag.py for tasks to queue
[2026-06-13T16:55:31.387+0000] {logging_mixin.py:190} INFO - [2026-06-13T16:55:31.386+0000] {dagbag.py:588} INFO - Filling up the DagBag from /home/airflow/.local/lib/python3.12/site-packages/airflow/example_dags/example_skip_dag.py
[2026-06-13T16:55:31.395+0000] {processor.py:925} INFO - DAG(s) 'example_skip_dag' retrieved from /home/airflow/.local/lib/python3.12/site-packages/airflow/example_dags/example_skip_dag.py
[2026-06-13T16:55:31.422+0000] {logging_mixin.py:190} INFO - [2026-06-13T16:55:31.422+0000] {dag.py:3239} INFO - Sync 1 DAGs
[2026-06-13T16:55:31.447+0000] {logging_mixin.py:190} INFO - [2026-06-13T16:55:31.447+0000] {dag.py:4180} INFO - Setting next_dagrun for example_skip_dag to 2026-06-12 00:00:00+00:00, run_after=2026-06-13 00:00:00+00:00
[2026-06-13T16:55:31.470+0000] {processor.py:208} INFO - Processing /home/airflow/.local/lib/python3.12/site-packages/airflow/example_dags/example_skip_dag.py took 0.094 seconds
[2026-06-13T16:56:01.729+0000] {processor.py:186} INFO - Started process (PID=631) to work on /home/airflow/.local/lib/python3.12/site-packages/airflow/example_dags/example_skip_dag.py
[2026-06-13T16:56:01.730+0000] {processor.py:914} INFO - Processing file /home/airflow/.local/lib/python3.12/site-packages/airflow/example_dags/example_skip_dag.py for tasks to queue
[2026-06-13T16:56:01.734+0000] {logging_mixin.py:190} INFO - [2026-06-13T16:56:01.733+0000] {dagbag.py:588} INFO - Filling up the DagBag from /home/airflow/.local/lib/python3.12/site-packages/airflow/example_dags/example_skip_dag.py
[2026-06-13T16:56:01.743+0000] {processor.py:925} INFO - DAG(s) 'example_skip_dag' retrieved from /home/airflow/.local/lib/python3.12/site-packages/airflow/example_dags/example_skip_dag.py
[2026-06-13T16:56:01.767+0000] {logging_mixin.py:190} INFO - [2026-06-13T16:56:01.766+0000] {dag.py:3239} INFO - Sync 1 DAGs
[2026-06-13T16:56:01.792+0000] {logging_mixin.py:190} INFO - [2026-06-13T16:56:01.792+0000] {dag.py:4180} INFO - Setting next_dagrun for example_skip_dag to 2026-06-12 00:00:00+00:00, run_after=2026-06-13 00:00:00+00:00
[2026-06-13T16:56:01.817+0000] {processor.py:208} INFO - Processing /home/airflow/.local/lib/python3.12/site-packages/airflow/example_dags/example_skip_dag.py took 0.095 seconds
[2026-06-13T16:56:32.057+0000] {processor.py:186} INFO - Started process (PID=693) to work on /home/airflow/.local/lib/python3.12/site-packages/airflow/example_dags/example_skip_dag.py
[2026-06-13T16:56:32.059+0000] {processor.py:914} INFO - Processing file /home/airflow/.local/lib/python3.12/site-packages/airflow/example_dags/example_skip_dag.py for tasks to queue
[2026-06-13T16:56:32.062+0000] {logging_mixin.py:190} INFO - [2026-06-13T16:56:32.062+0000] {dagbag.py:588} INFO - Filling up the DagBag from /home/airflow/.local/lib/python3.12/site-packages/airflow/example_dags/example_skip_dag.py
[2026-06-13T16:56:32.074+0000] {processor.py:925} INFO - DAG(s) 'example_skip_dag' retrieved from /home/airflow/.local/lib/python3.12/site-packages/airflow/example_dags/example_skip_dag.py
[2026-06-13T16:56:32.098+0000] {logging_mixin.py:190} INFO - [2026-06-13T16:56:32.098+0000] {dag.py:3239} INFO - Sync 1 DAGs
[2026-06-13T16:56:32.125+0000] {logging_mixin.py:190} INFO - [2026-06-13T16:56:32.125+0000] {dag.py:4180} INFO - Setting next_dagrun for example_skip_dag to 2026-06-12 00:00:00+00:00, run_after=2026-06-13 00:00:00+00:00
[2026-06-13T16:56:32.148+0000] {processor.py:208} INFO - Processing /home/airflow/.local/lib/python3.12/site-packages/airflow/example_dags/example_skip_dag.py took 0.099 seconds
[2026-06-13T16:57:02.359+0000] {processor.py:186} INFO - Started process (PID=755) to work on /home/airflow/.local/lib/python3.12/site-packages/airflow/example_dags/example_skip_dag.py
[2026-06-13T16:57:02.360+0000] {processor.py:914} INFO - Processing file /home/airflow/.local/lib/python3.12/site-packages/airflow/example_dags/example_skip_dag.py for tasks to queue
[2026-06-13T16:57:02.364+0000] {logging_mixin.py:190} INFO - [2026-06-13T16:57:02.363+0000] {dagbag.py:588} INFO - Filling up the DagBag from /home/airflow/.local/lib/python3.12/site-packages/airflow/example_dags/example_skip_dag.py
[2026-06-13T16:57:02.374+0000] {processor.py:925} INFO - DAG(s) 'example_skip_dag' retrieved from /home/airflow/.local/lib/python3.12/site-packages/airflow/example_dags/example_skip_dag.py
[2026-06-13T16:57:02.398+0000] {logging_mixin.py:190} INFO - [2026-06-13T16:57:02.398+0000] {dag.py:3239} INFO - Sync 1 DAGs
[2026-06-13T16:57:02.424+0000] {logging_mixin.py:190} INFO - [2026-06-13T16:57:02.424+0000] {dag.py:4180} INFO - Setting next_dagrun for example_skip_dag to 2026-06-12 00:00:00+00:00, run_after=2026-06-13 00:00:00+00:00
[2026-06-13T16:57:02.444+0000] {processor.py:208} INFO - Processing /home/airflow/.local/lib/python3.12/site-packages/airflow/example_dags/example_skip_dag.py took 0.092 seconds
[2026-06-13T16:57:32.860+0000] {processor.py:186} INFO - Started process (PID=817) to work on /home/airflow/.local/lib/python3.12/site-packages/airflow/example_dags/example_skip_dag.py
[2026-06-13T16:57:32.862+0000] {processor.py:914} INFO - Processing file /home/airflow/.local/lib/python3.12/site-packages/airflow/example_dags/example_skip_dag.py for tasks to queue
[2026-06-13T16:57:32.867+0000] {logging_mixin.py:190} INFO - [2026-06-13T16:57:32.866+0000] {dagbag.py:588} INFO - Filling up the DagBag from /home/airflow/.local/lib/python3.12/site-packages/airflow/example_dags/example_skip_dag.py
[2026-06-13T16:57:32.881+0000] {processor.py:925} INFO - DAG(s) 'example_skip_dag' retrieved from /home/airflow/.local/lib/python3.12/site-packages/airflow/example_dags/example_skip_dag.py
[2026-06-13T16:57:32.915+0000] {logging_mixin.py:190} INFO - [2026-06-13T16:57:32.915+0000] {dag.py:3239} INFO - Sync 1 DAGs
[2026-06-13T16:57:32.950+0000] {logging_mixin.py:190} INFO - [2026-06-13T16:57:32.949+0000] {dag.py:4180} INFO - Setting next_dagrun for example_skip_dag to 2026-06-12 00:00:00+00:00, run_after=2026-06-13 00:00:00+00:00
[2026-06-13T16:57:32.979+0000] {processor.py:208} INFO - Processing /home/airflow/.local/lib/python3.12/site-packages/airflow/example_dags/example_skip_dag.py took 0.130 seconds
[2026-06-13T16:58:03.796+0000] {processor.py:186} INFO - Started process (PID=879) to work on /home/airflow/.local/lib/python3.12/site-packages/airflow/example_dags/example_skip_dag.py
[2026-06-13T16:58:03.797+0000] {processor.py:914} INFO - Processing file /home/airflow/.local/lib/python3.12/site-packages/airflow/example_dags/example_skip_dag.py for tasks to queue
[2026-06-13T16:58:03.802+0000] {logging_mixin.py:190} INFO - [2026-06-13T16:58:03.801+0000] {dagbag.py:588} INFO - Filling up the DagBag from /home/airflow/.local/lib/python3.12/site-packages/airflow/example_dags/example_skip_dag.py
[2026-06-13T16:58:03.812+0000] {processor.py:925} INFO - DAG(s) 'example_skip_dag' retrieved from /home/airflow/.local/lib/python3.12/site-packages/airflow/example_dags/example_skip_dag.py
[2026-06-13T16:58:03.842+0000] {logging_mixin.py:190} INFO - [2026-06-13T16:58:03.842+0000] {dag.py:3239} INFO - Sync 1 DAGs
[2026-06-13T16:58:03.871+0000] {logging_mixin.py:190} INFO - [2026-06-13T16:58:03.871+0000] {dag.py:4180} INFO - Setting next_dagrun for example_skip_dag to 2026-06-12 00:00:00+00:00, run_after=2026-06-13 00:00:00+00:00
[2026-06-13T16:58:03.900+0000] {processor.py:208} INFO - Processing /home/airflow/.local/lib/python3.12/site-packages/airflow/example_dags/example_skip_dag.py took 0.113 seconds
[2026-06-13T16:58:34.078+0000] {processor.py:186} INFO - Started process (PID=941) to work on /home/airflow/.local/lib/python3.12/site-packages/airflow/example_dags/example_skip_dag.py
[2026-06-13T16:58:34.079+0000] {processor.py:914} INFO - Processing file /home/airflow/.local/lib/python3.12/site-packages/airflow/example_dags/example_skip_dag.py for tasks to queue
[2026-06-13T16:58:34.083+0000] {logging_mixin.py:190} INFO - [2026-06-13T16:58:34.082+0000] {dagbag.py:588} INFO - Filling up the DagBag from /home/airflow/.local/lib/python3.12/site-packages/airflow/example_dags/example_skip_dag.py
[2026-06-13T16:58:34.093+0000] {processor.py:925} INFO - DAG(s) 'example_skip_dag' retrieved from /home/airflow/.local/lib/python3.12/site-packages/airflow/example_dags/example_skip_dag.py
[2026-06-13T16:58:34.120+0000] {logging_mixin.py:190} INFO - [2026-06-13T16:58:34.120+0000] {dag.py:3239} INFO - Sync 1 DAGs
[2026-06-13T16:58:34.149+0000] {logging_mixin.py:190} INFO - [2026-06-13T16:58:34.148+0000] {dag.py:4180} INFO - Setting next_dagrun for example_skip_dag to 2026-06-12 00:00:00+00:00, run_after=2026-06-13 00:00:00+00:00
[2026-06-13T16:58:34.175+0000] {processor.py:208} INFO - Processing /home/airflow/.local/lib/python3.12/site-packages/airflow/example_dags/example_skip_dag.py took 0.105 seconds
[2026-06-13T16:59:04.465+0000] {processor.py:186} INFO - Started process (PID=1003) to work on /home/airflow/.local/lib/python3.12/site-packages/airflow/example_dags/example_skip_dag.py
[2026-06-13T16:59:04.468+0000] {processor.py:914} INFO - Processing file /home/airflow/.local/lib/python3.12/site-packages/airflow/example_dags/example_skip_dag.py for tasks to queue
[2026-06-13T16:59:04.472+0000] {logging_mixin.py:190} INFO - [2026-06-13T16:59:04.472+0000] {dagbag.py:588} INFO - Filling up the DagBag from /home/airflow/.local/lib/python3.12/site-packages/airflow/example_dags/example_skip_dag.py
[2026-06-13T16:59:04.483+0000] {processor.py:925} INFO - DAG(s) 'example_skip_dag' retrieved from /home/airflow/.local/lib/python3.12/site-packages/airflow/example_dags/example_skip_dag.py
[2026-06-13T16:59:04.515+0000] {logging_mixin.py:190} INFO - [2026-06-13T16:59:04.515+0000] {dag.py:3239} INFO - Sync 1 DAGs
[2026-06-13T16:59:04.549+0000] {logging_mixin.py:190} INFO - [2026-06-13T16:59:04.549+0000] {dag.py:4180} INFO - Setting next_dagrun for example_skip_dag to 2026-06-12 00:00:00+00:00, run_after=2026-06-13 00:00:00+00:00
[2026-06-13T16:59:04.577+0000] {processor.py:208} INFO - Processing /home/airflow/.local/lib/python3.12/site-packages/airflow/example_dags/example_skip_dag.py took 0.122 seconds
[2026-06-13T16:59:34.671+0000] {processor.py:186} INFO - Started process (PID=1065) to work on /home/airflow/.local/lib/python3.12/site-packages/airflow/example_dags/example_skip_dag.py
[2026-06-13T16:59:34.673+0000] {processor.py:914} INFO - Processing file /home/airflow/.local/lib/python3.12/site-packages/airflow/example_dags/example_skip_dag.py for tasks to queue
[2026-06-13T16:59:34.678+0000] {logging_mixin.py:190} INFO - [2026-06-13T16:59:34.677+0000] {dagbag.py:588} INFO - Filling up the DagBag from /home/airflow/.local/lib/python3.12/site-packages/airflow/example_dags/example_skip_dag.py
[2026-06-13T16:59:34.690+0000] {processor.py:925} INFO - DAG(s) 'example_skip_dag' retrieved from /home/airflow/.local/lib/python3.12/site-packages/airflow/example_dags/example_skip_dag.py
[2026-06-13T16:59:34.741+0000] {logging_mixin.py:190} INFO - [2026-06-13T16:59:34.741+0000] {dag.py:3239} INFO - Sync 1 DAGs
[2026-06-13T16:59:34.787+0000] {logging_mixin.py:190} INFO - [2026-06-13T16:59:34.786+0000] {dag.py:4180} INFO - Setting next_dagrun for example_skip_dag to 2026-06-12 00:00:00+00:00, run_after=2026-06-13 00:00:00+00:00
[2026-06-13T16:59:34.827+0000] {processor.py:208} INFO - Processing /home/airflow/.local/lib/python3.12/site-packages/airflow/example_dags/example_skip_dag.py took 0.164 seconds
[2026-06-13T17:00:05.552+0000] {processor.py:186} INFO - Started process (PID=1127) to work on /home/airflow/.local/lib/python3.12/site-packages/airflow/example_dags/example_skip_dag.py
[2026-06-13T17:00:05.554+0000] {processor.py:914} INFO - Processing file /home/airflow/.local/lib/python3.12/site-packages/airflow/example_dags/example_skip_dag.py for tasks to queue
[2026-06-13T17:00:05.558+0000] {logging_mixin.py:190} INFO - [2026-06-13T17:00:05.557+0000] {dagbag.py:588} INFO - Filling up the DagBag from /home/airflow/.local/lib/python3.12/site-packages/airflow/example_dags/example_skip_dag.py
[2026-06-13T17:00:05.569+0000] {processor.py:925} INFO - DAG(s) 'example_skip_dag' retrieved from /home/airflow/.local/lib/python3.12/site-packages/airflow/example_dags/example_skip_dag.py
[2026-06-13T17:00:05.599+0000] {logging_mixin.py:190} INFO - [2026-06-13T17:00:05.598+0000] {dag.py:3239} INFO - Sync 1 DAGs
[2026-06-13T17:00:05.627+0000] {logging_mixin.py:190} INFO - [2026-06-13T17:00:05.627+0000] {dag.py:4180} INFO - Setting next_dagrun for example_skip_dag to 2026-06-12 00:00:00+00:00, run_after=2026-06-13 00:00:00+00:00
[2026-06-13T17:00:05.654+0000] {processor.py:208} INFO - Processing /home/airflow/.local/lib/python3.12/site-packages/airflow/example_dags/example_skip_dag.py took 0.109 seconds
[2026-06-13T17:00:35.748+0000] {processor.py:186} INFO - Started process (PID=1189) to work on /home/airflow/.local/lib/python3.12/site-packages/airflow/example_dags/example_skip_dag.py
[2026-06-13T17:00:35.750+0000] {processor.py:914} INFO - Processing file /home/airflow/.local/lib/python3.12/site-packages/airflow/example_dags/example_skip_dag.py for tasks to queue
[2026-06-13T17:00:35.754+0000] {logging_mixin.py:190} INFO - [2026-06-13T17:00:35.754+0000] {dagbag.py:588} INFO - Filling up the DagBag from /home/airflow/.local/lib/python3.12/site-packages/airflow/example_dags/example_skip_dag.py
[2026-06-13T17:00:35.765+0000] {processor.py:925} INFO - DAG(s) 'example_skip_dag' retrieved from /home/airflow/.local/lib/python3.12/site-packages/airflow/example_dags/example_skip_dag.py
[2026-06-13T17:00:35.794+0000] {logging_mixin.py:190} INFO - [2026-06-13T17:00:35.794+0000] {dag.py:3239} INFO - Sync 1 DAGs
[2026-06-13T17:00:35.824+0000] {logging_mixin.py:190} INFO - [2026-06-13T17:00:35.824+0000] {dag.py:4180} INFO - Setting next_dagrun for example_skip_dag to 2026-06-12 00:00:00+00:00, run_after=2026-06-13 00:00:00+00:00
[2026-06-13T17:00:35.852+0000] {processor.py:208} INFO - Processing /home/airflow/.local/lib/python3.12/site-packages/airflow/example_dags/example_skip_dag.py took 0.112 seconds
[2026-06-13T17:01:06.326+0000] {processor.py:186} INFO - Started process (PID=1251) to work on /home/airflow/.local/lib/python3.12/site-packages/airflow/example_dags/example_skip_dag.py
[2026-06-13T17:01:06.327+0000] {processor.py:914} INFO - Processing file /home/airflow/.local/lib/python3.12/site-packages/airflow/example_dags/example_skip_dag.py for tasks to queue
[2026-06-13T17:01:06.332+0000] {logging_mixin.py:190} INFO - [2026-06-13T17:01:06.331+0000] {dagbag.py:588} INFO - Filling up the DagBag from /home/airflow/.local/lib/python3.12/site-packages/airflow/example_dags/example_skip_dag.py
[2026-06-13T17:01:06.345+0000] {processor.py:925} INFO - DAG(s) 'example_skip_dag' retrieved from /home/airflow/.local/lib/python3.12/site-packages/airflow/example_dags/example_skip_dag.py
[2026-06-13T17:01:06.374+0000] {logging_mixin.py:190} INFO - [2026-06-13T17:01:06.374+0000] {dag.py:3239} INFO - Sync 1 DAGs
[2026-06-13T17:01:06.404+0000] {logging_mixin.py:190} INFO - [2026-06-13T17:01:06.403+0000] {dag.py:4180} INFO - Setting next_dagrun for example_skip_dag to 2026-06-12 00:00:00+00:00, run_after=2026-06-13 00:00:00+00:00
[2026-06-13T17:01:06.429+0000] {processor.py:208} INFO - Processing /home/airflow/.local/lib/python3.12/site-packages/airflow/example_dags/example_skip_dag.py took 0.113 seconds
[2026-06-13T17:01:36.757+0000] {processor.py:186} INFO - Started process (PID=1313) to work on /home/airflow/.local/lib/python3.12/site-packages/airflow/example_dags/example_skip_dag.py
[2026-06-13T17:01:36.758+0000] {processor.py:914} INFO - Processing file /home/airflow/.local/lib/python3.12/site-packages/airflow/example_dags/example_skip_dag.py for tasks to queue
[2026-06-13T17:01:36.762+0000] {logging_mixin.py:190} INFO - [2026-06-13T17:01:36.761+0000] {dagbag.py:588} INFO - Filling up the DagBag from /home/airflow/.local/lib/python3.12/site-packages/airflow/example_dags/example_skip_dag.py
[2026-06-13T17:01:36.772+0000] {processor.py:925} INFO - DAG(s) 'example_skip_dag' retrieved from /home/airflow/.local/lib/python3.12/site-packages/airflow/example_dags/example_skip_dag.py
[2026-06-13T17:01:36.801+0000] {logging_mixin.py:190} INFO - [2026-06-13T17:01:36.800+0000] {dag.py:3239} INFO - Sync 1 DAGs
[2026-06-13T17:01:36.830+0000] {logging_mixin.py:190} INFO - [2026-06-13T17:01:36.829+0000] {dag.py:4180} INFO - Setting next_dagrun for example_skip_dag to 2026-06-12 00:00:00+00:00, run_after=2026-06-13 00:00:00+00:00
[2026-06-13T17:01:36.853+0000] {processor.py:208} INFO - Processing /home/airflow/.local/lib/python3.12/site-packages/airflow/example_dags/example_skip_dag.py took 0.104 seconds
[2026-06-13T17:02:06.975+0000] {processor.py:186} INFO - Started process (PID=1375) to work on /home/airflow/.local/lib/python3.12/site-packages/airflow/example_dags/example_skip_dag.py
[2026-06-13T17:02:06.977+0000] {processor.py:914} INFO - Processing file /home/airflow/.local/lib/python3.12/site-packages/airflow/example_dags/example_skip_dag.py for tasks to queue
[2026-06-13T17:02:06.981+0000] {logging_mixin.py:190} INFO - [2026-06-13T17:02:06.981+0000] {dagbag.py:588} INFO - Filling up the DagBag from /home/airflow/.local/lib/python3.12/site-packages/airflow/example_dags/example_skip_dag.py
[2026-06-13T17:02:06.992+0000] {processor.py:925} INFO - DAG(s) 'example_skip_dag' retrieved from /home/airflow/.local/lib/python3.12/site-packages/airflow/example_dags/example_skip_dag.py
[2026-06-13T17:02:07.019+0000] {logging_mixin.py:190} INFO - [2026-06-13T17:02:07.018+0000] {dag.py:3239} INFO - Sync 1 DAGs
[2026-06-13T17:02:07.049+0000] {logging_mixin.py:190} INFO - [2026-06-13T17:02:07.049+0000] {dag.py:4180} INFO - Setting next_dagrun for example_skip_dag to 2026-06-12 00:00:00+00:00, run_after=2026-06-13 00:00:00+00:00
[2026-06-13T17:02:07.093+0000] {processor.py:208} INFO - Processing /home/airflow/.local/lib/python3.12/site-packages/airflow/example_dags/example_skip_dag.py took 0.128 seconds
[2026-06-13T17:02:37.603+0000] {processor.py:186} INFO - Started process (PID=1437) to work on /home/airflow/.local/lib/python3.12/site-packages/airflow/example_dags/example_skip_dag.py
[2026-06-13T17:02:37.606+0000] {processor.py:914} INFO - Processing file /home/airflow/.local/lib/python3.12/site-packages/airflow/example_dags/example_skip_dag.py for tasks to queue
[2026-06-13T17:02:37.610+0000] {logging_mixin.py:190} INFO - [2026-06-13T17:02:37.610+0000] {dagbag.py:588} INFO - Filling up the DagBag from /home/airflow/.local/lib/python3.12/site-packages/airflow/example_dags/example_skip_dag.py
[2026-06-13T17:02:37.628+0000] {processor.py:925} INFO - DAG(s) 'example_skip_dag' retrieved from /home/airflow/.local/lib/python3.12/site-packages/airflow/example_dags/example_skip_dag.py
[2026-06-13T17:02:37.671+0000] {logging_mixin.py:190} INFO - [2026-06-13T17:02:37.671+0000] {dag.py:3239} INFO - Sync 1 DAGs
[2026-06-13T17:02:37.714+0000] {logging_mixin.py:190} INFO - [2026-06-13T17:02:37.714+0000] {dag.py:4180} INFO - Setting next_dagrun for example_skip_dag to 2026-06-12 00:00:00+00:00, run_after=2026-06-13 00:00:00+00:00
[2026-06-13T17:02:37.752+0000] {processor.py:208} INFO - Processing /home/airflow/.local/lib/python3.12/site-packages/airflow/example_dags/example_skip_dag.py took 0.160 seconds
[2026-06-13T17:03:07.859+0000] {processor.py:186} INFO - Started process (PID=1499) to work on /home/airflow/.local/lib/python3.12/site-packages/airflow/example_dags/example_skip_dag.py
[2026-06-13T17:03:07.861+0000] {processor.py:914} INFO - Processing file /home/airflow/.local/lib/python3.12/site-packages/airflow/example_dags/example_skip_dag.py for tasks to queue
[2026-06-13T17:03:07.865+0000] {logging_mixin.py:190} INFO - [2026-06-13T17:03:07.864+0000] {dagbag.py:588} INFO - Filling up the DagBag from /home/airflow/.local/lib/python3.12/site-packages/airflow/example_dags/example_skip_dag.py
[2026-06-13T17:03:07.878+0000] {processor.py:925} INFO - DAG(s) 'example_skip_dag' retrieved from /home/airflow/.local/lib/python3.12/site-packages/airflow/example_dags/example_skip_dag.py
[2026-06-13T17:03:07.913+0000] {logging_mixin.py:190} INFO - [2026-06-13T17:03:07.913+0000] {dag.py:3239} INFO - Sync 1 DAGs
[2026-06-13T17:03:07.953+0000] {logging_mixin.py:190} INFO - [2026-06-13T17:03:07.952+0000] {dag.py:4180} INFO - Setting next_dagrun for example_skip_dag to 2026-06-12 00:00:00+00:00, run_after=2026-06-13 00:00:00+00:00
[2026-06-13T17:03:07.983+0000] {processor.py:208} INFO - Processing /home/airflow/.local/lib/python3.12/site-packages/airflow/example_dags/example_skip_dag.py took 0.133 seconds
[2026-06-13T17:03:38.487+0000] {processor.py:186} INFO - Started process (PID=1561) to work on /home/airflow/.local/lib/python3.12/site-packages/airflow/example_dags/example_skip_dag.py
[2026-06-13T17:03:38.489+0000] {processor.py:914} INFO - Processing file /home/airflow/.local/lib/python3.12/site-packages/airflow/example_dags/example_skip_dag.py for tasks to queue
[2026-06-13T17:03:38.493+0000] {logging_mixin.py:190} INFO - [2026-06-13T17:03:38.492+0000] {dagbag.py:588} INFO - Filling up the DagBag from /home/airflow/.local/lib/python3.12/site-packages/airflow/example_dags/example_skip_dag.py
[2026-06-13T17:03:38.504+0000] {processor.py:925} INFO - DAG(s) 'example_skip_dag' retrieved from /home/airflow/.local/lib/python3.12/site-packages/airflow/example_dags/example_skip_dag.py
[2026-06-13T17:03:38.538+0000] {logging_mixin.py:190} INFO - [2026-06-13T17:03:38.538+0000] {dag.py:3239} INFO - Sync 1 DAGs
[2026-06-13T17:03:38.569+0000] {logging_mixin.py:190} INFO - [2026-06-13T17:03:38.569+0000] {dag.py:4180} INFO - Setting next_dagrun for example_skip_dag to 2026-06-12 00:00:00+00:00, run_after=2026-06-13 00:00:00+00:00
[2026-06-13T17:03:38.598+0000] {processor.py:208} INFO - Processing /home/airflow/.local/lib/python3.12/site-packages/airflow/example_dags/example_skip_dag.py took 0.120 seconds
[2026-06-13T17:04:09.444+0000] {processor.py:186} INFO - Started process (PID=1623) to work on /home/airflow/.local/lib/python3.12/site-packages/airflow/example_dags/example_skip_dag.py
[2026-06-13T17:04:09.446+0000] {processor.py:914} INFO - Processing file /home/airflow/.local/lib/python3.12/site-packages/airflow/example_dags/example_skip_dag.py for tasks to queue
[2026-06-13T17:04:09.452+0000] {logging_mixin.py:190} INFO - [2026-06-13T17:04:09.451+0000] {dagbag.py:588} INFO - Filling up the DagBag from /home/airflow/.local/lib/python3.12/site-packages/airflow/example_dags/example_skip_dag.py
[2026-06-13T17:04:09.462+0000] {processor.py:925} INFO - DAG(s) 'example_skip_dag' retrieved from /home/airflow/.local/lib/python3.12/site-packages/airflow/example_dags/example_skip_dag.py
[2026-06-13T17:04:09.495+0000] {logging_mixin.py:190} INFO - [2026-06-13T17:04:09.494+0000] {dag.py:3239} INFO - Sync 1 DAGs
[2026-06-13T17:04:09.533+0000] {logging_mixin.py:190} INFO - [2026-06-13T17:04:09.533+0000] {dag.py:4180} INFO - Setting next_dagrun for example_skip_dag to 2026-06-12 00:00:00+00:00, run_after=2026-06-13 00:00:00+00:00
[2026-06-13T17:04:09.565+0000] {processor.py:208} INFO - Processing /home/airflow/.local/lib/python3.12/site-packages/airflow/example_dags/example_skip_dag.py took 0.134 seconds
[2026-06-13T17:04:39.781+0000] {processor.py:186} INFO - Started process (PID=1685) to work on /home/airflow/.local/lib/python3.12/site-packages/airflow/example_dags/example_skip_dag.py
[2026-06-13T17:04:39.784+0000] {processor.py:914} INFO - Processing file /home/airflow/.local/lib/python3.12/site-packages/airflow/example_dags/example_skip_dag.py for tasks to queue
[2026-06-13T17:04:39.790+0000] {logging_mixin.py:190} INFO - [2026-06-13T17:04:39.788+0000] {dagbag.py:588} INFO - Filling up the DagBag from /home/airflow/.local/lib/python3.12/site-packages/airflow/example_dags/example_skip_dag.py
[2026-06-13T17:04:39.805+0000] {processor.py:925} INFO - DAG(s) 'example_skip_dag' retrieved from /home/airflow/.local/lib/python3.12/site-packages/airflow/example_dags/example_skip_dag.py
[2026-06-13T17:04:39.838+0000] {logging_mixin.py:190} INFO - [2026-06-13T17:04:39.838+0000] {dag.py:3239} INFO - Sync 1 DAGs
[2026-06-13T17:04:39.873+0000] {logging_mixin.py:190} INFO - [2026-06-13T17:04:39.873+0000] {dag.py:4180} INFO - Setting next_dagrun for example_skip_dag to 2026-06-12 00:00:00+00:00, run_after=2026-06-13 00:00:00+00:00
[2026-06-13T17:04:39.902+0000] {processor.py:208} INFO - Processing /home/airflow/.local/lib/python3.12/site-packages/airflow/example_dags/example_skip_dag.py took 0.136 seconds
[2026-06-13T17:05:10.101+0000] {processor.py:186} INFO - Started process (PID=1747) to work on /home/airflow/.local/lib/python3.12/site-packages/airflow/example_dags/example_skip_dag.py
[2026-06-13T17:05:10.103+0000] {processor.py:914} INFO - Processing file /home/airflow/.local/lib/python3.12/site-packages/airflow/example_dags/example_skip_dag.py for tasks to queue
[2026-06-13T17:05:10.107+0000] {logging_mixin.py:190} INFO - [2026-06-13T17:05:10.106+0000] {dagbag.py:588} INFO - Filling up the DagBag from /home/airflow/.local/lib/python3.12/site-packages/airflow/example_dags/example_skip_dag.py
[2026-06-13T17:05:10.117+0000] {processor.py:925} INFO - DAG(s) 'example_skip_dag' retrieved from /home/airflow/.local/lib/python3.12/site-packages/airflow/example_dags/example_skip_dag.py
[2026-06-13T17:05:10.147+0000] {logging_mixin.py:190} INFO - [2026-06-13T17:05:10.146+0000] {dag.py:3239} INFO - Sync 1 DAGs
[2026-06-13T17:05:10.180+0000] {logging_mixin.py:190} INFO - [2026-06-13T17:05:10.180+0000] {dag.py:4180} INFO - Setting next_dagrun for example_skip_dag to 2026-06-12 00:00:00+00:00, run_after=2026-06-13 00:00:00+00:00
[2026-06-13T17:05:10.233+0000] {processor.py:208} INFO - Processing /home/airflow/.local/lib/python3.12/site-packages/airflow/example_dags/example_skip_dag.py took 0.142 seconds
[2026-06-13T17:05:40.390+0000] {processor.py:186} INFO - Started process (PID=1809) to work on /home/airflow/.local/lib/python3.12/site-packages/airflow/example_dags/example_skip_dag.py
[2026-06-13T17:05:40.392+0000] {processor.py:914} INFO - Processing file /home/airflow/.local/lib/python3.12/site-packages/airflow/example_dags/example_skip_dag.py for tasks to queue
[2026-06-13T17:05:40.396+0000] {logging_mixin.py:190} INFO - [2026-06-13T17:05:40.395+0000] {dagbag.py:588} INFO - Filling up the DagBag from /home/airflow/.local/lib/python3.12/site-packages/airflow/example_dags/example_skip_dag.py
[2026-06-13T17:05:40.406+0000] {processor.py:925} INFO - DAG(s) 'example_skip_dag' retrieved from /home/airflow/.local/lib/python3.12/site-packages/airflow/example_dags/example_skip_dag.py
[2026-06-13T17:05:40.433+0000] {logging_mixin.py:190} INFO - [2026-06-13T17:05:40.433+0000] {dag.py:3239} INFO - Sync 1 DAGs
[2026-06-13T17:05:40.463+0000] {logging_mixin.py:190} INFO - [2026-06-13T17:05:40.463+0000] {dag.py:4180} INFO - Setting next_dagrun for example_skip_dag to 2026-06-12 00:00:00+00:00, run_after=2026-06-13 00:00:00+00:00
[2026-06-13T17:05:40.499+0000] {processor.py:208} INFO - Processing /home/airflow/.local/lib/python3.12/site-packages/airflow/example_dags/example_skip_dag.py took 0.117 seconds
[2026-06-13T17:06:10.844+0000] {processor.py:186} INFO - Started process (PID=1871) to work on /home/airflow/.local/lib/python3.12/site-packages/airflow/example_dags/example_skip_dag.py
[2026-06-13T17:06:10.846+0000] {processor.py:914} INFO - Processing file /home/airflow/.local/lib/python3.12/site-packages/airflow/example_dags/example_skip_dag.py for tasks to queue
[2026-06-13T17:06:10.850+0000] {logging_mixin.py:190} INFO - [2026-06-13T17:06:10.849+0000] {dagbag.py:588} INFO - Filling up the DagBag from /home/airflow/.local/lib/python3.12/site-packages/airflow/example_dags/example_skip_dag.py
[2026-06-13T17:06:10.861+0000] {processor.py:925} INFO - DAG(s) 'example_skip_dag' retrieved from /home/airflow/.local/lib/python3.12/site-packages/airflow/example_dags/example_skip_dag.py
[2026-06-13T17:06:10.889+0000] {logging_mixin.py:190} INFO - [2026-06-13T17:06:10.889+0000] {dag.py:3239} INFO - Sync 1 DAGs
[2026-06-13T17:06:10.919+0000] {logging_mixin.py:190} INFO - [2026-06-13T17:06:10.918+0000] {dag.py:4180} INFO - Setting next_dagrun for example_skip_dag to 2026-06-12 00:00:00+00:00, run_after=2026-06-13 00:00:00+00:00
[2026-06-13T17:06:10.961+0000] {processor.py:208} INFO - Processing /home/airflow/.local/lib/python3.12/site-packages/airflow/example_dags/example_skip_dag.py took 0.125 seconds
[2026-06-13T17:06:41.229+0000] {processor.py:186} INFO - Started process (PID=1934) to work on /home/airflow/.local/lib/python3.12/site-packages/airflow/example_dags/example_skip_dag.py
[2026-06-13T17:06:41.231+0000] {processor.py:914} INFO - Processing file /home/airflow/.local/lib/python3.12/site-packages/airflow/example_dags/example_skip_dag.py for tasks to queue
[2026-06-13T17:06:41.235+0000] {logging_mixin.py:190} INFO - [2026-06-13T17:06:41.235+0000] {dagbag.py:588} INFO - Filling up the DagBag from /home/airflow/.local/lib/python3.12/site-packages/airflow/example_dags/example_skip_dag.py
[2026-06-13T17:06:41.248+0000] {processor.py:925} INFO - DAG(s) 'example_skip_dag' retrieved from /home/airflow/.local/lib/python3.12/site-packages/airflow/example_dags/example_skip_dag.py
[2026-06-13T17:06:41.282+0000] {logging_mixin.py:190} INFO - [2026-06-13T17:06:41.282+0000] {dag.py:3239} INFO - Sync 1 DAGs
[2026-06-13T17:06:41.313+0000] {logging_mixin.py:190} INFO - [2026-06-13T17:06:41.313+0000] {dag.py:4180} INFO - Setting next_dagrun for example_skip_dag to 2026-06-12 00:00:00+00:00, run_after=2026-06-13 00:00:00+00:00
[2026-06-13T17:06:41.353+0000] {processor.py:208} INFO - Processing /home/airflow/.local/lib/python3.12/site-packages/airflow/example_dags/example_skip_dag.py took 0.132 seconds
[2026-06-13T17:07:11.397+0000] {processor.py:186} INFO - Started process (PID=1996) to work on /home/airflow/.local/lib/python3.12/site-packages/airflow/example_dags/example_skip_dag.py
[2026-06-13T17:07:11.399+0000] {processor.py:914} INFO - Processing file /home/airflow/.local/lib/python3.12/site-packages/airflow/example_dags/example_skip_dag.py for tasks to queue
[2026-06-13T17:07:11.402+0000] {logging_mixin.py:190} INFO - [2026-06-13T17:07:11.401+0000] {dagbag.py:588} INFO - Filling up the DagBag from /home/airflow/.local/lib/python3.12/site-packages/airflow/example_dags/example_skip_dag.py
[2026-06-13T17:07:11.410+0000] {processor.py:925} INFO - DAG(s) 'example_skip_dag' retrieved from /home/airflow/.local/lib/python3.12/site-packages/airflow/example_dags/example_skip_dag.py
[2026-06-13T17:07:11.429+0000] {logging_mixin.py:190} INFO - [2026-06-13T17:07:11.428+0000] {dag.py:3239} INFO - Sync 1 DAGs
[2026-06-13T17:07:11.446+0000] {logging_mixin.py:190} INFO - [2026-06-13T17:07:11.446+0000] {dag.py:4180} INFO - Setting next_dagrun for example_skip_dag to 2026-06-12 00:00:00+00:00, run_after=2026-06-13 00:00:00+00:00
[2026-06-13T17:07:11.463+0000] {processor.py:208} INFO - Processing /home/airflow/.local/lib/python3.12/site-packages/airflow/example_dags/example_skip_dag.py took 0.071 seconds
[2026-06-13T17:07:42.222+0000] {processor.py:186} INFO - Started process (PID=2058) to work on /home/airflow/.local/lib/python3.12/site-packages/airflow/example_dags/example_skip_dag.py
[2026-06-13T17:07:42.223+0000] {processor.py:914} INFO - Processing file /home/airflow/.local/lib/python3.12/site-packages/airflow/example_dags/example_skip_dag.py for tasks to queue
[2026-06-13T17:07:42.227+0000] {logging_mixin.py:190} INFO - [2026-06-13T17:07:42.227+0000] {dagbag.py:588} INFO - Filling up the DagBag from /home/airflow/.local/lib/python3.12/site-packages/airflow/example_dags/example_skip_dag.py
[2026-06-13T17:07:42.239+0000] {processor.py:925} INFO - DAG(s) 'example_skip_dag' retrieved from /home/airflow/.local/lib/python3.12/site-packages/airflow/example_dags/example_skip_dag.py
[2026-06-13T17:07:42.268+0000] {logging_mixin.py:190} INFO - [2026-06-13T17:07:42.268+0000] {dag.py:3239} INFO - Sync 1 DAGs
[2026-06-13T17:07:42.296+0000] {logging_mixin.py:190} INFO - [2026-06-13T17:07:42.295+0000] {dag.py:4180} INFO - Setting next_dagrun for example_skip_dag to 2026-06-12 00:00:00+00:00, run_after=2026-06-13 00:00:00+00:00
[2026-06-13T17:07:42.332+0000] {processor.py:208} INFO - Processing /home/airflow/.local/lib/python3.12/site-packages/airflow/example_dags/example_skip_dag.py took 0.118 seconds
[2026-06-13T17:08:12.665+0000] {processor.py:186} INFO - Started process (PID=2120) to work on /home/airflow/.local/lib/python3.12/site-packages/airflow/example_dags/example_skip_dag.py
[2026-06-13T17:08:12.666+0000] {processor.py:914} INFO - Processing file /home/airflow/.local/lib/python3.12/site-packages/airflow/example_dags/example_skip_dag.py for tasks to queue
[2026-06-13T17:08:12.668+0000] {logging_mixin.py:190} INFO - [2026-06-13T17:08:12.668+0000] {dagbag.py:588} INFO - Filling up the DagBag from /home/airflow/.local/lib/python3.12/site-packages/airflow/example_dags/example_skip_dag.py
[2026-06-13T17:08:12.675+0000] {processor.py:925} INFO - DAG(s) 'example_skip_dag' retrieved from /home/airflow/.local/lib/python3.12/site-packages/airflow/example_dags/example_skip_dag.py
[2026-06-13T17:08:12.692+0000] {logging_mixin.py:190} INFO - [2026-06-13T17:08:12.692+0000] {dag.py:3239} INFO - Sync 1 DAGs
[2026-06-13T17:08:12.710+0000] {logging_mixin.py:190} INFO - [2026-06-13T17:08:12.710+0000] {dag.py:4180} INFO - Setting next_dagrun for example_skip_dag to 2026-06-12 00:00:00+00:00, run_after=2026-06-13 00:00:00+00:00
[2026-06-13T17:08:12.729+0000] {processor.py:208} INFO - Processing /home/airflow/.local/lib/python3.12/site-packages/airflow/example_dags/example_skip_dag.py took 0.069 seconds
[2026-06-13T17:08:43.034+0000] {processor.py:186} INFO - Started process (PID=2182) to work on /home/airflow/.local/lib/python3.12/site-packages/airflow/example_dags/example_skip_dag.py
[2026-06-13T17:08:43.035+0000] {processor.py:914} INFO - Processing file /home/airflow/.local/lib/python3.12/site-packages/airflow/example_dags/example_skip_dag.py for tasks to queue
[2026-06-13T17:08:43.038+0000] {logging_mixin.py:190} INFO - [2026-06-13T17:08:43.038+0000] {dagbag.py:588} INFO - Filling up the DagBag from /home/airflow/.local/lib/python3.12/site-packages/airflow/example_dags/example_skip_dag.py
[2026-06-13T17:08:43.045+0000] {processor.py:925} INFO - DAG(s) 'example_skip_dag' retrieved from /home/airflow/.local/lib/python3.12/site-packages/airflow/example_dags/example_skip_dag.py
[2026-06-13T17:08:43.065+0000] {logging_mixin.py:190} INFO - [2026-06-13T17:08:43.065+0000] {dag.py:3239} INFO - Sync 1 DAGs
[2026-06-13T17:08:43.082+0000] {logging_mixin.py:190} INFO - [2026-06-13T17:08:43.082+0000] {dag.py:4180} INFO - Setting next_dagrun for example_skip_dag to 2026-06-12 00:00:00+00:00, run_after=2026-06-13 00:00:00+00:00
[2026-06-13T17:08:43.097+0000] {processor.py:208} INFO - Processing /home/airflow/.local/lib/python3.12/site-packages/airflow/example_dags/example_skip_dag.py took 0.067 seconds
[2026-06-13T17:09:13.631+0000] {processor.py:186} INFO - Started process (PID=2244) to work on /home/airflow/.local/lib/python3.12/site-packages/airflow/example_dags/example_skip_dag.py
[2026-06-13T17:09:13.633+0000] {processor.py:914} INFO - Processing file /home/airflow/.local/lib/python3.12/site-packages/airflow/example_dags/example_skip_dag.py for tasks to queue
[2026-06-13T17:09:13.636+0000] {logging_mixin.py:190} INFO - [2026-06-13T17:09:13.635+0000] {dagbag.py:588} INFO - Filling up the DagBag from /home/airflow/.local/lib/python3.12/site-packages/airflow/example_dags/example_skip_dag.py
[2026-06-13T17:09:13.642+0000] {processor.py:925} INFO - DAG(s) 'example_skip_dag' retrieved from /home/airflow/.local/lib/python3.12/site-packages/airflow/example_dags/example_skip_dag.py
[2026-06-13T17:09:13.659+0000] {logging_mixin.py:190} INFO - [2026-06-13T17:09:13.659+0000] {dag.py:3239} INFO - Sync 1 DAGs
[2026-06-13T17:09:13.675+0000] {logging_mixin.py:190} INFO - [2026-06-13T17:09:13.675+0000] {dag.py:4180} INFO - Setting next_dagrun for example_skip_dag to 2026-06-12 00:00:00+00:00, run_after=2026-06-13 00:00:00+00:00
[2026-06-13T17:09:13.689+0000] {processor.py:208} INFO - Processing /home/airflow/.local/lib/python3.12/site-packages/airflow/example_dags/example_skip_dag.py took 0.062 seconds
[2026-06-13T17:09:44.372+0000] {processor.py:186} INFO - Started process (PID=2306) to work on /home/airflow/.local/lib/python3.12/site-packages/airflow/example_dags/example_skip_dag.py
[2026-06-13T17:09:44.373+0000] {processor.py:914} INFO - Processing file /home/airflow/.local/lib/python3.12/site-packages/airflow/example_dags/example_skip_dag.py for tasks to queue
[2026-06-13T17:09:44.375+0000] {logging_mixin.py:190} INFO - [2026-06-13T17:09:44.375+0000] {dagbag.py:588} INFO - Filling up the DagBag from /home/airflow/.local/lib/python3.12/site-packages/airflow/example_dags/example_skip_dag.py
[2026-06-13T17:09:44.382+0000] {processor.py:925} INFO - DAG(s) 'example_skip_dag' retrieved from /home/airflow/.local/lib/python3.12/site-packages/airflow/example_dags/example_skip_dag.py
[2026-06-13T17:09:44.400+0000] {logging_mixin.py:190} INFO - [2026-06-13T17:09:44.400+0000] {dag.py:3239} INFO - Sync 1 DAGs
[2026-06-13T17:09:44.420+0000] {logging_mixin.py:190} INFO - [2026-06-13T17:09:44.420+0000] {dag.py:4180} INFO - Setting next_dagrun for example_skip_dag to 2026-06-12 00:00:00+00:00, run_after=2026-06-13 00:00:00+00:00
[2026-06-13T17:09:44.447+0000] {processor.py:208} INFO - Processing /home/airflow/.local/lib/python3.12/site-packages/airflow/example_dags/example_skip_dag.py took 0.080 seconds
[2026-06-13T17:10:14.681+0000] {processor.py:186} INFO - Started process (PID=2368) to work on /home/airflow/.local/lib/python3.12/site-packages/airflow/example_dags/example_skip_dag.py
[2026-06-13T17:10:14.683+0000] {processor.py:914} INFO - Processing file /home/airflow/.local/lib/python3.12/site-packages/airflow/example_dags/example_skip_dag.py for tasks to queue
[2026-06-13T17:10:14.685+0000] {logging_mixin.py:190} INFO - [2026-06-13T17:10:14.685+0000] {dagbag.py:588} INFO - Filling up the DagBag from /home/airflow/.local/lib/python3.12/site-packages/airflow/example_dags/example_skip_dag.py
[2026-06-13T17:10:14.692+0000] {processor.py:925} INFO - DAG(s) 'example_skip_dag' retrieved from /home/airflow/.local/lib/python3.12/site-packages/airflow/example_dags/example_skip_dag.py
[2026-06-13T17:10:14.710+0000] {logging_mixin.py:190} INFO - [2026-06-13T17:10:14.710+0000] {dag.py:3239} INFO - Sync 1 DAGs
[2026-06-13T17:10:14.728+0000] {logging_mixin.py:190} INFO - [2026-06-13T17:10:14.728+0000] {dag.py:4180} INFO - Setting next_dagrun for example_skip_dag to 2026-06-12 00:00:00+00:00, run_after=2026-06-13 00:00:00+00:00
[2026-06-13T17:10:14.743+0000] {processor.py:208} INFO - Processing /home/airflow/.local/lib/python3.12/site-packages/airflow/example_dags/example_skip_dag.py took 0.067 seconds
[2026-06-13T17:10:44.833+0000] {processor.py:186} INFO - Started process (PID=2430) to work on /home/airflow/.local/lib/python3.12/site-packages/airflow/example_dags/example_skip_dag.py
[2026-06-13T17:10:44.834+0000] {processor.py:914} INFO - Processing file /home/airflow/.local/lib/python3.12/site-packages/airflow/example_dags/example_skip_dag.py for tasks to queue
[2026-06-13T17:10:44.836+0000] {logging_mixin.py:190} INFO - [2026-06-13T17:10:44.836+0000] {dagbag.py:588} INFO - Filling up the DagBag from /home/airflow/.local/lib/python3.12/site-packages/airflow/example_dags/example_skip_dag.py
[2026-06-13T17:10:44.843+0000] {processor.py:925} INFO - DAG(s) 'example_skip_dag' retrieved from /home/airflow/.local/lib/python3.12/site-packages/airflow/example_dags/example_skip_dag.py
[2026-06-13T17:10:44.860+0000] {logging_mixin.py:190} INFO - [2026-06-13T17:10:44.859+0000] {dag.py:3239} INFO - Sync 1 DAGs
[2026-06-13T17:10:44.876+0000] {logging_mixin.py:190} INFO - [2026-06-13T17:10:44.876+0000] {dag.py:4180} INFO - Setting next_dagrun for example_skip_dag to 2026-06-12 00:00:00+00:00, run_after=2026-06-13 00:00:00+00:00
[2026-06-13T17:10:44.893+0000] {processor.py:208} INFO - Processing /home/airflow/.local/lib/python3.12/site-packages/airflow/example_dags/example_skip_dag.py took 0.065 seconds
[2026-06-13T17:11:15.122+0000] {processor.py:186} INFO - Started process (PID=2492) to work on /home/airflow/.local/lib/python3.12/site-packages/airflow/example_dags/example_skip_dag.py
[2026-06-13T17:11:15.124+0000] {processor.py:914} INFO - Processing file /home/airflow/.local/lib/python3.12/site-packages/airflow/example_dags/example_skip_dag.py for tasks to queue
[2026-06-13T17:11:15.127+0000] {logging_mixin.py:190} INFO - [2026-06-13T17:11:15.126+0000] {dagbag.py:588} INFO - Filling up the DagBag from /home/airflow/.local/lib/python3.12/site-packages/airflow/example_dags/example_skip_dag.py
[2026-06-13T17:11:15.133+0000] {processor.py:925} INFO - DAG(s) 'example_skip_dag' retrieved from /home/airflow/.local/lib/python3.12/site-packages/airflow/example_dags/example_skip_dag.py
[2026-06-13T17:11:15.154+0000] {logging_mixin.py:190} INFO - [2026-06-13T17:11:15.153+0000] {dag.py:3239} INFO - Sync 1 DAGs
[2026-06-13T17:11:15.176+0000] {logging_mixin.py:190} INFO - [2026-06-13T17:11:15.175+0000] {dag.py:4180} INFO - Setting next_dagrun for example_skip_dag to 2026-06-12 00:00:00+00:00, run_after=2026-06-13 00:00:00+00:00
[2026-06-13T17:11:15.198+0000] {processor.py:208} INFO - Processing /home/airflow/.local/lib/python3.12/site-packages/airflow/example_dags/example_skip_dag.py took 0.080 seconds
[2026-06-13T17:11:45.844+0000] {processor.py:186} INFO - Started process (PID=2554) to work on /home/airflow/.local/lib/python3.12/site-packages/airflow/example_dags/example_skip_dag.py
[2026-06-13T17:11:45.846+0000] {processor.py:914} INFO - Processing file /home/airflow/.local/lib/python3.12/site-packages/airflow/example_dags/example_skip_dag.py for tasks to queue
[2026-06-13T17:11:45.848+0000] {logging_mixin.py:190} INFO - [2026-06-13T17:11:45.848+0000] {dagbag.py:588} INFO - Filling up the DagBag from /home/airflow/.local/lib/python3.12/site-packages/airflow/example_dags/example_skip_dag.py
[2026-06-13T17:11:45.854+0000] {processor.py:925} INFO - DAG(s) 'example_skip_dag' retrieved from /home/airflow/.local/lib/python3.12/site-packages/airflow/example_dags/example_skip_dag.py
[2026-06-13T17:11:45.871+0000] {logging_mixin.py:190} INFO - [2026-06-13T17:11:45.871+0000] {dag.py:3239} INFO - Sync 1 DAGs
[2026-06-13T17:11:45.888+0000] {logging_mixin.py:190} INFO - [2026-06-13T17:11:45.888+0000] {dag.py:4180} INFO - Setting next_dagrun for example_skip_dag to 2026-06-12 00:00:00+00:00, run_after=2026-06-13 00:00:00+00:00
[2026-06-13T17:11:45.906+0000] {processor.py:208} INFO - Processing /home/airflow/.local/lib/python3.12/site-packages/airflow/example_dags/example_skip_dag.py took 0.067 seconds
[2026-06-13T17:12:16.597+0000] {processor.py:186} INFO - Started process (PID=2616) to work on /home/airflow/.local/lib/python3.12/site-packages/airflow/example_dags/example_skip_dag.py
[2026-06-13T17:12:16.598+0000] {processor.py:914} INFO - Processing file /home/airflow/.local/lib/python3.12/site-packages/airflow/example_dags/example_skip_dag.py for tasks to queue
[2026-06-13T17:12:16.600+0000] {logging_mixin.py:190} INFO - [2026-06-13T17:12:16.600+0000] {dagbag.py:588} INFO - Filling up the DagBag from /home/airflow/.local/lib/python3.12/site-packages/airflow/example_dags/example_skip_dag.py
[2026-06-13T17:12:16.607+0000] {processor.py:925} INFO - DAG(s) 'example_skip_dag' retrieved from /home/airflow/.local/lib/python3.12/site-packages/airflow/example_dags/example_skip_dag.py
[2026-06-13T17:12:16.626+0000] {logging_mixin.py:190} INFO - [2026-06-13T17:12:16.625+0000] {dag.py:3239} INFO - Sync 1 DAGs
[2026-06-13T17:12:16.773+0000] {logging_mixin.py:190} INFO - [2026-06-13T17:12:16.773+0000] {dag.py:4180} INFO - Setting next_dagrun for example_skip_dag to 2026-06-12 00:00:00+00:00, run_after=2026-06-13 00:00:00+00:00
[2026-06-13T17:12:16.785+0000] {processor.py:208} INFO - Processing /home/airflow/.local/lib/python3.12/site-packages/airflow/example_dags/example_skip_dag.py took 0.193 seconds
[2026-06-13T17:12:47.589+0000] {processor.py:186} INFO - Started process (PID=2678) to work on /home/airflow/.local/lib/python3.12/site-packages/airflow/example_dags/example_skip_dag.py
[2026-06-13T17:12:47.591+0000] {processor.py:914} INFO - Processing file /home/airflow/.local/lib/python3.12/site-packages/airflow/example_dags/example_skip_dag.py for tasks to queue
[2026-06-13T17:12:47.593+0000] {logging_mixin.py:190} INFO - [2026-06-13T17:12:47.593+0000] {dagbag.py:588} INFO - Filling up the DagBag from /home/airflow/.local/lib/python3.12/site-packages/airflow/example_dags/example_skip_dag.py
[2026-06-13T17:12:47.599+0000] {processor.py:925} INFO - DAG(s) 'example_skip_dag' retrieved from /home/airflow/.local/lib/python3.12/site-packages/airflow/example_dags/example_skip_dag.py
[2026-06-13T17:12:47.616+0000] {logging_mixin.py:190} INFO - [2026-06-13T17:12:47.616+0000] {dag.py:3239} INFO - Sync 1 DAGs
[2026-06-13T17:12:47.759+0000] {logging_mixin.py:190} INFO - [2026-06-13T17:12:47.758+0000] {dag.py:4180} INFO - Setting next_dagrun for example_skip_dag to 2026-06-12 00:00:00+00:00, run_after=2026-06-13 00:00:00+00:00
[2026-06-13T17:12:47.774+0000] {processor.py:208} INFO - Processing /home/airflow/.local/lib/python3.12/site-packages/airflow/example_dags/example_skip_dag.py took 0.190 seconds
[2026-06-13T17:13:17.950+0000] {processor.py:186} INFO - Started process (PID=2740) to work on /home/airflow/.local/lib/python3.12/site-packages/airflow/example_dags/example_skip_dag.py
[2026-06-13T17:13:17.951+0000] {processor.py:914} INFO - Processing file /home/airflow/.local/lib/python3.12/site-packages/airflow/example_dags/example_skip_dag.py for tasks to queue
[2026-06-13T17:13:17.954+0000] {logging_mixin.py:190} INFO - [2026-06-13T17:13:17.953+0000] {dagbag.py:588} INFO - Filling up the DagBag from /home/airflow/.local/lib/python3.12/site-packages/airflow/example_dags/example_skip_dag.py
[2026-06-13T17:13:17.961+0000] {processor.py:925} INFO - DAG(s) 'example_skip_dag' retrieved from /home/airflow/.local/lib/python3.12/site-packages/airflow/example_dags/example_skip_dag.py
[2026-06-13T17:13:17.978+0000] {logging_mixin.py:190} INFO - [2026-06-13T17:13:17.977+0000] {dag.py:3239} INFO - Sync 1 DAGs
[2026-06-13T17:13:17.995+0000] {logging_mixin.py:190} INFO - [2026-06-13T17:13:17.995+0000] {dag.py:4180} INFO - Setting next_dagrun for example_skip_dag to 2026-06-12 00:00:00+00:00, run_after=2026-06-13 00:00:00+00:00
[2026-06-13T17:13:18.012+0000] {processor.py:208} INFO - Processing /home/airflow/.local/lib/python3.12/site-packages/airflow/example_dags/example_skip_dag.py took 0.068 seconds
[2026-06-13T17:13:49.260+0000] {processor.py:186} INFO - Started process (PID=2802) to work on /home/airflow/.local/lib/python3.12/site-packages/airflow/example_dags/example_skip_dag.py
[2026-06-13T17:13:49.261+0000] {processor.py:914} INFO - Processing file /home/airflow/.local/lib/python3.12/site-packages/airflow/example_dags/example_skip_dag.py for tasks to queue
[2026-06-13T17:13:49.263+0000] {logging_mixin.py:190} INFO - [2026-06-13T17:13:49.263+0000] {dagbag.py:588} INFO - Filling up the DagBag from /home/airflow/.local/lib/python3.12/site-packages/airflow/example_dags/example_skip_dag.py
[2026-06-13T17:13:49.270+0000] {processor.py:925} INFO - DAG(s) 'example_skip_dag' retrieved from /home/airflow/.local/lib/python3.12/site-packages/airflow/example_dags/example_skip_dag.py
[2026-06-13T17:13:49.287+0000] {logging_mixin.py:190} INFO - [2026-06-13T17:13:49.287+0000] {dag.py:3239} INFO - Sync 1 DAGs
[2026-06-13T17:13:49.305+0000] {logging_mixin.py:190} INFO - [2026-06-13T17:13:49.305+0000] {dag.py:4180} INFO - Setting next_dagrun for example_skip_dag to 2026-06-12 00:00:00+00:00, run_after=2026-06-13 00:00:00+00:00
[2026-06-13T17:13:49.320+0000] {processor.py:208} INFO - Processing /home/airflow/.local/lib/python3.12/site-packages/airflow/example_dags/example_skip_dag.py took 0.065 seconds
[2026-06-13T17:14:19.801+0000] {processor.py:186} INFO - Started process (PID=2863) to work on /home/airflow/.local/lib/python3.12/site-packages/airflow/example_dags/example_skip_dag.py
[2026-06-13T17:14:19.802+0000] {processor.py:914} INFO - Processing file /home/airflow/.local/lib/python3.12/site-packages/airflow/example_dags/example_skip_dag.py for tasks to queue
[2026-06-13T17:14:19.805+0000] {logging_mixin.py:190} INFO - [2026-06-13T17:14:19.804+0000] {dagbag.py:588} INFO - Filling up the DagBag from /home/airflow/.local/lib/python3.12/site-packages/airflow/example_dags/example_skip_dag.py
[2026-06-13T17:14:19.812+0000] {processor.py:925} INFO - DAG(s) 'example_skip_dag' retrieved from /home/airflow/.local/lib/python3.12/site-packages/airflow/example_dags/example_skip_dag.py
[2026-06-13T17:14:19.835+0000] {logging_mixin.py:190} INFO - [2026-06-13T17:14:19.834+0000] {dag.py:3239} INFO - Sync 1 DAGs
[2026-06-13T17:14:19.853+0000] {logging_mixin.py:190} INFO - [2026-06-13T17:14:19.853+0000] {dag.py:4180} INFO - Setting next_dagrun for example_skip_dag to 2026-06-12 00:00:00+00:00, run_after=2026-06-13 00:00:00+00:00
[2026-06-13T17:14:19.873+0000] {processor.py:208} INFO - Processing /home/airflow/.local/lib/python3.12/site-packages/airflow/example_dags/example_skip_dag.py took 0.076 seconds
[2026-06-13T17:14:50.345+0000] {processor.py:186} INFO - Started process (PID=2925) to work on /home/airflow/.local/lib/python3.12/site-packages/airflow/example_dags/example_skip_dag.py
[2026-06-13T17:14:50.346+0000] {processor.py:914} INFO - Processing file /home/airflow/.local/lib/python3.12/site-packages/airflow/example_dags/example_skip_dag.py for tasks to queue
[2026-06-13T17:14:50.348+0000] {logging_mixin.py:190} INFO - [2026-06-13T17:14:50.348+0000] {dagbag.py:588} INFO - Filling up the DagBag from /home/airflow/.local/lib/python3.12/site-packages/airflow/example_dags/example_skip_dag.py
[2026-06-13T17:14:50.355+0000] {processor.py:925} INFO - DAG(s) 'example_skip_dag' retrieved from /home/airflow/.local/lib/python3.12/site-packages/airflow/example_dags/example_skip_dag.py
[2026-06-13T17:14:50.372+0000] {logging_mixin.py:190} INFO - [2026-06-13T17:14:50.372+0000] {dag.py:3239} INFO - Sync 1 DAGs
[2026-06-13T17:14:50.389+0000] {logging_mixin.py:190} INFO - [2026-06-13T17:14:50.389+0000] {dag.py:4180} INFO - Setting next_dagrun for example_skip_dag to 2026-06-12 00:00:00+00:00, run_after=2026-06-13 00:00:00+00:00
[2026-06-13T17:14:50.407+0000] {processor.py:208} INFO - Processing /home/airflow/.local/lib/python3.12/site-packages/airflow/example_dags/example_skip_dag.py took 0.067 seconds
[2026-06-13T17:15:20.713+0000] {processor.py:186} INFO - Started process (PID=2987) to work on /home/airflow/.local/lib/python3.12/site-packages/airflow/example_dags/example_skip_dag.py
[2026-06-13T17:15:20.715+0000] {processor.py:914} INFO - Processing file /home/airflow/.local/lib/python3.12/site-packages/airflow/example_dags/example_skip_dag.py for tasks to queue
[2026-06-13T17:15:20.717+0000] {logging_mixin.py:190} INFO - [2026-06-13T17:15:20.717+0000] {dagbag.py:588} INFO - Filling up the DagBag from /home/airflow/.local/lib/python3.12/site-packages/airflow/example_dags/example_skip_dag.py
[2026-06-13T17:15:20.724+0000] {processor.py:925} INFO - DAG(s) 'example_skip_dag' retrieved from /home/airflow/.local/lib/python3.12/site-packages/airflow/example_dags/example_skip_dag.py
[2026-06-13T17:15:20.742+0000] {logging_mixin.py:190} INFO - [2026-06-13T17:15:20.742+0000] {dag.py:3239} INFO - Sync 1 DAGs
[2026-06-13T17:15:20.760+0000] {logging_mixin.py:190} INFO - [2026-06-13T17:15:20.760+0000] {dag.py:4180} INFO - Setting next_dagrun for example_skip_dag to 2026-06-12 00:00:00+00:00, run_after=2026-06-13 00:00:00+00:00
[2026-06-13T17:15:20.775+0000] {processor.py:208} INFO - Processing /home/airflow/.local/lib/python3.12/site-packages/airflow/example_dags/example_skip_dag.py took 0.067 seconds
[2026-06-13T17:15:51.243+0000] {processor.py:186} INFO - Started process (PID=3049) to work on /home/airflow/.local/lib/python3.12/site-packages/airflow/example_dags/example_skip_dag.py
[2026-06-13T17:15:51.245+0000] {processor.py:914} INFO - Processing file /home/airflow/.local/lib/python3.12/site-packages/airflow/example_dags/example_skip_dag.py for tasks to queue
[2026-06-13T17:15:51.247+0000] {logging_mixin.py:190} INFO - [2026-06-13T17:15:51.247+0000] {dagbag.py:588} INFO - Filling up the DagBag from /home/airflow/.local/lib/python3.12/site-packages/airflow/example_dags/example_skip_dag.py
[2026-06-13T17:15:51.254+0000] {processor.py:925} INFO - DAG(s) 'example_skip_dag' retrieved from /home/airflow/.local/lib/python3.12/site-packages/airflow/example_dags/example_skip_dag.py
[2026-06-13T17:15:51.272+0000] {logging_mixin.py:190} INFO - [2026-06-13T17:15:51.272+0000] {dag.py:3239} INFO - Sync 1 DAGs
[2026-06-13T17:15:51.296+0000] {logging_mixin.py:190} INFO - [2026-06-13T17:15:51.296+0000] {dag.py:4180} INFO - Setting next_dagrun for example_skip_dag to 2026-06-12 00:00:00+00:00, run_after=2026-06-13 00:00:00+00:00
[2026-06-13T17:15:51.315+0000] {processor.py:208} INFO - Processing /home/airflow/.local/lib/python3.12/site-packages/airflow/example_dags/example_skip_dag.py took 0.078 seconds
[2026-06-13T17:16:21.743+0000] {processor.py:186} INFO - Started process (PID=3111) to work on /home/airflow/.local/lib/python3.12/site-packages/airflow/example_dags/example_skip_dag.py
[2026-06-13T17:16:21.744+0000] {processor.py:914} INFO - Processing file /home/airflow/.local/lib/python3.12/site-packages/airflow/example_dags/example_skip_dag.py for tasks to queue
[2026-06-13T17:16:21.747+0000] {logging_mixin.py:190} INFO - [2026-06-13T17:16:21.747+0000] {dagbag.py:588} INFO - Filling up the DagBag from /home/airflow/.local/lib/python3.12/site-packages/airflow/example_dags/example_skip_dag.py
[2026-06-13T17:16:21.753+0000] {processor.py:925} INFO - DAG(s) 'example_skip_dag' retrieved from /home/airflow/.local/lib/python3.12/site-packages/airflow/example_dags/example_skip_dag.py
[2026-06-13T17:16:21.770+0000] {logging_mixin.py:190} INFO - [2026-06-13T17:16:21.770+0000] {dag.py:3239} INFO - Sync 1 DAGs
[2026-06-13T17:16:21.789+0000] {logging_mixin.py:190} INFO - [2026-06-13T17:16:21.789+0000] {dag.py:4180} INFO - Setting next_dagrun for example_skip_dag to 2026-06-12 00:00:00+00:00, run_after=2026-06-13 00:00:00+00:00
[2026-06-13T17:16:21.804+0000] {processor.py:208} INFO - Processing /home/airflow/.local/lib/python3.12/site-packages/airflow/example_dags/example_skip_dag.py took 0.065 seconds
[2026-06-13T17:16:52.156+0000] {processor.py:186} INFO - Started process (PID=3173) to work on /home/airflow/.local/lib/python3.12/site-packages/airflow/example_dags/example_skip_dag.py
[2026-06-13T17:16:52.157+0000] {processor.py:914} INFO - Processing file /home/airflow/.local/lib/python3.12/site-packages/airflow/example_dags/example_skip_dag.py for tasks to queue
[2026-06-13T17:16:52.160+0000] {logging_mixin.py:190} INFO - [2026-06-13T17:16:52.159+0000] {dagbag.py:588} INFO - Filling up the DagBag from /home/airflow/.local/lib/python3.12/site-packages/airflow/example_dags/example_skip_dag.py
[2026-06-13T17:16:52.167+0000] {processor.py:925} INFO - DAG(s) 'example_skip_dag' retrieved from /home/airflow/.local/lib/python3.12/site-packages/airflow/example_dags/example_skip_dag.py
[2026-06-13T17:16:52.183+0000] {logging_mixin.py:190} INFO - [2026-06-13T17:16:52.183+0000] {dag.py:3239} INFO - Sync 1 DAGs
[2026-06-13T17:16:52.200+0000] {logging_mixin.py:190} INFO - [2026-06-13T17:16:52.200+0000] {dag.py:4180} INFO - Setting next_dagrun for example_skip_dag to 2026-06-12 00:00:00+00:00, run_after=2026-06-13 00:00:00+00:00
[2026-06-13T17:16:52.216+0000] {processor.py:208} INFO - Processing /home/airflow/.local/lib/python3.12/site-packages/airflow/example_dags/example_skip_dag.py took 0.065 seconds
[2026-06-13T17:17:22.562+0000] {processor.py:186} INFO - Started process (PID=3235) to work on /home/airflow/.local/lib/python3.12/site-packages/airflow/example_dags/example_skip_dag.py
[2026-06-13T17:17:22.563+0000] {processor.py:914} INFO - Processing file /home/airflow/.local/lib/python3.12/site-packages/airflow/example_dags/example_skip_dag.py for tasks to queue
[2026-06-13T17:17:22.565+0000] {logging_mixin.py:190} INFO - [2026-06-13T17:17:22.565+0000] {dagbag.py:588} INFO - Filling up the DagBag from /home/airflow/.local/lib/python3.12/site-packages/airflow/example_dags/example_skip_dag.py
[2026-06-13T17:17:22.573+0000] {processor.py:925} INFO - DAG(s) 'example_skip_dag' retrieved from /home/airflow/.local/lib/python3.12/site-packages/airflow/example_dags/example_skip_dag.py
[2026-06-13T17:17:22.590+0000] {logging_mixin.py:190} INFO - [2026-06-13T17:17:22.590+0000] {dag.py:3239} INFO - Sync 1 DAGs
[2026-06-13T17:17:22.608+0000] {logging_mixin.py:190} INFO - [2026-06-13T17:17:22.608+0000] {dag.py:4180} INFO - Setting next_dagrun for example_skip_dag to 2026-06-12 00:00:00+00:00, run_after=2026-06-13 00:00:00+00:00
[2026-06-13T17:17:22.622+0000] {processor.py:208} INFO - Processing /home/airflow/.local/lib/python3.12/site-packages/airflow/example_dags/example_skip_dag.py took 0.065 seconds
[2026-06-13T17:17:52.902+0000] {processor.py:186} INFO - Started process (PID=3297) to work on /home/airflow/.local/lib/python3.12/site-packages/airflow/example_dags/example_skip_dag.py
[2026-06-13T17:17:52.903+0000] {processor.py:914} INFO - Processing file /home/airflow/.local/lib/python3.12/site-packages/airflow/example_dags/example_skip_dag.py for tasks to queue
[2026-06-13T17:17:52.906+0000] {logging_mixin.py:190} INFO - [2026-06-13T17:17:52.906+0000] {dagbag.py:588} INFO - Filling up the DagBag from /home/airflow/.local/lib/python3.12/site-packages/airflow/example_dags/example_skip_dag.py
[2026-06-13T17:17:52.913+0000] {processor.py:925} INFO - DAG(s) 'example_skip_dag' retrieved from /home/airflow/.local/lib/python3.12/site-packages/airflow/example_dags/example_skip_dag.py
[2026-06-13T17:17:52.930+0000] {logging_mixin.py:190} INFO - [2026-06-13T17:17:52.930+0000] {dag.py:3239} INFO - Sync 1 DAGs
[2026-06-13T17:17:52.949+0000] {logging_mixin.py:190} INFO - [2026-06-13T17:17:52.949+0000] {dag.py:4180} INFO - Setting next_dagrun for example_skip_dag to 2026-06-12 00:00:00+00:00, run_after=2026-06-13 00:00:00+00:00
[2026-06-13T17:17:52.963+0000] {processor.py:208} INFO - Processing /home/airflow/.local/lib/python3.12/site-packages/airflow/example_dags/example_skip_dag.py took 0.066 seconds
[2026-06-13T17:18:23.470+0000] {processor.py:186} INFO - Started process (PID=3359) to work on /home/airflow/.local/lib/python3.12/site-packages/airflow/example_dags/example_skip_dag.py
[2026-06-13T17:18:23.471+0000] {processor.py:914} INFO - Processing file /home/airflow/.local/lib/python3.12/site-packages/airflow/example_dags/example_skip_dag.py for tasks to queue
[2026-06-13T17:18:23.474+0000] {logging_mixin.py:190} INFO - [2026-06-13T17:18:23.474+0000] {dagbag.py:588} INFO - Filling up the DagBag from /home/airflow/.local/lib/python3.12/site-packages/airflow/example_dags/example_skip_dag.py
[2026-06-13T17:18:23.481+0000] {processor.py:925} INFO - DAG(s) 'example_skip_dag' retrieved from /home/airflow/.local/lib/python3.12/site-packages/airflow/example_dags/example_skip_dag.py
[2026-06-13T17:18:23.497+0000] {logging_mixin.py:190} INFO - [2026-06-13T17:18:23.497+0000] {dag.py:3239} INFO - Sync 1 DAGs
[2026-06-13T17:18:23.514+0000] {logging_mixin.py:190} INFO - [2026-06-13T17:18:23.514+0000] {dag.py:4180} INFO - Setting next_dagrun for example_skip_dag to 2026-06-12 00:00:00+00:00, run_after=2026-06-13 00:00:00+00:00
[2026-06-13T17:18:23.532+0000] {processor.py:208} INFO - Processing /home/airflow/.local/lib/python3.12/site-packages/airflow/example_dags/example_skip_dag.py took 0.066 seconds
[2026-06-13T17:18:54.024+0000] {processor.py:186} INFO - Started process (PID=3421) to work on /home/airflow/.local/lib/python3.12/site-packages/airflow/example_dags/example_skip_dag.py
[2026-06-13T17:18:54.025+0000] {processor.py:914} INFO - Processing file /home/airflow/.local/lib/python3.12/site-packages/airflow/example_dags/example_skip_dag.py for tasks to queue
[2026-06-13T17:18:54.028+0000] {logging_mixin.py:190} INFO - [2026-06-13T17:18:54.027+0000] {dagbag.py:588} INFO - Filling up the DagBag from /home/airflow/.local/lib/python3.12/site-packages/airflow/example_dags/example_skip_dag.py
[2026-06-13T17:18:54.035+0000] {processor.py:925} INFO - DAG(s) 'example_skip_dag' retrieved from /home/airflow/.local/lib/python3.12/site-packages/airflow/example_dags/example_skip_dag.py
[2026-06-13T17:18:54.054+0000] {logging_mixin.py:190} INFO - [2026-06-13T17:18:54.054+0000] {dag.py:3239} INFO - Sync 1 DAGs
[2026-06-13T17:18:54.073+0000] {logging_mixin.py:190} INFO - [2026-06-13T17:18:54.073+0000] {dag.py:4180} INFO - Setting next_dagrun for example_skip_dag to 2026-06-12 00:00:00+00:00, run_after=2026-06-13 00:00:00+00:00
[2026-06-13T17:18:54.088+0000] {processor.py:208} INFO - Processing /home/airflow/.local/lib/python3.12/site-packages/airflow/example_dags/example_skip_dag.py took 0.069 seconds
[2026-06-13T17:19:24.543+0000] {processor.py:186} INFO - Started process (PID=3483) to work on /home/airflow/.local/lib/python3.12/site-packages/airflow/example_dags/example_skip_dag.py
[2026-06-13T17:19:24.544+0000] {processor.py:914} INFO - Processing file /home/airflow/.local/lib/python3.12/site-packages/airflow/example_dags/example_skip_dag.py for tasks to queue
[2026-06-13T17:19:24.549+0000] {logging_mixin.py:190} INFO - [2026-06-13T17:19:24.548+0000] {dagbag.py:588} INFO - Filling up the DagBag from /home/airflow/.local/lib/python3.12/site-packages/airflow/example_dags/example_skip_dag.py
[2026-06-13T17:19:24.564+0000] {processor.py:925} INFO - DAG(s) 'example_skip_dag' retrieved from /home/airflow/.local/lib/python3.12/site-packages/airflow/example_dags/example_skip_dag.py
[2026-06-13T17:19:24.594+0000] {logging_mixin.py:190} INFO - [2026-06-13T17:19:24.594+0000] {dag.py:3239} INFO - Sync 1 DAGs
[2026-06-13T17:19:24.628+0000] {logging_mixin.py:190} INFO - [2026-06-13T17:19:24.627+0000] {dag.py:4180} INFO - Setting next_dagrun for example_skip_dag to 2026-06-12 00:00:00+00:00, run_after=2026-06-13 00:00:00+00:00
[2026-06-13T17:19:24.658+0000] {processor.py:208} INFO - Processing /home/airflow/.local/lib/python3.12/site-packages/airflow/example_dags/example_skip_dag.py took 0.123 seconds
[2026-06-13T17:19:55.417+0000] {processor.py:186} INFO - Started process (PID=3545) to work on /home/airflow/.local/lib/python3.12/site-packages/airflow/example_dags/example_skip_dag.py
[2026-06-13T17:19:55.418+0000] {processor.py:914} INFO - Processing file /home/airflow/.local/lib/python3.12/site-packages/airflow/example_dags/example_skip_dag.py for tasks to queue
[2026-06-13T17:19:55.421+0000] {logging_mixin.py:190} INFO - [2026-06-13T17:19:55.420+0000] {dagbag.py:588} INFO - Filling up the DagBag from /home/airflow/.local/lib/python3.12/site-packages/airflow/example_dags/example_skip_dag.py
[2026-06-13T17:19:55.429+0000] {processor.py:925} INFO - DAG(s) 'example_skip_dag' retrieved from /home/airflow/.local/lib/python3.12/site-packages/airflow/example_dags/example_skip_dag.py
[2026-06-13T17:19:55.448+0000] {logging_mixin.py:190} INFO - [2026-06-13T17:19:55.448+0000] {dag.py:3239} INFO - Sync 1 DAGs
[2026-06-13T17:19:55.467+0000] {logging_mixin.py:190} INFO - [2026-06-13T17:19:55.467+0000] {dag.py:4180} INFO - Setting next_dagrun for example_skip_dag to 2026-06-12 00:00:00+00:00, run_after=2026-06-13 00:00:00+00:00
[2026-06-13T17:19:55.484+0000] {processor.py:208} INFO - Processing /home/airflow/.local/lib/python3.12/site-packages/airflow/example_dags/example_skip_dag.py took 0.072 seconds
[2026-06-13T17:20:26.111+0000] {processor.py:186} INFO - Started process (PID=3607) to work on /home/airflow/.local/lib/python3.12/site-packages/airflow/example_dags/example_skip_dag.py
[2026-06-13T17:20:26.112+0000] {processor.py:914} INFO - Processing file /home/airflow/.local/lib/python3.12/site-packages/airflow/example_dags/example_skip_dag.py for tasks to queue
[2026-06-13T17:20:26.114+0000] {logging_mixin.py:190} INFO - [2026-06-13T17:20:26.114+0000] {dagbag.py:588} INFO - Filling up the DagBag from /home/airflow/.local/lib/python3.12/site-packages/airflow/example_dags/example_skip_dag.py
[2026-06-13T17:20:26.122+0000] {processor.py:925} INFO - DAG(s) 'example_skip_dag' retrieved from /home/airflow/.local/lib/python3.12/site-packages/airflow/example_dags/example_skip_dag.py
[2026-06-13T17:20:26.139+0000] {logging_mixin.py:190} INFO - [2026-06-13T17:20:26.139+0000] {dag.py:3239} INFO - Sync 1 DAGs
[2026-06-13T17:20:26.157+0000] {logging_mixin.py:190} INFO - [2026-06-13T17:20:26.157+0000] {dag.py:4180} INFO - Setting next_dagrun for example_skip_dag to 2026-06-12 00:00:00+00:00, run_after=2026-06-13 00:00:00+00:00
[2026-06-13T17:20:26.174+0000] {processor.py:208} INFO - Processing /home/airflow/.local/lib/python3.12/site-packages/airflow/example_dags/example_skip_dag.py took 0.068 seconds
[2026-06-13T17:20:56.563+0000] {processor.py:186} INFO - Started process (PID=3669) to work on /home/airflow/.local/lib/python3.12/site-packages/airflow/example_dags/example_skip_dag.py
[2026-06-13T17:20:56.565+0000] {processor.py:914} INFO - Processing file /home/airflow/.local/lib/python3.12/site-packages/airflow/example_dags/example_skip_dag.py for tasks to queue
[2026-06-13T17:20:56.568+0000] {logging_mixin.py:190} INFO - [2026-06-13T17:20:56.567+0000] {dagbag.py:588} INFO - Filling up the DagBag from /home/airflow/.local/lib/python3.12/site-packages/airflow/example_dags/example_skip_dag.py
[2026-06-13T17:20:56.574+0000] {processor.py:925} INFO - DAG(s) 'example_skip_dag' retrieved from /home/airflow/.local/lib/python3.12/site-packages/airflow/example_dags/example_skip_dag.py
[2026-06-13T17:20:56.591+0000] {logging_mixin.py:190} INFO - [2026-06-13T17:20:56.591+0000] {dag.py:3239} INFO - Sync 1 DAGs
[2026-06-13T17:20:56.609+0000] {logging_mixin.py:190} INFO - [2026-06-13T17:20:56.609+0000] {dag.py:4180} INFO - Setting next_dagrun for example_skip_dag to 2026-06-12 00:00:00+00:00, run_after=2026-06-13 00:00:00+00:00
[2026-06-13T17:20:56.624+0000] {processor.py:208} INFO - Processing /home/airflow/.local/lib/python3.12/site-packages/airflow/example_dags/example_skip_dag.py took 0.066 seconds
[2026-06-13T17:21:27.088+0000] {processor.py:186} INFO - Started process (PID=3731) to work on /home/airflow/.local/lib/python3.12/site-packages/airflow/example_dags/example_skip_dag.py
[2026-06-13T17:21:27.089+0000] {processor.py:914} INFO - Processing file /home/airflow/.local/lib/python3.12/site-packages/airflow/example_dags/example_skip_dag.py for tasks to queue
[2026-06-13T17:21:27.092+0000] {logging_mixin.py:190} INFO - [2026-06-13T17:21:27.092+0000] {dagbag.py:588} INFO - Filling up the DagBag from /home/airflow/.local/lib/python3.12/site-packages/airflow/example_dags/example_skip_dag.py
[2026-06-13T17:21:27.100+0000] {processor.py:925} INFO - DAG(s) 'example_skip_dag' retrieved from /home/airflow/.local/lib/python3.12/site-packages/airflow/example_dags/example_skip_dag.py
[2026-06-13T17:21:27.120+0000] {logging_mixin.py:190} INFO - [2026-06-13T17:21:27.120+0000] {dag.py:3239} INFO - Sync 1 DAGs
[2026-06-13T17:21:27.141+0000] {logging_mixin.py:190} INFO - [2026-06-13T17:21:27.140+0000] {dag.py:4180} INFO - Setting next_dagrun for example_skip_dag to 2026-06-12 00:00:00+00:00, run_after=2026-06-13 00:00:00+00:00
[2026-06-13T17:21:27.158+0000] {processor.py:208} INFO - Processing /home/airflow/.local/lib/python3.12/site-packages/airflow/example_dags/example_skip_dag.py took 0.076 seconds
[2026-06-13T17:21:57.549+0000] {processor.py:186} INFO - Started process (PID=3793) to work on /home/airflow/.local/lib/python3.12/site-packages/airflow/example_dags/example_skip_dag.py
[2026-06-13T17:21:57.550+0000] {processor.py:914} INFO - Processing file /home/airflow/.local/lib/python3.12/site-packages/airflow/example_dags/example_skip_dag.py for tasks to queue
[2026-06-13T17:21:57.554+0000] {logging_mixin.py:190} INFO - [2026-06-13T17:21:57.553+0000] {dagbag.py:588} INFO - Filling up the DagBag from /home/airflow/.local/lib/python3.12/site-packages/airflow/example_dags/example_skip_dag.py
[2026-06-13T17:21:57.561+0000] {processor.py:925} INFO - DAG(s) 'example_skip_dag' retrieved from /home/airflow/.local/lib/python3.12/site-packages/airflow/example_dags/example_skip_dag.py
[2026-06-13T17:21:57.581+0000] {logging_mixin.py:190} INFO - [2026-06-13T17:21:57.581+0000] {dag.py:3239} INFO - Sync 1 DAGs
[2026-06-13T17:21:57.603+0000] {logging_mixin.py:190} INFO - [2026-06-13T17:21:57.603+0000] {dag.py:4180} INFO - Setting next_dagrun for example_skip_dag to 2026-06-12 00:00:00+00:00, run_after=2026-06-13 00:00:00+00:00
[2026-06-13T17:21:57.626+0000] {processor.py:208} INFO - Processing /home/airflow/.local/lib/python3.12/site-packages/airflow/example_dags/example_skip_dag.py took 0.083 seconds
[2026-06-13T17:22:27.990+0000] {processor.py:186} INFO - Started process (PID=3855) to work on /home/airflow/.local/lib/python3.12/site-packages/airflow/example_dags/example_skip_dag.py
[2026-06-13T17:22:27.991+0000] {processor.py:914} INFO - Processing file /home/airflow/.local/lib/python3.12/site-packages/airflow/example_dags/example_skip_dag.py for tasks to queue
[2026-06-13T17:22:27.994+0000] {logging_mixin.py:190} INFO - [2026-06-13T17:22:27.994+0000] {dagbag.py:588} INFO - Filling up the DagBag from /home/airflow/.local/lib/python3.12/site-packages/airflow/example_dags/example_skip_dag.py
[2026-06-13T17:22:28.001+0000] {processor.py:925} INFO - DAG(s) 'example_skip_dag' retrieved from /home/airflow/.local/lib/python3.12/site-packages/airflow/example_dags/example_skip_dag.py
[2026-06-13T17:22:28.020+0000] {logging_mixin.py:190} INFO - [2026-06-13T17:22:28.020+0000] {dag.py:3239} INFO - Sync 1 DAGs
[2026-06-13T17:22:28.039+0000] {logging_mixin.py:190} INFO - [2026-06-13T17:22:28.039+0000] {dag.py:4180} INFO - Setting next_dagrun for example_skip_dag to 2026-06-12 00:00:00+00:00, run_after=2026-06-13 00:00:00+00:00
[2026-06-13T17:22:28.055+0000] {processor.py:208} INFO - Processing /home/airflow/.local/lib/python3.12/site-packages/airflow/example_dags/example_skip_dag.py took 0.070 seconds
[2026-06-13T17:22:58.359+0000] {processor.py:186} INFO - Started process (PID=3917) to work on /home/airflow/.local/lib/python3.12/site-packages/airflow/example_dags/example_skip_dag.py
[2026-06-13T17:22:58.360+0000] {processor.py:914} INFO - Processing file /home/airflow/.local/lib/python3.12/site-packages/airflow/example_dags/example_skip_dag.py for tasks to queue
[2026-06-13T17:22:58.362+0000] {logging_mixin.py:190} INFO - [2026-06-13T17:22:58.362+0000] {dagbag.py:588} INFO - Filling up the DagBag from /home/airflow/.local/lib/python3.12/site-packages/airflow/example_dags/example_skip_dag.py
[2026-06-13T17:22:58.368+0000] {processor.py:925} INFO - DAG(s) 'example_skip_dag' retrieved from /home/airflow/.local/lib/python3.12/site-packages/airflow/example_dags/example_skip_dag.py
[2026-06-13T17:22:58.386+0000] {logging_mixin.py:190} INFO - [2026-06-13T17:22:58.385+0000] {dag.py:3239} INFO - Sync 1 DAGs
[2026-06-13T17:22:58.403+0000] {logging_mixin.py:190} INFO - [2026-06-13T17:22:58.403+0000] {dag.py:4180} INFO - Setting next_dagrun for example_skip_dag to 2026-06-12 00:00:00+00:00, run_after=2026-06-13 00:00:00+00:00
[2026-06-13T17:22:58.418+0000] {processor.py:208} INFO - Processing /home/airflow/.local/lib/python3.12/site-packages/airflow/example_dags/example_skip_dag.py took 0.064 seconds
[2026-06-13T17:23:28.929+0000] {processor.py:186} INFO - Started process (PID=3979) to work on /home/airflow/.local/lib/python3.12/site-packages/airflow/example_dags/example_skip_dag.py
[2026-06-13T17:23:28.930+0000] {processor.py:914} INFO - Processing file /home/airflow/.local/lib/python3.12/site-packages/airflow/example_dags/example_skip_dag.py for tasks to queue
[2026-06-13T17:23:28.932+0000] {logging_mixin.py:190} INFO - [2026-06-13T17:23:28.932+0000] {dagbag.py:588} INFO - Filling up the DagBag from /home/airflow/.local/lib/python3.12/site-packages/airflow/example_dags/example_skip_dag.py
[2026-06-13T17:23:28.939+0000] {processor.py:925} INFO - DAG(s) 'example_skip_dag' retrieved from /home/airflow/.local/lib/python3.12/site-packages/airflow/example_dags/example_skip_dag.py
[2026-06-13T17:23:28.957+0000] {logging_mixin.py:190} INFO - [2026-06-13T17:23:28.957+0000] {dag.py:3239} INFO - Sync 1 DAGs
[2026-06-13T17:23:28.978+0000] {logging_mixin.py:190} INFO - [2026-06-13T17:23:28.977+0000] {dag.py:4180} INFO - Setting next_dagrun for example_skip_dag to 2026-06-12 00:00:00+00:00, run_after=2026-06-13 00:00:00+00:00
[2026-06-13T17:23:28.996+0000] {processor.py:208} INFO - Processing /home/airflow/.local/lib/python3.12/site-packages/airflow/example_dags/example_skip_dag.py took 0.074 seconds
[2026-06-13T17:23:59.429+0000] {processor.py:186} INFO - Started process (PID=4042) to work on /home/airflow/.local/lib/python3.12/site-packages/airflow/example_dags/example_skip_dag.py
[2026-06-13T17:23:59.430+0000] {processor.py:914} INFO - Processing file /home/airflow/.local/lib/python3.12/site-packages/airflow/example_dags/example_skip_dag.py for tasks to queue
[2026-06-13T17:23:59.433+0000] {logging_mixin.py:190} INFO - [2026-06-13T17:23:59.432+0000] {dagbag.py:588} INFO - Filling up the DagBag from /home/airflow/.local/lib/python3.12/site-packages/airflow/example_dags/example_skip_dag.py
[2026-06-13T17:23:59.440+0000] {processor.py:925} INFO - DAG(s) 'example_skip_dag' retrieved from /home/airflow/.local/lib/python3.12/site-packages/airflow/example_dags/example_skip_dag.py
[2026-06-13T17:23:59.457+0000] {logging_mixin.py:190} INFO - [2026-06-13T17:23:59.457+0000] {dag.py:3239} INFO - Sync 1 DAGs
[2026-06-13T17:23:59.476+0000] {logging_mixin.py:190} INFO - [2026-06-13T17:23:59.476+0000] {dag.py:4180} INFO - Setting next_dagrun for example_skip_dag to 2026-06-12 00:00:00+00:00, run_after=2026-06-13 00:00:00+00:00
[2026-06-13T17:23:59.492+0000] {processor.py:208} INFO - Processing /home/airflow/.local/lib/python3.12/site-packages/airflow/example_dags/example_skip_dag.py took 0.068 seconds
[2026-06-13T17:24:29.833+0000] {processor.py:186} INFO - Started process (PID=4104) to work on /home/airflow/.local/lib/python3.12/site-packages/airflow/example_dags/example_skip_dag.py
[2026-06-13T17:24:29.835+0000] {processor.py:914} INFO - Processing file /home/airflow/.local/lib/python3.12/site-packages/airflow/example_dags/example_skip_dag.py for tasks to queue
[2026-06-13T17:24:29.837+0000] {logging_mixin.py:190} INFO - [2026-06-13T17:24:29.837+0000] {dagbag.py:588} INFO - Filling up the DagBag from /home/airflow/.local/lib/python3.12/site-packages/airflow/example_dags/example_skip_dag.py
[2026-06-13T17:24:29.844+0000] {processor.py:925} INFO - DAG(s) 'example_skip_dag' retrieved from /home/airflow/.local/lib/python3.12/site-packages/airflow/example_dags/example_skip_dag.py
[2026-06-13T17:24:29.861+0000] {logging_mixin.py:190} INFO - [2026-06-13T17:24:29.861+0000] {dag.py:3239} INFO - Sync 1 DAGs
[2026-06-13T17:24:29.878+0000] {logging_mixin.py:190} INFO - [2026-06-13T17:24:29.878+0000] {dag.py:4180} INFO - Setting next_dagrun for example_skip_dag to 2026-06-12 00:00:00+00:00, run_after=2026-06-13 00:00:00+00:00
[2026-06-13T17:24:29.900+0000] {processor.py:208} INFO - Processing /home/airflow/.local/lib/python3.12/site-packages/airflow/example_dags/example_skip_dag.py took 0.071 seconds
[2026-06-13T17:25:00.001+0000] {processor.py:186} INFO - Started process (PID=4166) to work on /home/airflow/.local/lib/python3.12/site-packages/airflow/example_dags/example_skip_dag.py
[2026-06-13T17:25:00.002+0000] {processor.py:914} INFO - Processing file /home/airflow/.local/lib/python3.12/site-packages/airflow/example_dags/example_skip_dag.py for tasks to queue
[2026-06-13T17:25:00.005+0000] {logging_mixin.py:190} INFO - [2026-06-13T17:25:00.004+0000] {dagbag.py:588} INFO - Filling up the DagBag from /home/airflow/.local/lib/python3.12/site-packages/airflow/example_dags/example_skip_dag.py
[2026-06-13T17:25:00.012+0000] {processor.py:925} INFO - DAG(s) 'example_skip_dag' retrieved from /home/airflow/.local/lib/python3.12/site-packages/airflow/example_dags/example_skip_dag.py
[2026-06-13T17:25:00.033+0000] {logging_mixin.py:190} INFO - [2026-06-13T17:25:00.032+0000] {dag.py:3239} INFO - Sync 1 DAGs
[2026-06-13T17:25:00.052+0000] {logging_mixin.py:190} INFO - [2026-06-13T17:25:00.052+0000] {dag.py:4180} INFO - Setting next_dagrun for example_skip_dag to 2026-06-12 00:00:00+00:00, run_after=2026-06-13 00:00:00+00:00
[2026-06-13T17:25:00.067+0000] {processor.py:208} INFO - Processing /home/airflow/.local/lib/python3.12/site-packages/airflow/example_dags/example_skip_dag.py took 0.071 seconds
[2026-06-13T17:25:30.261+0000] {processor.py:186} INFO - Started process (PID=4228) to work on /home/airflow/.local/lib/python3.12/site-packages/airflow/example_dags/example_skip_dag.py
[2026-06-13T17:25:30.263+0000] {processor.py:914} INFO - Processing file /home/airflow/.local/lib/python3.12/site-packages/airflow/example_dags/example_skip_dag.py for tasks to queue
[2026-06-13T17:25:30.265+0000] {logging_mixin.py:190} INFO - [2026-06-13T17:25:30.265+0000] {dagbag.py:588} INFO - Filling up the DagBag from /home/airflow/.local/lib/python3.12/site-packages/airflow/example_dags/example_skip_dag.py
[2026-06-13T17:25:30.273+0000] {processor.py:925} INFO - DAG(s) 'example_skip_dag' retrieved from /home/airflow/.local/lib/python3.12/site-packages/airflow/example_dags/example_skip_dag.py
[2026-06-13T17:25:30.289+0000] {logging_mixin.py:190} INFO - [2026-06-13T17:25:30.289+0000] {dag.py:3239} INFO - Sync 1 DAGs
[2026-06-13T17:25:30.310+0000] {logging_mixin.py:190} INFO - [2026-06-13T17:25:30.310+0000] {dag.py:4180} INFO - Setting next_dagrun for example_skip_dag to 2026-06-12 00:00:00+00:00, run_after=2026-06-13 00:00:00+00:00
[2026-06-13T17:25:30.329+0000] {processor.py:208} INFO - Processing /home/airflow/.local/lib/python3.12/site-packages/airflow/example_dags/example_skip_dag.py took 0.075 seconds
[2026-06-13T17:26:00.595+0000] {processor.py:186} INFO - Started process (PID=4290) to work on /home/airflow/.local/lib/python3.12/site-packages/airflow/example_dags/example_skip_dag.py
[2026-06-13T17:26:00.596+0000] {processor.py:914} INFO - Processing file /home/airflow/.local/lib/python3.12/site-packages/airflow/example_dags/example_skip_dag.py for tasks to queue
[2026-06-13T17:26:00.599+0000] {logging_mixin.py:190} INFO - [2026-06-13T17:26:00.598+0000] {dagbag.py:588} INFO - Filling up the DagBag from /home/airflow/.local/lib/python3.12/site-packages/airflow/example_dags/example_skip_dag.py
[2026-06-13T17:26:00.605+0000] {processor.py:925} INFO - DAG(s) 'example_skip_dag' retrieved from /home/airflow/.local/lib/python3.12/site-packages/airflow/example_dags/example_skip_dag.py
[2026-06-13T17:26:00.622+0000] {logging_mixin.py:190} INFO - [2026-06-13T17:26:00.622+0000] {dag.py:3239} INFO - Sync 1 DAGs
[2026-06-13T17:26:00.639+0000] {logging_mixin.py:190} INFO - [2026-06-13T17:26:00.639+0000] {dag.py:4180} INFO - Setting next_dagrun for example_skip_dag to 2026-06-12 00:00:00+00:00, run_after=2026-06-13 00:00:00+00:00
[2026-06-13T17:26:00.653+0000] {processor.py:208} INFO - Processing /home/airflow/.local/lib/python3.12/site-packages/airflow/example_dags/example_skip_dag.py took 0.063 seconds
[2026-06-13T17:26:30.917+0000] {processor.py:186} INFO - Started process (PID=4352) to work on /home/airflow/.local/lib/python3.12/site-packages/airflow/example_dags/example_skip_dag.py
[2026-06-13T17:26:30.918+0000] {processor.py:914} INFO - Processing file /home/airflow/.local/lib/python3.12/site-packages/airflow/example_dags/example_skip_dag.py for tasks to queue
[2026-06-13T17:26:30.920+0000] {logging_mixin.py:190} INFO - [2026-06-13T17:26:30.920+0000] {dagbag.py:588} INFO - Filling up the DagBag from /home/airflow/.local/lib/python3.12/site-packages/airflow/example_dags/example_skip_dag.py
[2026-06-13T17:26:30.926+0000] {processor.py:925} INFO - DAG(s) 'example_skip_dag' retrieved from /home/airflow/.local/lib/python3.12/site-packages/airflow/example_dags/example_skip_dag.py
[2026-06-13T17:26:30.942+0000] {logging_mixin.py:190} INFO - [2026-06-13T17:26:30.941+0000] {dag.py:3239} INFO - Sync 1 DAGs
[2026-06-13T17:26:30.958+0000] {logging_mixin.py:190} INFO - [2026-06-13T17:26:30.958+0000] {dag.py:4180} INFO - Setting next_dagrun for example_skip_dag to 2026-06-12 00:00:00+00:00, run_after=2026-06-13 00:00:00+00:00
[2026-06-13T17:26:30.976+0000] {processor.py:208} INFO - Processing /home/airflow/.local/lib/python3.12/site-packages/airflow/example_dags/example_skip_dag.py took 0.064 seconds
[2026-06-13T17:27:01.343+0000] {processor.py:186} INFO - Started process (PID=4414) to work on /home/airflow/.local/lib/python3.12/site-packages/airflow/example_dags/example_skip_dag.py
[2026-06-13T17:27:01.344+0000] {processor.py:914} INFO - Processing file /home/airflow/.local/lib/python3.12/site-packages/airflow/example_dags/example_skip_dag.py for tasks to queue
[2026-06-13T17:27:01.346+0000] {logging_mixin.py:190} INFO - [2026-06-13T17:27:01.346+0000] {dagbag.py:588} INFO - Filling up the DagBag from /home/airflow/.local/lib/python3.12/site-packages/airflow/example_dags/example_skip_dag.py
[2026-06-13T17:27:01.353+0000] {processor.py:925} INFO - DAG(s) 'example_skip_dag' retrieved from /home/airflow/.local/lib/python3.12/site-packages/airflow/example_dags/example_skip_dag.py
[2026-06-13T17:27:01.369+0000] {logging_mixin.py:190} INFO - [2026-06-13T17:27:01.369+0000] {dag.py:3239} INFO - Sync 1 DAGs
[2026-06-13T17:27:01.386+0000] {logging_mixin.py:190} INFO - [2026-06-13T17:27:01.386+0000] {dag.py:4180} INFO - Setting next_dagrun for example_skip_dag to 2026-06-12 00:00:00+00:00, run_after=2026-06-13 00:00:00+00:00
[2026-06-13T17:27:01.402+0000] {processor.py:208} INFO - Processing /home/airflow/.local/lib/python3.12/site-packages/airflow/example_dags/example_skip_dag.py took 0.063 seconds
[2026-06-13T17:27:31.774+0000] {processor.py:186} INFO - Started process (PID=4476) to work on /home/airflow/.local/lib/python3.12/site-packages/airflow/example_dags/example_skip_dag.py
[2026-06-13T17:27:31.775+0000] {processor.py:914} INFO - Processing file /home/airflow/.local/lib/python3.12/site-packages/airflow/example_dags/example_skip_dag.py for tasks to queue
[2026-06-13T17:27:31.777+0000] {logging_mixin.py:190} INFO - [2026-06-13T17:27:31.777+0000] {dagbag.py:588} INFO - Filling up the DagBag from /home/airflow/.local/lib/python3.12/site-packages/airflow/example_dags/example_skip_dag.py
[2026-06-13T17:27:31.784+0000] {processor.py:925} INFO - DAG(s) 'example_skip_dag' retrieved from /home/airflow/.local/lib/python3.12/site-packages/airflow/example_dags/example_skip_dag.py
[2026-06-13T17:27:31.803+0000] {logging_mixin.py:190} INFO - [2026-06-13T17:27:31.802+0000] {dag.py:3239} INFO - Sync 1 DAGs
[2026-06-13T17:27:31.821+0000] {logging_mixin.py:190} INFO - [2026-06-13T17:27:31.821+0000] {dag.py:4180} INFO - Setting next_dagrun for example_skip_dag to 2026-06-12 00:00:00+00:00, run_after=2026-06-13 00:00:00+00:00
[2026-06-13T17:27:31.841+0000] {processor.py:208} INFO - Processing /home/airflow/.local/lib/python3.12/site-packages/airflow/example_dags/example_skip_dag.py took 0.072 seconds
[2026-06-13T17:28:02.197+0000] {processor.py:186} INFO - Started process (PID=4538) to work on /home/airflow/.local/lib/python3.12/site-packages/airflow/example_dags/example_skip_dag.py
[2026-06-13T17:28:02.198+0000] {processor.py:914} INFO - Processing file /home/airflow/.local/lib/python3.12/site-packages/airflow/example_dags/example_skip_dag.py for tasks to queue
[2026-06-13T17:28:02.201+0000] {logging_mixin.py:190} INFO - [2026-06-13T17:28:02.201+0000] {dagbag.py:588} INFO - Filling up the DagBag from /home/airflow/.local/lib/python3.12/site-packages/airflow/example_dags/example_skip_dag.py
[2026-06-13T17:28:02.209+0000] {processor.py:925} INFO - DAG(s) 'example_skip_dag' retrieved from /home/airflow/.local/lib/python3.12/site-packages/airflow/example_dags/example_skip_dag.py
[2026-06-13T17:28:02.228+0000] {logging_mixin.py:190} INFO - [2026-06-13T17:28:02.228+0000] {dag.py:3239} INFO - Sync 1 DAGs
[2026-06-13T17:28:02.249+0000] {logging_mixin.py:190} INFO - [2026-06-13T17:28:02.248+0000] {dag.py:4180} INFO - Setting next_dagrun for example_skip_dag to 2026-06-12 00:00:00+00:00, run_after=2026-06-13 00:00:00+00:00
[2026-06-13T17:28:02.267+0000] {processor.py:208} INFO - Processing /home/airflow/.local/lib/python3.12/site-packages/airflow/example_dags/example_skip_dag.py took 0.076 seconds
[2026-06-13T17:28:32.450+0000] {processor.py:186} INFO - Started process (PID=4600) to work on /home/airflow/.local/lib/python3.12/site-packages/airflow/example_dags/example_skip_dag.py
[2026-06-13T17:28:32.452+0000] {processor.py:914} INFO - Processing file /home/airflow/.local/lib/python3.12/site-packages/airflow/example_dags/example_skip_dag.py for tasks to queue
[2026-06-13T17:28:32.455+0000] {logging_mixin.py:190} INFO - [2026-06-13T17:28:32.454+0000] {dagbag.py:588} INFO - Filling up the DagBag from /home/airflow/.local/lib/python3.12/site-packages/airflow/example_dags/example_skip_dag.py
[2026-06-13T17:28:32.463+0000] {processor.py:925} INFO - DAG(s) 'example_skip_dag' retrieved from /home/airflow/.local/lib/python3.12/site-packages/airflow/example_dags/example_skip_dag.py
[2026-06-13T17:28:32.482+0000] {logging_mixin.py:190} INFO - [2026-06-13T17:28:32.482+0000] {dag.py:3239} INFO - Sync 1 DAGs
[2026-06-13T17:28:32.501+0000] {logging_mixin.py:190} INFO - [2026-06-13T17:28:32.501+0000] {dag.py:4180} INFO - Setting next_dagrun for example_skip_dag to 2026-06-12 00:00:00+00:00, run_after=2026-06-13 00:00:00+00:00
[2026-06-13T17:28:32.519+0000] {processor.py:208} INFO - Processing /home/airflow/.local/lib/python3.12/site-packages/airflow/example_dags/example_skip_dag.py took 0.077 seconds
[2026-06-13T17:29:02.750+0000] {processor.py:186} INFO - Started process (PID=4662) to work on /home/airflow/.local/lib/python3.12/site-packages/airflow/example_dags/example_skip_dag.py
[2026-06-13T17:29:02.751+0000] {processor.py:914} INFO - Processing file /home/airflow/.local/lib/python3.12/site-packages/airflow/example_dags/example_skip_dag.py for tasks to queue
[2026-06-13T17:29:02.753+0000] {logging_mixin.py:190} INFO - [2026-06-13T17:29:02.753+0000] {dagbag.py:588} INFO - Filling up the DagBag from /home/airflow/.local/lib/python3.12/site-packages/airflow/example_dags/example_skip_dag.py
[2026-06-13T17:29:02.760+0000] {processor.py:925} INFO - DAG(s) 'example_skip_dag' retrieved from /home/airflow/.local/lib/python3.12/site-packages/airflow/example_dags/example_skip_dag.py
[2026-06-13T17:29:02.779+0000] {logging_mixin.py:190} INFO - [2026-06-13T17:29:02.779+0000] {dag.py:3239} INFO - Sync 1 DAGs
[2026-06-13T17:29:02.797+0000] {logging_mixin.py:190} INFO - [2026-06-13T17:29:02.796+0000] {dag.py:4180} INFO - Setting next_dagrun for example_skip_dag to 2026-06-12 00:00:00+00:00, run_after=2026-06-13 00:00:00+00:00
[2026-06-13T17:29:02.812+0000] {processor.py:208} INFO - Processing /home/airflow/.local/lib/python3.12/site-packages/airflow/example_dags/example_skip_dag.py took 0.067 seconds
[2026-06-13T17:29:33.274+0000] {processor.py:186} INFO - Started process (PID=4724) to work on /home/airflow/.local/lib/python3.12/site-packages/airflow/example_dags/example_skip_dag.py
[2026-06-13T17:29:33.275+0000] {processor.py:914} INFO - Processing file /home/airflow/.local/lib/python3.12/site-packages/airflow/example_dags/example_skip_dag.py for tasks to queue
[2026-06-13T17:29:33.277+0000] {logging_mixin.py:190} INFO - [2026-06-13T17:29:33.277+0000] {dagbag.py:588} INFO - Filling up the DagBag from /home/airflow/.local/lib/python3.12/site-packages/airflow/example_dags/example_skip_dag.py
[2026-06-13T17:29:33.284+0000] {processor.py:925} INFO - DAG(s) 'example_skip_dag' retrieved from /home/airflow/.local/lib/python3.12/site-packages/airflow/example_dags/example_skip_dag.py
[2026-06-13T17:29:33.301+0000] {logging_mixin.py:190} INFO - [2026-06-13T17:29:33.300+0000] {dag.py:3239} INFO - Sync 1 DAGs
[2026-06-13T17:29:33.318+0000] {logging_mixin.py:190} INFO - [2026-06-13T17:29:33.318+0000] {dag.py:4180} INFO - Setting next_dagrun for example_skip_dag to 2026-06-12 00:00:00+00:00, run_after=2026-06-13 00:00:00+00:00
[2026-06-13T17:29:33.333+0000] {processor.py:208} INFO - Processing /home/airflow/.local/lib/python3.12/site-packages/airflow/example_dags/example_skip_dag.py took 0.065 seconds
[2026-06-13T17:30:03.555+0000] {processor.py:186} INFO - Started process (PID=4786) to work on /home/airflow/.local/lib/python3.12/site-packages/airflow/example_dags/example_skip_dag.py
[2026-06-13T17:30:03.557+0000] {processor.py:914} INFO - Processing file /home/airflow/.local/lib/python3.12/site-packages/airflow/example_dags/example_skip_dag.py for tasks to queue
[2026-06-13T17:30:03.559+0000] {logging_mixin.py:190} INFO - [2026-06-13T17:30:03.559+0000] {dagbag.py:588} INFO - Filling up the DagBag from /home/airflow/.local/lib/python3.12/site-packages/airflow/example_dags/example_skip_dag.py
[2026-06-13T17:30:03.566+0000] {processor.py:925} INFO - DAG(s) 'example_skip_dag' retrieved from /home/airflow/.local/lib/python3.12/site-packages/airflow/example_dags/example_skip_dag.py
[2026-06-13T17:30:03.582+0000] {logging_mixin.py:190} INFO - [2026-06-13T17:30:03.582+0000] {dag.py:3239} INFO - Sync 1 DAGs
[2026-06-13T17:30:03.600+0000] {logging_mixin.py:190} INFO - [2026-06-13T17:30:03.600+0000] {dag.py:4180} INFO - Setting next_dagrun for example_skip_dag to 2026-06-12 00:00:00+00:00, run_after=2026-06-13 00:00:00+00:00
[2026-06-13T17:30:03.615+0000] {processor.py:208} INFO - Processing /home/airflow/.local/lib/python3.12/site-packages/airflow/example_dags/example_skip_dag.py took 0.065 seconds
[2026-06-13T17:30:33.951+0000] {processor.py:186} INFO - Started process (PID=4848) to work on /home/airflow/.local/lib/python3.12/site-packages/airflow/example_dags/example_skip_dag.py
[2026-06-13T17:30:33.952+0000] {processor.py:914} INFO - Processing file /home/airflow/.local/lib/python3.12/site-packages/airflow/example_dags/example_skip_dag.py for tasks to queue
[2026-06-13T17:30:33.955+0000] {logging_mixin.py:190} INFO - [2026-06-13T17:30:33.954+0000] {dagbag.py:588} INFO - Filling up the DagBag from /home/airflow/.local/lib/python3.12/site-packages/airflow/example_dags/example_skip_dag.py
[2026-06-13T17:30:33.961+0000] {processor.py:925} INFO - DAG(s) 'example_skip_dag' retrieved from /home/airflow/.local/lib/python3.12/site-packages/airflow/example_dags/example_skip_dag.py
[2026-06-13T17:30:33.977+0000] {logging_mixin.py:190} INFO - [2026-06-13T17:30:33.977+0000] {dag.py:3239} INFO - Sync 1 DAGs
[2026-06-13T17:30:33.995+0000] {logging_mixin.py:190} INFO - [2026-06-13T17:30:33.994+0000] {dag.py:4180} INFO - Setting next_dagrun for example_skip_dag to 2026-06-12 00:00:00+00:00, run_after=2026-06-13 00:00:00+00:00
[2026-06-13T17:30:34.010+0000] {processor.py:208} INFO - Processing /home/airflow/.local/lib/python3.12/site-packages/airflow/example_dags/example_skip_dag.py took 0.063 seconds
[2026-06-13T17:31:04.378+0000] {processor.py:186} INFO - Started process (PID=4911) to work on /home/airflow/.local/lib/python3.12/site-packages/airflow/example_dags/example_skip_dag.py
[2026-06-13T17:31:04.379+0000] {processor.py:914} INFO - Processing file /home/airflow/.local/lib/python3.12/site-packages/airflow/example_dags/example_skip_dag.py for tasks to queue
[2026-06-13T17:31:04.382+0000] {logging_mixin.py:190} INFO - [2026-06-13T17:31:04.382+0000] {dagbag.py:588} INFO - Filling up the DagBag from /home/airflow/.local/lib/python3.12/site-packages/airflow/example_dags/example_skip_dag.py
[2026-06-13T17:31:04.389+0000] {processor.py:925} INFO - DAG(s) 'example_skip_dag' retrieved from /home/airflow/.local/lib/python3.12/site-packages/airflow/example_dags/example_skip_dag.py
[2026-06-13T17:31:04.407+0000] {logging_mixin.py:190} INFO - [2026-06-13T17:31:04.407+0000] {dag.py:3239} INFO - Sync 1 DAGs
[2026-06-13T17:31:04.424+0000] {logging_mixin.py:190} INFO - [2026-06-13T17:31:04.424+0000] {dag.py:4180} INFO - Setting next_dagrun for example_skip_dag to 2026-06-12 00:00:00+00:00, run_after=2026-06-13 00:00:00+00:00
[2026-06-13T17:31:04.440+0000] {processor.py:208} INFO - Processing /home/airflow/.local/lib/python3.12/site-packages/airflow/example_dags/example_skip_dag.py took 0.068 seconds
[2026-06-13T17:31:34.764+0000] {processor.py:186} INFO - Started process (PID=4973) to work on /home/airflow/.local/lib/python3.12/site-packages/airflow/example_dags/example_skip_dag.py
[2026-06-13T17:31:34.765+0000] {processor.py:914} INFO - Processing file /home/airflow/.local/lib/python3.12/site-packages/airflow/example_dags/example_skip_dag.py for tasks to queue
[2026-06-13T17:31:34.767+0000] {logging_mixin.py:190} INFO - [2026-06-13T17:31:34.767+0000] {dagbag.py:588} INFO - Filling up the DagBag from /home/airflow/.local/lib/python3.12/site-packages/airflow/example_dags/example_skip_dag.py
[2026-06-13T17:31:34.774+0000] {processor.py:925} INFO - DAG(s) 'example_skip_dag' retrieved from /home/airflow/.local/lib/python3.12/site-packages/airflow/example_dags/example_skip_dag.py
[2026-06-13T17:31:34.791+0000] {logging_mixin.py:190} INFO - [2026-06-13T17:31:34.791+0000] {dag.py:3239} INFO - Sync 1 DAGs
[2026-06-13T17:31:34.809+0000] {logging_mixin.py:190} INFO - [2026-06-13T17:31:34.809+0000] {dag.py:4180} INFO - Setting next_dagrun for example_skip_dag to 2026-06-12 00:00:00+00:00, run_after=2026-06-13 00:00:00+00:00
[2026-06-13T17:31:34.825+0000] {processor.py:208} INFO - Processing /home/airflow/.local/lib/python3.12/site-packages/airflow/example_dags/example_skip_dag.py took 0.065 seconds
[2026-06-13T17:32:05.179+0000] {processor.py:186} INFO - Started process (PID=5035) to work on /home/airflow/.local/lib/python3.12/site-packages/airflow/example_dags/example_skip_dag.py
[2026-06-13T17:32:05.181+0000] {processor.py:914} INFO - Processing file /home/airflow/.local/lib/python3.12/site-packages/airflow/example_dags/example_skip_dag.py for tasks to queue
[2026-06-13T17:32:05.183+0000] {logging_mixin.py:190} INFO - [2026-06-13T17:32:05.183+0000] {dagbag.py:588} INFO - Filling up the DagBag from /home/airflow/.local/lib/python3.12/site-packages/airflow/example_dags/example_skip_dag.py
[2026-06-13T17:32:05.190+0000] {processor.py:925} INFO - DAG(s) 'example_skip_dag' retrieved from /home/airflow/.local/lib/python3.12/site-packages/airflow/example_dags/example_skip_dag.py
[2026-06-13T17:32:05.208+0000] {logging_mixin.py:190} INFO - [2026-06-13T17:32:05.208+0000] {dag.py:3239} INFO - Sync 1 DAGs
[2026-06-13T17:32:05.227+0000] {logging_mixin.py:190} INFO - [2026-06-13T17:32:05.227+0000] {dag.py:4180} INFO - Setting next_dagrun for example_skip_dag to 2026-06-12 00:00:00+00:00, run_after=2026-06-13 00:00:00+00:00
[2026-06-13T17:32:05.244+0000] {processor.py:208} INFO - Processing /home/airflow/.local/lib/python3.12/site-packages/airflow/example_dags/example_skip_dag.py took 0.070 seconds
[2026-06-13T17:32:35.520+0000] {processor.py:186} INFO - Started process (PID=5097) to work on /home/airflow/.local/lib/python3.12/site-packages/airflow/example_dags/example_skip_dag.py
[2026-06-13T17:32:35.521+0000] {processor.py:914} INFO - Processing file /home/airflow/.local/lib/python3.12/site-packages/airflow/example_dags/example_skip_dag.py for tasks to queue
[2026-06-13T17:32:35.523+0000] {logging_mixin.py:190} INFO - [2026-06-13T17:32:35.523+0000] {dagbag.py:588} INFO - Filling up the DagBag from /home/airflow/.local/lib/python3.12/site-packages/airflow/example_dags/example_skip_dag.py
[2026-06-13T17:32:35.529+0000] {processor.py:925} INFO - DAG(s) 'example_skip_dag' retrieved from /home/airflow/.local/lib/python3.12/site-packages/airflow/example_dags/example_skip_dag.py
[2026-06-13T17:32:35.546+0000] {logging_mixin.py:190} INFO - [2026-06-13T17:32:35.546+0000] {dag.py:3239} INFO - Sync 1 DAGs
[2026-06-13T17:32:35.563+0000] {logging_mixin.py:190} INFO - [2026-06-13T17:32:35.563+0000] {dag.py:4180} INFO - Setting next_dagrun for example_skip_dag to 2026-06-12 00:00:00+00:00, run_after=2026-06-13 00:00:00+00:00
[2026-06-13T17:32:35.580+0000] {processor.py:208} INFO - Processing /home/airflow/.local/lib/python3.12/site-packages/airflow/example_dags/example_skip_dag.py took 0.066 seconds
[2026-06-13T17:33:05.924+0000] {processor.py:186} INFO - Started process (PID=5159) to work on /home/airflow/.local/lib/python3.12/site-packages/airflow/example_dags/example_skip_dag.py
[2026-06-13T17:33:05.926+0000] {processor.py:914} INFO - Processing file /home/airflow/.local/lib/python3.12/site-packages/airflow/example_dags/example_skip_dag.py for tasks to queue
[2026-06-13T17:33:05.928+0000] {logging_mixin.py:190} INFO - [2026-06-13T17:33:05.928+0000] {dagbag.py:588} INFO - Filling up the DagBag from /home/airflow/.local/lib/python3.12/site-packages/airflow/example_dags/example_skip_dag.py
[2026-06-13T17:33:05.934+0000] {processor.py:925} INFO - DAG(s) 'example_skip_dag' retrieved from /home/airflow/.local/lib/python3.12/site-packages/airflow/example_dags/example_skip_dag.py
[2026-06-13T17:33:05.952+0000] {logging_mixin.py:190} INFO - [2026-06-13T17:33:05.952+0000] {dag.py:3239} INFO - Sync 1 DAGs
[2026-06-13T17:33:05.972+0000] {logging_mixin.py:190} INFO - [2026-06-13T17:33:05.972+0000] {dag.py:4180} INFO - Setting next_dagrun for example_skip_dag to 2026-06-12 00:00:00+00:00, run_after=2026-06-13 00:00:00+00:00
[2026-06-13T17:33:05.987+0000] {processor.py:208} INFO - Processing /home/airflow/.local/lib/python3.12/site-packages/airflow/example_dags/example_skip_dag.py took 0.068 seconds
[2026-06-13T17:33:36.372+0000] {processor.py:186} INFO - Started process (PID=5221) to work on /home/airflow/.local/lib/python3.12/site-packages/airflow/example_dags/example_skip_dag.py
[2026-06-13T17:33:36.373+0000] {processor.py:914} INFO - Processing file /home/airflow/.local/lib/python3.12/site-packages/airflow/example_dags/example_skip_dag.py for tasks to queue
[2026-06-13T17:33:36.376+0000] {logging_mixin.py:190} INFO - [2026-06-13T17:33:36.375+0000] {dagbag.py:588} INFO - Filling up the DagBag from /home/airflow/.local/lib/python3.12/site-packages/airflow/example_dags/example_skip_dag.py
[2026-06-13T17:33:36.383+0000] {processor.py:925} INFO - DAG(s) 'example_skip_dag' retrieved from /home/airflow/.local/lib/python3.12/site-packages/airflow/example_dags/example_skip_dag.py
[2026-06-13T17:33:36.405+0000] {logging_mixin.py:190} INFO - [2026-06-13T17:33:36.405+0000] {dag.py:3239} INFO - Sync 1 DAGs
[2026-06-13T17:33:36.427+0000] {logging_mixin.py:190} INFO - [2026-06-13T17:33:36.426+0000] {dag.py:4180} INFO - Setting next_dagrun for example_skip_dag to 2026-06-12 00:00:00+00:00, run_after=2026-06-13 00:00:00+00:00
[2026-06-13T17:33:36.446+0000] {processor.py:208} INFO - Processing /home/airflow/.local/lib/python3.12/site-packages/airflow/example_dags/example_skip_dag.py took 0.081 seconds
[2026-06-13T17:34:06.580+0000] {processor.py:186} INFO - Started process (PID=5283) to work on /home/airflow/.local/lib/python3.12/site-packages/airflow/example_dags/example_skip_dag.py
[2026-06-13T17:34:06.581+0000] {processor.py:914} INFO - Processing file /home/airflow/.local/lib/python3.12/site-packages/airflow/example_dags/example_skip_dag.py for tasks to queue
[2026-06-13T17:34:06.583+0000] {logging_mixin.py:190} INFO - [2026-06-13T17:34:06.583+0000] {dagbag.py:588} INFO - Filling up the DagBag from /home/airflow/.local/lib/python3.12/site-packages/airflow/example_dags/example_skip_dag.py
[2026-06-13T17:34:06.590+0000] {processor.py:925} INFO - DAG(s) 'example_skip_dag' retrieved from /home/airflow/.local/lib/python3.12/site-packages/airflow/example_dags/example_skip_dag.py
[2026-06-13T17:34:06.607+0000] {logging_mixin.py:190} INFO - [2026-06-13T17:34:06.606+0000] {dag.py:3239} INFO - Sync 1 DAGs
[2026-06-13T17:34:06.624+0000] {logging_mixin.py:190} INFO - [2026-06-13T17:34:06.624+0000] {dag.py:4180} INFO - Setting next_dagrun for example_skip_dag to 2026-06-12 00:00:00+00:00, run_after=2026-06-13 00:00:00+00:00
[2026-06-13T17:34:06.639+0000] {processor.py:208} INFO - Processing /home/airflow/.local/lib/python3.12/site-packages/airflow/example_dags/example_skip_dag.py took 0.064 seconds
[2026-06-13T17:34:36.944+0000] {processor.py:186} INFO - Started process (PID=5345) to work on /home/airflow/.local/lib/python3.12/site-packages/airflow/example_dags/example_skip_dag.py
[2026-06-13T17:34:36.946+0000] {processor.py:914} INFO - Processing file /home/airflow/.local/lib/python3.12/site-packages/airflow/example_dags/example_skip_dag.py for tasks to queue
[2026-06-13T17:34:36.948+0000] {logging_mixin.py:190} INFO - [2026-06-13T17:34:36.948+0000] {dagbag.py:588} INFO - Filling up the DagBag from /home/airflow/.local/lib/python3.12/site-packages/airflow/example_dags/example_skip_dag.py
[2026-06-13T17:34:36.954+0000] {processor.py:925} INFO - DAG(s) 'example_skip_dag' retrieved from /home/airflow/.local/lib/python3.12/site-packages/airflow/example_dags/example_skip_dag.py
[2026-06-13T17:34:36.973+0000] {logging_mixin.py:190} INFO - [2026-06-13T17:34:36.973+0000] {dag.py:3239} INFO - Sync 1 DAGs
[2026-06-13T17:34:36.991+0000] {logging_mixin.py:190} INFO - [2026-06-13T17:34:36.990+0000] {dag.py:4180} INFO - Setting next_dagrun for example_skip_dag to 2026-06-12 00:00:00+00:00, run_after=2026-06-13 00:00:00+00:00
[2026-06-13T17:34:37.009+0000] {processor.py:208} INFO - Processing /home/airflow/.local/lib/python3.12/site-packages/airflow/example_dags/example_skip_dag.py took 0.070 seconds
[2026-06-13T17:35:07.231+0000] {processor.py:186} INFO - Started process (PID=5413) to work on /home/airflow/.local/lib/python3.12/site-packages/airflow/example_dags/example_skip_dag.py
[2026-06-13T17:35:07.232+0000] {processor.py:914} INFO - Processing file /home/airflow/.local/lib/python3.12/site-packages/airflow/example_dags/example_skip_dag.py for tasks to queue
[2026-06-13T17:35:07.235+0000] {logging_mixin.py:190} INFO - [2026-06-13T17:35:07.234+0000] {dagbag.py:588} INFO - Filling up the DagBag from /home/airflow/.local/lib/python3.12/site-packages/airflow/example_dags/example_skip_dag.py
[2026-06-13T17:35:07.242+0000] {processor.py:925} INFO - DAG(s) 'example_skip_dag' retrieved from /home/airflow/.local/lib/python3.12/site-packages/airflow/example_dags/example_skip_dag.py
[2026-06-13T17:35:07.259+0000] {logging_mixin.py:190} INFO - [2026-06-13T17:35:07.259+0000] {dag.py:3239} INFO - Sync 1 DAGs
[2026-06-13T17:35:07.275+0000] {logging_mixin.py:190} INFO - [2026-06-13T17:35:07.275+0000] {dag.py:4180} INFO - Setting next_dagrun for example_skip_dag to 2026-06-12 00:00:00+00:00, run_after=2026-06-13 00:00:00+00:00
[2026-06-13T17:35:07.292+0000] {processor.py:208} INFO - Processing /home/airflow/.local/lib/python3.12/site-packages/airflow/example_dags/example_skip_dag.py took 0.066 seconds
[2026-06-13T17:35:37.660+0000] {processor.py:186} INFO - Started process (PID=5475) to work on /home/airflow/.local/lib/python3.12/site-packages/airflow/example_dags/example_skip_dag.py
[2026-06-13T17:35:37.661+0000] {processor.py:914} INFO - Processing file /home/airflow/.local/lib/python3.12/site-packages/airflow/example_dags/example_skip_dag.py for tasks to queue
[2026-06-13T17:35:37.664+0000] {logging_mixin.py:190} INFO - [2026-06-13T17:35:37.664+0000] {dagbag.py:588} INFO - Filling up the DagBag from /home/airflow/.local/lib/python3.12/site-packages/airflow/example_dags/example_skip_dag.py
[2026-06-13T17:35:37.673+0000] {processor.py:925} INFO - DAG(s) 'example_skip_dag' retrieved from /home/airflow/.local/lib/python3.12/site-packages/airflow/example_dags/example_skip_dag.py
[2026-06-13T17:35:37.696+0000] {logging_mixin.py:190} INFO - [2026-06-13T17:35:37.696+0000] {dag.py:3239} INFO - Sync 1 DAGs
[2026-06-13T17:35:37.717+0000] {logging_mixin.py:190} INFO - [2026-06-13T17:35:37.717+0000] {dag.py:4180} INFO - Setting next_dagrun for example_skip_dag to 2026-06-12 00:00:00+00:00, run_after=2026-06-13 00:00:00+00:00
[2026-06-13T17:35:37.741+0000] {processor.py:208} INFO - Processing /home/airflow/.local/lib/python3.12/site-packages/airflow/example_dags/example_skip_dag.py took 0.088 seconds
[2026-06-13T17:36:07.974+0000] {processor.py:186} INFO - Started process (PID=5537) to work on /home/airflow/.local/lib/python3.12/site-packages/airflow/example_dags/example_skip_dag.py
[2026-06-13T17:36:07.975+0000] {processor.py:914} INFO - Processing file /home/airflow/.local/lib/python3.12/site-packages/airflow/example_dags/example_skip_dag.py for tasks to queue
[2026-06-13T17:36:07.978+0000] {logging_mixin.py:190} INFO - [2026-06-13T17:36:07.977+0000] {dagbag.py:588} INFO - Filling up the DagBag from /home/airflow/.local/lib/python3.12/site-packages/airflow/example_dags/example_skip_dag.py
[2026-06-13T17:36:07.984+0000] {processor.py:925} INFO - DAG(s) 'example_skip_dag' retrieved from /home/airflow/.local/lib/python3.12/site-packages/airflow/example_dags/example_skip_dag.py
[2026-06-13T17:36:08.002+0000] {logging_mixin.py:190} INFO - [2026-06-13T17:36:08.002+0000] {dag.py:3239} INFO - Sync 1 DAGs
[2026-06-13T17:36:08.019+0000] {logging_mixin.py:190} INFO - [2026-06-13T17:36:08.019+0000] {dag.py:4180} INFO - Setting next_dagrun for example_skip_dag to 2026-06-12 00:00:00+00:00, run_after=2026-06-13 00:00:00+00:00
[2026-06-13T17:36:08.033+0000] {processor.py:208} INFO - Processing /home/airflow/.local/lib/python3.12/site-packages/airflow/example_dags/example_skip_dag.py took 0.063 seconds
[2026-06-13T17:36:38.125+0000] {processor.py:186} INFO - Started process (PID=5599) to work on /home/airflow/.local/lib/python3.12/site-packages/airflow/example_dags/example_skip_dag.py
[2026-06-13T17:36:38.127+0000] {processor.py:914} INFO - Processing file /home/airflow/.local/lib/python3.12/site-packages/airflow/example_dags/example_skip_dag.py for tasks to queue
[2026-06-13T17:36:38.129+0000] {logging_mixin.py:190} INFO - [2026-06-13T17:36:38.129+0000] {dagbag.py:588} INFO - Filling up the DagBag from /home/airflow/.local/lib/python3.12/site-packages/airflow/example_dags/example_skip_dag.py
[2026-06-13T17:36:38.135+0000] {processor.py:925} INFO - DAG(s) 'example_skip_dag' retrieved from /home/airflow/.local/lib/python3.12/site-packages/airflow/example_dags/example_skip_dag.py
[2026-06-13T17:36:38.153+0000] {logging_mixin.py:190} INFO - [2026-06-13T17:36:38.153+0000] {dag.py:3239} INFO - Sync 1 DAGs
[2026-06-13T17:36:38.171+0000] {logging_mixin.py:190} INFO - [2026-06-13T17:36:38.171+0000] {dag.py:4180} INFO - Setting next_dagrun for example_skip_dag to 2026-06-12 00:00:00+00:00, run_after=2026-06-13 00:00:00+00:00
[2026-06-13T17:36:38.188+0000] {processor.py:208} INFO - Processing /home/airflow/.local/lib/python3.12/site-packages/airflow/example_dags/example_skip_dag.py took 0.068 seconds
[2026-06-13T17:37:08.593+0000] {processor.py:186} INFO - Started process (PID=5661) to work on /home/airflow/.local/lib/python3.12/site-packages/airflow/example_dags/example_skip_dag.py
[2026-06-13T17:37:08.595+0000] {processor.py:914} INFO - Processing file /home/airflow/.local/lib/python3.12/site-packages/airflow/example_dags/example_skip_dag.py for tasks to queue
[2026-06-13T17:37:08.598+0000] {logging_mixin.py:190} INFO - [2026-06-13T17:37:08.597+0000] {dagbag.py:588} INFO - Filling up the DagBag from /home/airflow/.local/lib/python3.12/site-packages/airflow/example_dags/example_skip_dag.py
[2026-06-13T17:37:08.607+0000] {processor.py:925} INFO - DAG(s) 'example_skip_dag' retrieved from /home/airflow/.local/lib/python3.12/site-packages/airflow/example_dags/example_skip_dag.py
[2026-06-13T17:37:08.638+0000] {logging_mixin.py:190} INFO - [2026-06-13T17:37:08.638+0000] {dag.py:3239} INFO - Sync 1 DAGs
[2026-06-13T17:37:08.665+0000] {logging_mixin.py:190} INFO - [2026-06-13T17:37:08.665+0000] {dag.py:4180} INFO - Setting next_dagrun for example_skip_dag to 2026-06-12 00:00:00+00:00, run_after=2026-06-13 00:00:00+00:00
[2026-06-13T17:37:08.687+0000] {processor.py:208} INFO - Processing /home/airflow/.local/lib/python3.12/site-packages/airflow/example_dags/example_skip_dag.py took 0.102 seconds
[2026-06-13T17:37:38.922+0000] {processor.py:186} INFO - Started process (PID=5723) to work on /home/airflow/.local/lib/python3.12/site-packages/airflow/example_dags/example_skip_dag.py
[2026-06-13T17:37:38.923+0000] {processor.py:914} INFO - Processing file /home/airflow/.local/lib/python3.12/site-packages/airflow/example_dags/example_skip_dag.py for tasks to queue
[2026-06-13T17:37:38.926+0000] {logging_mixin.py:190} INFO - [2026-06-13T17:37:38.925+0000] {dagbag.py:588} INFO - Filling up the DagBag from /home/airflow/.local/lib/python3.12/site-packages/airflow/example_dags/example_skip_dag.py
[2026-06-13T17:37:38.932+0000] {processor.py:925} INFO - DAG(s) 'example_skip_dag' retrieved from /home/airflow/.local/lib/python3.12/site-packages/airflow/example_dags/example_skip_dag.py
[2026-06-13T17:37:38.950+0000] {logging_mixin.py:190} INFO - [2026-06-13T17:37:38.949+0000] {dag.py:3239} INFO - Sync 1 DAGs
[2026-06-13T17:37:38.968+0000] {logging_mixin.py:190} INFO - [2026-06-13T17:37:38.967+0000] {dag.py:4180} INFO - Setting next_dagrun for example_skip_dag to 2026-06-12 00:00:00+00:00, run_after=2026-06-13 00:00:00+00:00
[2026-06-13T17:37:38.982+0000] {processor.py:208} INFO - Processing /home/airflow/.local/lib/python3.12/site-packages/airflow/example_dags/example_skip_dag.py took 0.065 seconds
[2026-06-13T17:38:09.353+0000] {processor.py:186} INFO - Started process (PID=5785) to work on /home/airflow/.local/lib/python3.12/site-packages/airflow/example_dags/example_skip_dag.py
[2026-06-13T17:38:09.355+0000] {processor.py:914} INFO - Processing file /home/airflow/.local/lib/python3.12/site-packages/airflow/example_dags/example_skip_dag.py for tasks to queue
[2026-06-13T17:38:09.357+0000] {logging_mixin.py:190} INFO - [2026-06-13T17:38:09.357+0000] {dagbag.py:588} INFO - Filling up the DagBag from /home/airflow/.local/lib/python3.12/site-packages/airflow/example_dags/example_skip_dag.py
[2026-06-13T17:38:09.364+0000] {processor.py:925} INFO - DAG(s) 'example_skip_dag' retrieved from /home/airflow/.local/lib/python3.12/site-packages/airflow/example_dags/example_skip_dag.py
[2026-06-13T17:38:09.380+0000] {logging_mixin.py:190} INFO - [2026-06-13T17:38:09.380+0000] {dag.py:3239} INFO - Sync 1 DAGs
[2026-06-13T17:38:09.396+0000] {logging_mixin.py:190} INFO - [2026-06-13T17:38:09.396+0000] {dag.py:4180} INFO - Setting next_dagrun for example_skip_dag to 2026-06-12 00:00:00+00:00, run_after=2026-06-13 00:00:00+00:00
[2026-06-13T17:38:09.411+0000] {processor.py:208} INFO - Processing /home/airflow/.local/lib/python3.12/site-packages/airflow/example_dags/example_skip_dag.py took 0.062 seconds
[2026-06-13T17:38:39.675+0000] {processor.py:186} INFO - Started process (PID=5847) to work on /home/airflow/.local/lib/python3.12/site-packages/airflow/example_dags/example_skip_dag.py
[2026-06-13T17:38:39.676+0000] {processor.py:914} INFO - Processing file /home/airflow/.local/lib/python3.12/site-packages/airflow/example_dags/example_skip_dag.py for tasks to queue
[2026-06-13T17:38:39.679+0000] {logging_mixin.py:190} INFO - [2026-06-13T17:38:39.679+0000] {dagbag.py:588} INFO - Filling up the DagBag from /home/airflow/.local/lib/python3.12/site-packages/airflow/example_dags/example_skip_dag.py
[2026-06-13T17:38:39.687+0000] {processor.py:925} INFO - DAG(s) 'example_skip_dag' retrieved from /home/airflow/.local/lib/python3.12/site-packages/airflow/example_dags/example_skip_dag.py
[2026-06-13T17:38:39.705+0000] {logging_mixin.py:190} INFO - [2026-06-13T17:38:39.705+0000] {dag.py:3239} INFO - Sync 1 DAGs
[2026-06-13T17:38:39.730+0000] {logging_mixin.py:190} INFO - [2026-06-13T17:38:39.730+0000] {dag.py:4180} INFO - Setting next_dagrun for example_skip_dag to 2026-06-12 00:00:00+00:00, run_after=2026-06-13 00:00:00+00:00
[2026-06-13T17:38:39.769+0000] {processor.py:208} INFO - Processing /home/airflow/.local/lib/python3.12/site-packages/airflow/example_dags/example_skip_dag.py took 0.100 seconds
[2026-06-13T17:39:09.926+0000] {processor.py:186} INFO - Started process (PID=5909) to work on /home/airflow/.local/lib/python3.12/site-packages/airflow/example_dags/example_skip_dag.py
[2026-06-13T17:39:09.927+0000] {processor.py:914} INFO - Processing file /home/airflow/.local/lib/python3.12/site-packages/airflow/example_dags/example_skip_dag.py for tasks to queue
[2026-06-13T17:39:09.930+0000] {logging_mixin.py:190} INFO - [2026-06-13T17:39:09.930+0000] {dagbag.py:588} INFO - Filling up the DagBag from /home/airflow/.local/lib/python3.12/site-packages/airflow/example_dags/example_skip_dag.py
[2026-06-13T17:39:09.939+0000] {processor.py:925} INFO - DAG(s) 'example_skip_dag' retrieved from /home/airflow/.local/lib/python3.12/site-packages/airflow/example_dags/example_skip_dag.py
[2026-06-13T17:39:09.958+0000] {logging_mixin.py:190} INFO - [2026-06-13T17:39:09.958+0000] {dag.py:3239} INFO - Sync 1 DAGs
[2026-06-13T17:39:09.979+0000] {logging_mixin.py:190} INFO - [2026-06-13T17:39:09.979+0000] {dag.py:4180} INFO - Setting next_dagrun for example_skip_dag to 2026-06-12 00:00:00+00:00, run_after=2026-06-13 00:00:00+00:00
[2026-06-13T17:39:10.005+0000] {processor.py:208} INFO - Processing /home/airflow/.local/lib/python3.12/site-packages/airflow/example_dags/example_skip_dag.py took 0.084 seconds
[2026-06-13T17:39:40.467+0000] {processor.py:186} INFO - Started process (PID=5971) to work on /home/airflow/.local/lib/python3.12/site-packages/airflow/example_dags/example_skip_dag.py
[2026-06-13T17:39:40.469+0000] {processor.py:914} INFO - Processing file /home/airflow/.local/lib/python3.12/site-packages/airflow/example_dags/example_skip_dag.py for tasks to queue
[2026-06-13T17:39:40.471+0000] {logging_mixin.py:190} INFO - [2026-06-13T17:39:40.471+0000] {dagbag.py:588} INFO - Filling up the DagBag from /home/airflow/.local/lib/python3.12/site-packages/airflow/example_dags/example_skip_dag.py
[2026-06-13T17:39:40.477+0000] {processor.py:925} INFO - DAG(s) 'example_skip_dag' retrieved from /home/airflow/.local/lib/python3.12/site-packages/airflow/example_dags/example_skip_dag.py
[2026-06-13T17:39:40.495+0000] {logging_mixin.py:190} INFO - [2026-06-13T17:39:40.494+0000] {dag.py:3239} INFO - Sync 1 DAGs
[2026-06-13T17:39:40.510+0000] {logging_mixin.py:190} INFO - [2026-06-13T17:39:40.510+0000] {dag.py:4180} INFO - Setting next_dagrun for example_skip_dag to 2026-06-12 00:00:00+00:00, run_after=2026-06-13 00:00:00+00:00
[2026-06-13T17:39:40.524+0000] {processor.py:208} INFO - Processing /home/airflow/.local/lib/python3.12/site-packages/airflow/example_dags/example_skip_dag.py took 0.061 seconds
[2026-06-13T17:40:10.641+0000] {processor.py:186} INFO - Started process (PID=6033) to work on /home/airflow/.local/lib/python3.12/site-packages/airflow/example_dags/example_skip_dag.py
[2026-06-13T17:40:10.642+0000] {processor.py:914} INFO - Processing file /home/airflow/.local/lib/python3.12/site-packages/airflow/example_dags/example_skip_dag.py for tasks to queue
[2026-06-13T17:40:10.644+0000] {logging_mixin.py:190} INFO - [2026-06-13T17:40:10.644+0000] {dagbag.py:588} INFO - Filling up the DagBag from /home/airflow/.local/lib/python3.12/site-packages/airflow/example_dags/example_skip_dag.py
[2026-06-13T17:40:10.651+0000] {processor.py:925} INFO - DAG(s) 'example_skip_dag' retrieved from /home/airflow/.local/lib/python3.12/site-packages/airflow/example_dags/example_skip_dag.py
[2026-06-13T17:40:10.667+0000] {logging_mixin.py:190} INFO - [2026-06-13T17:40:10.666+0000] {dag.py:3239} INFO - Sync 1 DAGs
[2026-06-13T17:40:10.683+0000] {logging_mixin.py:190} INFO - [2026-06-13T17:40:10.683+0000] {dag.py:4180} INFO - Setting next_dagrun for example_skip_dag to 2026-06-12 00:00:00+00:00, run_after=2026-06-13 00:00:00+00:00
[2026-06-13T17:40:10.696+0000] {processor.py:208} INFO - Processing /home/airflow/.local/lib/python3.12/site-packages/airflow/example_dags/example_skip_dag.py took 0.060 seconds
[2026-06-13T17:40:41.021+0000] {processor.py:186} INFO - Started process (PID=6095) to work on /home/airflow/.local/lib/python3.12/site-packages/airflow/example_dags/example_skip_dag.py
[2026-06-13T17:40:41.022+0000] {processor.py:914} INFO - Processing file /home/airflow/.local/lib/python3.12/site-packages/airflow/example_dags/example_skip_dag.py for tasks to queue
[2026-06-13T17:40:41.024+0000] {logging_mixin.py:190} INFO - [2026-06-13T17:40:41.024+0000] {dagbag.py:588} INFO - Filling up the DagBag from /home/airflow/.local/lib/python3.12/site-packages/airflow/example_dags/example_skip_dag.py
[2026-06-13T17:40:41.030+0000] {processor.py:925} INFO - DAG(s) 'example_skip_dag' retrieved from /home/airflow/.local/lib/python3.12/site-packages/airflow/example_dags/example_skip_dag.py
[2026-06-13T17:40:41.047+0000] {logging_mixin.py:190} INFO - [2026-06-13T17:40:41.047+0000] {dag.py:3239} INFO - Sync 1 DAGs
[2026-06-13T17:40:41.065+0000] {logging_mixin.py:190} INFO - [2026-06-13T17:40:41.064+0000] {dag.py:4180} INFO - Setting next_dagrun for example_skip_dag to 2026-06-12 00:00:00+00:00, run_after=2026-06-13 00:00:00+00:00
[2026-06-13T17:40:41.079+0000] {processor.py:208} INFO - Processing /home/airflow/.local/lib/python3.12/site-packages/airflow/example_dags/example_skip_dag.py took 0.064 seconds
[2026-06-13T17:41:11.387+0000] {processor.py:186} INFO - Started process (PID=6157) to work on /home/airflow/.local/lib/python3.12/site-packages/airflow/example_dags/example_skip_dag.py
[2026-06-13T17:41:11.388+0000] {processor.py:914} INFO - Processing file /home/airflow/.local/lib/python3.12/site-packages/airflow/example_dags/example_skip_dag.py for tasks to queue
[2026-06-13T17:41:11.390+0000] {logging_mixin.py:190} INFO - [2026-06-13T17:41:11.390+0000] {dagbag.py:588} INFO - Filling up the DagBag from /home/airflow/.local/lib/python3.12/site-packages/airflow/example_dags/example_skip_dag.py
[2026-06-13T17:41:11.397+0000] {processor.py:925} INFO - DAG(s) 'example_skip_dag' retrieved from /home/airflow/.local/lib/python3.12/site-packages/airflow/example_dags/example_skip_dag.py
[2026-06-13T17:41:11.414+0000] {logging_mixin.py:190} INFO - [2026-06-13T17:41:11.414+0000] {dag.py:3239} INFO - Sync 1 DAGs
[2026-06-13T17:41:11.430+0000] {logging_mixin.py:190} INFO - [2026-06-13T17:41:11.430+0000] {dag.py:4180} INFO - Setting next_dagrun for example_skip_dag to 2026-06-12 00:00:00+00:00, run_after=2026-06-13 00:00:00+00:00
[2026-06-13T17:41:11.443+0000] {processor.py:208} INFO - Processing /home/airflow/.local/lib/python3.12/site-packages/airflow/example_dags/example_skip_dag.py took 0.062 seconds
[2026-06-13T17:41:41.644+0000] {processor.py:186} INFO - Started process (PID=6219) to work on /home/airflow/.local/lib/python3.12/site-packages/airflow/example_dags/example_skip_dag.py
[2026-06-13T17:41:41.646+0000] {processor.py:914} INFO - Processing file /home/airflow/.local/lib/python3.12/site-packages/airflow/example_dags/example_skip_dag.py for tasks to queue
[2026-06-13T17:41:41.648+0000] {logging_mixin.py:190} INFO - [2026-06-13T17:41:41.648+0000] {dagbag.py:588} INFO - Filling up the DagBag from /home/airflow/.local/lib/python3.12/site-packages/airflow/example_dags/example_skip_dag.py
[2026-06-13T17:41:41.654+0000] {processor.py:925} INFO - DAG(s) 'example_skip_dag' retrieved from /home/airflow/.local/lib/python3.12/site-packages/airflow/example_dags/example_skip_dag.py
[2026-06-13T17:41:41.670+0000] {logging_mixin.py:190} INFO - [2026-06-13T17:41:41.670+0000] {dag.py:3239} INFO - Sync 1 DAGs
[2026-06-13T17:41:41.686+0000] {logging_mixin.py:190} INFO - [2026-06-13T17:41:41.686+0000] {dag.py:4180} INFO - Setting next_dagrun for example_skip_dag to 2026-06-12 00:00:00+00:00, run_after=2026-06-13 00:00:00+00:00
[2026-06-13T17:41:41.700+0000] {processor.py:208} INFO - Processing /home/airflow/.local/lib/python3.12/site-packages/airflow/example_dags/example_skip_dag.py took 0.060 seconds
[2026-06-13T17:42:11.823+0000] {processor.py:186} INFO - Started process (PID=6281) to work on /home/airflow/.local/lib/python3.12/site-packages/airflow/example_dags/example_skip_dag.py
[2026-06-13T17:42:11.824+0000] {processor.py:914} INFO - Processing file /home/airflow/.local/lib/python3.12/site-packages/airflow/example_dags/example_skip_dag.py for tasks to queue
[2026-06-13T17:42:11.826+0000] {logging_mixin.py:190} INFO - [2026-06-13T17:42:11.826+0000] {dagbag.py:588} INFO - Filling up the DagBag from /home/airflow/.local/lib/python3.12/site-packages/airflow/example_dags/example_skip_dag.py
[2026-06-13T17:42:11.833+0000] {processor.py:925} INFO - DAG(s) 'example_skip_dag' retrieved from /home/airflow/.local/lib/python3.12/site-packages/airflow/example_dags/example_skip_dag.py
[2026-06-13T17:42:11.849+0000] {logging_mixin.py:190} INFO - [2026-06-13T17:42:11.849+0000] {dag.py:3239} INFO - Sync 1 DAGs
[2026-06-13T17:42:11.867+0000] {logging_mixin.py:190} INFO - [2026-06-13T17:42:11.867+0000] {dag.py:4180} INFO - Setting next_dagrun for example_skip_dag to 2026-06-12 00:00:00+00:00, run_after=2026-06-13 00:00:00+00:00
[2026-06-13T17:42:11.881+0000] {processor.py:208} INFO - Processing /home/airflow/.local/lib/python3.12/site-packages/airflow/example_dags/example_skip_dag.py took 0.063 seconds
[2026-06-13T17:42:42.316+0000] {processor.py:186} INFO - Started process (PID=6343) to work on /home/airflow/.local/lib/python3.12/site-packages/airflow/example_dags/example_skip_dag.py
[2026-06-13T17:42:42.317+0000] {processor.py:914} INFO - Processing file /home/airflow/.local/lib/python3.12/site-packages/airflow/example_dags/example_skip_dag.py for tasks to queue
[2026-06-13T17:42:42.319+0000] {logging_mixin.py:190} INFO - [2026-06-13T17:42:42.319+0000] {dagbag.py:588} INFO - Filling up the DagBag from /home/airflow/.local/lib/python3.12/site-packages/airflow/example_dags/example_skip_dag.py
[2026-06-13T17:42:42.325+0000] {processor.py:925} INFO - DAG(s) 'example_skip_dag' retrieved from /home/airflow/.local/lib/python3.12/site-packages/airflow/example_dags/example_skip_dag.py
[2026-06-13T17:42:42.344+0000] {logging_mixin.py:190} INFO - [2026-06-13T17:42:42.344+0000] {dag.py:3239} INFO - Sync 1 DAGs
[2026-06-13T17:42:42.363+0000] {logging_mixin.py:190} INFO - [2026-06-13T17:42:42.363+0000] {dag.py:4180} INFO - Setting next_dagrun for example_skip_dag to 2026-06-12 00:00:00+00:00, run_after=2026-06-13 00:00:00+00:00
[2026-06-13T17:42:42.383+0000] {processor.py:208} INFO - Processing /home/airflow/.local/lib/python3.12/site-packages/airflow/example_dags/example_skip_dag.py took 0.072 seconds
[2026-06-13T17:43:12.630+0000] {processor.py:186} INFO - Started process (PID=6405) to work on /home/airflow/.local/lib/python3.12/site-packages/airflow/example_dags/example_skip_dag.py
[2026-06-13T17:43:12.632+0000] {processor.py:914} INFO - Processing file /home/airflow/.local/lib/python3.12/site-packages/airflow/example_dags/example_skip_dag.py for tasks to queue
[2026-06-13T17:43:12.634+0000] {logging_mixin.py:190} INFO - [2026-06-13T17:43:12.634+0000] {dagbag.py:588} INFO - Filling up the DagBag from /home/airflow/.local/lib/python3.12/site-packages/airflow/example_dags/example_skip_dag.py
[2026-06-13T17:43:12.641+0000] {processor.py:925} INFO - DAG(s) 'example_skip_dag' retrieved from /home/airflow/.local/lib/python3.12/site-packages/airflow/example_dags/example_skip_dag.py
[2026-06-13T17:43:12.659+0000] {logging_mixin.py:190} INFO - [2026-06-13T17:43:12.659+0000] {dag.py:3239} INFO - Sync 1 DAGs
[2026-06-13T17:43:12.679+0000] {logging_mixin.py:190} INFO - [2026-06-13T17:43:12.678+0000] {dag.py:4180} INFO - Setting next_dagrun for example_skip_dag to 2026-06-12 00:00:00+00:00, run_after=2026-06-13 00:00:00+00:00
[2026-06-13T17:43:12.693+0000] {processor.py:208} INFO - Processing /home/airflow/.local/lib/python3.12/site-packages/airflow/example_dags/example_skip_dag.py took 0.068 seconds
[2026-06-13T17:43:43.036+0000] {processor.py:186} INFO - Started process (PID=6467) to work on /home/airflow/.local/lib/python3.12/site-packages/airflow/example_dags/example_skip_dag.py
[2026-06-13T17:43:43.037+0000] {processor.py:914} INFO - Processing file /home/airflow/.local/lib/python3.12/site-packages/airflow/example_dags/example_skip_dag.py for tasks to queue
[2026-06-13T17:43:43.040+0000] {logging_mixin.py:190} INFO - [2026-06-13T17:43:43.039+0000] {dagbag.py:588} INFO - Filling up the DagBag from /home/airflow/.local/lib/python3.12/site-packages/airflow/example_dags/example_skip_dag.py
[2026-06-13T17:43:43.046+0000] {processor.py:925} INFO - DAG(s) 'example_skip_dag' retrieved from /home/airflow/.local/lib/python3.12/site-packages/airflow/example_dags/example_skip_dag.py
[2026-06-13T17:43:43.062+0000] {logging_mixin.py:190} INFO - [2026-06-13T17:43:43.062+0000] {dag.py:3239} INFO - Sync 1 DAGs
[2026-06-13T17:43:43.078+0000] {logging_mixin.py:190} INFO - [2026-06-13T17:43:43.078+0000] {dag.py:4180} INFO - Setting next_dagrun for example_skip_dag to 2026-06-12 00:00:00+00:00, run_after=2026-06-13 00:00:00+00:00
[2026-06-13T17:43:43.091+0000] {processor.py:208} INFO - Processing /home/airflow/.local/lib/python3.12/site-packages/airflow/example_dags/example_skip_dag.py took 0.060 seconds
[2026-06-13T17:44:13.254+0000] {processor.py:186} INFO - Started process (PID=6529) to work on /home/airflow/.local/lib/python3.12/site-packages/airflow/example_dags/example_skip_dag.py
[2026-06-13T17:44:13.255+0000] {processor.py:914} INFO - Processing file /home/airflow/.local/lib/python3.12/site-packages/airflow/example_dags/example_skip_dag.py for tasks to queue
[2026-06-13T17:44:13.257+0000] {logging_mixin.py:190} INFO - [2026-06-13T17:44:13.257+0000] {dagbag.py:588} INFO - Filling up the DagBag from /home/airflow/.local/lib/python3.12/site-packages/airflow/example_dags/example_skip_dag.py
[2026-06-13T17:44:13.264+0000] {processor.py:925} INFO - DAG(s) 'example_skip_dag' retrieved from /home/airflow/.local/lib/python3.12/site-packages/airflow/example_dags/example_skip_dag.py
[2026-06-13T17:44:13.280+0000] {logging_mixin.py:190} INFO - [2026-06-13T17:44:13.279+0000] {dag.py:3239} INFO - Sync 1 DAGs
[2026-06-13T17:44:13.296+0000] {logging_mixin.py:190} INFO - [2026-06-13T17:44:13.296+0000] {dag.py:4180} INFO - Setting next_dagrun for example_skip_dag to 2026-06-12 00:00:00+00:00, run_after=2026-06-13 00:00:00+00:00
[2026-06-13T17:44:13.312+0000] {processor.py:208} INFO - Processing /home/airflow/.local/lib/python3.12/site-packages/airflow/example_dags/example_skip_dag.py took 0.062 seconds
[2026-06-13T17:44:43.385+0000] {processor.py:186} INFO - Started process (PID=6591) to work on /home/airflow/.local/lib/python3.12/site-packages/airflow/example_dags/example_skip_dag.py
[2026-06-13T17:44:43.386+0000] {processor.py:914} INFO - Processing file /home/airflow/.local/lib/python3.12/site-packages/airflow/example_dags/example_skip_dag.py for tasks to queue
[2026-06-13T17:44:43.388+0000] {logging_mixin.py:190} INFO - [2026-06-13T17:44:43.388+0000] {dagbag.py:588} INFO - Filling up the DagBag from /home/airflow/.local/lib/python3.12/site-packages/airflow/example_dags/example_skip_dag.py
[2026-06-13T17:44:43.394+0000] {processor.py:925} INFO - DAG(s) 'example_skip_dag' retrieved from /home/airflow/.local/lib/python3.12/site-packages/airflow/example_dags/example_skip_dag.py
[2026-06-13T17:44:43.411+0000] {logging_mixin.py:190} INFO - [2026-06-13T17:44:43.410+0000] {dag.py:3239} INFO - Sync 1 DAGs
[2026-06-13T17:44:43.428+0000] {logging_mixin.py:190} INFO - [2026-06-13T17:44:43.428+0000] {dag.py:4180} INFO - Setting next_dagrun for example_skip_dag to 2026-06-12 00:00:00+00:00, run_after=2026-06-13 00:00:00+00:00
[2026-06-13T17:44:43.442+0000] {processor.py:208} INFO - Processing /home/airflow/.local/lib/python3.12/site-packages/airflow/example_dags/example_skip_dag.py took 0.062 seconds
[2026-06-13T17:45:13.821+0000] {processor.py:186} INFO - Started process (PID=6653) to work on /home/airflow/.local/lib/python3.12/site-packages/airflow/example_dags/example_skip_dag.py
[2026-06-13T17:45:13.822+0000] {processor.py:914} INFO - Processing file /home/airflow/.local/lib/python3.12/site-packages/airflow/example_dags/example_skip_dag.py for tasks to queue
[2026-06-13T17:45:13.824+0000] {logging_mixin.py:190} INFO - [2026-06-13T17:45:13.824+0000] {dagbag.py:588} INFO - Filling up the DagBag from /home/airflow/.local/lib/python3.12/site-packages/airflow/example_dags/example_skip_dag.py
[2026-06-13T17:45:13.830+0000] {processor.py:925} INFO - DAG(s) 'example_skip_dag' retrieved from /home/airflow/.local/lib/python3.12/site-packages/airflow/example_dags/example_skip_dag.py
[2026-06-13T17:45:13.848+0000] {logging_mixin.py:190} INFO - [2026-06-13T17:45:13.848+0000] {dag.py:3239} INFO - Sync 1 DAGs
[2026-06-13T17:45:13.867+0000] {logging_mixin.py:190} INFO - [2026-06-13T17:45:13.866+0000] {dag.py:4180} INFO - Setting next_dagrun for example_skip_dag to 2026-06-12 00:00:00+00:00, run_after=2026-06-13 00:00:00+00:00
[2026-06-13T17:45:13.882+0000] {processor.py:208} INFO - Processing /home/airflow/.local/lib/python3.12/site-packages/airflow/example_dags/example_skip_dag.py took 0.066 seconds
[2026-06-13T17:45:44.578+0000] {processor.py:186} INFO - Started process (PID=6715) to work on /home/airflow/.local/lib/python3.12/site-packages/airflow/example_dags/example_skip_dag.py
[2026-06-13T17:45:44.579+0000] {processor.py:914} INFO - Processing file /home/airflow/.local/lib/python3.12/site-packages/airflow/example_dags/example_skip_dag.py for tasks to queue
[2026-06-13T17:45:44.582+0000] {logging_mixin.py:190} INFO - [2026-06-13T17:45:44.581+0000] {dagbag.py:588} INFO - Filling up the DagBag from /home/airflow/.local/lib/python3.12/site-packages/airflow/example_dags/example_skip_dag.py
[2026-06-13T17:45:44.589+0000] {processor.py:925} INFO - DAG(s) 'example_skip_dag' retrieved from /home/airflow/.local/lib/python3.12/site-packages/airflow/example_dags/example_skip_dag.py
[2026-06-13T17:45:44.605+0000] {logging_mixin.py:190} INFO - [2026-06-13T17:45:44.605+0000] {dag.py:3239} INFO - Sync 1 DAGs
[2026-06-13T17:45:44.623+0000] {logging_mixin.py:190} INFO - [2026-06-13T17:45:44.623+0000] {dag.py:4180} INFO - Setting next_dagrun for example_skip_dag to 2026-06-12 00:00:00+00:00, run_after=2026-06-13 00:00:00+00:00
[2026-06-13T17:45:44.637+0000] {processor.py:208} INFO - Processing /home/airflow/.local/lib/python3.12/site-packages/airflow/example_dags/example_skip_dag.py took 0.064 seconds
[2026-06-13T17:46:15.108+0000] {processor.py:186} INFO - Started process (PID=6777) to work on /home/airflow/.local/lib/python3.12/site-packages/airflow/example_dags/example_skip_dag.py
[2026-06-13T17:46:15.109+0000] {processor.py:914} INFO - Processing file /home/airflow/.local/lib/python3.12/site-packages/airflow/example_dags/example_skip_dag.py for tasks to queue
[2026-06-13T17:46:15.112+0000] {logging_mixin.py:190} INFO - [2026-06-13T17:46:15.111+0000] {dagbag.py:588} INFO - Filling up the DagBag from /home/airflow/.local/lib/python3.12/site-packages/airflow/example_dags/example_skip_dag.py
[2026-06-13T17:46:15.118+0000] {processor.py:925} INFO - DAG(s) 'example_skip_dag' retrieved from /home/airflow/.local/lib/python3.12/site-packages/airflow/example_dags/example_skip_dag.py
[2026-06-13T17:46:15.136+0000] {logging_mixin.py:190} INFO - [2026-06-13T17:46:15.135+0000] {dag.py:3239} INFO - Sync 1 DAGs
[2026-06-13T17:46:15.152+0000] {logging_mixin.py:190} INFO - [2026-06-13T17:46:15.152+0000] {dag.py:4180} INFO - Setting next_dagrun for example_skip_dag to 2026-06-12 00:00:00+00:00, run_after=2026-06-13 00:00:00+00:00
[2026-06-13T17:46:15.169+0000] {processor.py:208} INFO - Processing /home/airflow/.local/lib/python3.12/site-packages/airflow/example_dags/example_skip_dag.py took 0.066 seconds
[2026-06-13T17:46:45.603+0000] {processor.py:186} INFO - Started process (PID=6839) to work on /home/airflow/.local/lib/python3.12/site-packages/airflow/example_dags/example_skip_dag.py
[2026-06-13T17:46:45.604+0000] {processor.py:914} INFO - Processing file /home/airflow/.local/lib/python3.12/site-packages/airflow/example_dags/example_skip_dag.py for tasks to queue
[2026-06-13T17:46:45.608+0000] {logging_mixin.py:190} INFO - [2026-06-13T17:46:45.607+0000] {dagbag.py:588} INFO - Filling up the DagBag from /home/airflow/.local/lib/python3.12/site-packages/airflow/example_dags/example_skip_dag.py
[2026-06-13T17:46:45.615+0000] {processor.py:925} INFO - DAG(s) 'example_skip_dag' retrieved from /home/airflow/.local/lib/python3.12/site-packages/airflow/example_dags/example_skip_dag.py
[2026-06-13T17:46:45.637+0000] {logging_mixin.py:190} INFO - [2026-06-13T17:46:45.637+0000] {dag.py:3239} INFO - Sync 1 DAGs
[2026-06-13T17:46:45.660+0000] {logging_mixin.py:190} INFO - [2026-06-13T17:46:45.660+0000] {dag.py:4180} INFO - Setting next_dagrun for example_skip_dag to 2026-06-12 00:00:00+00:00, run_after=2026-06-13 00:00:00+00:00
[2026-06-13T17:46:45.678+0000] {processor.py:208} INFO - Processing /home/airflow/.local/lib/python3.12/site-packages/airflow/example_dags/example_skip_dag.py took 0.081 seconds
[2026-06-13T17:47:15.926+0000] {processor.py:186} INFO - Started process (PID=6901) to work on /home/airflow/.local/lib/python3.12/site-packages/airflow/example_dags/example_skip_dag.py
[2026-06-13T17:47:15.928+0000] {processor.py:914} INFO - Processing file /home/airflow/.local/lib/python3.12/site-packages/airflow/example_dags/example_skip_dag.py for tasks to queue
[2026-06-13T17:47:15.930+0000] {logging_mixin.py:190} INFO - [2026-06-13T17:47:15.929+0000] {dagbag.py:588} INFO - Filling up the DagBag from /home/airflow/.local/lib/python3.12/site-packages/airflow/example_dags/example_skip_dag.py
[2026-06-13T17:47:15.936+0000] {processor.py:925} INFO - DAG(s) 'example_skip_dag' retrieved from /home/airflow/.local/lib/python3.12/site-packages/airflow/example_dags/example_skip_dag.py
[2026-06-13T17:47:15.954+0000] {logging_mixin.py:190} INFO - [2026-06-13T17:47:15.954+0000] {dag.py:3239} INFO - Sync 1 DAGs
[2026-06-13T17:47:15.973+0000] {logging_mixin.py:190} INFO - [2026-06-13T17:47:15.973+0000] {dag.py:4180} INFO - Setting next_dagrun for example_skip_dag to 2026-06-12 00:00:00+00:00, run_after=2026-06-13 00:00:00+00:00
[2026-06-13T17:47:15.995+0000] {processor.py:208} INFO - Processing /home/airflow/.local/lib/python3.12/site-packages/airflow/example_dags/example_skip_dag.py took 0.074 seconds
[2026-06-13T17:47:46.384+0000] {processor.py:186} INFO - Started process (PID=6963) to work on /home/airflow/.local/lib/python3.12/site-packages/airflow/example_dags/example_skip_dag.py
[2026-06-13T17:47:46.385+0000] {processor.py:914} INFO - Processing file /home/airflow/.local/lib/python3.12/site-packages/airflow/example_dags/example_skip_dag.py for tasks to queue
[2026-06-13T17:47:46.387+0000] {logging_mixin.py:190} INFO - [2026-06-13T17:47:46.387+0000] {dagbag.py:588} INFO - Filling up the DagBag from /home/airflow/.local/lib/python3.12/site-packages/airflow/example_dags/example_skip_dag.py
[2026-06-13T17:47:46.393+0000] {processor.py:925} INFO - DAG(s) 'example_skip_dag' retrieved from /home/airflow/.local/lib/python3.12/site-packages/airflow/example_dags/example_skip_dag.py
[2026-06-13T17:47:46.410+0000] {logging_mixin.py:190} INFO - [2026-06-13T17:47:46.410+0000] {dag.py:3239} INFO - Sync 1 DAGs
[2026-06-13T17:47:46.428+0000] {logging_mixin.py:190} INFO - [2026-06-13T17:47:46.428+0000] {dag.py:4180} INFO - Setting next_dagrun for example_skip_dag to 2026-06-12 00:00:00+00:00, run_after=2026-06-13 00:00:00+00:00
[2026-06-13T17:47:46.447+0000] {processor.py:208} INFO - Processing /home/airflow/.local/lib/python3.12/site-packages/airflow/example_dags/example_skip_dag.py took 0.068 seconds
[2026-06-13T17:48:16.942+0000] {processor.py:186} INFO - Started process (PID=7025) to work on /home/airflow/.local/lib/python3.12/site-packages/airflow/example_dags/example_skip_dag.py
[2026-06-13T17:48:16.944+0000] {processor.py:914} INFO - Processing file /home/airflow/.local/lib/python3.12/site-packages/airflow/example_dags/example_skip_dag.py for tasks to queue
[2026-06-13T17:48:16.946+0000] {logging_mixin.py:190} INFO - [2026-06-13T17:48:16.946+0000] {dagbag.py:588} INFO - Filling up the DagBag from /home/airflow/.local/lib/python3.12/site-packages/airflow/example_dags/example_skip_dag.py
[2026-06-13T17:48:16.954+0000] {processor.py:925} INFO - DAG(s) 'example_skip_dag' retrieved from /home/airflow/.local/lib/python3.12/site-packages/airflow/example_dags/example_skip_dag.py
[2026-06-13T17:48:16.972+0000] {logging_mixin.py:190} INFO - [2026-06-13T17:48:16.971+0000] {dag.py:3239} INFO - Sync 1 DAGs
[2026-06-13T17:48:16.993+0000] {logging_mixin.py:190} INFO - [2026-06-13T17:48:16.993+0000] {dag.py:4180} INFO - Setting next_dagrun for example_skip_dag to 2026-06-12 00:00:00+00:00, run_after=2026-06-13 00:00:00+00:00
[2026-06-13T17:48:17.013+0000] {processor.py:208} INFO - Processing /home/airflow/.local/lib/python3.12/site-packages/airflow/example_dags/example_skip_dag.py took 0.076 seconds
[2026-06-13T17:48:47.556+0000] {processor.py:186} INFO - Started process (PID=7087) to work on /home/airflow/.local/lib/python3.12/site-packages/airflow/example_dags/example_skip_dag.py
[2026-06-13T17:48:47.557+0000] {processor.py:914} INFO - Processing file /home/airflow/.local/lib/python3.12/site-packages/airflow/example_dags/example_skip_dag.py for tasks to queue
[2026-06-13T17:48:47.561+0000] {logging_mixin.py:190} INFO - [2026-06-13T17:48:47.560+0000] {dagbag.py:588} INFO - Filling up the DagBag from /home/airflow/.local/lib/python3.12/site-packages/airflow/example_dags/example_skip_dag.py
[2026-06-13T17:48:47.570+0000] {processor.py:925} INFO - DAG(s) 'example_skip_dag' retrieved from /home/airflow/.local/lib/python3.12/site-packages/airflow/example_dags/example_skip_dag.py
[2026-06-13T17:48:47.596+0000] {logging_mixin.py:190} INFO - [2026-06-13T17:48:47.596+0000] {dag.py:3239} INFO - Sync 1 DAGs
[2026-06-13T17:48:47.621+0000] {logging_mixin.py:190} INFO - [2026-06-13T17:48:47.620+0000] {dag.py:4180} INFO - Setting next_dagrun for example_skip_dag to 2026-06-12 00:00:00+00:00, run_after=2026-06-13 00:00:00+00:00
[2026-06-13T17:48:47.645+0000] {processor.py:208} INFO - Processing /home/airflow/.local/lib/python3.12/site-packages/airflow/example_dags/example_skip_dag.py took 0.095 seconds
[2026-06-13T17:49:17.709+0000] {processor.py:186} INFO - Started process (PID=7149) to work on /home/airflow/.local/lib/python3.12/site-packages/airflow/example_dags/example_skip_dag.py
[2026-06-13T17:49:17.711+0000] {processor.py:914} INFO - Processing file /home/airflow/.local/lib/python3.12/site-packages/airflow/example_dags/example_skip_dag.py for tasks to queue
[2026-06-13T17:49:17.715+0000] {logging_mixin.py:190} INFO - [2026-06-13T17:49:17.714+0000] {dagbag.py:588} INFO - Filling up the DagBag from /home/airflow/.local/lib/python3.12/site-packages/airflow/example_dags/example_skip_dag.py
[2026-06-13T17:49:17.725+0000] {processor.py:925} INFO - DAG(s) 'example_skip_dag' retrieved from /home/airflow/.local/lib/python3.12/site-packages/airflow/example_dags/example_skip_dag.py
[2026-06-13T17:49:17.750+0000] {logging_mixin.py:190} INFO - [2026-06-13T17:49:17.750+0000] {dag.py:3239} INFO - Sync 1 DAGs
[2026-06-13T17:49:17.774+0000] {logging_mixin.py:190} INFO - [2026-06-13T17:49:17.774+0000] {dag.py:4180} INFO - Setting next_dagrun for example_skip_dag to 2026-06-12 00:00:00+00:00, run_after=2026-06-13 00:00:00+00:00
[2026-06-13T17:49:17.796+0000] {processor.py:208} INFO - Processing /home/airflow/.local/lib/python3.12/site-packages/airflow/example_dags/example_skip_dag.py took 0.094 seconds
[2026-06-13T17:49:48.808+0000] {processor.py:186} INFO - Started process (PID=7211) to work on /home/airflow/.local/lib/python3.12/site-packages/airflow/example_dags/example_skip_dag.py
[2026-06-13T17:49:48.810+0000] {processor.py:914} INFO - Processing file /home/airflow/.local/lib/python3.12/site-packages/airflow/example_dags/example_skip_dag.py for tasks to queue
[2026-06-13T17:49:48.815+0000] {logging_mixin.py:190} INFO - [2026-06-13T17:49:48.815+0000] {dagbag.py:588} INFO - Filling up the DagBag from /home/airflow/.local/lib/python3.12/site-packages/airflow/example_dags/example_skip_dag.py
[2026-06-13T17:49:48.834+0000] {processor.py:925} INFO - DAG(s) 'example_skip_dag' retrieved from /home/airflow/.local/lib/python3.12/site-packages/airflow/example_dags/example_skip_dag.py
[2026-06-13T17:49:48.893+0000] {logging_mixin.py:190} INFO - [2026-06-13T17:49:48.892+0000] {dag.py:3239} INFO - Sync 1 DAGs
[2026-06-13T17:49:48.947+0000] {logging_mixin.py:190} INFO - [2026-06-13T17:49:48.946+0000] {dag.py:4180} INFO - Setting next_dagrun for example_skip_dag to 2026-06-12 00:00:00+00:00, run_after=2026-06-13 00:00:00+00:00
[2026-06-13T17:49:49.016+0000] {processor.py:208} INFO - Processing /home/airflow/.local/lib/python3.12/site-packages/airflow/example_dags/example_skip_dag.py took 0.222 seconds
[2026-06-13T17:50:19.578+0000] {processor.py:186} INFO - Started process (PID=7274) to work on /home/airflow/.local/lib/python3.12/site-packages/airflow/example_dags/example_skip_dag.py
[2026-06-13T17:50:19.582+0000] {processor.py:914} INFO - Processing file /home/airflow/.local/lib/python3.12/site-packages/airflow/example_dags/example_skip_dag.py for tasks to queue
[2026-06-13T17:50:19.592+0000] {logging_mixin.py:190} INFO - [2026-06-13T17:50:19.590+0000] {dagbag.py:588} INFO - Filling up the DagBag from /home/airflow/.local/lib/python3.12/site-packages/airflow/example_dags/example_skip_dag.py
[2026-06-13T17:50:19.623+0000] {processor.py:925} INFO - DAG(s) 'example_skip_dag' retrieved from /home/airflow/.local/lib/python3.12/site-packages/airflow/example_dags/example_skip_dag.py
[2026-06-13T17:50:19.702+0000] {logging_mixin.py:190} INFO - [2026-06-13T17:50:19.701+0000] {dag.py:3239} INFO - Sync 1 DAGs
[2026-06-13T17:50:19.781+0000] {logging_mixin.py:190} INFO - [2026-06-13T17:50:19.780+0000] {dag.py:4180} INFO - Setting next_dagrun for example_skip_dag to 2026-06-12 00:00:00+00:00, run_after=2026-06-13 00:00:00+00:00
[2026-06-13T17:50:19.872+0000] {processor.py:208} INFO - Processing /home/airflow/.local/lib/python3.12/site-packages/airflow/example_dags/example_skip_dag.py took 0.316 seconds
[2026-06-13T17:50:50.351+0000] {processor.py:186} INFO - Started process (PID=7337) to work on /home/airflow/.local/lib/python3.12/site-packages/airflow/example_dags/example_skip_dag.py
[2026-06-13T17:50:50.355+0000] {processor.py:914} INFO - Processing file /home/airflow/.local/lib/python3.12/site-packages/airflow/example_dags/example_skip_dag.py for tasks to queue
[2026-06-13T17:50:50.364+0000] {logging_mixin.py:190} INFO - [2026-06-13T17:50:50.362+0000] {dagbag.py:588} INFO - Filling up the DagBag from /home/airflow/.local/lib/python3.12/site-packages/airflow/example_dags/example_skip_dag.py
[2026-06-13T17:50:50.397+0000] {processor.py:925} INFO - DAG(s) 'example_skip_dag' retrieved from /home/airflow/.local/lib/python3.12/site-packages/airflow/example_dags/example_skip_dag.py
[2026-06-13T17:50:50.464+0000] {logging_mixin.py:190} INFO - [2026-06-13T17:50:50.463+0000] {dag.py:3239} INFO - Sync 1 DAGs
[2026-06-13T17:50:50.534+0000] {logging_mixin.py:190} INFO - [2026-06-13T17:50:50.533+0000] {dag.py:4180} INFO - Setting next_dagrun for example_skip_dag to 2026-06-12 00:00:00+00:00, run_after=2026-06-13 00:00:00+00:00
[2026-06-13T17:50:50.587+0000] {processor.py:208} INFO - Processing /home/airflow/.local/lib/python3.12/site-packages/airflow/example_dags/example_skip_dag.py took 0.254 seconds
[2026-06-13T17:51:22.860+0000] {processor.py:186} INFO - Started process (PID=7399) to work on /home/airflow/.local/lib/python3.12/site-packages/airflow/example_dags/example_skip_dag.py
[2026-06-13T17:51:22.864+0000] {processor.py:914} INFO - Processing file /home/airflow/.local/lib/python3.12/site-packages/airflow/example_dags/example_skip_dag.py for tasks to queue
[2026-06-13T17:51:22.874+0000] {logging_mixin.py:190} INFO - [2026-06-13T17:51:22.873+0000] {dagbag.py:588} INFO - Filling up the DagBag from /home/airflow/.local/lib/python3.12/site-packages/airflow/example_dags/example_skip_dag.py
[2026-06-13T17:51:22.898+0000] {processor.py:925} INFO - DAG(s) 'example_skip_dag' retrieved from /home/airflow/.local/lib/python3.12/site-packages/airflow/example_dags/example_skip_dag.py
[2026-06-13T17:51:22.962+0000] {logging_mixin.py:190} INFO - [2026-06-13T17:51:22.961+0000] {dag.py:3239} INFO - Sync 1 DAGs
[2026-06-13T17:51:23.043+0000] {logging_mixin.py:190} INFO - [2026-06-13T17:51:23.042+0000] {dag.py:4180} INFO - Setting next_dagrun for example_skip_dag to 2026-06-12 00:00:00+00:00, run_after=2026-06-13 00:00:00+00:00
[2026-06-13T17:51:23.102+0000] {processor.py:208} INFO - Processing /home/airflow/.local/lib/python3.12/site-packages/airflow/example_dags/example_skip_dag.py took 0.260 seconds
[2026-06-13T17:51:53.865+0000] {processor.py:186} INFO - Started process (PID=7461) to work on /home/airflow/.local/lib/python3.12/site-packages/airflow/example_dags/example_skip_dag.py
[2026-06-13T17:51:53.869+0000] {processor.py:914} INFO - Processing file /home/airflow/.local/lib/python3.12/site-packages/airflow/example_dags/example_skip_dag.py for tasks to queue
[2026-06-13T17:51:53.879+0000] {logging_mixin.py:190} INFO - [2026-06-13T17:51:53.877+0000] {dagbag.py:588} INFO - Filling up the DagBag from /home/airflow/.local/lib/python3.12/site-packages/airflow/example_dags/example_skip_dag.py
[2026-06-13T17:51:53.918+0000] {processor.py:925} INFO - DAG(s) 'example_skip_dag' retrieved from /home/airflow/.local/lib/python3.12/site-packages/airflow/example_dags/example_skip_dag.py
[2026-06-13T17:51:54.021+0000] {logging_mixin.py:190} INFO - [2026-06-13T17:51:54.020+0000] {dag.py:3239} INFO - Sync 1 DAGs
[2026-06-13T17:51:54.134+0000] {logging_mixin.py:190} INFO - [2026-06-13T17:51:54.133+0000] {dag.py:4180} INFO - Setting next_dagrun for example_skip_dag to 2026-06-12 00:00:00+00:00, run_after=2026-06-13 00:00:00+00:00
[2026-06-13T17:51:54.200+0000] {processor.py:208} INFO - Processing /home/airflow/.local/lib/python3.12/site-packages/airflow/example_dags/example_skip_dag.py took 0.361 seconds
[2026-06-13T17:52:24.357+0000] {processor.py:186} INFO - Started process (PID=7523) to work on /home/airflow/.local/lib/python3.12/site-packages/airflow/example_dags/example_skip_dag.py
[2026-06-13T17:52:24.359+0000] {processor.py:914} INFO - Processing file /home/airflow/.local/lib/python3.12/site-packages/airflow/example_dags/example_skip_dag.py for tasks to queue
[2026-06-13T17:52:24.364+0000] {logging_mixin.py:190} INFO - [2026-06-13T17:52:24.364+0000] {dagbag.py:588} INFO - Filling up the DagBag from /home/airflow/.local/lib/python3.12/site-packages/airflow/example_dags/example_skip_dag.py
[2026-06-13T17:52:24.372+0000] {processor.py:925} INFO - DAG(s) 'example_skip_dag' retrieved from /home/airflow/.local/lib/python3.12/site-packages/airflow/example_dags/example_skip_dag.py
[2026-06-13T17:52:24.398+0000] {logging_mixin.py:190} INFO - [2026-06-13T17:52:24.398+0000] {dag.py:3239} INFO - Sync 1 DAGs
[2026-06-13T17:52:24.421+0000] {logging_mixin.py:190} INFO - [2026-06-13T17:52:24.421+0000] {dag.py:4180} INFO - Setting next_dagrun for example_skip_dag to 2026-06-12 00:00:00+00:00, run_after=2026-06-13 00:00:00+00:00
[2026-06-13T17:52:24.444+0000] {processor.py:208} INFO - Processing /home/airflow/.local/lib/python3.12/site-packages/airflow/example_dags/example_skip_dag.py took 0.093 seconds
[2026-06-13T17:52:54.582+0000] {processor.py:186} INFO - Started process (PID=7584) to work on /home/airflow/.local/lib/python3.12/site-packages/airflow/example_dags/example_skip_dag.py
[2026-06-13T17:52:54.583+0000] {processor.py:914} INFO - Processing file /home/airflow/.local/lib/python3.12/site-packages/airflow/example_dags/example_skip_dag.py for tasks to queue
[2026-06-13T17:52:54.587+0000] {logging_mixin.py:190} INFO - [2026-06-13T17:52:54.586+0000] {dagbag.py:588} INFO - Filling up the DagBag from /home/airflow/.local/lib/python3.12/site-packages/airflow/example_dags/example_skip_dag.py
[2026-06-13T17:52:54.597+0000] {processor.py:925} INFO - DAG(s) 'example_skip_dag' retrieved from /home/airflow/.local/lib/python3.12/site-packages/airflow/example_dags/example_skip_dag.py
[2026-06-13T17:52:54.634+0000] {logging_mixin.py:190} INFO - [2026-06-13T17:52:54.633+0000] {dag.py:3239} INFO - Sync 1 DAGs
[2026-06-13T17:52:54.683+0000] {logging_mixin.py:190} INFO - [2026-06-13T17:52:54.683+0000] {dag.py:4180} INFO - Setting next_dagrun for example_skip_dag to 2026-06-12 00:00:00+00:00, run_after=2026-06-13 00:00:00+00:00
[2026-06-13T17:52:54.716+0000] {processor.py:208} INFO - Processing /home/airflow/.local/lib/python3.12/site-packages/airflow/example_dags/example_skip_dag.py took 0.142 seconds
[2026-06-13T17:53:24.942+0000] {processor.py:186} INFO - Started process (PID=7646) to work on /home/airflow/.local/lib/python3.12/site-packages/airflow/example_dags/example_skip_dag.py
[2026-06-13T17:53:24.944+0000] {processor.py:914} INFO - Processing file /home/airflow/.local/lib/python3.12/site-packages/airflow/example_dags/example_skip_dag.py for tasks to queue
[2026-06-13T17:53:24.946+0000] {logging_mixin.py:190} INFO - [2026-06-13T17:53:24.946+0000] {dagbag.py:588} INFO - Filling up the DagBag from /home/airflow/.local/lib/python3.12/site-packages/airflow/example_dags/example_skip_dag.py
[2026-06-13T17:53:24.955+0000] {processor.py:925} INFO - DAG(s) 'example_skip_dag' retrieved from /home/airflow/.local/lib/python3.12/site-packages/airflow/example_dags/example_skip_dag.py
[2026-06-13T17:53:24.978+0000] {logging_mixin.py:190} INFO - [2026-06-13T17:53:24.978+0000] {dag.py:3239} INFO - Sync 1 DAGs
[2026-06-13T17:53:24.999+0000] {logging_mixin.py:190} INFO - [2026-06-13T17:53:24.999+0000] {dag.py:4180} INFO - Setting next_dagrun for example_skip_dag to 2026-06-12 00:00:00+00:00, run_after=2026-06-13 00:00:00+00:00
[2026-06-13T17:53:25.018+0000] {processor.py:208} INFO - Processing /home/airflow/.local/lib/python3.12/site-packages/airflow/example_dags/example_skip_dag.py took 0.081 seconds
[2026-06-13T17:53:55.444+0000] {processor.py:186} INFO - Started process (PID=7708) to work on /home/airflow/.local/lib/python3.12/site-packages/airflow/example_dags/example_skip_dag.py
[2026-06-13T17:53:55.446+0000] {processor.py:914} INFO - Processing file /home/airflow/.local/lib/python3.12/site-packages/airflow/example_dags/example_skip_dag.py for tasks to queue
[2026-06-13T17:53:55.448+0000] {logging_mixin.py:190} INFO - [2026-06-13T17:53:55.448+0000] {dagbag.py:588} INFO - Filling up the DagBag from /home/airflow/.local/lib/python3.12/site-packages/airflow/example_dags/example_skip_dag.py
[2026-06-13T17:53:55.455+0000] {processor.py:925} INFO - DAG(s) 'example_skip_dag' retrieved from /home/airflow/.local/lib/python3.12/site-packages/airflow/example_dags/example_skip_dag.py
[2026-06-13T17:53:55.477+0000] {logging_mixin.py:190} INFO - [2026-06-13T17:53:55.477+0000] {dag.py:3239} INFO - Sync 1 DAGs
[2026-06-13T17:53:55.654+0000] {logging_mixin.py:190} INFO - [2026-06-13T17:53:55.654+0000] {dag.py:4180} INFO - Setting next_dagrun for example_skip_dag to 2026-06-12 00:00:00+00:00, run_after=2026-06-13 00:00:00+00:00
[2026-06-13T17:53:55.673+0000] {processor.py:208} INFO - Processing /home/airflow/.local/lib/python3.12/site-packages/airflow/example_dags/example_skip_dag.py took 0.234 seconds
[2026-06-13T17:54:25.993+0000] {processor.py:186} INFO - Started process (PID=7770) to work on /home/airflow/.local/lib/python3.12/site-packages/airflow/example_dags/example_skip_dag.py
[2026-06-13T17:54:25.994+0000] {processor.py:914} INFO - Processing file /home/airflow/.local/lib/python3.12/site-packages/airflow/example_dags/example_skip_dag.py for tasks to queue
[2026-06-13T17:54:25.997+0000] {logging_mixin.py:190} INFO - [2026-06-13T17:54:25.996+0000] {dagbag.py:588} INFO - Filling up the DagBag from /home/airflow/.local/lib/python3.12/site-packages/airflow/example_dags/example_skip_dag.py
[2026-06-13T17:54:26.004+0000] {processor.py:925} INFO - DAG(s) 'example_skip_dag' retrieved from /home/airflow/.local/lib/python3.12/site-packages/airflow/example_dags/example_skip_dag.py
[2026-06-13T17:54:26.024+0000] {logging_mixin.py:190} INFO - [2026-06-13T17:54:26.024+0000] {dag.py:3239} INFO - Sync 1 DAGs
[2026-06-13T17:54:26.187+0000] {logging_mixin.py:190} INFO - [2026-06-13T17:54:26.187+0000] {dag.py:4180} INFO - Setting next_dagrun for example_skip_dag to 2026-06-12 00:00:00+00:00, run_after=2026-06-13 00:00:00+00:00
[2026-06-13T17:54:26.213+0000] {processor.py:208} INFO - Processing /home/airflow/.local/lib/python3.12/site-packages/airflow/example_dags/example_skip_dag.py took 0.225 seconds
[2026-06-13T17:54:57.168+0000] {processor.py:186} INFO - Started process (PID=7832) to work on /home/airflow/.local/lib/python3.12/site-packages/airflow/example_dags/example_skip_dag.py
[2026-06-13T17:54:57.170+0000] {processor.py:914} INFO - Processing file /home/airflow/.local/lib/python3.12/site-packages/airflow/example_dags/example_skip_dag.py for tasks to queue
[2026-06-13T17:54:57.173+0000] {logging_mixin.py:190} INFO - [2026-06-13T17:54:57.172+0000] {dagbag.py:588} INFO - Filling up the DagBag from /home/airflow/.local/lib/python3.12/site-packages/airflow/example_dags/example_skip_dag.py
[2026-06-13T17:54:57.180+0000] {processor.py:925} INFO - DAG(s) 'example_skip_dag' retrieved from /home/airflow/.local/lib/python3.12/site-packages/airflow/example_dags/example_skip_dag.py
[2026-06-13T17:54:57.203+0000] {logging_mixin.py:190} INFO - [2026-06-13T17:54:57.202+0000] {dag.py:3239} INFO - Sync 1 DAGs
[2026-06-13T17:54:57.226+0000] {logging_mixin.py:190} INFO - [2026-06-13T17:54:57.226+0000] {dag.py:4180} INFO - Setting next_dagrun for example_skip_dag to 2026-06-12 00:00:00+00:00, run_after=2026-06-13 00:00:00+00:00
[2026-06-13T17:54:57.245+0000] {processor.py:208} INFO - Processing /home/airflow/.local/lib/python3.12/site-packages/airflow/example_dags/example_skip_dag.py took 0.082 seconds
[2026-06-13T17:55:27.626+0000] {processor.py:186} INFO - Started process (PID=7894) to work on /home/airflow/.local/lib/python3.12/site-packages/airflow/example_dags/example_skip_dag.py
[2026-06-13T17:55:27.628+0000] {processor.py:914} INFO - Processing file /home/airflow/.local/lib/python3.12/site-packages/airflow/example_dags/example_skip_dag.py for tasks to queue
[2026-06-13T17:55:27.631+0000] {logging_mixin.py:190} INFO - [2026-06-13T17:55:27.630+0000] {dagbag.py:588} INFO - Filling up the DagBag from /home/airflow/.local/lib/python3.12/site-packages/airflow/example_dags/example_skip_dag.py
[2026-06-13T17:55:27.639+0000] {processor.py:925} INFO - DAG(s) 'example_skip_dag' retrieved from /home/airflow/.local/lib/python3.12/site-packages/airflow/example_dags/example_skip_dag.py
[2026-06-13T17:55:27.663+0000] {logging_mixin.py:190} INFO - [2026-06-13T17:55:27.663+0000] {dag.py:3239} INFO - Sync 1 DAGs
[2026-06-13T17:55:27.685+0000] {logging_mixin.py:190} INFO - [2026-06-13T17:55:27.685+0000] {dag.py:4180} INFO - Setting next_dagrun for example_skip_dag to 2026-06-12 00:00:00+00:00, run_after=2026-06-13 00:00:00+00:00
[2026-06-13T17:55:27.704+0000] {processor.py:208} INFO - Processing /home/airflow/.local/lib/python3.12/site-packages/airflow/example_dags/example_skip_dag.py took 0.083 seconds
[2026-06-13T17:55:58.560+0000] {processor.py:186} INFO - Started process (PID=7957) to work on /home/airflow/.local/lib/python3.12/site-packages/airflow/example_dags/example_skip_dag.py
[2026-06-13T17:55:58.561+0000] {processor.py:914} INFO - Processing file /home/airflow/.local/lib/python3.12/site-packages/airflow/example_dags/example_skip_dag.py for tasks to queue
[2026-06-13T17:55:58.565+0000] {logging_mixin.py:190} INFO - [2026-06-13T17:55:58.564+0000] {dagbag.py:588} INFO - Filling up the DagBag from /home/airflow/.local/lib/python3.12/site-packages/airflow/example_dags/example_skip_dag.py
[2026-06-13T17:55:58.574+0000] {processor.py:925} INFO - DAG(s) 'example_skip_dag' retrieved from /home/airflow/.local/lib/python3.12/site-packages/airflow/example_dags/example_skip_dag.py
[2026-06-13T17:55:58.605+0000] {logging_mixin.py:190} INFO - [2026-06-13T17:55:58.605+0000] {dag.py:3239} INFO - Sync 1 DAGs
[2026-06-13T17:55:58.639+0000] {logging_mixin.py:190} INFO - [2026-06-13T17:55:58.638+0000] {dag.py:4180} INFO - Setting next_dagrun for example_skip_dag to 2026-06-12 00:00:00+00:00, run_after=2026-06-13 00:00:00+00:00
[2026-06-13T17:55:58.667+0000] {processor.py:208} INFO - Processing /home/airflow/.local/lib/python3.12/site-packages/airflow/example_dags/example_skip_dag.py took 0.116 seconds
[2026-06-13T17:56:29.464+0000] {processor.py:186} INFO - Started process (PID=8019) to work on /home/airflow/.local/lib/python3.12/site-packages/airflow/example_dags/example_skip_dag.py
[2026-06-13T17:56:29.465+0000] {processor.py:914} INFO - Processing file /home/airflow/.local/lib/python3.12/site-packages/airflow/example_dags/example_skip_dag.py for tasks to queue
[2026-06-13T17:56:29.468+0000] {logging_mixin.py:190} INFO - [2026-06-13T17:56:29.468+0000] {dagbag.py:588} INFO - Filling up the DagBag from /home/airflow/.local/lib/python3.12/site-packages/airflow/example_dags/example_skip_dag.py
[2026-06-13T17:56:29.475+0000] {processor.py:925} INFO - DAG(s) 'example_skip_dag' retrieved from /home/airflow/.local/lib/python3.12/site-packages/airflow/example_dags/example_skip_dag.py
[2026-06-13T17:56:29.493+0000] {logging_mixin.py:190} INFO - [2026-06-13T17:56:29.493+0000] {dag.py:3239} INFO - Sync 1 DAGs
[2026-06-13T17:56:29.511+0000] {logging_mixin.py:190} INFO - [2026-06-13T17:56:29.511+0000] {dag.py:4180} INFO - Setting next_dagrun for example_skip_dag to 2026-06-12 00:00:00+00:00, run_after=2026-06-13 00:00:00+00:00
[2026-06-13T17:56:29.541+0000] {processor.py:208} INFO - Processing /home/airflow/.local/lib/python3.12/site-packages/airflow/example_dags/example_skip_dag.py took 0.083 seconds
[2026-06-13T17:56:59.768+0000] {processor.py:186} INFO - Started process (PID=8081) to work on /home/airflow/.local/lib/python3.12/site-packages/airflow/example_dags/example_skip_dag.py
[2026-06-13T17:56:59.769+0000] {processor.py:914} INFO - Processing file /home/airflow/.local/lib/python3.12/site-packages/airflow/example_dags/example_skip_dag.py for tasks to queue
[2026-06-13T17:56:59.771+0000] {logging_mixin.py:190} INFO - [2026-06-13T17:56:59.771+0000] {dagbag.py:588} INFO - Filling up the DagBag from /home/airflow/.local/lib/python3.12/site-packages/airflow/example_dags/example_skip_dag.py
[2026-06-13T17:56:59.778+0000] {processor.py:925} INFO - DAG(s) 'example_skip_dag' retrieved from /home/airflow/.local/lib/python3.12/site-packages/airflow/example_dags/example_skip_dag.py
[2026-06-13T17:56:59.798+0000] {logging_mixin.py:190} INFO - [2026-06-13T17:56:59.797+0000] {dag.py:3239} INFO - Sync 1 DAGs
[2026-06-13T17:56:59.818+0000] {logging_mixin.py:190} INFO - [2026-06-13T17:56:59.818+0000] {dag.py:4180} INFO - Setting next_dagrun for example_skip_dag to 2026-06-12 00:00:00+00:00, run_after=2026-06-13 00:00:00+00:00
[2026-06-13T17:56:59.848+0000] {processor.py:208} INFO - Processing /home/airflow/.local/lib/python3.12/site-packages/airflow/example_dags/example_skip_dag.py took 0.085 seconds
[2026-06-13T17:57:30.151+0000] {processor.py:186} INFO - Started process (PID=8143) to work on /home/airflow/.local/lib/python3.12/site-packages/airflow/example_dags/example_skip_dag.py
[2026-06-13T17:57:30.153+0000] {processor.py:914} INFO - Processing file /home/airflow/.local/lib/python3.12/site-packages/airflow/example_dags/example_skip_dag.py for tasks to queue
[2026-06-13T17:57:30.155+0000] {logging_mixin.py:190} INFO - [2026-06-13T17:57:30.155+0000] {dagbag.py:588} INFO - Filling up the DagBag from /home/airflow/.local/lib/python3.12/site-packages/airflow/example_dags/example_skip_dag.py
[2026-06-13T17:57:30.164+0000] {processor.py:925} INFO - DAG(s) 'example_skip_dag' retrieved from /home/airflow/.local/lib/python3.12/site-packages/airflow/example_dags/example_skip_dag.py
[2026-06-13T17:57:30.201+0000] {logging_mixin.py:190} INFO - [2026-06-13T17:57:30.201+0000] {dag.py:3239} INFO - Sync 1 DAGs
[2026-06-13T17:57:30.229+0000] {logging_mixin.py:190} INFO - [2026-06-13T17:57:30.229+0000] {dag.py:4180} INFO - Setting next_dagrun for example_skip_dag to 2026-06-12 00:00:00+00:00, run_after=2026-06-13 00:00:00+00:00
[2026-06-13T17:57:30.474+0000] {processor.py:208} INFO - Processing /home/airflow/.local/lib/python3.12/site-packages/airflow/example_dags/example_skip_dag.py took 0.328 seconds
[2026-06-13T17:58:01.389+0000] {processor.py:186} INFO - Started process (PID=8205) to work on /home/airflow/.local/lib/python3.12/site-packages/airflow/example_dags/example_skip_dag.py
[2026-06-13T17:58:01.391+0000] {processor.py:914} INFO - Processing file /home/airflow/.local/lib/python3.12/site-packages/airflow/example_dags/example_skip_dag.py for tasks to queue
[2026-06-13T17:58:01.396+0000] {logging_mixin.py:190} INFO - [2026-06-13T17:58:01.395+0000] {dagbag.py:588} INFO - Filling up the DagBag from /home/airflow/.local/lib/python3.12/site-packages/airflow/example_dags/example_skip_dag.py
[2026-06-13T17:58:01.405+0000] {processor.py:925} INFO - DAG(s) 'example_skip_dag' retrieved from /home/airflow/.local/lib/python3.12/site-packages/airflow/example_dags/example_skip_dag.py
[2026-06-13T17:58:01.429+0000] {logging_mixin.py:190} INFO - [2026-06-13T17:58:01.429+0000] {dag.py:3239} INFO - Sync 1 DAGs
[2026-06-13T17:58:01.459+0000] {logging_mixin.py:190} INFO - [2026-06-13T17:58:01.458+0000] {dag.py:4180} INFO - Setting next_dagrun for example_skip_dag to 2026-06-12 00:00:00+00:00, run_after=2026-06-13 00:00:00+00:00
[2026-06-13T17:58:01.482+0000] {processor.py:208} INFO - Processing /home/airflow/.local/lib/python3.12/site-packages/airflow/example_dags/example_skip_dag.py took 0.103 seconds
[2026-06-13T17:58:32.161+0000] {processor.py:186} INFO - Started process (PID=8267) to work on /home/airflow/.local/lib/python3.12/site-packages/airflow/example_dags/example_skip_dag.py
[2026-06-13T17:58:32.162+0000] {processor.py:914} INFO - Processing file /home/airflow/.local/lib/python3.12/site-packages/airflow/example_dags/example_skip_dag.py for tasks to queue
[2026-06-13T17:58:32.165+0000] {logging_mixin.py:190} INFO - [2026-06-13T17:58:32.164+0000] {dagbag.py:588} INFO - Filling up the DagBag from /home/airflow/.local/lib/python3.12/site-packages/airflow/example_dags/example_skip_dag.py
[2026-06-13T17:58:32.171+0000] {processor.py:925} INFO - DAG(s) 'example_skip_dag' retrieved from /home/airflow/.local/lib/python3.12/site-packages/airflow/example_dags/example_skip_dag.py
[2026-06-13T17:58:32.191+0000] {logging_mixin.py:190} INFO - [2026-06-13T17:58:32.191+0000] {dag.py:3239} INFO - Sync 1 DAGs
[2026-06-13T17:58:32.212+0000] {logging_mixin.py:190} INFO - [2026-06-13T17:58:32.212+0000] {dag.py:4180} INFO - Setting next_dagrun for example_skip_dag to 2026-06-12 00:00:00+00:00, run_after=2026-06-13 00:00:00+00:00
[2026-06-13T17:58:32.239+0000] {processor.py:208} INFO - Processing /home/airflow/.local/lib/python3.12/site-packages/airflow/example_dags/example_skip_dag.py took 0.084 seconds
[2026-06-13T17:59:02.816+0000] {processor.py:186} INFO - Started process (PID=8329) to work on /home/airflow/.local/lib/python3.12/site-packages/airflow/example_dags/example_skip_dag.py
[2026-06-13T17:59:02.819+0000] {processor.py:914} INFO - Processing file /home/airflow/.local/lib/python3.12/site-packages/airflow/example_dags/example_skip_dag.py for tasks to queue
[2026-06-13T17:59:02.825+0000] {logging_mixin.py:190} INFO - [2026-06-13T17:59:02.824+0000] {dagbag.py:588} INFO - Filling up the DagBag from /home/airflow/.local/lib/python3.12/site-packages/airflow/example_dags/example_skip_dag.py
[2026-06-13T17:59:02.835+0000] {processor.py:925} INFO - DAG(s) 'example_skip_dag' retrieved from /home/airflow/.local/lib/python3.12/site-packages/airflow/example_dags/example_skip_dag.py
[2026-06-13T17:59:02.862+0000] {logging_mixin.py:190} INFO - [2026-06-13T17:59:02.862+0000] {dag.py:3239} INFO - Sync 1 DAGs
[2026-06-13T17:59:02.887+0000] {logging_mixin.py:190} INFO - [2026-06-13T17:59:02.887+0000] {dag.py:4180} INFO - Setting next_dagrun for example_skip_dag to 2026-06-12 00:00:00+00:00, run_after=2026-06-13 00:00:00+00:00
[2026-06-13T17:59:02.914+0000] {processor.py:208} INFO - Processing /home/airflow/.local/lib/python3.12/site-packages/airflow/example_dags/example_skip_dag.py took 0.106 seconds
[2026-06-13T17:59:33.546+0000] {processor.py:186} INFO - Started process (PID=8391) to work on /home/airflow/.local/lib/python3.12/site-packages/airflow/example_dags/example_skip_dag.py
[2026-06-13T17:59:33.547+0000] {processor.py:914} INFO - Processing file /home/airflow/.local/lib/python3.12/site-packages/airflow/example_dags/example_skip_dag.py for tasks to queue
[2026-06-13T17:59:33.550+0000] {logging_mixin.py:190} INFO - [2026-06-13T17:59:33.550+0000] {dagbag.py:588} INFO - Filling up the DagBag from /home/airflow/.local/lib/python3.12/site-packages/airflow/example_dags/example_skip_dag.py
[2026-06-13T17:59:33.558+0000] {processor.py:925} INFO - DAG(s) 'example_skip_dag' retrieved from /home/airflow/.local/lib/python3.12/site-packages/airflow/example_dags/example_skip_dag.py
[2026-06-13T17:59:33.583+0000] {logging_mixin.py:190} INFO - [2026-06-13T17:59:33.583+0000] {dag.py:3239} INFO - Sync 1 DAGs
[2026-06-13T17:59:33.606+0000] {logging_mixin.py:190} INFO - [2026-06-13T17:59:33.606+0000] {dag.py:4180} INFO - Setting next_dagrun for example_skip_dag to 2026-06-12 00:00:00+00:00, run_after=2026-06-13 00:00:00+00:00
[2026-06-13T17:59:33.626+0000] {processor.py:208} INFO - Processing /home/airflow/.local/lib/python3.12/site-packages/airflow/example_dags/example_skip_dag.py took 0.086 seconds
[2026-06-13T18:00:03.822+0000] {processor.py:186} INFO - Started process (PID=8453) to work on /home/airflow/.local/lib/python3.12/site-packages/airflow/example_dags/example_skip_dag.py
[2026-06-13T18:00:03.823+0000] {processor.py:914} INFO - Processing file /home/airflow/.local/lib/python3.12/site-packages/airflow/example_dags/example_skip_dag.py for tasks to queue
[2026-06-13T18:00:03.827+0000] {logging_mixin.py:190} INFO - [2026-06-13T18:00:03.826+0000] {dagbag.py:588} INFO - Filling up the DagBag from /home/airflow/.local/lib/python3.12/site-packages/airflow/example_dags/example_skip_dag.py
[2026-06-13T18:00:03.835+0000] {processor.py:925} INFO - DAG(s) 'example_skip_dag' retrieved from /home/airflow/.local/lib/python3.12/site-packages/airflow/example_dags/example_skip_dag.py
[2026-06-13T18:00:03.856+0000] {logging_mixin.py:190} INFO - [2026-06-13T18:00:03.856+0000] {dag.py:3239} INFO - Sync 1 DAGs
[2026-06-13T18:00:03.878+0000] {logging_mixin.py:190} INFO - [2026-06-13T18:00:03.878+0000] {dag.py:4180} INFO - Setting next_dagrun for example_skip_dag to 2026-06-12 00:00:00+00:00, run_after=2026-06-13 00:00:00+00:00
[2026-06-13T18:00:03.896+0000] {processor.py:208} INFO - Processing /home/airflow/.local/lib/python3.12/site-packages/airflow/example_dags/example_skip_dag.py took 0.079 seconds
[2026-06-13T18:00:34.369+0000] {processor.py:186} INFO - Started process (PID=8516) to work on /home/airflow/.local/lib/python3.12/site-packages/airflow/example_dags/example_skip_dag.py
[2026-06-13T18:00:34.371+0000] {processor.py:914} INFO - Processing file /home/airflow/.local/lib/python3.12/site-packages/airflow/example_dags/example_skip_dag.py for tasks to queue
[2026-06-13T18:00:34.373+0000] {logging_mixin.py:190} INFO - [2026-06-13T18:00:34.373+0000] {dagbag.py:588} INFO - Filling up the DagBag from /home/airflow/.local/lib/python3.12/site-packages/airflow/example_dags/example_skip_dag.py
[2026-06-13T18:00:34.380+0000] {processor.py:925} INFO - DAG(s) 'example_skip_dag' retrieved from /home/airflow/.local/lib/python3.12/site-packages/airflow/example_dags/example_skip_dag.py
[2026-06-13T18:00:34.400+0000] {logging_mixin.py:190} INFO - [2026-06-13T18:00:34.400+0000] {dag.py:3239} INFO - Sync 1 DAGs
[2026-06-13T18:00:34.420+0000] {logging_mixin.py:190} INFO - [2026-06-13T18:00:34.420+0000] {dag.py:4180} INFO - Setting next_dagrun for example_skip_dag to 2026-06-12 00:00:00+00:00, run_after=2026-06-13 00:00:00+00:00
[2026-06-13T18:00:34.438+0000] {processor.py:208} INFO - Processing /home/airflow/.local/lib/python3.12/site-packages/airflow/example_dags/example_skip_dag.py took 0.074 seconds
[2026-06-13T18:01:04.803+0000] {processor.py:186} INFO - Started process (PID=8578) to work on /home/airflow/.local/lib/python3.12/site-packages/airflow/example_dags/example_skip_dag.py
[2026-06-13T18:01:04.804+0000] {processor.py:914} INFO - Processing file /home/airflow/.local/lib/python3.12/site-packages/airflow/example_dags/example_skip_dag.py for tasks to queue
[2026-06-13T18:01:04.807+0000] {logging_mixin.py:190} INFO - [2026-06-13T18:01:04.806+0000] {dagbag.py:588} INFO - Filling up the DagBag from /home/airflow/.local/lib/python3.12/site-packages/airflow/example_dags/example_skip_dag.py
[2026-06-13T18:01:04.815+0000] {processor.py:925} INFO - DAG(s) 'example_skip_dag' retrieved from /home/airflow/.local/lib/python3.12/site-packages/airflow/example_dags/example_skip_dag.py
[2026-06-13T18:01:04.837+0000] {logging_mixin.py:190} INFO - [2026-06-13T18:01:04.837+0000] {dag.py:3239} INFO - Sync 1 DAGs
[2026-06-13T18:01:04.861+0000] {logging_mixin.py:190} INFO - [2026-06-13T18:01:04.861+0000] {dag.py:4180} INFO - Setting next_dagrun for example_skip_dag to 2026-06-12 00:00:00+00:00, run_after=2026-06-13 00:00:00+00:00
[2026-06-13T18:01:04.879+0000] {processor.py:208} INFO - Processing /home/airflow/.local/lib/python3.12/site-packages/airflow/example_dags/example_skip_dag.py took 0.082 seconds
[2026-06-13T18:01:35.371+0000] {processor.py:186} INFO - Started process (PID=8640) to work on /home/airflow/.local/lib/python3.12/site-packages/airflow/example_dags/example_skip_dag.py
[2026-06-13T18:01:35.372+0000] {processor.py:914} INFO - Processing file /home/airflow/.local/lib/python3.12/site-packages/airflow/example_dags/example_skip_dag.py for tasks to queue
[2026-06-13T18:01:35.375+0000] {logging_mixin.py:190} INFO - [2026-06-13T18:01:35.375+0000] {dagbag.py:588} INFO - Filling up the DagBag from /home/airflow/.local/lib/python3.12/site-packages/airflow/example_dags/example_skip_dag.py
[2026-06-13T18:01:35.383+0000] {processor.py:925} INFO - DAG(s) 'example_skip_dag' retrieved from /home/airflow/.local/lib/python3.12/site-packages/airflow/example_dags/example_skip_dag.py
[2026-06-13T18:01:35.405+0000] {logging_mixin.py:190} INFO - [2026-06-13T18:01:35.404+0000] {dag.py:3239} INFO - Sync 1 DAGs
[2026-06-13T18:01:35.426+0000] {logging_mixin.py:190} INFO - [2026-06-13T18:01:35.426+0000] {dag.py:4180} INFO - Setting next_dagrun for example_skip_dag to 2026-06-12 00:00:00+00:00, run_after=2026-06-13 00:00:00+00:00
[2026-06-13T18:01:35.447+0000] {processor.py:208} INFO - Processing /home/airflow/.local/lib/python3.12/site-packages/airflow/example_dags/example_skip_dag.py took 0.082 seconds
[2026-06-13T18:02:06.089+0000] {processor.py:186} INFO - Started process (PID=8702) to work on /home/airflow/.local/lib/python3.12/site-packages/airflow/example_dags/example_skip_dag.py
[2026-06-13T18:02:06.091+0000] {processor.py:914} INFO - Processing file /home/airflow/.local/lib/python3.12/site-packages/airflow/example_dags/example_skip_dag.py for tasks to queue
[2026-06-13T18:02:06.094+0000] {logging_mixin.py:190} INFO - [2026-06-13T18:02:06.094+0000] {dagbag.py:588} INFO - Filling up the DagBag from /home/airflow/.local/lib/python3.12/site-packages/airflow/example_dags/example_skip_dag.py
[2026-06-13T18:02:06.102+0000] {processor.py:925} INFO - DAG(s) 'example_skip_dag' retrieved from /home/airflow/.local/lib/python3.12/site-packages/airflow/example_dags/example_skip_dag.py
[2026-06-13T18:02:06.130+0000] {logging_mixin.py:190} INFO - [2026-06-13T18:02:06.130+0000] {dag.py:3239} INFO - Sync 1 DAGs
[2026-06-13T18:02:06.152+0000] {logging_mixin.py:190} INFO - [2026-06-13T18:02:06.152+0000] {dag.py:4180} INFO - Setting next_dagrun for example_skip_dag to 2026-06-12 00:00:00+00:00, run_after=2026-06-13 00:00:00+00:00
[2026-06-13T18:02:06.181+0000] {processor.py:208} INFO - Processing /home/airflow/.local/lib/python3.12/site-packages/airflow/example_dags/example_skip_dag.py took 0.098 seconds
[2026-06-13T18:02:36.437+0000] {processor.py:186} INFO - Started process (PID=8764) to work on /home/airflow/.local/lib/python3.12/site-packages/airflow/example_dags/example_skip_dag.py
[2026-06-13T18:02:36.439+0000] {processor.py:914} INFO - Processing file /home/airflow/.local/lib/python3.12/site-packages/airflow/example_dags/example_skip_dag.py for tasks to queue
[2026-06-13T18:02:36.442+0000] {logging_mixin.py:190} INFO - [2026-06-13T18:02:36.442+0000] {dagbag.py:588} INFO - Filling up the DagBag from /home/airflow/.local/lib/python3.12/site-packages/airflow/example_dags/example_skip_dag.py
[2026-06-13T18:02:36.450+0000] {processor.py:925} INFO - DAG(s) 'example_skip_dag' retrieved from /home/airflow/.local/lib/python3.12/site-packages/airflow/example_dags/example_skip_dag.py
[2026-06-13T18:02:36.476+0000] {logging_mixin.py:190} INFO - [2026-06-13T18:02:36.476+0000] {dag.py:3239} INFO - Sync 1 DAGs
[2026-06-13T18:02:36.502+0000] {logging_mixin.py:190} INFO - [2026-06-13T18:02:36.502+0000] {dag.py:4180} INFO - Setting next_dagrun for example_skip_dag to 2026-06-12 00:00:00+00:00, run_after=2026-06-13 00:00:00+00:00
[2026-06-13T18:02:36.525+0000] {processor.py:208} INFO - Processing /home/airflow/.local/lib/python3.12/site-packages/airflow/example_dags/example_skip_dag.py took 0.093 seconds
[2026-06-13T18:03:06.723+0000] {processor.py:186} INFO - Started process (PID=8825) to work on /home/airflow/.local/lib/python3.12/site-packages/airflow/example_dags/example_skip_dag.py
[2026-06-13T18:03:06.726+0000] {processor.py:914} INFO - Processing file /home/airflow/.local/lib/python3.12/site-packages/airflow/example_dags/example_skip_dag.py for tasks to queue
[2026-06-13T18:03:06.732+0000] {logging_mixin.py:190} INFO - [2026-06-13T18:03:06.731+0000] {dagbag.py:588} INFO - Filling up the DagBag from /home/airflow/.local/lib/python3.12/site-packages/airflow/example_dags/example_skip_dag.py
[2026-06-13T18:03:06.744+0000] {processor.py:925} INFO - DAG(s) 'example_skip_dag' retrieved from /home/airflow/.local/lib/python3.12/site-packages/airflow/example_dags/example_skip_dag.py
[2026-06-13T18:03:06.775+0000] {logging_mixin.py:190} INFO - [2026-06-13T18:03:06.775+0000] {dag.py:3239} INFO - Sync 1 DAGs
[2026-06-13T18:03:06.810+0000] {logging_mixin.py:190} INFO - [2026-06-13T18:03:06.810+0000] {dag.py:4180} INFO - Setting next_dagrun for example_skip_dag to 2026-06-12 00:00:00+00:00, run_after=2026-06-13 00:00:00+00:00
[2026-06-13T18:03:06.844+0000] {processor.py:208} INFO - Processing /home/airflow/.local/lib/python3.12/site-packages/airflow/example_dags/example_skip_dag.py took 0.131 seconds
[2026-06-13T18:03:37.021+0000] {processor.py:186} INFO - Started process (PID=8887) to work on /home/airflow/.local/lib/python3.12/site-packages/airflow/example_dags/example_skip_dag.py
[2026-06-13T18:03:37.022+0000] {processor.py:914} INFO - Processing file /home/airflow/.local/lib/python3.12/site-packages/airflow/example_dags/example_skip_dag.py for tasks to queue
[2026-06-13T18:03:37.026+0000] {logging_mixin.py:190} INFO - [2026-06-13T18:03:37.025+0000] {dagbag.py:588} INFO - Filling up the DagBag from /home/airflow/.local/lib/python3.12/site-packages/airflow/example_dags/example_skip_dag.py
[2026-06-13T18:03:37.033+0000] {processor.py:925} INFO - DAG(s) 'example_skip_dag' retrieved from /home/airflow/.local/lib/python3.12/site-packages/airflow/example_dags/example_skip_dag.py
[2026-06-13T18:03:37.055+0000] {logging_mixin.py:190} INFO - [2026-06-13T18:03:37.055+0000] {dag.py:3239} INFO - Sync 1 DAGs
[2026-06-13T18:03:37.076+0000] {logging_mixin.py:190} INFO - [2026-06-13T18:03:37.076+0000] {dag.py:4180} INFO - Setting next_dagrun for example_skip_dag to 2026-06-12 00:00:00+00:00, run_after=2026-06-13 00:00:00+00:00
[2026-06-13T18:03:37.094+0000] {processor.py:208} INFO - Processing /home/airflow/.local/lib/python3.12/site-packages/airflow/example_dags/example_skip_dag.py took 0.079 seconds
[2026-06-13T18:04:07.401+0000] {processor.py:186} INFO - Started process (PID=8949) to work on /home/airflow/.local/lib/python3.12/site-packages/airflow/example_dags/example_skip_dag.py
[2026-06-13T18:04:07.402+0000] {processor.py:914} INFO - Processing file /home/airflow/.local/lib/python3.12/site-packages/airflow/example_dags/example_skip_dag.py for tasks to queue
[2026-06-13T18:04:07.404+0000] {logging_mixin.py:190} INFO - [2026-06-13T18:04:07.404+0000] {dagbag.py:588} INFO - Filling up the DagBag from /home/airflow/.local/lib/python3.12/site-packages/airflow/example_dags/example_skip_dag.py
[2026-06-13T18:04:07.412+0000] {processor.py:925} INFO - DAG(s) 'example_skip_dag' retrieved from /home/airflow/.local/lib/python3.12/site-packages/airflow/example_dags/example_skip_dag.py
[2026-06-13T18:04:07.432+0000] {logging_mixin.py:190} INFO - [2026-06-13T18:04:07.432+0000] {dag.py:3239} INFO - Sync 1 DAGs
[2026-06-13T18:04:07.451+0000] {logging_mixin.py:190} INFO - [2026-06-13T18:04:07.451+0000] {dag.py:4180} INFO - Setting next_dagrun for example_skip_dag to 2026-06-12 00:00:00+00:00, run_after=2026-06-13 00:00:00+00:00
[2026-06-13T18:04:07.469+0000] {processor.py:208} INFO - Processing /home/airflow/.local/lib/python3.12/site-packages/airflow/example_dags/example_skip_dag.py took 0.074 seconds
[2026-06-13T18:04:37.896+0000] {processor.py:186} INFO - Started process (PID=9011) to work on /home/airflow/.local/lib/python3.12/site-packages/airflow/example_dags/example_skip_dag.py
[2026-06-13T18:04:37.897+0000] {processor.py:914} INFO - Processing file /home/airflow/.local/lib/python3.12/site-packages/airflow/example_dags/example_skip_dag.py for tasks to queue
[2026-06-13T18:04:37.900+0000] {logging_mixin.py:190} INFO - [2026-06-13T18:04:37.900+0000] {dagbag.py:588} INFO - Filling up the DagBag from /home/airflow/.local/lib/python3.12/site-packages/airflow/example_dags/example_skip_dag.py
[2026-06-13T18:04:37.906+0000] {processor.py:925} INFO - DAG(s) 'example_skip_dag' retrieved from /home/airflow/.local/lib/python3.12/site-packages/airflow/example_dags/example_skip_dag.py
[2026-06-13T18:04:37.928+0000] {logging_mixin.py:190} INFO - [2026-06-13T18:04:37.928+0000] {dag.py:3239} INFO - Sync 1 DAGs
[2026-06-13T18:04:37.948+0000] {logging_mixin.py:190} INFO - [2026-06-13T18:04:37.948+0000] {dag.py:4180} INFO - Setting next_dagrun for example_skip_dag to 2026-06-12 00:00:00+00:00, run_after=2026-06-13 00:00:00+00:00
[2026-06-13T18:04:37.973+0000] {processor.py:208} INFO - Processing /home/airflow/.local/lib/python3.12/site-packages/airflow/example_dags/example_skip_dag.py took 0.082 seconds
[2026-06-13T18:05:08.107+0000] {processor.py:186} INFO - Started process (PID=9073) to work on /home/airflow/.local/lib/python3.12/site-packages/airflow/example_dags/example_skip_dag.py
[2026-06-13T18:05:08.109+0000] {processor.py:914} INFO - Processing file /home/airflow/.local/lib/python3.12/site-packages/airflow/example_dags/example_skip_dag.py for tasks to queue
[2026-06-13T18:05:08.111+0000] {logging_mixin.py:190} INFO - [2026-06-13T18:05:08.111+0000] {dagbag.py:588} INFO - Filling up the DagBag from /home/airflow/.local/lib/python3.12/site-packages/airflow/example_dags/example_skip_dag.py
[2026-06-13T18:05:08.118+0000] {processor.py:925} INFO - DAG(s) 'example_skip_dag' retrieved from /home/airflow/.local/lib/python3.12/site-packages/airflow/example_dags/example_skip_dag.py
[2026-06-13T18:05:08.141+0000] {logging_mixin.py:190} INFO - [2026-06-13T18:05:08.141+0000] {dag.py:3239} INFO - Sync 1 DAGs
[2026-06-13T18:05:08.159+0000] {logging_mixin.py:190} INFO - [2026-06-13T18:05:08.159+0000] {dag.py:4180} INFO - Setting next_dagrun for example_skip_dag to 2026-06-12 00:00:00+00:00, run_after=2026-06-13 00:00:00+00:00
[2026-06-13T18:05:08.179+0000] {processor.py:208} INFO - Processing /home/airflow/.local/lib/python3.12/site-packages/airflow/example_dags/example_skip_dag.py took 0.078 seconds
[2026-06-13T18:05:38.356+0000] {processor.py:186} INFO - Started process (PID=9134) to work on /home/airflow/.local/lib/python3.12/site-packages/airflow/example_dags/example_skip_dag.py
[2026-06-13T18:05:38.358+0000] {processor.py:914} INFO - Processing file /home/airflow/.local/lib/python3.12/site-packages/airflow/example_dags/example_skip_dag.py for tasks to queue
[2026-06-13T18:05:38.361+0000] {logging_mixin.py:190} INFO - [2026-06-13T18:05:38.361+0000] {dagbag.py:588} INFO - Filling up the DagBag from /home/airflow/.local/lib/python3.12/site-packages/airflow/example_dags/example_skip_dag.py
[2026-06-13T18:05:38.369+0000] {processor.py:925} INFO - DAG(s) 'example_skip_dag' retrieved from /home/airflow/.local/lib/python3.12/site-packages/airflow/example_dags/example_skip_dag.py
[2026-06-13T18:05:38.394+0000] {logging_mixin.py:190} INFO - [2026-06-13T18:05:38.394+0000] {dag.py:3239} INFO - Sync 1 DAGs
[2026-06-13T18:05:38.424+0000] {logging_mixin.py:190} INFO - [2026-06-13T18:05:38.424+0000] {dag.py:4180} INFO - Setting next_dagrun for example_skip_dag to 2026-06-12 00:00:00+00:00, run_after=2026-06-13 00:00:00+00:00
[2026-06-13T18:05:38.446+0000] {processor.py:208} INFO - Processing /home/airflow/.local/lib/python3.12/site-packages/airflow/example_dags/example_skip_dag.py took 0.095 seconds
[2026-06-13T18:06:08.757+0000] {processor.py:186} INFO - Started process (PID=9197) to work on /home/airflow/.local/lib/python3.12/site-packages/airflow/example_dags/example_skip_dag.py
[2026-06-13T18:06:08.759+0000] {processor.py:914} INFO - Processing file /home/airflow/.local/lib/python3.12/site-packages/airflow/example_dags/example_skip_dag.py for tasks to queue
[2026-06-13T18:06:08.762+0000] {logging_mixin.py:190} INFO - [2026-06-13T18:06:08.762+0000] {dagbag.py:588} INFO - Filling up the DagBag from /home/airflow/.local/lib/python3.12/site-packages/airflow/example_dags/example_skip_dag.py
[2026-06-13T18:06:08.772+0000] {processor.py:925} INFO - DAG(s) 'example_skip_dag' retrieved from /home/airflow/.local/lib/python3.12/site-packages/airflow/example_dags/example_skip_dag.py
[2026-06-13T18:06:08.795+0000] {logging_mixin.py:190} INFO - [2026-06-13T18:06:08.794+0000] {dag.py:3239} INFO - Sync 1 DAGs
[2026-06-13T18:06:08.817+0000] {logging_mixin.py:190} INFO - [2026-06-13T18:06:08.817+0000] {dag.py:4180} INFO - Setting next_dagrun for example_skip_dag to 2026-06-12 00:00:00+00:00, run_after=2026-06-13 00:00:00+00:00
[2026-06-13T18:06:08.844+0000] {processor.py:208} INFO - Processing /home/airflow/.local/lib/python3.12/site-packages/airflow/example_dags/example_skip_dag.py took 0.093 seconds
[2026-06-13T18:06:39.002+0000] {processor.py:186} INFO - Started process (PID=9259) to work on /home/airflow/.local/lib/python3.12/site-packages/airflow/example_dags/example_skip_dag.py
[2026-06-13T18:06:39.003+0000] {processor.py:914} INFO - Processing file /home/airflow/.local/lib/python3.12/site-packages/airflow/example_dags/example_skip_dag.py for tasks to queue
[2026-06-13T18:06:39.008+0000] {logging_mixin.py:190} INFO - [2026-06-13T18:06:39.007+0000] {dagbag.py:588} INFO - Filling up the DagBag from /home/airflow/.local/lib/python3.12/site-packages/airflow/example_dags/example_skip_dag.py
[2026-06-13T18:06:39.019+0000] {processor.py:925} INFO - DAG(s) 'example_skip_dag' retrieved from /home/airflow/.local/lib/python3.12/site-packages/airflow/example_dags/example_skip_dag.py
[2026-06-13T18:06:39.049+0000] {logging_mixin.py:190} INFO - [2026-06-13T18:06:39.048+0000] {dag.py:3239} INFO - Sync 1 DAGs
[2026-06-13T18:06:39.085+0000] {logging_mixin.py:190} INFO - [2026-06-13T18:06:39.085+0000] {dag.py:4180} INFO - Setting next_dagrun for example_skip_dag to 2026-06-12 00:00:00+00:00, run_after=2026-06-13 00:00:00+00:00
[2026-06-13T18:06:39.116+0000] {processor.py:208} INFO - Processing /home/airflow/.local/lib/python3.12/site-packages/airflow/example_dags/example_skip_dag.py took 0.121 seconds
[2026-06-13T18:07:09.344+0000] {processor.py:186} INFO - Started process (PID=9321) to work on /home/airflow/.local/lib/python3.12/site-packages/airflow/example_dags/example_skip_dag.py
[2026-06-13T18:07:09.345+0000] {processor.py:914} INFO - Processing file /home/airflow/.local/lib/python3.12/site-packages/airflow/example_dags/example_skip_dag.py for tasks to queue
[2026-06-13T18:07:09.347+0000] {logging_mixin.py:190} INFO - [2026-06-13T18:07:09.347+0000] {dagbag.py:588} INFO - Filling up the DagBag from /home/airflow/.local/lib/python3.12/site-packages/airflow/example_dags/example_skip_dag.py
[2026-06-13T18:07:09.354+0000] {processor.py:925} INFO - DAG(s) 'example_skip_dag' retrieved from /home/airflow/.local/lib/python3.12/site-packages/airflow/example_dags/example_skip_dag.py
[2026-06-13T18:07:09.373+0000] {logging_mixin.py:190} INFO - [2026-06-13T18:07:09.373+0000] {dag.py:3239} INFO - Sync 1 DAGs
[2026-06-13T18:07:09.393+0000] {logging_mixin.py:190} INFO - [2026-06-13T18:07:09.393+0000] {dag.py:4180} INFO - Setting next_dagrun for example_skip_dag to 2026-06-12 00:00:00+00:00, run_after=2026-06-13 00:00:00+00:00
[2026-06-13T18:07:09.413+0000] {processor.py:208} INFO - Processing /home/airflow/.local/lib/python3.12/site-packages/airflow/example_dags/example_skip_dag.py took 0.074 seconds
[2026-06-13T18:07:39.820+0000] {processor.py:186} INFO - Started process (PID=9383) to work on /home/airflow/.local/lib/python3.12/site-packages/airflow/example_dags/example_skip_dag.py
[2026-06-13T18:07:39.821+0000] {processor.py:914} INFO - Processing file /home/airflow/.local/lib/python3.12/site-packages/airflow/example_dags/example_skip_dag.py for tasks to queue
[2026-06-13T18:07:39.823+0000] {logging_mixin.py:190} INFO - [2026-06-13T18:07:39.823+0000] {dagbag.py:588} INFO - Filling up the DagBag from /home/airflow/.local/lib/python3.12/site-packages/airflow/example_dags/example_skip_dag.py
[2026-06-13T18:07:39.830+0000] {processor.py:925} INFO - DAG(s) 'example_skip_dag' retrieved from /home/airflow/.local/lib/python3.12/site-packages/airflow/example_dags/example_skip_dag.py
[2026-06-13T18:07:39.849+0000] {logging_mixin.py:190} INFO - [2026-06-13T18:07:39.849+0000] {dag.py:3239} INFO - Sync 1 DAGs
[2026-06-13T18:07:39.868+0000] {logging_mixin.py:190} INFO - [2026-06-13T18:07:39.868+0000] {dag.py:4180} INFO - Setting next_dagrun for example_skip_dag to 2026-06-12 00:00:00+00:00, run_after=2026-06-13 00:00:00+00:00
[2026-06-13T18:07:39.887+0000] {processor.py:208} INFO - Processing /home/airflow/.local/lib/python3.12/site-packages/airflow/example_dags/example_skip_dag.py took 0.072 seconds
[2026-06-13T18:08:10.347+0000] {processor.py:186} INFO - Started process (PID=9445) to work on /home/airflow/.local/lib/python3.12/site-packages/airflow/example_dags/example_skip_dag.py
[2026-06-13T18:08:10.349+0000] {processor.py:914} INFO - Processing file /home/airflow/.local/lib/python3.12/site-packages/airflow/example_dags/example_skip_dag.py for tasks to queue
[2026-06-13T18:08:10.351+0000] {logging_mixin.py:190} INFO - [2026-06-13T18:08:10.351+0000] {dagbag.py:588} INFO - Filling up the DagBag from /home/airflow/.local/lib/python3.12/site-packages/airflow/example_dags/example_skip_dag.py
[2026-06-13T18:08:10.360+0000] {processor.py:925} INFO - DAG(s) 'example_skip_dag' retrieved from /home/airflow/.local/lib/python3.12/site-packages/airflow/example_dags/example_skip_dag.py
[2026-06-13T18:08:10.381+0000] {logging_mixin.py:190} INFO - [2026-06-13T18:08:10.381+0000] {dag.py:3239} INFO - Sync 1 DAGs
[2026-06-13T18:08:10.401+0000] {logging_mixin.py:190} INFO - [2026-06-13T18:08:10.401+0000] {dag.py:4180} INFO - Setting next_dagrun for example_skip_dag to 2026-06-12 00:00:00+00:00, run_after=2026-06-13 00:00:00+00:00
[2026-06-13T18:08:10.422+0000] {processor.py:208} INFO - Processing /home/airflow/.local/lib/python3.12/site-packages/airflow/example_dags/example_skip_dag.py took 0.080 seconds
