[2026-06-13T16:50:36.684+0000] {processor.py:186} INFO - Started process (PID=87) to work on /home/airflow/.local/lib/python3.12/site-packages/airflow/example_dags/example_nested_branch_dag.py
[2026-06-13T16:50:36.686+0000] {processor.py:914} INFO - Processing file /home/airflow/.local/lib/python3.12/site-packages/airflow/example_dags/example_nested_branch_dag.py for tasks to queue
[2026-06-13T16:50:36.692+0000] {logging_mixin.py:190} INFO - [2026-06-13T16:50:36.691+0000] {dagbag.py:588} INFO - Filling up the DagBag from /home/airflow/.local/lib/python3.12/site-packages/airflow/example_dags/example_nested_branch_dag.py
[2026-06-13T16:50:36.717+0000] {processor.py:925} INFO - DAG(s) 'example_nested_branch_dag' retrieved from /home/airflow/.local/lib/python3.12/site-packages/airflow/example_dags/example_nested_branch_dag.py
[2026-06-13T16:50:36.933+0000] {logging_mixin.py:190} INFO - [2026-06-13T16:50:36.932+0000] {override.py:1900} INFO - Created Permission View: can edit on DAG:example_nested_branch_dag
[2026-06-13T16:50:36.965+0000] {logging_mixin.py:190} INFO - [2026-06-13T16:50:36.964+0000] {override.py:1900} INFO - Created Permission View: can read on DAG:example_nested_branch_dag
[2026-06-13T16:50:36.984+0000] {logging_mixin.py:190} INFO - [2026-06-13T16:50:36.982+0000] {override.py:1900} INFO - Created Permission View: can delete on DAG:example_nested_branch_dag
[2026-06-13T16:50:37.005+0000] {logging_mixin.py:190} INFO - [2026-06-13T16:50:37.005+0000] {override.py:1900} INFO - Created Permission View: can read on DAG Run:example_nested_branch_dag
[2026-06-13T16:50:37.026+0000] {logging_mixin.py:190} INFO - [2026-06-13T16:50:37.026+0000] {override.py:1900} INFO - Created Permission View: can create on DAG Run:example_nested_branch_dag
[2026-06-13T16:50:37.047+0000] {logging_mixin.py:190} INFO - [2026-06-13T16:50:37.047+0000] {override.py:1900} INFO - Created Permission View: menu access on DAG Run:example_nested_branch_dag
[2026-06-13T16:50:37.067+0000] {logging_mixin.py:190} INFO - [2026-06-13T16:50:37.067+0000] {override.py:1900} INFO - Created Permission View: can delete on DAG Run:example_nested_branch_dag
[2026-06-13T16:50:37.069+0000] {logging_mixin.py:190} INFO - [2026-06-13T16:50:37.069+0000] {dag.py:3239} INFO - Sync 1 DAGs
[2026-06-13T16:50:37.096+0000] {logging_mixin.py:190} INFO - [2026-06-13T16:50:37.095+0000] {dag.py:3262} INFO - Creating ORM DAG for example_nested_branch_dag
[2026-06-13T16:50:37.119+0000] {logging_mixin.py:190} INFO - [2026-06-13T16:50:37.119+0000] {dag.py:4180} INFO - Setting next_dagrun for example_nested_branch_dag to 2026-06-12 00:00:00+00:00, run_after=2026-06-13 00:00:00+00:00
[2026-06-13T16:50:37.158+0000] {processor.py:208} INFO - Processing /home/airflow/.local/lib/python3.12/site-packages/airflow/example_dags/example_nested_branch_dag.py took 0.482 seconds
[2026-06-13T16:51:07.803+0000] {processor.py:186} INFO - Started process (PID=149) to work on /home/airflow/.local/lib/python3.12/site-packages/airflow/example_dags/example_nested_branch_dag.py
[2026-06-13T16:51:07.805+0000] {processor.py:914} INFO - Processing file /home/airflow/.local/lib/python3.12/site-packages/airflow/example_dags/example_nested_branch_dag.py for tasks to queue
[2026-06-13T16:51:07.808+0000] {logging_mixin.py:190} INFO - [2026-06-13T16:51:07.808+0000] {dagbag.py:588} INFO - Filling up the DagBag from /home/airflow/.local/lib/python3.12/site-packages/airflow/example_dags/example_nested_branch_dag.py
[2026-06-13T16:51:07.825+0000] {processor.py:925} INFO - DAG(s) 'example_nested_branch_dag' retrieved from /home/airflow/.local/lib/python3.12/site-packages/airflow/example_dags/example_nested_branch_dag.py
[2026-06-13T16:51:07.851+0000] {logging_mixin.py:190} INFO - [2026-06-13T16:51:07.851+0000] {dag.py:3239} INFO - Sync 1 DAGs
[2026-06-13T16:51:07.883+0000] {logging_mixin.py:190} INFO - [2026-06-13T16:51:07.883+0000] {dag.py:4180} INFO - Setting next_dagrun for example_nested_branch_dag to 2026-06-12 00:00:00+00:00, run_after=2026-06-13 00:00:00+00:00
[2026-06-13T16:51:07.903+0000] {processor.py:208} INFO - Processing /home/airflow/.local/lib/python3.12/site-packages/airflow/example_dags/example_nested_branch_dag.py took 0.106 seconds
[2026-06-13T16:51:38.208+0000] {processor.py:186} INFO - Started process (PID=211) to work on /home/airflow/.local/lib/python3.12/site-packages/airflow/example_dags/example_nested_branch_dag.py
[2026-06-13T16:51:38.209+0000] {processor.py:914} INFO - Processing file /home/airflow/.local/lib/python3.12/site-packages/airflow/example_dags/example_nested_branch_dag.py for tasks to queue
[2026-06-13T16:51:38.212+0000] {logging_mixin.py:190} INFO - [2026-06-13T16:51:38.212+0000] {dagbag.py:588} INFO - Filling up the DagBag from /home/airflow/.local/lib/python3.12/site-packages/airflow/example_dags/example_nested_branch_dag.py
[2026-06-13T16:51:38.227+0000] {processor.py:925} INFO - DAG(s) 'example_nested_branch_dag' retrieved from /home/airflow/.local/lib/python3.12/site-packages/airflow/example_dags/example_nested_branch_dag.py
[2026-06-13T16:51:38.255+0000] {logging_mixin.py:190} INFO - [2026-06-13T16:51:38.255+0000] {dag.py:3239} INFO - Sync 1 DAGs
[2026-06-13T16:51:38.288+0000] {logging_mixin.py:190} INFO - [2026-06-13T16:51:38.288+0000] {dag.py:4180} INFO - Setting next_dagrun for example_nested_branch_dag to 2026-06-12 00:00:00+00:00, run_after=2026-06-13 00:00:00+00:00
[2026-06-13T16:51:38.314+0000] {processor.py:208} INFO - Processing /home/airflow/.local/lib/python3.12/site-packages/airflow/example_dags/example_nested_branch_dag.py took 0.114 seconds
[2026-06-13T16:52:08.709+0000] {processor.py:186} INFO - Started process (PID=273) to work on /home/airflow/.local/lib/python3.12/site-packages/airflow/example_dags/example_nested_branch_dag.py
[2026-06-13T16:52:08.711+0000] {processor.py:914} INFO - Processing file /home/airflow/.local/lib/python3.12/site-packages/airflow/example_dags/example_nested_branch_dag.py for tasks to queue
[2026-06-13T16:52:08.715+0000] {logging_mixin.py:190} INFO - [2026-06-13T16:52:08.714+0000] {dagbag.py:588} INFO - Filling up the DagBag from /home/airflow/.local/lib/python3.12/site-packages/airflow/example_dags/example_nested_branch_dag.py
[2026-06-13T16:52:08.735+0000] {processor.py:925} INFO - DAG(s) 'example_nested_branch_dag' retrieved from /home/airflow/.local/lib/python3.12/site-packages/airflow/example_dags/example_nested_branch_dag.py
[2026-06-13T16:52:08.767+0000] {logging_mixin.py:190} INFO - [2026-06-13T16:52:08.767+0000] {dag.py:3239} INFO - Sync 1 DAGs
[2026-06-13T16:52:08.801+0000] {logging_mixin.py:190} INFO - [2026-06-13T16:52:08.801+0000] {dag.py:4180} INFO - Setting next_dagrun for example_nested_branch_dag to 2026-06-12 00:00:00+00:00, run_after=2026-06-13 00:00:00+00:00
[2026-06-13T16:52:08.826+0000] {processor.py:208} INFO - Processing /home/airflow/.local/lib/python3.12/site-packages/airflow/example_dags/example_nested_branch_dag.py took 0.125 seconds
[2026-06-13T16:53:30.602+0000] {processor.py:186} INFO - Started process (PID=328) to work on /home/airflow/.local/lib/python3.12/site-packages/airflow/example_dags/example_nested_branch_dag.py
[2026-06-13T16:53:30.604+0000] {processor.py:914} INFO - Processing file /home/airflow/.local/lib/python3.12/site-packages/airflow/example_dags/example_nested_branch_dag.py for tasks to queue
[2026-06-13T16:53:30.607+0000] {logging_mixin.py:190} INFO - [2026-06-13T16:53:30.607+0000] {dagbag.py:588} INFO - Filling up the DagBag from /home/airflow/.local/lib/python3.12/site-packages/airflow/example_dags/example_nested_branch_dag.py
[2026-06-13T16:53:30.621+0000] {processor.py:925} INFO - DAG(s) 'example_nested_branch_dag' retrieved from /home/airflow/.local/lib/python3.12/site-packages/airflow/example_dags/example_nested_branch_dag.py
[2026-06-13T16:53:30.646+0000] {logging_mixin.py:190} INFO - [2026-06-13T16:53:30.646+0000] {dag.py:3239} INFO - Sync 1 DAGs
[2026-06-13T16:53:30.674+0000] {logging_mixin.py:190} INFO - [2026-06-13T16:53:30.673+0000] {dag.py:4180} INFO - Setting next_dagrun for example_nested_branch_dag to 2026-06-12 00:00:00+00:00, run_after=2026-06-13 00:00:00+00:00
[2026-06-13T16:53:30.704+0000] {processor.py:208} INFO - Processing /home/airflow/.local/lib/python3.12/site-packages/airflow/example_dags/example_nested_branch_dag.py took 0.109 seconds
[2026-06-13T16:54:00.907+0000] {processor.py:186} INFO - Started process (PID=389) to work on /home/airflow/.local/lib/python3.12/site-packages/airflow/example_dags/example_nested_branch_dag.py
[2026-06-13T16:54:00.908+0000] {processor.py:914} INFO - Processing file /home/airflow/.local/lib/python3.12/site-packages/airflow/example_dags/example_nested_branch_dag.py for tasks to queue
[2026-06-13T16:54:00.912+0000] {logging_mixin.py:190} INFO - [2026-06-13T16:54:00.911+0000] {dagbag.py:588} INFO - Filling up the DagBag from /home/airflow/.local/lib/python3.12/site-packages/airflow/example_dags/example_nested_branch_dag.py
[2026-06-13T16:54:00.926+0000] {processor.py:925} INFO - DAG(s) 'example_nested_branch_dag' retrieved from /home/airflow/.local/lib/python3.12/site-packages/airflow/example_dags/example_nested_branch_dag.py
[2026-06-13T16:54:00.951+0000] {logging_mixin.py:190} INFO - [2026-06-13T16:54:00.951+0000] {dag.py:3239} INFO - Sync 1 DAGs
[2026-06-13T16:54:00.980+0000] {logging_mixin.py:190} INFO - [2026-06-13T16:54:00.980+0000] {dag.py:4180} INFO - Setting next_dagrun for example_nested_branch_dag to 2026-06-12 00:00:00+00:00, run_after=2026-06-13 00:00:00+00:00
[2026-06-13T16:54:01.014+0000] {processor.py:208} INFO - Processing /home/airflow/.local/lib/python3.12/site-packages/airflow/example_dags/example_nested_branch_dag.py took 0.113 seconds
[2026-06-13T16:54:31.143+0000] {processor.py:186} INFO - Started process (PID=452) to work on /home/airflow/.local/lib/python3.12/site-packages/airflow/example_dags/example_nested_branch_dag.py
[2026-06-13T16:54:31.145+0000] {processor.py:914} INFO - Processing file /home/airflow/.local/lib/python3.12/site-packages/airflow/example_dags/example_nested_branch_dag.py for tasks to queue
[2026-06-13T16:54:31.148+0000] {logging_mixin.py:190} INFO - [2026-06-13T16:54:31.147+0000] {dagbag.py:588} INFO - Filling up the DagBag from /home/airflow/.local/lib/python3.12/site-packages/airflow/example_dags/example_nested_branch_dag.py
[2026-06-13T16:54:31.164+0000] {processor.py:925} INFO - DAG(s) 'example_nested_branch_dag' retrieved from /home/airflow/.local/lib/python3.12/site-packages/airflow/example_dags/example_nested_branch_dag.py
[2026-06-13T16:54:31.195+0000] {logging_mixin.py:190} INFO - [2026-06-13T16:54:31.194+0000] {dag.py:3239} INFO - Sync 1 DAGs
[2026-06-13T16:54:31.228+0000] {logging_mixin.py:190} INFO - [2026-06-13T16:54:31.228+0000] {dag.py:4180} INFO - Setting next_dagrun for example_nested_branch_dag to 2026-06-12 00:00:00+00:00, run_after=2026-06-13 00:00:00+00:00
[2026-06-13T16:54:31.257+0000] {processor.py:208} INFO - Processing /home/airflow/.local/lib/python3.12/site-packages/airflow/example_dags/example_nested_branch_dag.py took 0.121 seconds
[2026-06-13T16:55:01.491+0000] {processor.py:186} INFO - Started process (PID=514) to work on /home/airflow/.local/lib/python3.12/site-packages/airflow/example_dags/example_nested_branch_dag.py
[2026-06-13T16:55:01.492+0000] {processor.py:914} INFO - Processing file /home/airflow/.local/lib/python3.12/site-packages/airflow/example_dags/example_nested_branch_dag.py for tasks to queue
[2026-06-13T16:55:01.495+0000] {logging_mixin.py:190} INFO - [2026-06-13T16:55:01.494+0000] {dagbag.py:588} INFO - Filling up the DagBag from /home/airflow/.local/lib/python3.12/site-packages/airflow/example_dags/example_nested_branch_dag.py
[2026-06-13T16:55:01.506+0000] {processor.py:925} INFO - DAG(s) 'example_nested_branch_dag' retrieved from /home/airflow/.local/lib/python3.12/site-packages/airflow/example_dags/example_nested_branch_dag.py
[2026-06-13T16:55:01.531+0000] {logging_mixin.py:190} INFO - [2026-06-13T16:55:01.531+0000] {dag.py:3239} INFO - Sync 1 DAGs
[2026-06-13T16:55:01.560+0000] {logging_mixin.py:190} INFO - [2026-06-13T16:55:01.559+0000] {dag.py:4180} INFO - Setting next_dagrun for example_nested_branch_dag to 2026-06-12 00:00:00+00:00, run_after=2026-06-13 00:00:00+00:00
[2026-06-13T16:55:01.583+0000] {processor.py:208} INFO - Processing /home/airflow/.local/lib/python3.12/site-packages/airflow/example_dags/example_nested_branch_dag.py took 0.099 seconds
[2026-06-13T16:55:31.900+0000] {processor.py:186} INFO - Started process (PID=577) to work on /home/airflow/.local/lib/python3.12/site-packages/airflow/example_dags/example_nested_branch_dag.py
[2026-06-13T16:55:31.902+0000] {processor.py:914} INFO - Processing file /home/airflow/.local/lib/python3.12/site-packages/airflow/example_dags/example_nested_branch_dag.py for tasks to queue
[2026-06-13T16:55:31.905+0000] {logging_mixin.py:190} INFO - [2026-06-13T16:55:31.905+0000] {dagbag.py:588} INFO - Filling up the DagBag from /home/airflow/.local/lib/python3.12/site-packages/airflow/example_dags/example_nested_branch_dag.py
[2026-06-13T16:55:31.920+0000] {processor.py:925} INFO - DAG(s) 'example_nested_branch_dag' retrieved from /home/airflow/.local/lib/python3.12/site-packages/airflow/example_dags/example_nested_branch_dag.py
[2026-06-13T16:55:31.952+0000] {logging_mixin.py:190} INFO - [2026-06-13T16:55:31.952+0000] {dag.py:3239} INFO - Sync 1 DAGs
[2026-06-13T16:55:31.987+0000] {logging_mixin.py:190} INFO - [2026-06-13T16:55:31.987+0000] {dag.py:4180} INFO - Setting next_dagrun for example_nested_branch_dag to 2026-06-12 00:00:00+00:00, run_after=2026-06-13 00:00:00+00:00
[2026-06-13T16:55:32.011+0000] {processor.py:208} INFO - Processing /home/airflow/.local/lib/python3.12/site-packages/airflow/example_dags/example_nested_branch_dag.py took 0.118 seconds
[2026-06-13T16:56:02.220+0000] {processor.py:186} INFO - Started process (PID=639) to work on /home/airflow/.local/lib/python3.12/site-packages/airflow/example_dags/example_nested_branch_dag.py
[2026-06-13T16:56:02.222+0000] {processor.py:914} INFO - Processing file /home/airflow/.local/lib/python3.12/site-packages/airflow/example_dags/example_nested_branch_dag.py for tasks to queue
[2026-06-13T16:56:02.225+0000] {logging_mixin.py:190} INFO - [2026-06-13T16:56:02.224+0000] {dagbag.py:588} INFO - Filling up the DagBag from /home/airflow/.local/lib/python3.12/site-packages/airflow/example_dags/example_nested_branch_dag.py
[2026-06-13T16:56:02.238+0000] {processor.py:925} INFO - DAG(s) 'example_nested_branch_dag' retrieved from /home/airflow/.local/lib/python3.12/site-packages/airflow/example_dags/example_nested_branch_dag.py
[2026-06-13T16:56:02.268+0000] {logging_mixin.py:190} INFO - [2026-06-13T16:56:02.268+0000] {dag.py:3239} INFO - Sync 1 DAGs
[2026-06-13T16:56:02.297+0000] {logging_mixin.py:190} INFO - [2026-06-13T16:56:02.296+0000] {dag.py:4180} INFO - Setting next_dagrun for example_nested_branch_dag to 2026-06-12 00:00:00+00:00, run_after=2026-06-13 00:00:00+00:00
[2026-06-13T16:56:02.321+0000] {processor.py:208} INFO - Processing /home/airflow/.local/lib/python3.12/site-packages/airflow/example_dags/example_nested_branch_dag.py took 0.108 seconds
[2026-06-13T16:56:32.568+0000] {processor.py:186} INFO - Started process (PID=701) to work on /home/airflow/.local/lib/python3.12/site-packages/airflow/example_dags/example_nested_branch_dag.py
[2026-06-13T16:56:32.569+0000] {processor.py:914} INFO - Processing file /home/airflow/.local/lib/python3.12/site-packages/airflow/example_dags/example_nested_branch_dag.py for tasks to queue
[2026-06-13T16:56:32.573+0000] {logging_mixin.py:190} INFO - [2026-06-13T16:56:32.572+0000] {dagbag.py:588} INFO - Filling up the DagBag from /home/airflow/.local/lib/python3.12/site-packages/airflow/example_dags/example_nested_branch_dag.py
[2026-06-13T16:56:32.585+0000] {processor.py:925} INFO - DAG(s) 'example_nested_branch_dag' retrieved from /home/airflow/.local/lib/python3.12/site-packages/airflow/example_dags/example_nested_branch_dag.py
[2026-06-13T16:56:32.610+0000] {logging_mixin.py:190} INFO - [2026-06-13T16:56:32.609+0000] {dag.py:3239} INFO - Sync 1 DAGs
[2026-06-13T16:56:32.639+0000] {logging_mixin.py:190} INFO - [2026-06-13T16:56:32.639+0000] {dag.py:4180} INFO - Setting next_dagrun for example_nested_branch_dag to 2026-06-12 00:00:00+00:00, run_after=2026-06-13 00:00:00+00:00
[2026-06-13T16:56:32.659+0000] {processor.py:208} INFO - Processing /home/airflow/.local/lib/python3.12/site-packages/airflow/example_dags/example_nested_branch_dag.py took 0.099 seconds
[2026-06-13T16:57:02.859+0000] {processor.py:186} INFO - Started process (PID=763) to work on /home/airflow/.local/lib/python3.12/site-packages/airflow/example_dags/example_nested_branch_dag.py
[2026-06-13T16:57:02.861+0000] {processor.py:914} INFO - Processing file /home/airflow/.local/lib/python3.12/site-packages/airflow/example_dags/example_nested_branch_dag.py for tasks to queue
[2026-06-13T16:57:02.864+0000] {logging_mixin.py:190} INFO - [2026-06-13T16:57:02.864+0000] {dagbag.py:588} INFO - Filling up the DagBag from /home/airflow/.local/lib/python3.12/site-packages/airflow/example_dags/example_nested_branch_dag.py
[2026-06-13T16:57:02.878+0000] {processor.py:925} INFO - DAG(s) 'example_nested_branch_dag' retrieved from /home/airflow/.local/lib/python3.12/site-packages/airflow/example_dags/example_nested_branch_dag.py
[2026-06-13T16:57:02.907+0000] {logging_mixin.py:190} INFO - [2026-06-13T16:57:02.906+0000] {dag.py:3239} INFO - Sync 1 DAGs
[2026-06-13T16:57:02.935+0000] {logging_mixin.py:190} INFO - [2026-06-13T16:57:02.935+0000] {dag.py:4180} INFO - Setting next_dagrun for example_nested_branch_dag to 2026-06-12 00:00:00+00:00, run_after=2026-06-13 00:00:00+00:00
[2026-06-13T16:57:02.958+0000] {processor.py:208} INFO - Processing /home/airflow/.local/lib/python3.12/site-packages/airflow/example_dags/example_nested_branch_dag.py took 0.105 seconds
[2026-06-13T16:57:33.687+0000] {processor.py:186} INFO - Started process (PID=825) to work on /home/airflow/.local/lib/python3.12/site-packages/airflow/example_dags/example_nested_branch_dag.py
[2026-06-13T16:57:33.689+0000] {processor.py:914} INFO - Processing file /home/airflow/.local/lib/python3.12/site-packages/airflow/example_dags/example_nested_branch_dag.py for tasks to queue
[2026-06-13T16:57:33.694+0000] {logging_mixin.py:190} INFO - [2026-06-13T16:57:33.693+0000] {dagbag.py:588} INFO - Filling up the DagBag from /home/airflow/.local/lib/python3.12/site-packages/airflow/example_dags/example_nested_branch_dag.py
[2026-06-13T16:57:33.714+0000] {processor.py:925} INFO - DAG(s) 'example_nested_branch_dag' retrieved from /home/airflow/.local/lib/python3.12/site-packages/airflow/example_dags/example_nested_branch_dag.py
[2026-06-13T16:57:33.752+0000] {logging_mixin.py:190} INFO - [2026-06-13T16:57:33.751+0000] {dag.py:3239} INFO - Sync 1 DAGs
[2026-06-13T16:57:33.791+0000] {logging_mixin.py:190} INFO - [2026-06-13T16:57:33.791+0000] {dag.py:4180} INFO - Setting next_dagrun for example_nested_branch_dag to 2026-06-12 00:00:00+00:00, run_after=2026-06-13 00:00:00+00:00
[2026-06-13T16:57:33.820+0000] {processor.py:208} INFO - Processing /home/airflow/.local/lib/python3.12/site-packages/airflow/example_dags/example_nested_branch_dag.py took 0.144 seconds
[2026-06-13T16:58:04.672+0000] {processor.py:186} INFO - Started process (PID=887) to work on /home/airflow/.local/lib/python3.12/site-packages/airflow/example_dags/example_nested_branch_dag.py
[2026-06-13T16:58:04.674+0000] {processor.py:914} INFO - Processing file /home/airflow/.local/lib/python3.12/site-packages/airflow/example_dags/example_nested_branch_dag.py for tasks to queue
[2026-06-13T16:58:04.680+0000] {logging_mixin.py:190} INFO - [2026-06-13T16:58:04.679+0000] {dagbag.py:588} INFO - Filling up the DagBag from /home/airflow/.local/lib/python3.12/site-packages/airflow/example_dags/example_nested_branch_dag.py
[2026-06-13T16:58:04.709+0000] {processor.py:925} INFO - DAG(s) 'example_nested_branch_dag' retrieved from /home/airflow/.local/lib/python3.12/site-packages/airflow/example_dags/example_nested_branch_dag.py
[2026-06-13T16:58:04.756+0000] {logging_mixin.py:190} INFO - [2026-06-13T16:58:04.756+0000] {dag.py:3239} INFO - Sync 1 DAGs
[2026-06-13T16:58:04.810+0000] {logging_mixin.py:190} INFO - [2026-06-13T16:58:04.810+0000] {dag.py:4180} INFO - Setting next_dagrun for example_nested_branch_dag to 2026-06-12 00:00:00+00:00, run_after=2026-06-13 00:00:00+00:00
[2026-06-13T16:58:04.856+0000] {processor.py:208} INFO - Processing /home/airflow/.local/lib/python3.12/site-packages/airflow/example_dags/example_nested_branch_dag.py took 0.192 seconds
[2026-06-13T16:58:35.023+0000] {processor.py:186} INFO - Started process (PID=949) to work on /home/airflow/.local/lib/python3.12/site-packages/airflow/example_dags/example_nested_branch_dag.py
[2026-06-13T16:58:35.025+0000] {processor.py:914} INFO - Processing file /home/airflow/.local/lib/python3.12/site-packages/airflow/example_dags/example_nested_branch_dag.py for tasks to queue
[2026-06-13T16:58:35.029+0000] {logging_mixin.py:190} INFO - [2026-06-13T16:58:35.029+0000] {dagbag.py:588} INFO - Filling up the DagBag from /home/airflow/.local/lib/python3.12/site-packages/airflow/example_dags/example_nested_branch_dag.py
[2026-06-13T16:58:35.044+0000] {processor.py:925} INFO - DAG(s) 'example_nested_branch_dag' retrieved from /home/airflow/.local/lib/python3.12/site-packages/airflow/example_dags/example_nested_branch_dag.py
[2026-06-13T16:58:35.073+0000] {logging_mixin.py:190} INFO - [2026-06-13T16:58:35.073+0000] {dag.py:3239} INFO - Sync 1 DAGs
[2026-06-13T16:58:35.102+0000] {logging_mixin.py:190} INFO - [2026-06-13T16:58:35.102+0000] {dag.py:4180} INFO - Setting next_dagrun for example_nested_branch_dag to 2026-06-12 00:00:00+00:00, run_after=2026-06-13 00:00:00+00:00
[2026-06-13T16:58:35.136+0000] {processor.py:208} INFO - Processing /home/airflow/.local/lib/python3.12/site-packages/airflow/example_dags/example_nested_branch_dag.py took 0.120 seconds
[2026-06-13T16:59:05.315+0000] {processor.py:186} INFO - Started process (PID=1011) to work on /home/airflow/.local/lib/python3.12/site-packages/airflow/example_dags/example_nested_branch_dag.py
[2026-06-13T16:59:05.327+0000] {processor.py:914} INFO - Processing file /home/airflow/.local/lib/python3.12/site-packages/airflow/example_dags/example_nested_branch_dag.py for tasks to queue
[2026-06-13T16:59:05.332+0000] {logging_mixin.py:190} INFO - [2026-06-13T16:59:05.331+0000] {dagbag.py:588} INFO - Filling up the DagBag from /home/airflow/.local/lib/python3.12/site-packages/airflow/example_dags/example_nested_branch_dag.py
[2026-06-13T16:59:05.350+0000] {processor.py:925} INFO - DAG(s) 'example_nested_branch_dag' retrieved from /home/airflow/.local/lib/python3.12/site-packages/airflow/example_dags/example_nested_branch_dag.py
[2026-06-13T16:59:05.387+0000] {logging_mixin.py:190} INFO - [2026-06-13T16:59:05.386+0000] {dag.py:3239} INFO - Sync 1 DAGs
[2026-06-13T16:59:05.430+0000] {logging_mixin.py:190} INFO - [2026-06-13T16:59:05.429+0000] {dag.py:4180} INFO - Setting next_dagrun for example_nested_branch_dag to 2026-06-12 00:00:00+00:00, run_after=2026-06-13 00:00:00+00:00
[2026-06-13T16:59:05.468+0000] {processor.py:208} INFO - Processing /home/airflow/.local/lib/python3.12/site-packages/airflow/example_dags/example_nested_branch_dag.py took 0.162 seconds
[2026-06-13T16:59:36.621+0000] {processor.py:186} INFO - Started process (PID=1073) to work on /home/airflow/.local/lib/python3.12/site-packages/airflow/example_dags/example_nested_branch_dag.py
[2026-06-13T16:59:36.623+0000] {processor.py:914} INFO - Processing file /home/airflow/.local/lib/python3.12/site-packages/airflow/example_dags/example_nested_branch_dag.py for tasks to queue
[2026-06-13T16:59:36.630+0000] {logging_mixin.py:190} INFO - [2026-06-13T16:59:36.630+0000] {dagbag.py:588} INFO - Filling up the DagBag from /home/airflow/.local/lib/python3.12/site-packages/airflow/example_dags/example_nested_branch_dag.py
[2026-06-13T16:59:36.648+0000] {processor.py:925} INFO - DAG(s) 'example_nested_branch_dag' retrieved from /home/airflow/.local/lib/python3.12/site-packages/airflow/example_dags/example_nested_branch_dag.py
[2026-06-13T16:59:36.682+0000] {logging_mixin.py:190} INFO - [2026-06-13T16:59:36.681+0000] {dag.py:3239} INFO - Sync 1 DAGs
[2026-06-13T16:59:36.718+0000] {logging_mixin.py:190} INFO - [2026-06-13T16:59:36.718+0000] {dag.py:4180} INFO - Setting next_dagrun for example_nested_branch_dag to 2026-06-12 00:00:00+00:00, run_after=2026-06-13 00:00:00+00:00
[2026-06-13T16:59:36.753+0000] {processor.py:208} INFO - Processing /home/airflow/.local/lib/python3.12/site-packages/airflow/example_dags/example_nested_branch_dag.py took 0.140 seconds
[2026-06-13T17:00:07.250+0000] {processor.py:186} INFO - Started process (PID=1135) to work on /home/airflow/.local/lib/python3.12/site-packages/airflow/example_dags/example_nested_branch_dag.py
[2026-06-13T17:00:07.252+0000] {processor.py:914} INFO - Processing file /home/airflow/.local/lib/python3.12/site-packages/airflow/example_dags/example_nested_branch_dag.py for tasks to queue
[2026-06-13T17:00:07.256+0000] {logging_mixin.py:190} INFO - [2026-06-13T17:00:07.256+0000] {dagbag.py:588} INFO - Filling up the DagBag from /home/airflow/.local/lib/python3.12/site-packages/airflow/example_dags/example_nested_branch_dag.py
[2026-06-13T17:00:07.275+0000] {processor.py:925} INFO - DAG(s) 'example_nested_branch_dag' retrieved from /home/airflow/.local/lib/python3.12/site-packages/airflow/example_dags/example_nested_branch_dag.py
[2026-06-13T17:00:07.310+0000] {logging_mixin.py:190} INFO - [2026-06-13T17:00:07.309+0000] {dag.py:3239} INFO - Sync 1 DAGs
[2026-06-13T17:00:07.349+0000] {logging_mixin.py:190} INFO - [2026-06-13T17:00:07.349+0000] {dag.py:4180} INFO - Setting next_dagrun for example_nested_branch_dag to 2026-06-12 00:00:00+00:00, run_after=2026-06-13 00:00:00+00:00
[2026-06-13T17:00:07.378+0000] {processor.py:208} INFO - Processing /home/airflow/.local/lib/python3.12/site-packages/airflow/example_dags/example_nested_branch_dag.py took 0.137 seconds
[2026-06-13T17:00:37.582+0000] {processor.py:186} INFO - Started process (PID=1197) to work on /home/airflow/.local/lib/python3.12/site-packages/airflow/example_dags/example_nested_branch_dag.py
[2026-06-13T17:00:37.583+0000] {processor.py:914} INFO - Processing file /home/airflow/.local/lib/python3.12/site-packages/airflow/example_dags/example_nested_branch_dag.py for tasks to queue
[2026-06-13T17:00:37.588+0000] {logging_mixin.py:190} INFO - [2026-06-13T17:00:37.587+0000] {dagbag.py:588} INFO - Filling up the DagBag from /home/airflow/.local/lib/python3.12/site-packages/airflow/example_dags/example_nested_branch_dag.py
[2026-06-13T17:00:37.607+0000] {processor.py:925} INFO - DAG(s) 'example_nested_branch_dag' retrieved from /home/airflow/.local/lib/python3.12/site-packages/airflow/example_dags/example_nested_branch_dag.py
[2026-06-13T17:00:37.647+0000] {logging_mixin.py:190} INFO - [2026-06-13T17:00:37.647+0000] {dag.py:3239} INFO - Sync 1 DAGs
[2026-06-13T17:00:37.683+0000] {logging_mixin.py:190} INFO - [2026-06-13T17:00:37.683+0000] {dag.py:4180} INFO - Setting next_dagrun for example_nested_branch_dag to 2026-06-12 00:00:00+00:00, run_after=2026-06-13 00:00:00+00:00
[2026-06-13T17:00:37.710+0000] {processor.py:208} INFO - Processing /home/airflow/.local/lib/python3.12/site-packages/airflow/example_dags/example_nested_branch_dag.py took 0.138 seconds
[2026-06-13T17:01:08.048+0000] {processor.py:186} INFO - Started process (PID=1259) to work on /home/airflow/.local/lib/python3.12/site-packages/airflow/example_dags/example_nested_branch_dag.py
[2026-06-13T17:01:08.050+0000] {processor.py:914} INFO - Processing file /home/airflow/.local/lib/python3.12/site-packages/airflow/example_dags/example_nested_branch_dag.py for tasks to queue
[2026-06-13T17:01:08.055+0000] {logging_mixin.py:190} INFO - [2026-06-13T17:01:08.054+0000] {dagbag.py:588} INFO - Filling up the DagBag from /home/airflow/.local/lib/python3.12/site-packages/airflow/example_dags/example_nested_branch_dag.py
[2026-06-13T17:01:08.070+0000] {processor.py:925} INFO - DAG(s) 'example_nested_branch_dag' retrieved from /home/airflow/.local/lib/python3.12/site-packages/airflow/example_dags/example_nested_branch_dag.py
[2026-06-13T17:01:08.098+0000] {logging_mixin.py:190} INFO - [2026-06-13T17:01:08.098+0000] {dag.py:3239} INFO - Sync 1 DAGs
[2026-06-13T17:01:08.132+0000] {logging_mixin.py:190} INFO - [2026-06-13T17:01:08.132+0000] {dag.py:4180} INFO - Setting next_dagrun for example_nested_branch_dag to 2026-06-12 00:00:00+00:00, run_after=2026-06-13 00:00:00+00:00
[2026-06-13T17:01:08.159+0000] {processor.py:208} INFO - Processing /home/airflow/.local/lib/python3.12/site-packages/airflow/example_dags/example_nested_branch_dag.py took 0.120 seconds
[2026-06-13T17:01:38.579+0000] {processor.py:186} INFO - Started process (PID=1321) to work on /home/airflow/.local/lib/python3.12/site-packages/airflow/example_dags/example_nested_branch_dag.py
[2026-06-13T17:01:38.581+0000] {processor.py:914} INFO - Processing file /home/airflow/.local/lib/python3.12/site-packages/airflow/example_dags/example_nested_branch_dag.py for tasks to queue
[2026-06-13T17:01:38.586+0000] {logging_mixin.py:190} INFO - [2026-06-13T17:01:38.585+0000] {dagbag.py:588} INFO - Filling up the DagBag from /home/airflow/.local/lib/python3.12/site-packages/airflow/example_dags/example_nested_branch_dag.py
[2026-06-13T17:01:38.606+0000] {processor.py:925} INFO - DAG(s) 'example_nested_branch_dag' retrieved from /home/airflow/.local/lib/python3.12/site-packages/airflow/example_dags/example_nested_branch_dag.py
[2026-06-13T17:01:38.639+0000] {logging_mixin.py:190} INFO - [2026-06-13T17:01:38.639+0000] {dag.py:3239} INFO - Sync 1 DAGs
[2026-06-13T17:01:38.670+0000] {logging_mixin.py:190} INFO - [2026-06-13T17:01:38.670+0000] {dag.py:4180} INFO - Setting next_dagrun for example_nested_branch_dag to 2026-06-12 00:00:00+00:00, run_after=2026-06-13 00:00:00+00:00
[2026-06-13T17:01:38.697+0000] {processor.py:208} INFO - Processing /home/airflow/.local/lib/python3.12/site-packages/airflow/example_dags/example_nested_branch_dag.py took 0.128 seconds
[2026-06-13T17:02:08.832+0000] {processor.py:186} INFO - Started process (PID=1383) to work on /home/airflow/.local/lib/python3.12/site-packages/airflow/example_dags/example_nested_branch_dag.py
[2026-06-13T17:02:08.834+0000] {processor.py:914} INFO - Processing file /home/airflow/.local/lib/python3.12/site-packages/airflow/example_dags/example_nested_branch_dag.py for tasks to queue
[2026-06-13T17:02:08.838+0000] {logging_mixin.py:190} INFO - [2026-06-13T17:02:08.837+0000] {dagbag.py:588} INFO - Filling up the DagBag from /home/airflow/.local/lib/python3.12/site-packages/airflow/example_dags/example_nested_branch_dag.py
[2026-06-13T17:02:08.857+0000] {processor.py:925} INFO - DAG(s) 'example_nested_branch_dag' retrieved from /home/airflow/.local/lib/python3.12/site-packages/airflow/example_dags/example_nested_branch_dag.py
[2026-06-13T17:02:08.889+0000] {logging_mixin.py:190} INFO - [2026-06-13T17:02:08.889+0000] {dag.py:3239} INFO - Sync 1 DAGs
[2026-06-13T17:02:08.926+0000] {logging_mixin.py:190} INFO - [2026-06-13T17:02:08.926+0000] {dag.py:4180} INFO - Setting next_dagrun for example_nested_branch_dag to 2026-06-12 00:00:00+00:00, run_after=2026-06-13 00:00:00+00:00
[2026-06-13T17:02:08.952+0000] {processor.py:208} INFO - Processing /home/airflow/.local/lib/python3.12/site-packages/airflow/example_dags/example_nested_branch_dag.py took 0.129 seconds
[2026-06-13T17:02:39.386+0000] {processor.py:186} INFO - Started process (PID=1445) to work on /home/airflow/.local/lib/python3.12/site-packages/airflow/example_dags/example_nested_branch_dag.py
[2026-06-13T17:02:39.388+0000] {processor.py:914} INFO - Processing file /home/airflow/.local/lib/python3.12/site-packages/airflow/example_dags/example_nested_branch_dag.py for tasks to queue
[2026-06-13T17:02:39.393+0000] {logging_mixin.py:190} INFO - [2026-06-13T17:02:39.392+0000] {dagbag.py:588} INFO - Filling up the DagBag from /home/airflow/.local/lib/python3.12/site-packages/airflow/example_dags/example_nested_branch_dag.py
[2026-06-13T17:02:39.413+0000] {processor.py:925} INFO - DAG(s) 'example_nested_branch_dag' retrieved from /home/airflow/.local/lib/python3.12/site-packages/airflow/example_dags/example_nested_branch_dag.py
[2026-06-13T17:02:39.447+0000] {logging_mixin.py:190} INFO - [2026-06-13T17:02:39.446+0000] {dag.py:3239} INFO - Sync 1 DAGs
[2026-06-13T17:02:39.487+0000] {logging_mixin.py:190} INFO - [2026-06-13T17:02:39.486+0000] {dag.py:4180} INFO - Setting next_dagrun for example_nested_branch_dag to 2026-06-12 00:00:00+00:00, run_after=2026-06-13 00:00:00+00:00
[2026-06-13T17:02:39.525+0000] {processor.py:208} INFO - Processing /home/airflow/.local/lib/python3.12/site-packages/airflow/example_dags/example_nested_branch_dag.py took 0.149 seconds
[2026-06-13T17:03:09.691+0000] {processor.py:186} INFO - Started process (PID=1507) to work on /home/airflow/.local/lib/python3.12/site-packages/airflow/example_dags/example_nested_branch_dag.py
[2026-06-13T17:03:09.695+0000] {processor.py:914} INFO - Processing file /home/airflow/.local/lib/python3.12/site-packages/airflow/example_dags/example_nested_branch_dag.py for tasks to queue
[2026-06-13T17:03:09.700+0000] {logging_mixin.py:190} INFO - [2026-06-13T17:03:09.699+0000] {dagbag.py:588} INFO - Filling up the DagBag from /home/airflow/.local/lib/python3.12/site-packages/airflow/example_dags/example_nested_branch_dag.py
[2026-06-13T17:03:09.723+0000] {processor.py:925} INFO - DAG(s) 'example_nested_branch_dag' retrieved from /home/airflow/.local/lib/python3.12/site-packages/airflow/example_dags/example_nested_branch_dag.py
[2026-06-13T17:03:09.761+0000] {logging_mixin.py:190} INFO - [2026-06-13T17:03:09.760+0000] {dag.py:3239} INFO - Sync 1 DAGs
[2026-06-13T17:03:09.799+0000] {logging_mixin.py:190} INFO - [2026-06-13T17:03:09.798+0000] {dag.py:4180} INFO - Setting next_dagrun for example_nested_branch_dag to 2026-06-12 00:00:00+00:00, run_after=2026-06-13 00:00:00+00:00
[2026-06-13T17:03:09.836+0000] {processor.py:208} INFO - Processing /home/airflow/.local/lib/python3.12/site-packages/airflow/example_dags/example_nested_branch_dag.py took 0.154 seconds
[2026-06-13T17:03:40.435+0000] {processor.py:186} INFO - Started process (PID=1569) to work on /home/airflow/.local/lib/python3.12/site-packages/airflow/example_dags/example_nested_branch_dag.py
[2026-06-13T17:03:40.438+0000] {processor.py:914} INFO - Processing file /home/airflow/.local/lib/python3.12/site-packages/airflow/example_dags/example_nested_branch_dag.py for tasks to queue
[2026-06-13T17:03:40.443+0000] {logging_mixin.py:190} INFO - [2026-06-13T17:03:40.442+0000] {dagbag.py:588} INFO - Filling up the DagBag from /home/airflow/.local/lib/python3.12/site-packages/airflow/example_dags/example_nested_branch_dag.py
[2026-06-13T17:03:40.467+0000] {processor.py:925} INFO - DAG(s) 'example_nested_branch_dag' retrieved from /home/airflow/.local/lib/python3.12/site-packages/airflow/example_dags/example_nested_branch_dag.py
[2026-06-13T17:03:40.505+0000] {logging_mixin.py:190} INFO - [2026-06-13T17:03:40.505+0000] {dag.py:3239} INFO - Sync 1 DAGs
[2026-06-13T17:03:40.545+0000] {logging_mixin.py:190} INFO - [2026-06-13T17:03:40.545+0000] {dag.py:4180} INFO - Setting next_dagrun for example_nested_branch_dag to 2026-06-12 00:00:00+00:00, run_after=2026-06-13 00:00:00+00:00
[2026-06-13T17:03:40.571+0000] {processor.py:208} INFO - Processing /home/airflow/.local/lib/python3.12/site-packages/airflow/example_dags/example_nested_branch_dag.py took 0.147 seconds
[2026-06-13T17:04:11.008+0000] {processor.py:186} INFO - Started process (PID=1631) to work on /home/airflow/.local/lib/python3.12/site-packages/airflow/example_dags/example_nested_branch_dag.py
[2026-06-13T17:04:11.010+0000] {processor.py:914} INFO - Processing file /home/airflow/.local/lib/python3.12/site-packages/airflow/example_dags/example_nested_branch_dag.py for tasks to queue
[2026-06-13T17:04:11.015+0000] {logging_mixin.py:190} INFO - [2026-06-13T17:04:11.014+0000] {dagbag.py:588} INFO - Filling up the DagBag from /home/airflow/.local/lib/python3.12/site-packages/airflow/example_dags/example_nested_branch_dag.py
[2026-06-13T17:04:11.033+0000] {processor.py:925} INFO - DAG(s) 'example_nested_branch_dag' retrieved from /home/airflow/.local/lib/python3.12/site-packages/airflow/example_dags/example_nested_branch_dag.py
[2026-06-13T17:04:11.070+0000] {logging_mixin.py:190} INFO - [2026-06-13T17:04:11.069+0000] {dag.py:3239} INFO - Sync 1 DAGs
[2026-06-13T17:04:11.106+0000] {logging_mixin.py:190} INFO - [2026-06-13T17:04:11.106+0000] {dag.py:4180} INFO - Setting next_dagrun for example_nested_branch_dag to 2026-06-12 00:00:00+00:00, run_after=2026-06-13 00:00:00+00:00
[2026-06-13T17:04:11.135+0000] {processor.py:208} INFO - Processing /home/airflow/.local/lib/python3.12/site-packages/airflow/example_dags/example_nested_branch_dag.py took 0.136 seconds
[2026-06-13T17:04:41.340+0000] {processor.py:186} INFO - Started process (PID=1693) to work on /home/airflow/.local/lib/python3.12/site-packages/airflow/example_dags/example_nested_branch_dag.py
[2026-06-13T17:04:41.342+0000] {processor.py:914} INFO - Processing file /home/airflow/.local/lib/python3.12/site-packages/airflow/example_dags/example_nested_branch_dag.py for tasks to queue
[2026-06-13T17:04:41.345+0000] {logging_mixin.py:190} INFO - [2026-06-13T17:04:41.345+0000] {dagbag.py:588} INFO - Filling up the DagBag from /home/airflow/.local/lib/python3.12/site-packages/airflow/example_dags/example_nested_branch_dag.py
[2026-06-13T17:04:41.364+0000] {processor.py:925} INFO - DAG(s) 'example_nested_branch_dag' retrieved from /home/airflow/.local/lib/python3.12/site-packages/airflow/example_dags/example_nested_branch_dag.py
[2026-06-13T17:04:41.395+0000] {logging_mixin.py:190} INFO - [2026-06-13T17:04:41.394+0000] {dag.py:3239} INFO - Sync 1 DAGs
[2026-06-13T17:04:41.426+0000] {logging_mixin.py:190} INFO - [2026-06-13T17:04:41.426+0000] {dag.py:4180} INFO - Setting next_dagrun for example_nested_branch_dag to 2026-06-12 00:00:00+00:00, run_after=2026-06-13 00:00:00+00:00
[2026-06-13T17:04:41.467+0000] {processor.py:208} INFO - Processing /home/airflow/.local/lib/python3.12/site-packages/airflow/example_dags/example_nested_branch_dag.py took 0.136 seconds
[2026-06-13T17:05:11.816+0000] {processor.py:186} INFO - Started process (PID=1755) to work on /home/airflow/.local/lib/python3.12/site-packages/airflow/example_dags/example_nested_branch_dag.py
[2026-06-13T17:05:11.818+0000] {processor.py:914} INFO - Processing file /home/airflow/.local/lib/python3.12/site-packages/airflow/example_dags/example_nested_branch_dag.py for tasks to queue
[2026-06-13T17:05:11.822+0000] {logging_mixin.py:190} INFO - [2026-06-13T17:05:11.822+0000] {dagbag.py:588} INFO - Filling up the DagBag from /home/airflow/.local/lib/python3.12/site-packages/airflow/example_dags/example_nested_branch_dag.py
[2026-06-13T17:05:11.838+0000] {processor.py:925} INFO - DAG(s) 'example_nested_branch_dag' retrieved from /home/airflow/.local/lib/python3.12/site-packages/airflow/example_dags/example_nested_branch_dag.py
[2026-06-13T17:05:11.878+0000] {logging_mixin.py:190} INFO - [2026-06-13T17:05:11.878+0000] {dag.py:3239} INFO - Sync 1 DAGs
[2026-06-13T17:05:11.916+0000] {logging_mixin.py:190} INFO - [2026-06-13T17:05:11.915+0000] {dag.py:4180} INFO - Setting next_dagrun for example_nested_branch_dag to 2026-06-12 00:00:00+00:00, run_after=2026-06-13 00:00:00+00:00
[2026-06-13T17:05:11.959+0000] {processor.py:208} INFO - Processing /home/airflow/.local/lib/python3.12/site-packages/airflow/example_dags/example_nested_branch_dag.py took 0.151 seconds
[2026-06-13T17:05:42.063+0000] {processor.py:186} INFO - Started process (PID=1817) to work on /home/airflow/.local/lib/python3.12/site-packages/airflow/example_dags/example_nested_branch_dag.py
[2026-06-13T17:05:42.065+0000] {processor.py:914} INFO - Processing file /home/airflow/.local/lib/python3.12/site-packages/airflow/example_dags/example_nested_branch_dag.py for tasks to queue
[2026-06-13T17:05:42.069+0000] {logging_mixin.py:190} INFO - [2026-06-13T17:05:42.068+0000] {dagbag.py:588} INFO - Filling up the DagBag from /home/airflow/.local/lib/python3.12/site-packages/airflow/example_dags/example_nested_branch_dag.py
[2026-06-13T17:05:42.088+0000] {processor.py:925} INFO - DAG(s) 'example_nested_branch_dag' retrieved from /home/airflow/.local/lib/python3.12/site-packages/airflow/example_dags/example_nested_branch_dag.py
[2026-06-13T17:05:42.124+0000] {logging_mixin.py:190} INFO - [2026-06-13T17:05:42.124+0000] {dag.py:3239} INFO - Sync 1 DAGs
[2026-06-13T17:05:42.173+0000] {logging_mixin.py:190} INFO - [2026-06-13T17:05:42.172+0000] {dag.py:4180} INFO - Setting next_dagrun for example_nested_branch_dag to 2026-06-12 00:00:00+00:00, run_after=2026-06-13 00:00:00+00:00
[2026-06-13T17:05:42.212+0000] {processor.py:208} INFO - Processing /home/airflow/.local/lib/python3.12/site-packages/airflow/example_dags/example_nested_branch_dag.py took 0.158 seconds
[2026-06-13T17:06:12.549+0000] {processor.py:186} INFO - Started process (PID=1879) to work on /home/airflow/.local/lib/python3.12/site-packages/airflow/example_dags/example_nested_branch_dag.py
[2026-06-13T17:06:12.551+0000] {processor.py:914} INFO - Processing file /home/airflow/.local/lib/python3.12/site-packages/airflow/example_dags/example_nested_branch_dag.py for tasks to queue
[2026-06-13T17:06:12.554+0000] {logging_mixin.py:190} INFO - [2026-06-13T17:06:12.554+0000] {dagbag.py:588} INFO - Filling up the DagBag from /home/airflow/.local/lib/python3.12/site-packages/airflow/example_dags/example_nested_branch_dag.py
[2026-06-13T17:06:12.570+0000] {processor.py:925} INFO - DAG(s) 'example_nested_branch_dag' retrieved from /home/airflow/.local/lib/python3.12/site-packages/airflow/example_dags/example_nested_branch_dag.py
[2026-06-13T17:06:12.599+0000] {logging_mixin.py:190} INFO - [2026-06-13T17:06:12.598+0000] {dag.py:3239} INFO - Sync 1 DAGs
[2026-06-13T17:06:12.629+0000] {logging_mixin.py:190} INFO - [2026-06-13T17:06:12.628+0000] {dag.py:4180} INFO - Setting next_dagrun for example_nested_branch_dag to 2026-06-12 00:00:00+00:00, run_after=2026-06-13 00:00:00+00:00
[2026-06-13T17:06:12.666+0000] {processor.py:208} INFO - Processing /home/airflow/.local/lib/python3.12/site-packages/airflow/example_dags/example_nested_branch_dag.py took 0.124 seconds
[2026-06-13T17:06:43.159+0000] {processor.py:186} INFO - Started process (PID=1942) to work on /home/airflow/.local/lib/python3.12/site-packages/airflow/example_dags/example_nested_branch_dag.py
[2026-06-13T17:06:43.161+0000] {processor.py:914} INFO - Processing file /home/airflow/.local/lib/python3.12/site-packages/airflow/example_dags/example_nested_branch_dag.py for tasks to queue
[2026-06-13T17:06:43.165+0000] {logging_mixin.py:190} INFO - [2026-06-13T17:06:43.164+0000] {dagbag.py:588} INFO - Filling up the DagBag from /home/airflow/.local/lib/python3.12/site-packages/airflow/example_dags/example_nested_branch_dag.py
[2026-06-13T17:06:43.181+0000] {processor.py:925} INFO - DAG(s) 'example_nested_branch_dag' retrieved from /home/airflow/.local/lib/python3.12/site-packages/airflow/example_dags/example_nested_branch_dag.py
[2026-06-13T17:06:43.212+0000] {logging_mixin.py:190} INFO - [2026-06-13T17:06:43.212+0000] {dag.py:3239} INFO - Sync 1 DAGs
[2026-06-13T17:06:43.248+0000] {logging_mixin.py:190} INFO - [2026-06-13T17:06:43.248+0000] {dag.py:4180} INFO - Setting next_dagrun for example_nested_branch_dag to 2026-06-12 00:00:00+00:00, run_after=2026-06-13 00:00:00+00:00
[2026-06-13T17:06:43.316+0000] {processor.py:208} INFO - Processing /home/airflow/.local/lib/python3.12/site-packages/airflow/example_dags/example_nested_branch_dag.py took 0.166 seconds
[2026-06-13T17:07:13.902+0000] {processor.py:186} INFO - Started process (PID=2004) to work on /home/airflow/.local/lib/python3.12/site-packages/airflow/example_dags/example_nested_branch_dag.py
[2026-06-13T17:07:13.903+0000] {processor.py:914} INFO - Processing file /home/airflow/.local/lib/python3.12/site-packages/airflow/example_dags/example_nested_branch_dag.py for tasks to queue
[2026-06-13T17:07:13.908+0000] {logging_mixin.py:190} INFO - [2026-06-13T17:07:13.907+0000] {dagbag.py:588} INFO - Filling up the DagBag from /home/airflow/.local/lib/python3.12/site-packages/airflow/example_dags/example_nested_branch_dag.py
[2026-06-13T17:07:13.919+0000] {processor.py:925} INFO - DAG(s) 'example_nested_branch_dag' retrieved from /home/airflow/.local/lib/python3.12/site-packages/airflow/example_dags/example_nested_branch_dag.py
[2026-06-13T17:07:13.940+0000] {logging_mixin.py:190} INFO - [2026-06-13T17:07:13.939+0000] {dag.py:3239} INFO - Sync 1 DAGs
[2026-06-13T17:07:13.966+0000] {logging_mixin.py:190} INFO - [2026-06-13T17:07:13.966+0000] {dag.py:4180} INFO - Setting next_dagrun for example_nested_branch_dag to 2026-06-12 00:00:00+00:00, run_after=2026-06-13 00:00:00+00:00
[2026-06-13T17:07:14.005+0000] {processor.py:208} INFO - Processing /home/airflow/.local/lib/python3.12/site-packages/airflow/example_dags/example_nested_branch_dag.py took 0.110 seconds
[2026-06-13T17:07:44.709+0000] {processor.py:186} INFO - Started process (PID=2066) to work on /home/airflow/.local/lib/python3.12/site-packages/airflow/example_dags/example_nested_branch_dag.py
[2026-06-13T17:07:44.711+0000] {processor.py:914} INFO - Processing file /home/airflow/.local/lib/python3.12/site-packages/airflow/example_dags/example_nested_branch_dag.py for tasks to queue
[2026-06-13T17:07:44.714+0000] {logging_mixin.py:190} INFO - [2026-06-13T17:07:44.713+0000] {dagbag.py:588} INFO - Filling up the DagBag from /home/airflow/.local/lib/python3.12/site-packages/airflow/example_dags/example_nested_branch_dag.py
[2026-06-13T17:07:44.731+0000] {processor.py:925} INFO - DAG(s) 'example_nested_branch_dag' retrieved from /home/airflow/.local/lib/python3.12/site-packages/airflow/example_dags/example_nested_branch_dag.py
[2026-06-13T17:07:44.755+0000] {logging_mixin.py:190} INFO - [2026-06-13T17:07:44.754+0000] {dag.py:3239} INFO - Sync 1 DAGs
[2026-06-13T17:07:44.781+0000] {logging_mixin.py:190} INFO - [2026-06-13T17:07:44.780+0000] {dag.py:4180} INFO - Setting next_dagrun for example_nested_branch_dag to 2026-06-12 00:00:00+00:00, run_after=2026-06-13 00:00:00+00:00
[2026-06-13T17:07:44.813+0000] {processor.py:208} INFO - Processing /home/airflow/.local/lib/python3.12/site-packages/airflow/example_dags/example_nested_branch_dag.py took 0.112 seconds
[2026-06-13T17:08:15.291+0000] {processor.py:186} INFO - Started process (PID=2128) to work on /home/airflow/.local/lib/python3.12/site-packages/airflow/example_dags/example_nested_branch_dag.py
[2026-06-13T17:08:15.293+0000] {processor.py:914} INFO - Processing file /home/airflow/.local/lib/python3.12/site-packages/airflow/example_dags/example_nested_branch_dag.py for tasks to queue
[2026-06-13T17:08:15.296+0000] {logging_mixin.py:190} INFO - [2026-06-13T17:08:15.296+0000] {dagbag.py:588} INFO - Filling up the DagBag from /home/airflow/.local/lib/python3.12/site-packages/airflow/example_dags/example_nested_branch_dag.py
[2026-06-13T17:08:15.311+0000] {processor.py:925} INFO - DAG(s) 'example_nested_branch_dag' retrieved from /home/airflow/.local/lib/python3.12/site-packages/airflow/example_dags/example_nested_branch_dag.py
[2026-06-13T17:08:15.335+0000] {logging_mixin.py:190} INFO - [2026-06-13T17:08:15.335+0000] {dag.py:3239} INFO - Sync 1 DAGs
[2026-06-13T17:08:15.361+0000] {logging_mixin.py:190} INFO - [2026-06-13T17:08:15.361+0000] {dag.py:4180} INFO - Setting next_dagrun for example_nested_branch_dag to 2026-06-12 00:00:00+00:00, run_after=2026-06-13 00:00:00+00:00
[2026-06-13T17:08:15.382+0000] {processor.py:208} INFO - Processing /home/airflow/.local/lib/python3.12/site-packages/airflow/example_dags/example_nested_branch_dag.py took 0.098 seconds
[2026-06-13T17:08:45.475+0000] {processor.py:186} INFO - Started process (PID=2190) to work on /home/airflow/.local/lib/python3.12/site-packages/airflow/example_dags/example_nested_branch_dag.py
[2026-06-13T17:08:45.477+0000] {processor.py:914} INFO - Processing file /home/airflow/.local/lib/python3.12/site-packages/airflow/example_dags/example_nested_branch_dag.py for tasks to queue
[2026-06-13T17:08:45.479+0000] {logging_mixin.py:190} INFO - [2026-06-13T17:08:45.479+0000] {dagbag.py:588} INFO - Filling up the DagBag from /home/airflow/.local/lib/python3.12/site-packages/airflow/example_dags/example_nested_branch_dag.py
[2026-06-13T17:08:45.489+0000] {processor.py:925} INFO - DAG(s) 'example_nested_branch_dag' retrieved from /home/airflow/.local/lib/python3.12/site-packages/airflow/example_dags/example_nested_branch_dag.py
[2026-06-13T17:08:45.510+0000] {logging_mixin.py:190} INFO - [2026-06-13T17:08:45.510+0000] {dag.py:3239} INFO - Sync 1 DAGs
[2026-06-13T17:08:45.532+0000] {logging_mixin.py:190} INFO - [2026-06-13T17:08:45.532+0000] {dag.py:4180} INFO - Setting next_dagrun for example_nested_branch_dag to 2026-06-12 00:00:00+00:00, run_after=2026-06-13 00:00:00+00:00
[2026-06-13T17:08:45.551+0000] {processor.py:208} INFO - Processing /home/airflow/.local/lib/python3.12/site-packages/airflow/example_dags/example_nested_branch_dag.py took 0.080 seconds
[2026-06-13T17:09:16.138+0000] {processor.py:186} INFO - Started process (PID=2252) to work on /home/airflow/.local/lib/python3.12/site-packages/airflow/example_dags/example_nested_branch_dag.py
[2026-06-13T17:09:16.139+0000] {processor.py:914} INFO - Processing file /home/airflow/.local/lib/python3.12/site-packages/airflow/example_dags/example_nested_branch_dag.py for tasks to queue
[2026-06-13T17:09:16.144+0000] {logging_mixin.py:190} INFO - [2026-06-13T17:09:16.143+0000] {dagbag.py:588} INFO - Filling up the DagBag from /home/airflow/.local/lib/python3.12/site-packages/airflow/example_dags/example_nested_branch_dag.py
[2026-06-13T17:09:16.158+0000] {processor.py:925} INFO - DAG(s) 'example_nested_branch_dag' retrieved from /home/airflow/.local/lib/python3.12/site-packages/airflow/example_dags/example_nested_branch_dag.py
[2026-06-13T17:09:16.183+0000] {logging_mixin.py:190} INFO - [2026-06-13T17:09:16.183+0000] {dag.py:3239} INFO - Sync 1 DAGs
[2026-06-13T17:09:16.210+0000] {logging_mixin.py:190} INFO - [2026-06-13T17:09:16.210+0000] {dag.py:4180} INFO - Setting next_dagrun for example_nested_branch_dag to 2026-06-12 00:00:00+00:00, run_after=2026-06-13 00:00:00+00:00
[2026-06-13T17:09:16.230+0000] {processor.py:208} INFO - Processing /home/airflow/.local/lib/python3.12/site-packages/airflow/example_dags/example_nested_branch_dag.py took 0.101 seconds
[2026-06-13T17:09:46.823+0000] {processor.py:186} INFO - Started process (PID=2314) to work on /home/airflow/.local/lib/python3.12/site-packages/airflow/example_dags/example_nested_branch_dag.py
[2026-06-13T17:09:46.824+0000] {processor.py:914} INFO - Processing file /home/airflow/.local/lib/python3.12/site-packages/airflow/example_dags/example_nested_branch_dag.py for tasks to queue
[2026-06-13T17:09:46.827+0000] {logging_mixin.py:190} INFO - [2026-06-13T17:09:46.826+0000] {dagbag.py:588} INFO - Filling up the DagBag from /home/airflow/.local/lib/python3.12/site-packages/airflow/example_dags/example_nested_branch_dag.py
[2026-06-13T17:09:46.835+0000] {processor.py:925} INFO - DAG(s) 'example_nested_branch_dag' retrieved from /home/airflow/.local/lib/python3.12/site-packages/airflow/example_dags/example_nested_branch_dag.py
[2026-06-13T17:09:46.852+0000] {logging_mixin.py:190} INFO - [2026-06-13T17:09:46.852+0000] {dag.py:3239} INFO - Sync 1 DAGs
[2026-06-13T17:09:46.868+0000] {logging_mixin.py:190} INFO - [2026-06-13T17:09:46.868+0000] {dag.py:4180} INFO - Setting next_dagrun for example_nested_branch_dag to 2026-06-12 00:00:00+00:00, run_after=2026-06-13 00:00:00+00:00
[2026-06-13T17:09:46.885+0000] {processor.py:208} INFO - Processing /home/airflow/.local/lib/python3.12/site-packages/airflow/example_dags/example_nested_branch_dag.py took 0.067 seconds
[2026-06-13T17:10:17.157+0000] {processor.py:186} INFO - Started process (PID=2376) to work on /home/airflow/.local/lib/python3.12/site-packages/airflow/example_dags/example_nested_branch_dag.py
[2026-06-13T17:10:17.159+0000] {processor.py:914} INFO - Processing file /home/airflow/.local/lib/python3.12/site-packages/airflow/example_dags/example_nested_branch_dag.py for tasks to queue
[2026-06-13T17:10:17.162+0000] {logging_mixin.py:190} INFO - [2026-06-13T17:10:17.162+0000] {dagbag.py:588} INFO - Filling up the DagBag from /home/airflow/.local/lib/python3.12/site-packages/airflow/example_dags/example_nested_branch_dag.py
[2026-06-13T17:10:17.172+0000] {processor.py:925} INFO - DAG(s) 'example_nested_branch_dag' retrieved from /home/airflow/.local/lib/python3.12/site-packages/airflow/example_dags/example_nested_branch_dag.py
[2026-06-13T17:10:17.193+0000] {logging_mixin.py:190} INFO - [2026-06-13T17:10:17.193+0000] {dag.py:3239} INFO - Sync 1 DAGs
[2026-06-13T17:10:17.216+0000] {logging_mixin.py:190} INFO - [2026-06-13T17:10:17.216+0000] {dag.py:4180} INFO - Setting next_dagrun for example_nested_branch_dag to 2026-06-12 00:00:00+00:00, run_after=2026-06-13 00:00:00+00:00
[2026-06-13T17:10:17.236+0000] {processor.py:208} INFO - Processing /home/airflow/.local/lib/python3.12/site-packages/airflow/example_dags/example_nested_branch_dag.py took 0.084 seconds
[2026-06-13T17:10:48.191+0000] {processor.py:186} INFO - Started process (PID=2438) to work on /home/airflow/.local/lib/python3.12/site-packages/airflow/example_dags/example_nested_branch_dag.py
[2026-06-13T17:10:48.195+0000] {processor.py:914} INFO - Processing file /home/airflow/.local/lib/python3.12/site-packages/airflow/example_dags/example_nested_branch_dag.py for tasks to queue
[2026-06-13T17:10:48.197+0000] {logging_mixin.py:190} INFO - [2026-06-13T17:10:48.197+0000] {dagbag.py:588} INFO - Filling up the DagBag from /home/airflow/.local/lib/python3.12/site-packages/airflow/example_dags/example_nested_branch_dag.py
[2026-06-13T17:10:48.207+0000] {processor.py:925} INFO - DAG(s) 'example_nested_branch_dag' retrieved from /home/airflow/.local/lib/python3.12/site-packages/airflow/example_dags/example_nested_branch_dag.py
[2026-06-13T17:10:48.229+0000] {logging_mixin.py:190} INFO - [2026-06-13T17:10:48.229+0000] {dag.py:3239} INFO - Sync 1 DAGs
[2026-06-13T17:10:48.249+0000] {logging_mixin.py:190} INFO - [2026-06-13T17:10:48.249+0000] {dag.py:4180} INFO - Setting next_dagrun for example_nested_branch_dag to 2026-06-12 00:00:00+00:00, run_after=2026-06-13 00:00:00+00:00
[2026-06-13T17:10:48.274+0000] {processor.py:208} INFO - Processing /home/airflow/.local/lib/python3.12/site-packages/airflow/example_dags/example_nested_branch_dag.py took 0.088 seconds
[2026-06-13T17:11:18.499+0000] {processor.py:186} INFO - Started process (PID=2500) to work on /home/airflow/.local/lib/python3.12/site-packages/airflow/example_dags/example_nested_branch_dag.py
[2026-06-13T17:11:18.500+0000] {processor.py:914} INFO - Processing file /home/airflow/.local/lib/python3.12/site-packages/airflow/example_dags/example_nested_branch_dag.py for tasks to queue
[2026-06-13T17:11:18.502+0000] {logging_mixin.py:190} INFO - [2026-06-13T17:11:18.502+0000] {dagbag.py:588} INFO - Filling up the DagBag from /home/airflow/.local/lib/python3.12/site-packages/airflow/example_dags/example_nested_branch_dag.py
[2026-06-13T17:11:18.511+0000] {processor.py:925} INFO - DAG(s) 'example_nested_branch_dag' retrieved from /home/airflow/.local/lib/python3.12/site-packages/airflow/example_dags/example_nested_branch_dag.py
[2026-06-13T17:11:18.529+0000] {logging_mixin.py:190} INFO - [2026-06-13T17:11:18.529+0000] {dag.py:3239} INFO - Sync 1 DAGs
[2026-06-13T17:11:18.547+0000] {logging_mixin.py:190} INFO - [2026-06-13T17:11:18.547+0000] {dag.py:4180} INFO - Setting next_dagrun for example_nested_branch_dag to 2026-06-12 00:00:00+00:00, run_after=2026-06-13 00:00:00+00:00
[2026-06-13T17:11:18.565+0000] {processor.py:208} INFO - Processing /home/airflow/.local/lib/python3.12/site-packages/airflow/example_dags/example_nested_branch_dag.py took 0.070 seconds
[2026-06-13T17:11:49.197+0000] {processor.py:186} INFO - Started process (PID=2562) to work on /home/airflow/.local/lib/python3.12/site-packages/airflow/example_dags/example_nested_branch_dag.py
[2026-06-13T17:11:49.198+0000] {processor.py:914} INFO - Processing file /home/airflow/.local/lib/python3.12/site-packages/airflow/example_dags/example_nested_branch_dag.py for tasks to queue
[2026-06-13T17:11:49.200+0000] {logging_mixin.py:190} INFO - [2026-06-13T17:11:49.200+0000] {dagbag.py:588} INFO - Filling up the DagBag from /home/airflow/.local/lib/python3.12/site-packages/airflow/example_dags/example_nested_branch_dag.py
[2026-06-13T17:11:49.213+0000] {processor.py:925} INFO - DAG(s) 'example_nested_branch_dag' retrieved from /home/airflow/.local/lib/python3.12/site-packages/airflow/example_dags/example_nested_branch_dag.py
[2026-06-13T17:11:49.233+0000] {logging_mixin.py:190} INFO - [2026-06-13T17:11:49.233+0000] {dag.py:3239} INFO - Sync 1 DAGs
[2026-06-13T17:11:49.257+0000] {logging_mixin.py:190} INFO - [2026-06-13T17:11:49.256+0000] {dag.py:4180} INFO - Setting next_dagrun for example_nested_branch_dag to 2026-06-12 00:00:00+00:00, run_after=2026-06-13 00:00:00+00:00
[2026-06-13T17:11:49.277+0000] {processor.py:208} INFO - Processing /home/airflow/.local/lib/python3.12/site-packages/airflow/example_dags/example_nested_branch_dag.py took 0.085 seconds
[2026-06-13T17:12:19.406+0000] {processor.py:186} INFO - Started process (PID=2624) to work on /home/airflow/.local/lib/python3.12/site-packages/airflow/example_dags/example_nested_branch_dag.py
[2026-06-13T17:12:19.407+0000] {processor.py:914} INFO - Processing file /home/airflow/.local/lib/python3.12/site-packages/airflow/example_dags/example_nested_branch_dag.py for tasks to queue
[2026-06-13T17:12:19.409+0000] {logging_mixin.py:190} INFO - [2026-06-13T17:12:19.409+0000] {dagbag.py:588} INFO - Filling up the DagBag from /home/airflow/.local/lib/python3.12/site-packages/airflow/example_dags/example_nested_branch_dag.py
[2026-06-13T17:12:19.419+0000] {processor.py:925} INFO - DAG(s) 'example_nested_branch_dag' retrieved from /home/airflow/.local/lib/python3.12/site-packages/airflow/example_dags/example_nested_branch_dag.py
[2026-06-13T17:12:19.437+0000] {logging_mixin.py:190} INFO - [2026-06-13T17:12:19.437+0000] {dag.py:3239} INFO - Sync 1 DAGs
[2026-06-13T17:12:19.456+0000] {logging_mixin.py:190} INFO - [2026-06-13T17:12:19.456+0000] {dag.py:4180} INFO - Setting next_dagrun for example_nested_branch_dag to 2026-06-12 00:00:00+00:00, run_after=2026-06-13 00:00:00+00:00
[2026-06-13T17:12:19.480+0000] {processor.py:208} INFO - Processing /home/airflow/.local/lib/python3.12/site-packages/airflow/example_dags/example_nested_branch_dag.py took 0.080 seconds
[2026-06-13T17:12:49.818+0000] {processor.py:186} INFO - Started process (PID=2686) to work on /home/airflow/.local/lib/python3.12/site-packages/airflow/example_dags/example_nested_branch_dag.py
[2026-06-13T17:12:49.819+0000] {processor.py:914} INFO - Processing file /home/airflow/.local/lib/python3.12/site-packages/airflow/example_dags/example_nested_branch_dag.py for tasks to queue
[2026-06-13T17:12:49.822+0000] {logging_mixin.py:190} INFO - [2026-06-13T17:12:49.821+0000] {dagbag.py:588} INFO - Filling up the DagBag from /home/airflow/.local/lib/python3.12/site-packages/airflow/example_dags/example_nested_branch_dag.py
[2026-06-13T17:12:49.831+0000] {processor.py:925} INFO - DAG(s) 'example_nested_branch_dag' retrieved from /home/airflow/.local/lib/python3.12/site-packages/airflow/example_dags/example_nested_branch_dag.py
[2026-06-13T17:12:49.981+0000] {logging_mixin.py:190} INFO - [2026-06-13T17:12:49.981+0000] {dag.py:3239} INFO - Sync 1 DAGs
[2026-06-13T17:12:49.999+0000] {logging_mixin.py:190} INFO - [2026-06-13T17:12:49.998+0000] {dag.py:4180} INFO - Setting next_dagrun for example_nested_branch_dag to 2026-06-12 00:00:00+00:00, run_after=2026-06-13 00:00:00+00:00
[2026-06-13T17:12:50.013+0000] {processor.py:208} INFO - Processing /home/airflow/.local/lib/python3.12/site-packages/airflow/example_dags/example_nested_branch_dag.py took 0.200 seconds
[2026-06-13T17:13:20.482+0000] {processor.py:186} INFO - Started process (PID=2748) to work on /home/airflow/.local/lib/python3.12/site-packages/airflow/example_dags/example_nested_branch_dag.py
[2026-06-13T17:13:20.483+0000] {processor.py:914} INFO - Processing file /home/airflow/.local/lib/python3.12/site-packages/airflow/example_dags/example_nested_branch_dag.py for tasks to queue
[2026-06-13T17:13:20.486+0000] {logging_mixin.py:190} INFO - [2026-06-13T17:13:20.485+0000] {dagbag.py:588} INFO - Filling up the DagBag from /home/airflow/.local/lib/python3.12/site-packages/airflow/example_dags/example_nested_branch_dag.py
[2026-06-13T17:13:20.495+0000] {processor.py:925} INFO - DAG(s) 'example_nested_branch_dag' retrieved from /home/airflow/.local/lib/python3.12/site-packages/airflow/example_dags/example_nested_branch_dag.py
[2026-06-13T17:13:20.515+0000] {logging_mixin.py:190} INFO - [2026-06-13T17:13:20.515+0000] {dag.py:3239} INFO - Sync 1 DAGs
[2026-06-13T17:13:20.533+0000] {logging_mixin.py:190} INFO - [2026-06-13T17:13:20.532+0000] {dag.py:4180} INFO - Setting next_dagrun for example_nested_branch_dag to 2026-06-12 00:00:00+00:00, run_after=2026-06-13 00:00:00+00:00
[2026-06-13T17:13:20.549+0000] {processor.py:208} INFO - Processing /home/airflow/.local/lib/python3.12/site-packages/airflow/example_dags/example_nested_branch_dag.py took 0.071 seconds
[2026-06-13T17:13:50.778+0000] {processor.py:186} INFO - Started process (PID=2810) to work on /home/airflow/.local/lib/python3.12/site-packages/airflow/example_dags/example_nested_branch_dag.py
[2026-06-13T17:13:50.779+0000] {processor.py:914} INFO - Processing file /home/airflow/.local/lib/python3.12/site-packages/airflow/example_dags/example_nested_branch_dag.py for tasks to queue
[2026-06-13T17:13:50.782+0000] {logging_mixin.py:190} INFO - [2026-06-13T17:13:50.781+0000] {dagbag.py:588} INFO - Filling up the DagBag from /home/airflow/.local/lib/python3.12/site-packages/airflow/example_dags/example_nested_branch_dag.py
[2026-06-13T17:13:50.790+0000] {processor.py:925} INFO - DAG(s) 'example_nested_branch_dag' retrieved from /home/airflow/.local/lib/python3.12/site-packages/airflow/example_dags/example_nested_branch_dag.py
[2026-06-13T17:13:50.807+0000] {logging_mixin.py:190} INFO - [2026-06-13T17:13:50.807+0000] {dag.py:3239} INFO - Sync 1 DAGs
[2026-06-13T17:13:50.827+0000] {logging_mixin.py:190} INFO - [2026-06-13T17:13:50.826+0000] {dag.py:4180} INFO - Setting next_dagrun for example_nested_branch_dag to 2026-06-12 00:00:00+00:00, run_after=2026-06-13 00:00:00+00:00
[2026-06-13T17:13:50.843+0000] {processor.py:208} INFO - Processing /home/airflow/.local/lib/python3.12/site-packages/airflow/example_dags/example_nested_branch_dag.py took 0.070 seconds
[2026-06-13T17:14:21.516+0000] {processor.py:186} INFO - Started process (PID=2872) to work on /home/airflow/.local/lib/python3.12/site-packages/airflow/example_dags/example_nested_branch_dag.py
[2026-06-13T17:14:21.517+0000] {processor.py:914} INFO - Processing file /home/airflow/.local/lib/python3.12/site-packages/airflow/example_dags/example_nested_branch_dag.py for tasks to queue
[2026-06-13T17:14:21.519+0000] {logging_mixin.py:190} INFO - [2026-06-13T17:14:21.519+0000] {dagbag.py:588} INFO - Filling up the DagBag from /home/airflow/.local/lib/python3.12/site-packages/airflow/example_dags/example_nested_branch_dag.py
[2026-06-13T17:14:21.529+0000] {processor.py:925} INFO - DAG(s) 'example_nested_branch_dag' retrieved from /home/airflow/.local/lib/python3.12/site-packages/airflow/example_dags/example_nested_branch_dag.py
[2026-06-13T17:14:21.553+0000] {logging_mixin.py:190} INFO - [2026-06-13T17:14:21.553+0000] {dag.py:3239} INFO - Sync 1 DAGs
[2026-06-13T17:14:21.573+0000] {logging_mixin.py:190} INFO - [2026-06-13T17:14:21.572+0000] {dag.py:4180} INFO - Setting next_dagrun for example_nested_branch_dag to 2026-06-12 00:00:00+00:00, run_after=2026-06-13 00:00:00+00:00
[2026-06-13T17:14:21.598+0000] {processor.py:208} INFO - Processing /home/airflow/.local/lib/python3.12/site-packages/airflow/example_dags/example_nested_branch_dag.py took 0.087 seconds
[2026-06-13T17:14:51.858+0000] {processor.py:186} INFO - Started process (PID=2934) to work on /home/airflow/.local/lib/python3.12/site-packages/airflow/example_dags/example_nested_branch_dag.py
[2026-06-13T17:14:51.859+0000] {processor.py:914} INFO - Processing file /home/airflow/.local/lib/python3.12/site-packages/airflow/example_dags/example_nested_branch_dag.py for tasks to queue
[2026-06-13T17:14:51.862+0000] {logging_mixin.py:190} INFO - [2026-06-13T17:14:51.861+0000] {dagbag.py:588} INFO - Filling up the DagBag from /home/airflow/.local/lib/python3.12/site-packages/airflow/example_dags/example_nested_branch_dag.py
[2026-06-13T17:14:51.870+0000] {processor.py:925} INFO - DAG(s) 'example_nested_branch_dag' retrieved from /home/airflow/.local/lib/python3.12/site-packages/airflow/example_dags/example_nested_branch_dag.py
[2026-06-13T17:14:51.888+0000] {logging_mixin.py:190} INFO - [2026-06-13T17:14:51.888+0000] {dag.py:3239} INFO - Sync 1 DAGs
[2026-06-13T17:14:51.906+0000] {logging_mixin.py:190} INFO - [2026-06-13T17:14:51.906+0000] {dag.py:4180} INFO - Setting next_dagrun for example_nested_branch_dag to 2026-06-12 00:00:00+00:00, run_after=2026-06-13 00:00:00+00:00
[2026-06-13T17:14:51.924+0000] {processor.py:208} INFO - Processing /home/airflow/.local/lib/python3.12/site-packages/airflow/example_dags/example_nested_branch_dag.py took 0.072 seconds
[2026-06-13T17:15:22.229+0000] {processor.py:186} INFO - Started process (PID=2996) to work on /home/airflow/.local/lib/python3.12/site-packages/airflow/example_dags/example_nested_branch_dag.py
[2026-06-13T17:15:22.231+0000] {processor.py:914} INFO - Processing file /home/airflow/.local/lib/python3.12/site-packages/airflow/example_dags/example_nested_branch_dag.py for tasks to queue
[2026-06-13T17:15:22.233+0000] {logging_mixin.py:190} INFO - [2026-06-13T17:15:22.233+0000] {dagbag.py:588} INFO - Filling up the DagBag from /home/airflow/.local/lib/python3.12/site-packages/airflow/example_dags/example_nested_branch_dag.py
[2026-06-13T17:15:22.241+0000] {processor.py:925} INFO - DAG(s) 'example_nested_branch_dag' retrieved from /home/airflow/.local/lib/python3.12/site-packages/airflow/example_dags/example_nested_branch_dag.py
[2026-06-13T17:15:22.258+0000] {logging_mixin.py:190} INFO - [2026-06-13T17:15:22.258+0000] {dag.py:3239} INFO - Sync 1 DAGs
[2026-06-13T17:15:22.274+0000] {logging_mixin.py:190} INFO - [2026-06-13T17:15:22.273+0000] {dag.py:4180} INFO - Setting next_dagrun for example_nested_branch_dag to 2026-06-12 00:00:00+00:00, run_after=2026-06-13 00:00:00+00:00
[2026-06-13T17:15:22.287+0000] {processor.py:208} INFO - Processing /home/airflow/.local/lib/python3.12/site-packages/airflow/example_dags/example_nested_branch_dag.py took 0.063 seconds
[2026-06-13T17:15:52.788+0000] {processor.py:186} INFO - Started process (PID=3058) to work on /home/airflow/.local/lib/python3.12/site-packages/airflow/example_dags/example_nested_branch_dag.py
[2026-06-13T17:15:52.789+0000] {processor.py:914} INFO - Processing file /home/airflow/.local/lib/python3.12/site-packages/airflow/example_dags/example_nested_branch_dag.py for tasks to queue
[2026-06-13T17:15:52.792+0000] {logging_mixin.py:190} INFO - [2026-06-13T17:15:52.792+0000] {dagbag.py:588} INFO - Filling up the DagBag from /home/airflow/.local/lib/python3.12/site-packages/airflow/example_dags/example_nested_branch_dag.py
[2026-06-13T17:15:52.801+0000] {processor.py:925} INFO - DAG(s) 'example_nested_branch_dag' retrieved from /home/airflow/.local/lib/python3.12/site-packages/airflow/example_dags/example_nested_branch_dag.py
[2026-06-13T17:15:52.818+0000] {logging_mixin.py:190} INFO - [2026-06-13T17:15:52.818+0000] {dag.py:3239} INFO - Sync 1 DAGs
[2026-06-13T17:15:52.835+0000] {logging_mixin.py:190} INFO - [2026-06-13T17:15:52.835+0000] {dag.py:4180} INFO - Setting next_dagrun for example_nested_branch_dag to 2026-06-12 00:00:00+00:00, run_after=2026-06-13 00:00:00+00:00
[2026-06-13T17:15:52.851+0000] {processor.py:208} INFO - Processing /home/airflow/.local/lib/python3.12/site-packages/airflow/example_dags/example_nested_branch_dag.py took 0.068 seconds
[2026-06-13T17:16:23.265+0000] {processor.py:186} INFO - Started process (PID=3120) to work on /home/airflow/.local/lib/python3.12/site-packages/airflow/example_dags/example_nested_branch_dag.py
[2026-06-13T17:16:23.266+0000] {processor.py:914} INFO - Processing file /home/airflow/.local/lib/python3.12/site-packages/airflow/example_dags/example_nested_branch_dag.py for tasks to queue
[2026-06-13T17:16:23.268+0000] {logging_mixin.py:190} INFO - [2026-06-13T17:16:23.268+0000] {dagbag.py:588} INFO - Filling up the DagBag from /home/airflow/.local/lib/python3.12/site-packages/airflow/example_dags/example_nested_branch_dag.py
[2026-06-13T17:16:23.277+0000] {processor.py:925} INFO - DAG(s) 'example_nested_branch_dag' retrieved from /home/airflow/.local/lib/python3.12/site-packages/airflow/example_dags/example_nested_branch_dag.py
[2026-06-13T17:16:23.294+0000] {logging_mixin.py:190} INFO - [2026-06-13T17:16:23.294+0000] {dag.py:3239} INFO - Sync 1 DAGs
[2026-06-13T17:16:23.310+0000] {logging_mixin.py:190} INFO - [2026-06-13T17:16:23.310+0000] {dag.py:4180} INFO - Setting next_dagrun for example_nested_branch_dag to 2026-06-12 00:00:00+00:00, run_after=2026-06-13 00:00:00+00:00
[2026-06-13T17:16:23.327+0000] {processor.py:208} INFO - Processing /home/airflow/.local/lib/python3.12/site-packages/airflow/example_dags/example_nested_branch_dag.py took 0.067 seconds
[2026-06-13T17:16:53.675+0000] {processor.py:186} INFO - Started process (PID=3182) to work on /home/airflow/.local/lib/python3.12/site-packages/airflow/example_dags/example_nested_branch_dag.py
[2026-06-13T17:16:53.677+0000] {processor.py:914} INFO - Processing file /home/airflow/.local/lib/python3.12/site-packages/airflow/example_dags/example_nested_branch_dag.py for tasks to queue
[2026-06-13T17:16:53.679+0000] {logging_mixin.py:190} INFO - [2026-06-13T17:16:53.679+0000] {dagbag.py:588} INFO - Filling up the DagBag from /home/airflow/.local/lib/python3.12/site-packages/airflow/example_dags/example_nested_branch_dag.py
[2026-06-13T17:16:53.688+0000] {processor.py:925} INFO - DAG(s) 'example_nested_branch_dag' retrieved from /home/airflow/.local/lib/python3.12/site-packages/airflow/example_dags/example_nested_branch_dag.py
[2026-06-13T17:16:53.706+0000] {logging_mixin.py:190} INFO - [2026-06-13T17:16:53.705+0000] {dag.py:3239} INFO - Sync 1 DAGs
[2026-06-13T17:16:53.723+0000] {logging_mixin.py:190} INFO - [2026-06-13T17:16:53.723+0000] {dag.py:4180} INFO - Setting next_dagrun for example_nested_branch_dag to 2026-06-12 00:00:00+00:00, run_after=2026-06-13 00:00:00+00:00
[2026-06-13T17:16:53.741+0000] {processor.py:208} INFO - Processing /home/airflow/.local/lib/python3.12/site-packages/airflow/example_dags/example_nested_branch_dag.py took 0.071 seconds
[2026-06-13T17:17:24.067+0000] {processor.py:186} INFO - Started process (PID=3244) to work on /home/airflow/.local/lib/python3.12/site-packages/airflow/example_dags/example_nested_branch_dag.py
[2026-06-13T17:17:24.068+0000] {processor.py:914} INFO - Processing file /home/airflow/.local/lib/python3.12/site-packages/airflow/example_dags/example_nested_branch_dag.py for tasks to queue
[2026-06-13T17:17:24.070+0000] {logging_mixin.py:190} INFO - [2026-06-13T17:17:24.070+0000] {dagbag.py:588} INFO - Filling up the DagBag from /home/airflow/.local/lib/python3.12/site-packages/airflow/example_dags/example_nested_branch_dag.py
[2026-06-13T17:17:24.080+0000] {processor.py:925} INFO - DAG(s) 'example_nested_branch_dag' retrieved from /home/airflow/.local/lib/python3.12/site-packages/airflow/example_dags/example_nested_branch_dag.py
[2026-06-13T17:17:24.097+0000] {logging_mixin.py:190} INFO - [2026-06-13T17:17:24.097+0000] {dag.py:3239} INFO - Sync 1 DAGs
[2026-06-13T17:17:24.116+0000] {logging_mixin.py:190} INFO - [2026-06-13T17:17:24.116+0000] {dag.py:4180} INFO - Setting next_dagrun for example_nested_branch_dag to 2026-06-12 00:00:00+00:00, run_after=2026-06-13 00:00:00+00:00
[2026-06-13T17:17:24.133+0000] {processor.py:208} INFO - Processing /home/airflow/.local/lib/python3.12/site-packages/airflow/example_dags/example_nested_branch_dag.py took 0.070 seconds
[2026-06-13T17:17:54.417+0000] {processor.py:186} INFO - Started process (PID=3306) to work on /home/airflow/.local/lib/python3.12/site-packages/airflow/example_dags/example_nested_branch_dag.py
[2026-06-13T17:17:54.419+0000] {processor.py:914} INFO - Processing file /home/airflow/.local/lib/python3.12/site-packages/airflow/example_dags/example_nested_branch_dag.py for tasks to queue
[2026-06-13T17:17:54.421+0000] {logging_mixin.py:190} INFO - [2026-06-13T17:17:54.421+0000] {dagbag.py:588} INFO - Filling up the DagBag from /home/airflow/.local/lib/python3.12/site-packages/airflow/example_dags/example_nested_branch_dag.py
[2026-06-13T17:17:54.430+0000] {processor.py:925} INFO - DAG(s) 'example_nested_branch_dag' retrieved from /home/airflow/.local/lib/python3.12/site-packages/airflow/example_dags/example_nested_branch_dag.py
[2026-06-13T17:17:54.448+0000] {logging_mixin.py:190} INFO - [2026-06-13T17:17:54.447+0000] {dag.py:3239} INFO - Sync 1 DAGs
[2026-06-13T17:17:54.465+0000] {logging_mixin.py:190} INFO - [2026-06-13T17:17:54.465+0000] {dag.py:4180} INFO - Setting next_dagrun for example_nested_branch_dag to 2026-06-12 00:00:00+00:00, run_after=2026-06-13 00:00:00+00:00
[2026-06-13T17:17:54.482+0000] {processor.py:208} INFO - Processing /home/airflow/.local/lib/python3.12/site-packages/airflow/example_dags/example_nested_branch_dag.py took 0.070 seconds
[2026-06-13T17:18:24.975+0000] {processor.py:186} INFO - Started process (PID=3368) to work on /home/airflow/.local/lib/python3.12/site-packages/airflow/example_dags/example_nested_branch_dag.py
[2026-06-13T17:18:24.976+0000] {processor.py:914} INFO - Processing file /home/airflow/.local/lib/python3.12/site-packages/airflow/example_dags/example_nested_branch_dag.py for tasks to queue
[2026-06-13T17:18:24.979+0000] {logging_mixin.py:190} INFO - [2026-06-13T17:18:24.978+0000] {dagbag.py:588} INFO - Filling up the DagBag from /home/airflow/.local/lib/python3.12/site-packages/airflow/example_dags/example_nested_branch_dag.py
[2026-06-13T17:18:24.988+0000] {processor.py:925} INFO - DAG(s) 'example_nested_branch_dag' retrieved from /home/airflow/.local/lib/python3.12/site-packages/airflow/example_dags/example_nested_branch_dag.py
[2026-06-13T17:18:25.007+0000] {logging_mixin.py:190} INFO - [2026-06-13T17:18:25.006+0000] {dag.py:3239} INFO - Sync 1 DAGs
[2026-06-13T17:18:25.025+0000] {logging_mixin.py:190} INFO - [2026-06-13T17:18:25.025+0000] {dag.py:4180} INFO - Setting next_dagrun for example_nested_branch_dag to 2026-06-12 00:00:00+00:00, run_after=2026-06-13 00:00:00+00:00
[2026-06-13T17:18:25.043+0000] {processor.py:208} INFO - Processing /home/airflow/.local/lib/python3.12/site-packages/airflow/example_dags/example_nested_branch_dag.py took 0.073 seconds
[2026-06-13T17:18:55.564+0000] {processor.py:186} INFO - Started process (PID=3430) to work on /home/airflow/.local/lib/python3.12/site-packages/airflow/example_dags/example_nested_branch_dag.py
[2026-06-13T17:18:55.565+0000] {processor.py:914} INFO - Processing file /home/airflow/.local/lib/python3.12/site-packages/airflow/example_dags/example_nested_branch_dag.py for tasks to queue
[2026-06-13T17:18:55.569+0000] {logging_mixin.py:190} INFO - [2026-06-13T17:18:55.569+0000] {dagbag.py:588} INFO - Filling up the DagBag from /home/airflow/.local/lib/python3.12/site-packages/airflow/example_dags/example_nested_branch_dag.py
[2026-06-13T17:18:55.588+0000] {processor.py:925} INFO - DAG(s) 'example_nested_branch_dag' retrieved from /home/airflow/.local/lib/python3.12/site-packages/airflow/example_dags/example_nested_branch_dag.py
[2026-06-13T17:18:55.617+0000] {logging_mixin.py:190} INFO - [2026-06-13T17:18:55.616+0000] {dag.py:3239} INFO - Sync 1 DAGs
[2026-06-13T17:18:55.647+0000] {logging_mixin.py:190} INFO - [2026-06-13T17:18:55.647+0000] {dag.py:4180} INFO - Setting next_dagrun for example_nested_branch_dag to 2026-06-12 00:00:00+00:00, run_after=2026-06-13 00:00:00+00:00
[2026-06-13T17:18:55.673+0000] {processor.py:208} INFO - Processing /home/airflow/.local/lib/python3.12/site-packages/airflow/example_dags/example_nested_branch_dag.py took 0.119 seconds
[2026-06-13T17:19:26.305+0000] {processor.py:186} INFO - Started process (PID=3492) to work on /home/airflow/.local/lib/python3.12/site-packages/airflow/example_dags/example_nested_branch_dag.py
[2026-06-13T17:19:26.306+0000] {processor.py:914} INFO - Processing file /home/airflow/.local/lib/python3.12/site-packages/airflow/example_dags/example_nested_branch_dag.py for tasks to queue
[2026-06-13T17:19:26.309+0000] {logging_mixin.py:190} INFO - [2026-06-13T17:19:26.309+0000] {dagbag.py:588} INFO - Filling up the DagBag from /home/airflow/.local/lib/python3.12/site-packages/airflow/example_dags/example_nested_branch_dag.py
[2026-06-13T17:19:26.320+0000] {processor.py:925} INFO - DAG(s) 'example_nested_branch_dag' retrieved from /home/airflow/.local/lib/python3.12/site-packages/airflow/example_dags/example_nested_branch_dag.py
[2026-06-13T17:19:26.343+0000] {logging_mixin.py:190} INFO - [2026-06-13T17:19:26.343+0000] {dag.py:3239} INFO - Sync 1 DAGs
[2026-06-13T17:19:26.376+0000] {logging_mixin.py:190} INFO - [2026-06-13T17:19:26.375+0000] {dag.py:4180} INFO - Setting next_dagrun for example_nested_branch_dag to 2026-06-12 00:00:00+00:00, run_after=2026-06-13 00:00:00+00:00
[2026-06-13T17:19:26.403+0000] {processor.py:208} INFO - Processing /home/airflow/.local/lib/python3.12/site-packages/airflow/example_dags/example_nested_branch_dag.py took 0.103 seconds
[2026-06-13T17:19:56.885+0000] {processor.py:186} INFO - Started process (PID=3554) to work on /home/airflow/.local/lib/python3.12/site-packages/airflow/example_dags/example_nested_branch_dag.py
[2026-06-13T17:19:56.887+0000] {processor.py:914} INFO - Processing file /home/airflow/.local/lib/python3.12/site-packages/airflow/example_dags/example_nested_branch_dag.py for tasks to queue
[2026-06-13T17:19:56.890+0000] {logging_mixin.py:190} INFO - [2026-06-13T17:19:56.890+0000] {dagbag.py:588} INFO - Filling up the DagBag from /home/airflow/.local/lib/python3.12/site-packages/airflow/example_dags/example_nested_branch_dag.py
[2026-06-13T17:19:56.901+0000] {processor.py:925} INFO - DAG(s) 'example_nested_branch_dag' retrieved from /home/airflow/.local/lib/python3.12/site-packages/airflow/example_dags/example_nested_branch_dag.py
[2026-06-13T17:19:56.928+0000] {logging_mixin.py:190} INFO - [2026-06-13T17:19:56.928+0000] {dag.py:3239} INFO - Sync 1 DAGs
[2026-06-13T17:19:56.956+0000] {logging_mixin.py:190} INFO - [2026-06-13T17:19:56.956+0000] {dag.py:4180} INFO - Setting next_dagrun for example_nested_branch_dag to 2026-06-12 00:00:00+00:00, run_after=2026-06-13 00:00:00+00:00
[2026-06-13T17:19:56.982+0000] {processor.py:208} INFO - Processing /home/airflow/.local/lib/python3.12/site-packages/airflow/example_dags/example_nested_branch_dag.py took 0.103 seconds
[2026-06-13T17:20:27.613+0000] {processor.py:186} INFO - Started process (PID=3616) to work on /home/airflow/.local/lib/python3.12/site-packages/airflow/example_dags/example_nested_branch_dag.py
[2026-06-13T17:20:27.615+0000] {processor.py:914} INFO - Processing file /home/airflow/.local/lib/python3.12/site-packages/airflow/example_dags/example_nested_branch_dag.py for tasks to queue
[2026-06-13T17:20:27.617+0000] {logging_mixin.py:190} INFO - [2026-06-13T17:20:27.617+0000] {dagbag.py:588} INFO - Filling up the DagBag from /home/airflow/.local/lib/python3.12/site-packages/airflow/example_dags/example_nested_branch_dag.py
[2026-06-13T17:20:27.627+0000] {processor.py:925} INFO - DAG(s) 'example_nested_branch_dag' retrieved from /home/airflow/.local/lib/python3.12/site-packages/airflow/example_dags/example_nested_branch_dag.py
[2026-06-13T17:20:27.646+0000] {logging_mixin.py:190} INFO - [2026-06-13T17:20:27.646+0000] {dag.py:3239} INFO - Sync 1 DAGs
[2026-06-13T17:20:27.664+0000] {logging_mixin.py:190} INFO - [2026-06-13T17:20:27.663+0000] {dag.py:4180} INFO - Setting next_dagrun for example_nested_branch_dag to 2026-06-12 00:00:00+00:00, run_after=2026-06-13 00:00:00+00:00
[2026-06-13T17:20:27.681+0000] {processor.py:208} INFO - Processing /home/airflow/.local/lib/python3.12/site-packages/airflow/example_dags/example_nested_branch_dag.py took 0.072 seconds
[2026-06-13T17:20:58.111+0000] {processor.py:186} INFO - Started process (PID=3678) to work on /home/airflow/.local/lib/python3.12/site-packages/airflow/example_dags/example_nested_branch_dag.py
[2026-06-13T17:20:58.113+0000] {processor.py:914} INFO - Processing file /home/airflow/.local/lib/python3.12/site-packages/airflow/example_dags/example_nested_branch_dag.py for tasks to queue
[2026-06-13T17:20:58.115+0000] {logging_mixin.py:190} INFO - [2026-06-13T17:20:58.115+0000] {dagbag.py:588} INFO - Filling up the DagBag from /home/airflow/.local/lib/python3.12/site-packages/airflow/example_dags/example_nested_branch_dag.py
[2026-06-13T17:20:58.125+0000] {processor.py:925} INFO - DAG(s) 'example_nested_branch_dag' retrieved from /home/airflow/.local/lib/python3.12/site-packages/airflow/example_dags/example_nested_branch_dag.py
[2026-06-13T17:20:58.146+0000] {logging_mixin.py:190} INFO - [2026-06-13T17:20:58.146+0000] {dag.py:3239} INFO - Sync 1 DAGs
[2026-06-13T17:20:58.167+0000] {logging_mixin.py:190} INFO - [2026-06-13T17:20:58.167+0000] {dag.py:4180} INFO - Setting next_dagrun for example_nested_branch_dag to 2026-06-12 00:00:00+00:00, run_after=2026-06-13 00:00:00+00:00
[2026-06-13T17:20:58.182+0000] {processor.py:208} INFO - Processing /home/airflow/.local/lib/python3.12/site-packages/airflow/example_dags/example_nested_branch_dag.py took 0.075 seconds
[2026-06-13T17:21:28.716+0000] {processor.py:186} INFO - Started process (PID=3740) to work on /home/airflow/.local/lib/python3.12/site-packages/airflow/example_dags/example_nested_branch_dag.py
[2026-06-13T17:21:28.717+0000] {processor.py:914} INFO - Processing file /home/airflow/.local/lib/python3.12/site-packages/airflow/example_dags/example_nested_branch_dag.py for tasks to queue
[2026-06-13T17:21:28.721+0000] {logging_mixin.py:190} INFO - [2026-06-13T17:21:28.720+0000] {dagbag.py:588} INFO - Filling up the DagBag from /home/airflow/.local/lib/python3.12/site-packages/airflow/example_dags/example_nested_branch_dag.py
[2026-06-13T17:21:28.731+0000] {processor.py:925} INFO - DAG(s) 'example_nested_branch_dag' retrieved from /home/airflow/.local/lib/python3.12/site-packages/airflow/example_dags/example_nested_branch_dag.py
[2026-06-13T17:21:28.751+0000] {logging_mixin.py:190} INFO - [2026-06-13T17:21:28.751+0000] {dag.py:3239} INFO - Sync 1 DAGs
[2026-06-13T17:21:28.772+0000] {logging_mixin.py:190} INFO - [2026-06-13T17:21:28.772+0000] {dag.py:4180} INFO - Setting next_dagrun for example_nested_branch_dag to 2026-06-12 00:00:00+00:00, run_after=2026-06-13 00:00:00+00:00
[2026-06-13T17:21:28.788+0000] {processor.py:208} INFO - Processing /home/airflow/.local/lib/python3.12/site-packages/airflow/example_dags/example_nested_branch_dag.py took 0.078 seconds
[2026-06-13T17:21:59.113+0000] {processor.py:186} INFO - Started process (PID=3802) to work on /home/airflow/.local/lib/python3.12/site-packages/airflow/example_dags/example_nested_branch_dag.py
[2026-06-13T17:21:59.114+0000] {processor.py:914} INFO - Processing file /home/airflow/.local/lib/python3.12/site-packages/airflow/example_dags/example_nested_branch_dag.py for tasks to queue
[2026-06-13T17:21:59.117+0000] {logging_mixin.py:190} INFO - [2026-06-13T17:21:59.117+0000] {dagbag.py:588} INFO - Filling up the DagBag from /home/airflow/.local/lib/python3.12/site-packages/airflow/example_dags/example_nested_branch_dag.py
[2026-06-13T17:21:59.128+0000] {processor.py:925} INFO - DAG(s) 'example_nested_branch_dag' retrieved from /home/airflow/.local/lib/python3.12/site-packages/airflow/example_dags/example_nested_branch_dag.py
[2026-06-13T17:21:59.146+0000] {logging_mixin.py:190} INFO - [2026-06-13T17:21:59.146+0000] {dag.py:3239} INFO - Sync 1 DAGs
[2026-06-13T17:21:59.165+0000] {logging_mixin.py:190} INFO - [2026-06-13T17:21:59.165+0000] {dag.py:4180} INFO - Setting next_dagrun for example_nested_branch_dag to 2026-06-12 00:00:00+00:00, run_after=2026-06-13 00:00:00+00:00
[2026-06-13T17:21:59.180+0000] {processor.py:208} INFO - Processing /home/airflow/.local/lib/python3.12/site-packages/airflow/example_dags/example_nested_branch_dag.py took 0.073 seconds
[2026-06-13T17:22:29.513+0000] {processor.py:186} INFO - Started process (PID=3864) to work on /home/airflow/.local/lib/python3.12/site-packages/airflow/example_dags/example_nested_branch_dag.py
[2026-06-13T17:22:29.514+0000] {processor.py:914} INFO - Processing file /home/airflow/.local/lib/python3.12/site-packages/airflow/example_dags/example_nested_branch_dag.py for tasks to queue
[2026-06-13T17:22:29.516+0000] {logging_mixin.py:190} INFO - [2026-06-13T17:22:29.516+0000] {dagbag.py:588} INFO - Filling up the DagBag from /home/airflow/.local/lib/python3.12/site-packages/airflow/example_dags/example_nested_branch_dag.py
[2026-06-13T17:22:29.526+0000] {processor.py:925} INFO - DAG(s) 'example_nested_branch_dag' retrieved from /home/airflow/.local/lib/python3.12/site-packages/airflow/example_dags/example_nested_branch_dag.py
[2026-06-13T17:22:29.544+0000] {logging_mixin.py:190} INFO - [2026-06-13T17:22:29.544+0000] {dag.py:3239} INFO - Sync 1 DAGs
[2026-06-13T17:22:29.565+0000] {logging_mixin.py:190} INFO - [2026-06-13T17:22:29.564+0000] {dag.py:4180} INFO - Setting next_dagrun for example_nested_branch_dag to 2026-06-12 00:00:00+00:00, run_after=2026-06-13 00:00:00+00:00
[2026-06-13T17:22:29.581+0000] {processor.py:208} INFO - Processing /home/airflow/.local/lib/python3.12/site-packages/airflow/example_dags/example_nested_branch_dag.py took 0.073 seconds
[2026-06-13T17:22:59.975+0000] {processor.py:186} INFO - Started process (PID=3926) to work on /home/airflow/.local/lib/python3.12/site-packages/airflow/example_dags/example_nested_branch_dag.py
[2026-06-13T17:22:59.976+0000] {processor.py:914} INFO - Processing file /home/airflow/.local/lib/python3.12/site-packages/airflow/example_dags/example_nested_branch_dag.py for tasks to queue
[2026-06-13T17:22:59.979+0000] {logging_mixin.py:190} INFO - [2026-06-13T17:22:59.979+0000] {dagbag.py:588} INFO - Filling up the DagBag from /home/airflow/.local/lib/python3.12/site-packages/airflow/example_dags/example_nested_branch_dag.py
[2026-06-13T17:22:59.991+0000] {processor.py:925} INFO - DAG(s) 'example_nested_branch_dag' retrieved from /home/airflow/.local/lib/python3.12/site-packages/airflow/example_dags/example_nested_branch_dag.py
[2026-06-13T17:23:00.014+0000] {logging_mixin.py:190} INFO - [2026-06-13T17:23:00.013+0000] {dag.py:3239} INFO - Sync 1 DAGs
[2026-06-13T17:23:00.036+0000] {logging_mixin.py:190} INFO - [2026-06-13T17:23:00.036+0000] {dag.py:4180} INFO - Setting next_dagrun for example_nested_branch_dag to 2026-06-12 00:00:00+00:00, run_after=2026-06-13 00:00:00+00:00
[2026-06-13T17:23:00.052+0000] {processor.py:208} INFO - Processing /home/airflow/.local/lib/python3.12/site-packages/airflow/example_dags/example_nested_branch_dag.py took 0.084 seconds
[2026-06-13T17:23:30.471+0000] {processor.py:186} INFO - Started process (PID=3988) to work on /home/airflow/.local/lib/python3.12/site-packages/airflow/example_dags/example_nested_branch_dag.py
[2026-06-13T17:23:30.472+0000] {processor.py:914} INFO - Processing file /home/airflow/.local/lib/python3.12/site-packages/airflow/example_dags/example_nested_branch_dag.py for tasks to queue
[2026-06-13T17:23:30.475+0000] {logging_mixin.py:190} INFO - [2026-06-13T17:23:30.475+0000] {dagbag.py:588} INFO - Filling up the DagBag from /home/airflow/.local/lib/python3.12/site-packages/airflow/example_dags/example_nested_branch_dag.py
[2026-06-13T17:23:30.484+0000] {processor.py:925} INFO - DAG(s) 'example_nested_branch_dag' retrieved from /home/airflow/.local/lib/python3.12/site-packages/airflow/example_dags/example_nested_branch_dag.py
[2026-06-13T17:23:30.502+0000] {logging_mixin.py:190} INFO - [2026-06-13T17:23:30.502+0000] {dag.py:3239} INFO - Sync 1 DAGs
[2026-06-13T17:23:30.520+0000] {logging_mixin.py:190} INFO - [2026-06-13T17:23:30.519+0000] {dag.py:4180} INFO - Setting next_dagrun for example_nested_branch_dag to 2026-06-12 00:00:00+00:00, run_after=2026-06-13 00:00:00+00:00
[2026-06-13T17:23:30.535+0000] {processor.py:208} INFO - Processing /home/airflow/.local/lib/python3.12/site-packages/airflow/example_dags/example_nested_branch_dag.py took 0.069 seconds
[2026-06-13T17:24:00.946+0000] {processor.py:186} INFO - Started process (PID=4051) to work on /home/airflow/.local/lib/python3.12/site-packages/airflow/example_dags/example_nested_branch_dag.py
[2026-06-13T17:24:00.947+0000] {processor.py:914} INFO - Processing file /home/airflow/.local/lib/python3.12/site-packages/airflow/example_dags/example_nested_branch_dag.py for tasks to queue
[2026-06-13T17:24:00.950+0000] {logging_mixin.py:190} INFO - [2026-06-13T17:24:00.950+0000] {dagbag.py:588} INFO - Filling up the DagBag from /home/airflow/.local/lib/python3.12/site-packages/airflow/example_dags/example_nested_branch_dag.py
[2026-06-13T17:24:00.961+0000] {processor.py:925} INFO - DAG(s) 'example_nested_branch_dag' retrieved from /home/airflow/.local/lib/python3.12/site-packages/airflow/example_dags/example_nested_branch_dag.py
[2026-06-13T17:24:00.982+0000] {logging_mixin.py:190} INFO - [2026-06-13T17:24:00.982+0000] {dag.py:3239} INFO - Sync 1 DAGs
[2026-06-13T17:24:01.002+0000] {logging_mixin.py:190} INFO - [2026-06-13T17:24:01.001+0000] {dag.py:4180} INFO - Setting next_dagrun for example_nested_branch_dag to 2026-06-12 00:00:00+00:00, run_after=2026-06-13 00:00:00+00:00
[2026-06-13T17:24:01.021+0000] {processor.py:208} INFO - Processing /home/airflow/.local/lib/python3.12/site-packages/airflow/example_dags/example_nested_branch_dag.py took 0.079 seconds
[2026-06-13T17:24:31.357+0000] {processor.py:186} INFO - Started process (PID=4113) to work on /home/airflow/.local/lib/python3.12/site-packages/airflow/example_dags/example_nested_branch_dag.py
[2026-06-13T17:24:31.358+0000] {processor.py:914} INFO - Processing file /home/airflow/.local/lib/python3.12/site-packages/airflow/example_dags/example_nested_branch_dag.py for tasks to queue
[2026-06-13T17:24:31.360+0000] {logging_mixin.py:190} INFO - [2026-06-13T17:24:31.360+0000] {dagbag.py:588} INFO - Filling up the DagBag from /home/airflow/.local/lib/python3.12/site-packages/airflow/example_dags/example_nested_branch_dag.py
[2026-06-13T17:24:31.369+0000] {processor.py:925} INFO - DAG(s) 'example_nested_branch_dag' retrieved from /home/airflow/.local/lib/python3.12/site-packages/airflow/example_dags/example_nested_branch_dag.py
[2026-06-13T17:24:31.385+0000] {logging_mixin.py:190} INFO - [2026-06-13T17:24:31.385+0000] {dag.py:3239} INFO - Sync 1 DAGs
[2026-06-13T17:24:31.403+0000] {logging_mixin.py:190} INFO - [2026-06-13T17:24:31.402+0000] {dag.py:4180} INFO - Setting next_dagrun for example_nested_branch_dag to 2026-06-12 00:00:00+00:00, run_after=2026-06-13 00:00:00+00:00
[2026-06-13T17:24:31.420+0000] {processor.py:208} INFO - Processing /home/airflow/.local/lib/python3.12/site-packages/airflow/example_dags/example_nested_branch_dag.py took 0.068 seconds
[2026-06-13T17:25:01.520+0000] {processor.py:186} INFO - Started process (PID=4175) to work on /home/airflow/.local/lib/python3.12/site-packages/airflow/example_dags/example_nested_branch_dag.py
[2026-06-13T17:25:01.522+0000] {processor.py:914} INFO - Processing file /home/airflow/.local/lib/python3.12/site-packages/airflow/example_dags/example_nested_branch_dag.py for tasks to queue
[2026-06-13T17:25:01.525+0000] {logging_mixin.py:190} INFO - [2026-06-13T17:25:01.524+0000] {dagbag.py:588} INFO - Filling up the DagBag from /home/airflow/.local/lib/python3.12/site-packages/airflow/example_dags/example_nested_branch_dag.py
[2026-06-13T17:25:01.534+0000] {processor.py:925} INFO - DAG(s) 'example_nested_branch_dag' retrieved from /home/airflow/.local/lib/python3.12/site-packages/airflow/example_dags/example_nested_branch_dag.py
[2026-06-13T17:25:01.550+0000] {logging_mixin.py:190} INFO - [2026-06-13T17:25:01.550+0000] {dag.py:3239} INFO - Sync 1 DAGs
[2026-06-13T17:25:01.568+0000] {logging_mixin.py:190} INFO - [2026-06-13T17:25:01.567+0000] {dag.py:4180} INFO - Setting next_dagrun for example_nested_branch_dag to 2026-06-12 00:00:00+00:00, run_after=2026-06-13 00:00:00+00:00
[2026-06-13T17:25:01.586+0000] {processor.py:208} INFO - Processing /home/airflow/.local/lib/python3.12/site-packages/airflow/example_dags/example_nested_branch_dag.py took 0.070 seconds
[2026-06-13T17:25:31.763+0000] {processor.py:186} INFO - Started process (PID=4237) to work on /home/airflow/.local/lib/python3.12/site-packages/airflow/example_dags/example_nested_branch_dag.py
[2026-06-13T17:25:31.764+0000] {processor.py:914} INFO - Processing file /home/airflow/.local/lib/python3.12/site-packages/airflow/example_dags/example_nested_branch_dag.py for tasks to queue
[2026-06-13T17:25:31.767+0000] {logging_mixin.py:190} INFO - [2026-06-13T17:25:31.767+0000] {dagbag.py:588} INFO - Filling up the DagBag from /home/airflow/.local/lib/python3.12/site-packages/airflow/example_dags/example_nested_branch_dag.py
[2026-06-13T17:25:31.778+0000] {processor.py:925} INFO - DAG(s) 'example_nested_branch_dag' retrieved from /home/airflow/.local/lib/python3.12/site-packages/airflow/example_dags/example_nested_branch_dag.py
[2026-06-13T17:25:31.796+0000] {logging_mixin.py:190} INFO - [2026-06-13T17:25:31.795+0000] {dag.py:3239} INFO - Sync 1 DAGs
[2026-06-13T17:25:31.814+0000] {logging_mixin.py:190} INFO - [2026-06-13T17:25:31.814+0000] {dag.py:4180} INFO - Setting next_dagrun for example_nested_branch_dag to 2026-06-12 00:00:00+00:00, run_after=2026-06-13 00:00:00+00:00
[2026-06-13T17:25:31.828+0000] {processor.py:208} INFO - Processing /home/airflow/.local/lib/python3.12/site-packages/airflow/example_dags/example_nested_branch_dag.py took 0.072 seconds
[2026-06-13T17:26:02.073+0000] {processor.py:186} INFO - Started process (PID=4299) to work on /home/airflow/.local/lib/python3.12/site-packages/airflow/example_dags/example_nested_branch_dag.py
[2026-06-13T17:26:02.075+0000] {processor.py:914} INFO - Processing file /home/airflow/.local/lib/python3.12/site-packages/airflow/example_dags/example_nested_branch_dag.py for tasks to queue
[2026-06-13T17:26:02.077+0000] {logging_mixin.py:190} INFO - [2026-06-13T17:26:02.077+0000] {dagbag.py:588} INFO - Filling up the DagBag from /home/airflow/.local/lib/python3.12/site-packages/airflow/example_dags/example_nested_branch_dag.py
[2026-06-13T17:26:02.087+0000] {processor.py:925} INFO - DAG(s) 'example_nested_branch_dag' retrieved from /home/airflow/.local/lib/python3.12/site-packages/airflow/example_dags/example_nested_branch_dag.py
[2026-06-13T17:26:02.103+0000] {logging_mixin.py:190} INFO - [2026-06-13T17:26:02.103+0000] {dag.py:3239} INFO - Sync 1 DAGs
[2026-06-13T17:26:02.122+0000] {logging_mixin.py:190} INFO - [2026-06-13T17:26:02.122+0000] {dag.py:4180} INFO - Setting next_dagrun for example_nested_branch_dag to 2026-06-12 00:00:00+00:00, run_after=2026-06-13 00:00:00+00:00
[2026-06-13T17:26:02.140+0000] {processor.py:208} INFO - Processing /home/airflow/.local/lib/python3.12/site-packages/airflow/example_dags/example_nested_branch_dag.py took 0.072 seconds
[2026-06-13T17:26:32.413+0000] {processor.py:186} INFO - Started process (PID=4361) to work on /home/airflow/.local/lib/python3.12/site-packages/airflow/example_dags/example_nested_branch_dag.py
[2026-06-13T17:26:32.415+0000] {processor.py:914} INFO - Processing file /home/airflow/.local/lib/python3.12/site-packages/airflow/example_dags/example_nested_branch_dag.py for tasks to queue
[2026-06-13T17:26:32.417+0000] {logging_mixin.py:190} INFO - [2026-06-13T17:26:32.417+0000] {dagbag.py:588} INFO - Filling up the DagBag from /home/airflow/.local/lib/python3.12/site-packages/airflow/example_dags/example_nested_branch_dag.py
[2026-06-13T17:26:32.426+0000] {processor.py:925} INFO - DAG(s) 'example_nested_branch_dag' retrieved from /home/airflow/.local/lib/python3.12/site-packages/airflow/example_dags/example_nested_branch_dag.py
[2026-06-13T17:26:32.444+0000] {logging_mixin.py:190} INFO - [2026-06-13T17:26:32.444+0000] {dag.py:3239} INFO - Sync 1 DAGs
[2026-06-13T17:26:32.462+0000] {logging_mixin.py:190} INFO - [2026-06-13T17:26:32.462+0000] {dag.py:4180} INFO - Setting next_dagrun for example_nested_branch_dag to 2026-06-12 00:00:00+00:00, run_after=2026-06-13 00:00:00+00:00
[2026-06-13T17:26:32.480+0000] {processor.py:208} INFO - Processing /home/airflow/.local/lib/python3.12/site-packages/airflow/example_dags/example_nested_branch_dag.py took 0.071 seconds
[2026-06-13T17:27:02.853+0000] {processor.py:186} INFO - Started process (PID=4423) to work on /home/airflow/.local/lib/python3.12/site-packages/airflow/example_dags/example_nested_branch_dag.py
[2026-06-13T17:27:02.854+0000] {processor.py:914} INFO - Processing file /home/airflow/.local/lib/python3.12/site-packages/airflow/example_dags/example_nested_branch_dag.py for tasks to queue
[2026-06-13T17:27:02.856+0000] {logging_mixin.py:190} INFO - [2026-06-13T17:27:02.856+0000] {dagbag.py:588} INFO - Filling up the DagBag from /home/airflow/.local/lib/python3.12/site-packages/airflow/example_dags/example_nested_branch_dag.py
[2026-06-13T17:27:02.865+0000] {processor.py:925} INFO - DAG(s) 'example_nested_branch_dag' retrieved from /home/airflow/.local/lib/python3.12/site-packages/airflow/example_dags/example_nested_branch_dag.py
[2026-06-13T17:27:02.882+0000] {logging_mixin.py:190} INFO - [2026-06-13T17:27:02.882+0000] {dag.py:3239} INFO - Sync 1 DAGs
[2026-06-13T17:27:02.898+0000] {logging_mixin.py:190} INFO - [2026-06-13T17:27:02.897+0000] {dag.py:4180} INFO - Setting next_dagrun for example_nested_branch_dag to 2026-06-12 00:00:00+00:00, run_after=2026-06-13 00:00:00+00:00
[2026-06-13T17:27:02.913+0000] {processor.py:208} INFO - Processing /home/airflow/.local/lib/python3.12/site-packages/airflow/example_dags/example_nested_branch_dag.py took 0.065 seconds
[2026-06-13T17:27:33.284+0000] {processor.py:186} INFO - Started process (PID=4485) to work on /home/airflow/.local/lib/python3.12/site-packages/airflow/example_dags/example_nested_branch_dag.py
[2026-06-13T17:27:33.285+0000] {processor.py:914} INFO - Processing file /home/airflow/.local/lib/python3.12/site-packages/airflow/example_dags/example_nested_branch_dag.py for tasks to queue
[2026-06-13T17:27:33.287+0000] {logging_mixin.py:190} INFO - [2026-06-13T17:27:33.287+0000] {dagbag.py:588} INFO - Filling up the DagBag from /home/airflow/.local/lib/python3.12/site-packages/airflow/example_dags/example_nested_branch_dag.py
[2026-06-13T17:27:33.297+0000] {processor.py:925} INFO - DAG(s) 'example_nested_branch_dag' retrieved from /home/airflow/.local/lib/python3.12/site-packages/airflow/example_dags/example_nested_branch_dag.py
[2026-06-13T17:27:33.315+0000] {logging_mixin.py:190} INFO - [2026-06-13T17:27:33.315+0000] {dag.py:3239} INFO - Sync 1 DAGs
[2026-06-13T17:27:33.332+0000] {logging_mixin.py:190} INFO - [2026-06-13T17:27:33.332+0000] {dag.py:4180} INFO - Setting next_dagrun for example_nested_branch_dag to 2026-06-12 00:00:00+00:00, run_after=2026-06-13 00:00:00+00:00
[2026-06-13T17:27:33.351+0000] {processor.py:208} INFO - Processing /home/airflow/.local/lib/python3.12/site-packages/airflow/example_dags/example_nested_branch_dag.py took 0.072 seconds
[2026-06-13T17:28:03.730+0000] {processor.py:186} INFO - Started process (PID=4547) to work on /home/airflow/.local/lib/python3.12/site-packages/airflow/example_dags/example_nested_branch_dag.py
[2026-06-13T17:28:03.731+0000] {processor.py:914} INFO - Processing file /home/airflow/.local/lib/python3.12/site-packages/airflow/example_dags/example_nested_branch_dag.py for tasks to queue
[2026-06-13T17:28:03.733+0000] {logging_mixin.py:190} INFO - [2026-06-13T17:28:03.733+0000] {dagbag.py:588} INFO - Filling up the DagBag from /home/airflow/.local/lib/python3.12/site-packages/airflow/example_dags/example_nested_branch_dag.py
[2026-06-13T17:28:03.742+0000] {processor.py:925} INFO - DAG(s) 'example_nested_branch_dag' retrieved from /home/airflow/.local/lib/python3.12/site-packages/airflow/example_dags/example_nested_branch_dag.py
[2026-06-13T17:28:03.759+0000] {logging_mixin.py:190} INFO - [2026-06-13T17:28:03.759+0000] {dag.py:3239} INFO - Sync 1 DAGs
[2026-06-13T17:28:03.778+0000] {logging_mixin.py:190} INFO - [2026-06-13T17:28:03.778+0000] {dag.py:4180} INFO - Setting next_dagrun for example_nested_branch_dag to 2026-06-12 00:00:00+00:00, run_after=2026-06-13 00:00:00+00:00
[2026-06-13T17:28:03.798+0000] {processor.py:208} INFO - Processing /home/airflow/.local/lib/python3.12/site-packages/airflow/example_dags/example_nested_branch_dag.py took 0.072 seconds
[2026-06-13T17:28:34.005+0000] {processor.py:186} INFO - Started process (PID=4609) to work on /home/airflow/.local/lib/python3.12/site-packages/airflow/example_dags/example_nested_branch_dag.py
[2026-06-13T17:28:34.006+0000] {processor.py:914} INFO - Processing file /home/airflow/.local/lib/python3.12/site-packages/airflow/example_dags/example_nested_branch_dag.py for tasks to queue
[2026-06-13T17:28:34.009+0000] {logging_mixin.py:190} INFO - [2026-06-13T17:28:34.008+0000] {dagbag.py:588} INFO - Filling up the DagBag from /home/airflow/.local/lib/python3.12/site-packages/airflow/example_dags/example_nested_branch_dag.py
[2026-06-13T17:28:34.018+0000] {processor.py:925} INFO - DAG(s) 'example_nested_branch_dag' retrieved from /home/airflow/.local/lib/python3.12/site-packages/airflow/example_dags/example_nested_branch_dag.py
[2026-06-13T17:28:34.037+0000] {logging_mixin.py:190} INFO - [2026-06-13T17:28:34.037+0000] {dag.py:3239} INFO - Sync 1 DAGs
[2026-06-13T17:28:34.057+0000] {logging_mixin.py:190} INFO - [2026-06-13T17:28:34.057+0000] {dag.py:4180} INFO - Setting next_dagrun for example_nested_branch_dag to 2026-06-12 00:00:00+00:00, run_after=2026-06-13 00:00:00+00:00
[2026-06-13T17:28:34.075+0000] {processor.py:208} INFO - Processing /home/airflow/.local/lib/python3.12/site-packages/airflow/example_dags/example_nested_branch_dag.py took 0.075 seconds
[2026-06-13T17:29:04.322+0000] {processor.py:186} INFO - Started process (PID=4671) to work on /home/airflow/.local/lib/python3.12/site-packages/airflow/example_dags/example_nested_branch_dag.py
[2026-06-13T17:29:04.324+0000] {processor.py:914} INFO - Processing file /home/airflow/.local/lib/python3.12/site-packages/airflow/example_dags/example_nested_branch_dag.py for tasks to queue
[2026-06-13T17:29:04.326+0000] {logging_mixin.py:190} INFO - [2026-06-13T17:29:04.326+0000] {dagbag.py:588} INFO - Filling up the DagBag from /home/airflow/.local/lib/python3.12/site-packages/airflow/example_dags/example_nested_branch_dag.py
[2026-06-13T17:29:04.335+0000] {processor.py:925} INFO - DAG(s) 'example_nested_branch_dag' retrieved from /home/airflow/.local/lib/python3.12/site-packages/airflow/example_dags/example_nested_branch_dag.py
[2026-06-13T17:29:04.353+0000] {logging_mixin.py:190} INFO - [2026-06-13T17:29:04.353+0000] {dag.py:3239} INFO - Sync 1 DAGs
[2026-06-13T17:29:04.370+0000] {logging_mixin.py:190} INFO - [2026-06-13T17:29:04.370+0000] {dag.py:4180} INFO - Setting next_dagrun for example_nested_branch_dag to 2026-06-12 00:00:00+00:00, run_after=2026-06-13 00:00:00+00:00
[2026-06-13T17:29:04.385+0000] {processor.py:208} INFO - Processing /home/airflow/.local/lib/python3.12/site-packages/airflow/example_dags/example_nested_branch_dag.py took 0.067 seconds
[2026-06-13T17:29:34.787+0000] {processor.py:186} INFO - Started process (PID=4733) to work on /home/airflow/.local/lib/python3.12/site-packages/airflow/example_dags/example_nested_branch_dag.py
[2026-06-13T17:29:34.788+0000] {processor.py:914} INFO - Processing file /home/airflow/.local/lib/python3.12/site-packages/airflow/example_dags/example_nested_branch_dag.py for tasks to queue
[2026-06-13T17:29:34.791+0000] {logging_mixin.py:190} INFO - [2026-06-13T17:29:34.791+0000] {dagbag.py:588} INFO - Filling up the DagBag from /home/airflow/.local/lib/python3.12/site-packages/airflow/example_dags/example_nested_branch_dag.py
[2026-06-13T17:29:34.802+0000] {processor.py:925} INFO - DAG(s) 'example_nested_branch_dag' retrieved from /home/airflow/.local/lib/python3.12/site-packages/airflow/example_dags/example_nested_branch_dag.py
[2026-06-13T17:29:34.819+0000] {logging_mixin.py:190} INFO - [2026-06-13T17:29:34.819+0000] {dag.py:3239} INFO - Sync 1 DAGs
[2026-06-13T17:29:34.835+0000] {logging_mixin.py:190} INFO - [2026-06-13T17:29:34.835+0000] {dag.py:4180} INFO - Setting next_dagrun for example_nested_branch_dag to 2026-06-12 00:00:00+00:00, run_after=2026-06-13 00:00:00+00:00
[2026-06-13T17:29:34.852+0000] {processor.py:208} INFO - Processing /home/airflow/.local/lib/python3.12/site-packages/airflow/example_dags/example_nested_branch_dag.py took 0.071 seconds
[2026-06-13T17:30:05.065+0000] {processor.py:186} INFO - Started process (PID=4795) to work on /home/airflow/.local/lib/python3.12/site-packages/airflow/example_dags/example_nested_branch_dag.py
[2026-06-13T17:30:05.067+0000] {processor.py:914} INFO - Processing file /home/airflow/.local/lib/python3.12/site-packages/airflow/example_dags/example_nested_branch_dag.py for tasks to queue
[2026-06-13T17:30:05.069+0000] {logging_mixin.py:190} INFO - [2026-06-13T17:30:05.069+0000] {dagbag.py:588} INFO - Filling up the DagBag from /home/airflow/.local/lib/python3.12/site-packages/airflow/example_dags/example_nested_branch_dag.py
[2026-06-13T17:30:05.079+0000] {processor.py:925} INFO - DAG(s) 'example_nested_branch_dag' retrieved from /home/airflow/.local/lib/python3.12/site-packages/airflow/example_dags/example_nested_branch_dag.py
[2026-06-13T17:30:05.096+0000] {logging_mixin.py:190} INFO - [2026-06-13T17:30:05.096+0000] {dag.py:3239} INFO - Sync 1 DAGs
[2026-06-13T17:30:05.114+0000] {logging_mixin.py:190} INFO - [2026-06-13T17:30:05.114+0000] {dag.py:4180} INFO - Setting next_dagrun for example_nested_branch_dag to 2026-06-12 00:00:00+00:00, run_after=2026-06-13 00:00:00+00:00
[2026-06-13T17:30:05.131+0000] {processor.py:208} INFO - Processing /home/airflow/.local/lib/python3.12/site-packages/airflow/example_dags/example_nested_branch_dag.py took 0.071 seconds
[2026-06-13T17:30:35.444+0000] {processor.py:186} INFO - Started process (PID=4857) to work on /home/airflow/.local/lib/python3.12/site-packages/airflow/example_dags/example_nested_branch_dag.py
[2026-06-13T17:30:35.445+0000] {processor.py:914} INFO - Processing file /home/airflow/.local/lib/python3.12/site-packages/airflow/example_dags/example_nested_branch_dag.py for tasks to queue
[2026-06-13T17:30:35.447+0000] {logging_mixin.py:190} INFO - [2026-06-13T17:30:35.447+0000] {dagbag.py:588} INFO - Filling up the DagBag from /home/airflow/.local/lib/python3.12/site-packages/airflow/example_dags/example_nested_branch_dag.py
[2026-06-13T17:30:35.457+0000] {processor.py:925} INFO - DAG(s) 'example_nested_branch_dag' retrieved from /home/airflow/.local/lib/python3.12/site-packages/airflow/example_dags/example_nested_branch_dag.py
[2026-06-13T17:30:35.474+0000] {logging_mixin.py:190} INFO - [2026-06-13T17:30:35.473+0000] {dag.py:3239} INFO - Sync 1 DAGs
[2026-06-13T17:30:35.491+0000] {logging_mixin.py:190} INFO - [2026-06-13T17:30:35.491+0000] {dag.py:4180} INFO - Setting next_dagrun for example_nested_branch_dag to 2026-06-12 00:00:00+00:00, run_after=2026-06-13 00:00:00+00:00
[2026-06-13T17:30:35.510+0000] {processor.py:208} INFO - Processing /home/airflow/.local/lib/python3.12/site-packages/airflow/example_dags/example_nested_branch_dag.py took 0.070 seconds
[2026-06-13T17:31:05.867+0000] {processor.py:186} INFO - Started process (PID=4920) to work on /home/airflow/.local/lib/python3.12/site-packages/airflow/example_dags/example_nested_branch_dag.py
[2026-06-13T17:31:05.869+0000] {processor.py:914} INFO - Processing file /home/airflow/.local/lib/python3.12/site-packages/airflow/example_dags/example_nested_branch_dag.py for tasks to queue
[2026-06-13T17:31:05.871+0000] {logging_mixin.py:190} INFO - [2026-06-13T17:31:05.870+0000] {dagbag.py:588} INFO - Filling up the DagBag from /home/airflow/.local/lib/python3.12/site-packages/airflow/example_dags/example_nested_branch_dag.py
[2026-06-13T17:31:05.882+0000] {processor.py:925} INFO - DAG(s) 'example_nested_branch_dag' retrieved from /home/airflow/.local/lib/python3.12/site-packages/airflow/example_dags/example_nested_branch_dag.py
[2026-06-13T17:31:05.899+0000] {logging_mixin.py:190} INFO - [2026-06-13T17:31:05.899+0000] {dag.py:3239} INFO - Sync 1 DAGs
[2026-06-13T17:31:05.916+0000] {logging_mixin.py:190} INFO - [2026-06-13T17:31:05.916+0000] {dag.py:4180} INFO - Setting next_dagrun for example_nested_branch_dag to 2026-06-12 00:00:00+00:00, run_after=2026-06-13 00:00:00+00:00
[2026-06-13T17:31:05.934+0000] {processor.py:208} INFO - Processing /home/airflow/.local/lib/python3.12/site-packages/airflow/example_dags/example_nested_branch_dag.py took 0.071 seconds
[2026-06-13T17:31:36.359+0000] {processor.py:186} INFO - Started process (PID=4982) to work on /home/airflow/.local/lib/python3.12/site-packages/airflow/example_dags/example_nested_branch_dag.py
[2026-06-13T17:31:36.360+0000] {processor.py:914} INFO - Processing file /home/airflow/.local/lib/python3.12/site-packages/airflow/example_dags/example_nested_branch_dag.py for tasks to queue
[2026-06-13T17:31:36.363+0000] {logging_mixin.py:190} INFO - [2026-06-13T17:31:36.363+0000] {dagbag.py:588} INFO - Filling up the DagBag from /home/airflow/.local/lib/python3.12/site-packages/airflow/example_dags/example_nested_branch_dag.py
[2026-06-13T17:31:36.374+0000] {processor.py:925} INFO - DAG(s) 'example_nested_branch_dag' retrieved from /home/airflow/.local/lib/python3.12/site-packages/airflow/example_dags/example_nested_branch_dag.py
[2026-06-13T17:31:36.396+0000] {logging_mixin.py:190} INFO - [2026-06-13T17:31:36.396+0000] {dag.py:3239} INFO - Sync 1 DAGs
[2026-06-13T17:31:36.416+0000] {logging_mixin.py:190} INFO - [2026-06-13T17:31:36.416+0000] {dag.py:4180} INFO - Setting next_dagrun for example_nested_branch_dag to 2026-06-12 00:00:00+00:00, run_after=2026-06-13 00:00:00+00:00
[2026-06-13T17:31:36.434+0000] {processor.py:208} INFO - Processing /home/airflow/.local/lib/python3.12/site-packages/airflow/example_dags/example_nested_branch_dag.py took 0.080 seconds
[2026-06-13T17:32:06.702+0000] {processor.py:186} INFO - Started process (PID=5050) to work on /home/airflow/.local/lib/python3.12/site-packages/airflow/example_dags/example_nested_branch_dag.py
[2026-06-13T17:32:06.703+0000] {processor.py:914} INFO - Processing file /home/airflow/.local/lib/python3.12/site-packages/airflow/example_dags/example_nested_branch_dag.py for tasks to queue
[2026-06-13T17:32:06.706+0000] {logging_mixin.py:190} INFO - [2026-06-13T17:32:06.705+0000] {dagbag.py:588} INFO - Filling up the DagBag from /home/airflow/.local/lib/python3.12/site-packages/airflow/example_dags/example_nested_branch_dag.py
[2026-06-13T17:32:06.716+0000] {processor.py:925} INFO - DAG(s) 'example_nested_branch_dag' retrieved from /home/airflow/.local/lib/python3.12/site-packages/airflow/example_dags/example_nested_branch_dag.py
[2026-06-13T17:32:06.734+0000] {logging_mixin.py:190} INFO - [2026-06-13T17:32:06.734+0000] {dag.py:3239} INFO - Sync 1 DAGs
[2026-06-13T17:32:06.752+0000] {logging_mixin.py:190} INFO - [2026-06-13T17:32:06.752+0000] {dag.py:4180} INFO - Setting next_dagrun for example_nested_branch_dag to 2026-06-12 00:00:00+00:00, run_after=2026-06-13 00:00:00+00:00
[2026-06-13T17:32:06.771+0000] {processor.py:208} INFO - Processing /home/airflow/.local/lib/python3.12/site-packages/airflow/example_dags/example_nested_branch_dag.py took 0.074 seconds
[2026-06-13T17:32:37.069+0000] {processor.py:186} INFO - Started process (PID=5112) to work on /home/airflow/.local/lib/python3.12/site-packages/airflow/example_dags/example_nested_branch_dag.py
[2026-06-13T17:32:37.071+0000] {processor.py:914} INFO - Processing file /home/airflow/.local/lib/python3.12/site-packages/airflow/example_dags/example_nested_branch_dag.py for tasks to queue
[2026-06-13T17:32:37.075+0000] {logging_mixin.py:190} INFO - [2026-06-13T17:32:37.074+0000] {dagbag.py:588} INFO - Filling up the DagBag from /home/airflow/.local/lib/python3.12/site-packages/airflow/example_dags/example_nested_branch_dag.py
[2026-06-13T17:32:37.086+0000] {processor.py:925} INFO - DAG(s) 'example_nested_branch_dag' retrieved from /home/airflow/.local/lib/python3.12/site-packages/airflow/example_dags/example_nested_branch_dag.py
[2026-06-13T17:32:37.106+0000] {logging_mixin.py:190} INFO - [2026-06-13T17:32:37.106+0000] {dag.py:3239} INFO - Sync 1 DAGs
[2026-06-13T17:32:37.135+0000] {logging_mixin.py:190} INFO - [2026-06-13T17:32:37.134+0000] {dag.py:4180} INFO - Setting next_dagrun for example_nested_branch_dag to 2026-06-12 00:00:00+00:00, run_after=2026-06-13 00:00:00+00:00
[2026-06-13T17:32:37.153+0000] {processor.py:208} INFO - Processing /home/airflow/.local/lib/python3.12/site-packages/airflow/example_dags/example_nested_branch_dag.py took 0.090 seconds
[2026-06-13T17:33:07.452+0000] {processor.py:186} INFO - Started process (PID=5174) to work on /home/airflow/.local/lib/python3.12/site-packages/airflow/example_dags/example_nested_branch_dag.py
[2026-06-13T17:33:07.454+0000] {processor.py:914} INFO - Processing file /home/airflow/.local/lib/python3.12/site-packages/airflow/example_dags/example_nested_branch_dag.py for tasks to queue
[2026-06-13T17:33:07.457+0000] {logging_mixin.py:190} INFO - [2026-06-13T17:33:07.456+0000] {dagbag.py:588} INFO - Filling up the DagBag from /home/airflow/.local/lib/python3.12/site-packages/airflow/example_dags/example_nested_branch_dag.py
[2026-06-13T17:33:07.468+0000] {processor.py:925} INFO - DAG(s) 'example_nested_branch_dag' retrieved from /home/airflow/.local/lib/python3.12/site-packages/airflow/example_dags/example_nested_branch_dag.py
[2026-06-13T17:33:07.485+0000] {logging_mixin.py:190} INFO - [2026-06-13T17:33:07.485+0000] {dag.py:3239} INFO - Sync 1 DAGs
[2026-06-13T17:33:07.501+0000] {logging_mixin.py:190} INFO - [2026-06-13T17:33:07.501+0000] {dag.py:4180} INFO - Setting next_dagrun for example_nested_branch_dag to 2026-06-12 00:00:00+00:00, run_after=2026-06-13 00:00:00+00:00
[2026-06-13T17:33:07.516+0000] {processor.py:208} INFO - Processing /home/airflow/.local/lib/python3.12/site-packages/airflow/example_dags/example_nested_branch_dag.py took 0.069 seconds
[2026-06-13T17:33:37.910+0000] {processor.py:186} INFO - Started process (PID=5236) to work on /home/airflow/.local/lib/python3.12/site-packages/airflow/example_dags/example_nested_branch_dag.py
[2026-06-13T17:33:37.912+0000] {processor.py:914} INFO - Processing file /home/airflow/.local/lib/python3.12/site-packages/airflow/example_dags/example_nested_branch_dag.py for tasks to queue
[2026-06-13T17:33:37.914+0000] {logging_mixin.py:190} INFO - [2026-06-13T17:33:37.914+0000] {dagbag.py:588} INFO - Filling up the DagBag from /home/airflow/.local/lib/python3.12/site-packages/airflow/example_dags/example_nested_branch_dag.py
[2026-06-13T17:33:37.923+0000] {processor.py:925} INFO - DAG(s) 'example_nested_branch_dag' retrieved from /home/airflow/.local/lib/python3.12/site-packages/airflow/example_dags/example_nested_branch_dag.py
[2026-06-13T17:33:37.940+0000] {logging_mixin.py:190} INFO - [2026-06-13T17:33:37.940+0000] {dag.py:3239} INFO - Sync 1 DAGs
[2026-06-13T17:33:37.956+0000] {logging_mixin.py:190} INFO - [2026-06-13T17:33:37.955+0000] {dag.py:4180} INFO - Setting next_dagrun for example_nested_branch_dag to 2026-06-12 00:00:00+00:00, run_after=2026-06-13 00:00:00+00:00
[2026-06-13T17:33:37.973+0000] {processor.py:208} INFO - Processing /home/airflow/.local/lib/python3.12/site-packages/airflow/example_dags/example_nested_branch_dag.py took 0.067 seconds
[2026-06-13T17:34:08.073+0000] {processor.py:186} INFO - Started process (PID=5298) to work on /home/airflow/.local/lib/python3.12/site-packages/airflow/example_dags/example_nested_branch_dag.py
[2026-06-13T17:34:08.074+0000] {processor.py:914} INFO - Processing file /home/airflow/.local/lib/python3.12/site-packages/airflow/example_dags/example_nested_branch_dag.py for tasks to queue
[2026-06-13T17:34:08.076+0000] {logging_mixin.py:190} INFO - [2026-06-13T17:34:08.076+0000] {dagbag.py:588} INFO - Filling up the DagBag from /home/airflow/.local/lib/python3.12/site-packages/airflow/example_dags/example_nested_branch_dag.py
[2026-06-13T17:34:08.087+0000] {processor.py:925} INFO - DAG(s) 'example_nested_branch_dag' retrieved from /home/airflow/.local/lib/python3.12/site-packages/airflow/example_dags/example_nested_branch_dag.py
[2026-06-13T17:34:08.110+0000] {logging_mixin.py:190} INFO - [2026-06-13T17:34:08.110+0000] {dag.py:3239} INFO - Sync 1 DAGs
[2026-06-13T17:34:08.133+0000] {logging_mixin.py:190} INFO - [2026-06-13T17:34:08.132+0000] {dag.py:4180} INFO - Setting next_dagrun for example_nested_branch_dag to 2026-06-12 00:00:00+00:00, run_after=2026-06-13 00:00:00+00:00
[2026-06-13T17:34:08.153+0000] {processor.py:208} INFO - Processing /home/airflow/.local/lib/python3.12/site-packages/airflow/example_dags/example_nested_branch_dag.py took 0.086 seconds
[2026-06-13T17:34:38.411+0000] {processor.py:186} INFO - Started process (PID=5359) to work on /home/airflow/.local/lib/python3.12/site-packages/airflow/example_dags/example_nested_branch_dag.py
[2026-06-13T17:34:38.413+0000] {processor.py:914} INFO - Processing file /home/airflow/.local/lib/python3.12/site-packages/airflow/example_dags/example_nested_branch_dag.py for tasks to queue
[2026-06-13T17:34:38.415+0000] {logging_mixin.py:190} INFO - [2026-06-13T17:34:38.415+0000] {dagbag.py:588} INFO - Filling up the DagBag from /home/airflow/.local/lib/python3.12/site-packages/airflow/example_dags/example_nested_branch_dag.py
[2026-06-13T17:34:38.424+0000] {processor.py:925} INFO - DAG(s) 'example_nested_branch_dag' retrieved from /home/airflow/.local/lib/python3.12/site-packages/airflow/example_dags/example_nested_branch_dag.py
[2026-06-13T17:34:38.443+0000] {logging_mixin.py:190} INFO - [2026-06-13T17:34:38.443+0000] {dag.py:3239} INFO - Sync 1 DAGs
[2026-06-13T17:34:38.461+0000] {logging_mixin.py:190} INFO - [2026-06-13T17:34:38.461+0000] {dag.py:4180} INFO - Setting next_dagrun for example_nested_branch_dag to 2026-06-12 00:00:00+00:00, run_after=2026-06-13 00:00:00+00:00
[2026-06-13T17:34:38.481+0000] {processor.py:208} INFO - Processing /home/airflow/.local/lib/python3.12/site-packages/airflow/example_dags/example_nested_branch_dag.py took 0.074 seconds
[2026-06-13T17:35:08.637+0000] {processor.py:186} INFO - Started process (PID=5421) to work on /home/airflow/.local/lib/python3.12/site-packages/airflow/example_dags/example_nested_branch_dag.py
[2026-06-13T17:35:08.638+0000] {processor.py:914} INFO - Processing file /home/airflow/.local/lib/python3.12/site-packages/airflow/example_dags/example_nested_branch_dag.py for tasks to queue
[2026-06-13T17:35:08.640+0000] {logging_mixin.py:190} INFO - [2026-06-13T17:35:08.640+0000] {dagbag.py:588} INFO - Filling up the DagBag from /home/airflow/.local/lib/python3.12/site-packages/airflow/example_dags/example_nested_branch_dag.py
[2026-06-13T17:35:08.649+0000] {processor.py:925} INFO - DAG(s) 'example_nested_branch_dag' retrieved from /home/airflow/.local/lib/python3.12/site-packages/airflow/example_dags/example_nested_branch_dag.py
[2026-06-13T17:35:08.668+0000] {logging_mixin.py:190} INFO - [2026-06-13T17:35:08.668+0000] {dag.py:3239} INFO - Sync 1 DAGs
[2026-06-13T17:35:08.686+0000] {logging_mixin.py:190} INFO - [2026-06-13T17:35:08.686+0000] {dag.py:4180} INFO - Setting next_dagrun for example_nested_branch_dag to 2026-06-12 00:00:00+00:00, run_after=2026-06-13 00:00:00+00:00
[2026-06-13T17:35:08.704+0000] {processor.py:208} INFO - Processing /home/airflow/.local/lib/python3.12/site-packages/airflow/example_dags/example_nested_branch_dag.py took 0.072 seconds
[2026-06-13T17:35:39.193+0000] {processor.py:186} INFO - Started process (PID=5484) to work on /home/airflow/.local/lib/python3.12/site-packages/airflow/example_dags/example_nested_branch_dag.py
[2026-06-13T17:35:39.195+0000] {processor.py:914} INFO - Processing file /home/airflow/.local/lib/python3.12/site-packages/airflow/example_dags/example_nested_branch_dag.py for tasks to queue
[2026-06-13T17:35:39.197+0000] {logging_mixin.py:190} INFO - [2026-06-13T17:35:39.197+0000] {dagbag.py:588} INFO - Filling up the DagBag from /home/airflow/.local/lib/python3.12/site-packages/airflow/example_dags/example_nested_branch_dag.py
[2026-06-13T17:35:39.207+0000] {processor.py:925} INFO - DAG(s) 'example_nested_branch_dag' retrieved from /home/airflow/.local/lib/python3.12/site-packages/airflow/example_dags/example_nested_branch_dag.py
[2026-06-13T17:35:39.224+0000] {logging_mixin.py:190} INFO - [2026-06-13T17:35:39.224+0000] {dag.py:3239} INFO - Sync 1 DAGs
[2026-06-13T17:35:39.241+0000] {logging_mixin.py:190} INFO - [2026-06-13T17:35:39.241+0000] {dag.py:4180} INFO - Setting next_dagrun for example_nested_branch_dag to 2026-06-12 00:00:00+00:00, run_after=2026-06-13 00:00:00+00:00
[2026-06-13T17:35:39.260+0000] {processor.py:208} INFO - Processing /home/airflow/.local/lib/python3.12/site-packages/airflow/example_dags/example_nested_branch_dag.py took 0.071 seconds
[2026-06-13T17:36:09.458+0000] {processor.py:186} INFO - Started process (PID=5546) to work on /home/airflow/.local/lib/python3.12/site-packages/airflow/example_dags/example_nested_branch_dag.py
[2026-06-13T17:36:09.459+0000] {processor.py:914} INFO - Processing file /home/airflow/.local/lib/python3.12/site-packages/airflow/example_dags/example_nested_branch_dag.py for tasks to queue
[2026-06-13T17:36:09.461+0000] {logging_mixin.py:190} INFO - [2026-06-13T17:36:09.461+0000] {dagbag.py:588} INFO - Filling up the DagBag from /home/airflow/.local/lib/python3.12/site-packages/airflow/example_dags/example_nested_branch_dag.py
[2026-06-13T17:36:09.471+0000] {processor.py:925} INFO - DAG(s) 'example_nested_branch_dag' retrieved from /home/airflow/.local/lib/python3.12/site-packages/airflow/example_dags/example_nested_branch_dag.py
[2026-06-13T17:36:09.490+0000] {logging_mixin.py:190} INFO - [2026-06-13T17:36:09.490+0000] {dag.py:3239} INFO - Sync 1 DAGs
[2026-06-13T17:36:09.508+0000] {logging_mixin.py:190} INFO - [2026-06-13T17:36:09.508+0000] {dag.py:4180} INFO - Setting next_dagrun for example_nested_branch_dag to 2026-06-12 00:00:00+00:00, run_after=2026-06-13 00:00:00+00:00
[2026-06-13T17:36:09.526+0000] {processor.py:208} INFO - Processing /home/airflow/.local/lib/python3.12/site-packages/airflow/example_dags/example_nested_branch_dag.py took 0.072 seconds
[2026-06-13T17:36:39.619+0000] {processor.py:186} INFO - Started process (PID=5608) to work on /home/airflow/.local/lib/python3.12/site-packages/airflow/example_dags/example_nested_branch_dag.py
[2026-06-13T17:36:39.621+0000] {processor.py:914} INFO - Processing file /home/airflow/.local/lib/python3.12/site-packages/airflow/example_dags/example_nested_branch_dag.py for tasks to queue
[2026-06-13T17:36:39.623+0000] {logging_mixin.py:190} INFO - [2026-06-13T17:36:39.623+0000] {dagbag.py:588} INFO - Filling up the DagBag from /home/airflow/.local/lib/python3.12/site-packages/airflow/example_dags/example_nested_branch_dag.py
[2026-06-13T17:36:39.632+0000] {processor.py:925} INFO - DAG(s) 'example_nested_branch_dag' retrieved from /home/airflow/.local/lib/python3.12/site-packages/airflow/example_dags/example_nested_branch_dag.py
[2026-06-13T17:36:39.650+0000] {logging_mixin.py:190} INFO - [2026-06-13T17:36:39.649+0000] {dag.py:3239} INFO - Sync 1 DAGs
[2026-06-13T17:36:39.668+0000] {logging_mixin.py:190} INFO - [2026-06-13T17:36:39.668+0000] {dag.py:4180} INFO - Setting next_dagrun for example_nested_branch_dag to 2026-06-12 00:00:00+00:00, run_after=2026-06-13 00:00:00+00:00
[2026-06-13T17:36:39.683+0000] {processor.py:208} INFO - Processing /home/airflow/.local/lib/python3.12/site-packages/airflow/example_dags/example_nested_branch_dag.py took 0.070 seconds
[2026-06-13T17:37:10.162+0000] {processor.py:186} INFO - Started process (PID=5669) to work on /home/airflow/.local/lib/python3.12/site-packages/airflow/example_dags/example_nested_branch_dag.py
[2026-06-13T17:37:10.163+0000] {processor.py:914} INFO - Processing file /home/airflow/.local/lib/python3.12/site-packages/airflow/example_dags/example_nested_branch_dag.py for tasks to queue
[2026-06-13T17:37:10.165+0000] {logging_mixin.py:190} INFO - [2026-06-13T17:37:10.165+0000] {dagbag.py:588} INFO - Filling up the DagBag from /home/airflow/.local/lib/python3.12/site-packages/airflow/example_dags/example_nested_branch_dag.py
[2026-06-13T17:37:10.174+0000] {processor.py:925} INFO - DAG(s) 'example_nested_branch_dag' retrieved from /home/airflow/.local/lib/python3.12/site-packages/airflow/example_dags/example_nested_branch_dag.py
[2026-06-13T17:37:10.192+0000] {logging_mixin.py:190} INFO - [2026-06-13T17:37:10.192+0000] {dag.py:3239} INFO - Sync 1 DAGs
[2026-06-13T17:37:10.210+0000] {logging_mixin.py:190} INFO - [2026-06-13T17:37:10.210+0000] {dag.py:4180} INFO - Setting next_dagrun for example_nested_branch_dag to 2026-06-12 00:00:00+00:00, run_after=2026-06-13 00:00:00+00:00
[2026-06-13T17:37:10.225+0000] {processor.py:208} INFO - Processing /home/airflow/.local/lib/python3.12/site-packages/airflow/example_dags/example_nested_branch_dag.py took 0.068 seconds
[2026-06-13T17:37:40.376+0000] {processor.py:186} INFO - Started process (PID=5731) to work on /home/airflow/.local/lib/python3.12/site-packages/airflow/example_dags/example_nested_branch_dag.py
[2026-06-13T17:37:40.377+0000] {processor.py:914} INFO - Processing file /home/airflow/.local/lib/python3.12/site-packages/airflow/example_dags/example_nested_branch_dag.py for tasks to queue
[2026-06-13T17:37:40.379+0000] {logging_mixin.py:190} INFO - [2026-06-13T17:37:40.379+0000] {dagbag.py:588} INFO - Filling up the DagBag from /home/airflow/.local/lib/python3.12/site-packages/airflow/example_dags/example_nested_branch_dag.py
[2026-06-13T17:37:40.390+0000] {processor.py:925} INFO - DAG(s) 'example_nested_branch_dag' retrieved from /home/airflow/.local/lib/python3.12/site-packages/airflow/example_dags/example_nested_branch_dag.py
[2026-06-13T17:37:40.410+0000] {logging_mixin.py:190} INFO - [2026-06-13T17:37:40.409+0000] {dag.py:3239} INFO - Sync 1 DAGs
[2026-06-13T17:37:40.429+0000] {logging_mixin.py:190} INFO - [2026-06-13T17:37:40.429+0000] {dag.py:4180} INFO - Setting next_dagrun for example_nested_branch_dag to 2026-06-12 00:00:00+00:00, run_after=2026-06-13 00:00:00+00:00
[2026-06-13T17:37:40.445+0000] {processor.py:208} INFO - Processing /home/airflow/.local/lib/python3.12/site-packages/airflow/example_dags/example_nested_branch_dag.py took 0.073 seconds
[2026-06-13T17:38:10.774+0000] {processor.py:186} INFO - Started process (PID=5793) to work on /home/airflow/.local/lib/python3.12/site-packages/airflow/example_dags/example_nested_branch_dag.py
[2026-06-13T17:38:10.775+0000] {processor.py:914} INFO - Processing file /home/airflow/.local/lib/python3.12/site-packages/airflow/example_dags/example_nested_branch_dag.py for tasks to queue
[2026-06-13T17:38:10.778+0000] {logging_mixin.py:190} INFO - [2026-06-13T17:38:10.777+0000] {dagbag.py:588} INFO - Filling up the DagBag from /home/airflow/.local/lib/python3.12/site-packages/airflow/example_dags/example_nested_branch_dag.py
[2026-06-13T17:38:10.788+0000] {processor.py:925} INFO - DAG(s) 'example_nested_branch_dag' retrieved from /home/airflow/.local/lib/python3.12/site-packages/airflow/example_dags/example_nested_branch_dag.py
[2026-06-13T17:38:10.809+0000] {logging_mixin.py:190} INFO - [2026-06-13T17:38:10.809+0000] {dag.py:3239} INFO - Sync 1 DAGs
[2026-06-13T17:38:10.829+0000] {logging_mixin.py:190} INFO - [2026-06-13T17:38:10.829+0000] {dag.py:4180} INFO - Setting next_dagrun for example_nested_branch_dag to 2026-06-12 00:00:00+00:00, run_after=2026-06-13 00:00:00+00:00
[2026-06-13T17:38:10.843+0000] {processor.py:208} INFO - Processing /home/airflow/.local/lib/python3.12/site-packages/airflow/example_dags/example_nested_branch_dag.py took 0.074 seconds
[2026-06-13T17:38:41.134+0000] {processor.py:186} INFO - Started process (PID=5855) to work on /home/airflow/.local/lib/python3.12/site-packages/airflow/example_dags/example_nested_branch_dag.py
[2026-06-13T17:38:41.136+0000] {processor.py:914} INFO - Processing file /home/airflow/.local/lib/python3.12/site-packages/airflow/example_dags/example_nested_branch_dag.py for tasks to queue
[2026-06-13T17:38:41.138+0000] {logging_mixin.py:190} INFO - [2026-06-13T17:38:41.138+0000] {dagbag.py:588} INFO - Filling up the DagBag from /home/airflow/.local/lib/python3.12/site-packages/airflow/example_dags/example_nested_branch_dag.py
[2026-06-13T17:38:41.147+0000] {processor.py:925} INFO - DAG(s) 'example_nested_branch_dag' retrieved from /home/airflow/.local/lib/python3.12/site-packages/airflow/example_dags/example_nested_branch_dag.py
[2026-06-13T17:38:41.165+0000] {logging_mixin.py:190} INFO - [2026-06-13T17:38:41.164+0000] {dag.py:3239} INFO - Sync 1 DAGs
[2026-06-13T17:38:41.181+0000] {logging_mixin.py:190} INFO - [2026-06-13T17:38:41.181+0000] {dag.py:4180} INFO - Setting next_dagrun for example_nested_branch_dag to 2026-06-12 00:00:00+00:00, run_after=2026-06-13 00:00:00+00:00
[2026-06-13T17:38:41.195+0000] {processor.py:208} INFO - Processing /home/airflow/.local/lib/python3.12/site-packages/airflow/example_dags/example_nested_branch_dag.py took 0.066 seconds
[2026-06-13T17:39:11.565+0000] {processor.py:186} INFO - Started process (PID=5917) to work on /home/airflow/.local/lib/python3.12/site-packages/airflow/example_dags/example_nested_branch_dag.py
[2026-06-13T17:39:11.567+0000] {processor.py:914} INFO - Processing file /home/airflow/.local/lib/python3.12/site-packages/airflow/example_dags/example_nested_branch_dag.py for tasks to queue
[2026-06-13T17:39:11.572+0000] {logging_mixin.py:190} INFO - [2026-06-13T17:39:11.572+0000] {dagbag.py:588} INFO - Filling up the DagBag from /home/airflow/.local/lib/python3.12/site-packages/airflow/example_dags/example_nested_branch_dag.py
[2026-06-13T17:39:11.588+0000] {processor.py:925} INFO - DAG(s) 'example_nested_branch_dag' retrieved from /home/airflow/.local/lib/python3.12/site-packages/airflow/example_dags/example_nested_branch_dag.py
[2026-06-13T17:39:11.612+0000] {logging_mixin.py:190} INFO - [2026-06-13T17:39:11.612+0000] {dag.py:3239} INFO - Sync 1 DAGs
[2026-06-13T17:39:11.640+0000] {logging_mixin.py:190} INFO - [2026-06-13T17:39:11.640+0000] {dag.py:4180} INFO - Setting next_dagrun for example_nested_branch_dag to 2026-06-12 00:00:00+00:00, run_after=2026-06-13 00:00:00+00:00
[2026-06-13T17:39:11.669+0000] {processor.py:208} INFO - Processing /home/airflow/.local/lib/python3.12/site-packages/airflow/example_dags/example_nested_branch_dag.py took 0.112 seconds
[2026-06-13T17:39:41.855+0000] {processor.py:186} INFO - Started process (PID=5979) to work on /home/airflow/.local/lib/python3.12/site-packages/airflow/example_dags/example_nested_branch_dag.py
[2026-06-13T17:39:41.856+0000] {processor.py:914} INFO - Processing file /home/airflow/.local/lib/python3.12/site-packages/airflow/example_dags/example_nested_branch_dag.py for tasks to queue
[2026-06-13T17:39:41.858+0000] {logging_mixin.py:190} INFO - [2026-06-13T17:39:41.858+0000] {dagbag.py:588} INFO - Filling up the DagBag from /home/airflow/.local/lib/python3.12/site-packages/airflow/example_dags/example_nested_branch_dag.py
[2026-06-13T17:39:41.867+0000] {processor.py:925} INFO - DAG(s) 'example_nested_branch_dag' retrieved from /home/airflow/.local/lib/python3.12/site-packages/airflow/example_dags/example_nested_branch_dag.py
[2026-06-13T17:39:41.902+0000] {logging_mixin.py:190} INFO - [2026-06-13T17:39:41.901+0000] {dag.py:3239} INFO - Sync 1 DAGs
[2026-06-13T17:39:41.926+0000] {logging_mixin.py:190} INFO - [2026-06-13T17:39:41.926+0000] {dag.py:4180} INFO - Setting next_dagrun for example_nested_branch_dag to 2026-06-12 00:00:00+00:00, run_after=2026-06-13 00:00:00+00:00
[2026-06-13T17:39:41.945+0000] {processor.py:208} INFO - Processing /home/airflow/.local/lib/python3.12/site-packages/airflow/example_dags/example_nested_branch_dag.py took 0.095 seconds
[2026-06-13T17:40:12.038+0000] {processor.py:186} INFO - Started process (PID=6041) to work on /home/airflow/.local/lib/python3.12/site-packages/airflow/example_dags/example_nested_branch_dag.py
[2026-06-13T17:40:12.039+0000] {processor.py:914} INFO - Processing file /home/airflow/.local/lib/python3.12/site-packages/airflow/example_dags/example_nested_branch_dag.py for tasks to queue
[2026-06-13T17:40:12.043+0000] {logging_mixin.py:190} INFO - [2026-06-13T17:40:12.042+0000] {dagbag.py:588} INFO - Filling up the DagBag from /home/airflow/.local/lib/python3.12/site-packages/airflow/example_dags/example_nested_branch_dag.py
[2026-06-13T17:40:12.054+0000] {processor.py:925} INFO - DAG(s) 'example_nested_branch_dag' retrieved from /home/airflow/.local/lib/python3.12/site-packages/airflow/example_dags/example_nested_branch_dag.py
[2026-06-13T17:40:12.079+0000] {logging_mixin.py:190} INFO - [2026-06-13T17:40:12.079+0000] {dag.py:3239} INFO - Sync 1 DAGs
[2026-06-13T17:40:12.098+0000] {logging_mixin.py:190} INFO - [2026-06-13T17:40:12.098+0000] {dag.py:4180} INFO - Setting next_dagrun for example_nested_branch_dag to 2026-06-12 00:00:00+00:00, run_after=2026-06-13 00:00:00+00:00
[2026-06-13T17:40:12.114+0000] {processor.py:208} INFO - Processing /home/airflow/.local/lib/python3.12/site-packages/airflow/example_dags/example_nested_branch_dag.py took 0.083 seconds
[2026-06-13T17:40:42.438+0000] {processor.py:186} INFO - Started process (PID=6103) to work on /home/airflow/.local/lib/python3.12/site-packages/airflow/example_dags/example_nested_branch_dag.py
[2026-06-13T17:40:42.439+0000] {processor.py:914} INFO - Processing file /home/airflow/.local/lib/python3.12/site-packages/airflow/example_dags/example_nested_branch_dag.py for tasks to queue
[2026-06-13T17:40:42.441+0000] {logging_mixin.py:190} INFO - [2026-06-13T17:40:42.441+0000] {dagbag.py:588} INFO - Filling up the DagBag from /home/airflow/.local/lib/python3.12/site-packages/airflow/example_dags/example_nested_branch_dag.py
[2026-06-13T17:40:42.450+0000] {processor.py:925} INFO - DAG(s) 'example_nested_branch_dag' retrieved from /home/airflow/.local/lib/python3.12/site-packages/airflow/example_dags/example_nested_branch_dag.py
[2026-06-13T17:40:42.468+0000] {logging_mixin.py:190} INFO - [2026-06-13T17:40:42.468+0000] {dag.py:3239} INFO - Sync 1 DAGs
[2026-06-13T17:40:42.488+0000] {logging_mixin.py:190} INFO - [2026-06-13T17:40:42.488+0000] {dag.py:4180} INFO - Setting next_dagrun for example_nested_branch_dag to 2026-06-12 00:00:00+00:00, run_after=2026-06-13 00:00:00+00:00
[2026-06-13T17:40:42.504+0000] {processor.py:208} INFO - Processing /home/airflow/.local/lib/python3.12/site-packages/airflow/example_dags/example_nested_branch_dag.py took 0.072 seconds
[2026-06-13T17:41:12.870+0000] {processor.py:186} INFO - Started process (PID=6165) to work on /home/airflow/.local/lib/python3.12/site-packages/airflow/example_dags/example_nested_branch_dag.py
[2026-06-13T17:41:12.872+0000] {processor.py:914} INFO - Processing file /home/airflow/.local/lib/python3.12/site-packages/airflow/example_dags/example_nested_branch_dag.py for tasks to queue
[2026-06-13T17:41:12.875+0000] {logging_mixin.py:190} INFO - [2026-06-13T17:41:12.874+0000] {dagbag.py:588} INFO - Filling up the DagBag from /home/airflow/.local/lib/python3.12/site-packages/airflow/example_dags/example_nested_branch_dag.py
[2026-06-13T17:41:12.886+0000] {processor.py:925} INFO - DAG(s) 'example_nested_branch_dag' retrieved from /home/airflow/.local/lib/python3.12/site-packages/airflow/example_dags/example_nested_branch_dag.py
[2026-06-13T17:41:12.904+0000] {logging_mixin.py:190} INFO - [2026-06-13T17:41:12.904+0000] {dag.py:3239} INFO - Sync 1 DAGs
[2026-06-13T17:41:12.923+0000] {logging_mixin.py:190} INFO - [2026-06-13T17:41:12.923+0000] {dag.py:4180} INFO - Setting next_dagrun for example_nested_branch_dag to 2026-06-12 00:00:00+00:00, run_after=2026-06-13 00:00:00+00:00
[2026-06-13T17:41:12.941+0000] {processor.py:208} INFO - Processing /home/airflow/.local/lib/python3.12/site-packages/airflow/example_dags/example_nested_branch_dag.py took 0.076 seconds
[2026-06-13T17:41:43.131+0000] {processor.py:186} INFO - Started process (PID=6227) to work on /home/airflow/.local/lib/python3.12/site-packages/airflow/example_dags/example_nested_branch_dag.py
[2026-06-13T17:41:43.132+0000] {processor.py:914} INFO - Processing file /home/airflow/.local/lib/python3.12/site-packages/airflow/example_dags/example_nested_branch_dag.py for tasks to queue
[2026-06-13T17:41:43.137+0000] {logging_mixin.py:190} INFO - [2026-06-13T17:41:43.136+0000] {dagbag.py:588} INFO - Filling up the DagBag from /home/airflow/.local/lib/python3.12/site-packages/airflow/example_dags/example_nested_branch_dag.py
[2026-06-13T17:41:43.146+0000] {processor.py:925} INFO - DAG(s) 'example_nested_branch_dag' retrieved from /home/airflow/.local/lib/python3.12/site-packages/airflow/example_dags/example_nested_branch_dag.py
[2026-06-13T17:41:43.163+0000] {logging_mixin.py:190} INFO - [2026-06-13T17:41:43.163+0000] {dag.py:3239} INFO - Sync 1 DAGs
[2026-06-13T17:41:43.181+0000] {logging_mixin.py:190} INFO - [2026-06-13T17:41:43.181+0000] {dag.py:4180} INFO - Setting next_dagrun for example_nested_branch_dag to 2026-06-12 00:00:00+00:00, run_after=2026-06-13 00:00:00+00:00
[2026-06-13T17:41:43.198+0000] {processor.py:208} INFO - Processing /home/airflow/.local/lib/python3.12/site-packages/airflow/example_dags/example_nested_branch_dag.py took 0.072 seconds
[2026-06-13T17:42:13.288+0000] {processor.py:186} INFO - Started process (PID=6289) to work on /home/airflow/.local/lib/python3.12/site-packages/airflow/example_dags/example_nested_branch_dag.py
[2026-06-13T17:42:13.289+0000] {processor.py:914} INFO - Processing file /home/airflow/.local/lib/python3.12/site-packages/airflow/example_dags/example_nested_branch_dag.py for tasks to queue
[2026-06-13T17:42:13.292+0000] {logging_mixin.py:190} INFO - [2026-06-13T17:42:13.291+0000] {dagbag.py:588} INFO - Filling up the DagBag from /home/airflow/.local/lib/python3.12/site-packages/airflow/example_dags/example_nested_branch_dag.py
[2026-06-13T17:42:13.303+0000] {processor.py:925} INFO - DAG(s) 'example_nested_branch_dag' retrieved from /home/airflow/.local/lib/python3.12/site-packages/airflow/example_dags/example_nested_branch_dag.py
[2026-06-13T17:42:13.330+0000] {logging_mixin.py:190} INFO - [2026-06-13T17:42:13.329+0000] {dag.py:3239} INFO - Sync 1 DAGs
[2026-06-13T17:42:13.358+0000] {logging_mixin.py:190} INFO - [2026-06-13T17:42:13.358+0000] {dag.py:4180} INFO - Setting next_dagrun for example_nested_branch_dag to 2026-06-12 00:00:00+00:00, run_after=2026-06-13 00:00:00+00:00
[2026-06-13T17:42:13.375+0000] {processor.py:208} INFO - Processing /home/airflow/.local/lib/python3.12/site-packages/airflow/example_dags/example_nested_branch_dag.py took 0.093 seconds
[2026-06-13T17:42:43.715+0000] {processor.py:186} INFO - Started process (PID=6351) to work on /home/airflow/.local/lib/python3.12/site-packages/airflow/example_dags/example_nested_branch_dag.py
[2026-06-13T17:42:43.716+0000] {processor.py:914} INFO - Processing file /home/airflow/.local/lib/python3.12/site-packages/airflow/example_dags/example_nested_branch_dag.py for tasks to queue
[2026-06-13T17:42:43.718+0000] {logging_mixin.py:190} INFO - [2026-06-13T17:42:43.718+0000] {dagbag.py:588} INFO - Filling up the DagBag from /home/airflow/.local/lib/python3.12/site-packages/airflow/example_dags/example_nested_branch_dag.py
[2026-06-13T17:42:43.728+0000] {processor.py:925} INFO - DAG(s) 'example_nested_branch_dag' retrieved from /home/airflow/.local/lib/python3.12/site-packages/airflow/example_dags/example_nested_branch_dag.py
[2026-06-13T17:42:43.746+0000] {logging_mixin.py:190} INFO - [2026-06-13T17:42:43.746+0000] {dag.py:3239} INFO - Sync 1 DAGs
[2026-06-13T17:42:43.765+0000] {logging_mixin.py:190} INFO - [2026-06-13T17:42:43.765+0000] {dag.py:4180} INFO - Setting next_dagrun for example_nested_branch_dag to 2026-06-12 00:00:00+00:00, run_after=2026-06-13 00:00:00+00:00
[2026-06-13T17:42:43.784+0000] {processor.py:208} INFO - Processing /home/airflow/.local/lib/python3.12/site-packages/airflow/example_dags/example_nested_branch_dag.py took 0.074 seconds
[2026-06-13T17:43:14.069+0000] {processor.py:186} INFO - Started process (PID=6413) to work on /home/airflow/.local/lib/python3.12/site-packages/airflow/example_dags/example_nested_branch_dag.py
[2026-06-13T17:43:14.071+0000] {processor.py:914} INFO - Processing file /home/airflow/.local/lib/python3.12/site-packages/airflow/example_dags/example_nested_branch_dag.py for tasks to queue
[2026-06-13T17:43:14.073+0000] {logging_mixin.py:190} INFO - [2026-06-13T17:43:14.072+0000] {dagbag.py:588} INFO - Filling up the DagBag from /home/airflow/.local/lib/python3.12/site-packages/airflow/example_dags/example_nested_branch_dag.py
[2026-06-13T17:43:14.081+0000] {processor.py:925} INFO - DAG(s) 'example_nested_branch_dag' retrieved from /home/airflow/.local/lib/python3.12/site-packages/airflow/example_dags/example_nested_branch_dag.py
[2026-06-13T17:43:14.098+0000] {logging_mixin.py:190} INFO - [2026-06-13T17:43:14.098+0000] {dag.py:3239} INFO - Sync 1 DAGs
[2026-06-13T17:43:14.132+0000] {logging_mixin.py:190} INFO - [2026-06-13T17:43:14.131+0000] {dag.py:4180} INFO - Setting next_dagrun for example_nested_branch_dag to 2026-06-12 00:00:00+00:00, run_after=2026-06-13 00:00:00+00:00
[2026-06-13T17:43:14.167+0000] {processor.py:208} INFO - Processing /home/airflow/.local/lib/python3.12/site-packages/airflow/example_dags/example_nested_branch_dag.py took 0.102 seconds
[2026-06-13T17:43:44.441+0000] {processor.py:186} INFO - Started process (PID=6475) to work on /home/airflow/.local/lib/python3.12/site-packages/airflow/example_dags/example_nested_branch_dag.py
[2026-06-13T17:43:44.442+0000] {processor.py:914} INFO - Processing file /home/airflow/.local/lib/python3.12/site-packages/airflow/example_dags/example_nested_branch_dag.py for tasks to queue
[2026-06-13T17:43:44.445+0000] {logging_mixin.py:190} INFO - [2026-06-13T17:43:44.444+0000] {dagbag.py:588} INFO - Filling up the DagBag from /home/airflow/.local/lib/python3.12/site-packages/airflow/example_dags/example_nested_branch_dag.py
[2026-06-13T17:43:44.454+0000] {processor.py:925} INFO - DAG(s) 'example_nested_branch_dag' retrieved from /home/airflow/.local/lib/python3.12/site-packages/airflow/example_dags/example_nested_branch_dag.py
[2026-06-13T17:43:44.474+0000] {logging_mixin.py:190} INFO - [2026-06-13T17:43:44.474+0000] {dag.py:3239} INFO - Sync 1 DAGs
[2026-06-13T17:43:44.492+0000] {logging_mixin.py:190} INFO - [2026-06-13T17:43:44.492+0000] {dag.py:4180} INFO - Setting next_dagrun for example_nested_branch_dag to 2026-06-12 00:00:00+00:00, run_after=2026-06-13 00:00:00+00:00
[2026-06-13T17:43:44.507+0000] {processor.py:208} INFO - Processing /home/airflow/.local/lib/python3.12/site-packages/airflow/example_dags/example_nested_branch_dag.py took 0.071 seconds
[2026-06-13T17:44:14.666+0000] {processor.py:186} INFO - Started process (PID=6537) to work on /home/airflow/.local/lib/python3.12/site-packages/airflow/example_dags/example_nested_branch_dag.py
[2026-06-13T17:44:14.667+0000] {processor.py:914} INFO - Processing file /home/airflow/.local/lib/python3.12/site-packages/airflow/example_dags/example_nested_branch_dag.py for tasks to queue
[2026-06-13T17:44:14.669+0000] {logging_mixin.py:190} INFO - [2026-06-13T17:44:14.669+0000] {dagbag.py:588} INFO - Filling up the DagBag from /home/airflow/.local/lib/python3.12/site-packages/airflow/example_dags/example_nested_branch_dag.py
[2026-06-13T17:44:14.678+0000] {processor.py:925} INFO - DAG(s) 'example_nested_branch_dag' retrieved from /home/airflow/.local/lib/python3.12/site-packages/airflow/example_dags/example_nested_branch_dag.py
[2026-06-13T17:44:14.696+0000] {logging_mixin.py:190} INFO - [2026-06-13T17:44:14.696+0000] {dag.py:3239} INFO - Sync 1 DAGs
[2026-06-13T17:44:14.714+0000] {logging_mixin.py:190} INFO - [2026-06-13T17:44:14.714+0000] {dag.py:4180} INFO - Setting next_dagrun for example_nested_branch_dag to 2026-06-12 00:00:00+00:00, run_after=2026-06-13 00:00:00+00:00
[2026-06-13T17:44:14.730+0000] {processor.py:208} INFO - Processing /home/airflow/.local/lib/python3.12/site-packages/airflow/example_dags/example_nested_branch_dag.py took 0.069 seconds
[2026-06-13T17:44:44.828+0000] {processor.py:186} INFO - Started process (PID=6599) to work on /home/airflow/.local/lib/python3.12/site-packages/airflow/example_dags/example_nested_branch_dag.py
[2026-06-13T17:44:44.829+0000] {processor.py:914} INFO - Processing file /home/airflow/.local/lib/python3.12/site-packages/airflow/example_dags/example_nested_branch_dag.py for tasks to queue
[2026-06-13T17:44:44.831+0000] {logging_mixin.py:190} INFO - [2026-06-13T17:44:44.831+0000] {dagbag.py:588} INFO - Filling up the DagBag from /home/airflow/.local/lib/python3.12/site-packages/airflow/example_dags/example_nested_branch_dag.py
[2026-06-13T17:44:44.840+0000] {processor.py:925} INFO - DAG(s) 'example_nested_branch_dag' retrieved from /home/airflow/.local/lib/python3.12/site-packages/airflow/example_dags/example_nested_branch_dag.py
[2026-06-13T17:44:44.857+0000] {logging_mixin.py:190} INFO - [2026-06-13T17:44:44.856+0000] {dag.py:3239} INFO - Sync 1 DAGs
[2026-06-13T17:44:44.873+0000] {logging_mixin.py:190} INFO - [2026-06-13T17:44:44.872+0000] {dag.py:4180} INFO - Setting next_dagrun for example_nested_branch_dag to 2026-06-12 00:00:00+00:00, run_after=2026-06-13 00:00:00+00:00
[2026-06-13T17:44:44.887+0000] {processor.py:208} INFO - Processing /home/airflow/.local/lib/python3.12/site-packages/airflow/example_dags/example_nested_branch_dag.py took 0.063 seconds
[2026-06-13T17:45:15.316+0000] {processor.py:186} INFO - Started process (PID=6661) to work on /home/airflow/.local/lib/python3.12/site-packages/airflow/example_dags/example_nested_branch_dag.py
[2026-06-13T17:45:15.318+0000] {processor.py:914} INFO - Processing file /home/airflow/.local/lib/python3.12/site-packages/airflow/example_dags/example_nested_branch_dag.py for tasks to queue
[2026-06-13T17:45:15.320+0000] {logging_mixin.py:190} INFO - [2026-06-13T17:45:15.320+0000] {dagbag.py:588} INFO - Filling up the DagBag from /home/airflow/.local/lib/python3.12/site-packages/airflow/example_dags/example_nested_branch_dag.py
[2026-06-13T17:45:15.328+0000] {processor.py:925} INFO - DAG(s) 'example_nested_branch_dag' retrieved from /home/airflow/.local/lib/python3.12/site-packages/airflow/example_dags/example_nested_branch_dag.py
[2026-06-13T17:45:15.345+0000] {logging_mixin.py:190} INFO - [2026-06-13T17:45:15.345+0000] {dag.py:3239} INFO - Sync 1 DAGs
[2026-06-13T17:45:15.361+0000] {logging_mixin.py:190} INFO - [2026-06-13T17:45:15.361+0000] {dag.py:4180} INFO - Setting next_dagrun for example_nested_branch_dag to 2026-06-12 00:00:00+00:00, run_after=2026-06-13 00:00:00+00:00
[2026-06-13T17:45:15.376+0000] {processor.py:208} INFO - Processing /home/airflow/.local/lib/python3.12/site-packages/airflow/example_dags/example_nested_branch_dag.py took 0.065 seconds
[2026-06-13T17:45:46.006+0000] {processor.py:186} INFO - Started process (PID=6723) to work on /home/airflow/.local/lib/python3.12/site-packages/airflow/example_dags/example_nested_branch_dag.py
[2026-06-13T17:45:46.008+0000] {processor.py:914} INFO - Processing file /home/airflow/.local/lib/python3.12/site-packages/airflow/example_dags/example_nested_branch_dag.py for tasks to queue
[2026-06-13T17:45:46.010+0000] {logging_mixin.py:190} INFO - [2026-06-13T17:45:46.009+0000] {dagbag.py:588} INFO - Filling up the DagBag from /home/airflow/.local/lib/python3.12/site-packages/airflow/example_dags/example_nested_branch_dag.py
[2026-06-13T17:45:46.018+0000] {processor.py:925} INFO - DAG(s) 'example_nested_branch_dag' retrieved from /home/airflow/.local/lib/python3.12/site-packages/airflow/example_dags/example_nested_branch_dag.py
[2026-06-13T17:45:46.036+0000] {logging_mixin.py:190} INFO - [2026-06-13T17:45:46.035+0000] {dag.py:3239} INFO - Sync 1 DAGs
[2026-06-13T17:45:46.054+0000] {logging_mixin.py:190} INFO - [2026-06-13T17:45:46.054+0000] {dag.py:4180} INFO - Setting next_dagrun for example_nested_branch_dag to 2026-06-12 00:00:00+00:00, run_after=2026-06-13 00:00:00+00:00
[2026-06-13T17:45:46.068+0000] {processor.py:208} INFO - Processing /home/airflow/.local/lib/python3.12/site-packages/airflow/example_dags/example_nested_branch_dag.py took 0.067 seconds
[2026-06-13T17:46:16.530+0000] {processor.py:186} INFO - Started process (PID=6785) to work on /home/airflow/.local/lib/python3.12/site-packages/airflow/example_dags/example_nested_branch_dag.py
[2026-06-13T17:46:16.531+0000] {processor.py:914} INFO - Processing file /home/airflow/.local/lib/python3.12/site-packages/airflow/example_dags/example_nested_branch_dag.py for tasks to queue
[2026-06-13T17:46:16.533+0000] {logging_mixin.py:190} INFO - [2026-06-13T17:46:16.533+0000] {dagbag.py:588} INFO - Filling up the DagBag from /home/airflow/.local/lib/python3.12/site-packages/airflow/example_dags/example_nested_branch_dag.py
[2026-06-13T17:46:16.542+0000] {processor.py:925} INFO - DAG(s) 'example_nested_branch_dag' retrieved from /home/airflow/.local/lib/python3.12/site-packages/airflow/example_dags/example_nested_branch_dag.py
[2026-06-13T17:46:16.565+0000] {logging_mixin.py:190} INFO - [2026-06-13T17:46:16.564+0000] {dag.py:3239} INFO - Sync 1 DAGs
[2026-06-13T17:46:16.591+0000] {logging_mixin.py:190} INFO - [2026-06-13T17:46:16.591+0000] {dag.py:4180} INFO - Setting next_dagrun for example_nested_branch_dag to 2026-06-12 00:00:00+00:00, run_after=2026-06-13 00:00:00+00:00
[2026-06-13T17:46:16.617+0000] {processor.py:208} INFO - Processing /home/airflow/.local/lib/python3.12/site-packages/airflow/example_dags/example_nested_branch_dag.py took 0.092 seconds
[2026-06-13T17:46:47.150+0000] {processor.py:186} INFO - Started process (PID=6847) to work on /home/airflow/.local/lib/python3.12/site-packages/airflow/example_dags/example_nested_branch_dag.py
[2026-06-13T17:46:47.151+0000] {processor.py:914} INFO - Processing file /home/airflow/.local/lib/python3.12/site-packages/airflow/example_dags/example_nested_branch_dag.py for tasks to queue
[2026-06-13T17:46:47.154+0000] {logging_mixin.py:190} INFO - [2026-06-13T17:46:47.154+0000] {dagbag.py:588} INFO - Filling up the DagBag from /home/airflow/.local/lib/python3.12/site-packages/airflow/example_dags/example_nested_branch_dag.py
[2026-06-13T17:46:47.164+0000] {processor.py:925} INFO - DAG(s) 'example_nested_branch_dag' retrieved from /home/airflow/.local/lib/python3.12/site-packages/airflow/example_dags/example_nested_branch_dag.py
[2026-06-13T17:46:47.181+0000] {logging_mixin.py:190} INFO - [2026-06-13T17:46:47.181+0000] {dag.py:3239} INFO - Sync 1 DAGs
[2026-06-13T17:46:47.199+0000] {logging_mixin.py:190} INFO - [2026-06-13T17:46:47.199+0000] {dag.py:4180} INFO - Setting next_dagrun for example_nested_branch_dag to 2026-06-12 00:00:00+00:00, run_after=2026-06-13 00:00:00+00:00
[2026-06-13T17:46:47.216+0000] {processor.py:208} INFO - Processing /home/airflow/.local/lib/python3.12/site-packages/airflow/example_dags/example_nested_branch_dag.py took 0.073 seconds
[2026-06-13T17:47:17.296+0000] {processor.py:186} INFO - Started process (PID=6909) to work on /home/airflow/.local/lib/python3.12/site-packages/airflow/example_dags/example_nested_branch_dag.py
[2026-06-13T17:47:17.297+0000] {processor.py:914} INFO - Processing file /home/airflow/.local/lib/python3.12/site-packages/airflow/example_dags/example_nested_branch_dag.py for tasks to queue
[2026-06-13T17:47:17.300+0000] {logging_mixin.py:190} INFO - [2026-06-13T17:47:17.300+0000] {dagbag.py:588} INFO - Filling up the DagBag from /home/airflow/.local/lib/python3.12/site-packages/airflow/example_dags/example_nested_branch_dag.py
[2026-06-13T17:47:17.312+0000] {processor.py:925} INFO - DAG(s) 'example_nested_branch_dag' retrieved from /home/airflow/.local/lib/python3.12/site-packages/airflow/example_dags/example_nested_branch_dag.py
[2026-06-13T17:47:17.337+0000] {logging_mixin.py:190} INFO - [2026-06-13T17:47:17.337+0000] {dag.py:3239} INFO - Sync 1 DAGs
[2026-06-13T17:47:17.362+0000] {logging_mixin.py:190} INFO - [2026-06-13T17:47:17.362+0000] {dag.py:4180} INFO - Setting next_dagrun for example_nested_branch_dag to 2026-06-12 00:00:00+00:00, run_after=2026-06-13 00:00:00+00:00
[2026-06-13T17:47:17.398+0000] {processor.py:208} INFO - Processing /home/airflow/.local/lib/python3.12/site-packages/airflow/example_dags/example_nested_branch_dag.py took 0.108 seconds
[2026-06-13T17:47:47.824+0000] {processor.py:186} INFO - Started process (PID=6971) to work on /home/airflow/.local/lib/python3.12/site-packages/airflow/example_dags/example_nested_branch_dag.py
[2026-06-13T17:47:47.826+0000] {processor.py:914} INFO - Processing file /home/airflow/.local/lib/python3.12/site-packages/airflow/example_dags/example_nested_branch_dag.py for tasks to queue
[2026-06-13T17:47:47.828+0000] {logging_mixin.py:190} INFO - [2026-06-13T17:47:47.828+0000] {dagbag.py:588} INFO - Filling up the DagBag from /home/airflow/.local/lib/python3.12/site-packages/airflow/example_dags/example_nested_branch_dag.py
[2026-06-13T17:47:47.838+0000] {processor.py:925} INFO - DAG(s) 'example_nested_branch_dag' retrieved from /home/airflow/.local/lib/python3.12/site-packages/airflow/example_dags/example_nested_branch_dag.py
[2026-06-13T17:47:47.856+0000] {logging_mixin.py:190} INFO - [2026-06-13T17:47:47.855+0000] {dag.py:3239} INFO - Sync 1 DAGs
[2026-06-13T17:47:47.873+0000] {logging_mixin.py:190} INFO - [2026-06-13T17:47:47.873+0000] {dag.py:4180} INFO - Setting next_dagrun for example_nested_branch_dag to 2026-06-12 00:00:00+00:00, run_after=2026-06-13 00:00:00+00:00
[2026-06-13T17:47:47.893+0000] {processor.py:208} INFO - Processing /home/airflow/.local/lib/python3.12/site-packages/airflow/example_dags/example_nested_branch_dag.py took 0.074 seconds
[2026-06-13T17:48:18.392+0000] {processor.py:186} INFO - Started process (PID=7033) to work on /home/airflow/.local/lib/python3.12/site-packages/airflow/example_dags/example_nested_branch_dag.py
[2026-06-13T17:48:18.394+0000] {processor.py:914} INFO - Processing file /home/airflow/.local/lib/python3.12/site-packages/airflow/example_dags/example_nested_branch_dag.py for tasks to queue
[2026-06-13T17:48:18.396+0000] {logging_mixin.py:190} INFO - [2026-06-13T17:48:18.396+0000] {dagbag.py:588} INFO - Filling up the DagBag from /home/airflow/.local/lib/python3.12/site-packages/airflow/example_dags/example_nested_branch_dag.py
[2026-06-13T17:48:18.405+0000] {processor.py:925} INFO - DAG(s) 'example_nested_branch_dag' retrieved from /home/airflow/.local/lib/python3.12/site-packages/airflow/example_dags/example_nested_branch_dag.py
[2026-06-13T17:48:18.424+0000] {logging_mixin.py:190} INFO - [2026-06-13T17:48:18.424+0000] {dag.py:3239} INFO - Sync 1 DAGs
[2026-06-13T17:48:18.443+0000] {logging_mixin.py:190} INFO - [2026-06-13T17:48:18.443+0000] {dag.py:4180} INFO - Setting next_dagrun for example_nested_branch_dag to 2026-06-12 00:00:00+00:00, run_after=2026-06-13 00:00:00+00:00
[2026-06-13T17:48:18.458+0000] {processor.py:208} INFO - Processing /home/airflow/.local/lib/python3.12/site-packages/airflow/example_dags/example_nested_branch_dag.py took 0.071 seconds
[2026-06-13T17:48:49.086+0000] {processor.py:186} INFO - Started process (PID=7095) to work on /home/airflow/.local/lib/python3.12/site-packages/airflow/example_dags/example_nested_branch_dag.py
[2026-06-13T17:48:49.087+0000] {processor.py:914} INFO - Processing file /home/airflow/.local/lib/python3.12/site-packages/airflow/example_dags/example_nested_branch_dag.py for tasks to queue
[2026-06-13T17:48:49.089+0000] {logging_mixin.py:190} INFO - [2026-06-13T17:48:49.089+0000] {dagbag.py:588} INFO - Filling up the DagBag from /home/airflow/.local/lib/python3.12/site-packages/airflow/example_dags/example_nested_branch_dag.py
[2026-06-13T17:48:49.101+0000] {processor.py:925} INFO - DAG(s) 'example_nested_branch_dag' retrieved from /home/airflow/.local/lib/python3.12/site-packages/airflow/example_dags/example_nested_branch_dag.py
[2026-06-13T17:48:49.123+0000] {logging_mixin.py:190} INFO - [2026-06-13T17:48:49.123+0000] {dag.py:3239} INFO - Sync 1 DAGs
[2026-06-13T17:48:49.142+0000] {logging_mixin.py:190} INFO - [2026-06-13T17:48:49.142+0000] {dag.py:4180} INFO - Setting next_dagrun for example_nested_branch_dag to 2026-06-12 00:00:00+00:00, run_after=2026-06-13 00:00:00+00:00
[2026-06-13T17:48:49.162+0000] {processor.py:208} INFO - Processing /home/airflow/.local/lib/python3.12/site-packages/airflow/example_dags/example_nested_branch_dag.py took 0.082 seconds
[2026-06-13T17:49:19.359+0000] {processor.py:186} INFO - Started process (PID=7157) to work on /home/airflow/.local/lib/python3.12/site-packages/airflow/example_dags/example_nested_branch_dag.py
[2026-06-13T17:49:19.361+0000] {processor.py:914} INFO - Processing file /home/airflow/.local/lib/python3.12/site-packages/airflow/example_dags/example_nested_branch_dag.py for tasks to queue
[2026-06-13T17:49:19.365+0000] {logging_mixin.py:190} INFO - [2026-06-13T17:49:19.364+0000] {dagbag.py:588} INFO - Filling up the DagBag from /home/airflow/.local/lib/python3.12/site-packages/airflow/example_dags/example_nested_branch_dag.py
[2026-06-13T17:49:19.382+0000] {processor.py:925} INFO - DAG(s) 'example_nested_branch_dag' retrieved from /home/airflow/.local/lib/python3.12/site-packages/airflow/example_dags/example_nested_branch_dag.py
[2026-06-13T17:49:19.417+0000] {logging_mixin.py:190} INFO - [2026-06-13T17:49:19.417+0000] {dag.py:3239} INFO - Sync 1 DAGs
[2026-06-13T17:49:19.451+0000] {logging_mixin.py:190} INFO - [2026-06-13T17:49:19.451+0000] {dag.py:4180} INFO - Setting next_dagrun for example_nested_branch_dag to 2026-06-12 00:00:00+00:00, run_after=2026-06-13 00:00:00+00:00
[2026-06-13T17:49:19.493+0000] {processor.py:208} INFO - Processing /home/airflow/.local/lib/python3.12/site-packages/airflow/example_dags/example_nested_branch_dag.py took 0.141 seconds
[2026-06-13T17:49:49.853+0000] {processor.py:186} INFO - Started process (PID=7219) to work on /home/airflow/.local/lib/python3.12/site-packages/airflow/example_dags/example_nested_branch_dag.py
[2026-06-13T17:49:49.856+0000] {processor.py:914} INFO - Processing file /home/airflow/.local/lib/python3.12/site-packages/airflow/example_dags/example_nested_branch_dag.py for tasks to queue
[2026-06-13T17:49:49.865+0000] {logging_mixin.py:190} INFO - [2026-06-13T17:49:49.863+0000] {dagbag.py:588} INFO - Filling up the DagBag from /home/airflow/.local/lib/python3.12/site-packages/airflow/example_dags/example_nested_branch_dag.py
[2026-06-13T17:49:49.892+0000] {processor.py:925} INFO - DAG(s) 'example_nested_branch_dag' retrieved from /home/airflow/.local/lib/python3.12/site-packages/airflow/example_dags/example_nested_branch_dag.py
[2026-06-13T17:49:49.951+0000] {logging_mixin.py:190} INFO - [2026-06-13T17:49:49.951+0000] {dag.py:3239} INFO - Sync 1 DAGs
[2026-06-13T17:49:50.006+0000] {logging_mixin.py:190} INFO - [2026-06-13T17:49:50.005+0000] {dag.py:4180} INFO - Setting next_dagrun for example_nested_branch_dag to 2026-06-12 00:00:00+00:00, run_after=2026-06-13 00:00:00+00:00
[2026-06-13T17:49:50.047+0000] {processor.py:208} INFO - Processing /home/airflow/.local/lib/python3.12/site-packages/airflow/example_dags/example_nested_branch_dag.py took 0.209 seconds
[2026-06-13T17:50:21.269+0000] {processor.py:186} INFO - Started process (PID=7282) to work on /home/airflow/.local/lib/python3.12/site-packages/airflow/example_dags/example_nested_branch_dag.py
[2026-06-13T17:50:21.272+0000] {processor.py:914} INFO - Processing file /home/airflow/.local/lib/python3.12/site-packages/airflow/example_dags/example_nested_branch_dag.py for tasks to queue
[2026-06-13T17:50:21.281+0000] {logging_mixin.py:190} INFO - [2026-06-13T17:50:21.279+0000] {dagbag.py:588} INFO - Filling up the DagBag from /home/airflow/.local/lib/python3.12/site-packages/airflow/example_dags/example_nested_branch_dag.py
[2026-06-13T17:50:21.315+0000] {processor.py:925} INFO - DAG(s) 'example_nested_branch_dag' retrieved from /home/airflow/.local/lib/python3.12/site-packages/airflow/example_dags/example_nested_branch_dag.py
[2026-06-13T17:50:21.383+0000] {logging_mixin.py:190} INFO - [2026-06-13T17:50:21.382+0000] {dag.py:3239} INFO - Sync 1 DAGs
[2026-06-13T17:50:21.451+0000] {logging_mixin.py:190} INFO - [2026-06-13T17:50:21.450+0000] {dag.py:4180} INFO - Setting next_dagrun for example_nested_branch_dag to 2026-06-12 00:00:00+00:00, run_after=2026-06-13 00:00:00+00:00
[2026-06-13T17:50:21.516+0000] {processor.py:208} INFO - Processing /home/airflow/.local/lib/python3.12/site-packages/airflow/example_dags/example_nested_branch_dag.py took 0.266 seconds
[2026-06-13T17:50:52.251+0000] {processor.py:186} INFO - Started process (PID=7345) to work on /home/airflow/.local/lib/python3.12/site-packages/airflow/example_dags/example_nested_branch_dag.py
[2026-06-13T17:50:52.255+0000] {processor.py:914} INFO - Processing file /home/airflow/.local/lib/python3.12/site-packages/airflow/example_dags/example_nested_branch_dag.py for tasks to queue
[2026-06-13T17:50:52.265+0000] {logging_mixin.py:190} INFO - [2026-06-13T17:50:52.263+0000] {dagbag.py:588} INFO - Filling up the DagBag from /home/airflow/.local/lib/python3.12/site-packages/airflow/example_dags/example_nested_branch_dag.py
[2026-06-13T17:50:52.296+0000] {processor.py:925} INFO - DAG(s) 'example_nested_branch_dag' retrieved from /home/airflow/.local/lib/python3.12/site-packages/airflow/example_dags/example_nested_branch_dag.py
[2026-06-13T17:50:52.370+0000] {logging_mixin.py:190} INFO - [2026-06-13T17:50:52.368+0000] {dag.py:3239} INFO - Sync 1 DAGs
[2026-06-13T17:50:52.467+0000] {logging_mixin.py:190} INFO - [2026-06-13T17:50:52.466+0000] {dag.py:4180} INFO - Setting next_dagrun for example_nested_branch_dag to 2026-06-12 00:00:00+00:00, run_after=2026-06-13 00:00:00+00:00
[2026-06-13T17:50:52.544+0000] {processor.py:208} INFO - Processing /home/airflow/.local/lib/python3.12/site-packages/airflow/example_dags/example_nested_branch_dag.py took 0.316 seconds
[2026-06-13T17:51:25.014+0000] {processor.py:186} INFO - Started process (PID=7407) to work on /home/airflow/.local/lib/python3.12/site-packages/airflow/example_dags/example_nested_branch_dag.py
[2026-06-13T17:51:25.018+0000] {processor.py:914} INFO - Processing file /home/airflow/.local/lib/python3.12/site-packages/airflow/example_dags/example_nested_branch_dag.py for tasks to queue
[2026-06-13T17:51:25.026+0000] {logging_mixin.py:190} INFO - [2026-06-13T17:51:25.025+0000] {dagbag.py:588} INFO - Filling up the DagBag from /home/airflow/.local/lib/python3.12/site-packages/airflow/example_dags/example_nested_branch_dag.py
[2026-06-13T17:51:25.075+0000] {processor.py:925} INFO - DAG(s) 'example_nested_branch_dag' retrieved from /home/airflow/.local/lib/python3.12/site-packages/airflow/example_dags/example_nested_branch_dag.py
[2026-06-13T17:51:25.196+0000] {logging_mixin.py:190} INFO - [2026-06-13T17:51:25.194+0000] {dag.py:3239} INFO - Sync 1 DAGs
[2026-06-13T17:51:25.301+0000] {logging_mixin.py:190} INFO - [2026-06-13T17:51:25.300+0000] {dag.py:4180} INFO - Setting next_dagrun for example_nested_branch_dag to 2026-06-12 00:00:00+00:00, run_after=2026-06-13 00:00:00+00:00
[2026-06-13T17:51:25.380+0000] {processor.py:208} INFO - Processing /home/airflow/.local/lib/python3.12/site-packages/airflow/example_dags/example_nested_branch_dag.py took 0.390 seconds
[2026-06-13T17:51:55.516+0000] {processor.py:186} INFO - Started process (PID=7468) to work on /home/airflow/.local/lib/python3.12/site-packages/airflow/example_dags/example_nested_branch_dag.py
[2026-06-13T17:51:55.520+0000] {processor.py:914} INFO - Processing file /home/airflow/.local/lib/python3.12/site-packages/airflow/example_dags/example_nested_branch_dag.py for tasks to queue
[2026-06-13T17:51:55.528+0000] {logging_mixin.py:190} INFO - [2026-06-13T17:51:55.527+0000] {dagbag.py:588} INFO - Filling up the DagBag from /home/airflow/.local/lib/python3.12/site-packages/airflow/example_dags/example_nested_branch_dag.py
[2026-06-13T17:51:55.565+0000] {processor.py:925} INFO - DAG(s) 'example_nested_branch_dag' retrieved from /home/airflow/.local/lib/python3.12/site-packages/airflow/example_dags/example_nested_branch_dag.py
[2026-06-13T17:51:55.643+0000] {logging_mixin.py:190} INFO - [2026-06-13T17:51:55.643+0000] {dag.py:3239} INFO - Sync 1 DAGs
[2026-06-13T17:51:55.730+0000] {logging_mixin.py:190} INFO - [2026-06-13T17:51:55.730+0000] {dag.py:4180} INFO - Setting next_dagrun for example_nested_branch_dag to 2026-06-12 00:00:00+00:00, run_after=2026-06-13 00:00:00+00:00
[2026-06-13T17:51:55.823+0000] {processor.py:208} INFO - Processing /home/airflow/.local/lib/python3.12/site-packages/airflow/example_dags/example_nested_branch_dag.py took 0.323 seconds
[2026-06-13T17:52:26.758+0000] {processor.py:186} INFO - Started process (PID=7531) to work on /home/airflow/.local/lib/python3.12/site-packages/airflow/example_dags/example_nested_branch_dag.py
[2026-06-13T17:52:26.760+0000] {processor.py:914} INFO - Processing file /home/airflow/.local/lib/python3.12/site-packages/airflow/example_dags/example_nested_branch_dag.py for tasks to queue
[2026-06-13T17:52:26.763+0000] {logging_mixin.py:190} INFO - [2026-06-13T17:52:26.763+0000] {dagbag.py:588} INFO - Filling up the DagBag from /home/airflow/.local/lib/python3.12/site-packages/airflow/example_dags/example_nested_branch_dag.py
[2026-06-13T17:52:26.777+0000] {processor.py:925} INFO - DAG(s) 'example_nested_branch_dag' retrieved from /home/airflow/.local/lib/python3.12/site-packages/airflow/example_dags/example_nested_branch_dag.py
[2026-06-13T17:52:26.807+0000] {logging_mixin.py:190} INFO - [2026-06-13T17:52:26.807+0000] {dag.py:3239} INFO - Sync 1 DAGs
[2026-06-13T17:52:26.838+0000] {logging_mixin.py:190} INFO - [2026-06-13T17:52:26.838+0000] {dag.py:4180} INFO - Setting next_dagrun for example_nested_branch_dag to 2026-06-12 00:00:00+00:00, run_after=2026-06-13 00:00:00+00:00
[2026-06-13T17:52:26.866+0000] {processor.py:208} INFO - Processing /home/airflow/.local/lib/python3.12/site-packages/airflow/example_dags/example_nested_branch_dag.py took 0.114 seconds
[2026-06-13T17:52:57.134+0000] {processor.py:186} INFO - Started process (PID=7593) to work on /home/airflow/.local/lib/python3.12/site-packages/airflow/example_dags/example_nested_branch_dag.py
[2026-06-13T17:52:57.135+0000] {processor.py:914} INFO - Processing file /home/airflow/.local/lib/python3.12/site-packages/airflow/example_dags/example_nested_branch_dag.py for tasks to queue
[2026-06-13T17:52:57.138+0000] {logging_mixin.py:190} INFO - [2026-06-13T17:52:57.137+0000] {dagbag.py:588} INFO - Filling up the DagBag from /home/airflow/.local/lib/python3.12/site-packages/airflow/example_dags/example_nested_branch_dag.py
[2026-06-13T17:52:57.148+0000] {processor.py:925} INFO - DAG(s) 'example_nested_branch_dag' retrieved from /home/airflow/.local/lib/python3.12/site-packages/airflow/example_dags/example_nested_branch_dag.py
[2026-06-13T17:52:57.169+0000] {logging_mixin.py:190} INFO - [2026-06-13T17:52:57.169+0000] {dag.py:3239} INFO - Sync 1 DAGs
[2026-06-13T17:52:57.191+0000] {logging_mixin.py:190} INFO - [2026-06-13T17:52:57.191+0000] {dag.py:4180} INFO - Setting next_dagrun for example_nested_branch_dag to 2026-06-12 00:00:00+00:00, run_after=2026-06-13 00:00:00+00:00
[2026-06-13T17:52:57.210+0000] {processor.py:208} INFO - Processing /home/airflow/.local/lib/python3.12/site-packages/airflow/example_dags/example_nested_branch_dag.py took 0.081 seconds
[2026-06-13T17:53:27.700+0000] {processor.py:186} INFO - Started process (PID=7655) to work on /home/airflow/.local/lib/python3.12/site-packages/airflow/example_dags/example_nested_branch_dag.py
[2026-06-13T17:53:27.703+0000] {processor.py:914} INFO - Processing file /home/airflow/.local/lib/python3.12/site-packages/airflow/example_dags/example_nested_branch_dag.py for tasks to queue
[2026-06-13T17:53:27.715+0000] {logging_mixin.py:190} INFO - [2026-06-13T17:53:27.714+0000] {dagbag.py:588} INFO - Filling up the DagBag from /home/airflow/.local/lib/python3.12/site-packages/airflow/example_dags/example_nested_branch_dag.py
[2026-06-13T17:53:27.745+0000] {processor.py:925} INFO - DAG(s) 'example_nested_branch_dag' retrieved from /home/airflow/.local/lib/python3.12/site-packages/airflow/example_dags/example_nested_branch_dag.py
[2026-06-13T17:53:27.817+0000] {logging_mixin.py:190} INFO - [2026-06-13T17:53:27.816+0000] {dag.py:3239} INFO - Sync 1 DAGs
[2026-06-13T17:53:27.888+0000] {logging_mixin.py:190} INFO - [2026-06-13T17:53:27.888+0000] {dag.py:4180} INFO - Setting next_dagrun for example_nested_branch_dag to 2026-06-12 00:00:00+00:00, run_after=2026-06-13 00:00:00+00:00
[2026-06-13T17:53:27.939+0000] {processor.py:208} INFO - Processing /home/airflow/.local/lib/python3.12/site-packages/airflow/example_dags/example_nested_branch_dag.py took 0.251 seconds
[2026-06-13T17:53:58.349+0000] {processor.py:186} INFO - Started process (PID=7716) to work on /home/airflow/.local/lib/python3.12/site-packages/airflow/example_dags/example_nested_branch_dag.py
[2026-06-13T17:53:58.350+0000] {processor.py:914} INFO - Processing file /home/airflow/.local/lib/python3.12/site-packages/airflow/example_dags/example_nested_branch_dag.py for tasks to queue
[2026-06-13T17:53:58.354+0000] {logging_mixin.py:190} INFO - [2026-06-13T17:53:58.353+0000] {dagbag.py:588} INFO - Filling up the DagBag from /home/airflow/.local/lib/python3.12/site-packages/airflow/example_dags/example_nested_branch_dag.py
[2026-06-13T17:53:58.367+0000] {processor.py:925} INFO - DAG(s) 'example_nested_branch_dag' retrieved from /home/airflow/.local/lib/python3.12/site-packages/airflow/example_dags/example_nested_branch_dag.py
[2026-06-13T17:53:58.392+0000] {logging_mixin.py:190} INFO - [2026-06-13T17:53:58.392+0000] {dag.py:3239} INFO - Sync 1 DAGs
[2026-06-13T17:53:58.419+0000] {logging_mixin.py:190} INFO - [2026-06-13T17:53:58.418+0000] {dag.py:4180} INFO - Setting next_dagrun for example_nested_branch_dag to 2026-06-12 00:00:00+00:00, run_after=2026-06-13 00:00:00+00:00
[2026-06-13T17:53:58.448+0000] {processor.py:208} INFO - Processing /home/airflow/.local/lib/python3.12/site-packages/airflow/example_dags/example_nested_branch_dag.py took 0.107 seconds
[2026-06-13T17:54:29.141+0000] {processor.py:186} INFO - Started process (PID=7778) to work on /home/airflow/.local/lib/python3.12/site-packages/airflow/example_dags/example_nested_branch_dag.py
[2026-06-13T17:54:29.143+0000] {processor.py:914} INFO - Processing file /home/airflow/.local/lib/python3.12/site-packages/airflow/example_dags/example_nested_branch_dag.py for tasks to queue
[2026-06-13T17:54:29.145+0000] {logging_mixin.py:190} INFO - [2026-06-13T17:54:29.145+0000] {dagbag.py:588} INFO - Filling up the DagBag from /home/airflow/.local/lib/python3.12/site-packages/airflow/example_dags/example_nested_branch_dag.py
[2026-06-13T17:54:29.157+0000] {processor.py:925} INFO - DAG(s) 'example_nested_branch_dag' retrieved from /home/airflow/.local/lib/python3.12/site-packages/airflow/example_dags/example_nested_branch_dag.py
[2026-06-13T17:54:29.182+0000] {logging_mixin.py:190} INFO - [2026-06-13T17:54:29.181+0000] {dag.py:3239} INFO - Sync 1 DAGs
[2026-06-13T17:54:29.360+0000] {logging_mixin.py:190} INFO - [2026-06-13T17:54:29.359+0000] {dag.py:4180} INFO - Setting next_dagrun for example_nested_branch_dag to 2026-06-12 00:00:00+00:00, run_after=2026-06-13 00:00:00+00:00
[2026-06-13T17:54:29.374+0000] {processor.py:208} INFO - Processing /home/airflow/.local/lib/python3.12/site-packages/airflow/example_dags/example_nested_branch_dag.py took 0.238 seconds
[2026-06-13T17:54:59.671+0000] {processor.py:186} INFO - Started process (PID=7840) to work on /home/airflow/.local/lib/python3.12/site-packages/airflow/example_dags/example_nested_branch_dag.py
[2026-06-13T17:54:59.672+0000] {processor.py:914} INFO - Processing file /home/airflow/.local/lib/python3.12/site-packages/airflow/example_dags/example_nested_branch_dag.py for tasks to queue
[2026-06-13T17:54:59.675+0000] {logging_mixin.py:190} INFO - [2026-06-13T17:54:59.674+0000] {dagbag.py:588} INFO - Filling up the DagBag from /home/airflow/.local/lib/python3.12/site-packages/airflow/example_dags/example_nested_branch_dag.py
[2026-06-13T17:54:59.687+0000] {processor.py:925} INFO - DAG(s) 'example_nested_branch_dag' retrieved from /home/airflow/.local/lib/python3.12/site-packages/airflow/example_dags/example_nested_branch_dag.py
[2026-06-13T17:54:59.711+0000] {logging_mixin.py:190} INFO - [2026-06-13T17:54:59.711+0000] {dag.py:3239} INFO - Sync 1 DAGs
[2026-06-13T17:54:59.732+0000] {logging_mixin.py:190} INFO - [2026-06-13T17:54:59.732+0000] {dag.py:4180} INFO - Setting next_dagrun for example_nested_branch_dag to 2026-06-12 00:00:00+00:00, run_after=2026-06-13 00:00:00+00:00
[2026-06-13T17:54:59.919+0000] {processor.py:208} INFO - Processing /home/airflow/.local/lib/python3.12/site-packages/airflow/example_dags/example_nested_branch_dag.py took 0.254 seconds
[2026-06-13T17:55:30.024+0000] {processor.py:186} INFO - Started process (PID=7902) to work on /home/airflow/.local/lib/python3.12/site-packages/airflow/example_dags/example_nested_branch_dag.py
[2026-06-13T17:55:30.025+0000] {processor.py:914} INFO - Processing file /home/airflow/.local/lib/python3.12/site-packages/airflow/example_dags/example_nested_branch_dag.py for tasks to queue
[2026-06-13T17:55:30.027+0000] {logging_mixin.py:190} INFO - [2026-06-13T17:55:30.027+0000] {dagbag.py:588} INFO - Filling up the DagBag from /home/airflow/.local/lib/python3.12/site-packages/airflow/example_dags/example_nested_branch_dag.py
[2026-06-13T17:55:30.037+0000] {processor.py:925} INFO - DAG(s) 'example_nested_branch_dag' retrieved from /home/airflow/.local/lib/python3.12/site-packages/airflow/example_dags/example_nested_branch_dag.py
[2026-06-13T17:55:30.059+0000] {logging_mixin.py:190} INFO - [2026-06-13T17:55:30.058+0000] {dag.py:3239} INFO - Sync 1 DAGs
[2026-06-13T17:55:30.077+0000] {logging_mixin.py:190} INFO - [2026-06-13T17:55:30.077+0000] {dag.py:4180} INFO - Setting next_dagrun for example_nested_branch_dag to 2026-06-12 00:00:00+00:00, run_after=2026-06-13 00:00:00+00:00
[2026-06-13T17:55:30.100+0000] {processor.py:208} INFO - Processing /home/airflow/.local/lib/python3.12/site-packages/airflow/example_dags/example_nested_branch_dag.py took 0.081 seconds
[2026-06-13T17:56:01.008+0000] {processor.py:186} INFO - Started process (PID=7965) to work on /home/airflow/.local/lib/python3.12/site-packages/airflow/example_dags/example_nested_branch_dag.py
[2026-06-13T17:56:01.009+0000] {processor.py:914} INFO - Processing file /home/airflow/.local/lib/python3.12/site-packages/airflow/example_dags/example_nested_branch_dag.py for tasks to queue
[2026-06-13T17:56:01.012+0000] {logging_mixin.py:190} INFO - [2026-06-13T17:56:01.012+0000] {dagbag.py:588} INFO - Filling up the DagBag from /home/airflow/.local/lib/python3.12/site-packages/airflow/example_dags/example_nested_branch_dag.py
[2026-06-13T17:56:01.023+0000] {processor.py:925} INFO - DAG(s) 'example_nested_branch_dag' retrieved from /home/airflow/.local/lib/python3.12/site-packages/airflow/example_dags/example_nested_branch_dag.py
[2026-06-13T17:56:01.043+0000] {logging_mixin.py:190} INFO - [2026-06-13T17:56:01.043+0000] {dag.py:3239} INFO - Sync 1 DAGs
[2026-06-13T17:56:01.063+0000] {logging_mixin.py:190} INFO - [2026-06-13T17:56:01.063+0000] {dag.py:4180} INFO - Setting next_dagrun for example_nested_branch_dag to 2026-06-12 00:00:00+00:00, run_after=2026-06-13 00:00:00+00:00
[2026-06-13T17:56:01.100+0000] {processor.py:208} INFO - Processing /home/airflow/.local/lib/python3.12/site-packages/airflow/example_dags/example_nested_branch_dag.py took 0.098 seconds
[2026-06-13T17:56:31.832+0000] {processor.py:186} INFO - Started process (PID=8027) to work on /home/airflow/.local/lib/python3.12/site-packages/airflow/example_dags/example_nested_branch_dag.py
[2026-06-13T17:56:31.834+0000] {processor.py:914} INFO - Processing file /home/airflow/.local/lib/python3.12/site-packages/airflow/example_dags/example_nested_branch_dag.py for tasks to queue
[2026-06-13T17:56:31.836+0000] {logging_mixin.py:190} INFO - [2026-06-13T17:56:31.836+0000] {dagbag.py:588} INFO - Filling up the DagBag from /home/airflow/.local/lib/python3.12/site-packages/airflow/example_dags/example_nested_branch_dag.py
[2026-06-13T17:56:31.845+0000] {processor.py:925} INFO - DAG(s) 'example_nested_branch_dag' retrieved from /home/airflow/.local/lib/python3.12/site-packages/airflow/example_dags/example_nested_branch_dag.py
[2026-06-13T17:56:31.863+0000] {logging_mixin.py:190} INFO - [2026-06-13T17:56:31.863+0000] {dag.py:3239} INFO - Sync 1 DAGs
[2026-06-13T17:56:31.883+0000] {logging_mixin.py:190} INFO - [2026-06-13T17:56:31.883+0000] {dag.py:4180} INFO - Setting next_dagrun for example_nested_branch_dag to 2026-06-12 00:00:00+00:00, run_after=2026-06-13 00:00:00+00:00
[2026-06-13T17:56:31.905+0000] {processor.py:208} INFO - Processing /home/airflow/.local/lib/python3.12/site-packages/airflow/example_dags/example_nested_branch_dag.py took 0.078 seconds
[2026-06-13T17:57:02.282+0000] {processor.py:186} INFO - Started process (PID=8089) to work on /home/airflow/.local/lib/python3.12/site-packages/airflow/example_dags/example_nested_branch_dag.py
[2026-06-13T17:57:02.284+0000] {processor.py:914} INFO - Processing file /home/airflow/.local/lib/python3.12/site-packages/airflow/example_dags/example_nested_branch_dag.py for tasks to queue
[2026-06-13T17:57:02.286+0000] {logging_mixin.py:190} INFO - [2026-06-13T17:57:02.285+0000] {dagbag.py:588} INFO - Filling up the DagBag from /home/airflow/.local/lib/python3.12/site-packages/airflow/example_dags/example_nested_branch_dag.py
[2026-06-13T17:57:02.295+0000] {processor.py:925} INFO - DAG(s) 'example_nested_branch_dag' retrieved from /home/airflow/.local/lib/python3.12/site-packages/airflow/example_dags/example_nested_branch_dag.py
[2026-06-13T17:57:02.313+0000] {logging_mixin.py:190} INFO - [2026-06-13T17:57:02.312+0000] {dag.py:3239} INFO - Sync 1 DAGs
[2026-06-13T17:57:02.329+0000] {logging_mixin.py:190} INFO - [2026-06-13T17:57:02.328+0000] {dag.py:4180} INFO - Setting next_dagrun for example_nested_branch_dag to 2026-06-12 00:00:00+00:00, run_after=2026-06-13 00:00:00+00:00
[2026-06-13T17:57:02.356+0000] {processor.py:208} INFO - Processing /home/airflow/.local/lib/python3.12/site-packages/airflow/example_dags/example_nested_branch_dag.py took 0.079 seconds
[2026-06-13T17:57:32.945+0000] {processor.py:186} INFO - Started process (PID=8151) to work on /home/airflow/.local/lib/python3.12/site-packages/airflow/example_dags/example_nested_branch_dag.py
[2026-06-13T17:57:32.947+0000] {processor.py:914} INFO - Processing file /home/airflow/.local/lib/python3.12/site-packages/airflow/example_dags/example_nested_branch_dag.py for tasks to queue
[2026-06-13T17:57:32.949+0000] {logging_mixin.py:190} INFO - [2026-06-13T17:57:32.949+0000] {dagbag.py:588} INFO - Filling up the DagBag from /home/airflow/.local/lib/python3.12/site-packages/airflow/example_dags/example_nested_branch_dag.py
[2026-06-13T17:57:32.959+0000] {processor.py:925} INFO - DAG(s) 'example_nested_branch_dag' retrieved from /home/airflow/.local/lib/python3.12/site-packages/airflow/example_dags/example_nested_branch_dag.py
[2026-06-13T17:57:32.980+0000] {logging_mixin.py:190} INFO - [2026-06-13T17:57:32.980+0000] {dag.py:3239} INFO - Sync 1 DAGs
[2026-06-13T17:57:33.001+0000] {logging_mixin.py:190} INFO - [2026-06-13T17:57:33.001+0000] {dag.py:4180} INFO - Setting next_dagrun for example_nested_branch_dag to 2026-06-12 00:00:00+00:00, run_after=2026-06-13 00:00:00+00:00
[2026-06-13T17:57:33.021+0000] {processor.py:208} INFO - Processing /home/airflow/.local/lib/python3.12/site-packages/airflow/example_dags/example_nested_branch_dag.py took 0.081 seconds
[2026-06-13T17:58:03.929+0000] {processor.py:186} INFO - Started process (PID=8213) to work on /home/airflow/.local/lib/python3.12/site-packages/airflow/example_dags/example_nested_branch_dag.py
[2026-06-13T17:58:03.930+0000] {processor.py:914} INFO - Processing file /home/airflow/.local/lib/python3.12/site-packages/airflow/example_dags/example_nested_branch_dag.py for tasks to queue
[2026-06-13T17:58:03.934+0000] {logging_mixin.py:190} INFO - [2026-06-13T17:58:03.933+0000] {dagbag.py:588} INFO - Filling up the DagBag from /home/airflow/.local/lib/python3.12/site-packages/airflow/example_dags/example_nested_branch_dag.py
[2026-06-13T17:58:03.950+0000] {processor.py:925} INFO - DAG(s) 'example_nested_branch_dag' retrieved from /home/airflow/.local/lib/python3.12/site-packages/airflow/example_dags/example_nested_branch_dag.py
[2026-06-13T17:58:03.976+0000] {logging_mixin.py:190} INFO - [2026-06-13T17:58:03.976+0000] {dag.py:3239} INFO - Sync 1 DAGs
[2026-06-13T17:58:03.999+0000] {logging_mixin.py:190} INFO - [2026-06-13T17:58:03.998+0000] {dag.py:4180} INFO - Setting next_dagrun for example_nested_branch_dag to 2026-06-12 00:00:00+00:00, run_after=2026-06-13 00:00:00+00:00
[2026-06-13T17:58:04.019+0000] {processor.py:208} INFO - Processing /home/airflow/.local/lib/python3.12/site-packages/airflow/example_dags/example_nested_branch_dag.py took 0.097 seconds
[2026-06-13T17:58:34.674+0000] {processor.py:186} INFO - Started process (PID=8275) to work on /home/airflow/.local/lib/python3.12/site-packages/airflow/example_dags/example_nested_branch_dag.py
[2026-06-13T17:58:34.675+0000] {processor.py:914} INFO - Processing file /home/airflow/.local/lib/python3.12/site-packages/airflow/example_dags/example_nested_branch_dag.py for tasks to queue
[2026-06-13T17:58:34.678+0000] {logging_mixin.py:190} INFO - [2026-06-13T17:58:34.678+0000] {dagbag.py:588} INFO - Filling up the DagBag from /home/airflow/.local/lib/python3.12/site-packages/airflow/example_dags/example_nested_branch_dag.py
[2026-06-13T17:58:34.688+0000] {processor.py:925} INFO - DAG(s) 'example_nested_branch_dag' retrieved from /home/airflow/.local/lib/python3.12/site-packages/airflow/example_dags/example_nested_branch_dag.py
[2026-06-13T17:58:34.707+0000] {logging_mixin.py:190} INFO - [2026-06-13T17:58:34.707+0000] {dag.py:3239} INFO - Sync 1 DAGs
[2026-06-13T17:58:34.727+0000] {logging_mixin.py:190} INFO - [2026-06-13T17:58:34.727+0000] {dag.py:4180} INFO - Setting next_dagrun for example_nested_branch_dag to 2026-06-12 00:00:00+00:00, run_after=2026-06-13 00:00:00+00:00
[2026-06-13T17:58:34.744+0000] {processor.py:208} INFO - Processing /home/airflow/.local/lib/python3.12/site-packages/airflow/example_dags/example_nested_branch_dag.py took 0.075 seconds
[2026-06-13T17:59:05.333+0000] {processor.py:186} INFO - Started process (PID=8337) to work on /home/airflow/.local/lib/python3.12/site-packages/airflow/example_dags/example_nested_branch_dag.py
[2026-06-13T17:59:05.334+0000] {processor.py:914} INFO - Processing file /home/airflow/.local/lib/python3.12/site-packages/airflow/example_dags/example_nested_branch_dag.py for tasks to queue
[2026-06-13T17:59:05.337+0000] {logging_mixin.py:190} INFO - [2026-06-13T17:59:05.337+0000] {dagbag.py:588} INFO - Filling up the DagBag from /home/airflow/.local/lib/python3.12/site-packages/airflow/example_dags/example_nested_branch_dag.py
[2026-06-13T17:59:05.348+0000] {processor.py:925} INFO - DAG(s) 'example_nested_branch_dag' retrieved from /home/airflow/.local/lib/python3.12/site-packages/airflow/example_dags/example_nested_branch_dag.py
[2026-06-13T17:59:05.374+0000] {logging_mixin.py:190} INFO - [2026-06-13T17:59:05.374+0000] {dag.py:3239} INFO - Sync 1 DAGs
[2026-06-13T17:59:05.395+0000] {logging_mixin.py:190} INFO - [2026-06-13T17:59:05.395+0000] {dag.py:4180} INFO - Setting next_dagrun for example_nested_branch_dag to 2026-06-12 00:00:00+00:00, run_after=2026-06-13 00:00:00+00:00
[2026-06-13T17:59:05.420+0000] {processor.py:208} INFO - Processing /home/airflow/.local/lib/python3.12/site-packages/airflow/example_dags/example_nested_branch_dag.py took 0.092 seconds
[2026-06-13T17:59:36.104+0000] {processor.py:186} INFO - Started process (PID=8399) to work on /home/airflow/.local/lib/python3.12/site-packages/airflow/example_dags/example_nested_branch_dag.py
[2026-06-13T17:59:36.106+0000] {processor.py:914} INFO - Processing file /home/airflow/.local/lib/python3.12/site-packages/airflow/example_dags/example_nested_branch_dag.py for tasks to queue
[2026-06-13T17:59:36.108+0000] {logging_mixin.py:190} INFO - [2026-06-13T17:59:36.107+0000] {dagbag.py:588} INFO - Filling up the DagBag from /home/airflow/.local/lib/python3.12/site-packages/airflow/example_dags/example_nested_branch_dag.py
[2026-06-13T17:59:36.121+0000] {processor.py:925} INFO - DAG(s) 'example_nested_branch_dag' retrieved from /home/airflow/.local/lib/python3.12/site-packages/airflow/example_dags/example_nested_branch_dag.py
[2026-06-13T17:59:36.143+0000] {logging_mixin.py:190} INFO - [2026-06-13T17:59:36.143+0000] {dag.py:3239} INFO - Sync 1 DAGs
[2026-06-13T17:59:36.166+0000] {logging_mixin.py:190} INFO - [2026-06-13T17:59:36.165+0000] {dag.py:4180} INFO - Setting next_dagrun for example_nested_branch_dag to 2026-06-12 00:00:00+00:00, run_after=2026-06-13 00:00:00+00:00
[2026-06-13T17:59:36.185+0000] {processor.py:208} INFO - Processing /home/airflow/.local/lib/python3.12/site-packages/airflow/example_dags/example_nested_branch_dag.py took 0.085 seconds
[2026-06-13T18:00:06.335+0000] {processor.py:186} INFO - Started process (PID=8461) to work on /home/airflow/.local/lib/python3.12/site-packages/airflow/example_dags/example_nested_branch_dag.py
[2026-06-13T18:00:06.336+0000] {processor.py:914} INFO - Processing file /home/airflow/.local/lib/python3.12/site-packages/airflow/example_dags/example_nested_branch_dag.py for tasks to queue
[2026-06-13T18:00:06.338+0000] {logging_mixin.py:190} INFO - [2026-06-13T18:00:06.338+0000] {dagbag.py:588} INFO - Filling up the DagBag from /home/airflow/.local/lib/python3.12/site-packages/airflow/example_dags/example_nested_branch_dag.py
[2026-06-13T18:00:06.348+0000] {processor.py:925} INFO - DAG(s) 'example_nested_branch_dag' retrieved from /home/airflow/.local/lib/python3.12/site-packages/airflow/example_dags/example_nested_branch_dag.py
[2026-06-13T18:00:06.368+0000] {logging_mixin.py:190} INFO - [2026-06-13T18:00:06.368+0000] {dag.py:3239} INFO - Sync 1 DAGs
[2026-06-13T18:00:06.388+0000] {logging_mixin.py:190} INFO - [2026-06-13T18:00:06.388+0000] {dag.py:4180} INFO - Setting next_dagrun for example_nested_branch_dag to 2026-06-12 00:00:00+00:00, run_after=2026-06-13 00:00:00+00:00
[2026-06-13T18:00:06.407+0000] {processor.py:208} INFO - Processing /home/airflow/.local/lib/python3.12/site-packages/airflow/example_dags/example_nested_branch_dag.py took 0.077 seconds
[2026-06-13T18:00:36.746+0000] {processor.py:186} INFO - Started process (PID=8524) to work on /home/airflow/.local/lib/python3.12/site-packages/airflow/example_dags/example_nested_branch_dag.py
[2026-06-13T18:00:36.748+0000] {processor.py:914} INFO - Processing file /home/airflow/.local/lib/python3.12/site-packages/airflow/example_dags/example_nested_branch_dag.py for tasks to queue
[2026-06-13T18:00:36.750+0000] {logging_mixin.py:190} INFO - [2026-06-13T18:00:36.750+0000] {dagbag.py:588} INFO - Filling up the DagBag from /home/airflow/.local/lib/python3.12/site-packages/airflow/example_dags/example_nested_branch_dag.py
[2026-06-13T18:00:36.760+0000] {processor.py:925} INFO - DAG(s) 'example_nested_branch_dag' retrieved from /home/airflow/.local/lib/python3.12/site-packages/airflow/example_dags/example_nested_branch_dag.py
[2026-06-13T18:00:36.778+0000] {logging_mixin.py:190} INFO - [2026-06-13T18:00:36.778+0000] {dag.py:3239} INFO - Sync 1 DAGs
[2026-06-13T18:00:36.798+0000] {logging_mixin.py:190} INFO - [2026-06-13T18:00:36.798+0000] {dag.py:4180} INFO - Setting next_dagrun for example_nested_branch_dag to 2026-06-12 00:00:00+00:00, run_after=2026-06-13 00:00:00+00:00
[2026-06-13T18:00:36.815+0000] {processor.py:208} INFO - Processing /home/airflow/.local/lib/python3.12/site-packages/airflow/example_dags/example_nested_branch_dag.py took 0.075 seconds
[2026-06-13T18:01:07.154+0000] {processor.py:186} INFO - Started process (PID=8586) to work on /home/airflow/.local/lib/python3.12/site-packages/airflow/example_dags/example_nested_branch_dag.py
[2026-06-13T18:01:07.155+0000] {processor.py:914} INFO - Processing file /home/airflow/.local/lib/python3.12/site-packages/airflow/example_dags/example_nested_branch_dag.py for tasks to queue
[2026-06-13T18:01:07.157+0000] {logging_mixin.py:190} INFO - [2026-06-13T18:01:07.157+0000] {dagbag.py:588} INFO - Filling up the DagBag from /home/airflow/.local/lib/python3.12/site-packages/airflow/example_dags/example_nested_branch_dag.py
[2026-06-13T18:01:07.167+0000] {processor.py:925} INFO - DAG(s) 'example_nested_branch_dag' retrieved from /home/airflow/.local/lib/python3.12/site-packages/airflow/example_dags/example_nested_branch_dag.py
[2026-06-13T18:01:07.187+0000] {logging_mixin.py:190} INFO - [2026-06-13T18:01:07.187+0000] {dag.py:3239} INFO - Sync 1 DAGs
[2026-06-13T18:01:07.209+0000] {logging_mixin.py:190} INFO - [2026-06-13T18:01:07.209+0000] {dag.py:4180} INFO - Setting next_dagrun for example_nested_branch_dag to 2026-06-12 00:00:00+00:00, run_after=2026-06-13 00:00:00+00:00
[2026-06-13T18:01:07.229+0000] {processor.py:208} INFO - Processing /home/airflow/.local/lib/python3.12/site-packages/airflow/example_dags/example_nested_branch_dag.py took 0.080 seconds
[2026-06-13T18:01:37.882+0000] {processor.py:186} INFO - Started process (PID=8648) to work on /home/airflow/.local/lib/python3.12/site-packages/airflow/example_dags/example_nested_branch_dag.py
[2026-06-13T18:01:37.884+0000] {processor.py:914} INFO - Processing file /home/airflow/.local/lib/python3.12/site-packages/airflow/example_dags/example_nested_branch_dag.py for tasks to queue
[2026-06-13T18:01:37.886+0000] {logging_mixin.py:190} INFO - [2026-06-13T18:01:37.886+0000] {dagbag.py:588} INFO - Filling up the DagBag from /home/airflow/.local/lib/python3.12/site-packages/airflow/example_dags/example_nested_branch_dag.py
[2026-06-13T18:01:37.896+0000] {processor.py:925} INFO - DAG(s) 'example_nested_branch_dag' retrieved from /home/airflow/.local/lib/python3.12/site-packages/airflow/example_dags/example_nested_branch_dag.py
[2026-06-13T18:01:37.917+0000] {logging_mixin.py:190} INFO - [2026-06-13T18:01:37.917+0000] {dag.py:3239} INFO - Sync 1 DAGs
[2026-06-13T18:01:37.938+0000] {logging_mixin.py:190} INFO - [2026-06-13T18:01:37.938+0000] {dag.py:4180} INFO - Setting next_dagrun for example_nested_branch_dag to 2026-06-12 00:00:00+00:00, run_after=2026-06-13 00:00:00+00:00
[2026-06-13T18:01:37.956+0000] {processor.py:208} INFO - Processing /home/airflow/.local/lib/python3.12/site-packages/airflow/example_dags/example_nested_branch_dag.py took 0.079 seconds
[2026-06-13T18:02:08.530+0000] {processor.py:186} INFO - Started process (PID=8710) to work on /home/airflow/.local/lib/python3.12/site-packages/airflow/example_dags/example_nested_branch_dag.py
[2026-06-13T18:02:08.531+0000] {processor.py:914} INFO - Processing file /home/airflow/.local/lib/python3.12/site-packages/airflow/example_dags/example_nested_branch_dag.py for tasks to queue
[2026-06-13T18:02:08.533+0000] {logging_mixin.py:190} INFO - [2026-06-13T18:02:08.533+0000] {dagbag.py:588} INFO - Filling up the DagBag from /home/airflow/.local/lib/python3.12/site-packages/airflow/example_dags/example_nested_branch_dag.py
[2026-06-13T18:02:08.545+0000] {processor.py:925} INFO - DAG(s) 'example_nested_branch_dag' retrieved from /home/airflow/.local/lib/python3.12/site-packages/airflow/example_dags/example_nested_branch_dag.py
[2026-06-13T18:02:08.577+0000] {logging_mixin.py:190} INFO - [2026-06-13T18:02:08.577+0000] {dag.py:3239} INFO - Sync 1 DAGs
[2026-06-13T18:02:08.607+0000] {logging_mixin.py:190} INFO - [2026-06-13T18:02:08.606+0000] {dag.py:4180} INFO - Setting next_dagrun for example_nested_branch_dag to 2026-06-12 00:00:00+00:00, run_after=2026-06-13 00:00:00+00:00
[2026-06-13T18:02:08.631+0000] {processor.py:208} INFO - Processing /home/airflow/.local/lib/python3.12/site-packages/airflow/example_dags/example_nested_branch_dag.py took 0.106 seconds
[2026-06-13T18:02:38.984+0000] {processor.py:186} INFO - Started process (PID=8772) to work on /home/airflow/.local/lib/python3.12/site-packages/airflow/example_dags/example_nested_branch_dag.py
[2026-06-13T18:02:38.985+0000] {processor.py:914} INFO - Processing file /home/airflow/.local/lib/python3.12/site-packages/airflow/example_dags/example_nested_branch_dag.py for tasks to queue
[2026-06-13T18:02:38.987+0000] {logging_mixin.py:190} INFO - [2026-06-13T18:02:38.987+0000] {dagbag.py:588} INFO - Filling up the DagBag from /home/airflow/.local/lib/python3.12/site-packages/airflow/example_dags/example_nested_branch_dag.py
[2026-06-13T18:02:39.000+0000] {processor.py:925} INFO - DAG(s) 'example_nested_branch_dag' retrieved from /home/airflow/.local/lib/python3.12/site-packages/airflow/example_dags/example_nested_branch_dag.py
[2026-06-13T18:02:39.019+0000] {logging_mixin.py:190} INFO - [2026-06-13T18:02:39.019+0000] {dag.py:3239} INFO - Sync 1 DAGs
[2026-06-13T18:02:39.036+0000] {logging_mixin.py:190} INFO - [2026-06-13T18:02:39.036+0000] {dag.py:4180} INFO - Setting next_dagrun for example_nested_branch_dag to 2026-06-12 00:00:00+00:00, run_after=2026-06-13 00:00:00+00:00
[2026-06-13T18:02:39.054+0000] {processor.py:208} INFO - Processing /home/airflow/.local/lib/python3.12/site-packages/airflow/example_dags/example_nested_branch_dag.py took 0.076 seconds
[2026-06-13T18:03:09.285+0000] {processor.py:186} INFO - Started process (PID=8833) to work on /home/airflow/.local/lib/python3.12/site-packages/airflow/example_dags/example_nested_branch_dag.py
[2026-06-13T18:03:09.287+0000] {processor.py:914} INFO - Processing file /home/airflow/.local/lib/python3.12/site-packages/airflow/example_dags/example_nested_branch_dag.py for tasks to queue
[2026-06-13T18:03:09.291+0000] {logging_mixin.py:190} INFO - [2026-06-13T18:03:09.290+0000] {dagbag.py:588} INFO - Filling up the DagBag from /home/airflow/.local/lib/python3.12/site-packages/airflow/example_dags/example_nested_branch_dag.py
[2026-06-13T18:03:09.309+0000] {processor.py:925} INFO - DAG(s) 'example_nested_branch_dag' retrieved from /home/airflow/.local/lib/python3.12/site-packages/airflow/example_dags/example_nested_branch_dag.py
[2026-06-13T18:03:09.341+0000] {logging_mixin.py:190} INFO - [2026-06-13T18:03:09.341+0000] {dag.py:3239} INFO - Sync 1 DAGs
[2026-06-13T18:03:09.386+0000] {logging_mixin.py:190} INFO - [2026-06-13T18:03:09.385+0000] {dag.py:4180} INFO - Setting next_dagrun for example_nested_branch_dag to 2026-06-12 00:00:00+00:00, run_after=2026-06-13 00:00:00+00:00
[2026-06-13T18:03:09.419+0000] {processor.py:208} INFO - Processing /home/airflow/.local/lib/python3.12/site-packages/airflow/example_dags/example_nested_branch_dag.py took 0.143 seconds
[2026-06-13T18:03:40.298+0000] {processor.py:186} INFO - Started process (PID=8895) to work on /home/airflow/.local/lib/python3.12/site-packages/airflow/example_dags/example_nested_branch_dag.py
[2026-06-13T18:03:40.300+0000] {processor.py:914} INFO - Processing file /home/airflow/.local/lib/python3.12/site-packages/airflow/example_dags/example_nested_branch_dag.py for tasks to queue
[2026-06-13T18:03:40.303+0000] {logging_mixin.py:190} INFO - [2026-06-13T18:03:40.302+0000] {dagbag.py:588} INFO - Filling up the DagBag from /home/airflow/.local/lib/python3.12/site-packages/airflow/example_dags/example_nested_branch_dag.py
[2026-06-13T18:03:40.316+0000] {processor.py:925} INFO - DAG(s) 'example_nested_branch_dag' retrieved from /home/airflow/.local/lib/python3.12/site-packages/airflow/example_dags/example_nested_branch_dag.py
[2026-06-13T18:03:40.341+0000] {logging_mixin.py:190} INFO - [2026-06-13T18:03:40.341+0000] {dag.py:3239} INFO - Sync 1 DAGs
[2026-06-13T18:03:40.365+0000] {logging_mixin.py:190} INFO - [2026-06-13T18:03:40.364+0000] {dag.py:4180} INFO - Setting next_dagrun for example_nested_branch_dag to 2026-06-12 00:00:00+00:00, run_after=2026-06-13 00:00:00+00:00
[2026-06-13T18:03:40.386+0000] {processor.py:208} INFO - Processing /home/airflow/.local/lib/python3.12/site-packages/airflow/example_dags/example_nested_branch_dag.py took 0.092 seconds
[2026-06-13T18:04:10.785+0000] {processor.py:186} INFO - Started process (PID=8957) to work on /home/airflow/.local/lib/python3.12/site-packages/airflow/example_dags/example_nested_branch_dag.py
[2026-06-13T18:04:10.787+0000] {processor.py:914} INFO - Processing file /home/airflow/.local/lib/python3.12/site-packages/airflow/example_dags/example_nested_branch_dag.py for tasks to queue
[2026-06-13T18:04:10.790+0000] {logging_mixin.py:190} INFO - [2026-06-13T18:04:10.789+0000] {dagbag.py:588} INFO - Filling up the DagBag from /home/airflow/.local/lib/python3.12/site-packages/airflow/example_dags/example_nested_branch_dag.py
[2026-06-13T18:04:10.803+0000] {processor.py:925} INFO - DAG(s) 'example_nested_branch_dag' retrieved from /home/airflow/.local/lib/python3.12/site-packages/airflow/example_dags/example_nested_branch_dag.py
[2026-06-13T18:04:10.829+0000] {logging_mixin.py:190} INFO - [2026-06-13T18:04:10.829+0000] {dag.py:3239} INFO - Sync 1 DAGs
[2026-06-13T18:04:10.855+0000] {logging_mixin.py:190} INFO - [2026-06-13T18:04:10.855+0000] {dag.py:4180} INFO - Setting next_dagrun for example_nested_branch_dag to 2026-06-12 00:00:00+00:00, run_after=2026-06-13 00:00:00+00:00
[2026-06-13T18:04:10.882+0000] {processor.py:208} INFO - Processing /home/airflow/.local/lib/python3.12/site-packages/airflow/example_dags/example_nested_branch_dag.py took 0.103 seconds
[2026-06-13T18:04:41.363+0000] {processor.py:186} INFO - Started process (PID=9019) to work on /home/airflow/.local/lib/python3.12/site-packages/airflow/example_dags/example_nested_branch_dag.py
[2026-06-13T18:04:41.365+0000] {processor.py:914} INFO - Processing file /home/airflow/.local/lib/python3.12/site-packages/airflow/example_dags/example_nested_branch_dag.py for tasks to queue
[2026-06-13T18:04:41.368+0000] {logging_mixin.py:190} INFO - [2026-06-13T18:04:41.367+0000] {dagbag.py:588} INFO - Filling up the DagBag from /home/airflow/.local/lib/python3.12/site-packages/airflow/example_dags/example_nested_branch_dag.py
[2026-06-13T18:04:41.382+0000] {processor.py:925} INFO - DAG(s) 'example_nested_branch_dag' retrieved from /home/airflow/.local/lib/python3.12/site-packages/airflow/example_dags/example_nested_branch_dag.py
[2026-06-13T18:04:41.410+0000] {logging_mixin.py:190} INFO - [2026-06-13T18:04:41.409+0000] {dag.py:3239} INFO - Sync 1 DAGs
[2026-06-13T18:04:41.438+0000] {logging_mixin.py:190} INFO - [2026-06-13T18:04:41.437+0000] {dag.py:4180} INFO - Setting next_dagrun for example_nested_branch_dag to 2026-06-12 00:00:00+00:00, run_after=2026-06-13 00:00:00+00:00
[2026-06-13T18:04:41.464+0000] {processor.py:208} INFO - Processing /home/airflow/.local/lib/python3.12/site-packages/airflow/example_dags/example_nested_branch_dag.py took 0.108 seconds
[2026-06-13T18:05:11.636+0000] {processor.py:186} INFO - Started process (PID=9081) to work on /home/airflow/.local/lib/python3.12/site-packages/airflow/example_dags/example_nested_branch_dag.py
[2026-06-13T18:05:11.637+0000] {processor.py:914} INFO - Processing file /home/airflow/.local/lib/python3.12/site-packages/airflow/example_dags/example_nested_branch_dag.py for tasks to queue
[2026-06-13T18:05:11.640+0000] {logging_mixin.py:190} INFO - [2026-06-13T18:05:11.640+0000] {dagbag.py:588} INFO - Filling up the DagBag from /home/airflow/.local/lib/python3.12/site-packages/airflow/example_dags/example_nested_branch_dag.py
[2026-06-13T18:05:11.651+0000] {processor.py:925} INFO - DAG(s) 'example_nested_branch_dag' retrieved from /home/airflow/.local/lib/python3.12/site-packages/airflow/example_dags/example_nested_branch_dag.py
[2026-06-13T18:05:11.677+0000] {logging_mixin.py:190} INFO - [2026-06-13T18:05:11.677+0000] {dag.py:3239} INFO - Sync 1 DAGs
[2026-06-13T18:05:11.703+0000] {logging_mixin.py:190} INFO - [2026-06-13T18:05:11.703+0000] {dag.py:4180} INFO - Setting next_dagrun for example_nested_branch_dag to 2026-06-12 00:00:00+00:00, run_after=2026-06-13 00:00:00+00:00
[2026-06-13T18:05:11.726+0000] {processor.py:208} INFO - Processing /home/airflow/.local/lib/python3.12/site-packages/airflow/example_dags/example_nested_branch_dag.py took 0.097 seconds
[2026-06-13T18:05:41.854+0000] {processor.py:186} INFO - Started process (PID=9143) to work on /home/airflow/.local/lib/python3.12/site-packages/airflow/example_dags/example_nested_branch_dag.py
[2026-06-13T18:05:41.856+0000] {processor.py:914} INFO - Processing file /home/airflow/.local/lib/python3.12/site-packages/airflow/example_dags/example_nested_branch_dag.py for tasks to queue
[2026-06-13T18:05:41.859+0000] {logging_mixin.py:190} INFO - [2026-06-13T18:05:41.859+0000] {dagbag.py:588} INFO - Filling up the DagBag from /home/airflow/.local/lib/python3.12/site-packages/airflow/example_dags/example_nested_branch_dag.py
[2026-06-13T18:05:41.869+0000] {processor.py:925} INFO - DAG(s) 'example_nested_branch_dag' retrieved from /home/airflow/.local/lib/python3.12/site-packages/airflow/example_dags/example_nested_branch_dag.py
[2026-06-13T18:05:41.888+0000] {logging_mixin.py:190} INFO - [2026-06-13T18:05:41.888+0000] {dag.py:3239} INFO - Sync 1 DAGs
[2026-06-13T18:05:41.907+0000] {logging_mixin.py:190} INFO - [2026-06-13T18:05:41.906+0000] {dag.py:4180} INFO - Setting next_dagrun for example_nested_branch_dag to 2026-06-12 00:00:00+00:00, run_after=2026-06-13 00:00:00+00:00
[2026-06-13T18:05:41.923+0000] {processor.py:208} INFO - Processing /home/airflow/.local/lib/python3.12/site-packages/airflow/example_dags/example_nested_branch_dag.py took 0.074 seconds
[2026-06-13T18:06:12.256+0000] {processor.py:186} INFO - Started process (PID=9206) to work on /home/airflow/.local/lib/python3.12/site-packages/airflow/example_dags/example_nested_branch_dag.py
[2026-06-13T18:06:12.257+0000] {processor.py:914} INFO - Processing file /home/airflow/.local/lib/python3.12/site-packages/airflow/example_dags/example_nested_branch_dag.py for tasks to queue
[2026-06-13T18:06:12.260+0000] {logging_mixin.py:190} INFO - [2026-06-13T18:06:12.260+0000] {dagbag.py:588} INFO - Filling up the DagBag from /home/airflow/.local/lib/python3.12/site-packages/airflow/example_dags/example_nested_branch_dag.py
[2026-06-13T18:06:12.269+0000] {processor.py:925} INFO - DAG(s) 'example_nested_branch_dag' retrieved from /home/airflow/.local/lib/python3.12/site-packages/airflow/example_dags/example_nested_branch_dag.py
[2026-06-13T18:06:12.292+0000] {logging_mixin.py:190} INFO - [2026-06-13T18:06:12.292+0000] {dag.py:3239} INFO - Sync 1 DAGs
[2026-06-13T18:06:12.313+0000] {logging_mixin.py:190} INFO - [2026-06-13T18:06:12.313+0000] {dag.py:4180} INFO - Setting next_dagrun for example_nested_branch_dag to 2026-06-12 00:00:00+00:00, run_after=2026-06-13 00:00:00+00:00
[2026-06-13T18:06:12.333+0000] {processor.py:208} INFO - Processing /home/airflow/.local/lib/python3.12/site-packages/airflow/example_dags/example_nested_branch_dag.py took 0.082 seconds
[2026-06-13T18:06:42.687+0000] {processor.py:186} INFO - Started process (PID=9268) to work on /home/airflow/.local/lib/python3.12/site-packages/airflow/example_dags/example_nested_branch_dag.py
[2026-06-13T18:06:42.689+0000] {processor.py:914} INFO - Processing file /home/airflow/.local/lib/python3.12/site-packages/airflow/example_dags/example_nested_branch_dag.py for tasks to queue
[2026-06-13T18:06:42.691+0000] {logging_mixin.py:190} INFO - [2026-06-13T18:06:42.691+0000] {dagbag.py:588} INFO - Filling up the DagBag from /home/airflow/.local/lib/python3.12/site-packages/airflow/example_dags/example_nested_branch_dag.py
[2026-06-13T18:06:42.701+0000] {processor.py:925} INFO - DAG(s) 'example_nested_branch_dag' retrieved from /home/airflow/.local/lib/python3.12/site-packages/airflow/example_dags/example_nested_branch_dag.py
[2026-06-13T18:06:42.723+0000] {logging_mixin.py:190} INFO - [2026-06-13T18:06:42.723+0000] {dag.py:3239} INFO - Sync 1 DAGs
[2026-06-13T18:06:42.749+0000] {logging_mixin.py:190} INFO - [2026-06-13T18:06:42.748+0000] {dag.py:4180} INFO - Setting next_dagrun for example_nested_branch_dag to 2026-06-12 00:00:00+00:00, run_after=2026-06-13 00:00:00+00:00
[2026-06-13T18:06:42.774+0000] {processor.py:208} INFO - Processing /home/airflow/.local/lib/python3.12/site-packages/airflow/example_dags/example_nested_branch_dag.py took 0.091 seconds
[2026-06-13T18:07:12.965+0000] {processor.py:186} INFO - Started process (PID=9330) to work on /home/airflow/.local/lib/python3.12/site-packages/airflow/example_dags/example_nested_branch_dag.py
[2026-06-13T18:07:12.967+0000] {processor.py:914} INFO - Processing file /home/airflow/.local/lib/python3.12/site-packages/airflow/example_dags/example_nested_branch_dag.py for tasks to queue
[2026-06-13T18:07:12.970+0000] {logging_mixin.py:190} INFO - [2026-06-13T18:07:12.969+0000] {dagbag.py:588} INFO - Filling up the DagBag from /home/airflow/.local/lib/python3.12/site-packages/airflow/example_dags/example_nested_branch_dag.py
[2026-06-13T18:07:12.979+0000] {processor.py:925} INFO - DAG(s) 'example_nested_branch_dag' retrieved from /home/airflow/.local/lib/python3.12/site-packages/airflow/example_dags/example_nested_branch_dag.py
[2026-06-13T18:07:13.004+0000] {logging_mixin.py:190} INFO - [2026-06-13T18:07:13.004+0000] {dag.py:3239} INFO - Sync 1 DAGs
[2026-06-13T18:07:13.028+0000] {logging_mixin.py:190} INFO - [2026-06-13T18:07:13.028+0000] {dag.py:4180} INFO - Setting next_dagrun for example_nested_branch_dag to 2026-06-12 00:00:00+00:00, run_after=2026-06-13 00:00:00+00:00
[2026-06-13T18:07:13.050+0000] {processor.py:208} INFO - Processing /home/airflow/.local/lib/python3.12/site-packages/airflow/example_dags/example_nested_branch_dag.py took 0.092 seconds
[2026-06-13T18:07:43.211+0000] {processor.py:186} INFO - Started process (PID=9392) to work on /home/airflow/.local/lib/python3.12/site-packages/airflow/example_dags/example_nested_branch_dag.py
[2026-06-13T18:07:43.212+0000] {processor.py:914} INFO - Processing file /home/airflow/.local/lib/python3.12/site-packages/airflow/example_dags/example_nested_branch_dag.py for tasks to queue
[2026-06-13T18:07:43.214+0000] {logging_mixin.py:190} INFO - [2026-06-13T18:07:43.214+0000] {dagbag.py:588} INFO - Filling up the DagBag from /home/airflow/.local/lib/python3.12/site-packages/airflow/example_dags/example_nested_branch_dag.py
[2026-06-13T18:07:43.223+0000] {processor.py:925} INFO - DAG(s) 'example_nested_branch_dag' retrieved from /home/airflow/.local/lib/python3.12/site-packages/airflow/example_dags/example_nested_branch_dag.py
[2026-06-13T18:07:43.242+0000] {logging_mixin.py:190} INFO - [2026-06-13T18:07:43.242+0000] {dag.py:3239} INFO - Sync 1 DAGs
[2026-06-13T18:07:43.263+0000] {logging_mixin.py:190} INFO - [2026-06-13T18:07:43.263+0000] {dag.py:4180} INFO - Setting next_dagrun for example_nested_branch_dag to 2026-06-12 00:00:00+00:00, run_after=2026-06-13 00:00:00+00:00
[2026-06-13T18:07:43.285+0000] {processor.py:208} INFO - Processing /home/airflow/.local/lib/python3.12/site-packages/airflow/example_dags/example_nested_branch_dag.py took 0.079 seconds
[2026-06-13T18:08:13.837+0000] {processor.py:186} INFO - Started process (PID=9460) to work on /home/airflow/.local/lib/python3.12/site-packages/airflow/example_dags/example_nested_branch_dag.py
[2026-06-13T18:08:13.838+0000] {processor.py:914} INFO - Processing file /home/airflow/.local/lib/python3.12/site-packages/airflow/example_dags/example_nested_branch_dag.py for tasks to queue
[2026-06-13T18:08:13.840+0000] {logging_mixin.py:190} INFO - [2026-06-13T18:08:13.839+0000] {dagbag.py:588} INFO - Filling up the DagBag from /home/airflow/.local/lib/python3.12/site-packages/airflow/example_dags/example_nested_branch_dag.py
[2026-06-13T18:08:13.849+0000] {processor.py:925} INFO - DAG(s) 'example_nested_branch_dag' retrieved from /home/airflow/.local/lib/python3.12/site-packages/airflow/example_dags/example_nested_branch_dag.py
[2026-06-13T18:08:13.870+0000] {logging_mixin.py:190} INFO - [2026-06-13T18:08:13.870+0000] {dag.py:3239} INFO - Sync 1 DAGs
[2026-06-13T18:08:13.892+0000] {logging_mixin.py:190} INFO - [2026-06-13T18:08:13.892+0000] {dag.py:4180} INFO - Setting next_dagrun for example_nested_branch_dag to 2026-06-12 00:00:00+00:00, run_after=2026-06-13 00:00:00+00:00
[2026-06-13T18:08:13.914+0000] {processor.py:208} INFO - Processing /home/airflow/.local/lib/python3.12/site-packages/airflow/example_dags/example_nested_branch_dag.py took 0.081 seconds
