[2026-06-13T16:50:39.003+0000] {processor.py:186} INFO - Started process (PID=97) to work on /home/airflow/.local/lib/python3.12/site-packages/airflow/example_dags/example_display_name.py
[2026-06-13T16:50:39.005+0000] {processor.py:914} INFO - Processing file /home/airflow/.local/lib/python3.12/site-packages/airflow/example_dags/example_display_name.py for tasks to queue
[2026-06-13T16:50:39.009+0000] {logging_mixin.py:190} INFO - [2026-06-13T16:50:39.008+0000] {dagbag.py:588} INFO - Filling up the DagBag from /home/airflow/.local/lib/python3.12/site-packages/airflow/example_dags/example_display_name.py
[2026-06-13T16:50:39.020+0000] {processor.py:925} INFO - DAG(s) 'example_display_name' retrieved from /home/airflow/.local/lib/python3.12/site-packages/airflow/example_dags/example_display_name.py
[2026-06-13T16:50:39.159+0000] {logging_mixin.py:190} INFO - [2026-06-13T16:50:39.158+0000] {override.py:1900} INFO - Created Permission View: can edit on DAG:example_display_name
[2026-06-13T16:50:39.181+0000] {logging_mixin.py:190} INFO - [2026-06-13T16:50:39.180+0000] {override.py:1900} INFO - Created Permission View: can read on DAG:example_display_name
[2026-06-13T16:50:39.202+0000] {logging_mixin.py:190} INFO - [2026-06-13T16:50:39.202+0000] {override.py:1900} INFO - Created Permission View: can delete on DAG:example_display_name
[2026-06-13T16:50:39.224+0000] {logging_mixin.py:190} INFO - [2026-06-13T16:50:39.224+0000] {override.py:1900} INFO - Created Permission View: can read on DAG Run:example_display_name
[2026-06-13T16:50:39.235+0000] {logging_mixin.py:190} INFO - [2026-06-13T16:50:39.234+0000] {override.py:1900} INFO - Created Permission View: can create on DAG Run:example_display_name
[2026-06-13T16:50:39.246+0000] {logging_mixin.py:190} INFO - [2026-06-13T16:50:39.245+0000] {override.py:1900} INFO - Created Permission View: menu access on DAG Run:example_display_name
[2026-06-13T16:50:39.257+0000] {logging_mixin.py:190} INFO - [2026-06-13T16:50:39.256+0000] {override.py:1900} INFO - Created Permission View: can delete on DAG Run:example_display_name
[2026-06-13T16:50:39.258+0000] {logging_mixin.py:190} INFO - [2026-06-13T16:50:39.258+0000] {dag.py:3239} INFO - Sync 1 DAGs
[2026-06-13T16:50:39.278+0000] {logging_mixin.py:190} INFO - [2026-06-13T16:50:39.277+0000] {dag.py:3262} INFO - Creating ORM DAG for example_display_name
[2026-06-13T16:50:39.279+0000] {logging_mixin.py:190} INFO - [2026-06-13T16:50:39.279+0000] {dag.py:4180} INFO - Setting next_dagrun for example_display_name to None, run_after=None
[2026-06-13T16:50:39.305+0000] {processor.py:208} INFO - Processing /home/airflow/.local/lib/python3.12/site-packages/airflow/example_dags/example_display_name.py took 0.309 seconds
[2026-06-13T16:51:09.503+0000] {processor.py:186} INFO - Started process (PID=159) to work on /home/airflow/.local/lib/python3.12/site-packages/airflow/example_dags/example_display_name.py
[2026-06-13T16:51:09.505+0000] {processor.py:914} INFO - Processing file /home/airflow/.local/lib/python3.12/site-packages/airflow/example_dags/example_display_name.py for tasks to queue
[2026-06-13T16:51:09.508+0000] {logging_mixin.py:190} INFO - [2026-06-13T16:51:09.508+0000] {dagbag.py:588} INFO - Filling up the DagBag from /home/airflow/.local/lib/python3.12/site-packages/airflow/example_dags/example_display_name.py
[2026-06-13T16:51:09.518+0000] {processor.py:925} INFO - DAG(s) 'example_display_name' retrieved from /home/airflow/.local/lib/python3.12/site-packages/airflow/example_dags/example_display_name.py
[2026-06-13T16:51:09.541+0000] {logging_mixin.py:190} INFO - [2026-06-13T16:51:09.541+0000] {dag.py:3239} INFO - Sync 1 DAGs
[2026-06-13T16:51:09.559+0000] {logging_mixin.py:190} INFO - [2026-06-13T16:51:09.559+0000] {dag.py:4180} INFO - Setting next_dagrun for example_display_name to None, run_after=None
[2026-06-13T16:51:09.579+0000] {processor.py:208} INFO - Processing /home/airflow/.local/lib/python3.12/site-packages/airflow/example_dags/example_display_name.py took 0.083 seconds
[2026-06-13T16:51:39.840+0000] {processor.py:186} INFO - Started process (PID=221) to work on /home/airflow/.local/lib/python3.12/site-packages/airflow/example_dags/example_display_name.py
[2026-06-13T16:51:39.841+0000] {processor.py:914} INFO - Processing file /home/airflow/.local/lib/python3.12/site-packages/airflow/example_dags/example_display_name.py for tasks to queue
[2026-06-13T16:51:39.845+0000] {logging_mixin.py:190} INFO - [2026-06-13T16:51:39.844+0000] {dagbag.py:588} INFO - Filling up the DagBag from /home/airflow/.local/lib/python3.12/site-packages/airflow/example_dags/example_display_name.py
[2026-06-13T16:51:39.854+0000] {processor.py:925} INFO - DAG(s) 'example_display_name' retrieved from /home/airflow/.local/lib/python3.12/site-packages/airflow/example_dags/example_display_name.py
[2026-06-13T16:51:39.880+0000] {logging_mixin.py:190} INFO - [2026-06-13T16:51:39.880+0000] {dag.py:3239} INFO - Sync 1 DAGs
[2026-06-13T16:51:39.895+0000] {logging_mixin.py:190} INFO - [2026-06-13T16:51:39.895+0000] {dag.py:4180} INFO - Setting next_dagrun for example_display_name to None, run_after=None
[2026-06-13T16:51:39.917+0000] {processor.py:208} INFO - Processing /home/airflow/.local/lib/python3.12/site-packages/airflow/example_dags/example_display_name.py took 0.086 seconds
[2026-06-13T16:52:10.468+0000] {processor.py:186} INFO - Started process (PID=283) to work on /home/airflow/.local/lib/python3.12/site-packages/airflow/example_dags/example_display_name.py
[2026-06-13T16:52:10.469+0000] {processor.py:914} INFO - Processing file /home/airflow/.local/lib/python3.12/site-packages/airflow/example_dags/example_display_name.py for tasks to queue
[2026-06-13T16:52:10.473+0000] {logging_mixin.py:190} INFO - [2026-06-13T16:52:10.472+0000] {dagbag.py:588} INFO - Filling up the DagBag from /home/airflow/.local/lib/python3.12/site-packages/airflow/example_dags/example_display_name.py
[2026-06-13T16:52:10.484+0000] {processor.py:925} INFO - DAG(s) 'example_display_name' retrieved from /home/airflow/.local/lib/python3.12/site-packages/airflow/example_dags/example_display_name.py
[2026-06-13T16:52:10.509+0000] {logging_mixin.py:190} INFO - [2026-06-13T16:52:10.509+0000] {dag.py:3239} INFO - Sync 1 DAGs
[2026-06-13T16:52:10.531+0000] {logging_mixin.py:190} INFO - [2026-06-13T16:52:10.531+0000] {dag.py:4180} INFO - Setting next_dagrun for example_display_name to None, run_after=None
[2026-06-13T16:52:10.555+0000] {processor.py:208} INFO - Processing /home/airflow/.local/lib/python3.12/site-packages/airflow/example_dags/example_display_name.py took 0.095 seconds
[2026-06-13T16:53:31.318+0000] {processor.py:186} INFO - Started process (PID=338) to work on /home/airflow/.local/lib/python3.12/site-packages/airflow/example_dags/example_display_name.py
[2026-06-13T16:53:31.320+0000] {processor.py:914} INFO - Processing file /home/airflow/.local/lib/python3.12/site-packages/airflow/example_dags/example_display_name.py for tasks to queue
[2026-06-13T16:53:31.323+0000] {logging_mixin.py:190} INFO - [2026-06-13T16:53:31.323+0000] {dagbag.py:588} INFO - Filling up the DagBag from /home/airflow/.local/lib/python3.12/site-packages/airflow/example_dags/example_display_name.py
[2026-06-13T16:53:31.332+0000] {processor.py:925} INFO - DAG(s) 'example_display_name' retrieved from /home/airflow/.local/lib/python3.12/site-packages/airflow/example_dags/example_display_name.py
[2026-06-13T16:53:31.352+0000] {logging_mixin.py:190} INFO - [2026-06-13T16:53:31.352+0000] {dag.py:3239} INFO - Sync 1 DAGs
[2026-06-13T16:53:31.370+0000] {logging_mixin.py:190} INFO - [2026-06-13T16:53:31.369+0000] {dag.py:4180} INFO - Setting next_dagrun for example_display_name to None, run_after=None
[2026-06-13T16:53:31.391+0000] {processor.py:208} INFO - Processing /home/airflow/.local/lib/python3.12/site-packages/airflow/example_dags/example_display_name.py took 0.082 seconds
[2026-06-13T16:54:01.807+0000] {processor.py:186} INFO - Started process (PID=400) to work on /home/airflow/.local/lib/python3.12/site-packages/airflow/example_dags/example_display_name.py
[2026-06-13T16:54:01.809+0000] {processor.py:914} INFO - Processing file /home/airflow/.local/lib/python3.12/site-packages/airflow/example_dags/example_display_name.py for tasks to queue
[2026-06-13T16:54:01.814+0000] {logging_mixin.py:190} INFO - [2026-06-13T16:54:01.813+0000] {dagbag.py:588} INFO - Filling up the DagBag from /home/airflow/.local/lib/python3.12/site-packages/airflow/example_dags/example_display_name.py
[2026-06-13T16:54:01.830+0000] {processor.py:925} INFO - DAG(s) 'example_display_name' retrieved from /home/airflow/.local/lib/python3.12/site-packages/airflow/example_dags/example_display_name.py
[2026-06-13T16:54:01.869+0000] {logging_mixin.py:190} INFO - [2026-06-13T16:54:01.868+0000] {dag.py:3239} INFO - Sync 1 DAGs
[2026-06-13T16:54:01.894+0000] {logging_mixin.py:190} INFO - [2026-06-13T16:54:01.894+0000] {dag.py:4180} INFO - Setting next_dagrun for example_display_name to None, run_after=None
[2026-06-13T16:54:01.936+0000] {processor.py:208} INFO - Processing /home/airflow/.local/lib/python3.12/site-packages/airflow/example_dags/example_display_name.py took 0.139 seconds
[2026-06-13T16:54:32.010+0000] {processor.py:186} INFO - Started process (PID=462) to work on /home/airflow/.local/lib/python3.12/site-packages/airflow/example_dags/example_display_name.py
[2026-06-13T16:54:32.011+0000] {processor.py:914} INFO - Processing file /home/airflow/.local/lib/python3.12/site-packages/airflow/example_dags/example_display_name.py for tasks to queue
[2026-06-13T16:54:32.015+0000] {logging_mixin.py:190} INFO - [2026-06-13T16:54:32.014+0000] {dagbag.py:588} INFO - Filling up the DagBag from /home/airflow/.local/lib/python3.12/site-packages/airflow/example_dags/example_display_name.py
[2026-06-13T16:54:32.025+0000] {processor.py:925} INFO - DAG(s) 'example_display_name' retrieved from /home/airflow/.local/lib/python3.12/site-packages/airflow/example_dags/example_display_name.py
[2026-06-13T16:54:32.051+0000] {logging_mixin.py:190} INFO - [2026-06-13T16:54:32.050+0000] {dag.py:3239} INFO - Sync 1 DAGs
[2026-06-13T16:54:32.072+0000] {logging_mixin.py:190} INFO - [2026-06-13T16:54:32.072+0000] {dag.py:4180} INFO - Setting next_dagrun for example_display_name to None, run_after=None
[2026-06-13T16:54:32.095+0000] {processor.py:208} INFO - Processing /home/airflow/.local/lib/python3.12/site-packages/airflow/example_dags/example_display_name.py took 0.093 seconds
[2026-06-13T16:55:02.303+0000] {processor.py:186} INFO - Started process (PID=524) to work on /home/airflow/.local/lib/python3.12/site-packages/airflow/example_dags/example_display_name.py
[2026-06-13T16:55:02.304+0000] {processor.py:914} INFO - Processing file /home/airflow/.local/lib/python3.12/site-packages/airflow/example_dags/example_display_name.py for tasks to queue
[2026-06-13T16:55:02.307+0000] {logging_mixin.py:190} INFO - [2026-06-13T16:55:02.307+0000] {dagbag.py:588} INFO - Filling up the DagBag from /home/airflow/.local/lib/python3.12/site-packages/airflow/example_dags/example_display_name.py
[2026-06-13T16:55:02.317+0000] {processor.py:925} INFO - DAG(s) 'example_display_name' retrieved from /home/airflow/.local/lib/python3.12/site-packages/airflow/example_dags/example_display_name.py
[2026-06-13T16:55:02.342+0000] {logging_mixin.py:190} INFO - [2026-06-13T16:55:02.341+0000] {dag.py:3239} INFO - Sync 1 DAGs
[2026-06-13T16:55:02.360+0000] {logging_mixin.py:190} INFO - [2026-06-13T16:55:02.359+0000] {dag.py:4180} INFO - Setting next_dagrun for example_display_name to None, run_after=None
[2026-06-13T16:55:02.390+0000] {processor.py:208} INFO - Processing /home/airflow/.local/lib/python3.12/site-packages/airflow/example_dags/example_display_name.py took 0.094 seconds
[2026-06-13T16:55:32.609+0000] {processor.py:186} INFO - Started process (PID=587) to work on /home/airflow/.local/lib/python3.12/site-packages/airflow/example_dags/example_display_name.py
[2026-06-13T16:55:32.611+0000] {processor.py:914} INFO - Processing file /home/airflow/.local/lib/python3.12/site-packages/airflow/example_dags/example_display_name.py for tasks to queue
[2026-06-13T16:55:32.614+0000] {logging_mixin.py:190} INFO - [2026-06-13T16:55:32.614+0000] {dagbag.py:588} INFO - Filling up the DagBag from /home/airflow/.local/lib/python3.12/site-packages/airflow/example_dags/example_display_name.py
[2026-06-13T16:55:32.626+0000] {processor.py:925} INFO - DAG(s) 'example_display_name' retrieved from /home/airflow/.local/lib/python3.12/site-packages/airflow/example_dags/example_display_name.py
[2026-06-13T16:55:32.656+0000] {logging_mixin.py:190} INFO - [2026-06-13T16:55:32.656+0000] {dag.py:3239} INFO - Sync 1 DAGs
[2026-06-13T16:55:32.675+0000] {logging_mixin.py:190} INFO - [2026-06-13T16:55:32.674+0000] {dag.py:4180} INFO - Setting next_dagrun for example_display_name to None, run_after=None
[2026-06-13T16:55:32.699+0000] {processor.py:208} INFO - Processing /home/airflow/.local/lib/python3.12/site-packages/airflow/example_dags/example_display_name.py took 0.098 seconds
[2026-06-13T16:56:02.921+0000] {processor.py:186} INFO - Started process (PID=649) to work on /home/airflow/.local/lib/python3.12/site-packages/airflow/example_dags/example_display_name.py
[2026-06-13T16:56:02.922+0000] {processor.py:914} INFO - Processing file /home/airflow/.local/lib/python3.12/site-packages/airflow/example_dags/example_display_name.py for tasks to queue
[2026-06-13T16:56:02.926+0000] {logging_mixin.py:190} INFO - [2026-06-13T16:56:02.925+0000] {dagbag.py:588} INFO - Filling up the DagBag from /home/airflow/.local/lib/python3.12/site-packages/airflow/example_dags/example_display_name.py
[2026-06-13T16:56:02.934+0000] {processor.py:925} INFO - DAG(s) 'example_display_name' retrieved from /home/airflow/.local/lib/python3.12/site-packages/airflow/example_dags/example_display_name.py
[2026-06-13T16:56:02.954+0000] {logging_mixin.py:190} INFO - [2026-06-13T16:56:02.954+0000] {dag.py:3239} INFO - Sync 1 DAGs
[2026-06-13T16:56:02.968+0000] {logging_mixin.py:190} INFO - [2026-06-13T16:56:02.967+0000] {dag.py:4180} INFO - Setting next_dagrun for example_display_name to None, run_after=None
[2026-06-13T16:56:02.987+0000] {processor.py:208} INFO - Processing /home/airflow/.local/lib/python3.12/site-packages/airflow/example_dags/example_display_name.py took 0.073 seconds
[2026-06-13T16:56:33.268+0000] {processor.py:186} INFO - Started process (PID=711) to work on /home/airflow/.local/lib/python3.12/site-packages/airflow/example_dags/example_display_name.py
[2026-06-13T16:56:33.269+0000] {processor.py:914} INFO - Processing file /home/airflow/.local/lib/python3.12/site-packages/airflow/example_dags/example_display_name.py for tasks to queue
[2026-06-13T16:56:33.272+0000] {logging_mixin.py:190} INFO - [2026-06-13T16:56:33.271+0000] {dagbag.py:588} INFO - Filling up the DagBag from /home/airflow/.local/lib/python3.12/site-packages/airflow/example_dags/example_display_name.py
[2026-06-13T16:56:33.280+0000] {processor.py:925} INFO - DAG(s) 'example_display_name' retrieved from /home/airflow/.local/lib/python3.12/site-packages/airflow/example_dags/example_display_name.py
[2026-06-13T16:56:33.300+0000] {logging_mixin.py:190} INFO - [2026-06-13T16:56:33.300+0000] {dag.py:3239} INFO - Sync 1 DAGs
[2026-06-13T16:56:33.314+0000] {logging_mixin.py:190} INFO - [2026-06-13T16:56:33.314+0000] {dag.py:4180} INFO - Setting next_dagrun for example_display_name to None, run_after=None
[2026-06-13T16:56:33.333+0000] {processor.py:208} INFO - Processing /home/airflow/.local/lib/python3.12/site-packages/airflow/example_dags/example_display_name.py took 0.071 seconds
[2026-06-13T16:57:03.538+0000] {processor.py:186} INFO - Started process (PID=773) to work on /home/airflow/.local/lib/python3.12/site-packages/airflow/example_dags/example_display_name.py
[2026-06-13T16:57:03.540+0000] {processor.py:914} INFO - Processing file /home/airflow/.local/lib/python3.12/site-packages/airflow/example_dags/example_display_name.py for tasks to queue
[2026-06-13T16:57:03.543+0000] {logging_mixin.py:190} INFO - [2026-06-13T16:57:03.543+0000] {dagbag.py:588} INFO - Filling up the DagBag from /home/airflow/.local/lib/python3.12/site-packages/airflow/example_dags/example_display_name.py
[2026-06-13T16:57:03.554+0000] {processor.py:925} INFO - DAG(s) 'example_display_name' retrieved from /home/airflow/.local/lib/python3.12/site-packages/airflow/example_dags/example_display_name.py
[2026-06-13T16:57:03.578+0000] {logging_mixin.py:190} INFO - [2026-06-13T16:57:03.577+0000] {dag.py:3239} INFO - Sync 1 DAGs
[2026-06-13T16:57:03.596+0000] {logging_mixin.py:190} INFO - [2026-06-13T16:57:03.596+0000] {dag.py:4180} INFO - Setting next_dagrun for example_display_name to None, run_after=None
[2026-06-13T16:57:03.642+0000] {processor.py:208} INFO - Processing /home/airflow/.local/lib/python3.12/site-packages/airflow/example_dags/example_display_name.py took 0.112 seconds
[2026-06-13T16:57:34.574+0000] {processor.py:186} INFO - Started process (PID=835) to work on /home/airflow/.local/lib/python3.12/site-packages/airflow/example_dags/example_display_name.py
[2026-06-13T16:57:34.576+0000] {processor.py:914} INFO - Processing file /home/airflow/.local/lib/python3.12/site-packages/airflow/example_dags/example_display_name.py for tasks to queue
[2026-06-13T16:57:34.579+0000] {logging_mixin.py:190} INFO - [2026-06-13T16:57:34.579+0000] {dagbag.py:588} INFO - Filling up the DagBag from /home/airflow/.local/lib/python3.12/site-packages/airflow/example_dags/example_display_name.py
[2026-06-13T16:57:34.591+0000] {processor.py:925} INFO - DAG(s) 'example_display_name' retrieved from /home/airflow/.local/lib/python3.12/site-packages/airflow/example_dags/example_display_name.py
[2026-06-13T16:57:34.638+0000] {logging_mixin.py:190} INFO - [2026-06-13T16:57:34.638+0000] {dag.py:3239} INFO - Sync 1 DAGs
[2026-06-13T16:57:34.668+0000] {logging_mixin.py:190} INFO - [2026-06-13T16:57:34.668+0000] {dag.py:4180} INFO - Setting next_dagrun for example_display_name to None, run_after=None
[2026-06-13T16:57:34.710+0000] {processor.py:208} INFO - Processing /home/airflow/.local/lib/python3.12/site-packages/airflow/example_dags/example_display_name.py took 0.143 seconds
[2026-06-13T16:58:05.811+0000] {processor.py:186} INFO - Started process (PID=897) to work on /home/airflow/.local/lib/python3.12/site-packages/airflow/example_dags/example_display_name.py
[2026-06-13T16:58:05.813+0000] {processor.py:914} INFO - Processing file /home/airflow/.local/lib/python3.12/site-packages/airflow/example_dags/example_display_name.py for tasks to queue
[2026-06-13T16:58:05.816+0000] {logging_mixin.py:190} INFO - [2026-06-13T16:58:05.816+0000] {dagbag.py:588} INFO - Filling up the DagBag from /home/airflow/.local/lib/python3.12/site-packages/airflow/example_dags/example_display_name.py
[2026-06-13T16:58:05.827+0000] {processor.py:925} INFO - DAG(s) 'example_display_name' retrieved from /home/airflow/.local/lib/python3.12/site-packages/airflow/example_dags/example_display_name.py
[2026-06-13T16:58:05.863+0000] {logging_mixin.py:190} INFO - [2026-06-13T16:58:05.862+0000] {dag.py:3239} INFO - Sync 1 DAGs
[2026-06-13T16:58:05.882+0000] {logging_mixin.py:190} INFO - [2026-06-13T16:58:05.881+0000] {dag.py:4180} INFO - Setting next_dagrun for example_display_name to None, run_after=None
[2026-06-13T16:58:05.908+0000] {processor.py:208} INFO - Processing /home/airflow/.local/lib/python3.12/site-packages/airflow/example_dags/example_display_name.py took 0.107 seconds
[2026-06-13T16:58:36.251+0000] {processor.py:186} INFO - Started process (PID=959) to work on /home/airflow/.local/lib/python3.12/site-packages/airflow/example_dags/example_display_name.py
[2026-06-13T16:58:36.252+0000] {processor.py:914} INFO - Processing file /home/airflow/.local/lib/python3.12/site-packages/airflow/example_dags/example_display_name.py for tasks to queue
[2026-06-13T16:58:36.257+0000] {logging_mixin.py:190} INFO - [2026-06-13T16:58:36.256+0000] {dagbag.py:588} INFO - Filling up the DagBag from /home/airflow/.local/lib/python3.12/site-packages/airflow/example_dags/example_display_name.py
[2026-06-13T16:58:36.270+0000] {processor.py:925} INFO - DAG(s) 'example_display_name' retrieved from /home/airflow/.local/lib/python3.12/site-packages/airflow/example_dags/example_display_name.py
[2026-06-13T16:58:36.305+0000] {logging_mixin.py:190} INFO - [2026-06-13T16:58:36.304+0000] {dag.py:3239} INFO - Sync 1 DAGs
[2026-06-13T16:58:36.325+0000] {logging_mixin.py:190} INFO - [2026-06-13T16:58:36.324+0000] {dag.py:4180} INFO - Setting next_dagrun for example_display_name to None, run_after=None
[2026-06-13T16:58:36.357+0000] {processor.py:208} INFO - Processing /home/airflow/.local/lib/python3.12/site-packages/airflow/example_dags/example_display_name.py took 0.114 seconds
[2026-06-13T16:59:07.400+0000] {processor.py:186} INFO - Started process (PID=1021) to work on /home/airflow/.local/lib/python3.12/site-packages/airflow/example_dags/example_display_name.py
[2026-06-13T16:59:07.402+0000] {processor.py:914} INFO - Processing file /home/airflow/.local/lib/python3.12/site-packages/airflow/example_dags/example_display_name.py for tasks to queue
[2026-06-13T16:59:07.406+0000] {logging_mixin.py:190} INFO - [2026-06-13T16:59:07.406+0000] {dagbag.py:588} INFO - Filling up the DagBag from /home/airflow/.local/lib/python3.12/site-packages/airflow/example_dags/example_display_name.py
[2026-06-13T16:59:07.417+0000] {processor.py:925} INFO - DAG(s) 'example_display_name' retrieved from /home/airflow/.local/lib/python3.12/site-packages/airflow/example_dags/example_display_name.py
[2026-06-13T16:59:07.445+0000] {logging_mixin.py:190} INFO - [2026-06-13T16:59:07.445+0000] {dag.py:3239} INFO - Sync 1 DAGs
[2026-06-13T16:59:07.464+0000] {logging_mixin.py:190} INFO - [2026-06-13T16:59:07.464+0000] {dag.py:4180} INFO - Setting next_dagrun for example_display_name to None, run_after=None
[2026-06-13T16:59:07.492+0000] {processor.py:208} INFO - Processing /home/airflow/.local/lib/python3.12/site-packages/airflow/example_dags/example_display_name.py took 0.101 seconds
[2026-06-13T16:59:37.721+0000] {processor.py:186} INFO - Started process (PID=1083) to work on /home/airflow/.local/lib/python3.12/site-packages/airflow/example_dags/example_display_name.py
[2026-06-13T16:59:37.723+0000] {processor.py:914} INFO - Processing file /home/airflow/.local/lib/python3.12/site-packages/airflow/example_dags/example_display_name.py for tasks to queue
[2026-06-13T16:59:37.727+0000] {logging_mixin.py:190} INFO - [2026-06-13T16:59:37.726+0000] {dagbag.py:588} INFO - Filling up the DagBag from /home/airflow/.local/lib/python3.12/site-packages/airflow/example_dags/example_display_name.py
[2026-06-13T16:59:37.739+0000] {processor.py:925} INFO - DAG(s) 'example_display_name' retrieved from /home/airflow/.local/lib/python3.12/site-packages/airflow/example_dags/example_display_name.py
[2026-06-13T16:59:37.771+0000] {logging_mixin.py:190} INFO - [2026-06-13T16:59:37.771+0000] {dag.py:3239} INFO - Sync 1 DAGs
[2026-06-13T16:59:37.793+0000] {logging_mixin.py:190} INFO - [2026-06-13T16:59:37.793+0000] {dag.py:4180} INFO - Setting next_dagrun for example_display_name to None, run_after=None
[2026-06-13T16:59:37.821+0000] {processor.py:208} INFO - Processing /home/airflow/.local/lib/python3.12/site-packages/airflow/example_dags/example_display_name.py took 0.110 seconds
[2026-06-13T17:00:08.432+0000] {processor.py:186} INFO - Started process (PID=1145) to work on /home/airflow/.local/lib/python3.12/site-packages/airflow/example_dags/example_display_name.py
[2026-06-13T17:00:08.434+0000] {processor.py:914} INFO - Processing file /home/airflow/.local/lib/python3.12/site-packages/airflow/example_dags/example_display_name.py for tasks to queue
[2026-06-13T17:00:08.438+0000] {logging_mixin.py:190} INFO - [2026-06-13T17:00:08.437+0000] {dagbag.py:588} INFO - Filling up the DagBag from /home/airflow/.local/lib/python3.12/site-packages/airflow/example_dags/example_display_name.py
[2026-06-13T17:00:08.449+0000] {processor.py:925} INFO - DAG(s) 'example_display_name' retrieved from /home/airflow/.local/lib/python3.12/site-packages/airflow/example_dags/example_display_name.py
[2026-06-13T17:00:08.475+0000] {logging_mixin.py:190} INFO - [2026-06-13T17:00:08.475+0000] {dag.py:3239} INFO - Sync 1 DAGs
[2026-06-13T17:00:08.495+0000] {logging_mixin.py:190} INFO - [2026-06-13T17:00:08.494+0000] {dag.py:4180} INFO - Setting next_dagrun for example_display_name to None, run_after=None
[2026-06-13T17:00:08.522+0000] {processor.py:208} INFO - Processing /home/airflow/.local/lib/python3.12/site-packages/airflow/example_dags/example_display_name.py took 0.100 seconds
[2026-06-13T17:00:38.647+0000] {processor.py:186} INFO - Started process (PID=1207) to work on /home/airflow/.local/lib/python3.12/site-packages/airflow/example_dags/example_display_name.py
[2026-06-13T17:00:38.649+0000] {processor.py:914} INFO - Processing file /home/airflow/.local/lib/python3.12/site-packages/airflow/example_dags/example_display_name.py for tasks to queue
[2026-06-13T17:00:38.652+0000] {logging_mixin.py:190} INFO - [2026-06-13T17:00:38.652+0000] {dagbag.py:588} INFO - Filling up the DagBag from /home/airflow/.local/lib/python3.12/site-packages/airflow/example_dags/example_display_name.py
[2026-06-13T17:00:38.664+0000] {processor.py:925} INFO - DAG(s) 'example_display_name' retrieved from /home/airflow/.local/lib/python3.12/site-packages/airflow/example_dags/example_display_name.py
[2026-06-13T17:00:38.694+0000] {logging_mixin.py:190} INFO - [2026-06-13T17:00:38.694+0000] {dag.py:3239} INFO - Sync 1 DAGs
[2026-06-13T17:00:38.712+0000] {logging_mixin.py:190} INFO - [2026-06-13T17:00:38.712+0000] {dag.py:4180} INFO - Setting next_dagrun for example_display_name to None, run_after=None
[2026-06-13T17:00:38.737+0000] {processor.py:208} INFO - Processing /home/airflow/.local/lib/python3.12/site-packages/airflow/example_dags/example_display_name.py took 0.098 seconds
[2026-06-13T17:01:08.879+0000] {processor.py:186} INFO - Started process (PID=1269) to work on /home/airflow/.local/lib/python3.12/site-packages/airflow/example_dags/example_display_name.py
[2026-06-13T17:01:08.881+0000] {processor.py:914} INFO - Processing file /home/airflow/.local/lib/python3.12/site-packages/airflow/example_dags/example_display_name.py for tasks to queue
[2026-06-13T17:01:08.885+0000] {logging_mixin.py:190} INFO - [2026-06-13T17:01:08.884+0000] {dagbag.py:588} INFO - Filling up the DagBag from /home/airflow/.local/lib/python3.12/site-packages/airflow/example_dags/example_display_name.py
[2026-06-13T17:01:08.896+0000] {processor.py:925} INFO - DAG(s) 'example_display_name' retrieved from /home/airflow/.local/lib/python3.12/site-packages/airflow/example_dags/example_display_name.py
[2026-06-13T17:01:08.927+0000] {logging_mixin.py:190} INFO - [2026-06-13T17:01:08.927+0000] {dag.py:3239} INFO - Sync 1 DAGs
[2026-06-13T17:01:08.949+0000] {logging_mixin.py:190} INFO - [2026-06-13T17:01:08.949+0000] {dag.py:4180} INFO - Setting next_dagrun for example_display_name to None, run_after=None
[2026-06-13T17:01:08.976+0000] {processor.py:208} INFO - Processing /home/airflow/.local/lib/python3.12/site-packages/airflow/example_dags/example_display_name.py took 0.106 seconds
[2026-06-13T17:01:39.440+0000] {processor.py:186} INFO - Started process (PID=1331) to work on /home/airflow/.local/lib/python3.12/site-packages/airflow/example_dags/example_display_name.py
[2026-06-13T17:01:39.442+0000] {processor.py:914} INFO - Processing file /home/airflow/.local/lib/python3.12/site-packages/airflow/example_dags/example_display_name.py for tasks to queue
[2026-06-13T17:01:39.446+0000] {logging_mixin.py:190} INFO - [2026-06-13T17:01:39.445+0000] {dagbag.py:588} INFO - Filling up the DagBag from /home/airflow/.local/lib/python3.12/site-packages/airflow/example_dags/example_display_name.py
[2026-06-13T17:01:39.456+0000] {processor.py:925} INFO - DAG(s) 'example_display_name' retrieved from /home/airflow/.local/lib/python3.12/site-packages/airflow/example_dags/example_display_name.py
[2026-06-13T17:01:39.486+0000] {logging_mixin.py:190} INFO - [2026-06-13T17:01:39.486+0000] {dag.py:3239} INFO - Sync 1 DAGs
[2026-06-13T17:01:39.505+0000] {logging_mixin.py:190} INFO - [2026-06-13T17:01:39.505+0000] {dag.py:4180} INFO - Setting next_dagrun for example_display_name to None, run_after=None
[2026-06-13T17:01:39.533+0000] {processor.py:208} INFO - Processing /home/airflow/.local/lib/python3.12/site-packages/airflow/example_dags/example_display_name.py took 0.101 seconds
[2026-06-13T17:02:09.699+0000] {processor.py:186} INFO - Started process (PID=1393) to work on /home/airflow/.local/lib/python3.12/site-packages/airflow/example_dags/example_display_name.py
[2026-06-13T17:02:09.701+0000] {processor.py:914} INFO - Processing file /home/airflow/.local/lib/python3.12/site-packages/airflow/example_dags/example_display_name.py for tasks to queue
[2026-06-13T17:02:09.705+0000] {logging_mixin.py:190} INFO - [2026-06-13T17:02:09.705+0000] {dagbag.py:588} INFO - Filling up the DagBag from /home/airflow/.local/lib/python3.12/site-packages/airflow/example_dags/example_display_name.py
[2026-06-13T17:02:09.719+0000] {processor.py:925} INFO - DAG(s) 'example_display_name' retrieved from /home/airflow/.local/lib/python3.12/site-packages/airflow/example_dags/example_display_name.py
[2026-06-13T17:02:09.747+0000] {logging_mixin.py:190} INFO - [2026-06-13T17:02:09.747+0000] {dag.py:3239} INFO - Sync 1 DAGs
[2026-06-13T17:02:09.766+0000] {logging_mixin.py:190} INFO - [2026-06-13T17:02:09.765+0000] {dag.py:4180} INFO - Setting next_dagrun for example_display_name to None, run_after=None
[2026-06-13T17:02:09.806+0000] {processor.py:208} INFO - Processing /home/airflow/.local/lib/python3.12/site-packages/airflow/example_dags/example_display_name.py took 0.115 seconds
[2026-06-13T17:02:40.476+0000] {processor.py:186} INFO - Started process (PID=1455) to work on /home/airflow/.local/lib/python3.12/site-packages/airflow/example_dags/example_display_name.py
[2026-06-13T17:02:40.478+0000] {processor.py:914} INFO - Processing file /home/airflow/.local/lib/python3.12/site-packages/airflow/example_dags/example_display_name.py for tasks to queue
[2026-06-13T17:02:40.482+0000] {logging_mixin.py:190} INFO - [2026-06-13T17:02:40.481+0000] {dagbag.py:588} INFO - Filling up the DagBag from /home/airflow/.local/lib/python3.12/site-packages/airflow/example_dags/example_display_name.py
[2026-06-13T17:02:40.495+0000] {processor.py:925} INFO - DAG(s) 'example_display_name' retrieved from /home/airflow/.local/lib/python3.12/site-packages/airflow/example_dags/example_display_name.py
[2026-06-13T17:02:40.530+0000] {logging_mixin.py:190} INFO - [2026-06-13T17:02:40.530+0000] {dag.py:3239} INFO - Sync 1 DAGs
[2026-06-13T17:02:40.554+0000] {logging_mixin.py:190} INFO - [2026-06-13T17:02:40.554+0000] {dag.py:4180} INFO - Setting next_dagrun for example_display_name to None, run_after=None
[2026-06-13T17:02:40.585+0000] {processor.py:208} INFO - Processing /home/airflow/.local/lib/python3.12/site-packages/airflow/example_dags/example_display_name.py took 0.118 seconds
[2026-06-13T17:03:10.760+0000] {processor.py:186} INFO - Started process (PID=1517) to work on /home/airflow/.local/lib/python3.12/site-packages/airflow/example_dags/example_display_name.py
[2026-06-13T17:03:10.762+0000] {processor.py:914} INFO - Processing file /home/airflow/.local/lib/python3.12/site-packages/airflow/example_dags/example_display_name.py for tasks to queue
[2026-06-13T17:03:10.766+0000] {logging_mixin.py:190} INFO - [2026-06-13T17:03:10.765+0000] {dagbag.py:588} INFO - Filling up the DagBag from /home/airflow/.local/lib/python3.12/site-packages/airflow/example_dags/example_display_name.py
[2026-06-13T17:03:10.781+0000] {processor.py:925} INFO - DAG(s) 'example_display_name' retrieved from /home/airflow/.local/lib/python3.12/site-packages/airflow/example_dags/example_display_name.py
[2026-06-13T17:03:10.818+0000] {logging_mixin.py:190} INFO - [2026-06-13T17:03:10.817+0000] {dag.py:3239} INFO - Sync 1 DAGs
[2026-06-13T17:03:10.846+0000] {logging_mixin.py:190} INFO - [2026-06-13T17:03:10.845+0000] {dag.py:4180} INFO - Setting next_dagrun for example_display_name to None, run_after=None
[2026-06-13T17:03:10.885+0000] {processor.py:208} INFO - Processing /home/airflow/.local/lib/python3.12/site-packages/airflow/example_dags/example_display_name.py took 0.134 seconds
[2026-06-13T17:03:41.286+0000] {processor.py:186} INFO - Started process (PID=1579) to work on /home/airflow/.local/lib/python3.12/site-packages/airflow/example_dags/example_display_name.py
[2026-06-13T17:03:41.288+0000] {processor.py:914} INFO - Processing file /home/airflow/.local/lib/python3.12/site-packages/airflow/example_dags/example_display_name.py for tasks to queue
[2026-06-13T17:03:41.293+0000] {logging_mixin.py:190} INFO - [2026-06-13T17:03:41.292+0000] {dagbag.py:588} INFO - Filling up the DagBag from /home/airflow/.local/lib/python3.12/site-packages/airflow/example_dags/example_display_name.py
[2026-06-13T17:03:41.304+0000] {processor.py:925} INFO - DAG(s) 'example_display_name' retrieved from /home/airflow/.local/lib/python3.12/site-packages/airflow/example_dags/example_display_name.py
[2026-06-13T17:03:41.336+0000] {logging_mixin.py:190} INFO - [2026-06-13T17:03:41.335+0000] {dag.py:3239} INFO - Sync 1 DAGs
[2026-06-13T17:03:41.358+0000] {logging_mixin.py:190} INFO - [2026-06-13T17:03:41.357+0000] {dag.py:4180} INFO - Setting next_dagrun for example_display_name to None, run_after=None
[2026-06-13T17:03:41.390+0000] {processor.py:208} INFO - Processing /home/airflow/.local/lib/python3.12/site-packages/airflow/example_dags/example_display_name.py took 0.113 seconds
[2026-06-13T17:04:12.286+0000] {processor.py:186} INFO - Started process (PID=1641) to work on /home/airflow/.local/lib/python3.12/site-packages/airflow/example_dags/example_display_name.py
[2026-06-13T17:04:12.287+0000] {processor.py:914} INFO - Processing file /home/airflow/.local/lib/python3.12/site-packages/airflow/example_dags/example_display_name.py for tasks to queue
[2026-06-13T17:04:12.293+0000] {logging_mixin.py:190} INFO - [2026-06-13T17:04:12.292+0000] {dagbag.py:588} INFO - Filling up the DagBag from /home/airflow/.local/lib/python3.12/site-packages/airflow/example_dags/example_display_name.py
[2026-06-13T17:04:12.303+0000] {processor.py:925} INFO - DAG(s) 'example_display_name' retrieved from /home/airflow/.local/lib/python3.12/site-packages/airflow/example_dags/example_display_name.py
[2026-06-13T17:04:12.333+0000] {logging_mixin.py:190} INFO - [2026-06-13T17:04:12.333+0000] {dag.py:3239} INFO - Sync 1 DAGs
[2026-06-13T17:04:12.356+0000] {logging_mixin.py:190} INFO - [2026-06-13T17:04:12.355+0000] {dag.py:4180} INFO - Setting next_dagrun for example_display_name to None, run_after=None
[2026-06-13T17:04:12.386+0000] {processor.py:208} INFO - Processing /home/airflow/.local/lib/python3.12/site-packages/airflow/example_dags/example_display_name.py took 0.110 seconds
[2026-06-13T17:04:42.480+0000] {processor.py:186} INFO - Started process (PID=1703) to work on /home/airflow/.local/lib/python3.12/site-packages/airflow/example_dags/example_display_name.py
[2026-06-13T17:04:42.482+0000] {processor.py:914} INFO - Processing file /home/airflow/.local/lib/python3.12/site-packages/airflow/example_dags/example_display_name.py for tasks to queue
[2026-06-13T17:04:42.486+0000] {logging_mixin.py:190} INFO - [2026-06-13T17:04:42.486+0000] {dagbag.py:588} INFO - Filling up the DagBag from /home/airflow/.local/lib/python3.12/site-packages/airflow/example_dags/example_display_name.py
[2026-06-13T17:04:42.499+0000] {processor.py:925} INFO - DAG(s) 'example_display_name' retrieved from /home/airflow/.local/lib/python3.12/site-packages/airflow/example_dags/example_display_name.py
[2026-06-13T17:04:42.529+0000] {logging_mixin.py:190} INFO - [2026-06-13T17:04:42.529+0000] {dag.py:3239} INFO - Sync 1 DAGs
[2026-06-13T17:04:42.550+0000] {logging_mixin.py:190} INFO - [2026-06-13T17:04:42.549+0000] {dag.py:4180} INFO - Setting next_dagrun for example_display_name to None, run_after=None
[2026-06-13T17:04:42.581+0000] {processor.py:208} INFO - Processing /home/airflow/.local/lib/python3.12/site-packages/airflow/example_dags/example_display_name.py took 0.112 seconds
[2026-06-13T17:05:13.086+0000] {processor.py:186} INFO - Started process (PID=1765) to work on /home/airflow/.local/lib/python3.12/site-packages/airflow/example_dags/example_display_name.py
[2026-06-13T17:05:13.088+0000] {processor.py:914} INFO - Processing file /home/airflow/.local/lib/python3.12/site-packages/airflow/example_dags/example_display_name.py for tasks to queue
[2026-06-13T17:05:13.092+0000] {logging_mixin.py:190} INFO - [2026-06-13T17:05:13.092+0000] {dagbag.py:588} INFO - Filling up the DagBag from /home/airflow/.local/lib/python3.12/site-packages/airflow/example_dags/example_display_name.py
[2026-06-13T17:05:13.105+0000] {processor.py:925} INFO - DAG(s) 'example_display_name' retrieved from /home/airflow/.local/lib/python3.12/site-packages/airflow/example_dags/example_display_name.py
[2026-06-13T17:05:13.134+0000] {logging_mixin.py:190} INFO - [2026-06-13T17:05:13.134+0000] {dag.py:3239} INFO - Sync 1 DAGs
[2026-06-13T17:05:13.157+0000] {logging_mixin.py:190} INFO - [2026-06-13T17:05:13.157+0000] {dag.py:4180} INFO - Setting next_dagrun for example_display_name to None, run_after=None
[2026-06-13T17:05:13.192+0000] {processor.py:208} INFO - Processing /home/airflow/.local/lib/python3.12/site-packages/airflow/example_dags/example_display_name.py took 0.115 seconds
[2026-06-13T17:05:43.333+0000] {processor.py:186} INFO - Started process (PID=1827) to work on /home/airflow/.local/lib/python3.12/site-packages/airflow/example_dags/example_display_name.py
[2026-06-13T17:05:43.335+0000] {processor.py:914} INFO - Processing file /home/airflow/.local/lib/python3.12/site-packages/airflow/example_dags/example_display_name.py for tasks to queue
[2026-06-13T17:05:43.339+0000] {logging_mixin.py:190} INFO - [2026-06-13T17:05:43.339+0000] {dagbag.py:588} INFO - Filling up the DagBag from /home/airflow/.local/lib/python3.12/site-packages/airflow/example_dags/example_display_name.py
[2026-06-13T17:05:43.352+0000] {processor.py:925} INFO - DAG(s) 'example_display_name' retrieved from /home/airflow/.local/lib/python3.12/site-packages/airflow/example_dags/example_display_name.py
[2026-06-13T17:05:43.378+0000] {logging_mixin.py:190} INFO - [2026-06-13T17:05:43.378+0000] {dag.py:3239} INFO - Sync 1 DAGs
[2026-06-13T17:05:43.397+0000] {logging_mixin.py:190} INFO - [2026-06-13T17:05:43.396+0000] {dag.py:4180} INFO - Setting next_dagrun for example_display_name to None, run_after=None
[2026-06-13T17:05:43.435+0000] {processor.py:208} INFO - Processing /home/airflow/.local/lib/python3.12/site-packages/airflow/example_dags/example_display_name.py took 0.113 seconds
[2026-06-13T17:06:13.577+0000] {processor.py:186} INFO - Started process (PID=1889) to work on /home/airflow/.local/lib/python3.12/site-packages/airflow/example_dags/example_display_name.py
[2026-06-13T17:06:13.579+0000] {processor.py:914} INFO - Processing file /home/airflow/.local/lib/python3.12/site-packages/airflow/example_dags/example_display_name.py for tasks to queue
[2026-06-13T17:06:13.583+0000] {logging_mixin.py:190} INFO - [2026-06-13T17:06:13.582+0000] {dagbag.py:588} INFO - Filling up the DagBag from /home/airflow/.local/lib/python3.12/site-packages/airflow/example_dags/example_display_name.py
[2026-06-13T17:06:13.594+0000] {processor.py:925} INFO - DAG(s) 'example_display_name' retrieved from /home/airflow/.local/lib/python3.12/site-packages/airflow/example_dags/example_display_name.py
[2026-06-13T17:06:13.623+0000] {logging_mixin.py:190} INFO - [2026-06-13T17:06:13.622+0000] {dag.py:3239} INFO - Sync 1 DAGs
[2026-06-13T17:06:13.641+0000] {logging_mixin.py:190} INFO - [2026-06-13T17:06:13.640+0000] {dag.py:4180} INFO - Setting next_dagrun for example_display_name to None, run_after=None
[2026-06-13T17:06:13.674+0000] {processor.py:208} INFO - Processing /home/airflow/.local/lib/python3.12/site-packages/airflow/example_dags/example_display_name.py took 0.106 seconds
[2026-06-13T17:06:44.079+0000] {processor.py:186} INFO - Started process (PID=1952) to work on /home/airflow/.local/lib/python3.12/site-packages/airflow/example_dags/example_display_name.py
[2026-06-13T17:06:44.081+0000] {processor.py:914} INFO - Processing file /home/airflow/.local/lib/python3.12/site-packages/airflow/example_dags/example_display_name.py for tasks to queue
[2026-06-13T17:06:44.084+0000] {logging_mixin.py:190} INFO - [2026-06-13T17:06:44.084+0000] {dagbag.py:588} INFO - Filling up the DagBag from /home/airflow/.local/lib/python3.12/site-packages/airflow/example_dags/example_display_name.py
[2026-06-13T17:06:44.095+0000] {processor.py:925} INFO - DAG(s) 'example_display_name' retrieved from /home/airflow/.local/lib/python3.12/site-packages/airflow/example_dags/example_display_name.py
[2026-06-13T17:06:44.123+0000] {logging_mixin.py:190} INFO - [2026-06-13T17:06:44.122+0000] {dag.py:3239} INFO - Sync 1 DAGs
[2026-06-13T17:06:44.144+0000] {logging_mixin.py:190} INFO - [2026-06-13T17:06:44.143+0000] {dag.py:4180} INFO - Setting next_dagrun for example_display_name to None, run_after=None
[2026-06-13T17:06:44.172+0000] {processor.py:208} INFO - Processing /home/airflow/.local/lib/python3.12/site-packages/airflow/example_dags/example_display_name.py took 0.102 seconds
[2026-06-13T17:07:14.564+0000] {processor.py:186} INFO - Started process (PID=2014) to work on /home/airflow/.local/lib/python3.12/site-packages/airflow/example_dags/example_display_name.py
[2026-06-13T17:07:14.565+0000] {processor.py:914} INFO - Processing file /home/airflow/.local/lib/python3.12/site-packages/airflow/example_dags/example_display_name.py for tasks to queue
[2026-06-13T17:07:14.569+0000] {logging_mixin.py:190} INFO - [2026-06-13T17:07:14.568+0000] {dagbag.py:588} INFO - Filling up the DagBag from /home/airflow/.local/lib/python3.12/site-packages/airflow/example_dags/example_display_name.py
[2026-06-13T17:07:14.578+0000] {processor.py:925} INFO - DAG(s) 'example_display_name' retrieved from /home/airflow/.local/lib/python3.12/site-packages/airflow/example_dags/example_display_name.py
[2026-06-13T17:07:14.597+0000] {logging_mixin.py:190} INFO - [2026-06-13T17:07:14.596+0000] {dag.py:3239} INFO - Sync 1 DAGs
[2026-06-13T17:07:14.611+0000] {logging_mixin.py:190} INFO - [2026-06-13T17:07:14.611+0000] {dag.py:4180} INFO - Setting next_dagrun for example_display_name to None, run_after=None
[2026-06-13T17:07:14.645+0000] {processor.py:208} INFO - Processing /home/airflow/.local/lib/python3.12/site-packages/airflow/example_dags/example_display_name.py took 0.086 seconds
[2026-06-13T17:07:45.801+0000] {processor.py:186} INFO - Started process (PID=2076) to work on /home/airflow/.local/lib/python3.12/site-packages/airflow/example_dags/example_display_name.py
[2026-06-13T17:07:45.803+0000] {processor.py:914} INFO - Processing file /home/airflow/.local/lib/python3.12/site-packages/airflow/example_dags/example_display_name.py for tasks to queue
[2026-06-13T17:07:45.808+0000] {logging_mixin.py:190} INFO - [2026-06-13T17:07:45.807+0000] {dagbag.py:588} INFO - Filling up the DagBag from /home/airflow/.local/lib/python3.12/site-packages/airflow/example_dags/example_display_name.py
[2026-06-13T17:07:45.817+0000] {processor.py:925} INFO - DAG(s) 'example_display_name' retrieved from /home/airflow/.local/lib/python3.12/site-packages/airflow/example_dags/example_display_name.py
[2026-06-13T17:07:45.841+0000] {logging_mixin.py:190} INFO - [2026-06-13T17:07:45.841+0000] {dag.py:3239} INFO - Sync 1 DAGs
[2026-06-13T17:07:45.857+0000] {logging_mixin.py:190} INFO - [2026-06-13T17:07:45.857+0000] {dag.py:4180} INFO - Setting next_dagrun for example_display_name to None, run_after=None
[2026-06-13T17:07:46.075+0000] {processor.py:208} INFO - Processing /home/airflow/.local/lib/python3.12/site-packages/airflow/example_dags/example_display_name.py took 0.282 seconds
[2026-06-13T17:08:16.136+0000] {processor.py:186} INFO - Started process (PID=2138) to work on /home/airflow/.local/lib/python3.12/site-packages/airflow/example_dags/example_display_name.py
[2026-06-13T17:08:16.137+0000] {processor.py:914} INFO - Processing file /home/airflow/.local/lib/python3.12/site-packages/airflow/example_dags/example_display_name.py for tasks to queue
[2026-06-13T17:08:16.139+0000] {logging_mixin.py:190} INFO - [2026-06-13T17:08:16.139+0000] {dagbag.py:588} INFO - Filling up the DagBag from /home/airflow/.local/lib/python3.12/site-packages/airflow/example_dags/example_display_name.py
[2026-06-13T17:08:16.146+0000] {processor.py:925} INFO - DAG(s) 'example_display_name' retrieved from /home/airflow/.local/lib/python3.12/site-packages/airflow/example_dags/example_display_name.py
[2026-06-13T17:08:16.163+0000] {logging_mixin.py:190} INFO - [2026-06-13T17:08:16.162+0000] {dag.py:3239} INFO - Sync 1 DAGs
[2026-06-13T17:08:16.173+0000] {logging_mixin.py:190} INFO - [2026-06-13T17:08:16.173+0000] {dag.py:4180} INFO - Setting next_dagrun for example_display_name to None, run_after=None
[2026-06-13T17:08:16.197+0000] {processor.py:208} INFO - Processing /home/airflow/.local/lib/python3.12/site-packages/airflow/example_dags/example_display_name.py took 0.066 seconds
[2026-06-13T17:08:46.254+0000] {processor.py:186} INFO - Started process (PID=2200) to work on /home/airflow/.local/lib/python3.12/site-packages/airflow/example_dags/example_display_name.py
[2026-06-13T17:08:46.255+0000] {processor.py:914} INFO - Processing file /home/airflow/.local/lib/python3.12/site-packages/airflow/example_dags/example_display_name.py for tasks to queue
[2026-06-13T17:08:46.257+0000] {logging_mixin.py:190} INFO - [2026-06-13T17:08:46.257+0000] {dagbag.py:588} INFO - Filling up the DagBag from /home/airflow/.local/lib/python3.12/site-packages/airflow/example_dags/example_display_name.py
[2026-06-13T17:08:46.264+0000] {processor.py:925} INFO - DAG(s) 'example_display_name' retrieved from /home/airflow/.local/lib/python3.12/site-packages/airflow/example_dags/example_display_name.py
[2026-06-13T17:08:46.282+0000] {logging_mixin.py:190} INFO - [2026-06-13T17:08:46.282+0000] {dag.py:3239} INFO - Sync 1 DAGs
[2026-06-13T17:08:46.294+0000] {logging_mixin.py:190} INFO - [2026-06-13T17:08:46.293+0000] {dag.py:4180} INFO - Setting next_dagrun for example_display_name to None, run_after=None
[2026-06-13T17:08:46.320+0000] {processor.py:208} INFO - Processing /home/airflow/.local/lib/python3.12/site-packages/airflow/example_dags/example_display_name.py took 0.071 seconds
[2026-06-13T17:09:16.878+0000] {processor.py:186} INFO - Started process (PID=2262) to work on /home/airflow/.local/lib/python3.12/site-packages/airflow/example_dags/example_display_name.py
[2026-06-13T17:09:16.880+0000] {processor.py:914} INFO - Processing file /home/airflow/.local/lib/python3.12/site-packages/airflow/example_dags/example_display_name.py for tasks to queue
[2026-06-13T17:09:16.882+0000] {logging_mixin.py:190} INFO - [2026-06-13T17:09:16.882+0000] {dagbag.py:588} INFO - Filling up the DagBag from /home/airflow/.local/lib/python3.12/site-packages/airflow/example_dags/example_display_name.py
[2026-06-13T17:09:16.891+0000] {processor.py:925} INFO - DAG(s) 'example_display_name' retrieved from /home/airflow/.local/lib/python3.12/site-packages/airflow/example_dags/example_display_name.py
[2026-06-13T17:09:16.913+0000] {logging_mixin.py:190} INFO - [2026-06-13T17:09:16.913+0000] {dag.py:3239} INFO - Sync 1 DAGs
[2026-06-13T17:09:16.928+0000] {logging_mixin.py:190} INFO - [2026-06-13T17:09:16.928+0000] {dag.py:4180} INFO - Setting next_dagrun for example_display_name to None, run_after=None
[2026-06-13T17:09:16.944+0000] {processor.py:208} INFO - Processing /home/airflow/.local/lib/python3.12/site-packages/airflow/example_dags/example_display_name.py took 0.074 seconds
[2026-06-13T17:09:47.530+0000] {processor.py:186} INFO - Started process (PID=2324) to work on /home/airflow/.local/lib/python3.12/site-packages/airflow/example_dags/example_display_name.py
[2026-06-13T17:09:47.531+0000] {processor.py:914} INFO - Processing file /home/airflow/.local/lib/python3.12/site-packages/airflow/example_dags/example_display_name.py for tasks to queue
[2026-06-13T17:09:47.533+0000] {logging_mixin.py:190} INFO - [2026-06-13T17:09:47.533+0000] {dagbag.py:588} INFO - Filling up the DagBag from /home/airflow/.local/lib/python3.12/site-packages/airflow/example_dags/example_display_name.py
[2026-06-13T17:09:47.540+0000] {processor.py:925} INFO - DAG(s) 'example_display_name' retrieved from /home/airflow/.local/lib/python3.12/site-packages/airflow/example_dags/example_display_name.py
[2026-06-13T17:09:47.561+0000] {logging_mixin.py:190} INFO - [2026-06-13T17:09:47.560+0000] {dag.py:3239} INFO - Sync 1 DAGs
[2026-06-13T17:09:47.573+0000] {logging_mixin.py:190} INFO - [2026-06-13T17:09:47.573+0000] {dag.py:4180} INFO - Setting next_dagrun for example_display_name to None, run_after=None
[2026-06-13T17:09:47.593+0000] {processor.py:208} INFO - Processing /home/airflow/.local/lib/python3.12/site-packages/airflow/example_dags/example_display_name.py took 0.069 seconds
[2026-06-13T17:10:17.783+0000] {processor.py:186} INFO - Started process (PID=2386) to work on /home/airflow/.local/lib/python3.12/site-packages/airflow/example_dags/example_display_name.py
[2026-06-13T17:10:17.785+0000] {processor.py:914} INFO - Processing file /home/airflow/.local/lib/python3.12/site-packages/airflow/example_dags/example_display_name.py for tasks to queue
[2026-06-13T17:10:17.787+0000] {logging_mixin.py:190} INFO - [2026-06-13T17:10:17.787+0000] {dagbag.py:588} INFO - Filling up the DagBag from /home/airflow/.local/lib/python3.12/site-packages/airflow/example_dags/example_display_name.py
[2026-06-13T17:10:17.794+0000] {processor.py:925} INFO - DAG(s) 'example_display_name' retrieved from /home/airflow/.local/lib/python3.12/site-packages/airflow/example_dags/example_display_name.py
[2026-06-13T17:10:17.811+0000] {logging_mixin.py:190} INFO - [2026-06-13T17:10:17.811+0000] {dag.py:3239} INFO - Sync 1 DAGs
[2026-06-13T17:10:17.822+0000] {logging_mixin.py:190} INFO - [2026-06-13T17:10:17.822+0000] {dag.py:4180} INFO - Setting next_dagrun for example_display_name to None, run_after=None
[2026-06-13T17:10:17.840+0000] {processor.py:208} INFO - Processing /home/airflow/.local/lib/python3.12/site-packages/airflow/example_dags/example_display_name.py took 0.061 seconds
[2026-06-13T17:10:48.819+0000] {processor.py:186} INFO - Started process (PID=2448) to work on /home/airflow/.local/lib/python3.12/site-packages/airflow/example_dags/example_display_name.py
[2026-06-13T17:10:48.820+0000] {processor.py:914} INFO - Processing file /home/airflow/.local/lib/python3.12/site-packages/airflow/example_dags/example_display_name.py for tasks to queue
[2026-06-13T17:10:48.825+0000] {logging_mixin.py:190} INFO - [2026-06-13T17:10:48.824+0000] {dagbag.py:588} INFO - Filling up the DagBag from /home/airflow/.local/lib/python3.12/site-packages/airflow/example_dags/example_display_name.py
[2026-06-13T17:10:48.832+0000] {processor.py:925} INFO - DAG(s) 'example_display_name' retrieved from /home/airflow/.local/lib/python3.12/site-packages/airflow/example_dags/example_display_name.py
[2026-06-13T17:10:48.865+0000] {logging_mixin.py:190} INFO - [2026-06-13T17:10:48.864+0000] {dag.py:3239} INFO - Sync 1 DAGs
[2026-06-13T17:10:48.883+0000] {logging_mixin.py:190} INFO - [2026-06-13T17:10:48.883+0000] {dag.py:4180} INFO - Setting next_dagrun for example_display_name to None, run_after=None
[2026-06-13T17:10:48.912+0000] {processor.py:208} INFO - Processing /home/airflow/.local/lib/python3.12/site-packages/airflow/example_dags/example_display_name.py took 0.099 seconds
[2026-06-13T17:11:19.063+0000] {processor.py:186} INFO - Started process (PID=2510) to work on /home/airflow/.local/lib/python3.12/site-packages/airflow/example_dags/example_display_name.py
[2026-06-13T17:11:19.064+0000] {processor.py:914} INFO - Processing file /home/airflow/.local/lib/python3.12/site-packages/airflow/example_dags/example_display_name.py for tasks to queue
[2026-06-13T17:11:19.067+0000] {logging_mixin.py:190} INFO - [2026-06-13T17:11:19.066+0000] {dagbag.py:588} INFO - Filling up the DagBag from /home/airflow/.local/lib/python3.12/site-packages/airflow/example_dags/example_display_name.py
[2026-06-13T17:11:19.073+0000] {processor.py:925} INFO - DAG(s) 'example_display_name' retrieved from /home/airflow/.local/lib/python3.12/site-packages/airflow/example_dags/example_display_name.py
[2026-06-13T17:11:19.090+0000] {logging_mixin.py:190} INFO - [2026-06-13T17:11:19.089+0000] {dag.py:3239} INFO - Sync 1 DAGs
[2026-06-13T17:11:19.102+0000] {logging_mixin.py:190} INFO - [2026-06-13T17:11:19.101+0000] {dag.py:4180} INFO - Setting next_dagrun for example_display_name to None, run_after=None
[2026-06-13T17:11:19.120+0000] {processor.py:208} INFO - Processing /home/airflow/.local/lib/python3.12/site-packages/airflow/example_dags/example_display_name.py took 0.061 seconds
[2026-06-13T17:11:49.835+0000] {processor.py:186} INFO - Started process (PID=2572) to work on /home/airflow/.local/lib/python3.12/site-packages/airflow/example_dags/example_display_name.py
[2026-06-13T17:11:49.837+0000] {processor.py:914} INFO - Processing file /home/airflow/.local/lib/python3.12/site-packages/airflow/example_dags/example_display_name.py for tasks to queue
[2026-06-13T17:11:49.839+0000] {logging_mixin.py:190} INFO - [2026-06-13T17:11:49.839+0000] {dagbag.py:588} INFO - Filling up the DagBag from /home/airflow/.local/lib/python3.12/site-packages/airflow/example_dags/example_display_name.py
[2026-06-13T17:11:49.847+0000] {processor.py:925} INFO - DAG(s) 'example_display_name' retrieved from /home/airflow/.local/lib/python3.12/site-packages/airflow/example_dags/example_display_name.py
[2026-06-13T17:11:49.864+0000] {logging_mixin.py:190} INFO - [2026-06-13T17:11:49.864+0000] {dag.py:3239} INFO - Sync 1 DAGs
[2026-06-13T17:11:49.875+0000] {logging_mixin.py:190} INFO - [2026-06-13T17:11:49.875+0000] {dag.py:4180} INFO - Setting next_dagrun for example_display_name to None, run_after=None
[2026-06-13T17:11:49.891+0000] {processor.py:208} INFO - Processing /home/airflow/.local/lib/python3.12/site-packages/airflow/example_dags/example_display_name.py took 0.061 seconds
[2026-06-13T17:12:19.962+0000] {processor.py:186} INFO - Started process (PID=2634) to work on /home/airflow/.local/lib/python3.12/site-packages/airflow/example_dags/example_display_name.py
[2026-06-13T17:12:19.964+0000] {processor.py:914} INFO - Processing file /home/airflow/.local/lib/python3.12/site-packages/airflow/example_dags/example_display_name.py for tasks to queue
[2026-06-13T17:12:19.967+0000] {logging_mixin.py:190} INFO - [2026-06-13T17:12:19.966+0000] {dagbag.py:588} INFO - Filling up the DagBag from /home/airflow/.local/lib/python3.12/site-packages/airflow/example_dags/example_display_name.py
[2026-06-13T17:12:19.975+0000] {processor.py:925} INFO - DAG(s) 'example_display_name' retrieved from /home/airflow/.local/lib/python3.12/site-packages/airflow/example_dags/example_display_name.py
[2026-06-13T17:12:19.993+0000] {logging_mixin.py:190} INFO - [2026-06-13T17:12:19.993+0000] {dag.py:3239} INFO - Sync 1 DAGs
[2026-06-13T17:12:20.006+0000] {logging_mixin.py:190} INFO - [2026-06-13T17:12:20.006+0000] {dag.py:4180} INFO - Setting next_dagrun for example_display_name to None, run_after=None
[2026-06-13T17:12:20.024+0000] {processor.py:208} INFO - Processing /home/airflow/.local/lib/python3.12/site-packages/airflow/example_dags/example_display_name.py took 0.069 seconds
[2026-06-13T17:12:51.213+0000] {processor.py:186} INFO - Started process (PID=2696) to work on /home/airflow/.local/lib/python3.12/site-packages/airflow/example_dags/example_display_name.py
[2026-06-13T17:12:51.215+0000] {processor.py:914} INFO - Processing file /home/airflow/.local/lib/python3.12/site-packages/airflow/example_dags/example_display_name.py for tasks to queue
[2026-06-13T17:12:51.217+0000] {logging_mixin.py:190} INFO - [2026-06-13T17:12:51.216+0000] {dagbag.py:588} INFO - Filling up the DagBag from /home/airflow/.local/lib/python3.12/site-packages/airflow/example_dags/example_display_name.py
[2026-06-13T17:12:51.357+0000] {processor.py:925} INFO - DAG(s) 'example_display_name' retrieved from /home/airflow/.local/lib/python3.12/site-packages/airflow/example_dags/example_display_name.py
[2026-06-13T17:12:51.373+0000] {logging_mixin.py:190} INFO - [2026-06-13T17:12:51.372+0000] {dag.py:3239} INFO - Sync 1 DAGs
[2026-06-13T17:12:51.382+0000] {logging_mixin.py:190} INFO - [2026-06-13T17:12:51.381+0000] {dag.py:4180} INFO - Setting next_dagrun for example_display_name to None, run_after=None
[2026-06-13T17:12:51.395+0000] {processor.py:208} INFO - Processing /home/airflow/.local/lib/python3.12/site-packages/airflow/example_dags/example_display_name.py took 0.186 seconds
[2026-06-13T17:13:22.019+0000] {processor.py:186} INFO - Started process (PID=2758) to work on /home/airflow/.local/lib/python3.12/site-packages/airflow/example_dags/example_display_name.py
[2026-06-13T17:13:22.019+0000] {processor.py:914} INFO - Processing file /home/airflow/.local/lib/python3.12/site-packages/airflow/example_dags/example_display_name.py for tasks to queue
[2026-06-13T17:13:22.022+0000] {logging_mixin.py:190} INFO - [2026-06-13T17:13:22.021+0000] {dagbag.py:588} INFO - Filling up the DagBag from /home/airflow/.local/lib/python3.12/site-packages/airflow/example_dags/example_display_name.py
[2026-06-13T17:13:22.028+0000] {processor.py:925} INFO - DAG(s) 'example_display_name' retrieved from /home/airflow/.local/lib/python3.12/site-packages/airflow/example_dags/example_display_name.py
[2026-06-13T17:13:22.044+0000] {logging_mixin.py:190} INFO - [2026-06-13T17:13:22.044+0000] {dag.py:3239} INFO - Sync 1 DAGs
[2026-06-13T17:13:22.055+0000] {logging_mixin.py:190} INFO - [2026-06-13T17:13:22.054+0000] {dag.py:4180} INFO - Setting next_dagrun for example_display_name to None, run_after=None
[2026-06-13T17:13:22.076+0000] {processor.py:208} INFO - Processing /home/airflow/.local/lib/python3.12/site-packages/airflow/example_dags/example_display_name.py took 0.062 seconds
[2026-06-13T17:13:52.327+0000] {processor.py:186} INFO - Started process (PID=2820) to work on /home/airflow/.local/lib/python3.12/site-packages/airflow/example_dags/example_display_name.py
[2026-06-13T17:13:52.328+0000] {processor.py:914} INFO - Processing file /home/airflow/.local/lib/python3.12/site-packages/airflow/example_dags/example_display_name.py for tasks to queue
[2026-06-13T17:13:52.330+0000] {logging_mixin.py:190} INFO - [2026-06-13T17:13:52.330+0000] {dagbag.py:588} INFO - Filling up the DagBag from /home/airflow/.local/lib/python3.12/site-packages/airflow/example_dags/example_display_name.py
[2026-06-13T17:13:52.336+0000] {processor.py:925} INFO - DAG(s) 'example_display_name' retrieved from /home/airflow/.local/lib/python3.12/site-packages/airflow/example_dags/example_display_name.py
[2026-06-13T17:13:52.353+0000] {logging_mixin.py:190} INFO - [2026-06-13T17:13:52.352+0000] {dag.py:3239} INFO - Sync 1 DAGs
[2026-06-13T17:13:52.364+0000] {logging_mixin.py:190} INFO - [2026-06-13T17:13:52.364+0000] {dag.py:4180} INFO - Setting next_dagrun for example_display_name to None, run_after=None
[2026-06-13T17:13:52.420+0000] {processor.py:208} INFO - Processing /home/airflow/.local/lib/python3.12/site-packages/airflow/example_dags/example_display_name.py took 0.098 seconds
[2026-06-13T17:14:23.086+0000] {processor.py:186} INFO - Started process (PID=2882) to work on /home/airflow/.local/lib/python3.12/site-packages/airflow/example_dags/example_display_name.py
[2026-06-13T17:14:23.088+0000] {processor.py:914} INFO - Processing file /home/airflow/.local/lib/python3.12/site-packages/airflow/example_dags/example_display_name.py for tasks to queue
[2026-06-13T17:14:23.091+0000] {logging_mixin.py:190} INFO - [2026-06-13T17:14:23.091+0000] {dagbag.py:588} INFO - Filling up the DagBag from /home/airflow/.local/lib/python3.12/site-packages/airflow/example_dags/example_display_name.py
[2026-06-13T17:14:23.098+0000] {processor.py:925} INFO - DAG(s) 'example_display_name' retrieved from /home/airflow/.local/lib/python3.12/site-packages/airflow/example_dags/example_display_name.py
[2026-06-13T17:14:23.116+0000] {logging_mixin.py:190} INFO - [2026-06-13T17:14:23.115+0000] {dag.py:3239} INFO - Sync 1 DAGs
[2026-06-13T17:14:23.127+0000] {logging_mixin.py:190} INFO - [2026-06-13T17:14:23.126+0000] {dag.py:4180} INFO - Setting next_dagrun for example_display_name to None, run_after=None
[2026-06-13T17:14:23.142+0000] {processor.py:208} INFO - Processing /home/airflow/.local/lib/python3.12/site-packages/airflow/example_dags/example_display_name.py took 0.061 seconds
[2026-06-13T17:14:53.384+0000] {processor.py:186} INFO - Started process (PID=2944) to work on /home/airflow/.local/lib/python3.12/site-packages/airflow/example_dags/example_display_name.py
[2026-06-13T17:14:53.385+0000] {processor.py:914} INFO - Processing file /home/airflow/.local/lib/python3.12/site-packages/airflow/example_dags/example_display_name.py for tasks to queue
[2026-06-13T17:14:53.388+0000] {logging_mixin.py:190} INFO - [2026-06-13T17:14:53.388+0000] {dagbag.py:588} INFO - Filling up the DagBag from /home/airflow/.local/lib/python3.12/site-packages/airflow/example_dags/example_display_name.py
[2026-06-13T17:14:53.395+0000] {processor.py:925} INFO - DAG(s) 'example_display_name' retrieved from /home/airflow/.local/lib/python3.12/site-packages/airflow/example_dags/example_display_name.py
[2026-06-13T17:14:53.411+0000] {logging_mixin.py:190} INFO - [2026-06-13T17:14:53.411+0000] {dag.py:3239} INFO - Sync 1 DAGs
[2026-06-13T17:14:53.422+0000] {logging_mixin.py:190} INFO - [2026-06-13T17:14:53.422+0000] {dag.py:4180} INFO - Setting next_dagrun for example_display_name to None, run_after=None
[2026-06-13T17:14:53.438+0000] {processor.py:208} INFO - Processing /home/airflow/.local/lib/python3.12/site-packages/airflow/example_dags/example_display_name.py took 0.059 seconds
[2026-06-13T17:15:23.843+0000] {processor.py:186} INFO - Started process (PID=3006) to work on /home/airflow/.local/lib/python3.12/site-packages/airflow/example_dags/example_display_name.py
[2026-06-13T17:15:23.844+0000] {processor.py:914} INFO - Processing file /home/airflow/.local/lib/python3.12/site-packages/airflow/example_dags/example_display_name.py for tasks to queue
[2026-06-13T17:15:23.847+0000] {logging_mixin.py:190} INFO - [2026-06-13T17:15:23.846+0000] {dagbag.py:588} INFO - Filling up the DagBag from /home/airflow/.local/lib/python3.12/site-packages/airflow/example_dags/example_display_name.py
[2026-06-13T17:15:23.854+0000] {processor.py:925} INFO - DAG(s) 'example_display_name' retrieved from /home/airflow/.local/lib/python3.12/site-packages/airflow/example_dags/example_display_name.py
[2026-06-13T17:15:23.871+0000] {logging_mixin.py:190} INFO - [2026-06-13T17:15:23.870+0000] {dag.py:3239} INFO - Sync 1 DAGs
[2026-06-13T17:15:23.881+0000] {logging_mixin.py:190} INFO - [2026-06-13T17:15:23.881+0000] {dag.py:4180} INFO - Setting next_dagrun for example_display_name to None, run_after=None
[2026-06-13T17:15:23.899+0000] {processor.py:208} INFO - Processing /home/airflow/.local/lib/python3.12/site-packages/airflow/example_dags/example_display_name.py took 0.062 seconds
[2026-06-13T17:15:54.333+0000] {processor.py:186} INFO - Started process (PID=3068) to work on /home/airflow/.local/lib/python3.12/site-packages/airflow/example_dags/example_display_name.py
[2026-06-13T17:15:54.335+0000] {processor.py:914} INFO - Processing file /home/airflow/.local/lib/python3.12/site-packages/airflow/example_dags/example_display_name.py for tasks to queue
[2026-06-13T17:15:54.337+0000] {logging_mixin.py:190} INFO - [2026-06-13T17:15:54.336+0000] {dagbag.py:588} INFO - Filling up the DagBag from /home/airflow/.local/lib/python3.12/site-packages/airflow/example_dags/example_display_name.py
[2026-06-13T17:15:54.344+0000] {processor.py:925} INFO - DAG(s) 'example_display_name' retrieved from /home/airflow/.local/lib/python3.12/site-packages/airflow/example_dags/example_display_name.py
[2026-06-13T17:15:54.359+0000] {logging_mixin.py:190} INFO - [2026-06-13T17:15:54.359+0000] {dag.py:3239} INFO - Sync 1 DAGs
[2026-06-13T17:15:54.371+0000] {logging_mixin.py:190} INFO - [2026-06-13T17:15:54.371+0000] {dag.py:4180} INFO - Setting next_dagrun for example_display_name to None, run_after=None
[2026-06-13T17:15:54.386+0000] {processor.py:208} INFO - Processing /home/airflow/.local/lib/python3.12/site-packages/airflow/example_dags/example_display_name.py took 0.058 seconds
[2026-06-13T17:16:24.912+0000] {processor.py:186} INFO - Started process (PID=3130) to work on /home/airflow/.local/lib/python3.12/site-packages/airflow/example_dags/example_display_name.py
[2026-06-13T17:16:24.914+0000] {processor.py:914} INFO - Processing file /home/airflow/.local/lib/python3.12/site-packages/airflow/example_dags/example_display_name.py for tasks to queue
[2026-06-13T17:16:24.917+0000] {logging_mixin.py:190} INFO - [2026-06-13T17:16:24.916+0000] {dagbag.py:588} INFO - Filling up the DagBag from /home/airflow/.local/lib/python3.12/site-packages/airflow/example_dags/example_display_name.py
[2026-06-13T17:16:24.926+0000] {processor.py:925} INFO - DAG(s) 'example_display_name' retrieved from /home/airflow/.local/lib/python3.12/site-packages/airflow/example_dags/example_display_name.py
[2026-06-13T17:16:24.944+0000] {logging_mixin.py:190} INFO - [2026-06-13T17:16:24.944+0000] {dag.py:3239} INFO - Sync 1 DAGs
[2026-06-13T17:16:24.955+0000] {logging_mixin.py:190} INFO - [2026-06-13T17:16:24.955+0000] {dag.py:4180} INFO - Setting next_dagrun for example_display_name to None, run_after=None
[2026-06-13T17:16:24.976+0000] {processor.py:208} INFO - Processing /home/airflow/.local/lib/python3.12/site-packages/airflow/example_dags/example_display_name.py took 0.069 seconds
[2026-06-13T17:16:55.368+0000] {processor.py:186} INFO - Started process (PID=3192) to work on /home/airflow/.local/lib/python3.12/site-packages/airflow/example_dags/example_display_name.py
[2026-06-13T17:16:55.369+0000] {processor.py:914} INFO - Processing file /home/airflow/.local/lib/python3.12/site-packages/airflow/example_dags/example_display_name.py for tasks to queue
[2026-06-13T17:16:55.372+0000] {logging_mixin.py:190} INFO - [2026-06-13T17:16:55.372+0000] {dagbag.py:588} INFO - Filling up the DagBag from /home/airflow/.local/lib/python3.12/site-packages/airflow/example_dags/example_display_name.py
[2026-06-13T17:16:55.379+0000] {processor.py:925} INFO - DAG(s) 'example_display_name' retrieved from /home/airflow/.local/lib/python3.12/site-packages/airflow/example_dags/example_display_name.py
[2026-06-13T17:16:55.396+0000] {logging_mixin.py:190} INFO - [2026-06-13T17:16:55.396+0000] {dag.py:3239} INFO - Sync 1 DAGs
[2026-06-13T17:16:55.407+0000] {logging_mixin.py:190} INFO - [2026-06-13T17:16:55.407+0000] {dag.py:4180} INFO - Setting next_dagrun for example_display_name to None, run_after=None
[2026-06-13T17:16:55.424+0000] {processor.py:208} INFO - Processing /home/airflow/.local/lib/python3.12/site-packages/airflow/example_dags/example_display_name.py took 0.060 seconds
[2026-06-13T17:17:25.641+0000] {processor.py:186} INFO - Started process (PID=3254) to work on /home/airflow/.local/lib/python3.12/site-packages/airflow/example_dags/example_display_name.py
[2026-06-13T17:17:25.643+0000] {processor.py:914} INFO - Processing file /home/airflow/.local/lib/python3.12/site-packages/airflow/example_dags/example_display_name.py for tasks to queue
[2026-06-13T17:17:25.647+0000] {logging_mixin.py:190} INFO - [2026-06-13T17:17:25.647+0000] {dagbag.py:588} INFO - Filling up the DagBag from /home/airflow/.local/lib/python3.12/site-packages/airflow/example_dags/example_display_name.py
[2026-06-13T17:17:25.656+0000] {processor.py:925} INFO - DAG(s) 'example_display_name' retrieved from /home/airflow/.local/lib/python3.12/site-packages/airflow/example_dags/example_display_name.py
[2026-06-13T17:17:25.676+0000] {logging_mixin.py:190} INFO - [2026-06-13T17:17:25.675+0000] {dag.py:3239} INFO - Sync 1 DAGs
[2026-06-13T17:17:25.688+0000] {logging_mixin.py:190} INFO - [2026-06-13T17:17:25.688+0000] {dag.py:4180} INFO - Setting next_dagrun for example_display_name to None, run_after=None
[2026-06-13T17:17:25.709+0000] {processor.py:208} INFO - Processing /home/airflow/.local/lib/python3.12/site-packages/airflow/example_dags/example_display_name.py took 0.075 seconds
[2026-06-13T17:17:56.011+0000] {processor.py:186} INFO - Started process (PID=3316) to work on /home/airflow/.local/lib/python3.12/site-packages/airflow/example_dags/example_display_name.py
[2026-06-13T17:17:56.012+0000] {processor.py:914} INFO - Processing file /home/airflow/.local/lib/python3.12/site-packages/airflow/example_dags/example_display_name.py for tasks to queue
[2026-06-13T17:17:56.015+0000] {logging_mixin.py:190} INFO - [2026-06-13T17:17:56.014+0000] {dagbag.py:588} INFO - Filling up the DagBag from /home/airflow/.local/lib/python3.12/site-packages/airflow/example_dags/example_display_name.py
[2026-06-13T17:17:56.021+0000] {processor.py:925} INFO - DAG(s) 'example_display_name' retrieved from /home/airflow/.local/lib/python3.12/site-packages/airflow/example_dags/example_display_name.py
[2026-06-13T17:17:56.038+0000] {logging_mixin.py:190} INFO - [2026-06-13T17:17:56.038+0000] {dag.py:3239} INFO - Sync 1 DAGs
[2026-06-13T17:17:56.050+0000] {logging_mixin.py:190} INFO - [2026-06-13T17:17:56.049+0000] {dag.py:4180} INFO - Setting next_dagrun for example_display_name to None, run_after=None
[2026-06-13T17:17:56.066+0000] {processor.py:208} INFO - Processing /home/airflow/.local/lib/python3.12/site-packages/airflow/example_dags/example_display_name.py took 0.060 seconds
[2026-06-13T17:18:26.515+0000] {processor.py:186} INFO - Started process (PID=3378) to work on /home/airflow/.local/lib/python3.12/site-packages/airflow/example_dags/example_display_name.py
[2026-06-13T17:18:26.517+0000] {processor.py:914} INFO - Processing file /home/airflow/.local/lib/python3.12/site-packages/airflow/example_dags/example_display_name.py for tasks to queue
[2026-06-13T17:18:26.519+0000] {logging_mixin.py:190} INFO - [2026-06-13T17:18:26.518+0000] {dagbag.py:588} INFO - Filling up the DagBag from /home/airflow/.local/lib/python3.12/site-packages/airflow/example_dags/example_display_name.py
[2026-06-13T17:18:26.525+0000] {processor.py:925} INFO - DAG(s) 'example_display_name' retrieved from /home/airflow/.local/lib/python3.12/site-packages/airflow/example_dags/example_display_name.py
[2026-06-13T17:18:26.540+0000] {logging_mixin.py:190} INFO - [2026-06-13T17:18:26.539+0000] {dag.py:3239} INFO - Sync 1 DAGs
[2026-06-13T17:18:26.550+0000] {logging_mixin.py:190} INFO - [2026-06-13T17:18:26.550+0000] {dag.py:4180} INFO - Setting next_dagrun for example_display_name to None, run_after=None
[2026-06-13T17:18:26.564+0000] {processor.py:208} INFO - Processing /home/airflow/.local/lib/python3.12/site-packages/airflow/example_dags/example_display_name.py took 0.054 seconds
[2026-06-13T17:18:57.155+0000] {processor.py:186} INFO - Started process (PID=3440) to work on /home/airflow/.local/lib/python3.12/site-packages/airflow/example_dags/example_display_name.py
[2026-06-13T17:18:57.156+0000] {processor.py:914} INFO - Processing file /home/airflow/.local/lib/python3.12/site-packages/airflow/example_dags/example_display_name.py for tasks to queue
[2026-06-13T17:18:57.158+0000] {logging_mixin.py:190} INFO - [2026-06-13T17:18:57.158+0000] {dagbag.py:588} INFO - Filling up the DagBag from /home/airflow/.local/lib/python3.12/site-packages/airflow/example_dags/example_display_name.py
[2026-06-13T17:18:57.165+0000] {processor.py:925} INFO - DAG(s) 'example_display_name' retrieved from /home/airflow/.local/lib/python3.12/site-packages/airflow/example_dags/example_display_name.py
[2026-06-13T17:18:57.181+0000] {logging_mixin.py:190} INFO - [2026-06-13T17:18:57.181+0000] {dag.py:3239} INFO - Sync 1 DAGs
[2026-06-13T17:18:57.192+0000] {logging_mixin.py:190} INFO - [2026-06-13T17:18:57.192+0000] {dag.py:4180} INFO - Setting next_dagrun for example_display_name to None, run_after=None
[2026-06-13T17:18:57.210+0000] {processor.py:208} INFO - Processing /home/airflow/.local/lib/python3.12/site-packages/airflow/example_dags/example_display_name.py took 0.060 seconds
[2026-06-13T17:19:27.972+0000] {processor.py:186} INFO - Started process (PID=3502) to work on /home/airflow/.local/lib/python3.12/site-packages/airflow/example_dags/example_display_name.py
[2026-06-13T17:19:27.974+0000] {processor.py:914} INFO - Processing file /home/airflow/.local/lib/python3.12/site-packages/airflow/example_dags/example_display_name.py for tasks to queue
[2026-06-13T17:19:27.976+0000] {logging_mixin.py:190} INFO - [2026-06-13T17:19:27.976+0000] {dagbag.py:588} INFO - Filling up the DagBag from /home/airflow/.local/lib/python3.12/site-packages/airflow/example_dags/example_display_name.py
[2026-06-13T17:19:27.985+0000] {processor.py:925} INFO - DAG(s) 'example_display_name' retrieved from /home/airflow/.local/lib/python3.12/site-packages/airflow/example_dags/example_display_name.py
[2026-06-13T17:19:28.009+0000] {logging_mixin.py:190} INFO - [2026-06-13T17:19:28.008+0000] {dag.py:3239} INFO - Sync 1 DAGs
[2026-06-13T17:19:28.021+0000] {logging_mixin.py:190} INFO - [2026-06-13T17:19:28.020+0000] {dag.py:4180} INFO - Setting next_dagrun for example_display_name to None, run_after=None
[2026-06-13T17:19:28.039+0000] {processor.py:208} INFO - Processing /home/airflow/.local/lib/python3.12/site-packages/airflow/example_dags/example_display_name.py took 0.072 seconds
[2026-06-13T17:19:58.681+0000] {processor.py:186} INFO - Started process (PID=3564) to work on /home/airflow/.local/lib/python3.12/site-packages/airflow/example_dags/example_display_name.py
[2026-06-13T17:19:58.683+0000] {processor.py:914} INFO - Processing file /home/airflow/.local/lib/python3.12/site-packages/airflow/example_dags/example_display_name.py for tasks to queue
[2026-06-13T17:19:58.686+0000] {logging_mixin.py:190} INFO - [2026-06-13T17:19:58.685+0000] {dagbag.py:588} INFO - Filling up the DagBag from /home/airflow/.local/lib/python3.12/site-packages/airflow/example_dags/example_display_name.py
[2026-06-13T17:19:58.693+0000] {processor.py:925} INFO - DAG(s) 'example_display_name' retrieved from /home/airflow/.local/lib/python3.12/site-packages/airflow/example_dags/example_display_name.py
[2026-06-13T17:19:58.712+0000] {logging_mixin.py:190} INFO - [2026-06-13T17:19:58.712+0000] {dag.py:3239} INFO - Sync 1 DAGs
[2026-06-13T17:19:58.729+0000] {logging_mixin.py:190} INFO - [2026-06-13T17:19:58.729+0000] {dag.py:4180} INFO - Setting next_dagrun for example_display_name to None, run_after=None
[2026-06-13T17:19:58.751+0000] {processor.py:208} INFO - Processing /home/airflow/.local/lib/python3.12/site-packages/airflow/example_dags/example_display_name.py took 0.075 seconds
[2026-06-13T17:20:29.176+0000] {processor.py:186} INFO - Started process (PID=3626) to work on /home/airflow/.local/lib/python3.12/site-packages/airflow/example_dags/example_display_name.py
[2026-06-13T17:20:29.177+0000] {processor.py:914} INFO - Processing file /home/airflow/.local/lib/python3.12/site-packages/airflow/example_dags/example_display_name.py for tasks to queue
[2026-06-13T17:20:29.180+0000] {logging_mixin.py:190} INFO - [2026-06-13T17:20:29.179+0000] {dagbag.py:588} INFO - Filling up the DagBag from /home/airflow/.local/lib/python3.12/site-packages/airflow/example_dags/example_display_name.py
[2026-06-13T17:20:29.187+0000] {processor.py:925} INFO - DAG(s) 'example_display_name' retrieved from /home/airflow/.local/lib/python3.12/site-packages/airflow/example_dags/example_display_name.py
[2026-06-13T17:20:29.206+0000] {logging_mixin.py:190} INFO - [2026-06-13T17:20:29.206+0000] {dag.py:3239} INFO - Sync 1 DAGs
[2026-06-13T17:20:29.220+0000] {logging_mixin.py:190} INFO - [2026-06-13T17:20:29.220+0000] {dag.py:4180} INFO - Setting next_dagrun for example_display_name to None, run_after=None
[2026-06-13T17:20:29.238+0000] {processor.py:208} INFO - Processing /home/airflow/.local/lib/python3.12/site-packages/airflow/example_dags/example_display_name.py took 0.068 seconds
[2026-06-13T17:20:59.634+0000] {processor.py:186} INFO - Started process (PID=3688) to work on /home/airflow/.local/lib/python3.12/site-packages/airflow/example_dags/example_display_name.py
[2026-06-13T17:20:59.635+0000] {processor.py:914} INFO - Processing file /home/airflow/.local/lib/python3.12/site-packages/airflow/example_dags/example_display_name.py for tasks to queue
[2026-06-13T17:20:59.638+0000] {logging_mixin.py:190} INFO - [2026-06-13T17:20:59.637+0000] {dagbag.py:588} INFO - Filling up the DagBag from /home/airflow/.local/lib/python3.12/site-packages/airflow/example_dags/example_display_name.py
[2026-06-13T17:20:59.644+0000] {processor.py:925} INFO - DAG(s) 'example_display_name' retrieved from /home/airflow/.local/lib/python3.12/site-packages/airflow/example_dags/example_display_name.py
[2026-06-13T17:20:59.660+0000] {logging_mixin.py:190} INFO - [2026-06-13T17:20:59.660+0000] {dag.py:3239} INFO - Sync 1 DAGs
[2026-06-13T17:20:59.672+0000] {logging_mixin.py:190} INFO - [2026-06-13T17:20:59.672+0000] {dag.py:4180} INFO - Setting next_dagrun for example_display_name to None, run_after=None
[2026-06-13T17:20:59.688+0000] {processor.py:208} INFO - Processing /home/airflow/.local/lib/python3.12/site-packages/airflow/example_dags/example_display_name.py took 0.058 seconds
[2026-06-13T17:21:30.324+0000] {processor.py:186} INFO - Started process (PID=3750) to work on /home/airflow/.local/lib/python3.12/site-packages/airflow/example_dags/example_display_name.py
[2026-06-13T17:21:30.325+0000] {processor.py:914} INFO - Processing file /home/airflow/.local/lib/python3.12/site-packages/airflow/example_dags/example_display_name.py for tasks to queue
[2026-06-13T17:21:30.328+0000] {logging_mixin.py:190} INFO - [2026-06-13T17:21:30.327+0000] {dagbag.py:588} INFO - Filling up the DagBag from /home/airflow/.local/lib/python3.12/site-packages/airflow/example_dags/example_display_name.py
[2026-06-13T17:21:30.334+0000] {processor.py:925} INFO - DAG(s) 'example_display_name' retrieved from /home/airflow/.local/lib/python3.12/site-packages/airflow/example_dags/example_display_name.py
[2026-06-13T17:21:30.351+0000] {logging_mixin.py:190} INFO - [2026-06-13T17:21:30.351+0000] {dag.py:3239} INFO - Sync 1 DAGs
[2026-06-13T17:21:30.364+0000] {logging_mixin.py:190} INFO - [2026-06-13T17:21:30.364+0000] {dag.py:4180} INFO - Setting next_dagrun for example_display_name to None, run_after=None
[2026-06-13T17:21:30.385+0000] {processor.py:208} INFO - Processing /home/airflow/.local/lib/python3.12/site-packages/airflow/example_dags/example_display_name.py took 0.065 seconds
[2026-06-13T17:22:00.635+0000] {processor.py:186} INFO - Started process (PID=3812) to work on /home/airflow/.local/lib/python3.12/site-packages/airflow/example_dags/example_display_name.py
[2026-06-13T17:22:00.637+0000] {processor.py:914} INFO - Processing file /home/airflow/.local/lib/python3.12/site-packages/airflow/example_dags/example_display_name.py for tasks to queue
[2026-06-13T17:22:00.640+0000] {logging_mixin.py:190} INFO - [2026-06-13T17:22:00.640+0000] {dagbag.py:588} INFO - Filling up the DagBag from /home/airflow/.local/lib/python3.12/site-packages/airflow/example_dags/example_display_name.py
[2026-06-13T17:22:00.647+0000] {processor.py:925} INFO - DAG(s) 'example_display_name' retrieved from /home/airflow/.local/lib/python3.12/site-packages/airflow/example_dags/example_display_name.py
[2026-06-13T17:22:00.664+0000] {logging_mixin.py:190} INFO - [2026-06-13T17:22:00.664+0000] {dag.py:3239} INFO - Sync 1 DAGs
[2026-06-13T17:22:00.676+0000] {logging_mixin.py:190} INFO - [2026-06-13T17:22:00.676+0000] {dag.py:4180} INFO - Setting next_dagrun for example_display_name to None, run_after=None
[2026-06-13T17:22:00.691+0000] {processor.py:208} INFO - Processing /home/airflow/.local/lib/python3.12/site-packages/airflow/example_dags/example_display_name.py took 0.060 seconds
[2026-06-13T17:22:30.955+0000] {processor.py:186} INFO - Started process (PID=3873) to work on /home/airflow/.local/lib/python3.12/site-packages/airflow/example_dags/example_display_name.py
[2026-06-13T17:22:30.957+0000] {processor.py:914} INFO - Processing file /home/airflow/.local/lib/python3.12/site-packages/airflow/example_dags/example_display_name.py for tasks to queue
[2026-06-13T17:22:30.959+0000] {logging_mixin.py:190} INFO - [2026-06-13T17:22:30.959+0000] {dagbag.py:588} INFO - Filling up the DagBag from /home/airflow/.local/lib/python3.12/site-packages/airflow/example_dags/example_display_name.py
[2026-06-13T17:22:30.965+0000] {processor.py:925} INFO - DAG(s) 'example_display_name' retrieved from /home/airflow/.local/lib/python3.12/site-packages/airflow/example_dags/example_display_name.py
[2026-06-13T17:22:30.980+0000] {logging_mixin.py:190} INFO - [2026-06-13T17:22:30.980+0000] {dag.py:3239} INFO - Sync 1 DAGs
[2026-06-13T17:22:30.990+0000] {logging_mixin.py:190} INFO - [2026-06-13T17:22:30.990+0000] {dag.py:4180} INFO - Setting next_dagrun for example_display_name to None, run_after=None
[2026-06-13T17:22:31.008+0000] {processor.py:208} INFO - Processing /home/airflow/.local/lib/python3.12/site-packages/airflow/example_dags/example_display_name.py took 0.058 seconds
[2026-06-13T17:23:01.620+0000] {processor.py:186} INFO - Started process (PID=3936) to work on /home/airflow/.local/lib/python3.12/site-packages/airflow/example_dags/example_display_name.py
[2026-06-13T17:23:01.621+0000] {processor.py:914} INFO - Processing file /home/airflow/.local/lib/python3.12/site-packages/airflow/example_dags/example_display_name.py for tasks to queue
[2026-06-13T17:23:01.624+0000] {logging_mixin.py:190} INFO - [2026-06-13T17:23:01.624+0000] {dagbag.py:588} INFO - Filling up the DagBag from /home/airflow/.local/lib/python3.12/site-packages/airflow/example_dags/example_display_name.py
[2026-06-13T17:23:01.633+0000] {processor.py:925} INFO - DAG(s) 'example_display_name' retrieved from /home/airflow/.local/lib/python3.12/site-packages/airflow/example_dags/example_display_name.py
[2026-06-13T17:23:01.661+0000] {logging_mixin.py:190} INFO - [2026-06-13T17:23:01.660+0000] {dag.py:3239} INFO - Sync 1 DAGs
[2026-06-13T17:23:01.683+0000] {logging_mixin.py:190} INFO - [2026-06-13T17:23:01.683+0000] {dag.py:4180} INFO - Setting next_dagrun for example_display_name to None, run_after=None
[2026-06-13T17:23:01.715+0000] {processor.py:208} INFO - Processing /home/airflow/.local/lib/python3.12/site-packages/airflow/example_dags/example_display_name.py took 0.102 seconds
[2026-06-13T17:23:32.163+0000] {processor.py:186} INFO - Started process (PID=3998) to work on /home/airflow/.local/lib/python3.12/site-packages/airflow/example_dags/example_display_name.py
[2026-06-13T17:23:32.165+0000] {processor.py:914} INFO - Processing file /home/airflow/.local/lib/python3.12/site-packages/airflow/example_dags/example_display_name.py for tasks to queue
[2026-06-13T17:23:32.167+0000] {logging_mixin.py:190} INFO - [2026-06-13T17:23:32.167+0000] {dagbag.py:588} INFO - Filling up the DagBag from /home/airflow/.local/lib/python3.12/site-packages/airflow/example_dags/example_display_name.py
[2026-06-13T17:23:32.174+0000] {processor.py:925} INFO - DAG(s) 'example_display_name' retrieved from /home/airflow/.local/lib/python3.12/site-packages/airflow/example_dags/example_display_name.py
[2026-06-13T17:23:32.191+0000] {logging_mixin.py:190} INFO - [2026-06-13T17:23:32.191+0000] {dag.py:3239} INFO - Sync 1 DAGs
[2026-06-13T17:23:32.202+0000] {logging_mixin.py:190} INFO - [2026-06-13T17:23:32.202+0000] {dag.py:4180} INFO - Setting next_dagrun for example_display_name to None, run_after=None
[2026-06-13T17:23:32.218+0000] {processor.py:208} INFO - Processing /home/airflow/.local/lib/python3.12/site-packages/airflow/example_dags/example_display_name.py took 0.060 seconds
[2026-06-13T17:24:02.419+0000] {processor.py:186} INFO - Started process (PID=4061) to work on /home/airflow/.local/lib/python3.12/site-packages/airflow/example_dags/example_display_name.py
[2026-06-13T17:24:02.420+0000] {processor.py:914} INFO - Processing file /home/airflow/.local/lib/python3.12/site-packages/airflow/example_dags/example_display_name.py for tasks to queue
[2026-06-13T17:24:02.422+0000] {logging_mixin.py:190} INFO - [2026-06-13T17:24:02.422+0000] {dagbag.py:588} INFO - Filling up the DagBag from /home/airflow/.local/lib/python3.12/site-packages/airflow/example_dags/example_display_name.py
[2026-06-13T17:24:02.429+0000] {processor.py:925} INFO - DAG(s) 'example_display_name' retrieved from /home/airflow/.local/lib/python3.12/site-packages/airflow/example_dags/example_display_name.py
[2026-06-13T17:24:02.446+0000] {logging_mixin.py:190} INFO - [2026-06-13T17:24:02.446+0000] {dag.py:3239} INFO - Sync 1 DAGs
[2026-06-13T17:24:02.458+0000] {logging_mixin.py:190} INFO - [2026-06-13T17:24:02.458+0000] {dag.py:4180} INFO - Setting next_dagrun for example_display_name to None, run_after=None
[2026-06-13T17:24:02.478+0000] {processor.py:208} INFO - Processing /home/airflow/.local/lib/python3.12/site-packages/airflow/example_dags/example_display_name.py took 0.064 seconds
[2026-06-13T17:24:32.890+0000] {processor.py:186} INFO - Started process (PID=4123) to work on /home/airflow/.local/lib/python3.12/site-packages/airflow/example_dags/example_display_name.py
[2026-06-13T17:24:32.891+0000] {processor.py:914} INFO - Processing file /home/airflow/.local/lib/python3.12/site-packages/airflow/example_dags/example_display_name.py for tasks to queue
[2026-06-13T17:24:32.894+0000] {logging_mixin.py:190} INFO - [2026-06-13T17:24:32.893+0000] {dagbag.py:588} INFO - Filling up the DagBag from /home/airflow/.local/lib/python3.12/site-packages/airflow/example_dags/example_display_name.py
[2026-06-13T17:24:32.900+0000] {processor.py:925} INFO - DAG(s) 'example_display_name' retrieved from /home/airflow/.local/lib/python3.12/site-packages/airflow/example_dags/example_display_name.py
[2026-06-13T17:24:32.917+0000] {logging_mixin.py:190} INFO - [2026-06-13T17:24:32.917+0000] {dag.py:3239} INFO - Sync 1 DAGs
[2026-06-13T17:24:32.928+0000] {logging_mixin.py:190} INFO - [2026-06-13T17:24:32.927+0000] {dag.py:4180} INFO - Setting next_dagrun for example_display_name to None, run_after=None
[2026-06-13T17:24:32.945+0000] {processor.py:208} INFO - Processing /home/airflow/.local/lib/python3.12/site-packages/airflow/example_dags/example_display_name.py took 0.059 seconds
[2026-06-13T17:25:03.038+0000] {processor.py:186} INFO - Started process (PID=4185) to work on /home/airflow/.local/lib/python3.12/site-packages/airflow/example_dags/example_display_name.py
[2026-06-13T17:25:03.039+0000] {processor.py:914} INFO - Processing file /home/airflow/.local/lib/python3.12/site-packages/airflow/example_dags/example_display_name.py for tasks to queue
[2026-06-13T17:25:03.042+0000] {logging_mixin.py:190} INFO - [2026-06-13T17:25:03.041+0000] {dagbag.py:588} INFO - Filling up the DagBag from /home/airflow/.local/lib/python3.12/site-packages/airflow/example_dags/example_display_name.py
[2026-06-13T17:25:03.048+0000] {processor.py:925} INFO - DAG(s) 'example_display_name' retrieved from /home/airflow/.local/lib/python3.12/site-packages/airflow/example_dags/example_display_name.py
[2026-06-13T17:25:03.064+0000] {logging_mixin.py:190} INFO - [2026-06-13T17:25:03.063+0000] {dag.py:3239} INFO - Sync 1 DAGs
[2026-06-13T17:25:03.074+0000] {logging_mixin.py:190} INFO - [2026-06-13T17:25:03.074+0000] {dag.py:4180} INFO - Setting next_dagrun for example_display_name to None, run_after=None
[2026-06-13T17:25:03.090+0000] {processor.py:208} INFO - Processing /home/airflow/.local/lib/python3.12/site-packages/airflow/example_dags/example_display_name.py took 0.056 seconds
[2026-06-13T17:25:33.312+0000] {processor.py:186} INFO - Started process (PID=4247) to work on /home/airflow/.local/lib/python3.12/site-packages/airflow/example_dags/example_display_name.py
[2026-06-13T17:25:33.313+0000] {processor.py:914} INFO - Processing file /home/airflow/.local/lib/python3.12/site-packages/airflow/example_dags/example_display_name.py for tasks to queue
[2026-06-13T17:25:33.316+0000] {logging_mixin.py:190} INFO - [2026-06-13T17:25:33.315+0000] {dagbag.py:588} INFO - Filling up the DagBag from /home/airflow/.local/lib/python3.12/site-packages/airflow/example_dags/example_display_name.py
[2026-06-13T17:25:33.322+0000] {processor.py:925} INFO - DAG(s) 'example_display_name' retrieved from /home/airflow/.local/lib/python3.12/site-packages/airflow/example_dags/example_display_name.py
[2026-06-13T17:25:33.341+0000] {logging_mixin.py:190} INFO - [2026-06-13T17:25:33.341+0000] {dag.py:3239} INFO - Sync 1 DAGs
[2026-06-13T17:25:33.354+0000] {logging_mixin.py:190} INFO - [2026-06-13T17:25:33.353+0000] {dag.py:4180} INFO - Setting next_dagrun for example_display_name to None, run_after=None
[2026-06-13T17:25:33.377+0000] {processor.py:208} INFO - Processing /home/airflow/.local/lib/python3.12/site-packages/airflow/example_dags/example_display_name.py took 0.069 seconds
[2026-06-13T17:26:03.505+0000] {processor.py:186} INFO - Started process (PID=4309) to work on /home/airflow/.local/lib/python3.12/site-packages/airflow/example_dags/example_display_name.py
[2026-06-13T17:26:03.507+0000] {processor.py:914} INFO - Processing file /home/airflow/.local/lib/python3.12/site-packages/airflow/example_dags/example_display_name.py for tasks to queue
[2026-06-13T17:26:03.509+0000] {logging_mixin.py:190} INFO - [2026-06-13T17:26:03.509+0000] {dagbag.py:588} INFO - Filling up the DagBag from /home/airflow/.local/lib/python3.12/site-packages/airflow/example_dags/example_display_name.py
[2026-06-13T17:26:03.515+0000] {processor.py:925} INFO - DAG(s) 'example_display_name' retrieved from /home/airflow/.local/lib/python3.12/site-packages/airflow/example_dags/example_display_name.py
[2026-06-13T17:26:03.532+0000] {logging_mixin.py:190} INFO - [2026-06-13T17:26:03.532+0000] {dag.py:3239} INFO - Sync 1 DAGs
[2026-06-13T17:26:03.544+0000] {logging_mixin.py:190} INFO - [2026-06-13T17:26:03.543+0000] {dag.py:4180} INFO - Setting next_dagrun for example_display_name to None, run_after=None
[2026-06-13T17:26:03.559+0000] {processor.py:208} INFO - Processing /home/airflow/.local/lib/python3.12/site-packages/airflow/example_dags/example_display_name.py took 0.059 seconds
[2026-06-13T17:26:33.949+0000] {processor.py:186} INFO - Started process (PID=4371) to work on /home/airflow/.local/lib/python3.12/site-packages/airflow/example_dags/example_display_name.py
[2026-06-13T17:26:33.951+0000] {processor.py:914} INFO - Processing file /home/airflow/.local/lib/python3.12/site-packages/airflow/example_dags/example_display_name.py for tasks to queue
[2026-06-13T17:26:33.953+0000] {logging_mixin.py:190} INFO - [2026-06-13T17:26:33.953+0000] {dagbag.py:588} INFO - Filling up the DagBag from /home/airflow/.local/lib/python3.12/site-packages/airflow/example_dags/example_display_name.py
[2026-06-13T17:26:33.959+0000] {processor.py:925} INFO - DAG(s) 'example_display_name' retrieved from /home/airflow/.local/lib/python3.12/site-packages/airflow/example_dags/example_display_name.py
[2026-06-13T17:26:33.976+0000] {logging_mixin.py:190} INFO - [2026-06-13T17:26:33.976+0000] {dag.py:3239} INFO - Sync 1 DAGs
[2026-06-13T17:26:33.987+0000] {logging_mixin.py:190} INFO - [2026-06-13T17:26:33.986+0000] {dag.py:4180} INFO - Setting next_dagrun for example_display_name to None, run_after=None
[2026-06-13T17:26:34.005+0000] {processor.py:208} INFO - Processing /home/airflow/.local/lib/python3.12/site-packages/airflow/example_dags/example_display_name.py took 0.060 seconds
[2026-06-13T17:27:04.510+0000] {processor.py:186} INFO - Started process (PID=4433) to work on /home/airflow/.local/lib/python3.12/site-packages/airflow/example_dags/example_display_name.py
[2026-06-13T17:27:04.511+0000] {processor.py:914} INFO - Processing file /home/airflow/.local/lib/python3.12/site-packages/airflow/example_dags/example_display_name.py for tasks to queue
[2026-06-13T17:27:04.514+0000] {logging_mixin.py:190} INFO - [2026-06-13T17:27:04.513+0000] {dagbag.py:588} INFO - Filling up the DagBag from /home/airflow/.local/lib/python3.12/site-packages/airflow/example_dags/example_display_name.py
[2026-06-13T17:27:04.519+0000] {processor.py:925} INFO - DAG(s) 'example_display_name' retrieved from /home/airflow/.local/lib/python3.12/site-packages/airflow/example_dags/example_display_name.py
[2026-06-13T17:27:04.536+0000] {logging_mixin.py:190} INFO - [2026-06-13T17:27:04.536+0000] {dag.py:3239} INFO - Sync 1 DAGs
[2026-06-13T17:27:04.548+0000] {logging_mixin.py:190} INFO - [2026-06-13T17:27:04.548+0000] {dag.py:4180} INFO - Setting next_dagrun for example_display_name to None, run_after=None
[2026-06-13T17:27:04.565+0000] {processor.py:208} INFO - Processing /home/airflow/.local/lib/python3.12/site-packages/airflow/example_dags/example_display_name.py took 0.059 seconds
[2026-06-13T17:27:34.704+0000] {processor.py:186} INFO - Started process (PID=4494) to work on /home/airflow/.local/lib/python3.12/site-packages/airflow/example_dags/example_display_name.py
[2026-06-13T17:27:34.706+0000] {processor.py:914} INFO - Processing file /home/airflow/.local/lib/python3.12/site-packages/airflow/example_dags/example_display_name.py for tasks to queue
[2026-06-13T17:27:34.708+0000] {logging_mixin.py:190} INFO - [2026-06-13T17:27:34.708+0000] {dagbag.py:588} INFO - Filling up the DagBag from /home/airflow/.local/lib/python3.12/site-packages/airflow/example_dags/example_display_name.py
[2026-06-13T17:27:34.716+0000] {processor.py:925} INFO - DAG(s) 'example_display_name' retrieved from /home/airflow/.local/lib/python3.12/site-packages/airflow/example_dags/example_display_name.py
[2026-06-13T17:27:34.734+0000] {logging_mixin.py:190} INFO - [2026-06-13T17:27:34.734+0000] {dag.py:3239} INFO - Sync 1 DAGs
[2026-06-13T17:27:34.745+0000] {logging_mixin.py:190} INFO - [2026-06-13T17:27:34.745+0000] {dag.py:4180} INFO - Setting next_dagrun for example_display_name to None, run_after=None
[2026-06-13T17:27:34.762+0000] {processor.py:208} INFO - Processing /home/airflow/.local/lib/python3.12/site-packages/airflow/example_dags/example_display_name.py took 0.062 seconds
[2026-06-13T17:28:05.272+0000] {processor.py:186} INFO - Started process (PID=4557) to work on /home/airflow/.local/lib/python3.12/site-packages/airflow/example_dags/example_display_name.py
[2026-06-13T17:28:05.273+0000] {processor.py:914} INFO - Processing file /home/airflow/.local/lib/python3.12/site-packages/airflow/example_dags/example_display_name.py for tasks to queue
[2026-06-13T17:28:05.275+0000] {logging_mixin.py:190} INFO - [2026-06-13T17:28:05.275+0000] {dagbag.py:588} INFO - Filling up the DagBag from /home/airflow/.local/lib/python3.12/site-packages/airflow/example_dags/example_display_name.py
[2026-06-13T17:28:05.282+0000] {processor.py:925} INFO - DAG(s) 'example_display_name' retrieved from /home/airflow/.local/lib/python3.12/site-packages/airflow/example_dags/example_display_name.py
[2026-06-13T17:28:05.298+0000] {logging_mixin.py:190} INFO - [2026-06-13T17:28:05.297+0000] {dag.py:3239} INFO - Sync 1 DAGs
[2026-06-13T17:28:05.309+0000] {logging_mixin.py:190} INFO - [2026-06-13T17:28:05.309+0000] {dag.py:4180} INFO - Setting next_dagrun for example_display_name to None, run_after=None
[2026-06-13T17:28:05.325+0000] {processor.py:208} INFO - Processing /home/airflow/.local/lib/python3.12/site-packages/airflow/example_dags/example_display_name.py took 0.058 seconds
[2026-06-13T17:28:36.512+0000] {processor.py:186} INFO - Started process (PID=4625) to work on /home/airflow/.local/lib/python3.12/site-packages/airflow/example_dags/example_display_name.py
[2026-06-13T17:28:36.514+0000] {processor.py:914} INFO - Processing file /home/airflow/.local/lib/python3.12/site-packages/airflow/example_dags/example_display_name.py for tasks to queue
[2026-06-13T17:28:36.517+0000] {logging_mixin.py:190} INFO - [2026-06-13T17:28:36.516+0000] {dagbag.py:588} INFO - Filling up the DagBag from /home/airflow/.local/lib/python3.12/site-packages/airflow/example_dags/example_display_name.py
[2026-06-13T17:28:36.523+0000] {processor.py:925} INFO - DAG(s) 'example_display_name' retrieved from /home/airflow/.local/lib/python3.12/site-packages/airflow/example_dags/example_display_name.py
[2026-06-13T17:28:36.541+0000] {logging_mixin.py:190} INFO - [2026-06-13T17:28:36.541+0000] {dag.py:3239} INFO - Sync 1 DAGs
[2026-06-13T17:28:36.552+0000] {logging_mixin.py:190} INFO - [2026-06-13T17:28:36.552+0000] {dag.py:4180} INFO - Setting next_dagrun for example_display_name to None, run_after=None
[2026-06-13T17:28:36.571+0000] {processor.py:208} INFO - Processing /home/airflow/.local/lib/python3.12/site-packages/airflow/example_dags/example_display_name.py took 0.063 seconds
[2026-06-13T17:29:07.011+0000] {processor.py:186} INFO - Started process (PID=4687) to work on /home/airflow/.local/lib/python3.12/site-packages/airflow/example_dags/example_display_name.py
[2026-06-13T17:29:07.012+0000] {processor.py:914} INFO - Processing file /home/airflow/.local/lib/python3.12/site-packages/airflow/example_dags/example_display_name.py for tasks to queue
[2026-06-13T17:29:07.016+0000] {logging_mixin.py:190} INFO - [2026-06-13T17:29:07.016+0000] {dagbag.py:588} INFO - Filling up the DagBag from /home/airflow/.local/lib/python3.12/site-packages/airflow/example_dags/example_display_name.py
[2026-06-13T17:29:07.027+0000] {processor.py:925} INFO - DAG(s) 'example_display_name' retrieved from /home/airflow/.local/lib/python3.12/site-packages/airflow/example_dags/example_display_name.py
[2026-06-13T17:29:07.051+0000] {logging_mixin.py:190} INFO - [2026-06-13T17:29:07.051+0000] {dag.py:3239} INFO - Sync 1 DAGs
[2026-06-13T17:29:07.067+0000] {logging_mixin.py:190} INFO - [2026-06-13T17:29:07.067+0000] {dag.py:4180} INFO - Setting next_dagrun for example_display_name to None, run_after=None
[2026-06-13T17:29:07.097+0000] {processor.py:208} INFO - Processing /home/airflow/.local/lib/python3.12/site-packages/airflow/example_dags/example_display_name.py took 0.094 seconds
[2026-06-13T17:29:37.339+0000] {processor.py:186} INFO - Started process (PID=4749) to work on /home/airflow/.local/lib/python3.12/site-packages/airflow/example_dags/example_display_name.py
[2026-06-13T17:29:37.340+0000] {processor.py:914} INFO - Processing file /home/airflow/.local/lib/python3.12/site-packages/airflow/example_dags/example_display_name.py for tasks to queue
[2026-06-13T17:29:37.342+0000] {logging_mixin.py:190} INFO - [2026-06-13T17:29:37.342+0000] {dagbag.py:588} INFO - Filling up the DagBag from /home/airflow/.local/lib/python3.12/site-packages/airflow/example_dags/example_display_name.py
[2026-06-13T17:29:37.349+0000] {processor.py:925} INFO - DAG(s) 'example_display_name' retrieved from /home/airflow/.local/lib/python3.12/site-packages/airflow/example_dags/example_display_name.py
[2026-06-13T17:29:37.366+0000] {logging_mixin.py:190} INFO - [2026-06-13T17:29:37.365+0000] {dag.py:3239} INFO - Sync 1 DAGs
[2026-06-13T17:29:37.376+0000] {logging_mixin.py:190} INFO - [2026-06-13T17:29:37.376+0000] {dag.py:4180} INFO - Setting next_dagrun for example_display_name to None, run_after=None
[2026-06-13T17:29:37.394+0000] {processor.py:208} INFO - Processing /home/airflow/.local/lib/python3.12/site-packages/airflow/example_dags/example_display_name.py took 0.061 seconds
[2026-06-13T17:30:07.628+0000] {processor.py:186} INFO - Started process (PID=4811) to work on /home/airflow/.local/lib/python3.12/site-packages/airflow/example_dags/example_display_name.py
[2026-06-13T17:30:07.630+0000] {processor.py:914} INFO - Processing file /home/airflow/.local/lib/python3.12/site-packages/airflow/example_dags/example_display_name.py for tasks to queue
[2026-06-13T17:30:07.633+0000] {logging_mixin.py:190} INFO - [2026-06-13T17:30:07.632+0000] {dagbag.py:588} INFO - Filling up the DagBag from /home/airflow/.local/lib/python3.12/site-packages/airflow/example_dags/example_display_name.py
[2026-06-13T17:30:07.640+0000] {processor.py:925} INFO - DAG(s) 'example_display_name' retrieved from /home/airflow/.local/lib/python3.12/site-packages/airflow/example_dags/example_display_name.py
[2026-06-13T17:30:07.657+0000] {logging_mixin.py:190} INFO - [2026-06-13T17:30:07.657+0000] {dag.py:3239} INFO - Sync 1 DAGs
[2026-06-13T17:30:07.669+0000] {logging_mixin.py:190} INFO - [2026-06-13T17:30:07.669+0000] {dag.py:4180} INFO - Setting next_dagrun for example_display_name to None, run_after=None
[2026-06-13T17:30:07.692+0000] {processor.py:208} INFO - Processing /home/airflow/.local/lib/python3.12/site-packages/airflow/example_dags/example_display_name.py took 0.070 seconds
[2026-06-13T17:30:37.966+0000] {processor.py:186} INFO - Started process (PID=4874) to work on /home/airflow/.local/lib/python3.12/site-packages/airflow/example_dags/example_display_name.py
[2026-06-13T17:30:37.967+0000] {processor.py:914} INFO - Processing file /home/airflow/.local/lib/python3.12/site-packages/airflow/example_dags/example_display_name.py for tasks to queue
[2026-06-13T17:30:37.970+0000] {logging_mixin.py:190} INFO - [2026-06-13T17:30:37.969+0000] {dagbag.py:588} INFO - Filling up the DagBag from /home/airflow/.local/lib/python3.12/site-packages/airflow/example_dags/example_display_name.py
[2026-06-13T17:30:37.976+0000] {processor.py:925} INFO - DAG(s) 'example_display_name' retrieved from /home/airflow/.local/lib/python3.12/site-packages/airflow/example_dags/example_display_name.py
[2026-06-13T17:30:37.995+0000] {logging_mixin.py:190} INFO - [2026-06-13T17:30:37.994+0000] {dag.py:3239} INFO - Sync 1 DAGs
[2026-06-13T17:30:38.008+0000] {logging_mixin.py:190} INFO - [2026-06-13T17:30:38.007+0000] {dag.py:4180} INFO - Setting next_dagrun for example_display_name to None, run_after=None
[2026-06-13T17:30:38.027+0000] {processor.py:208} INFO - Processing /home/airflow/.local/lib/python3.12/site-packages/airflow/example_dags/example_display_name.py took 0.066 seconds
[2026-06-13T17:31:08.375+0000] {processor.py:186} INFO - Started process (PID=4936) to work on /home/airflow/.local/lib/python3.12/site-packages/airflow/example_dags/example_display_name.py
[2026-06-13T17:31:08.376+0000] {processor.py:914} INFO - Processing file /home/airflow/.local/lib/python3.12/site-packages/airflow/example_dags/example_display_name.py for tasks to queue
[2026-06-13T17:31:08.379+0000] {logging_mixin.py:190} INFO - [2026-06-13T17:31:08.378+0000] {dagbag.py:588} INFO - Filling up the DagBag from /home/airflow/.local/lib/python3.12/site-packages/airflow/example_dags/example_display_name.py
[2026-06-13T17:31:08.386+0000] {processor.py:925} INFO - DAG(s) 'example_display_name' retrieved from /home/airflow/.local/lib/python3.12/site-packages/airflow/example_dags/example_display_name.py
[2026-06-13T17:31:08.407+0000] {logging_mixin.py:190} INFO - [2026-06-13T17:31:08.407+0000] {dag.py:3239} INFO - Sync 1 DAGs
[2026-06-13T17:31:08.419+0000] {logging_mixin.py:190} INFO - [2026-06-13T17:31:08.419+0000] {dag.py:4180} INFO - Setting next_dagrun for example_display_name to None, run_after=None
[2026-06-13T17:31:08.438+0000] {processor.py:208} INFO - Processing /home/airflow/.local/lib/python3.12/site-packages/airflow/example_dags/example_display_name.py took 0.070 seconds
[2026-06-13T17:31:38.919+0000] {processor.py:186} INFO - Started process (PID=4998) to work on /home/airflow/.local/lib/python3.12/site-packages/airflow/example_dags/example_display_name.py
[2026-06-13T17:31:38.920+0000] {processor.py:914} INFO - Processing file /home/airflow/.local/lib/python3.12/site-packages/airflow/example_dags/example_display_name.py for tasks to queue
[2026-06-13T17:31:38.922+0000] {logging_mixin.py:190} INFO - [2026-06-13T17:31:38.922+0000] {dagbag.py:588} INFO - Filling up the DagBag from /home/airflow/.local/lib/python3.12/site-packages/airflow/example_dags/example_display_name.py
[2026-06-13T17:31:38.928+0000] {processor.py:925} INFO - DAG(s) 'example_display_name' retrieved from /home/airflow/.local/lib/python3.12/site-packages/airflow/example_dags/example_display_name.py
[2026-06-13T17:31:38.943+0000] {logging_mixin.py:190} INFO - [2026-06-13T17:31:38.942+0000] {dag.py:3239} INFO - Sync 1 DAGs
[2026-06-13T17:31:38.953+0000] {logging_mixin.py:190} INFO - [2026-06-13T17:31:38.953+0000] {dag.py:4180} INFO - Setting next_dagrun for example_display_name to None, run_after=None
[2026-06-13T17:31:38.974+0000] {processor.py:208} INFO - Processing /home/airflow/.local/lib/python3.12/site-packages/airflow/example_dags/example_display_name.py took 0.060 seconds
[2026-06-13T17:32:09.262+0000] {processor.py:186} INFO - Started process (PID=5060) to work on /home/airflow/.local/lib/python3.12/site-packages/airflow/example_dags/example_display_name.py
[2026-06-13T17:32:09.264+0000] {processor.py:914} INFO - Processing file /home/airflow/.local/lib/python3.12/site-packages/airflow/example_dags/example_display_name.py for tasks to queue
[2026-06-13T17:32:09.266+0000] {logging_mixin.py:190} INFO - [2026-06-13T17:32:09.266+0000] {dagbag.py:588} INFO - Filling up the DagBag from /home/airflow/.local/lib/python3.12/site-packages/airflow/example_dags/example_display_name.py
[2026-06-13T17:32:09.273+0000] {processor.py:925} INFO - DAG(s) 'example_display_name' retrieved from /home/airflow/.local/lib/python3.12/site-packages/airflow/example_dags/example_display_name.py
[2026-06-13T17:32:09.288+0000] {logging_mixin.py:190} INFO - [2026-06-13T17:32:09.288+0000] {dag.py:3239} INFO - Sync 1 DAGs
[2026-06-13T17:32:09.299+0000] {logging_mixin.py:190} INFO - [2026-06-13T17:32:09.299+0000] {dag.py:4180} INFO - Setting next_dagrun for example_display_name to None, run_after=None
[2026-06-13T17:32:09.314+0000] {processor.py:208} INFO - Processing /home/airflow/.local/lib/python3.12/site-packages/airflow/example_dags/example_display_name.py took 0.056 seconds
[2026-06-13T17:32:39.623+0000] {processor.py:186} INFO - Started process (PID=5122) to work on /home/airflow/.local/lib/python3.12/site-packages/airflow/example_dags/example_display_name.py
[2026-06-13T17:32:39.625+0000] {processor.py:914} INFO - Processing file /home/airflow/.local/lib/python3.12/site-packages/airflow/example_dags/example_display_name.py for tasks to queue
[2026-06-13T17:32:39.627+0000] {logging_mixin.py:190} INFO - [2026-06-13T17:32:39.627+0000] {dagbag.py:588} INFO - Filling up the DagBag from /home/airflow/.local/lib/python3.12/site-packages/airflow/example_dags/example_display_name.py
[2026-06-13T17:32:39.633+0000] {processor.py:925} INFO - DAG(s) 'example_display_name' retrieved from /home/airflow/.local/lib/python3.12/site-packages/airflow/example_dags/example_display_name.py
[2026-06-13T17:32:39.648+0000] {logging_mixin.py:190} INFO - [2026-06-13T17:32:39.648+0000] {dag.py:3239} INFO - Sync 1 DAGs
[2026-06-13T17:32:39.659+0000] {logging_mixin.py:190} INFO - [2026-06-13T17:32:39.659+0000] {dag.py:4180} INFO - Setting next_dagrun for example_display_name to None, run_after=None
[2026-06-13T17:32:39.674+0000] {processor.py:208} INFO - Processing /home/airflow/.local/lib/python3.12/site-packages/airflow/example_dags/example_display_name.py took 0.056 seconds
[2026-06-13T17:33:10.106+0000] {processor.py:186} INFO - Started process (PID=5184) to work on /home/airflow/.local/lib/python3.12/site-packages/airflow/example_dags/example_display_name.py
[2026-06-13T17:33:10.107+0000] {processor.py:914} INFO - Processing file /home/airflow/.local/lib/python3.12/site-packages/airflow/example_dags/example_display_name.py for tasks to queue
[2026-06-13T17:33:10.109+0000] {logging_mixin.py:190} INFO - [2026-06-13T17:33:10.109+0000] {dagbag.py:588} INFO - Filling up the DagBag from /home/airflow/.local/lib/python3.12/site-packages/airflow/example_dags/example_display_name.py
[2026-06-13T17:33:10.116+0000] {processor.py:925} INFO - DAG(s) 'example_display_name' retrieved from /home/airflow/.local/lib/python3.12/site-packages/airflow/example_dags/example_display_name.py
[2026-06-13T17:33:10.133+0000] {logging_mixin.py:190} INFO - [2026-06-13T17:33:10.133+0000] {dag.py:3239} INFO - Sync 1 DAGs
[2026-06-13T17:33:10.146+0000] {logging_mixin.py:190} INFO - [2026-06-13T17:33:10.146+0000] {dag.py:4180} INFO - Setting next_dagrun for example_display_name to None, run_after=None
[2026-06-13T17:33:10.174+0000] {processor.py:208} INFO - Processing /home/airflow/.local/lib/python3.12/site-packages/airflow/example_dags/example_display_name.py took 0.074 seconds
[2026-06-13T17:33:40.540+0000] {processor.py:186} INFO - Started process (PID=5246) to work on /home/airflow/.local/lib/python3.12/site-packages/airflow/example_dags/example_display_name.py
[2026-06-13T17:33:40.542+0000] {processor.py:914} INFO - Processing file /home/airflow/.local/lib/python3.12/site-packages/airflow/example_dags/example_display_name.py for tasks to queue
[2026-06-13T17:33:40.546+0000] {logging_mixin.py:190} INFO - [2026-06-13T17:33:40.546+0000] {dagbag.py:588} INFO - Filling up the DagBag from /home/airflow/.local/lib/python3.12/site-packages/airflow/example_dags/example_display_name.py
[2026-06-13T17:33:40.555+0000] {processor.py:925} INFO - DAG(s) 'example_display_name' retrieved from /home/airflow/.local/lib/python3.12/site-packages/airflow/example_dags/example_display_name.py
[2026-06-13T17:33:40.575+0000] {logging_mixin.py:190} INFO - [2026-06-13T17:33:40.574+0000] {dag.py:3239} INFO - Sync 1 DAGs
[2026-06-13T17:33:40.590+0000] {logging_mixin.py:190} INFO - [2026-06-13T17:33:40.590+0000] {dag.py:4180} INFO - Setting next_dagrun for example_display_name to None, run_after=None
[2026-06-13T17:33:40.615+0000] {processor.py:208} INFO - Processing /home/airflow/.local/lib/python3.12/site-packages/airflow/example_dags/example_display_name.py took 0.081 seconds
[2026-06-13T17:34:10.662+0000] {processor.py:186} INFO - Started process (PID=5308) to work on /home/airflow/.local/lib/python3.12/site-packages/airflow/example_dags/example_display_name.py
[2026-06-13T17:34:10.663+0000] {processor.py:914} INFO - Processing file /home/airflow/.local/lib/python3.12/site-packages/airflow/example_dags/example_display_name.py for tasks to queue
[2026-06-13T17:34:10.667+0000] {logging_mixin.py:190} INFO - [2026-06-13T17:34:10.666+0000] {dagbag.py:588} INFO - Filling up the DagBag from /home/airflow/.local/lib/python3.12/site-packages/airflow/example_dags/example_display_name.py
[2026-06-13T17:34:10.675+0000] {processor.py:925} INFO - DAG(s) 'example_display_name' retrieved from /home/airflow/.local/lib/python3.12/site-packages/airflow/example_dags/example_display_name.py
[2026-06-13T17:34:10.697+0000] {logging_mixin.py:190} INFO - [2026-06-13T17:34:10.697+0000] {dag.py:3239} INFO - Sync 1 DAGs
[2026-06-13T17:34:10.709+0000] {logging_mixin.py:190} INFO - [2026-06-13T17:34:10.709+0000] {dag.py:4180} INFO - Setting next_dagrun for example_display_name to None, run_after=None
[2026-06-13T17:34:10.728+0000] {processor.py:208} INFO - Processing /home/airflow/.local/lib/python3.12/site-packages/airflow/example_dags/example_display_name.py took 0.073 seconds
[2026-06-13T17:34:41.073+0000] {processor.py:186} INFO - Started process (PID=5370) to work on /home/airflow/.local/lib/python3.12/site-packages/airflow/example_dags/example_display_name.py
[2026-06-13T17:34:41.074+0000] {processor.py:914} INFO - Processing file /home/airflow/.local/lib/python3.12/site-packages/airflow/example_dags/example_display_name.py for tasks to queue
[2026-06-13T17:34:41.076+0000] {logging_mixin.py:190} INFO - [2026-06-13T17:34:41.076+0000] {dagbag.py:588} INFO - Filling up the DagBag from /home/airflow/.local/lib/python3.12/site-packages/airflow/example_dags/example_display_name.py
[2026-06-13T17:34:41.082+0000] {processor.py:925} INFO - DAG(s) 'example_display_name' retrieved from /home/airflow/.local/lib/python3.12/site-packages/airflow/example_dags/example_display_name.py
[2026-06-13T17:34:41.098+0000] {logging_mixin.py:190} INFO - [2026-06-13T17:34:41.098+0000] {dag.py:3239} INFO - Sync 1 DAGs
[2026-06-13T17:34:41.110+0000] {logging_mixin.py:190} INFO - [2026-06-13T17:34:41.109+0000] {dag.py:4180} INFO - Setting next_dagrun for example_display_name to None, run_after=None
[2026-06-13T17:34:41.125+0000] {processor.py:208} INFO - Processing /home/airflow/.local/lib/python3.12/site-packages/airflow/example_dags/example_display_name.py took 0.057 seconds
[2026-06-13T17:35:11.320+0000] {processor.py:186} INFO - Started process (PID=5432) to work on /home/airflow/.local/lib/python3.12/site-packages/airflow/example_dags/example_display_name.py
[2026-06-13T17:35:11.321+0000] {processor.py:914} INFO - Processing file /home/airflow/.local/lib/python3.12/site-packages/airflow/example_dags/example_display_name.py for tasks to queue
[2026-06-13T17:35:11.323+0000] {logging_mixin.py:190} INFO - [2026-06-13T17:35:11.323+0000] {dagbag.py:588} INFO - Filling up the DagBag from /home/airflow/.local/lib/python3.12/site-packages/airflow/example_dags/example_display_name.py
[2026-06-13T17:35:11.329+0000] {processor.py:925} INFO - DAG(s) 'example_display_name' retrieved from /home/airflow/.local/lib/python3.12/site-packages/airflow/example_dags/example_display_name.py
[2026-06-13T17:35:11.345+0000] {logging_mixin.py:190} INFO - [2026-06-13T17:35:11.344+0000] {dag.py:3239} INFO - Sync 1 DAGs
[2026-06-13T17:35:11.356+0000] {logging_mixin.py:190} INFO - [2026-06-13T17:35:11.355+0000] {dag.py:4180} INFO - Setting next_dagrun for example_display_name to None, run_after=None
[2026-06-13T17:35:11.373+0000] {processor.py:208} INFO - Processing /home/airflow/.local/lib/python3.12/site-packages/airflow/example_dags/example_display_name.py took 0.058 seconds
[2026-06-13T17:35:41.746+0000] {processor.py:186} INFO - Started process (PID=5494) to work on /home/airflow/.local/lib/python3.12/site-packages/airflow/example_dags/example_display_name.py
[2026-06-13T17:35:41.747+0000] {processor.py:914} INFO - Processing file /home/airflow/.local/lib/python3.12/site-packages/airflow/example_dags/example_display_name.py for tasks to queue
[2026-06-13T17:35:41.749+0000] {logging_mixin.py:190} INFO - [2026-06-13T17:35:41.749+0000] {dagbag.py:588} INFO - Filling up the DagBag from /home/airflow/.local/lib/python3.12/site-packages/airflow/example_dags/example_display_name.py
[2026-06-13T17:35:41.755+0000] {processor.py:925} INFO - DAG(s) 'example_display_name' retrieved from /home/airflow/.local/lib/python3.12/site-packages/airflow/example_dags/example_display_name.py
[2026-06-13T17:35:41.770+0000] {logging_mixin.py:190} INFO - [2026-06-13T17:35:41.770+0000] {dag.py:3239} INFO - Sync 1 DAGs
[2026-06-13T17:35:41.780+0000] {logging_mixin.py:190} INFO - [2026-06-13T17:35:41.780+0000] {dag.py:4180} INFO - Setting next_dagrun for example_display_name to None, run_after=None
[2026-06-13T17:35:41.795+0000] {processor.py:208} INFO - Processing /home/airflow/.local/lib/python3.12/site-packages/airflow/example_dags/example_display_name.py took 0.054 seconds
[2026-06-13T17:36:11.992+0000] {processor.py:186} INFO - Started process (PID=5556) to work on /home/airflow/.local/lib/python3.12/site-packages/airflow/example_dags/example_display_name.py
[2026-06-13T17:36:11.993+0000] {processor.py:914} INFO - Processing file /home/airflow/.local/lib/python3.12/site-packages/airflow/example_dags/example_display_name.py for tasks to queue
[2026-06-13T17:36:11.995+0000] {logging_mixin.py:190} INFO - [2026-06-13T17:36:11.995+0000] {dagbag.py:588} INFO - Filling up the DagBag from /home/airflow/.local/lib/python3.12/site-packages/airflow/example_dags/example_display_name.py
[2026-06-13T17:36:12.003+0000] {processor.py:925} INFO - DAG(s) 'example_display_name' retrieved from /home/airflow/.local/lib/python3.12/site-packages/airflow/example_dags/example_display_name.py
[2026-06-13T17:36:12.023+0000] {logging_mixin.py:190} INFO - [2026-06-13T17:36:12.022+0000] {dag.py:3239} INFO - Sync 1 DAGs
[2026-06-13T17:36:12.035+0000] {logging_mixin.py:190} INFO - [2026-06-13T17:36:12.035+0000] {dag.py:4180} INFO - Setting next_dagrun for example_display_name to None, run_after=None
[2026-06-13T17:36:12.051+0000] {processor.py:208} INFO - Processing /home/airflow/.local/lib/python3.12/site-packages/airflow/example_dags/example_display_name.py took 0.065 seconds
[2026-06-13T17:36:42.114+0000] {processor.py:186} INFO - Started process (PID=5618) to work on /home/airflow/.local/lib/python3.12/site-packages/airflow/example_dags/example_display_name.py
[2026-06-13T17:36:42.115+0000] {processor.py:914} INFO - Processing file /home/airflow/.local/lib/python3.12/site-packages/airflow/example_dags/example_display_name.py for tasks to queue
[2026-06-13T17:36:42.118+0000] {logging_mixin.py:190} INFO - [2026-06-13T17:36:42.118+0000] {dagbag.py:588} INFO - Filling up the DagBag from /home/airflow/.local/lib/python3.12/site-packages/airflow/example_dags/example_display_name.py
[2026-06-13T17:36:42.128+0000] {processor.py:925} INFO - DAG(s) 'example_display_name' retrieved from /home/airflow/.local/lib/python3.12/site-packages/airflow/example_dags/example_display_name.py
[2026-06-13T17:36:42.145+0000] {logging_mixin.py:190} INFO - [2026-06-13T17:36:42.145+0000] {dag.py:3239} INFO - Sync 1 DAGs
[2026-06-13T17:36:42.157+0000] {logging_mixin.py:190} INFO - [2026-06-13T17:36:42.157+0000] {dag.py:4180} INFO - Setting next_dagrun for example_display_name to None, run_after=None
[2026-06-13T17:36:42.172+0000] {processor.py:208} INFO - Processing /home/airflow/.local/lib/python3.12/site-packages/airflow/example_dags/example_display_name.py took 0.065 seconds
[2026-06-13T17:37:12.751+0000] {processor.py:186} INFO - Started process (PID=5680) to work on /home/airflow/.local/lib/python3.12/site-packages/airflow/example_dags/example_display_name.py
[2026-06-13T17:37:12.752+0000] {processor.py:914} INFO - Processing file /home/airflow/.local/lib/python3.12/site-packages/airflow/example_dags/example_display_name.py for tasks to queue
[2026-06-13T17:37:12.755+0000] {logging_mixin.py:190} INFO - [2026-06-13T17:37:12.754+0000] {dagbag.py:588} INFO - Filling up the DagBag from /home/airflow/.local/lib/python3.12/site-packages/airflow/example_dags/example_display_name.py
[2026-06-13T17:37:12.764+0000] {processor.py:925} INFO - DAG(s) 'example_display_name' retrieved from /home/airflow/.local/lib/python3.12/site-packages/airflow/example_dags/example_display_name.py
[2026-06-13T17:37:12.786+0000] {logging_mixin.py:190} INFO - [2026-06-13T17:37:12.785+0000] {dag.py:3239} INFO - Sync 1 DAGs
[2026-06-13T17:37:12.802+0000] {logging_mixin.py:190} INFO - [2026-06-13T17:37:12.802+0000] {dag.py:4180} INFO - Setting next_dagrun for example_display_name to None, run_after=None
[2026-06-13T17:37:12.828+0000] {processor.py:208} INFO - Processing /home/airflow/.local/lib/python3.12/site-packages/airflow/example_dags/example_display_name.py took 0.082 seconds
[2026-06-13T17:37:43.218+0000] {processor.py:186} INFO - Started process (PID=5742) to work on /home/airflow/.local/lib/python3.12/site-packages/airflow/example_dags/example_display_name.py
[2026-06-13T17:37:43.219+0000] {processor.py:914} INFO - Processing file /home/airflow/.local/lib/python3.12/site-packages/airflow/example_dags/example_display_name.py for tasks to queue
[2026-06-13T17:37:43.223+0000] {logging_mixin.py:190} INFO - [2026-06-13T17:37:43.223+0000] {dagbag.py:588} INFO - Filling up the DagBag from /home/airflow/.local/lib/python3.12/site-packages/airflow/example_dags/example_display_name.py
[2026-06-13T17:37:43.232+0000] {processor.py:925} INFO - DAG(s) 'example_display_name' retrieved from /home/airflow/.local/lib/python3.12/site-packages/airflow/example_dags/example_display_name.py
[2026-06-13T17:37:43.257+0000] {logging_mixin.py:190} INFO - [2026-06-13T17:37:43.256+0000] {dag.py:3239} INFO - Sync 1 DAGs
[2026-06-13T17:37:43.269+0000] {logging_mixin.py:190} INFO - [2026-06-13T17:37:43.269+0000] {dag.py:4180} INFO - Setting next_dagrun for example_display_name to None, run_after=None
[2026-06-13T17:37:43.291+0000] {processor.py:208} INFO - Processing /home/airflow/.local/lib/python3.12/site-packages/airflow/example_dags/example_display_name.py took 0.081 seconds
[2026-06-13T17:38:13.346+0000] {processor.py:186} INFO - Started process (PID=5804) to work on /home/airflow/.local/lib/python3.12/site-packages/airflow/example_dags/example_display_name.py
[2026-06-13T17:38:13.347+0000] {processor.py:914} INFO - Processing file /home/airflow/.local/lib/python3.12/site-packages/airflow/example_dags/example_display_name.py for tasks to queue
[2026-06-13T17:38:13.350+0000] {logging_mixin.py:190} INFO - [2026-06-13T17:38:13.349+0000] {dagbag.py:588} INFO - Filling up the DagBag from /home/airflow/.local/lib/python3.12/site-packages/airflow/example_dags/example_display_name.py
[2026-06-13T17:38:13.357+0000] {processor.py:925} INFO - DAG(s) 'example_display_name' retrieved from /home/airflow/.local/lib/python3.12/site-packages/airflow/example_dags/example_display_name.py
[2026-06-13T17:38:13.375+0000] {logging_mixin.py:190} INFO - [2026-06-13T17:38:13.375+0000] {dag.py:3239} INFO - Sync 1 DAGs
[2026-06-13T17:38:13.386+0000] {logging_mixin.py:190} INFO - [2026-06-13T17:38:13.386+0000] {dag.py:4180} INFO - Setting next_dagrun for example_display_name to None, run_after=None
[2026-06-13T17:38:13.403+0000] {processor.py:208} INFO - Processing /home/airflow/.local/lib/python3.12/site-packages/airflow/example_dags/example_display_name.py took 0.063 seconds
[2026-06-13T17:38:43.696+0000] {processor.py:186} INFO - Started process (PID=5866) to work on /home/airflow/.local/lib/python3.12/site-packages/airflow/example_dags/example_display_name.py
[2026-06-13T17:38:43.698+0000] {processor.py:914} INFO - Processing file /home/airflow/.local/lib/python3.12/site-packages/airflow/example_dags/example_display_name.py for tasks to queue
[2026-06-13T17:38:43.700+0000] {logging_mixin.py:190} INFO - [2026-06-13T17:38:43.700+0000] {dagbag.py:588} INFO - Filling up the DagBag from /home/airflow/.local/lib/python3.12/site-packages/airflow/example_dags/example_display_name.py
[2026-06-13T17:38:43.708+0000] {processor.py:925} INFO - DAG(s) 'example_display_name' retrieved from /home/airflow/.local/lib/python3.12/site-packages/airflow/example_dags/example_display_name.py
[2026-06-13T17:38:43.728+0000] {logging_mixin.py:190} INFO - [2026-06-13T17:38:43.728+0000] {dag.py:3239} INFO - Sync 1 DAGs
[2026-06-13T17:38:43.740+0000] {logging_mixin.py:190} INFO - [2026-06-13T17:38:43.740+0000] {dag.py:4180} INFO - Setting next_dagrun for example_display_name to None, run_after=None
[2026-06-13T17:38:43.756+0000] {processor.py:208} INFO - Processing /home/airflow/.local/lib/python3.12/site-packages/airflow/example_dags/example_display_name.py took 0.067 seconds
[2026-06-13T17:39:14.212+0000] {processor.py:186} INFO - Started process (PID=5928) to work on /home/airflow/.local/lib/python3.12/site-packages/airflow/example_dags/example_display_name.py
[2026-06-13T17:39:14.214+0000] {processor.py:914} INFO - Processing file /home/airflow/.local/lib/python3.12/site-packages/airflow/example_dags/example_display_name.py for tasks to queue
[2026-06-13T17:39:14.217+0000] {logging_mixin.py:190} INFO - [2026-06-13T17:39:14.217+0000] {dagbag.py:588} INFO - Filling up the DagBag from /home/airflow/.local/lib/python3.12/site-packages/airflow/example_dags/example_display_name.py
[2026-06-13T17:39:14.231+0000] {processor.py:925} INFO - DAG(s) 'example_display_name' retrieved from /home/airflow/.local/lib/python3.12/site-packages/airflow/example_dags/example_display_name.py
[2026-06-13T17:39:14.258+0000] {logging_mixin.py:190} INFO - [2026-06-13T17:39:14.258+0000] {dag.py:3239} INFO - Sync 1 DAGs
[2026-06-13T17:39:14.276+0000] {logging_mixin.py:190} INFO - [2026-06-13T17:39:14.275+0000] {dag.py:4180} INFO - Setting next_dagrun for example_display_name to None, run_after=None
[2026-06-13T17:39:14.300+0000] {processor.py:208} INFO - Processing /home/airflow/.local/lib/python3.12/site-packages/airflow/example_dags/example_display_name.py took 0.097 seconds
[2026-06-13T17:39:44.642+0000] {processor.py:186} INFO - Started process (PID=5990) to work on /home/airflow/.local/lib/python3.12/site-packages/airflow/example_dags/example_display_name.py
[2026-06-13T17:39:44.644+0000] {processor.py:914} INFO - Processing file /home/airflow/.local/lib/python3.12/site-packages/airflow/example_dags/example_display_name.py for tasks to queue
[2026-06-13T17:39:44.646+0000] {logging_mixin.py:190} INFO - [2026-06-13T17:39:44.646+0000] {dagbag.py:588} INFO - Filling up the DagBag from /home/airflow/.local/lib/python3.12/site-packages/airflow/example_dags/example_display_name.py
[2026-06-13T17:39:44.652+0000] {processor.py:925} INFO - DAG(s) 'example_display_name' retrieved from /home/airflow/.local/lib/python3.12/site-packages/airflow/example_dags/example_display_name.py
[2026-06-13T17:39:44.667+0000] {logging_mixin.py:190} INFO - [2026-06-13T17:39:44.666+0000] {dag.py:3239} INFO - Sync 1 DAGs
[2026-06-13T17:39:44.676+0000] {logging_mixin.py:190} INFO - [2026-06-13T17:39:44.676+0000] {dag.py:4180} INFO - Setting next_dagrun for example_display_name to None, run_after=None
[2026-06-13T17:39:44.695+0000] {processor.py:208} INFO - Processing /home/airflow/.local/lib/python3.12/site-packages/airflow/example_dags/example_display_name.py took 0.058 seconds
[2026-06-13T17:40:15.682+0000] {processor.py:186} INFO - Started process (PID=6052) to work on /home/airflow/.local/lib/python3.12/site-packages/airflow/example_dags/example_display_name.py
[2026-06-13T17:40:15.683+0000] {processor.py:914} INFO - Processing file /home/airflow/.local/lib/python3.12/site-packages/airflow/example_dags/example_display_name.py for tasks to queue
[2026-06-13T17:40:15.685+0000] {logging_mixin.py:190} INFO - [2026-06-13T17:40:15.685+0000] {dagbag.py:588} INFO - Filling up the DagBag from /home/airflow/.local/lib/python3.12/site-packages/airflow/example_dags/example_display_name.py
[2026-06-13T17:40:15.691+0000] {processor.py:925} INFO - DAG(s) 'example_display_name' retrieved from /home/airflow/.local/lib/python3.12/site-packages/airflow/example_dags/example_display_name.py
[2026-06-13T17:40:15.708+0000] {logging_mixin.py:190} INFO - [2026-06-13T17:40:15.707+0000] {dag.py:3239} INFO - Sync 1 DAGs
[2026-06-13T17:40:15.720+0000] {logging_mixin.py:190} INFO - [2026-06-13T17:40:15.720+0000] {dag.py:4180} INFO - Setting next_dagrun for example_display_name to None, run_after=None
[2026-06-13T17:40:15.738+0000] {processor.py:208} INFO - Processing /home/airflow/.local/lib/python3.12/site-packages/airflow/example_dags/example_display_name.py took 0.061 seconds
[2026-06-13T17:40:45.964+0000] {processor.py:186} INFO - Started process (PID=6114) to work on /home/airflow/.local/lib/python3.12/site-packages/airflow/example_dags/example_display_name.py
[2026-06-13T17:40:45.965+0000] {processor.py:914} INFO - Processing file /home/airflow/.local/lib/python3.12/site-packages/airflow/example_dags/example_display_name.py for tasks to queue
[2026-06-13T17:40:45.968+0000] {logging_mixin.py:190} INFO - [2026-06-13T17:40:45.968+0000] {dagbag.py:588} INFO - Filling up the DagBag from /home/airflow/.local/lib/python3.12/site-packages/airflow/example_dags/example_display_name.py
[2026-06-13T17:40:45.976+0000] {processor.py:925} INFO - DAG(s) 'example_display_name' retrieved from /home/airflow/.local/lib/python3.12/site-packages/airflow/example_dags/example_display_name.py
[2026-06-13T17:40:45.991+0000] {logging_mixin.py:190} INFO - [2026-06-13T17:40:45.991+0000] {dag.py:3239} INFO - Sync 1 DAGs
[2026-06-13T17:40:46.002+0000] {logging_mixin.py:190} INFO - [2026-06-13T17:40:46.001+0000] {dag.py:4180} INFO - Setting next_dagrun for example_display_name to None, run_after=None
[2026-06-13T17:40:46.021+0000] {processor.py:208} INFO - Processing /home/airflow/.local/lib/python3.12/site-packages/airflow/example_dags/example_display_name.py took 0.062 seconds
[2026-06-13T17:41:16.408+0000] {processor.py:186} INFO - Started process (PID=6176) to work on /home/airflow/.local/lib/python3.12/site-packages/airflow/example_dags/example_display_name.py
[2026-06-13T17:41:16.409+0000] {processor.py:914} INFO - Processing file /home/airflow/.local/lib/python3.12/site-packages/airflow/example_dags/example_display_name.py for tasks to queue
[2026-06-13T17:41:16.413+0000] {logging_mixin.py:190} INFO - [2026-06-13T17:41:16.412+0000] {dagbag.py:588} INFO - Filling up the DagBag from /home/airflow/.local/lib/python3.12/site-packages/airflow/example_dags/example_display_name.py
[2026-06-13T17:41:16.423+0000] {processor.py:925} INFO - DAG(s) 'example_display_name' retrieved from /home/airflow/.local/lib/python3.12/site-packages/airflow/example_dags/example_display_name.py
[2026-06-13T17:41:16.450+0000] {logging_mixin.py:190} INFO - [2026-06-13T17:41:16.450+0000] {dag.py:3239} INFO - Sync 1 DAGs
[2026-06-13T17:41:16.469+0000] {logging_mixin.py:190} INFO - [2026-06-13T17:41:16.469+0000] {dag.py:4180} INFO - Setting next_dagrun for example_display_name to None, run_after=None
[2026-06-13T17:41:16.499+0000] {processor.py:208} INFO - Processing /home/airflow/.local/lib/python3.12/site-packages/airflow/example_dags/example_display_name.py took 0.098 seconds
[2026-06-13T17:41:46.646+0000] {processor.py:186} INFO - Started process (PID=6238) to work on /home/airflow/.local/lib/python3.12/site-packages/airflow/example_dags/example_display_name.py
[2026-06-13T17:41:46.647+0000] {processor.py:914} INFO - Processing file /home/airflow/.local/lib/python3.12/site-packages/airflow/example_dags/example_display_name.py for tasks to queue
[2026-06-13T17:41:46.650+0000] {logging_mixin.py:190} INFO - [2026-06-13T17:41:46.649+0000] {dagbag.py:588} INFO - Filling up the DagBag from /home/airflow/.local/lib/python3.12/site-packages/airflow/example_dags/example_display_name.py
[2026-06-13T17:41:46.658+0000] {processor.py:925} INFO - DAG(s) 'example_display_name' retrieved from /home/airflow/.local/lib/python3.12/site-packages/airflow/example_dags/example_display_name.py
[2026-06-13T17:41:46.676+0000] {logging_mixin.py:190} INFO - [2026-06-13T17:41:46.675+0000] {dag.py:3239} INFO - Sync 1 DAGs
[2026-06-13T17:41:46.689+0000] {logging_mixin.py:190} INFO - [2026-06-13T17:41:46.689+0000] {dag.py:4180} INFO - Setting next_dagrun for example_display_name to None, run_after=None
[2026-06-13T17:41:46.704+0000] {processor.py:208} INFO - Processing /home/airflow/.local/lib/python3.12/site-packages/airflow/example_dags/example_display_name.py took 0.065 seconds
[2026-06-13T17:42:16.848+0000] {processor.py:186} INFO - Started process (PID=6300) to work on /home/airflow/.local/lib/python3.12/site-packages/airflow/example_dags/example_display_name.py
[2026-06-13T17:42:16.850+0000] {processor.py:914} INFO - Processing file /home/airflow/.local/lib/python3.12/site-packages/airflow/example_dags/example_display_name.py for tasks to queue
[2026-06-13T17:42:16.853+0000] {logging_mixin.py:190} INFO - [2026-06-13T17:42:16.852+0000] {dagbag.py:588} INFO - Filling up the DagBag from /home/airflow/.local/lib/python3.12/site-packages/airflow/example_dags/example_display_name.py
[2026-06-13T17:42:16.860+0000] {processor.py:925} INFO - DAG(s) 'example_display_name' retrieved from /home/airflow/.local/lib/python3.12/site-packages/airflow/example_dags/example_display_name.py
[2026-06-13T17:42:16.876+0000] {logging_mixin.py:190} INFO - [2026-06-13T17:42:16.875+0000] {dag.py:3239} INFO - Sync 1 DAGs
[2026-06-13T17:42:16.886+0000] {logging_mixin.py:190} INFO - [2026-06-13T17:42:16.885+0000] {dag.py:4180} INFO - Setting next_dagrun for example_display_name to None, run_after=None
[2026-06-13T17:42:16.902+0000] {processor.py:208} INFO - Processing /home/airflow/.local/lib/python3.12/site-packages/airflow/example_dags/example_display_name.py took 0.061 seconds
[2026-06-13T17:42:47.268+0000] {processor.py:186} INFO - Started process (PID=6362) to work on /home/airflow/.local/lib/python3.12/site-packages/airflow/example_dags/example_display_name.py
[2026-06-13T17:42:47.269+0000] {processor.py:914} INFO - Processing file /home/airflow/.local/lib/python3.12/site-packages/airflow/example_dags/example_display_name.py for tasks to queue
[2026-06-13T17:42:47.271+0000] {logging_mixin.py:190} INFO - [2026-06-13T17:42:47.271+0000] {dagbag.py:588} INFO - Filling up the DagBag from /home/airflow/.local/lib/python3.12/site-packages/airflow/example_dags/example_display_name.py
[2026-06-13T17:42:47.277+0000] {processor.py:925} INFO - DAG(s) 'example_display_name' retrieved from /home/airflow/.local/lib/python3.12/site-packages/airflow/example_dags/example_display_name.py
[2026-06-13T17:42:47.292+0000] {logging_mixin.py:190} INFO - [2026-06-13T17:42:47.292+0000] {dag.py:3239} INFO - Sync 1 DAGs
[2026-06-13T17:42:47.302+0000] {logging_mixin.py:190} INFO - [2026-06-13T17:42:47.302+0000] {dag.py:4180} INFO - Setting next_dagrun for example_display_name to None, run_after=None
[2026-06-13T17:42:47.316+0000] {processor.py:208} INFO - Processing /home/airflow/.local/lib/python3.12/site-packages/airflow/example_dags/example_display_name.py took 0.053 seconds
[2026-06-13T17:43:17.716+0000] {processor.py:186} INFO - Started process (PID=6424) to work on /home/airflow/.local/lib/python3.12/site-packages/airflow/example_dags/example_display_name.py
[2026-06-13T17:43:17.718+0000] {processor.py:914} INFO - Processing file /home/airflow/.local/lib/python3.12/site-packages/airflow/example_dags/example_display_name.py for tasks to queue
[2026-06-13T17:43:17.720+0000] {logging_mixin.py:190} INFO - [2026-06-13T17:43:17.720+0000] {dagbag.py:588} INFO - Filling up the DagBag from /home/airflow/.local/lib/python3.12/site-packages/airflow/example_dags/example_display_name.py
[2026-06-13T17:43:17.728+0000] {processor.py:925} INFO - DAG(s) 'example_display_name' retrieved from /home/airflow/.local/lib/python3.12/site-packages/airflow/example_dags/example_display_name.py
[2026-06-13T17:43:17.745+0000] {logging_mixin.py:190} INFO - [2026-06-13T17:43:17.745+0000] {dag.py:3239} INFO - Sync 1 DAGs
[2026-06-13T17:43:17.757+0000] {logging_mixin.py:190} INFO - [2026-06-13T17:43:17.756+0000] {dag.py:4180} INFO - Setting next_dagrun for example_display_name to None, run_after=None
[2026-06-13T17:43:17.774+0000] {processor.py:208} INFO - Processing /home/airflow/.local/lib/python3.12/site-packages/airflow/example_dags/example_display_name.py took 0.064 seconds
[2026-06-13T17:43:47.980+0000] {processor.py:186} INFO - Started process (PID=6486) to work on /home/airflow/.local/lib/python3.12/site-packages/airflow/example_dags/example_display_name.py
[2026-06-13T17:43:47.981+0000] {processor.py:914} INFO - Processing file /home/airflow/.local/lib/python3.12/site-packages/airflow/example_dags/example_display_name.py for tasks to queue
[2026-06-13T17:43:47.984+0000] {logging_mixin.py:190} INFO - [2026-06-13T17:43:47.983+0000] {dagbag.py:588} INFO - Filling up the DagBag from /home/airflow/.local/lib/python3.12/site-packages/airflow/example_dags/example_display_name.py
[2026-06-13T17:43:47.990+0000] {processor.py:925} INFO - DAG(s) 'example_display_name' retrieved from /home/airflow/.local/lib/python3.12/site-packages/airflow/example_dags/example_display_name.py
[2026-06-13T17:43:48.006+0000] {logging_mixin.py:190} INFO - [2026-06-13T17:43:48.006+0000] {dag.py:3239} INFO - Sync 1 DAGs
[2026-06-13T17:43:48.017+0000] {logging_mixin.py:190} INFO - [2026-06-13T17:43:48.017+0000] {dag.py:4180} INFO - Setting next_dagrun for example_display_name to None, run_after=None
[2026-06-13T17:43:48.035+0000] {processor.py:208} INFO - Processing /home/airflow/.local/lib/python3.12/site-packages/airflow/example_dags/example_display_name.py took 0.060 seconds
[2026-06-13T17:44:18.182+0000] {processor.py:186} INFO - Started process (PID=6548) to work on /home/airflow/.local/lib/python3.12/site-packages/airflow/example_dags/example_display_name.py
[2026-06-13T17:44:18.183+0000] {processor.py:914} INFO - Processing file /home/airflow/.local/lib/python3.12/site-packages/airflow/example_dags/example_display_name.py for tasks to queue
[2026-06-13T17:44:18.185+0000] {logging_mixin.py:190} INFO - [2026-06-13T17:44:18.185+0000] {dagbag.py:588} INFO - Filling up the DagBag from /home/airflow/.local/lib/python3.12/site-packages/airflow/example_dags/example_display_name.py
[2026-06-13T17:44:18.192+0000] {processor.py:925} INFO - DAG(s) 'example_display_name' retrieved from /home/airflow/.local/lib/python3.12/site-packages/airflow/example_dags/example_display_name.py
[2026-06-13T17:44:18.210+0000] {logging_mixin.py:190} INFO - [2026-06-13T17:44:18.209+0000] {dag.py:3239} INFO - Sync 1 DAGs
[2026-06-13T17:44:18.221+0000] {logging_mixin.py:190} INFO - [2026-06-13T17:44:18.220+0000] {dag.py:4180} INFO - Setting next_dagrun for example_display_name to None, run_after=None
[2026-06-13T17:44:18.237+0000] {processor.py:208} INFO - Processing /home/airflow/.local/lib/python3.12/site-packages/airflow/example_dags/example_display_name.py took 0.059 seconds
[2026-06-13T17:44:48.461+0000] {processor.py:186} INFO - Started process (PID=6610) to work on /home/airflow/.local/lib/python3.12/site-packages/airflow/example_dags/example_display_name.py
[2026-06-13T17:44:48.462+0000] {processor.py:914} INFO - Processing file /home/airflow/.local/lib/python3.12/site-packages/airflow/example_dags/example_display_name.py for tasks to queue
[2026-06-13T17:44:48.465+0000] {logging_mixin.py:190} INFO - [2026-06-13T17:44:48.464+0000] {dagbag.py:588} INFO - Filling up the DagBag from /home/airflow/.local/lib/python3.12/site-packages/airflow/example_dags/example_display_name.py
[2026-06-13T17:44:48.472+0000] {processor.py:925} INFO - DAG(s) 'example_display_name' retrieved from /home/airflow/.local/lib/python3.12/site-packages/airflow/example_dags/example_display_name.py
[2026-06-13T17:44:48.488+0000] {logging_mixin.py:190} INFO - [2026-06-13T17:44:48.488+0000] {dag.py:3239} INFO - Sync 1 DAGs
[2026-06-13T17:44:48.498+0000] {logging_mixin.py:190} INFO - [2026-06-13T17:44:48.498+0000] {dag.py:4180} INFO - Setting next_dagrun for example_display_name to None, run_after=None
[2026-06-13T17:44:48.514+0000] {processor.py:208} INFO - Processing /home/airflow/.local/lib/python3.12/site-packages/airflow/example_dags/example_display_name.py took 0.059 seconds
[2026-06-13T17:45:19.031+0000] {processor.py:186} INFO - Started process (PID=6672) to work on /home/airflow/.local/lib/python3.12/site-packages/airflow/example_dags/example_display_name.py
[2026-06-13T17:45:19.033+0000] {processor.py:914} INFO - Processing file /home/airflow/.local/lib/python3.12/site-packages/airflow/example_dags/example_display_name.py for tasks to queue
[2026-06-13T17:45:19.035+0000] {logging_mixin.py:190} INFO - [2026-06-13T17:45:19.035+0000] {dagbag.py:588} INFO - Filling up the DagBag from /home/airflow/.local/lib/python3.12/site-packages/airflow/example_dags/example_display_name.py
[2026-06-13T17:45:19.041+0000] {processor.py:925} INFO - DAG(s) 'example_display_name' retrieved from /home/airflow/.local/lib/python3.12/site-packages/airflow/example_dags/example_display_name.py
[2026-06-13T17:45:19.057+0000] {logging_mixin.py:190} INFO - [2026-06-13T17:45:19.056+0000] {dag.py:3239} INFO - Sync 1 DAGs
[2026-06-13T17:45:19.069+0000] {logging_mixin.py:190} INFO - [2026-06-13T17:45:19.069+0000] {dag.py:4180} INFO - Setting next_dagrun for example_display_name to None, run_after=None
[2026-06-13T17:45:19.083+0000] {processor.py:208} INFO - Processing /home/airflow/.local/lib/python3.12/site-packages/airflow/example_dags/example_display_name.py took 0.057 seconds
[2026-06-13T17:45:49.610+0000] {processor.py:186} INFO - Started process (PID=6734) to work on /home/airflow/.local/lib/python3.12/site-packages/airflow/example_dags/example_display_name.py
[2026-06-13T17:45:49.611+0000] {processor.py:914} INFO - Processing file /home/airflow/.local/lib/python3.12/site-packages/airflow/example_dags/example_display_name.py for tasks to queue
[2026-06-13T17:45:49.613+0000] {logging_mixin.py:190} INFO - [2026-06-13T17:45:49.613+0000] {dagbag.py:588} INFO - Filling up the DagBag from /home/airflow/.local/lib/python3.12/site-packages/airflow/example_dags/example_display_name.py
[2026-06-13T17:45:49.620+0000] {processor.py:925} INFO - DAG(s) 'example_display_name' retrieved from /home/airflow/.local/lib/python3.12/site-packages/airflow/example_dags/example_display_name.py
[2026-06-13T17:45:49.635+0000] {logging_mixin.py:190} INFO - [2026-06-13T17:45:49.634+0000] {dag.py:3239} INFO - Sync 1 DAGs
[2026-06-13T17:45:49.645+0000] {logging_mixin.py:190} INFO - [2026-06-13T17:45:49.645+0000] {dag.py:4180} INFO - Setting next_dagrun for example_display_name to None, run_after=None
[2026-06-13T17:45:49.662+0000] {processor.py:208} INFO - Processing /home/airflow/.local/lib/python3.12/site-packages/airflow/example_dags/example_display_name.py took 0.058 seconds
[2026-06-13T17:46:20.200+0000] {processor.py:186} INFO - Started process (PID=6796) to work on /home/airflow/.local/lib/python3.12/site-packages/airflow/example_dags/example_display_name.py
[2026-06-13T17:46:20.202+0000] {processor.py:914} INFO - Processing file /home/airflow/.local/lib/python3.12/site-packages/airflow/example_dags/example_display_name.py for tasks to queue
[2026-06-13T17:46:20.204+0000] {logging_mixin.py:190} INFO - [2026-06-13T17:46:20.204+0000] {dagbag.py:588} INFO - Filling up the DagBag from /home/airflow/.local/lib/python3.12/site-packages/airflow/example_dags/example_display_name.py
[2026-06-13T17:46:20.212+0000] {processor.py:925} INFO - DAG(s) 'example_display_name' retrieved from /home/airflow/.local/lib/python3.12/site-packages/airflow/example_dags/example_display_name.py
[2026-06-13T17:46:20.229+0000] {logging_mixin.py:190} INFO - [2026-06-13T17:46:20.229+0000] {dag.py:3239} INFO - Sync 1 DAGs
[2026-06-13T17:46:20.240+0000] {logging_mixin.py:190} INFO - [2026-06-13T17:46:20.240+0000] {dag.py:4180} INFO - Setting next_dagrun for example_display_name to None, run_after=None
[2026-06-13T17:46:20.256+0000] {processor.py:208} INFO - Processing /home/airflow/.local/lib/python3.12/site-packages/airflow/example_dags/example_display_name.py took 0.062 seconds
[2026-06-13T17:46:50.579+0000] {processor.py:186} INFO - Started process (PID=6858) to work on /home/airflow/.local/lib/python3.12/site-packages/airflow/example_dags/example_display_name.py
[2026-06-13T17:46:50.580+0000] {processor.py:914} INFO - Processing file /home/airflow/.local/lib/python3.12/site-packages/airflow/example_dags/example_display_name.py for tasks to queue
[2026-06-13T17:46:50.583+0000] {logging_mixin.py:190} INFO - [2026-06-13T17:46:50.582+0000] {dagbag.py:588} INFO - Filling up the DagBag from /home/airflow/.local/lib/python3.12/site-packages/airflow/example_dags/example_display_name.py
[2026-06-13T17:46:50.589+0000] {processor.py:925} INFO - DAG(s) 'example_display_name' retrieved from /home/airflow/.local/lib/python3.12/site-packages/airflow/example_dags/example_display_name.py
[2026-06-13T17:46:50.605+0000] {logging_mixin.py:190} INFO - [2026-06-13T17:46:50.605+0000] {dag.py:3239} INFO - Sync 1 DAGs
[2026-06-13T17:46:50.616+0000] {logging_mixin.py:190} INFO - [2026-06-13T17:46:50.616+0000] {dag.py:4180} INFO - Setting next_dagrun for example_display_name to None, run_after=None
[2026-06-13T17:46:50.633+0000] {processor.py:208} INFO - Processing /home/airflow/.local/lib/python3.12/site-packages/airflow/example_dags/example_display_name.py took 0.058 seconds
[2026-06-13T17:47:20.957+0000] {processor.py:186} INFO - Started process (PID=6920) to work on /home/airflow/.local/lib/python3.12/site-packages/airflow/example_dags/example_display_name.py
[2026-06-13T17:47:20.958+0000] {processor.py:914} INFO - Processing file /home/airflow/.local/lib/python3.12/site-packages/airflow/example_dags/example_display_name.py for tasks to queue
[2026-06-13T17:47:20.961+0000] {logging_mixin.py:190} INFO - [2026-06-13T17:47:20.960+0000] {dagbag.py:588} INFO - Filling up the DagBag from /home/airflow/.local/lib/python3.12/site-packages/airflow/example_dags/example_display_name.py
[2026-06-13T17:47:20.967+0000] {processor.py:925} INFO - DAG(s) 'example_display_name' retrieved from /home/airflow/.local/lib/python3.12/site-packages/airflow/example_dags/example_display_name.py
[2026-06-13T17:47:20.985+0000] {logging_mixin.py:190} INFO - [2026-06-13T17:47:20.985+0000] {dag.py:3239} INFO - Sync 1 DAGs
[2026-06-13T17:47:20.998+0000] {logging_mixin.py:190} INFO - [2026-06-13T17:47:20.998+0000] {dag.py:4180} INFO - Setting next_dagrun for example_display_name to None, run_after=None
[2026-06-13T17:47:21.028+0000] {processor.py:208} INFO - Processing /home/airflow/.local/lib/python3.12/site-packages/airflow/example_dags/example_display_name.py took 0.076 seconds
[2026-06-13T17:47:51.469+0000] {processor.py:186} INFO - Started process (PID=6982) to work on /home/airflow/.local/lib/python3.12/site-packages/airflow/example_dags/example_display_name.py
[2026-06-13T17:47:51.470+0000] {processor.py:914} INFO - Processing file /home/airflow/.local/lib/python3.12/site-packages/airflow/example_dags/example_display_name.py for tasks to queue
[2026-06-13T17:47:51.473+0000] {logging_mixin.py:190} INFO - [2026-06-13T17:47:51.473+0000] {dagbag.py:588} INFO - Filling up the DagBag from /home/airflow/.local/lib/python3.12/site-packages/airflow/example_dags/example_display_name.py
[2026-06-13T17:47:51.480+0000] {processor.py:925} INFO - DAG(s) 'example_display_name' retrieved from /home/airflow/.local/lib/python3.12/site-packages/airflow/example_dags/example_display_name.py
[2026-06-13T17:47:51.495+0000] {logging_mixin.py:190} INFO - [2026-06-13T17:47:51.495+0000] {dag.py:3239} INFO - Sync 1 DAGs
[2026-06-13T17:47:51.506+0000] {logging_mixin.py:190} INFO - [2026-06-13T17:47:51.506+0000] {dag.py:4180} INFO - Setting next_dagrun for example_display_name to None, run_after=None
[2026-06-13T17:47:51.521+0000] {processor.py:208} INFO - Processing /home/airflow/.local/lib/python3.12/site-packages/airflow/example_dags/example_display_name.py took 0.057 seconds
[2026-06-13T17:48:21.851+0000] {processor.py:186} INFO - Started process (PID=7044) to work on /home/airflow/.local/lib/python3.12/site-packages/airflow/example_dags/example_display_name.py
[2026-06-13T17:48:21.852+0000] {processor.py:914} INFO - Processing file /home/airflow/.local/lib/python3.12/site-packages/airflow/example_dags/example_display_name.py for tasks to queue
[2026-06-13T17:48:21.855+0000] {logging_mixin.py:190} INFO - [2026-06-13T17:48:21.855+0000] {dagbag.py:588} INFO - Filling up the DagBag from /home/airflow/.local/lib/python3.12/site-packages/airflow/example_dags/example_display_name.py
[2026-06-13T17:48:21.863+0000] {processor.py:925} INFO - DAG(s) 'example_display_name' retrieved from /home/airflow/.local/lib/python3.12/site-packages/airflow/example_dags/example_display_name.py
[2026-06-13T17:48:21.881+0000] {logging_mixin.py:190} INFO - [2026-06-13T17:48:21.881+0000] {dag.py:3239} INFO - Sync 1 DAGs
[2026-06-13T17:48:21.892+0000] {logging_mixin.py:190} INFO - [2026-06-13T17:48:21.892+0000] {dag.py:4180} INFO - Setting next_dagrun for example_display_name to None, run_after=None
[2026-06-13T17:48:21.910+0000] {processor.py:208} INFO - Processing /home/airflow/.local/lib/python3.12/site-packages/airflow/example_dags/example_display_name.py took 0.065 seconds
[2026-06-13T17:48:52.096+0000] {processor.py:186} INFO - Started process (PID=7106) to work on /home/airflow/.local/lib/python3.12/site-packages/airflow/example_dags/example_display_name.py
[2026-06-13T17:48:52.098+0000] {processor.py:914} INFO - Processing file /home/airflow/.local/lib/python3.12/site-packages/airflow/example_dags/example_display_name.py for tasks to queue
[2026-06-13T17:48:52.101+0000] {logging_mixin.py:190} INFO - [2026-06-13T17:48:52.100+0000] {dagbag.py:588} INFO - Filling up the DagBag from /home/airflow/.local/lib/python3.12/site-packages/airflow/example_dags/example_display_name.py
[2026-06-13T17:48:52.108+0000] {processor.py:925} INFO - DAG(s) 'example_display_name' retrieved from /home/airflow/.local/lib/python3.12/site-packages/airflow/example_dags/example_display_name.py
[2026-06-13T17:48:52.124+0000] {logging_mixin.py:190} INFO - [2026-06-13T17:48:52.124+0000] {dag.py:3239} INFO - Sync 1 DAGs
[2026-06-13T17:48:52.135+0000] {logging_mixin.py:190} INFO - [2026-06-13T17:48:52.135+0000] {dag.py:4180} INFO - Setting next_dagrun for example_display_name to None, run_after=None
[2026-06-13T17:48:52.152+0000] {processor.py:208} INFO - Processing /home/airflow/.local/lib/python3.12/site-packages/airflow/example_dags/example_display_name.py took 0.061 seconds
[2026-06-13T17:49:22.971+0000] {processor.py:186} INFO - Started process (PID=7167) to work on /home/airflow/.local/lib/python3.12/site-packages/airflow/example_dags/example_display_name.py
[2026-06-13T17:49:22.972+0000] {processor.py:914} INFO - Processing file /home/airflow/.local/lib/python3.12/site-packages/airflow/example_dags/example_display_name.py for tasks to queue
[2026-06-13T17:49:22.976+0000] {logging_mixin.py:190} INFO - [2026-06-13T17:49:22.975+0000] {dagbag.py:588} INFO - Filling up the DagBag from /home/airflow/.local/lib/python3.12/site-packages/airflow/example_dags/example_display_name.py
[2026-06-13T17:49:22.984+0000] {processor.py:925} INFO - DAG(s) 'example_display_name' retrieved from /home/airflow/.local/lib/python3.12/site-packages/airflow/example_dags/example_display_name.py
[2026-06-13T17:49:23.007+0000] {logging_mixin.py:190} INFO - [2026-06-13T17:49:23.007+0000] {dag.py:3239} INFO - Sync 1 DAGs
[2026-06-13T17:49:23.021+0000] {logging_mixin.py:190} INFO - [2026-06-13T17:49:23.021+0000] {dag.py:4180} INFO - Setting next_dagrun for example_display_name to None, run_after=None
[2026-06-13T17:49:23.042+0000] {processor.py:208} INFO - Processing /home/airflow/.local/lib/python3.12/site-packages/airflow/example_dags/example_display_name.py took 0.076 seconds
[2026-06-13T17:49:53.551+0000] {processor.py:186} INFO - Started process (PID=7229) to work on /home/airflow/.local/lib/python3.12/site-packages/airflow/example_dags/example_display_name.py
[2026-06-13T17:49:53.553+0000] {processor.py:914} INFO - Processing file /home/airflow/.local/lib/python3.12/site-packages/airflow/example_dags/example_display_name.py for tasks to queue
[2026-06-13T17:49:53.559+0000] {logging_mixin.py:190} INFO - [2026-06-13T17:49:53.558+0000] {dagbag.py:588} INFO - Filling up the DagBag from /home/airflow/.local/lib/python3.12/site-packages/airflow/example_dags/example_display_name.py
[2026-06-13T17:49:53.575+0000] {processor.py:925} INFO - DAG(s) 'example_display_name' retrieved from /home/airflow/.local/lib/python3.12/site-packages/airflow/example_dags/example_display_name.py
[2026-06-13T17:49:53.614+0000] {logging_mixin.py:190} INFO - [2026-06-13T17:49:53.613+0000] {dag.py:3239} INFO - Sync 1 DAGs
[2026-06-13T17:49:53.645+0000] {logging_mixin.py:190} INFO - [2026-06-13T17:49:53.644+0000] {dag.py:4180} INFO - Setting next_dagrun for example_display_name to None, run_after=None
[2026-06-13T17:49:53.684+0000] {processor.py:208} INFO - Processing /home/airflow/.local/lib/python3.12/site-packages/airflow/example_dags/example_display_name.py took 0.143 seconds
[2026-06-13T17:50:24.134+0000] {processor.py:186} INFO - Started process (PID=7292) to work on /home/airflow/.local/lib/python3.12/site-packages/airflow/example_dags/example_display_name.py
[2026-06-13T17:50:24.137+0000] {processor.py:914} INFO - Processing file /home/airflow/.local/lib/python3.12/site-packages/airflow/example_dags/example_display_name.py for tasks to queue
[2026-06-13T17:50:24.148+0000] {logging_mixin.py:190} INFO - [2026-06-13T17:50:24.147+0000] {dagbag.py:588} INFO - Filling up the DagBag from /home/airflow/.local/lib/python3.12/site-packages/airflow/example_dags/example_display_name.py
[2026-06-13T17:50:24.177+0000] {processor.py:925} INFO - DAG(s) 'example_display_name' retrieved from /home/airflow/.local/lib/python3.12/site-packages/airflow/example_dags/example_display_name.py
[2026-06-13T17:50:24.239+0000] {logging_mixin.py:190} INFO - [2026-06-13T17:50:24.238+0000] {dag.py:3239} INFO - Sync 1 DAGs
[2026-06-13T17:50:24.280+0000] {logging_mixin.py:190} INFO - [2026-06-13T17:50:24.280+0000] {dag.py:4180} INFO - Setting next_dagrun for example_display_name to None, run_after=None
[2026-06-13T17:50:24.555+0000] {processor.py:208} INFO - Processing /home/airflow/.local/lib/python3.12/site-packages/airflow/example_dags/example_display_name.py took 0.442 seconds
[2026-06-13T17:50:55.284+0000] {processor.py:186} INFO - Started process (PID=7355) to work on /home/airflow/.local/lib/python3.12/site-packages/airflow/example_dags/example_display_name.py
[2026-06-13T17:50:55.291+0000] {processor.py:914} INFO - Processing file /home/airflow/.local/lib/python3.12/site-packages/airflow/example_dags/example_display_name.py for tasks to queue
[2026-06-13T17:50:55.301+0000] {logging_mixin.py:190} INFO - [2026-06-13T17:50:55.300+0000] {dagbag.py:588} INFO - Filling up the DagBag from /home/airflow/.local/lib/python3.12/site-packages/airflow/example_dags/example_display_name.py
[2026-06-13T17:50:55.357+0000] {processor.py:925} INFO - DAG(s) 'example_display_name' retrieved from /home/airflow/.local/lib/python3.12/site-packages/airflow/example_dags/example_display_name.py
[2026-06-13T17:50:55.477+0000] {logging_mixin.py:190} INFO - [2026-06-13T17:50:55.475+0000] {dag.py:3239} INFO - Sync 1 DAGs
[2026-06-13T17:50:55.551+0000] {logging_mixin.py:190} INFO - [2026-06-13T17:50:55.550+0000] {dag.py:4180} INFO - Setting next_dagrun for example_display_name to None, run_after=None
[2026-06-13T17:50:55.637+0000] {processor.py:208} INFO - Processing /home/airflow/.local/lib/python3.12/site-packages/airflow/example_dags/example_display_name.py took 0.409 seconds
[2026-06-13T17:51:27.604+0000] {processor.py:186} INFO - Started process (PID=7417) to work on /home/airflow/.local/lib/python3.12/site-packages/airflow/example_dags/example_display_name.py
[2026-06-13T17:51:27.608+0000] {processor.py:914} INFO - Processing file /home/airflow/.local/lib/python3.12/site-packages/airflow/example_dags/example_display_name.py for tasks to queue
[2026-06-13T17:51:27.617+0000] {logging_mixin.py:190} INFO - [2026-06-13T17:51:27.616+0000] {dagbag.py:588} INFO - Filling up the DagBag from /home/airflow/.local/lib/python3.12/site-packages/airflow/example_dags/example_display_name.py
[2026-06-13T17:51:27.645+0000] {processor.py:925} INFO - DAG(s) 'example_display_name' retrieved from /home/airflow/.local/lib/python3.12/site-packages/airflow/example_dags/example_display_name.py
[2026-06-13T17:51:27.717+0000] {logging_mixin.py:190} INFO - [2026-06-13T17:51:27.716+0000] {dag.py:3239} INFO - Sync 1 DAGs
[2026-06-13T17:51:27.761+0000] {logging_mixin.py:190} INFO - [2026-06-13T17:51:27.760+0000] {dag.py:4180} INFO - Setting next_dagrun for example_display_name to None, run_after=None
[2026-06-13T17:51:27.832+0000] {processor.py:208} INFO - Processing /home/airflow/.local/lib/python3.12/site-packages/airflow/example_dags/example_display_name.py took 0.244 seconds
[2026-06-13T17:52:00.734+0000] {processor.py:186} INFO - Started process (PID=7479) to work on /home/airflow/.local/lib/python3.12/site-packages/airflow/example_dags/example_display_name.py
[2026-06-13T17:52:00.760+0000] {processor.py:914} INFO - Processing file /home/airflow/.local/lib/python3.12/site-packages/airflow/example_dags/example_display_name.py for tasks to queue
[2026-06-13T17:52:00.773+0000] {logging_mixin.py:190} INFO - [2026-06-13T17:52:00.769+0000] {dagbag.py:588} INFO - Filling up the DagBag from /home/airflow/.local/lib/python3.12/site-packages/airflow/example_dags/example_display_name.py
[2026-06-13T17:52:00.835+0000] {processor.py:925} INFO - DAG(s) 'example_display_name' retrieved from /home/airflow/.local/lib/python3.12/site-packages/airflow/example_dags/example_display_name.py
[2026-06-13T17:52:00.984+0000] {logging_mixin.py:190} INFO - [2026-06-13T17:52:00.983+0000] {dag.py:3239} INFO - Sync 1 DAGs
[2026-06-13T17:52:01.085+0000] {logging_mixin.py:190} INFO - [2026-06-13T17:52:01.084+0000] {dag.py:4180} INFO - Setting next_dagrun for example_display_name to None, run_after=None
[2026-06-13T17:52:01.174+0000] {processor.py:208} INFO - Processing /home/airflow/.local/lib/python3.12/site-packages/airflow/example_dags/example_display_name.py took 0.481 seconds
[2026-06-13T17:52:32.245+0000] {processor.py:186} INFO - Started process (PID=7541) to work on /home/airflow/.local/lib/python3.12/site-packages/airflow/example_dags/example_display_name.py
[2026-06-13T17:52:32.246+0000] {processor.py:914} INFO - Processing file /home/airflow/.local/lib/python3.12/site-packages/airflow/example_dags/example_display_name.py for tasks to queue
[2026-06-13T17:52:32.250+0000] {logging_mixin.py:190} INFO - [2026-06-13T17:52:32.249+0000] {dagbag.py:588} INFO - Filling up the DagBag from /home/airflow/.local/lib/python3.12/site-packages/airflow/example_dags/example_display_name.py
[2026-06-13T17:52:32.261+0000] {processor.py:925} INFO - DAG(s) 'example_display_name' retrieved from /home/airflow/.local/lib/python3.12/site-packages/airflow/example_dags/example_display_name.py
[2026-06-13T17:52:32.291+0000] {logging_mixin.py:190} INFO - [2026-06-13T17:52:32.290+0000] {dag.py:3239} INFO - Sync 1 DAGs
[2026-06-13T17:52:32.311+0000] {logging_mixin.py:190} INFO - [2026-06-13T17:52:32.311+0000] {dag.py:4180} INFO - Setting next_dagrun for example_display_name to None, run_after=None
[2026-06-13T17:52:32.334+0000] {processor.py:208} INFO - Processing /home/airflow/.local/lib/python3.12/site-packages/airflow/example_dags/example_display_name.py took 0.098 seconds
[2026-06-13T17:53:02.907+0000] {processor.py:186} INFO - Started process (PID=7603) to work on /home/airflow/.local/lib/python3.12/site-packages/airflow/example_dags/example_display_name.py
[2026-06-13T17:53:02.908+0000] {processor.py:914} INFO - Processing file /home/airflow/.local/lib/python3.12/site-packages/airflow/example_dags/example_display_name.py for tasks to queue
[2026-06-13T17:53:02.911+0000] {logging_mixin.py:190} INFO - [2026-06-13T17:53:02.910+0000] {dagbag.py:588} INFO - Filling up the DagBag from /home/airflow/.local/lib/python3.12/site-packages/airflow/example_dags/example_display_name.py
[2026-06-13T17:53:02.917+0000] {processor.py:925} INFO - DAG(s) 'example_display_name' retrieved from /home/airflow/.local/lib/python3.12/site-packages/airflow/example_dags/example_display_name.py
[2026-06-13T17:53:02.934+0000] {logging_mixin.py:190} INFO - [2026-06-13T17:53:02.934+0000] {dag.py:3239} INFO - Sync 1 DAGs
[2026-06-13T17:53:02.945+0000] {logging_mixin.py:190} INFO - [2026-06-13T17:53:02.945+0000] {dag.py:4180} INFO - Setting next_dagrun for example_display_name to None, run_after=None
[2026-06-13T17:53:02.962+0000] {processor.py:208} INFO - Processing /home/airflow/.local/lib/python3.12/site-packages/airflow/example_dags/example_display_name.py took 0.060 seconds
[2026-06-13T17:53:33.828+0000] {processor.py:186} INFO - Started process (PID=7665) to work on /home/airflow/.local/lib/python3.12/site-packages/airflow/example_dags/example_display_name.py
[2026-06-13T17:53:33.829+0000] {processor.py:914} INFO - Processing file /home/airflow/.local/lib/python3.12/site-packages/airflow/example_dags/example_display_name.py for tasks to queue
[2026-06-13T17:53:33.832+0000] {logging_mixin.py:190} INFO - [2026-06-13T17:53:33.832+0000] {dagbag.py:588} INFO - Filling up the DagBag from /home/airflow/.local/lib/python3.12/site-packages/airflow/example_dags/example_display_name.py
[2026-06-13T17:53:33.840+0000] {processor.py:925} INFO - DAG(s) 'example_display_name' retrieved from /home/airflow/.local/lib/python3.12/site-packages/airflow/example_dags/example_display_name.py
[2026-06-13T17:53:33.867+0000] {logging_mixin.py:190} INFO - [2026-06-13T17:53:33.866+0000] {dag.py:3239} INFO - Sync 1 DAGs
[2026-06-13T17:53:33.886+0000] {logging_mixin.py:190} INFO - [2026-06-13T17:53:33.885+0000] {dag.py:4180} INFO - Setting next_dagrun for example_display_name to None, run_after=None
[2026-06-13T17:53:33.905+0000] {processor.py:208} INFO - Processing /home/airflow/.local/lib/python3.12/site-packages/airflow/example_dags/example_display_name.py took 0.083 seconds
[2026-06-13T17:54:04.262+0000] {processor.py:186} INFO - Started process (PID=7727) to work on /home/airflow/.local/lib/python3.12/site-packages/airflow/example_dags/example_display_name.py
[2026-06-13T17:54:04.263+0000] {processor.py:914} INFO - Processing file /home/airflow/.local/lib/python3.12/site-packages/airflow/example_dags/example_display_name.py for tasks to queue
[2026-06-13T17:54:04.266+0000] {logging_mixin.py:190} INFO - [2026-06-13T17:54:04.266+0000] {dagbag.py:588} INFO - Filling up the DagBag from /home/airflow/.local/lib/python3.12/site-packages/airflow/example_dags/example_display_name.py
[2026-06-13T17:54:04.274+0000] {processor.py:925} INFO - DAG(s) 'example_display_name' retrieved from /home/airflow/.local/lib/python3.12/site-packages/airflow/example_dags/example_display_name.py
[2026-06-13T17:54:04.294+0000] {logging_mixin.py:190} INFO - [2026-06-13T17:54:04.294+0000] {dag.py:3239} INFO - Sync 1 DAGs
[2026-06-13T17:54:04.307+0000] {logging_mixin.py:190} INFO - [2026-06-13T17:54:04.307+0000] {dag.py:4180} INFO - Setting next_dagrun for example_display_name to None, run_after=None
[2026-06-13T17:54:04.328+0000] {processor.py:208} INFO - Processing /home/airflow/.local/lib/python3.12/site-packages/airflow/example_dags/example_display_name.py took 0.073 seconds
[2026-06-13T17:54:35.147+0000] {processor.py:186} INFO - Started process (PID=7789) to work on /home/airflow/.local/lib/python3.12/site-packages/airflow/example_dags/example_display_name.py
[2026-06-13T17:54:35.148+0000] {processor.py:914} INFO - Processing file /home/airflow/.local/lib/python3.12/site-packages/airflow/example_dags/example_display_name.py for tasks to queue
[2026-06-13T17:54:35.151+0000] {logging_mixin.py:190} INFO - [2026-06-13T17:54:35.151+0000] {dagbag.py:588} INFO - Filling up the DagBag from /home/airflow/.local/lib/python3.12/site-packages/airflow/example_dags/example_display_name.py
[2026-06-13T17:54:35.159+0000] {processor.py:925} INFO - DAG(s) 'example_display_name' retrieved from /home/airflow/.local/lib/python3.12/site-packages/airflow/example_dags/example_display_name.py
[2026-06-13T17:54:35.181+0000] {logging_mixin.py:190} INFO - [2026-06-13T17:54:35.180+0000] {dag.py:3239} INFO - Sync 1 DAGs
[2026-06-13T17:54:35.346+0000] {logging_mixin.py:190} INFO - [2026-06-13T17:54:35.346+0000] {dag.py:4180} INFO - Setting next_dagrun for example_display_name to None, run_after=None
[2026-06-13T17:54:35.367+0000] {processor.py:208} INFO - Processing /home/airflow/.local/lib/python3.12/site-packages/airflow/example_dags/example_display_name.py took 0.226 seconds
[2026-06-13T17:55:06.024+0000] {processor.py:186} INFO - Started process (PID=7851) to work on /home/airflow/.local/lib/python3.12/site-packages/airflow/example_dags/example_display_name.py
[2026-06-13T17:55:06.026+0000] {processor.py:914} INFO - Processing file /home/airflow/.local/lib/python3.12/site-packages/airflow/example_dags/example_display_name.py for tasks to queue
[2026-06-13T17:55:06.029+0000] {logging_mixin.py:190} INFO - [2026-06-13T17:55:06.028+0000] {dagbag.py:588} INFO - Filling up the DagBag from /home/airflow/.local/lib/python3.12/site-packages/airflow/example_dags/example_display_name.py
[2026-06-13T17:55:06.035+0000] {processor.py:925} INFO - DAG(s) 'example_display_name' retrieved from /home/airflow/.local/lib/python3.12/site-packages/airflow/example_dags/example_display_name.py
[2026-06-13T17:55:06.053+0000] {logging_mixin.py:190} INFO - [2026-06-13T17:55:06.053+0000] {dag.py:3239} INFO - Sync 1 DAGs
[2026-06-13T17:55:06.065+0000] {logging_mixin.py:190} INFO - [2026-06-13T17:55:06.065+0000] {dag.py:4180} INFO - Setting next_dagrun for example_display_name to None, run_after=None
[2026-06-13T17:55:06.213+0000] {processor.py:208} INFO - Processing /home/airflow/.local/lib/python3.12/site-packages/airflow/example_dags/example_display_name.py took 0.194 seconds
[2026-06-13T17:55:37.529+0000] {processor.py:186} INFO - Started process (PID=7913) to work on /home/airflow/.local/lib/python3.12/site-packages/airflow/example_dags/example_display_name.py
[2026-06-13T17:55:37.531+0000] {processor.py:914} INFO - Processing file /home/airflow/.local/lib/python3.12/site-packages/airflow/example_dags/example_display_name.py for tasks to queue
[2026-06-13T17:55:37.534+0000] {logging_mixin.py:190} INFO - [2026-06-13T17:55:37.534+0000] {dagbag.py:588} INFO - Filling up the DagBag from /home/airflow/.local/lib/python3.12/site-packages/airflow/example_dags/example_display_name.py
[2026-06-13T17:55:37.544+0000] {processor.py:925} INFO - DAG(s) 'example_display_name' retrieved from /home/airflow/.local/lib/python3.12/site-packages/airflow/example_dags/example_display_name.py
[2026-06-13T17:55:37.570+0000] {logging_mixin.py:190} INFO - [2026-06-13T17:55:37.569+0000] {dag.py:3239} INFO - Sync 1 DAGs
[2026-06-13T17:55:37.597+0000] {logging_mixin.py:190} INFO - [2026-06-13T17:55:37.597+0000] {dag.py:4180} INFO - Setting next_dagrun for example_display_name to None, run_after=None
[2026-06-13T17:55:37.635+0000] {processor.py:208} INFO - Processing /home/airflow/.local/lib/python3.12/site-packages/airflow/example_dags/example_display_name.py took 0.117 seconds
[2026-06-13T17:56:07.690+0000] {processor.py:186} INFO - Started process (PID=7976) to work on /home/airflow/.local/lib/python3.12/site-packages/airflow/example_dags/example_display_name.py
[2026-06-13T17:56:07.692+0000] {processor.py:914} INFO - Processing file /home/airflow/.local/lib/python3.12/site-packages/airflow/example_dags/example_display_name.py for tasks to queue
[2026-06-13T17:56:07.695+0000] {logging_mixin.py:190} INFO - [2026-06-13T17:56:07.695+0000] {dagbag.py:588} INFO - Filling up the DagBag from /home/airflow/.local/lib/python3.12/site-packages/airflow/example_dags/example_display_name.py
[2026-06-13T17:56:07.705+0000] {processor.py:925} INFO - DAG(s) 'example_display_name' retrieved from /home/airflow/.local/lib/python3.12/site-packages/airflow/example_dags/example_display_name.py
[2026-06-13T17:56:07.728+0000] {logging_mixin.py:190} INFO - [2026-06-13T17:56:07.727+0000] {dag.py:3239} INFO - Sync 1 DAGs
[2026-06-13T17:56:07.750+0000] {logging_mixin.py:190} INFO - [2026-06-13T17:56:07.749+0000] {dag.py:4180} INFO - Setting next_dagrun for example_display_name to None, run_after=None
[2026-06-13T17:56:07.781+0000] {processor.py:208} INFO - Processing /home/airflow/.local/lib/python3.12/site-packages/airflow/example_dags/example_display_name.py took 0.098 seconds
[2026-06-13T17:56:38.470+0000] {processor.py:186} INFO - Started process (PID=8038) to work on /home/airflow/.local/lib/python3.12/site-packages/airflow/example_dags/example_display_name.py
[2026-06-13T17:56:38.472+0000] {processor.py:914} INFO - Processing file /home/airflow/.local/lib/python3.12/site-packages/airflow/example_dags/example_display_name.py for tasks to queue
[2026-06-13T17:56:38.474+0000] {logging_mixin.py:190} INFO - [2026-06-13T17:56:38.474+0000] {dagbag.py:588} INFO - Filling up the DagBag from /home/airflow/.local/lib/python3.12/site-packages/airflow/example_dags/example_display_name.py
[2026-06-13T17:56:38.480+0000] {processor.py:925} INFO - DAG(s) 'example_display_name' retrieved from /home/airflow/.local/lib/python3.12/site-packages/airflow/example_dags/example_display_name.py
[2026-06-13T17:56:38.498+0000] {logging_mixin.py:190} INFO - [2026-06-13T17:56:38.497+0000] {dag.py:3239} INFO - Sync 1 DAGs
[2026-06-13T17:56:38.509+0000] {logging_mixin.py:190} INFO - [2026-06-13T17:56:38.509+0000] {dag.py:4180} INFO - Setting next_dagrun for example_display_name to None, run_after=None
[2026-06-13T17:56:38.535+0000] {processor.py:208} INFO - Processing /home/airflow/.local/lib/python3.12/site-packages/airflow/example_dags/example_display_name.py took 0.070 seconds
[2026-06-13T17:57:08.964+0000] {processor.py:186} INFO - Started process (PID=8100) to work on /home/airflow/.local/lib/python3.12/site-packages/airflow/example_dags/example_display_name.py
[2026-06-13T17:57:08.965+0000] {processor.py:914} INFO - Processing file /home/airflow/.local/lib/python3.12/site-packages/airflow/example_dags/example_display_name.py for tasks to queue
[2026-06-13T17:57:08.968+0000] {logging_mixin.py:190} INFO - [2026-06-13T17:57:08.967+0000] {dagbag.py:588} INFO - Filling up the DagBag from /home/airflow/.local/lib/python3.12/site-packages/airflow/example_dags/example_display_name.py
[2026-06-13T17:57:08.975+0000] {processor.py:925} INFO - DAG(s) 'example_display_name' retrieved from /home/airflow/.local/lib/python3.12/site-packages/airflow/example_dags/example_display_name.py
[2026-06-13T17:57:08.992+0000] {logging_mixin.py:190} INFO - [2026-06-13T17:57:08.992+0000] {dag.py:3239} INFO - Sync 1 DAGs
[2026-06-13T17:57:09.003+0000] {logging_mixin.py:190} INFO - [2026-06-13T17:57:09.003+0000] {dag.py:4180} INFO - Setting next_dagrun for example_display_name to None, run_after=None
[2026-06-13T17:57:09.032+0000] {processor.py:208} INFO - Processing /home/airflow/.local/lib/python3.12/site-packages/airflow/example_dags/example_display_name.py took 0.076 seconds
[2026-06-13T17:57:39.766+0000] {processor.py:186} INFO - Started process (PID=8162) to work on /home/airflow/.local/lib/python3.12/site-packages/airflow/example_dags/example_display_name.py
[2026-06-13T17:57:39.767+0000] {processor.py:914} INFO - Processing file /home/airflow/.local/lib/python3.12/site-packages/airflow/example_dags/example_display_name.py for tasks to queue
[2026-06-13T17:57:39.771+0000] {logging_mixin.py:190} INFO - [2026-06-13T17:57:39.770+0000] {dagbag.py:588} INFO - Filling up the DagBag from /home/airflow/.local/lib/python3.12/site-packages/airflow/example_dags/example_display_name.py
[2026-06-13T17:57:39.780+0000] {processor.py:925} INFO - DAG(s) 'example_display_name' retrieved from /home/airflow/.local/lib/python3.12/site-packages/airflow/example_dags/example_display_name.py
[2026-06-13T17:57:39.802+0000] {logging_mixin.py:190} INFO - [2026-06-13T17:57:39.802+0000] {dag.py:3239} INFO - Sync 1 DAGs
[2026-06-13T17:57:39.818+0000] {logging_mixin.py:190} INFO - [2026-06-13T17:57:39.818+0000] {dag.py:4180} INFO - Setting next_dagrun for example_display_name to None, run_after=None
[2026-06-13T17:57:39.838+0000] {processor.py:208} INFO - Processing /home/airflow/.local/lib/python3.12/site-packages/airflow/example_dags/example_display_name.py took 0.080 seconds
[2026-06-13T17:58:10.616+0000] {processor.py:186} INFO - Started process (PID=8224) to work on /home/airflow/.local/lib/python3.12/site-packages/airflow/example_dags/example_display_name.py
[2026-06-13T17:58:10.618+0000] {processor.py:914} INFO - Processing file /home/airflow/.local/lib/python3.12/site-packages/airflow/example_dags/example_display_name.py for tasks to queue
[2026-06-13T17:58:10.621+0000] {logging_mixin.py:190} INFO - [2026-06-13T17:58:10.620+0000] {dagbag.py:588} INFO - Filling up the DagBag from /home/airflow/.local/lib/python3.12/site-packages/airflow/example_dags/example_display_name.py
[2026-06-13T17:58:10.629+0000] {processor.py:925} INFO - DAG(s) 'example_display_name' retrieved from /home/airflow/.local/lib/python3.12/site-packages/airflow/example_dags/example_display_name.py
[2026-06-13T17:58:10.648+0000] {logging_mixin.py:190} INFO - [2026-06-13T17:58:10.648+0000] {dag.py:3239} INFO - Sync 1 DAGs
[2026-06-13T17:58:10.660+0000] {logging_mixin.py:190} INFO - [2026-06-13T17:58:10.659+0000] {dag.py:4180} INFO - Setting next_dagrun for example_display_name to None, run_after=None
[2026-06-13T17:58:10.684+0000] {processor.py:208} INFO - Processing /home/airflow/.local/lib/python3.12/site-packages/airflow/example_dags/example_display_name.py took 0.073 seconds
[2026-06-13T17:58:41.341+0000] {processor.py:186} INFO - Started process (PID=8286) to work on /home/airflow/.local/lib/python3.12/site-packages/airflow/example_dags/example_display_name.py
[2026-06-13T17:58:41.342+0000] {processor.py:914} INFO - Processing file /home/airflow/.local/lib/python3.12/site-packages/airflow/example_dags/example_display_name.py for tasks to queue
[2026-06-13T17:58:41.344+0000] {logging_mixin.py:190} INFO - [2026-06-13T17:58:41.344+0000] {dagbag.py:588} INFO - Filling up the DagBag from /home/airflow/.local/lib/python3.12/site-packages/airflow/example_dags/example_display_name.py
[2026-06-13T17:58:41.351+0000] {processor.py:925} INFO - DAG(s) 'example_display_name' retrieved from /home/airflow/.local/lib/python3.12/site-packages/airflow/example_dags/example_display_name.py
[2026-06-13T17:58:41.369+0000] {logging_mixin.py:190} INFO - [2026-06-13T17:58:41.368+0000] {dag.py:3239} INFO - Sync 1 DAGs
[2026-06-13T17:58:41.380+0000] {logging_mixin.py:190} INFO - [2026-06-13T17:58:41.380+0000] {dag.py:4180} INFO - Setting next_dagrun for example_display_name to None, run_after=None
[2026-06-13T17:58:41.397+0000] {processor.py:208} INFO - Processing /home/airflow/.local/lib/python3.12/site-packages/airflow/example_dags/example_display_name.py took 0.061 seconds
[2026-06-13T17:59:12.132+0000] {processor.py:186} INFO - Started process (PID=8354) to work on /home/airflow/.local/lib/python3.12/site-packages/airflow/example_dags/example_display_name.py
[2026-06-13T17:59:12.134+0000] {processor.py:914} INFO - Processing file /home/airflow/.local/lib/python3.12/site-packages/airflow/example_dags/example_display_name.py for tasks to queue
[2026-06-13T17:59:12.136+0000] {logging_mixin.py:190} INFO - [2026-06-13T17:59:12.136+0000] {dagbag.py:588} INFO - Filling up the DagBag from /home/airflow/.local/lib/python3.12/site-packages/airflow/example_dags/example_display_name.py
[2026-06-13T17:59:12.145+0000] {processor.py:925} INFO - DAG(s) 'example_display_name' retrieved from /home/airflow/.local/lib/python3.12/site-packages/airflow/example_dags/example_display_name.py
[2026-06-13T17:59:12.166+0000] {logging_mixin.py:190} INFO - [2026-06-13T17:59:12.166+0000] {dag.py:3239} INFO - Sync 1 DAGs
[2026-06-13T17:59:12.181+0000] {logging_mixin.py:190} INFO - [2026-06-13T17:59:12.181+0000] {dag.py:4180} INFO - Setting next_dagrun for example_display_name to None, run_after=None
[2026-06-13T17:59:12.206+0000] {processor.py:208} INFO - Processing /home/airflow/.local/lib/python3.12/site-packages/airflow/example_dags/example_display_name.py took 0.080 seconds
[2026-06-13T17:59:42.246+0000] {processor.py:186} INFO - Started process (PID=8416) to work on /home/airflow/.local/lib/python3.12/site-packages/airflow/example_dags/example_display_name.py
[2026-06-13T17:59:42.248+0000] {processor.py:914} INFO - Processing file /home/airflow/.local/lib/python3.12/site-packages/airflow/example_dags/example_display_name.py for tasks to queue
[2026-06-13T17:59:42.250+0000] {logging_mixin.py:190} INFO - [2026-06-13T17:59:42.250+0000] {dagbag.py:588} INFO - Filling up the DagBag from /home/airflow/.local/lib/python3.12/site-packages/airflow/example_dags/example_display_name.py
[2026-06-13T17:59:42.256+0000] {processor.py:925} INFO - DAG(s) 'example_display_name' retrieved from /home/airflow/.local/lib/python3.12/site-packages/airflow/example_dags/example_display_name.py
[2026-06-13T17:59:42.274+0000] {logging_mixin.py:190} INFO - [2026-06-13T17:59:42.274+0000] {dag.py:3239} INFO - Sync 1 DAGs
[2026-06-13T17:59:42.287+0000] {logging_mixin.py:190} INFO - [2026-06-13T17:59:42.287+0000] {dag.py:4180} INFO - Setting next_dagrun for example_display_name to None, run_after=None
[2026-06-13T17:59:42.304+0000] {processor.py:208} INFO - Processing /home/airflow/.local/lib/python3.12/site-packages/airflow/example_dags/example_display_name.py took 0.062 seconds
[2026-06-13T18:00:13.048+0000] {processor.py:186} INFO - Started process (PID=8479) to work on /home/airflow/.local/lib/python3.12/site-packages/airflow/example_dags/example_display_name.py
[2026-06-13T18:00:13.050+0000] {processor.py:914} INFO - Processing file /home/airflow/.local/lib/python3.12/site-packages/airflow/example_dags/example_display_name.py for tasks to queue
[2026-06-13T18:00:13.052+0000] {logging_mixin.py:190} INFO - [2026-06-13T18:00:13.052+0000] {dagbag.py:588} INFO - Filling up the DagBag from /home/airflow/.local/lib/python3.12/site-packages/airflow/example_dags/example_display_name.py
[2026-06-13T18:00:13.058+0000] {processor.py:925} INFO - DAG(s) 'example_display_name' retrieved from /home/airflow/.local/lib/python3.12/site-packages/airflow/example_dags/example_display_name.py
[2026-06-13T18:00:13.075+0000] {logging_mixin.py:190} INFO - [2026-06-13T18:00:13.075+0000] {dag.py:3239} INFO - Sync 1 DAGs
[2026-06-13T18:00:13.088+0000] {logging_mixin.py:190} INFO - [2026-06-13T18:00:13.088+0000] {dag.py:4180} INFO - Setting next_dagrun for example_display_name to None, run_after=None
[2026-06-13T18:00:13.110+0000] {processor.py:208} INFO - Processing /home/airflow/.local/lib/python3.12/site-packages/airflow/example_dags/example_display_name.py took 0.067 seconds
[2026-06-13T18:00:43.345+0000] {processor.py:186} INFO - Started process (PID=8541) to work on /home/airflow/.local/lib/python3.12/site-packages/airflow/example_dags/example_display_name.py
[2026-06-13T18:00:43.347+0000] {processor.py:914} INFO - Processing file /home/airflow/.local/lib/python3.12/site-packages/airflow/example_dags/example_display_name.py for tasks to queue
[2026-06-13T18:00:43.349+0000] {logging_mixin.py:190} INFO - [2026-06-13T18:00:43.349+0000] {dagbag.py:588} INFO - Filling up the DagBag from /home/airflow/.local/lib/python3.12/site-packages/airflow/example_dags/example_display_name.py
[2026-06-13T18:00:43.355+0000] {processor.py:925} INFO - DAG(s) 'example_display_name' retrieved from /home/airflow/.local/lib/python3.12/site-packages/airflow/example_dags/example_display_name.py
[2026-06-13T18:00:43.372+0000] {logging_mixin.py:190} INFO - [2026-06-13T18:00:43.372+0000] {dag.py:3239} INFO - Sync 1 DAGs
[2026-06-13T18:00:43.385+0000] {logging_mixin.py:190} INFO - [2026-06-13T18:00:43.384+0000] {dag.py:4180} INFO - Setting next_dagrun for example_display_name to None, run_after=None
[2026-06-13T18:00:43.402+0000] {processor.py:208} INFO - Processing /home/airflow/.local/lib/python3.12/site-packages/airflow/example_dags/example_display_name.py took 0.062 seconds
[2026-06-13T18:01:14.151+0000] {processor.py:186} INFO - Started process (PID=8603) to work on /home/airflow/.local/lib/python3.12/site-packages/airflow/example_dags/example_display_name.py
[2026-06-13T18:01:14.152+0000] {processor.py:914} INFO - Processing file /home/airflow/.local/lib/python3.12/site-packages/airflow/example_dags/example_display_name.py for tasks to queue
[2026-06-13T18:01:14.155+0000] {logging_mixin.py:190} INFO - [2026-06-13T18:01:14.155+0000] {dagbag.py:588} INFO - Filling up the DagBag from /home/airflow/.local/lib/python3.12/site-packages/airflow/example_dags/example_display_name.py
[2026-06-13T18:01:14.163+0000] {processor.py:925} INFO - DAG(s) 'example_display_name' retrieved from /home/airflow/.local/lib/python3.12/site-packages/airflow/example_dags/example_display_name.py
[2026-06-13T18:01:14.184+0000] {logging_mixin.py:190} INFO - [2026-06-13T18:01:14.184+0000] {dag.py:3239} INFO - Sync 1 DAGs
[2026-06-13T18:01:14.199+0000] {logging_mixin.py:190} INFO - [2026-06-13T18:01:14.199+0000] {dag.py:4180} INFO - Setting next_dagrun for example_display_name to None, run_after=None
[2026-06-13T18:01:14.220+0000] {processor.py:208} INFO - Processing /home/airflow/.local/lib/python3.12/site-packages/airflow/example_dags/example_display_name.py took 0.074 seconds
[2026-06-13T18:01:44.393+0000] {processor.py:186} INFO - Started process (PID=8665) to work on /home/airflow/.local/lib/python3.12/site-packages/airflow/example_dags/example_display_name.py
[2026-06-13T18:01:44.394+0000] {processor.py:914} INFO - Processing file /home/airflow/.local/lib/python3.12/site-packages/airflow/example_dags/example_display_name.py for tasks to queue
[2026-06-13T18:01:44.397+0000] {logging_mixin.py:190} INFO - [2026-06-13T18:01:44.396+0000] {dagbag.py:588} INFO - Filling up the DagBag from /home/airflow/.local/lib/python3.12/site-packages/airflow/example_dags/example_display_name.py
[2026-06-13T18:01:44.403+0000] {processor.py:925} INFO - DAG(s) 'example_display_name' retrieved from /home/airflow/.local/lib/python3.12/site-packages/airflow/example_dags/example_display_name.py
[2026-06-13T18:01:44.419+0000] {logging_mixin.py:190} INFO - [2026-06-13T18:01:44.418+0000] {dag.py:3239} INFO - Sync 1 DAGs
[2026-06-13T18:01:44.430+0000] {logging_mixin.py:190} INFO - [2026-06-13T18:01:44.430+0000] {dag.py:4180} INFO - Setting next_dagrun for example_display_name to None, run_after=None
[2026-06-13T18:01:44.450+0000] {processor.py:208} INFO - Processing /home/airflow/.local/lib/python3.12/site-packages/airflow/example_dags/example_display_name.py took 0.062 seconds
[2026-06-13T18:02:15.318+0000] {processor.py:186} INFO - Started process (PID=8727) to work on /home/airflow/.local/lib/python3.12/site-packages/airflow/example_dags/example_display_name.py
[2026-06-13T18:02:15.319+0000] {processor.py:914} INFO - Processing file /home/airflow/.local/lib/python3.12/site-packages/airflow/example_dags/example_display_name.py for tasks to queue
[2026-06-13T18:02:15.322+0000] {logging_mixin.py:190} INFO - [2026-06-13T18:02:15.321+0000] {dagbag.py:588} INFO - Filling up the DagBag from /home/airflow/.local/lib/python3.12/site-packages/airflow/example_dags/example_display_name.py
[2026-06-13T18:02:15.328+0000] {processor.py:925} INFO - DAG(s) 'example_display_name' retrieved from /home/airflow/.local/lib/python3.12/site-packages/airflow/example_dags/example_display_name.py
[2026-06-13T18:02:15.343+0000] {logging_mixin.py:190} INFO - [2026-06-13T18:02:15.342+0000] {dag.py:3239} INFO - Sync 1 DAGs
[2026-06-13T18:02:15.353+0000] {logging_mixin.py:190} INFO - [2026-06-13T18:02:15.353+0000] {dag.py:4180} INFO - Setting next_dagrun for example_display_name to None, run_after=None
[2026-06-13T18:02:15.429+0000] {processor.py:208} INFO - Processing /home/airflow/.local/lib/python3.12/site-packages/airflow/example_dags/example_display_name.py took 0.115 seconds
[2026-06-13T18:02:45.565+0000] {processor.py:186} INFO - Started process (PID=8788) to work on /home/airflow/.local/lib/python3.12/site-packages/airflow/example_dags/example_display_name.py
[2026-06-13T18:02:45.567+0000] {processor.py:914} INFO - Processing file /home/airflow/.local/lib/python3.12/site-packages/airflow/example_dags/example_display_name.py for tasks to queue
[2026-06-13T18:02:45.570+0000] {logging_mixin.py:190} INFO - [2026-06-13T18:02:45.569+0000] {dagbag.py:588} INFO - Filling up the DagBag from /home/airflow/.local/lib/python3.12/site-packages/airflow/example_dags/example_display_name.py
[2026-06-13T18:02:45.577+0000] {processor.py:925} INFO - DAG(s) 'example_display_name' retrieved from /home/airflow/.local/lib/python3.12/site-packages/airflow/example_dags/example_display_name.py
[2026-06-13T18:02:45.596+0000] {logging_mixin.py:190} INFO - [2026-06-13T18:02:45.596+0000] {dag.py:3239} INFO - Sync 1 DAGs
[2026-06-13T18:02:45.609+0000] {logging_mixin.py:190} INFO - [2026-06-13T18:02:45.608+0000] {dag.py:4180} INFO - Setting next_dagrun for example_display_name to None, run_after=None
[2026-06-13T18:02:45.629+0000] {processor.py:208} INFO - Processing /home/airflow/.local/lib/python3.12/site-packages/airflow/example_dags/example_display_name.py took 0.069 seconds
[2026-06-13T18:03:16.033+0000] {processor.py:186} INFO - Started process (PID=8850) to work on /home/airflow/.local/lib/python3.12/site-packages/airflow/example_dags/example_display_name.py
[2026-06-13T18:03:16.034+0000] {processor.py:914} INFO - Processing file /home/airflow/.local/lib/python3.12/site-packages/airflow/example_dags/example_display_name.py for tasks to queue
[2026-06-13T18:03:16.037+0000] {logging_mixin.py:190} INFO - [2026-06-13T18:03:16.036+0000] {dagbag.py:588} INFO - Filling up the DagBag from /home/airflow/.local/lib/python3.12/site-packages/airflow/example_dags/example_display_name.py
[2026-06-13T18:03:16.045+0000] {processor.py:925} INFO - DAG(s) 'example_display_name' retrieved from /home/airflow/.local/lib/python3.12/site-packages/airflow/example_dags/example_display_name.py
[2026-06-13T18:03:16.064+0000] {logging_mixin.py:190} INFO - [2026-06-13T18:03:16.063+0000] {dag.py:3239} INFO - Sync 1 DAGs
[2026-06-13T18:03:16.075+0000] {logging_mixin.py:190} INFO - [2026-06-13T18:03:16.075+0000] {dag.py:4180} INFO - Setting next_dagrun for example_display_name to None, run_after=None
[2026-06-13T18:03:16.095+0000] {processor.py:208} INFO - Processing /home/airflow/.local/lib/python3.12/site-packages/airflow/example_dags/example_display_name.py took 0.068 seconds
[2026-06-13T18:03:46.197+0000] {processor.py:186} INFO - Started process (PID=8912) to work on /home/airflow/.local/lib/python3.12/site-packages/airflow/example_dags/example_display_name.py
[2026-06-13T18:03:46.198+0000] {processor.py:914} INFO - Processing file /home/airflow/.local/lib/python3.12/site-packages/airflow/example_dags/example_display_name.py for tasks to queue
[2026-06-13T18:03:46.201+0000] {logging_mixin.py:190} INFO - [2026-06-13T18:03:46.200+0000] {dagbag.py:588} INFO - Filling up the DagBag from /home/airflow/.local/lib/python3.12/site-packages/airflow/example_dags/example_display_name.py
[2026-06-13T18:03:46.208+0000] {processor.py:925} INFO - DAG(s) 'example_display_name' retrieved from /home/airflow/.local/lib/python3.12/site-packages/airflow/example_dags/example_display_name.py
[2026-06-13T18:03:46.227+0000] {logging_mixin.py:190} INFO - [2026-06-13T18:03:46.227+0000] {dag.py:3239} INFO - Sync 1 DAGs
[2026-06-13T18:03:46.239+0000] {logging_mixin.py:190} INFO - [2026-06-13T18:03:46.239+0000] {dag.py:4180} INFO - Setting next_dagrun for example_display_name to None, run_after=None
[2026-06-13T18:03:46.255+0000] {processor.py:208} INFO - Processing /home/airflow/.local/lib/python3.12/site-packages/airflow/example_dags/example_display_name.py took 0.065 seconds
[2026-06-13T18:04:16.648+0000] {processor.py:186} INFO - Started process (PID=8974) to work on /home/airflow/.local/lib/python3.12/site-packages/airflow/example_dags/example_display_name.py
[2026-06-13T18:04:16.649+0000] {processor.py:914} INFO - Processing file /home/airflow/.local/lib/python3.12/site-packages/airflow/example_dags/example_display_name.py for tasks to queue
[2026-06-13T18:04:16.652+0000] {logging_mixin.py:190} INFO - [2026-06-13T18:04:16.651+0000] {dagbag.py:588} INFO - Filling up the DagBag from /home/airflow/.local/lib/python3.12/site-packages/airflow/example_dags/example_display_name.py
[2026-06-13T18:04:16.661+0000] {processor.py:925} INFO - DAG(s) 'example_display_name' retrieved from /home/airflow/.local/lib/python3.12/site-packages/airflow/example_dags/example_display_name.py
[2026-06-13T18:04:16.680+0000] {logging_mixin.py:190} INFO - [2026-06-13T18:04:16.680+0000] {dag.py:3239} INFO - Sync 1 DAGs
[2026-06-13T18:04:16.693+0000] {logging_mixin.py:190} INFO - [2026-06-13T18:04:16.693+0000] {dag.py:4180} INFO - Setting next_dagrun for example_display_name to None, run_after=None
[2026-06-13T18:04:16.710+0000] {processor.py:208} INFO - Processing /home/airflow/.local/lib/python3.12/site-packages/airflow/example_dags/example_display_name.py took 0.069 seconds
[2026-06-13T18:04:47.063+0000] {processor.py:186} INFO - Started process (PID=9036) to work on /home/airflow/.local/lib/python3.12/site-packages/airflow/example_dags/example_display_name.py
[2026-06-13T18:04:47.065+0000] {processor.py:914} INFO - Processing file /home/airflow/.local/lib/python3.12/site-packages/airflow/example_dags/example_display_name.py for tasks to queue
[2026-06-13T18:04:47.068+0000] {logging_mixin.py:190} INFO - [2026-06-13T18:04:47.067+0000] {dagbag.py:588} INFO - Filling up the DagBag from /home/airflow/.local/lib/python3.12/site-packages/airflow/example_dags/example_display_name.py
[2026-06-13T18:04:47.076+0000] {processor.py:925} INFO - DAG(s) 'example_display_name' retrieved from /home/airflow/.local/lib/python3.12/site-packages/airflow/example_dags/example_display_name.py
[2026-06-13T18:04:47.096+0000] {logging_mixin.py:190} INFO - [2026-06-13T18:04:47.096+0000] {dag.py:3239} INFO - Sync 1 DAGs
[2026-06-13T18:04:47.108+0000] {logging_mixin.py:190} INFO - [2026-06-13T18:04:47.108+0000] {dag.py:4180} INFO - Setting next_dagrun for example_display_name to None, run_after=None
[2026-06-13T18:04:47.128+0000] {processor.py:208} INFO - Processing /home/airflow/.local/lib/python3.12/site-packages/airflow/example_dags/example_display_name.py took 0.070 seconds
[2026-06-13T18:05:17.354+0000] {processor.py:186} INFO - Started process (PID=9098) to work on /home/airflow/.local/lib/python3.12/site-packages/airflow/example_dags/example_display_name.py
[2026-06-13T18:05:17.355+0000] {processor.py:914} INFO - Processing file /home/airflow/.local/lib/python3.12/site-packages/airflow/example_dags/example_display_name.py for tasks to queue
[2026-06-13T18:05:17.358+0000] {logging_mixin.py:190} INFO - [2026-06-13T18:05:17.358+0000] {dagbag.py:588} INFO - Filling up the DagBag from /home/airflow/.local/lib/python3.12/site-packages/airflow/example_dags/example_display_name.py
[2026-06-13T18:05:17.366+0000] {processor.py:925} INFO - DAG(s) 'example_display_name' retrieved from /home/airflow/.local/lib/python3.12/site-packages/airflow/example_dags/example_display_name.py
[2026-06-13T18:05:17.383+0000] {logging_mixin.py:190} INFO - [2026-06-13T18:05:17.383+0000] {dag.py:3239} INFO - Sync 1 DAGs
[2026-06-13T18:05:17.394+0000] {logging_mixin.py:190} INFO - [2026-06-13T18:05:17.394+0000] {dag.py:4180} INFO - Setting next_dagrun for example_display_name to None, run_after=None
[2026-06-13T18:05:17.409+0000] {processor.py:208} INFO - Processing /home/airflow/.local/lib/python3.12/site-packages/airflow/example_dags/example_display_name.py took 0.062 seconds
[2026-06-13T18:05:47.612+0000] {processor.py:186} INFO - Started process (PID=9161) to work on /home/airflow/.local/lib/python3.12/site-packages/airflow/example_dags/example_display_name.py
[2026-06-13T18:05:47.616+0000] {processor.py:914} INFO - Processing file /home/airflow/.local/lib/python3.12/site-packages/airflow/example_dags/example_display_name.py for tasks to queue
[2026-06-13T18:05:47.625+0000] {logging_mixin.py:190} INFO - [2026-06-13T18:05:47.623+0000] {dagbag.py:588} INFO - Filling up the DagBag from /home/airflow/.local/lib/python3.12/site-packages/airflow/example_dags/example_display_name.py
[2026-06-13T18:05:47.644+0000] {processor.py:925} INFO - DAG(s) 'example_display_name' retrieved from /home/airflow/.local/lib/python3.12/site-packages/airflow/example_dags/example_display_name.py
[2026-06-13T18:05:47.674+0000] {logging_mixin.py:190} INFO - [2026-06-13T18:05:47.673+0000] {dag.py:3239} INFO - Sync 1 DAGs
[2026-06-13T18:05:47.693+0000] {logging_mixin.py:190} INFO - [2026-06-13T18:05:47.693+0000] {dag.py:4180} INFO - Setting next_dagrun for example_display_name to None, run_after=None
[2026-06-13T18:05:47.720+0000] {processor.py:208} INFO - Processing /home/airflow/.local/lib/python3.12/site-packages/airflow/example_dags/example_display_name.py took 0.129 seconds
[2026-06-13T18:06:17.844+0000] {processor.py:186} INFO - Started process (PID=9223) to work on /home/airflow/.local/lib/python3.12/site-packages/airflow/example_dags/example_display_name.py
[2026-06-13T18:06:17.846+0000] {processor.py:914} INFO - Processing file /home/airflow/.local/lib/python3.12/site-packages/airflow/example_dags/example_display_name.py for tasks to queue
[2026-06-13T18:06:17.848+0000] {logging_mixin.py:190} INFO - [2026-06-13T18:06:17.848+0000] {dagbag.py:588} INFO - Filling up the DagBag from /home/airflow/.local/lib/python3.12/site-packages/airflow/example_dags/example_display_name.py
[2026-06-13T18:06:17.854+0000] {processor.py:925} INFO - DAG(s) 'example_display_name' retrieved from /home/airflow/.local/lib/python3.12/site-packages/airflow/example_dags/example_display_name.py
[2026-06-13T18:06:17.873+0000] {logging_mixin.py:190} INFO - [2026-06-13T18:06:17.873+0000] {dag.py:3239} INFO - Sync 1 DAGs
[2026-06-13T18:06:17.886+0000] {logging_mixin.py:190} INFO - [2026-06-13T18:06:17.885+0000] {dag.py:4180} INFO - Setting next_dagrun for example_display_name to None, run_after=None
[2026-06-13T18:06:17.905+0000] {processor.py:208} INFO - Processing /home/airflow/.local/lib/python3.12/site-packages/airflow/example_dags/example_display_name.py took 0.066 seconds
[2026-06-13T18:06:48.270+0000] {processor.py:186} INFO - Started process (PID=9285) to work on /home/airflow/.local/lib/python3.12/site-packages/airflow/example_dags/example_display_name.py
[2026-06-13T18:06:48.272+0000] {processor.py:914} INFO - Processing file /home/airflow/.local/lib/python3.12/site-packages/airflow/example_dags/example_display_name.py for tasks to queue
[2026-06-13T18:06:48.274+0000] {logging_mixin.py:190} INFO - [2026-06-13T18:06:48.274+0000] {dagbag.py:588} INFO - Filling up the DagBag from /home/airflow/.local/lib/python3.12/site-packages/airflow/example_dags/example_display_name.py
[2026-06-13T18:06:48.281+0000] {processor.py:925} INFO - DAG(s) 'example_display_name' retrieved from /home/airflow/.local/lib/python3.12/site-packages/airflow/example_dags/example_display_name.py
[2026-06-13T18:06:48.295+0000] {logging_mixin.py:190} INFO - [2026-06-13T18:06:48.295+0000] {dag.py:3239} INFO - Sync 1 DAGs
[2026-06-13T18:06:48.306+0000] {logging_mixin.py:190} INFO - [2026-06-13T18:06:48.305+0000] {dag.py:4180} INFO - Setting next_dagrun for example_display_name to None, run_after=None
[2026-06-13T18:06:48.322+0000] {processor.py:208} INFO - Processing /home/airflow/.local/lib/python3.12/site-packages/airflow/example_dags/example_display_name.py took 0.056 seconds
[2026-06-13T18:07:18.663+0000] {processor.py:186} INFO - Started process (PID=9347) to work on /home/airflow/.local/lib/python3.12/site-packages/airflow/example_dags/example_display_name.py
[2026-06-13T18:07:18.664+0000] {processor.py:914} INFO - Processing file /home/airflow/.local/lib/python3.12/site-packages/airflow/example_dags/example_display_name.py for tasks to queue
[2026-06-13T18:07:18.666+0000] {logging_mixin.py:190} INFO - [2026-06-13T18:07:18.666+0000] {dagbag.py:588} INFO - Filling up the DagBag from /home/airflow/.local/lib/python3.12/site-packages/airflow/example_dags/example_display_name.py
[2026-06-13T18:07:18.672+0000] {processor.py:925} INFO - DAG(s) 'example_display_name' retrieved from /home/airflow/.local/lib/python3.12/site-packages/airflow/example_dags/example_display_name.py
[2026-06-13T18:07:18.688+0000] {logging_mixin.py:190} INFO - [2026-06-13T18:07:18.688+0000] {dag.py:3239} INFO - Sync 1 DAGs
[2026-06-13T18:07:18.699+0000] {logging_mixin.py:190} INFO - [2026-06-13T18:07:18.699+0000] {dag.py:4180} INFO - Setting next_dagrun for example_display_name to None, run_after=None
[2026-06-13T18:07:18.718+0000] {processor.py:208} INFO - Processing /home/airflow/.local/lib/python3.12/site-packages/airflow/example_dags/example_display_name.py took 0.061 seconds
[2026-06-13T18:07:48.979+0000] {processor.py:186} INFO - Started process (PID=9409) to work on /home/airflow/.local/lib/python3.12/site-packages/airflow/example_dags/example_display_name.py
[2026-06-13T18:07:48.980+0000] {processor.py:914} INFO - Processing file /home/airflow/.local/lib/python3.12/site-packages/airflow/example_dags/example_display_name.py for tasks to queue
[2026-06-13T18:07:48.983+0000] {logging_mixin.py:190} INFO - [2026-06-13T18:07:48.983+0000] {dagbag.py:588} INFO - Filling up the DagBag from /home/airflow/.local/lib/python3.12/site-packages/airflow/example_dags/example_display_name.py
[2026-06-13T18:07:48.991+0000] {processor.py:925} INFO - DAG(s) 'example_display_name' retrieved from /home/airflow/.local/lib/python3.12/site-packages/airflow/example_dags/example_display_name.py
[2026-06-13T18:07:49.009+0000] {logging_mixin.py:190} INFO - [2026-06-13T18:07:49.009+0000] {dag.py:3239} INFO - Sync 1 DAGs
[2026-06-13T18:07:49.022+0000] {logging_mixin.py:190} INFO - [2026-06-13T18:07:49.022+0000] {dag.py:4180} INFO - Setting next_dagrun for example_display_name to None, run_after=None
[2026-06-13T18:07:49.043+0000] {processor.py:208} INFO - Processing /home/airflow/.local/lib/python3.12/site-packages/airflow/example_dags/example_display_name.py took 0.070 seconds
[2026-06-13T18:08:19.577+0000] {processor.py:186} INFO - Started process (PID=9471) to work on /home/airflow/.local/lib/python3.12/site-packages/airflow/example_dags/example_display_name.py
[2026-06-13T18:08:19.579+0000] {processor.py:914} INFO - Processing file /home/airflow/.local/lib/python3.12/site-packages/airflow/example_dags/example_display_name.py for tasks to queue
[2026-06-13T18:08:19.582+0000] {logging_mixin.py:190} INFO - [2026-06-13T18:08:19.581+0000] {dagbag.py:588} INFO - Filling up the DagBag from /home/airflow/.local/lib/python3.12/site-packages/airflow/example_dags/example_display_name.py
[2026-06-13T18:08:19.591+0000] {processor.py:925} INFO - DAG(s) 'example_display_name' retrieved from /home/airflow/.local/lib/python3.12/site-packages/airflow/example_dags/example_display_name.py
[2026-06-13T18:08:19.613+0000] {logging_mixin.py:190} INFO - [2026-06-13T18:08:19.613+0000] {dag.py:3239} INFO - Sync 1 DAGs
[2026-06-13T18:08:19.628+0000] {logging_mixin.py:190} INFO - [2026-06-13T18:08:19.627+0000] {dag.py:4180} INFO - Setting next_dagrun for example_display_name to None, run_after=None
[2026-06-13T18:08:19.654+0000] {processor.py:208} INFO - Processing /home/airflow/.local/lib/python3.12/site-packages/airflow/example_dags/example_display_name.py took 0.084 seconds
