[2026-06-13T16:50:39.354+0000] {processor.py:186} INFO - Started process (PID=99) to work on /home/airflow/.local/lib/python3.12/site-packages/airflow/example_dags/example_params_ui_tutorial.py
[2026-06-13T16:50:39.355+0000] {processor.py:914} INFO - Processing file /home/airflow/.local/lib/python3.12/site-packages/airflow/example_dags/example_params_ui_tutorial.py for tasks to queue
[2026-06-13T16:50:39.359+0000] {logging_mixin.py:190} INFO - [2026-06-13T16:50:39.358+0000] {dagbag.py:588} INFO - Filling up the DagBag from /home/airflow/.local/lib/python3.12/site-packages/airflow/example_dags/example_params_ui_tutorial.py
[2026-06-13T16:50:39.374+0000] {processor.py:925} INFO - DAG(s) 'example_params_ui_tutorial' retrieved from /home/airflow/.local/lib/python3.12/site-packages/airflow/example_dags/example_params_ui_tutorial.py
[2026-06-13T16:50:39.538+0000] {logging_mixin.py:190} INFO - [2026-06-13T16:50:39.537+0000] {override.py:1900} INFO - Created Permission View: can edit on DAG:example_params_ui_tutorial
[2026-06-13T16:50:39.559+0000] {logging_mixin.py:190} INFO - [2026-06-13T16:50:39.559+0000] {override.py:1900} INFO - Created Permission View: can read on DAG:example_params_ui_tutorial
[2026-06-13T16:50:39.580+0000] {logging_mixin.py:190} INFO - [2026-06-13T16:50:39.579+0000] {override.py:1900} INFO - Created Permission View: can delete on DAG:example_params_ui_tutorial
[2026-06-13T16:50:39.612+0000] {logging_mixin.py:190} INFO - [2026-06-13T16:50:39.612+0000] {override.py:1900} INFO - Created Permission View: can read on DAG Run:example_params_ui_tutorial
[2026-06-13T16:50:39.624+0000] {logging_mixin.py:190} INFO - [2026-06-13T16:50:39.624+0000] {override.py:1900} INFO - Created Permission View: can create on DAG Run:example_params_ui_tutorial
[2026-06-13T16:50:39.637+0000] {logging_mixin.py:190} INFO - [2026-06-13T16:50:39.636+0000] {override.py:1900} INFO - Created Permission View: menu access on DAG Run:example_params_ui_tutorial
[2026-06-13T16:50:39.658+0000] {logging_mixin.py:190} INFO - [2026-06-13T16:50:39.658+0000] {override.py:1900} INFO - Created Permission View: can delete on DAG Run:example_params_ui_tutorial
[2026-06-13T16:50:39.659+0000] {logging_mixin.py:190} INFO - [2026-06-13T16:50:39.659+0000] {dag.py:3239} INFO - Sync 1 DAGs
[2026-06-13T16:50:39.679+0000] {logging_mixin.py:190} INFO - [2026-06-13T16:50:39.678+0000] {dag.py:3262} INFO - Creating ORM DAG for example_params_ui_tutorial
[2026-06-13T16:50:39.680+0000] {logging_mixin.py:190} INFO - [2026-06-13T16:50:39.680+0000] {dag.py:4180} INFO - Setting next_dagrun for example_params_ui_tutorial to None, run_after=None
[2026-06-13T16:50:39.708+0000] {processor.py:208} INFO - Processing /home/airflow/.local/lib/python3.12/site-packages/airflow/example_dags/example_params_ui_tutorial.py took 0.362 seconds
[2026-06-13T16:51:10.650+0000] {processor.py:186} INFO - Started process (PID=161) to work on /home/airflow/.local/lib/python3.12/site-packages/airflow/example_dags/example_params_ui_tutorial.py
[2026-06-13T16:51:10.652+0000] {processor.py:914} INFO - Processing file /home/airflow/.local/lib/python3.12/site-packages/airflow/example_dags/example_params_ui_tutorial.py for tasks to queue
[2026-06-13T16:51:10.656+0000] {logging_mixin.py:190} INFO - [2026-06-13T16:51:10.656+0000] {dagbag.py:588} INFO - Filling up the DagBag from /home/airflow/.local/lib/python3.12/site-packages/airflow/example_dags/example_params_ui_tutorial.py
[2026-06-13T16:51:10.670+0000] {processor.py:925} INFO - DAG(s) 'example_params_ui_tutorial' retrieved from /home/airflow/.local/lib/python3.12/site-packages/airflow/example_dags/example_params_ui_tutorial.py
[2026-06-13T16:51:10.758+0000] {logging_mixin.py:190} INFO - [2026-06-13T16:51:10.757+0000] {dag.py:3239} INFO - Sync 1 DAGs
[2026-06-13T16:51:10.783+0000] {logging_mixin.py:190} INFO - [2026-06-13T16:51:10.782+0000] {dag.py:4180} INFO - Setting next_dagrun for example_params_ui_tutorial to None, run_after=None
[2026-06-13T16:51:10.809+0000] {processor.py:208} INFO - Processing /home/airflow/.local/lib/python3.12/site-packages/airflow/example_dags/example_params_ui_tutorial.py took 0.168 seconds
[2026-06-13T16:51:40.970+0000] {processor.py:186} INFO - Started process (PID=223) to work on /home/airflow/.local/lib/python3.12/site-packages/airflow/example_dags/example_params_ui_tutorial.py
[2026-06-13T16:51:40.972+0000] {processor.py:914} INFO - Processing file /home/airflow/.local/lib/python3.12/site-packages/airflow/example_dags/example_params_ui_tutorial.py for tasks to queue
[2026-06-13T16:51:40.975+0000] {logging_mixin.py:190} INFO - [2026-06-13T16:51:40.975+0000] {dagbag.py:588} INFO - Filling up the DagBag from /home/airflow/.local/lib/python3.12/site-packages/airflow/example_dags/example_params_ui_tutorial.py
[2026-06-13T16:51:40.989+0000] {processor.py:925} INFO - DAG(s) 'example_params_ui_tutorial' retrieved from /home/airflow/.local/lib/python3.12/site-packages/airflow/example_dags/example_params_ui_tutorial.py
[2026-06-13T16:51:41.039+0000] {logging_mixin.py:190} INFO - [2026-06-13T16:51:41.038+0000] {dag.py:3239} INFO - Sync 1 DAGs
[2026-06-13T16:51:41.056+0000] {logging_mixin.py:190} INFO - [2026-06-13T16:51:41.055+0000] {dag.py:4180} INFO - Setting next_dagrun for example_params_ui_tutorial to None, run_after=None
[2026-06-13T16:51:41.089+0000] {processor.py:208} INFO - Processing /home/airflow/.local/lib/python3.12/site-packages/airflow/example_dags/example_params_ui_tutorial.py took 0.127 seconds
[2026-06-13T16:52:11.611+0000] {processor.py:186} INFO - Started process (PID=285) to work on /home/airflow/.local/lib/python3.12/site-packages/airflow/example_dags/example_params_ui_tutorial.py
[2026-06-13T16:52:11.612+0000] {processor.py:914} INFO - Processing file /home/airflow/.local/lib/python3.12/site-packages/airflow/example_dags/example_params_ui_tutorial.py for tasks to queue
[2026-06-13T16:52:11.616+0000] {logging_mixin.py:190} INFO - [2026-06-13T16:52:11.615+0000] {dagbag.py:588} INFO - Filling up the DagBag from /home/airflow/.local/lib/python3.12/site-packages/airflow/example_dags/example_params_ui_tutorial.py
[2026-06-13T16:52:11.631+0000] {processor.py:925} INFO - DAG(s) 'example_params_ui_tutorial' retrieved from /home/airflow/.local/lib/python3.12/site-packages/airflow/example_dags/example_params_ui_tutorial.py
[2026-06-13T16:52:11.688+0000] {logging_mixin.py:190} INFO - [2026-06-13T16:52:11.687+0000] {dag.py:3239} INFO - Sync 1 DAGs
[2026-06-13T16:52:11.702+0000] {logging_mixin.py:190} INFO - [2026-06-13T16:52:11.702+0000] {dag.py:4180} INFO - Setting next_dagrun for example_params_ui_tutorial to None, run_after=None
[2026-06-13T16:52:11.724+0000] {processor.py:208} INFO - Processing /home/airflow/.local/lib/python3.12/site-packages/airflow/example_dags/example_params_ui_tutorial.py took 0.123 seconds
[2026-06-13T16:53:31.437+0000] {processor.py:186} INFO - Started process (PID=340) to work on /home/airflow/.local/lib/python3.12/site-packages/airflow/example_dags/example_params_ui_tutorial.py
[2026-06-13T16:53:31.441+0000] {processor.py:914} INFO - Processing file /home/airflow/.local/lib/python3.12/site-packages/airflow/example_dags/example_params_ui_tutorial.py for tasks to queue
[2026-06-13T16:53:31.446+0000] {logging_mixin.py:190} INFO - [2026-06-13T16:53:31.445+0000] {dagbag.py:588} INFO - Filling up the DagBag from /home/airflow/.local/lib/python3.12/site-packages/airflow/example_dags/example_params_ui_tutorial.py
[2026-06-13T16:53:31.459+0000] {processor.py:925} INFO - DAG(s) 'example_params_ui_tutorial' retrieved from /home/airflow/.local/lib/python3.12/site-packages/airflow/example_dags/example_params_ui_tutorial.py
[2026-06-13T16:53:31.500+0000] {logging_mixin.py:190} INFO - [2026-06-13T16:53:31.499+0000] {dag.py:3239} INFO - Sync 1 DAGs
[2026-06-13T16:53:31.514+0000] {logging_mixin.py:190} INFO - [2026-06-13T16:53:31.514+0000] {dag.py:4180} INFO - Setting next_dagrun for example_params_ui_tutorial to None, run_after=None
[2026-06-13T16:53:31.535+0000] {processor.py:208} INFO - Processing /home/airflow/.local/lib/python3.12/site-packages/airflow/example_dags/example_params_ui_tutorial.py took 0.108 seconds
[2026-06-13T16:54:01.998+0000] {processor.py:186} INFO - Started process (PID=402) to work on /home/airflow/.local/lib/python3.12/site-packages/airflow/example_dags/example_params_ui_tutorial.py
[2026-06-13T16:54:02.000+0000] {processor.py:914} INFO - Processing file /home/airflow/.local/lib/python3.12/site-packages/airflow/example_dags/example_params_ui_tutorial.py for tasks to queue
[2026-06-13T16:54:02.006+0000] {logging_mixin.py:190} INFO - [2026-06-13T16:54:02.005+0000] {dagbag.py:588} INFO - Filling up the DagBag from /home/airflow/.local/lib/python3.12/site-packages/airflow/example_dags/example_params_ui_tutorial.py
[2026-06-13T16:54:02.020+0000] {processor.py:925} INFO - DAG(s) 'example_params_ui_tutorial' retrieved from /home/airflow/.local/lib/python3.12/site-packages/airflow/example_dags/example_params_ui_tutorial.py
[2026-06-13T16:54:02.129+0000] {logging_mixin.py:190} INFO - [2026-06-13T16:54:02.128+0000] {dag.py:3239} INFO - Sync 1 DAGs
[2026-06-13T16:54:02.219+0000] {logging_mixin.py:190} INFO - [2026-06-13T16:54:02.219+0000] {dag.py:4180} INFO - Setting next_dagrun for example_params_ui_tutorial to None, run_after=None
[2026-06-13T16:54:02.281+0000] {processor.py:208} INFO - Processing /home/airflow/.local/lib/python3.12/site-packages/airflow/example_dags/example_params_ui_tutorial.py took 0.291 seconds
[2026-06-13T16:54:33.153+0000] {processor.py:186} INFO - Started process (PID=464) to work on /home/airflow/.local/lib/python3.12/site-packages/airflow/example_dags/example_params_ui_tutorial.py
[2026-06-13T16:54:33.154+0000] {processor.py:914} INFO - Processing file /home/airflow/.local/lib/python3.12/site-packages/airflow/example_dags/example_params_ui_tutorial.py for tasks to queue
[2026-06-13T16:54:33.158+0000] {logging_mixin.py:190} INFO - [2026-06-13T16:54:33.157+0000] {dagbag.py:588} INFO - Filling up the DagBag from /home/airflow/.local/lib/python3.12/site-packages/airflow/example_dags/example_params_ui_tutorial.py
[2026-06-13T16:54:33.171+0000] {processor.py:925} INFO - DAG(s) 'example_params_ui_tutorial' retrieved from /home/airflow/.local/lib/python3.12/site-packages/airflow/example_dags/example_params_ui_tutorial.py
[2026-06-13T16:54:33.219+0000] {logging_mixin.py:190} INFO - [2026-06-13T16:54:33.218+0000] {dag.py:3239} INFO - Sync 1 DAGs
[2026-06-13T16:54:33.237+0000] {logging_mixin.py:190} INFO - [2026-06-13T16:54:33.236+0000] {dag.py:4180} INFO - Setting next_dagrun for example_params_ui_tutorial to None, run_after=None
[2026-06-13T16:54:33.259+0000] {processor.py:208} INFO - Processing /home/airflow/.local/lib/python3.12/site-packages/airflow/example_dags/example_params_ui_tutorial.py took 0.114 seconds
[2026-06-13T16:55:03.452+0000] {processor.py:186} INFO - Started process (PID=526) to work on /home/airflow/.local/lib/python3.12/site-packages/airflow/example_dags/example_params_ui_tutorial.py
[2026-06-13T16:55:03.453+0000] {processor.py:914} INFO - Processing file /home/airflow/.local/lib/python3.12/site-packages/airflow/example_dags/example_params_ui_tutorial.py for tasks to queue
[2026-06-13T16:55:03.457+0000] {logging_mixin.py:190} INFO - [2026-06-13T16:55:03.456+0000] {dagbag.py:588} INFO - Filling up the DagBag from /home/airflow/.local/lib/python3.12/site-packages/airflow/example_dags/example_params_ui_tutorial.py
[2026-06-13T16:55:03.469+0000] {processor.py:925} INFO - DAG(s) 'example_params_ui_tutorial' retrieved from /home/airflow/.local/lib/python3.12/site-packages/airflow/example_dags/example_params_ui_tutorial.py
[2026-06-13T16:55:03.511+0000] {logging_mixin.py:190} INFO - [2026-06-13T16:55:03.511+0000] {dag.py:3239} INFO - Sync 1 DAGs
[2026-06-13T16:55:03.527+0000] {logging_mixin.py:190} INFO - [2026-06-13T16:55:03.527+0000] {dag.py:4180} INFO - Setting next_dagrun for example_params_ui_tutorial to None, run_after=None
[2026-06-13T16:55:03.552+0000] {processor.py:208} INFO - Processing /home/airflow/.local/lib/python3.12/site-packages/airflow/example_dags/example_params_ui_tutorial.py took 0.106 seconds
[2026-06-13T16:55:33.753+0000] {processor.py:186} INFO - Started process (PID=589) to work on /home/airflow/.local/lib/python3.12/site-packages/airflow/example_dags/example_params_ui_tutorial.py
[2026-06-13T16:55:33.754+0000] {processor.py:914} INFO - Processing file /home/airflow/.local/lib/python3.12/site-packages/airflow/example_dags/example_params_ui_tutorial.py for tasks to queue
[2026-06-13T16:55:33.759+0000] {logging_mixin.py:190} INFO - [2026-06-13T16:55:33.759+0000] {dagbag.py:588} INFO - Filling up the DagBag from /home/airflow/.local/lib/python3.12/site-packages/airflow/example_dags/example_params_ui_tutorial.py
[2026-06-13T16:55:33.772+0000] {processor.py:925} INFO - DAG(s) 'example_params_ui_tutorial' retrieved from /home/airflow/.local/lib/python3.12/site-packages/airflow/example_dags/example_params_ui_tutorial.py
[2026-06-13T16:55:33.815+0000] {logging_mixin.py:190} INFO - [2026-06-13T16:55:33.815+0000] {dag.py:3239} INFO - Sync 1 DAGs
[2026-06-13T16:55:33.831+0000] {logging_mixin.py:190} INFO - [2026-06-13T16:55:33.831+0000] {dag.py:4180} INFO - Setting next_dagrun for example_params_ui_tutorial to None, run_after=None
[2026-06-13T16:55:33.856+0000] {processor.py:208} INFO - Processing /home/airflow/.local/lib/python3.12/site-packages/airflow/example_dags/example_params_ui_tutorial.py took 0.111 seconds
[2026-06-13T16:56:04.044+0000] {processor.py:186} INFO - Started process (PID=651) to work on /home/airflow/.local/lib/python3.12/site-packages/airflow/example_dags/example_params_ui_tutorial.py
[2026-06-13T16:56:04.046+0000] {processor.py:914} INFO - Processing file /home/airflow/.local/lib/python3.12/site-packages/airflow/example_dags/example_params_ui_tutorial.py for tasks to queue
[2026-06-13T16:56:04.049+0000] {logging_mixin.py:190} INFO - [2026-06-13T16:56:04.048+0000] {dagbag.py:588} INFO - Filling up the DagBag from /home/airflow/.local/lib/python3.12/site-packages/airflow/example_dags/example_params_ui_tutorial.py
[2026-06-13T16:56:04.059+0000] {processor.py:925} INFO - DAG(s) 'example_params_ui_tutorial' retrieved from /home/airflow/.local/lib/python3.12/site-packages/airflow/example_dags/example_params_ui_tutorial.py
[2026-06-13T16:56:04.107+0000] {logging_mixin.py:190} INFO - [2026-06-13T16:56:04.107+0000] {dag.py:3239} INFO - Sync 1 DAGs
[2026-06-13T16:56:04.130+0000] {logging_mixin.py:190} INFO - [2026-06-13T16:56:04.130+0000] {dag.py:4180} INFO - Setting next_dagrun for example_params_ui_tutorial to None, run_after=None
[2026-06-13T16:56:04.157+0000] {processor.py:208} INFO - Processing /home/airflow/.local/lib/python3.12/site-packages/airflow/example_dags/example_params_ui_tutorial.py took 0.123 seconds
[2026-06-13T16:56:34.392+0000] {processor.py:186} INFO - Started process (PID=713) to work on /home/airflow/.local/lib/python3.12/site-packages/airflow/example_dags/example_params_ui_tutorial.py
[2026-06-13T16:56:34.393+0000] {processor.py:914} INFO - Processing file /home/airflow/.local/lib/python3.12/site-packages/airflow/example_dags/example_params_ui_tutorial.py for tasks to queue
[2026-06-13T16:56:34.396+0000] {logging_mixin.py:190} INFO - [2026-06-13T16:56:34.396+0000] {dagbag.py:588} INFO - Filling up the DagBag from /home/airflow/.local/lib/python3.12/site-packages/airflow/example_dags/example_params_ui_tutorial.py
[2026-06-13T16:56:34.409+0000] {processor.py:925} INFO - DAG(s) 'example_params_ui_tutorial' retrieved from /home/airflow/.local/lib/python3.12/site-packages/airflow/example_dags/example_params_ui_tutorial.py
[2026-06-13T16:56:34.457+0000] {logging_mixin.py:190} INFO - [2026-06-13T16:56:34.456+0000] {dag.py:3239} INFO - Sync 1 DAGs
[2026-06-13T16:56:34.478+0000] {logging_mixin.py:190} INFO - [2026-06-13T16:56:34.477+0000] {dag.py:4180} INFO - Setting next_dagrun for example_params_ui_tutorial to None, run_after=None
[2026-06-13T16:56:34.509+0000] {processor.py:208} INFO - Processing /home/airflow/.local/lib/python3.12/site-packages/airflow/example_dags/example_params_ui_tutorial.py took 0.124 seconds
[2026-06-13T16:57:04.712+0000] {processor.py:186} INFO - Started process (PID=775) to work on /home/airflow/.local/lib/python3.12/site-packages/airflow/example_dags/example_params_ui_tutorial.py
[2026-06-13T16:57:04.714+0000] {processor.py:914} INFO - Processing file /home/airflow/.local/lib/python3.12/site-packages/airflow/example_dags/example_params_ui_tutorial.py for tasks to queue
[2026-06-13T16:57:04.719+0000] {logging_mixin.py:190} INFO - [2026-06-13T16:57:04.718+0000] {dagbag.py:588} INFO - Filling up the DagBag from /home/airflow/.local/lib/python3.12/site-packages/airflow/example_dags/example_params_ui_tutorial.py
[2026-06-13T16:57:04.733+0000] {processor.py:925} INFO - DAG(s) 'example_params_ui_tutorial' retrieved from /home/airflow/.local/lib/python3.12/site-packages/airflow/example_dags/example_params_ui_tutorial.py
[2026-06-13T16:57:04.803+0000] {logging_mixin.py:190} INFO - [2026-06-13T16:57:04.803+0000] {dag.py:3239} INFO - Sync 1 DAGs
[2026-06-13T16:57:04.830+0000] {logging_mixin.py:190} INFO - [2026-06-13T16:57:04.829+0000] {dag.py:4180} INFO - Setting next_dagrun for example_params_ui_tutorial to None, run_after=None
[2026-06-13T16:57:04.852+0000] {processor.py:208} INFO - Processing /home/airflow/.local/lib/python3.12/site-packages/airflow/example_dags/example_params_ui_tutorial.py took 0.148 seconds
[2026-06-13T16:57:35.795+0000] {processor.py:186} INFO - Started process (PID=837) to work on /home/airflow/.local/lib/python3.12/site-packages/airflow/example_dags/example_params_ui_tutorial.py
[2026-06-13T16:57:35.797+0000] {processor.py:914} INFO - Processing file /home/airflow/.local/lib/python3.12/site-packages/airflow/example_dags/example_params_ui_tutorial.py for tasks to queue
[2026-06-13T16:57:35.801+0000] {logging_mixin.py:190} INFO - [2026-06-13T16:57:35.801+0000] {dagbag.py:588} INFO - Filling up the DagBag from /home/airflow/.local/lib/python3.12/site-packages/airflow/example_dags/example_params_ui_tutorial.py
[2026-06-13T16:57:35.817+0000] {processor.py:925} INFO - DAG(s) 'example_params_ui_tutorial' retrieved from /home/airflow/.local/lib/python3.12/site-packages/airflow/example_dags/example_params_ui_tutorial.py
[2026-06-13T16:57:35.892+0000] {logging_mixin.py:190} INFO - [2026-06-13T16:57:35.891+0000] {dag.py:3239} INFO - Sync 1 DAGs
[2026-06-13T16:57:35.915+0000] {logging_mixin.py:190} INFO - [2026-06-13T16:57:35.915+0000] {dag.py:4180} INFO - Setting next_dagrun for example_params_ui_tutorial to None, run_after=None
[2026-06-13T16:57:35.950+0000] {processor.py:208} INFO - Processing /home/airflow/.local/lib/python3.12/site-packages/airflow/example_dags/example_params_ui_tutorial.py took 0.162 seconds
[2026-06-13T16:58:06.004+0000] {processor.py:186} INFO - Started process (PID=899) to work on /home/airflow/.local/lib/python3.12/site-packages/airflow/example_dags/example_params_ui_tutorial.py
[2026-06-13T16:58:06.006+0000] {processor.py:914} INFO - Processing file /home/airflow/.local/lib/python3.12/site-packages/airflow/example_dags/example_params_ui_tutorial.py for tasks to queue
[2026-06-13T16:58:06.009+0000] {logging_mixin.py:190} INFO - [2026-06-13T16:58:06.009+0000] {dagbag.py:588} INFO - Filling up the DagBag from /home/airflow/.local/lib/python3.12/site-packages/airflow/example_dags/example_params_ui_tutorial.py
[2026-06-13T16:58:06.022+0000] {processor.py:925} INFO - DAG(s) 'example_params_ui_tutorial' retrieved from /home/airflow/.local/lib/python3.12/site-packages/airflow/example_dags/example_params_ui_tutorial.py
[2026-06-13T16:58:06.079+0000] {logging_mixin.py:190} INFO - [2026-06-13T16:58:06.079+0000] {dag.py:3239} INFO - Sync 1 DAGs
[2026-06-13T16:58:06.101+0000] {logging_mixin.py:190} INFO - [2026-06-13T16:58:06.101+0000] {dag.py:4180} INFO - Setting next_dagrun for example_params_ui_tutorial to None, run_after=None
[2026-06-13T16:58:06.142+0000] {processor.py:208} INFO - Processing /home/airflow/.local/lib/python3.12/site-packages/airflow/example_dags/example_params_ui_tutorial.py took 0.145 seconds
[2026-06-13T16:58:36.410+0000] {processor.py:186} INFO - Started process (PID=961) to work on /home/airflow/.local/lib/python3.12/site-packages/airflow/example_dags/example_params_ui_tutorial.py
[2026-06-13T16:58:36.412+0000] {processor.py:914} INFO - Processing file /home/airflow/.local/lib/python3.12/site-packages/airflow/example_dags/example_params_ui_tutorial.py for tasks to queue
[2026-06-13T16:58:36.416+0000] {logging_mixin.py:190} INFO - [2026-06-13T16:58:36.415+0000] {dagbag.py:588} INFO - Filling up the DagBag from /home/airflow/.local/lib/python3.12/site-packages/airflow/example_dags/example_params_ui_tutorial.py
[2026-06-13T16:58:36.432+0000] {processor.py:925} INFO - DAG(s) 'example_params_ui_tutorial' retrieved from /home/airflow/.local/lib/python3.12/site-packages/airflow/example_dags/example_params_ui_tutorial.py
[2026-06-13T16:58:36.495+0000] {logging_mixin.py:190} INFO - [2026-06-13T16:58:36.495+0000] {dag.py:3239} INFO - Sync 1 DAGs
[2026-06-13T16:58:36.519+0000] {logging_mixin.py:190} INFO - [2026-06-13T16:58:36.518+0000] {dag.py:4180} INFO - Setting next_dagrun for example_params_ui_tutorial to None, run_after=None
[2026-06-13T16:58:36.549+0000] {processor.py:208} INFO - Processing /home/airflow/.local/lib/python3.12/site-packages/airflow/example_dags/example_params_ui_tutorial.py took 0.149 seconds
[2026-06-13T16:59:07.545+0000] {processor.py:186} INFO - Started process (PID=1023) to work on /home/airflow/.local/lib/python3.12/site-packages/airflow/example_dags/example_params_ui_tutorial.py
[2026-06-13T16:59:07.547+0000] {processor.py:914} INFO - Processing file /home/airflow/.local/lib/python3.12/site-packages/airflow/example_dags/example_params_ui_tutorial.py for tasks to queue
[2026-06-13T16:59:07.552+0000] {logging_mixin.py:190} INFO - [2026-06-13T16:59:07.551+0000] {dagbag.py:588} INFO - Filling up the DagBag from /home/airflow/.local/lib/python3.12/site-packages/airflow/example_dags/example_params_ui_tutorial.py
[2026-06-13T16:59:07.565+0000] {processor.py:925} INFO - DAG(s) 'example_params_ui_tutorial' retrieved from /home/airflow/.local/lib/python3.12/site-packages/airflow/example_dags/example_params_ui_tutorial.py
[2026-06-13T16:59:07.616+0000] {logging_mixin.py:190} INFO - [2026-06-13T16:59:07.616+0000] {dag.py:3239} INFO - Sync 1 DAGs
[2026-06-13T16:59:07.637+0000] {logging_mixin.py:190} INFO - [2026-06-13T16:59:07.636+0000] {dag.py:4180} INFO - Setting next_dagrun for example_params_ui_tutorial to None, run_after=None
[2026-06-13T16:59:07.665+0000] {processor.py:208} INFO - Processing /home/airflow/.local/lib/python3.12/site-packages/airflow/example_dags/example_params_ui_tutorial.py took 0.131 seconds
[2026-06-13T16:59:38.067+0000] {processor.py:186} INFO - Started process (PID=1085) to work on /home/airflow/.local/lib/python3.12/site-packages/airflow/example_dags/example_params_ui_tutorial.py
[2026-06-13T16:59:38.069+0000] {processor.py:914} INFO - Processing file /home/airflow/.local/lib/python3.12/site-packages/airflow/example_dags/example_params_ui_tutorial.py for tasks to queue
[2026-06-13T16:59:38.074+0000] {logging_mixin.py:190} INFO - [2026-06-13T16:59:38.074+0000] {dagbag.py:588} INFO - Filling up the DagBag from /home/airflow/.local/lib/python3.12/site-packages/airflow/example_dags/example_params_ui_tutorial.py
[2026-06-13T16:59:38.091+0000] {processor.py:925} INFO - DAG(s) 'example_params_ui_tutorial' retrieved from /home/airflow/.local/lib/python3.12/site-packages/airflow/example_dags/example_params_ui_tutorial.py
[2026-06-13T16:59:38.153+0000] {logging_mixin.py:190} INFO - [2026-06-13T16:59:38.152+0000] {dag.py:3239} INFO - Sync 1 DAGs
[2026-06-13T16:59:38.184+0000] {logging_mixin.py:190} INFO - [2026-06-13T16:59:38.183+0000] {dag.py:4180} INFO - Setting next_dagrun for example_params_ui_tutorial to None, run_after=None
[2026-06-13T16:59:38.242+0000] {processor.py:208} INFO - Processing /home/airflow/.local/lib/python3.12/site-packages/airflow/example_dags/example_params_ui_tutorial.py took 0.183 seconds
[2026-06-13T17:00:08.573+0000] {processor.py:186} INFO - Started process (PID=1147) to work on /home/airflow/.local/lib/python3.12/site-packages/airflow/example_dags/example_params_ui_tutorial.py
[2026-06-13T17:00:08.575+0000] {processor.py:914} INFO - Processing file /home/airflow/.local/lib/python3.12/site-packages/airflow/example_dags/example_params_ui_tutorial.py for tasks to queue
[2026-06-13T17:00:08.579+0000] {logging_mixin.py:190} INFO - [2026-06-13T17:00:08.579+0000] {dagbag.py:588} INFO - Filling up the DagBag from /home/airflow/.local/lib/python3.12/site-packages/airflow/example_dags/example_params_ui_tutorial.py
[2026-06-13T17:00:08.594+0000] {processor.py:925} INFO - DAG(s) 'example_params_ui_tutorial' retrieved from /home/airflow/.local/lib/python3.12/site-packages/airflow/example_dags/example_params_ui_tutorial.py
[2026-06-13T17:00:08.651+0000] {logging_mixin.py:190} INFO - [2026-06-13T17:00:08.651+0000] {dag.py:3239} INFO - Sync 1 DAGs
[2026-06-13T17:00:08.672+0000] {logging_mixin.py:190} INFO - [2026-06-13T17:00:08.671+0000] {dag.py:4180} INFO - Setting next_dagrun for example_params_ui_tutorial to None, run_after=None
[2026-06-13T17:00:08.703+0000] {processor.py:208} INFO - Processing /home/airflow/.local/lib/python3.12/site-packages/airflow/example_dags/example_params_ui_tutorial.py took 0.139 seconds
[2026-06-13T17:00:38.970+0000] {processor.py:186} INFO - Started process (PID=1209) to work on /home/airflow/.local/lib/python3.12/site-packages/airflow/example_dags/example_params_ui_tutorial.py
[2026-06-13T17:00:38.972+0000] {processor.py:914} INFO - Processing file /home/airflow/.local/lib/python3.12/site-packages/airflow/example_dags/example_params_ui_tutorial.py for tasks to queue
[2026-06-13T17:00:38.976+0000] {logging_mixin.py:190} INFO - [2026-06-13T17:00:38.975+0000] {dagbag.py:588} INFO - Filling up the DagBag from /home/airflow/.local/lib/python3.12/site-packages/airflow/example_dags/example_params_ui_tutorial.py
[2026-06-13T17:00:38.994+0000] {processor.py:925} INFO - DAG(s) 'example_params_ui_tutorial' retrieved from /home/airflow/.local/lib/python3.12/site-packages/airflow/example_dags/example_params_ui_tutorial.py
[2026-06-13T17:00:39.053+0000] {logging_mixin.py:190} INFO - [2026-06-13T17:00:39.052+0000] {dag.py:3239} INFO - Sync 1 DAGs
[2026-06-13T17:00:39.074+0000] {logging_mixin.py:190} INFO - [2026-06-13T17:00:39.074+0000] {dag.py:4180} INFO - Setting next_dagrun for example_params_ui_tutorial to None, run_after=None
[2026-06-13T17:00:39.119+0000] {processor.py:208} INFO - Processing /home/airflow/.local/lib/python3.12/site-packages/airflow/example_dags/example_params_ui_tutorial.py took 0.159 seconds
[2026-06-13T17:01:09.184+0000] {processor.py:186} INFO - Started process (PID=1271) to work on /home/airflow/.local/lib/python3.12/site-packages/airflow/example_dags/example_params_ui_tutorial.py
[2026-06-13T17:01:09.186+0000] {processor.py:914} INFO - Processing file /home/airflow/.local/lib/python3.12/site-packages/airflow/example_dags/example_params_ui_tutorial.py for tasks to queue
[2026-06-13T17:01:09.190+0000] {logging_mixin.py:190} INFO - [2026-06-13T17:01:09.190+0000] {dagbag.py:588} INFO - Filling up the DagBag from /home/airflow/.local/lib/python3.12/site-packages/airflow/example_dags/example_params_ui_tutorial.py
[2026-06-13T17:01:09.203+0000] {processor.py:925} INFO - DAG(s) 'example_params_ui_tutorial' retrieved from /home/airflow/.local/lib/python3.12/site-packages/airflow/example_dags/example_params_ui_tutorial.py
[2026-06-13T17:01:09.256+0000] {logging_mixin.py:190} INFO - [2026-06-13T17:01:09.256+0000] {dag.py:3239} INFO - Sync 1 DAGs
[2026-06-13T17:01:09.279+0000] {logging_mixin.py:190} INFO - [2026-06-13T17:01:09.279+0000] {dag.py:4180} INFO - Setting next_dagrun for example_params_ui_tutorial to None, run_after=None
[2026-06-13T17:01:09.316+0000] {processor.py:208} INFO - Processing /home/airflow/.local/lib/python3.12/site-packages/airflow/example_dags/example_params_ui_tutorial.py took 0.140 seconds
[2026-06-13T17:01:39.590+0000] {processor.py:186} INFO - Started process (PID=1333) to work on /home/airflow/.local/lib/python3.12/site-packages/airflow/example_dags/example_params_ui_tutorial.py
[2026-06-13T17:01:39.592+0000] {processor.py:914} INFO - Processing file /home/airflow/.local/lib/python3.12/site-packages/airflow/example_dags/example_params_ui_tutorial.py for tasks to queue
[2026-06-13T17:01:39.596+0000] {logging_mixin.py:190} INFO - [2026-06-13T17:01:39.595+0000] {dagbag.py:588} INFO - Filling up the DagBag from /home/airflow/.local/lib/python3.12/site-packages/airflow/example_dags/example_params_ui_tutorial.py
[2026-06-13T17:01:39.610+0000] {processor.py:925} INFO - DAG(s) 'example_params_ui_tutorial' retrieved from /home/airflow/.local/lib/python3.12/site-packages/airflow/example_dags/example_params_ui_tutorial.py
[2026-06-13T17:01:39.675+0000] {logging_mixin.py:190} INFO - [2026-06-13T17:01:39.675+0000] {dag.py:3239} INFO - Sync 1 DAGs
[2026-06-13T17:01:39.695+0000] {logging_mixin.py:190} INFO - [2026-06-13T17:01:39.694+0000] {dag.py:4180} INFO - Setting next_dagrun for example_params_ui_tutorial to None, run_after=None
[2026-06-13T17:01:39.748+0000] {processor.py:208} INFO - Processing /home/airflow/.local/lib/python3.12/site-packages/airflow/example_dags/example_params_ui_tutorial.py took 0.167 seconds
[2026-06-13T17:02:09.857+0000] {processor.py:186} INFO - Started process (PID=1395) to work on /home/airflow/.local/lib/python3.12/site-packages/airflow/example_dags/example_params_ui_tutorial.py
[2026-06-13T17:02:09.858+0000] {processor.py:914} INFO - Processing file /home/airflow/.local/lib/python3.12/site-packages/airflow/example_dags/example_params_ui_tutorial.py for tasks to queue
[2026-06-13T17:02:09.862+0000] {logging_mixin.py:190} INFO - [2026-06-13T17:02:09.862+0000] {dagbag.py:588} INFO - Filling up the DagBag from /home/airflow/.local/lib/python3.12/site-packages/airflow/example_dags/example_params_ui_tutorial.py
[2026-06-13T17:02:09.875+0000] {processor.py:925} INFO - DAG(s) 'example_params_ui_tutorial' retrieved from /home/airflow/.local/lib/python3.12/site-packages/airflow/example_dags/example_params_ui_tutorial.py
[2026-06-13T17:02:09.932+0000] {logging_mixin.py:190} INFO - [2026-06-13T17:02:09.931+0000] {dag.py:3239} INFO - Sync 1 DAGs
[2026-06-13T17:02:09.961+0000] {logging_mixin.py:190} INFO - [2026-06-13T17:02:09.960+0000] {dag.py:4180} INFO - Setting next_dagrun for example_params_ui_tutorial to None, run_after=None
[2026-06-13T17:02:10.000+0000] {processor.py:208} INFO - Processing /home/airflow/.local/lib/python3.12/site-packages/airflow/example_dags/example_params_ui_tutorial.py took 0.151 seconds
[2026-06-13T17:02:40.660+0000] {processor.py:186} INFO - Started process (PID=1457) to work on /home/airflow/.local/lib/python3.12/site-packages/airflow/example_dags/example_params_ui_tutorial.py
[2026-06-13T17:02:40.662+0000] {processor.py:914} INFO - Processing file /home/airflow/.local/lib/python3.12/site-packages/airflow/example_dags/example_params_ui_tutorial.py for tasks to queue
[2026-06-13T17:02:40.666+0000] {logging_mixin.py:190} INFO - [2026-06-13T17:02:40.665+0000] {dagbag.py:588} INFO - Filling up the DagBag from /home/airflow/.local/lib/python3.12/site-packages/airflow/example_dags/example_params_ui_tutorial.py
[2026-06-13T17:02:40.678+0000] {processor.py:925} INFO - DAG(s) 'example_params_ui_tutorial' retrieved from /home/airflow/.local/lib/python3.12/site-packages/airflow/example_dags/example_params_ui_tutorial.py
[2026-06-13T17:02:40.738+0000] {logging_mixin.py:190} INFO - [2026-06-13T17:02:40.737+0000] {dag.py:3239} INFO - Sync 1 DAGs
[2026-06-13T17:02:40.758+0000] {logging_mixin.py:190} INFO - [2026-06-13T17:02:40.758+0000] {dag.py:4180} INFO - Setting next_dagrun for example_params_ui_tutorial to None, run_after=None
[2026-06-13T17:02:40.790+0000] {processor.py:208} INFO - Processing /home/airflow/.local/lib/python3.12/site-packages/airflow/example_dags/example_params_ui_tutorial.py took 0.138 seconds
[2026-06-13T17:03:11.173+0000] {processor.py:186} INFO - Started process (PID=1519) to work on /home/airflow/.local/lib/python3.12/site-packages/airflow/example_dags/example_params_ui_tutorial.py
[2026-06-13T17:03:11.175+0000] {processor.py:914} INFO - Processing file /home/airflow/.local/lib/python3.12/site-packages/airflow/example_dags/example_params_ui_tutorial.py for tasks to queue
[2026-06-13T17:03:11.179+0000] {logging_mixin.py:190} INFO - [2026-06-13T17:03:11.179+0000] {dagbag.py:588} INFO - Filling up the DagBag from /home/airflow/.local/lib/python3.12/site-packages/airflow/example_dags/example_params_ui_tutorial.py
[2026-06-13T17:03:11.191+0000] {processor.py:925} INFO - DAG(s) 'example_params_ui_tutorial' retrieved from /home/airflow/.local/lib/python3.12/site-packages/airflow/example_dags/example_params_ui_tutorial.py
[2026-06-13T17:03:11.240+0000] {logging_mixin.py:190} INFO - [2026-06-13T17:03:11.239+0000] {dag.py:3239} INFO - Sync 1 DAGs
[2026-06-13T17:03:11.260+0000] {logging_mixin.py:190} INFO - [2026-06-13T17:03:11.259+0000] {dag.py:4180} INFO - Setting next_dagrun for example_params_ui_tutorial to None, run_after=None
[2026-06-13T17:03:11.284+0000] {processor.py:208} INFO - Processing /home/airflow/.local/lib/python3.12/site-packages/airflow/example_dags/example_params_ui_tutorial.py took 0.123 seconds
[2026-06-13T17:03:41.446+0000] {processor.py:186} INFO - Started process (PID=1581) to work on /home/airflow/.local/lib/python3.12/site-packages/airflow/example_dags/example_params_ui_tutorial.py
[2026-06-13T17:03:41.448+0000] {processor.py:914} INFO - Processing file /home/airflow/.local/lib/python3.12/site-packages/airflow/example_dags/example_params_ui_tutorial.py for tasks to queue
[2026-06-13T17:03:41.452+0000] {logging_mixin.py:190} INFO - [2026-06-13T17:03:41.451+0000] {dagbag.py:588} INFO - Filling up the DagBag from /home/airflow/.local/lib/python3.12/site-packages/airflow/example_dags/example_params_ui_tutorial.py
[2026-06-13T17:03:41.468+0000] {processor.py:925} INFO - DAG(s) 'example_params_ui_tutorial' retrieved from /home/airflow/.local/lib/python3.12/site-packages/airflow/example_dags/example_params_ui_tutorial.py
[2026-06-13T17:03:41.540+0000] {logging_mixin.py:190} INFO - [2026-06-13T17:03:41.540+0000] {dag.py:3239} INFO - Sync 1 DAGs
[2026-06-13T17:03:41.568+0000] {logging_mixin.py:190} INFO - [2026-06-13T17:03:41.568+0000] {dag.py:4180} INFO - Setting next_dagrun for example_params_ui_tutorial to None, run_after=None
[2026-06-13T17:03:41.604+0000] {processor.py:208} INFO - Processing /home/airflow/.local/lib/python3.12/site-packages/airflow/example_dags/example_params_ui_tutorial.py took 0.168 seconds
[2026-06-13T17:04:12.438+0000] {processor.py:186} INFO - Started process (PID=1643) to work on /home/airflow/.local/lib/python3.12/site-packages/airflow/example_dags/example_params_ui_tutorial.py
[2026-06-13T17:04:12.440+0000] {processor.py:914} INFO - Processing file /home/airflow/.local/lib/python3.12/site-packages/airflow/example_dags/example_params_ui_tutorial.py for tasks to queue
[2026-06-13T17:04:12.443+0000] {logging_mixin.py:190} INFO - [2026-06-13T17:04:12.443+0000] {dagbag.py:588} INFO - Filling up the DagBag from /home/airflow/.local/lib/python3.12/site-packages/airflow/example_dags/example_params_ui_tutorial.py
[2026-06-13T17:04:12.461+0000] {processor.py:925} INFO - DAG(s) 'example_params_ui_tutorial' retrieved from /home/airflow/.local/lib/python3.12/site-packages/airflow/example_dags/example_params_ui_tutorial.py
[2026-06-13T17:04:12.533+0000] {logging_mixin.py:190} INFO - [2026-06-13T17:04:12.532+0000] {dag.py:3239} INFO - Sync 1 DAGs
[2026-06-13T17:04:12.554+0000] {logging_mixin.py:190} INFO - [2026-06-13T17:04:12.554+0000] {dag.py:4180} INFO - Setting next_dagrun for example_params_ui_tutorial to None, run_after=None
[2026-06-13T17:04:12.592+0000] {processor.py:208} INFO - Processing /home/airflow/.local/lib/python3.12/site-packages/airflow/example_dags/example_params_ui_tutorial.py took 0.161 seconds
[2026-06-13T17:04:42.676+0000] {processor.py:186} INFO - Started process (PID=1705) to work on /home/airflow/.local/lib/python3.12/site-packages/airflow/example_dags/example_params_ui_tutorial.py
[2026-06-13T17:04:42.679+0000] {processor.py:914} INFO - Processing file /home/airflow/.local/lib/python3.12/site-packages/airflow/example_dags/example_params_ui_tutorial.py for tasks to queue
[2026-06-13T17:04:42.683+0000] {logging_mixin.py:190} INFO - [2026-06-13T17:04:42.683+0000] {dagbag.py:588} INFO - Filling up the DagBag from /home/airflow/.local/lib/python3.12/site-packages/airflow/example_dags/example_params_ui_tutorial.py
[2026-06-13T17:04:42.698+0000] {processor.py:925} INFO - DAG(s) 'example_params_ui_tutorial' retrieved from /home/airflow/.local/lib/python3.12/site-packages/airflow/example_dags/example_params_ui_tutorial.py
[2026-06-13T17:04:42.759+0000] {logging_mixin.py:190} INFO - [2026-06-13T17:04:42.759+0000] {dag.py:3239} INFO - Sync 1 DAGs
[2026-06-13T17:04:42.782+0000] {logging_mixin.py:190} INFO - [2026-06-13T17:04:42.781+0000] {dag.py:4180} INFO - Setting next_dagrun for example_params_ui_tutorial to None, run_after=None
[2026-06-13T17:04:42.809+0000] {processor.py:208} INFO - Processing /home/airflow/.local/lib/python3.12/site-packages/airflow/example_dags/example_params_ui_tutorial.py took 0.141 seconds
[2026-06-13T17:05:13.262+0000] {processor.py:186} INFO - Started process (PID=1767) to work on /home/airflow/.local/lib/python3.12/site-packages/airflow/example_dags/example_params_ui_tutorial.py
[2026-06-13T17:05:13.263+0000] {processor.py:914} INFO - Processing file /home/airflow/.local/lib/python3.12/site-packages/airflow/example_dags/example_params_ui_tutorial.py for tasks to queue
[2026-06-13T17:05:13.267+0000] {logging_mixin.py:190} INFO - [2026-06-13T17:05:13.267+0000] {dagbag.py:588} INFO - Filling up the DagBag from /home/airflow/.local/lib/python3.12/site-packages/airflow/example_dags/example_params_ui_tutorial.py
[2026-06-13T17:05:13.282+0000] {processor.py:925} INFO - DAG(s) 'example_params_ui_tutorial' retrieved from /home/airflow/.local/lib/python3.12/site-packages/airflow/example_dags/example_params_ui_tutorial.py
[2026-06-13T17:05:13.347+0000] {logging_mixin.py:190} INFO - [2026-06-13T17:05:13.346+0000] {dag.py:3239} INFO - Sync 1 DAGs
[2026-06-13T17:05:13.366+0000] {logging_mixin.py:190} INFO - [2026-06-13T17:05:13.365+0000] {dag.py:4180} INFO - Setting next_dagrun for example_params_ui_tutorial to None, run_after=None
[2026-06-13T17:05:13.395+0000] {processor.py:208} INFO - Processing /home/airflow/.local/lib/python3.12/site-packages/airflow/example_dags/example_params_ui_tutorial.py took 0.141 seconds
[2026-06-13T17:05:43.498+0000] {processor.py:186} INFO - Started process (PID=1829) to work on /home/airflow/.local/lib/python3.12/site-packages/airflow/example_dags/example_params_ui_tutorial.py
[2026-06-13T17:05:43.500+0000] {processor.py:914} INFO - Processing file /home/airflow/.local/lib/python3.12/site-packages/airflow/example_dags/example_params_ui_tutorial.py for tasks to queue
[2026-06-13T17:05:43.504+0000] {logging_mixin.py:190} INFO - [2026-06-13T17:05:43.503+0000] {dagbag.py:588} INFO - Filling up the DagBag from /home/airflow/.local/lib/python3.12/site-packages/airflow/example_dags/example_params_ui_tutorial.py
[2026-06-13T17:05:43.520+0000] {processor.py:925} INFO - DAG(s) 'example_params_ui_tutorial' retrieved from /home/airflow/.local/lib/python3.12/site-packages/airflow/example_dags/example_params_ui_tutorial.py
[2026-06-13T17:05:43.575+0000] {logging_mixin.py:190} INFO - [2026-06-13T17:05:43.574+0000] {dag.py:3239} INFO - Sync 1 DAGs
[2026-06-13T17:05:43.597+0000] {logging_mixin.py:190} INFO - [2026-06-13T17:05:43.597+0000] {dag.py:4180} INFO - Setting next_dagrun for example_params_ui_tutorial to None, run_after=None
[2026-06-13T17:05:43.642+0000] {processor.py:208} INFO - Processing /home/airflow/.local/lib/python3.12/site-packages/airflow/example_dags/example_params_ui_tutorial.py took 0.152 seconds
[2026-06-13T17:06:13.740+0000] {processor.py:186} INFO - Started process (PID=1891) to work on /home/airflow/.local/lib/python3.12/site-packages/airflow/example_dags/example_params_ui_tutorial.py
[2026-06-13T17:06:13.742+0000] {processor.py:914} INFO - Processing file /home/airflow/.local/lib/python3.12/site-packages/airflow/example_dags/example_params_ui_tutorial.py for tasks to queue
[2026-06-13T17:06:13.748+0000] {logging_mixin.py:190} INFO - [2026-06-13T17:06:13.747+0000] {dagbag.py:588} INFO - Filling up the DagBag from /home/airflow/.local/lib/python3.12/site-packages/airflow/example_dags/example_params_ui_tutorial.py
[2026-06-13T17:06:13.763+0000] {processor.py:925} INFO - DAG(s) 'example_params_ui_tutorial' retrieved from /home/airflow/.local/lib/python3.12/site-packages/airflow/example_dags/example_params_ui_tutorial.py
[2026-06-13T17:06:13.821+0000] {logging_mixin.py:190} INFO - [2026-06-13T17:06:13.821+0000] {dag.py:3239} INFO - Sync 1 DAGs
[2026-06-13T17:06:13.844+0000] {logging_mixin.py:190} INFO - [2026-06-13T17:06:13.844+0000] {dag.py:4180} INFO - Setting next_dagrun for example_params_ui_tutorial to None, run_after=None
[2026-06-13T17:06:13.882+0000] {processor.py:208} INFO - Processing /home/airflow/.local/lib/python3.12/site-packages/airflow/example_dags/example_params_ui_tutorial.py took 0.155 seconds
[2026-06-13T17:06:44.222+0000] {processor.py:186} INFO - Started process (PID=1954) to work on /home/airflow/.local/lib/python3.12/site-packages/airflow/example_dags/example_params_ui_tutorial.py
[2026-06-13T17:06:44.223+0000] {processor.py:914} INFO - Processing file /home/airflow/.local/lib/python3.12/site-packages/airflow/example_dags/example_params_ui_tutorial.py for tasks to queue
[2026-06-13T17:06:44.227+0000] {logging_mixin.py:190} INFO - [2026-06-13T17:06:44.226+0000] {dagbag.py:588} INFO - Filling up the DagBag from /home/airflow/.local/lib/python3.12/site-packages/airflow/example_dags/example_params_ui_tutorial.py
[2026-06-13T17:06:44.238+0000] {processor.py:925} INFO - DAG(s) 'example_params_ui_tutorial' retrieved from /home/airflow/.local/lib/python3.12/site-packages/airflow/example_dags/example_params_ui_tutorial.py
[2026-06-13T17:06:44.299+0000] {logging_mixin.py:190} INFO - [2026-06-13T17:06:44.299+0000] {dag.py:3239} INFO - Sync 1 DAGs
[2026-06-13T17:06:44.334+0000] {logging_mixin.py:190} INFO - [2026-06-13T17:06:44.334+0000] {dag.py:4180} INFO - Setting next_dagrun for example_params_ui_tutorial to None, run_after=None
[2026-06-13T17:06:44.376+0000] {processor.py:208} INFO - Processing /home/airflow/.local/lib/python3.12/site-packages/airflow/example_dags/example_params_ui_tutorial.py took 0.164 seconds
[2026-06-13T17:07:14.680+0000] {processor.py:186} INFO - Started process (PID=2016) to work on /home/airflow/.local/lib/python3.12/site-packages/airflow/example_dags/example_params_ui_tutorial.py
[2026-06-13T17:07:14.682+0000] {processor.py:914} INFO - Processing file /home/airflow/.local/lib/python3.12/site-packages/airflow/example_dags/example_params_ui_tutorial.py for tasks to queue
[2026-06-13T17:07:14.685+0000] {logging_mixin.py:190} INFO - [2026-06-13T17:07:14.685+0000] {dagbag.py:588} INFO - Filling up the DagBag from /home/airflow/.local/lib/python3.12/site-packages/airflow/example_dags/example_params_ui_tutorial.py
[2026-06-13T17:07:14.696+0000] {processor.py:925} INFO - DAG(s) 'example_params_ui_tutorial' retrieved from /home/airflow/.local/lib/python3.12/site-packages/airflow/example_dags/example_params_ui_tutorial.py
[2026-06-13T17:07:14.739+0000] {logging_mixin.py:190} INFO - [2026-06-13T17:07:14.739+0000] {dag.py:3239} INFO - Sync 1 DAGs
[2026-06-13T17:07:14.760+0000] {logging_mixin.py:190} INFO - [2026-06-13T17:07:14.759+0000] {dag.py:4180} INFO - Setting next_dagrun for example_params_ui_tutorial to None, run_after=None
[2026-06-13T17:07:14.794+0000] {processor.py:208} INFO - Processing /home/airflow/.local/lib/python3.12/site-packages/airflow/example_dags/example_params_ui_tutorial.py took 0.120 seconds
[2026-06-13T17:07:46.122+0000] {processor.py:186} INFO - Started process (PID=2078) to work on /home/airflow/.local/lib/python3.12/site-packages/airflow/example_dags/example_params_ui_tutorial.py
[2026-06-13T17:07:46.124+0000] {processor.py:914} INFO - Processing file /home/airflow/.local/lib/python3.12/site-packages/airflow/example_dags/example_params_ui_tutorial.py for tasks to queue
[2026-06-13T17:07:46.126+0000] {logging_mixin.py:190} INFO - [2026-06-13T17:07:46.126+0000] {dagbag.py:588} INFO - Filling up the DagBag from /home/airflow/.local/lib/python3.12/site-packages/airflow/example_dags/example_params_ui_tutorial.py
[2026-06-13T17:07:46.134+0000] {processor.py:925} INFO - DAG(s) 'example_params_ui_tutorial' retrieved from /home/airflow/.local/lib/python3.12/site-packages/airflow/example_dags/example_params_ui_tutorial.py
[2026-06-13T17:07:46.175+0000] {logging_mixin.py:190} INFO - [2026-06-13T17:07:46.175+0000] {dag.py:3239} INFO - Sync 1 DAGs
[2026-06-13T17:07:46.189+0000] {logging_mixin.py:190} INFO - [2026-06-13T17:07:46.189+0000] {dag.py:4180} INFO - Setting next_dagrun for example_params_ui_tutorial to None, run_after=None
[2026-06-13T17:07:46.209+0000] {processor.py:208} INFO - Processing /home/airflow/.local/lib/python3.12/site-packages/airflow/example_dags/example_params_ui_tutorial.py took 0.092 seconds
[2026-06-13T17:08:16.362+0000] {processor.py:186} INFO - Started process (PID=2140) to work on /home/airflow/.local/lib/python3.12/site-packages/airflow/example_dags/example_params_ui_tutorial.py
[2026-06-13T17:08:16.363+0000] {processor.py:914} INFO - Processing file /home/airflow/.local/lib/python3.12/site-packages/airflow/example_dags/example_params_ui_tutorial.py for tasks to queue
[2026-06-13T17:08:16.366+0000] {logging_mixin.py:190} INFO - [2026-06-13T17:08:16.365+0000] {dagbag.py:588} INFO - Filling up the DagBag from /home/airflow/.local/lib/python3.12/site-packages/airflow/example_dags/example_params_ui_tutorial.py
[2026-06-13T17:08:16.373+0000] {processor.py:925} INFO - DAG(s) 'example_params_ui_tutorial' retrieved from /home/airflow/.local/lib/python3.12/site-packages/airflow/example_dags/example_params_ui_tutorial.py
[2026-06-13T17:08:16.400+0000] {logging_mixin.py:190} INFO - [2026-06-13T17:08:16.400+0000] {dag.py:3239} INFO - Sync 1 DAGs
[2026-06-13T17:08:16.411+0000] {logging_mixin.py:190} INFO - [2026-06-13T17:08:16.411+0000] {dag.py:4180} INFO - Setting next_dagrun for example_params_ui_tutorial to None, run_after=None
[2026-06-13T17:08:16.429+0000] {processor.py:208} INFO - Processing /home/airflow/.local/lib/python3.12/site-packages/airflow/example_dags/example_params_ui_tutorial.py took 0.074 seconds
[2026-06-13T17:08:46.488+0000] {processor.py:186} INFO - Started process (PID=2202) to work on /home/airflow/.local/lib/python3.12/site-packages/airflow/example_dags/example_params_ui_tutorial.py
[2026-06-13T17:08:46.489+0000] {processor.py:914} INFO - Processing file /home/airflow/.local/lib/python3.12/site-packages/airflow/example_dags/example_params_ui_tutorial.py for tasks to queue
[2026-06-13T17:08:46.492+0000] {logging_mixin.py:190} INFO - [2026-06-13T17:08:46.491+0000] {dagbag.py:588} INFO - Filling up the DagBag from /home/airflow/.local/lib/python3.12/site-packages/airflow/example_dags/example_params_ui_tutorial.py
[2026-06-13T17:08:46.499+0000] {processor.py:925} INFO - DAG(s) 'example_params_ui_tutorial' retrieved from /home/airflow/.local/lib/python3.12/site-packages/airflow/example_dags/example_params_ui_tutorial.py
[2026-06-13T17:08:46.529+0000] {logging_mixin.py:190} INFO - [2026-06-13T17:08:46.529+0000] {dag.py:3239} INFO - Sync 1 DAGs
[2026-06-13T17:08:46.540+0000] {logging_mixin.py:190} INFO - [2026-06-13T17:08:46.540+0000] {dag.py:4180} INFO - Setting next_dagrun for example_params_ui_tutorial to None, run_after=None
[2026-06-13T17:08:46.558+0000] {processor.py:208} INFO - Processing /home/airflow/.local/lib/python3.12/site-packages/airflow/example_dags/example_params_ui_tutorial.py took 0.075 seconds
[2026-06-13T17:09:16.989+0000] {processor.py:186} INFO - Started process (PID=2264) to work on /home/airflow/.local/lib/python3.12/site-packages/airflow/example_dags/example_params_ui_tutorial.py
[2026-06-13T17:09:16.990+0000] {processor.py:914} INFO - Processing file /home/airflow/.local/lib/python3.12/site-packages/airflow/example_dags/example_params_ui_tutorial.py for tasks to queue
[2026-06-13T17:09:16.992+0000] {logging_mixin.py:190} INFO - [2026-06-13T17:09:16.992+0000] {dagbag.py:588} INFO - Filling up the DagBag from /home/airflow/.local/lib/python3.12/site-packages/airflow/example_dags/example_params_ui_tutorial.py
[2026-06-13T17:09:17.000+0000] {processor.py:925} INFO - DAG(s) 'example_params_ui_tutorial' retrieved from /home/airflow/.local/lib/python3.12/site-packages/airflow/example_dags/example_params_ui_tutorial.py
[2026-06-13T17:09:17.032+0000] {logging_mixin.py:190} INFO - [2026-06-13T17:09:17.032+0000] {dag.py:3239} INFO - Sync 1 DAGs
[2026-06-13T17:09:17.044+0000] {logging_mixin.py:190} INFO - [2026-06-13T17:09:17.044+0000] {dag.py:4180} INFO - Setting next_dagrun for example_params_ui_tutorial to None, run_after=None
[2026-06-13T17:09:17.065+0000] {processor.py:208} INFO - Processing /home/airflow/.local/lib/python3.12/site-packages/airflow/example_dags/example_params_ui_tutorial.py took 0.081 seconds
[2026-06-13T17:09:47.632+0000] {processor.py:186} INFO - Started process (PID=2326) to work on /home/airflow/.local/lib/python3.12/site-packages/airflow/example_dags/example_params_ui_tutorial.py
[2026-06-13T17:09:47.634+0000] {processor.py:914} INFO - Processing file /home/airflow/.local/lib/python3.12/site-packages/airflow/example_dags/example_params_ui_tutorial.py for tasks to queue
[2026-06-13T17:09:47.636+0000] {logging_mixin.py:190} INFO - [2026-06-13T17:09:47.635+0000] {dagbag.py:588} INFO - Filling up the DagBag from /home/airflow/.local/lib/python3.12/site-packages/airflow/example_dags/example_params_ui_tutorial.py
[2026-06-13T17:09:47.645+0000] {processor.py:925} INFO - DAG(s) 'example_params_ui_tutorial' retrieved from /home/airflow/.local/lib/python3.12/site-packages/airflow/example_dags/example_params_ui_tutorial.py
[2026-06-13T17:09:47.689+0000] {logging_mixin.py:190} INFO - [2026-06-13T17:09:47.688+0000] {dag.py:3239} INFO - Sync 1 DAGs
[2026-06-13T17:09:47.702+0000] {logging_mixin.py:190} INFO - [2026-06-13T17:09:47.701+0000] {dag.py:4180} INFO - Setting next_dagrun for example_params_ui_tutorial to None, run_after=None
[2026-06-13T17:09:47.723+0000] {processor.py:208} INFO - Processing /home/airflow/.local/lib/python3.12/site-packages/airflow/example_dags/example_params_ui_tutorial.py took 0.097 seconds
[2026-06-13T17:10:17.875+0000] {processor.py:186} INFO - Started process (PID=2388) to work on /home/airflow/.local/lib/python3.12/site-packages/airflow/example_dags/example_params_ui_tutorial.py
[2026-06-13T17:10:17.876+0000] {processor.py:914} INFO - Processing file /home/airflow/.local/lib/python3.12/site-packages/airflow/example_dags/example_params_ui_tutorial.py for tasks to queue
[2026-06-13T17:10:17.879+0000] {logging_mixin.py:190} INFO - [2026-06-13T17:10:17.879+0000] {dagbag.py:588} INFO - Filling up the DagBag from /home/airflow/.local/lib/python3.12/site-packages/airflow/example_dags/example_params_ui_tutorial.py
[2026-06-13T17:10:17.886+0000] {processor.py:925} INFO - DAG(s) 'example_params_ui_tutorial' retrieved from /home/airflow/.local/lib/python3.12/site-packages/airflow/example_dags/example_params_ui_tutorial.py
[2026-06-13T17:10:17.918+0000] {logging_mixin.py:190} INFO - [2026-06-13T17:10:17.918+0000] {dag.py:3239} INFO - Sync 1 DAGs
[2026-06-13T17:10:17.932+0000] {logging_mixin.py:190} INFO - [2026-06-13T17:10:17.932+0000] {dag.py:4180} INFO - Setting next_dagrun for example_params_ui_tutorial to None, run_after=None
[2026-06-13T17:10:17.950+0000] {processor.py:208} INFO - Processing /home/airflow/.local/lib/python3.12/site-packages/airflow/example_dags/example_params_ui_tutorial.py took 0.081 seconds
[2026-06-13T17:10:49.074+0000] {processor.py:186} INFO - Started process (PID=2450) to work on /home/airflow/.local/lib/python3.12/site-packages/airflow/example_dags/example_params_ui_tutorial.py
[2026-06-13T17:10:49.076+0000] {processor.py:914} INFO - Processing file /home/airflow/.local/lib/python3.12/site-packages/airflow/example_dags/example_params_ui_tutorial.py for tasks to queue
[2026-06-13T17:10:49.078+0000] {logging_mixin.py:190} INFO - [2026-06-13T17:10:49.078+0000] {dagbag.py:588} INFO - Filling up the DagBag from /home/airflow/.local/lib/python3.12/site-packages/airflow/example_dags/example_params_ui_tutorial.py
[2026-06-13T17:10:49.085+0000] {processor.py:925} INFO - DAG(s) 'example_params_ui_tutorial' retrieved from /home/airflow/.local/lib/python3.12/site-packages/airflow/example_dags/example_params_ui_tutorial.py
[2026-06-13T17:10:49.116+0000] {logging_mixin.py:190} INFO - [2026-06-13T17:10:49.116+0000] {dag.py:3239} INFO - Sync 1 DAGs
[2026-06-13T17:10:49.128+0000] {logging_mixin.py:190} INFO - [2026-06-13T17:10:49.128+0000] {dag.py:4180} INFO - Setting next_dagrun for example_params_ui_tutorial to None, run_after=None
[2026-06-13T17:10:49.148+0000] {processor.py:208} INFO - Processing /home/airflow/.local/lib/python3.12/site-packages/airflow/example_dags/example_params_ui_tutorial.py took 0.078 seconds
[2026-06-13T17:11:19.234+0000] {processor.py:186} INFO - Started process (PID=2512) to work on /home/airflow/.local/lib/python3.12/site-packages/airflow/example_dags/example_params_ui_tutorial.py
[2026-06-13T17:11:19.235+0000] {processor.py:914} INFO - Processing file /home/airflow/.local/lib/python3.12/site-packages/airflow/example_dags/example_params_ui_tutorial.py for tasks to queue
[2026-06-13T17:11:19.237+0000] {logging_mixin.py:190} INFO - [2026-06-13T17:11:19.237+0000] {dagbag.py:588} INFO - Filling up the DagBag from /home/airflow/.local/lib/python3.12/site-packages/airflow/example_dags/example_params_ui_tutorial.py
[2026-06-13T17:11:19.245+0000] {processor.py:925} INFO - DAG(s) 'example_params_ui_tutorial' retrieved from /home/airflow/.local/lib/python3.12/site-packages/airflow/example_dags/example_params_ui_tutorial.py
[2026-06-13T17:11:19.276+0000] {logging_mixin.py:190} INFO - [2026-06-13T17:11:19.275+0000] {dag.py:3239} INFO - Sync 1 DAGs
[2026-06-13T17:11:19.286+0000] {logging_mixin.py:190} INFO - [2026-06-13T17:11:19.286+0000] {dag.py:4180} INFO - Setting next_dagrun for example_params_ui_tutorial to None, run_after=None
[2026-06-13T17:11:19.306+0000] {processor.py:208} INFO - Processing /home/airflow/.local/lib/python3.12/site-packages/airflow/example_dags/example_params_ui_tutorial.py took 0.078 seconds
[2026-06-13T17:11:49.936+0000] {processor.py:186} INFO - Started process (PID=2574) to work on /home/airflow/.local/lib/python3.12/site-packages/airflow/example_dags/example_params_ui_tutorial.py
[2026-06-13T17:11:49.937+0000] {processor.py:914} INFO - Processing file /home/airflow/.local/lib/python3.12/site-packages/airflow/example_dags/example_params_ui_tutorial.py for tasks to queue
[2026-06-13T17:11:49.939+0000] {logging_mixin.py:190} INFO - [2026-06-13T17:11:49.939+0000] {dagbag.py:588} INFO - Filling up the DagBag from /home/airflow/.local/lib/python3.12/site-packages/airflow/example_dags/example_params_ui_tutorial.py
[2026-06-13T17:11:49.947+0000] {processor.py:925} INFO - DAG(s) 'example_params_ui_tutorial' retrieved from /home/airflow/.local/lib/python3.12/site-packages/airflow/example_dags/example_params_ui_tutorial.py
[2026-06-13T17:11:49.976+0000] {logging_mixin.py:190} INFO - [2026-06-13T17:11:49.976+0000] {dag.py:3239} INFO - Sync 1 DAGs
[2026-06-13T17:11:49.987+0000] {logging_mixin.py:190} INFO - [2026-06-13T17:11:49.987+0000] {dag.py:4180} INFO - Setting next_dagrun for example_params_ui_tutorial to None, run_after=None
[2026-06-13T17:11:50.005+0000] {processor.py:208} INFO - Processing /home/airflow/.local/lib/python3.12/site-packages/airflow/example_dags/example_params_ui_tutorial.py took 0.074 seconds
[2026-06-13T17:12:20.058+0000] {processor.py:186} INFO - Started process (PID=2636) to work on /home/airflow/.local/lib/python3.12/site-packages/airflow/example_dags/example_params_ui_tutorial.py
[2026-06-13T17:12:20.059+0000] {processor.py:914} INFO - Processing file /home/airflow/.local/lib/python3.12/site-packages/airflow/example_dags/example_params_ui_tutorial.py for tasks to queue
[2026-06-13T17:12:20.062+0000] {logging_mixin.py:190} INFO - [2026-06-13T17:12:20.061+0000] {dagbag.py:588} INFO - Filling up the DagBag from /home/airflow/.local/lib/python3.12/site-packages/airflow/example_dags/example_params_ui_tutorial.py
[2026-06-13T17:12:20.072+0000] {processor.py:925} INFO - DAG(s) 'example_params_ui_tutorial' retrieved from /home/airflow/.local/lib/python3.12/site-packages/airflow/example_dags/example_params_ui_tutorial.py
[2026-06-13T17:12:20.104+0000] {logging_mixin.py:190} INFO - [2026-06-13T17:12:20.104+0000] {dag.py:3239} INFO - Sync 1 DAGs
[2026-06-13T17:12:20.114+0000] {logging_mixin.py:190} INFO - [2026-06-13T17:12:20.114+0000] {dag.py:4180} INFO - Setting next_dagrun for example_params_ui_tutorial to None, run_after=None
[2026-06-13T17:12:20.128+0000] {processor.py:208} INFO - Processing /home/airflow/.local/lib/python3.12/site-packages/airflow/example_dags/example_params_ui_tutorial.py took 0.075 seconds
[2026-06-13T17:12:51.772+0000] {processor.py:186} INFO - Started process (PID=2698) to work on /home/airflow/.local/lib/python3.12/site-packages/airflow/example_dags/example_params_ui_tutorial.py
[2026-06-13T17:12:51.773+0000] {processor.py:914} INFO - Processing file /home/airflow/.local/lib/python3.12/site-packages/airflow/example_dags/example_params_ui_tutorial.py for tasks to queue
[2026-06-13T17:12:51.775+0000] {logging_mixin.py:190} INFO - [2026-06-13T17:12:51.775+0000] {dagbag.py:588} INFO - Filling up the DagBag from /home/airflow/.local/lib/python3.12/site-packages/airflow/example_dags/example_params_ui_tutorial.py
[2026-06-13T17:12:51.782+0000] {processor.py:925} INFO - DAG(s) 'example_params_ui_tutorial' retrieved from /home/airflow/.local/lib/python3.12/site-packages/airflow/example_dags/example_params_ui_tutorial.py
[2026-06-13T17:12:51.813+0000] {logging_mixin.py:190} INFO - [2026-06-13T17:12:51.813+0000] {dag.py:3239} INFO - Sync 1 DAGs
[2026-06-13T17:12:51.824+0000] {logging_mixin.py:190} INFO - [2026-06-13T17:12:51.824+0000] {dag.py:4180} INFO - Setting next_dagrun for example_params_ui_tutorial to None, run_after=None
[2026-06-13T17:12:51.838+0000] {processor.py:208} INFO - Processing /home/airflow/.local/lib/python3.12/site-packages/airflow/example_dags/example_params_ui_tutorial.py took 0.071 seconds
[2026-06-13T17:13:22.218+0000] {processor.py:186} INFO - Started process (PID=2760) to work on /home/airflow/.local/lib/python3.12/site-packages/airflow/example_dags/example_params_ui_tutorial.py
[2026-06-13T17:13:22.219+0000] {processor.py:914} INFO - Processing file /home/airflow/.local/lib/python3.12/site-packages/airflow/example_dags/example_params_ui_tutorial.py for tasks to queue
[2026-06-13T17:13:22.222+0000] {logging_mixin.py:190} INFO - [2026-06-13T17:13:22.221+0000] {dagbag.py:588} INFO - Filling up the DagBag from /home/airflow/.local/lib/python3.12/site-packages/airflow/example_dags/example_params_ui_tutorial.py
[2026-06-13T17:13:22.231+0000] {processor.py:925} INFO - DAG(s) 'example_params_ui_tutorial' retrieved from /home/airflow/.local/lib/python3.12/site-packages/airflow/example_dags/example_params_ui_tutorial.py
[2026-06-13T17:13:22.261+0000] {logging_mixin.py:190} INFO - [2026-06-13T17:13:22.261+0000] {dag.py:3239} INFO - Sync 1 DAGs
[2026-06-13T17:13:22.272+0000] {logging_mixin.py:190} INFO - [2026-06-13T17:13:22.272+0000] {dag.py:4180} INFO - Setting next_dagrun for example_params_ui_tutorial to None, run_after=None
[2026-06-13T17:13:22.288+0000] {processor.py:208} INFO - Processing /home/airflow/.local/lib/python3.12/site-packages/airflow/example_dags/example_params_ui_tutorial.py took 0.074 seconds
[2026-06-13T17:13:52.661+0000] {processor.py:186} INFO - Started process (PID=2823) to work on /home/airflow/.local/lib/python3.12/site-packages/airflow/example_dags/example_params_ui_tutorial.py
[2026-06-13T17:13:52.662+0000] {processor.py:914} INFO - Processing file /home/airflow/.local/lib/python3.12/site-packages/airflow/example_dags/example_params_ui_tutorial.py for tasks to queue
[2026-06-13T17:13:52.664+0000] {logging_mixin.py:190} INFO - [2026-06-13T17:13:52.664+0000] {dagbag.py:588} INFO - Filling up the DagBag from /home/airflow/.local/lib/python3.12/site-packages/airflow/example_dags/example_params_ui_tutorial.py
[2026-06-13T17:13:52.672+0000] {processor.py:925} INFO - DAG(s) 'example_params_ui_tutorial' retrieved from /home/airflow/.local/lib/python3.12/site-packages/airflow/example_dags/example_params_ui_tutorial.py
[2026-06-13T17:13:52.702+0000] {logging_mixin.py:190} INFO - [2026-06-13T17:13:52.702+0000] {dag.py:3239} INFO - Sync 1 DAGs
[2026-06-13T17:13:52.714+0000] {logging_mixin.py:190} INFO - [2026-06-13T17:13:52.713+0000] {dag.py:4180} INFO - Setting next_dagrun for example_params_ui_tutorial to None, run_after=None
[2026-06-13T17:13:52.731+0000] {processor.py:208} INFO - Processing /home/airflow/.local/lib/python3.12/site-packages/airflow/example_dags/example_params_ui_tutorial.py took 0.075 seconds
[2026-06-13T17:14:23.285+0000] {processor.py:186} INFO - Started process (PID=2884) to work on /home/airflow/.local/lib/python3.12/site-packages/airflow/example_dags/example_params_ui_tutorial.py
[2026-06-13T17:14:23.287+0000] {processor.py:914} INFO - Processing file /home/airflow/.local/lib/python3.12/site-packages/airflow/example_dags/example_params_ui_tutorial.py for tasks to queue
[2026-06-13T17:14:23.289+0000] {logging_mixin.py:190} INFO - [2026-06-13T17:14:23.289+0000] {dagbag.py:588} INFO - Filling up the DagBag from /home/airflow/.local/lib/python3.12/site-packages/airflow/example_dags/example_params_ui_tutorial.py
[2026-06-13T17:14:23.297+0000] {processor.py:925} INFO - DAG(s) 'example_params_ui_tutorial' retrieved from /home/airflow/.local/lib/python3.12/site-packages/airflow/example_dags/example_params_ui_tutorial.py
[2026-06-13T17:14:23.327+0000] {logging_mixin.py:190} INFO - [2026-06-13T17:14:23.327+0000] {dag.py:3239} INFO - Sync 1 DAGs
[2026-06-13T17:14:23.338+0000] {logging_mixin.py:190} INFO - [2026-06-13T17:14:23.338+0000] {dag.py:4180} INFO - Setting next_dagrun for example_params_ui_tutorial to None, run_after=None
[2026-06-13T17:14:23.355+0000] {processor.py:208} INFO - Processing /home/airflow/.local/lib/python3.12/site-packages/airflow/example_dags/example_params_ui_tutorial.py took 0.074 seconds
[2026-06-13T17:14:53.590+0000] {processor.py:186} INFO - Started process (PID=2946) to work on /home/airflow/.local/lib/python3.12/site-packages/airflow/example_dags/example_params_ui_tutorial.py
[2026-06-13T17:14:53.591+0000] {processor.py:914} INFO - Processing file /home/airflow/.local/lib/python3.12/site-packages/airflow/example_dags/example_params_ui_tutorial.py for tasks to queue
[2026-06-13T17:14:53.594+0000] {logging_mixin.py:190} INFO - [2026-06-13T17:14:53.594+0000] {dagbag.py:588} INFO - Filling up the DagBag from /home/airflow/.local/lib/python3.12/site-packages/airflow/example_dags/example_params_ui_tutorial.py
[2026-06-13T17:14:53.601+0000] {processor.py:925} INFO - DAG(s) 'example_params_ui_tutorial' retrieved from /home/airflow/.local/lib/python3.12/site-packages/airflow/example_dags/example_params_ui_tutorial.py
[2026-06-13T17:14:53.633+0000] {logging_mixin.py:190} INFO - [2026-06-13T17:14:53.632+0000] {dag.py:3239} INFO - Sync 1 DAGs
[2026-06-13T17:14:53.644+0000] {logging_mixin.py:190} INFO - [2026-06-13T17:14:53.643+0000] {dag.py:4180} INFO - Setting next_dagrun for example_params_ui_tutorial to None, run_after=None
[2026-06-13T17:14:53.660+0000] {processor.py:208} INFO - Processing /home/airflow/.local/lib/python3.12/site-packages/airflow/example_dags/example_params_ui_tutorial.py took 0.075 seconds
[2026-06-13T17:15:24.036+0000] {processor.py:186} INFO - Started process (PID=3008) to work on /home/airflow/.local/lib/python3.12/site-packages/airflow/example_dags/example_params_ui_tutorial.py
[2026-06-13T17:15:24.037+0000] {processor.py:914} INFO - Processing file /home/airflow/.local/lib/python3.12/site-packages/airflow/example_dags/example_params_ui_tutorial.py for tasks to queue
[2026-06-13T17:15:24.040+0000] {logging_mixin.py:190} INFO - [2026-06-13T17:15:24.040+0000] {dagbag.py:588} INFO - Filling up the DagBag from /home/airflow/.local/lib/python3.12/site-packages/airflow/example_dags/example_params_ui_tutorial.py
[2026-06-13T17:15:24.047+0000] {processor.py:925} INFO - DAG(s) 'example_params_ui_tutorial' retrieved from /home/airflow/.local/lib/python3.12/site-packages/airflow/example_dags/example_params_ui_tutorial.py
[2026-06-13T17:15:24.078+0000] {logging_mixin.py:190} INFO - [2026-06-13T17:15:24.078+0000] {dag.py:3239} INFO - Sync 1 DAGs
[2026-06-13T17:15:24.089+0000] {logging_mixin.py:190} INFO - [2026-06-13T17:15:24.089+0000] {dag.py:4180} INFO - Setting next_dagrun for example_params_ui_tutorial to None, run_after=None
[2026-06-13T17:15:24.104+0000] {processor.py:208} INFO - Processing /home/airflow/.local/lib/python3.12/site-packages/airflow/example_dags/example_params_ui_tutorial.py took 0.072 seconds
[2026-06-13T17:15:54.420+0000] {processor.py:186} INFO - Started process (PID=3070) to work on /home/airflow/.local/lib/python3.12/site-packages/airflow/example_dags/example_params_ui_tutorial.py
[2026-06-13T17:15:54.421+0000] {processor.py:914} INFO - Processing file /home/airflow/.local/lib/python3.12/site-packages/airflow/example_dags/example_params_ui_tutorial.py for tasks to queue
[2026-06-13T17:15:54.423+0000] {logging_mixin.py:190} INFO - [2026-06-13T17:15:54.423+0000] {dagbag.py:588} INFO - Filling up the DagBag from /home/airflow/.local/lib/python3.12/site-packages/airflow/example_dags/example_params_ui_tutorial.py
[2026-06-13T17:15:54.431+0000] {processor.py:925} INFO - DAG(s) 'example_params_ui_tutorial' retrieved from /home/airflow/.local/lib/python3.12/site-packages/airflow/example_dags/example_params_ui_tutorial.py
[2026-06-13T17:15:54.462+0000] {logging_mixin.py:190} INFO - [2026-06-13T17:15:54.461+0000] {dag.py:3239} INFO - Sync 1 DAGs
[2026-06-13T17:15:54.473+0000] {logging_mixin.py:190} INFO - [2026-06-13T17:15:54.473+0000] {dag.py:4180} INFO - Setting next_dagrun for example_params_ui_tutorial to None, run_after=None
[2026-06-13T17:15:54.490+0000] {processor.py:208} INFO - Processing /home/airflow/.local/lib/python3.12/site-packages/airflow/example_dags/example_params_ui_tutorial.py took 0.074 seconds
[2026-06-13T17:16:25.122+0000] {processor.py:186} INFO - Started process (PID=3132) to work on /home/airflow/.local/lib/python3.12/site-packages/airflow/example_dags/example_params_ui_tutorial.py
[2026-06-13T17:16:25.123+0000] {processor.py:914} INFO - Processing file /home/airflow/.local/lib/python3.12/site-packages/airflow/example_dags/example_params_ui_tutorial.py for tasks to queue
[2026-06-13T17:16:25.125+0000] {logging_mixin.py:190} INFO - [2026-06-13T17:16:25.125+0000] {dagbag.py:588} INFO - Filling up the DagBag from /home/airflow/.local/lib/python3.12/site-packages/airflow/example_dags/example_params_ui_tutorial.py
[2026-06-13T17:16:25.132+0000] {processor.py:925} INFO - DAG(s) 'example_params_ui_tutorial' retrieved from /home/airflow/.local/lib/python3.12/site-packages/airflow/example_dags/example_params_ui_tutorial.py
[2026-06-13T17:16:25.163+0000] {logging_mixin.py:190} INFO - [2026-06-13T17:16:25.163+0000] {dag.py:3239} INFO - Sync 1 DAGs
[2026-06-13T17:16:25.174+0000] {logging_mixin.py:190} INFO - [2026-06-13T17:16:25.174+0000] {dag.py:4180} INFO - Setting next_dagrun for example_params_ui_tutorial to None, run_after=None
[2026-06-13T17:16:25.190+0000] {processor.py:208} INFO - Processing /home/airflow/.local/lib/python3.12/site-packages/airflow/example_dags/example_params_ui_tutorial.py took 0.073 seconds
[2026-06-13T17:16:55.495+0000] {processor.py:186} INFO - Started process (PID=3194) to work on /home/airflow/.local/lib/python3.12/site-packages/airflow/example_dags/example_params_ui_tutorial.py
[2026-06-13T17:16:55.497+0000] {processor.py:914} INFO - Processing file /home/airflow/.local/lib/python3.12/site-packages/airflow/example_dags/example_params_ui_tutorial.py for tasks to queue
[2026-06-13T17:16:55.501+0000] {logging_mixin.py:190} INFO - [2026-06-13T17:16:55.501+0000] {dagbag.py:588} INFO - Filling up the DagBag from /home/airflow/.local/lib/python3.12/site-packages/airflow/example_dags/example_params_ui_tutorial.py
[2026-06-13T17:16:55.513+0000] {processor.py:925} INFO - DAG(s) 'example_params_ui_tutorial' retrieved from /home/airflow/.local/lib/python3.12/site-packages/airflow/example_dags/example_params_ui_tutorial.py
[2026-06-13T17:16:55.566+0000] {logging_mixin.py:190} INFO - [2026-06-13T17:16:55.566+0000] {dag.py:3239} INFO - Sync 1 DAGs
[2026-06-13T17:16:55.583+0000] {logging_mixin.py:190} INFO - [2026-06-13T17:16:55.583+0000] {dag.py:4180} INFO - Setting next_dagrun for example_params_ui_tutorial to None, run_after=None
[2026-06-13T17:16:55.613+0000] {processor.py:208} INFO - Processing /home/airflow/.local/lib/python3.12/site-packages/airflow/example_dags/example_params_ui_tutorial.py took 0.128 seconds
[2026-06-13T17:17:25.854+0000] {processor.py:186} INFO - Started process (PID=3256) to work on /home/airflow/.local/lib/python3.12/site-packages/airflow/example_dags/example_params_ui_tutorial.py
[2026-06-13T17:17:25.856+0000] {processor.py:914} INFO - Processing file /home/airflow/.local/lib/python3.12/site-packages/airflow/example_dags/example_params_ui_tutorial.py for tasks to queue
[2026-06-13T17:17:25.858+0000] {logging_mixin.py:190} INFO - [2026-06-13T17:17:25.858+0000] {dagbag.py:588} INFO - Filling up the DagBag from /home/airflow/.local/lib/python3.12/site-packages/airflow/example_dags/example_params_ui_tutorial.py
[2026-06-13T17:17:25.866+0000] {processor.py:925} INFO - DAG(s) 'example_params_ui_tutorial' retrieved from /home/airflow/.local/lib/python3.12/site-packages/airflow/example_dags/example_params_ui_tutorial.py
[2026-06-13T17:17:25.896+0000] {logging_mixin.py:190} INFO - [2026-06-13T17:17:25.896+0000] {dag.py:3239} INFO - Sync 1 DAGs
[2026-06-13T17:17:25.907+0000] {logging_mixin.py:190} INFO - [2026-06-13T17:17:25.907+0000] {dag.py:4180} INFO - Setting next_dagrun for example_params_ui_tutorial to None, run_after=None
[2026-06-13T17:17:25.921+0000] {processor.py:208} INFO - Processing /home/airflow/.local/lib/python3.12/site-packages/airflow/example_dags/example_params_ui_tutorial.py took 0.071 seconds
[2026-06-13T17:17:56.213+0000] {processor.py:186} INFO - Started process (PID=3318) to work on /home/airflow/.local/lib/python3.12/site-packages/airflow/example_dags/example_params_ui_tutorial.py
[2026-06-13T17:17:56.215+0000] {processor.py:914} INFO - Processing file /home/airflow/.local/lib/python3.12/site-packages/airflow/example_dags/example_params_ui_tutorial.py for tasks to queue
[2026-06-13T17:17:56.217+0000] {logging_mixin.py:190} INFO - [2026-06-13T17:17:56.217+0000] {dagbag.py:588} INFO - Filling up the DagBag from /home/airflow/.local/lib/python3.12/site-packages/airflow/example_dags/example_params_ui_tutorial.py
[2026-06-13T17:17:56.225+0000] {processor.py:925} INFO - DAG(s) 'example_params_ui_tutorial' retrieved from /home/airflow/.local/lib/python3.12/site-packages/airflow/example_dags/example_params_ui_tutorial.py
[2026-06-13T17:17:56.257+0000] {logging_mixin.py:190} INFO - [2026-06-13T17:17:56.256+0000] {dag.py:3239} INFO - Sync 1 DAGs
[2026-06-13T17:17:56.267+0000] {logging_mixin.py:190} INFO - [2026-06-13T17:17:56.267+0000] {dag.py:4180} INFO - Setting next_dagrun for example_params_ui_tutorial to None, run_after=None
[2026-06-13T17:17:56.282+0000] {processor.py:208} INFO - Processing /home/airflow/.local/lib/python3.12/site-packages/airflow/example_dags/example_params_ui_tutorial.py took 0.074 seconds
[2026-06-13T17:18:26.717+0000] {processor.py:186} INFO - Started process (PID=3380) to work on /home/airflow/.local/lib/python3.12/site-packages/airflow/example_dags/example_params_ui_tutorial.py
[2026-06-13T17:18:26.718+0000] {processor.py:914} INFO - Processing file /home/airflow/.local/lib/python3.12/site-packages/airflow/example_dags/example_params_ui_tutorial.py for tasks to queue
[2026-06-13T17:18:26.721+0000] {logging_mixin.py:190} INFO - [2026-06-13T17:18:26.720+0000] {dagbag.py:588} INFO - Filling up the DagBag from /home/airflow/.local/lib/python3.12/site-packages/airflow/example_dags/example_params_ui_tutorial.py
[2026-06-13T17:18:26.728+0000] {processor.py:925} INFO - DAG(s) 'example_params_ui_tutorial' retrieved from /home/airflow/.local/lib/python3.12/site-packages/airflow/example_dags/example_params_ui_tutorial.py
[2026-06-13T17:18:26.759+0000] {logging_mixin.py:190} INFO - [2026-06-13T17:18:26.758+0000] {dag.py:3239} INFO - Sync 1 DAGs
[2026-06-13T17:18:26.770+0000] {logging_mixin.py:190} INFO - [2026-06-13T17:18:26.770+0000] {dag.py:4180} INFO - Setting next_dagrun for example_params_ui_tutorial to None, run_after=None
[2026-06-13T17:18:26.787+0000] {processor.py:208} INFO - Processing /home/airflow/.local/lib/python3.12/site-packages/airflow/example_dags/example_params_ui_tutorial.py took 0.075 seconds
[2026-06-13T17:18:57.356+0000] {processor.py:186} INFO - Started process (PID=3442) to work on /home/airflow/.local/lib/python3.12/site-packages/airflow/example_dags/example_params_ui_tutorial.py
[2026-06-13T17:18:57.357+0000] {processor.py:914} INFO - Processing file /home/airflow/.local/lib/python3.12/site-packages/airflow/example_dags/example_params_ui_tutorial.py for tasks to queue
[2026-06-13T17:18:57.359+0000] {logging_mixin.py:190} INFO - [2026-06-13T17:18:57.359+0000] {dagbag.py:588} INFO - Filling up the DagBag from /home/airflow/.local/lib/python3.12/site-packages/airflow/example_dags/example_params_ui_tutorial.py
[2026-06-13T17:18:57.367+0000] {processor.py:925} INFO - DAG(s) 'example_params_ui_tutorial' retrieved from /home/airflow/.local/lib/python3.12/site-packages/airflow/example_dags/example_params_ui_tutorial.py
[2026-06-13T17:18:57.397+0000] {logging_mixin.py:190} INFO - [2026-06-13T17:18:57.396+0000] {dag.py:3239} INFO - Sync 1 DAGs
[2026-06-13T17:18:57.408+0000] {logging_mixin.py:190} INFO - [2026-06-13T17:18:57.407+0000] {dag.py:4180} INFO - Setting next_dagrun for example_params_ui_tutorial to None, run_after=None
[2026-06-13T17:18:57.423+0000] {processor.py:208} INFO - Processing /home/airflow/.local/lib/python3.12/site-packages/airflow/example_dags/example_params_ui_tutorial.py took 0.072 seconds
[2026-06-13T17:19:28.188+0000] {processor.py:186} INFO - Started process (PID=3504) to work on /home/airflow/.local/lib/python3.12/site-packages/airflow/example_dags/example_params_ui_tutorial.py
[2026-06-13T17:19:28.189+0000] {processor.py:914} INFO - Processing file /home/airflow/.local/lib/python3.12/site-packages/airflow/example_dags/example_params_ui_tutorial.py for tasks to queue
[2026-06-13T17:19:28.192+0000] {logging_mixin.py:190} INFO - [2026-06-13T17:19:28.192+0000] {dagbag.py:588} INFO - Filling up the DagBag from /home/airflow/.local/lib/python3.12/site-packages/airflow/example_dags/example_params_ui_tutorial.py
[2026-06-13T17:19:28.202+0000] {processor.py:925} INFO - DAG(s) 'example_params_ui_tutorial' retrieved from /home/airflow/.local/lib/python3.12/site-packages/airflow/example_dags/example_params_ui_tutorial.py
[2026-06-13T17:19:28.232+0000] {logging_mixin.py:190} INFO - [2026-06-13T17:19:28.232+0000] {dag.py:3239} INFO - Sync 1 DAGs
[2026-06-13T17:19:28.244+0000] {logging_mixin.py:190} INFO - [2026-06-13T17:19:28.243+0000] {dag.py:4180} INFO - Setting next_dagrun for example_params_ui_tutorial to None, run_after=None
[2026-06-13T17:19:28.260+0000] {processor.py:208} INFO - Processing /home/airflow/.local/lib/python3.12/site-packages/airflow/example_dags/example_params_ui_tutorial.py took 0.078 seconds
[2026-06-13T17:19:58.815+0000] {processor.py:186} INFO - Started process (PID=3566) to work on /home/airflow/.local/lib/python3.12/site-packages/airflow/example_dags/example_params_ui_tutorial.py
[2026-06-13T17:19:58.817+0000] {processor.py:914} INFO - Processing file /home/airflow/.local/lib/python3.12/site-packages/airflow/example_dags/example_params_ui_tutorial.py for tasks to queue
[2026-06-13T17:19:58.821+0000] {logging_mixin.py:190} INFO - [2026-06-13T17:19:58.820+0000] {dagbag.py:588} INFO - Filling up the DagBag from /home/airflow/.local/lib/python3.12/site-packages/airflow/example_dags/example_params_ui_tutorial.py
[2026-06-13T17:19:58.830+0000] {processor.py:925} INFO - DAG(s) 'example_params_ui_tutorial' retrieved from /home/airflow/.local/lib/python3.12/site-packages/airflow/example_dags/example_params_ui_tutorial.py
[2026-06-13T17:19:58.876+0000] {logging_mixin.py:190} INFO - [2026-06-13T17:19:58.876+0000] {dag.py:3239} INFO - Sync 1 DAGs
[2026-06-13T17:19:58.894+0000] {logging_mixin.py:190} INFO - [2026-06-13T17:19:58.894+0000] {dag.py:4180} INFO - Setting next_dagrun for example_params_ui_tutorial to None, run_after=None
[2026-06-13T17:19:58.922+0000] {processor.py:208} INFO - Processing /home/airflow/.local/lib/python3.12/site-packages/airflow/example_dags/example_params_ui_tutorial.py took 0.112 seconds
[2026-06-13T17:20:29.391+0000] {processor.py:186} INFO - Started process (PID=3628) to work on /home/airflow/.local/lib/python3.12/site-packages/airflow/example_dags/example_params_ui_tutorial.py
[2026-06-13T17:20:29.393+0000] {processor.py:914} INFO - Processing file /home/airflow/.local/lib/python3.12/site-packages/airflow/example_dags/example_params_ui_tutorial.py for tasks to queue
[2026-06-13T17:20:29.396+0000] {logging_mixin.py:190} INFO - [2026-06-13T17:20:29.396+0000] {dagbag.py:588} INFO - Filling up the DagBag from /home/airflow/.local/lib/python3.12/site-packages/airflow/example_dags/example_params_ui_tutorial.py
[2026-06-13T17:20:29.404+0000] {processor.py:925} INFO - DAG(s) 'example_params_ui_tutorial' retrieved from /home/airflow/.local/lib/python3.12/site-packages/airflow/example_dags/example_params_ui_tutorial.py
[2026-06-13T17:20:29.444+0000] {logging_mixin.py:190} INFO - [2026-06-13T17:20:29.444+0000] {dag.py:3239} INFO - Sync 1 DAGs
[2026-06-13T17:20:29.461+0000] {logging_mixin.py:190} INFO - [2026-06-13T17:20:29.461+0000] {dag.py:4180} INFO - Setting next_dagrun for example_params_ui_tutorial to None, run_after=None
[2026-06-13T17:20:29.487+0000] {processor.py:208} INFO - Processing /home/airflow/.local/lib/python3.12/site-packages/airflow/example_dags/example_params_ui_tutorial.py took 0.101 seconds
[2026-06-13T17:20:59.824+0000] {processor.py:186} INFO - Started process (PID=3690) to work on /home/airflow/.local/lib/python3.12/site-packages/airflow/example_dags/example_params_ui_tutorial.py
[2026-06-13T17:20:59.825+0000] {processor.py:914} INFO - Processing file /home/airflow/.local/lib/python3.12/site-packages/airflow/example_dags/example_params_ui_tutorial.py for tasks to queue
[2026-06-13T17:20:59.827+0000] {logging_mixin.py:190} INFO - [2026-06-13T17:20:59.827+0000] {dagbag.py:588} INFO - Filling up the DagBag from /home/airflow/.local/lib/python3.12/site-packages/airflow/example_dags/example_params_ui_tutorial.py
[2026-06-13T17:20:59.834+0000] {processor.py:925} INFO - DAG(s) 'example_params_ui_tutorial' retrieved from /home/airflow/.local/lib/python3.12/site-packages/airflow/example_dags/example_params_ui_tutorial.py
[2026-06-13T17:20:59.866+0000] {logging_mixin.py:190} INFO - [2026-06-13T17:20:59.866+0000] {dag.py:3239} INFO - Sync 1 DAGs
[2026-06-13T17:20:59.880+0000] {logging_mixin.py:190} INFO - [2026-06-13T17:20:59.879+0000] {dag.py:4180} INFO - Setting next_dagrun for example_params_ui_tutorial to None, run_after=None
[2026-06-13T17:20:59.896+0000] {processor.py:208} INFO - Processing /home/airflow/.local/lib/python3.12/site-packages/airflow/example_dags/example_params_ui_tutorial.py took 0.077 seconds
[2026-06-13T17:21:30.532+0000] {processor.py:186} INFO - Started process (PID=3752) to work on /home/airflow/.local/lib/python3.12/site-packages/airflow/example_dags/example_params_ui_tutorial.py
[2026-06-13T17:21:30.533+0000] {processor.py:914} INFO - Processing file /home/airflow/.local/lib/python3.12/site-packages/airflow/example_dags/example_params_ui_tutorial.py for tasks to queue
[2026-06-13T17:21:30.536+0000] {logging_mixin.py:190} INFO - [2026-06-13T17:21:30.536+0000] {dagbag.py:588} INFO - Filling up the DagBag from /home/airflow/.local/lib/python3.12/site-packages/airflow/example_dags/example_params_ui_tutorial.py
[2026-06-13T17:21:30.544+0000] {processor.py:925} INFO - DAG(s) 'example_params_ui_tutorial' retrieved from /home/airflow/.local/lib/python3.12/site-packages/airflow/example_dags/example_params_ui_tutorial.py
[2026-06-13T17:21:30.575+0000] {logging_mixin.py:190} INFO - [2026-06-13T17:21:30.575+0000] {dag.py:3239} INFO - Sync 1 DAGs
[2026-06-13T17:21:30.586+0000] {logging_mixin.py:190} INFO - [2026-06-13T17:21:30.586+0000] {dag.py:4180} INFO - Setting next_dagrun for example_params_ui_tutorial to None, run_after=None
[2026-06-13T17:21:30.602+0000] {processor.py:208} INFO - Processing /home/airflow/.local/lib/python3.12/site-packages/airflow/example_dags/example_params_ui_tutorial.py took 0.075 seconds
[2026-06-13T17:22:00.837+0000] {processor.py:186} INFO - Started process (PID=3814) to work on /home/airflow/.local/lib/python3.12/site-packages/airflow/example_dags/example_params_ui_tutorial.py
[2026-06-13T17:22:00.838+0000] {processor.py:914} INFO - Processing file /home/airflow/.local/lib/python3.12/site-packages/airflow/example_dags/example_params_ui_tutorial.py for tasks to queue
[2026-06-13T17:22:00.841+0000] {logging_mixin.py:190} INFO - [2026-06-13T17:22:00.840+0000] {dagbag.py:588} INFO - Filling up the DagBag from /home/airflow/.local/lib/python3.12/site-packages/airflow/example_dags/example_params_ui_tutorial.py
[2026-06-13T17:22:00.849+0000] {processor.py:925} INFO - DAG(s) 'example_params_ui_tutorial' retrieved from /home/airflow/.local/lib/python3.12/site-packages/airflow/example_dags/example_params_ui_tutorial.py
[2026-06-13T17:22:00.880+0000] {logging_mixin.py:190} INFO - [2026-06-13T17:22:00.880+0000] {dag.py:3239} INFO - Sync 1 DAGs
[2026-06-13T17:22:00.891+0000] {logging_mixin.py:190} INFO - [2026-06-13T17:22:00.891+0000] {dag.py:4180} INFO - Setting next_dagrun for example_params_ui_tutorial to None, run_after=None
[2026-06-13T17:22:00.908+0000] {processor.py:208} INFO - Processing /home/airflow/.local/lib/python3.12/site-packages/airflow/example_dags/example_params_ui_tutorial.py took 0.076 seconds
[2026-06-13T17:22:31.154+0000] {processor.py:186} INFO - Started process (PID=3876) to work on /home/airflow/.local/lib/python3.12/site-packages/airflow/example_dags/example_params_ui_tutorial.py
[2026-06-13T17:22:31.155+0000] {processor.py:914} INFO - Processing file /home/airflow/.local/lib/python3.12/site-packages/airflow/example_dags/example_params_ui_tutorial.py for tasks to queue
[2026-06-13T17:22:31.158+0000] {logging_mixin.py:190} INFO - [2026-06-13T17:22:31.157+0000] {dagbag.py:588} INFO - Filling up the DagBag from /home/airflow/.local/lib/python3.12/site-packages/airflow/example_dags/example_params_ui_tutorial.py
[2026-06-13T17:22:31.165+0000] {processor.py:925} INFO - DAG(s) 'example_params_ui_tutorial' retrieved from /home/airflow/.local/lib/python3.12/site-packages/airflow/example_dags/example_params_ui_tutorial.py
[2026-06-13T17:22:31.193+0000] {logging_mixin.py:190} INFO - [2026-06-13T17:22:31.193+0000] {dag.py:3239} INFO - Sync 1 DAGs
[2026-06-13T17:22:31.203+0000] {logging_mixin.py:190} INFO - [2026-06-13T17:22:31.203+0000] {dag.py:4180} INFO - Setting next_dagrun for example_params_ui_tutorial to None, run_after=None
[2026-06-13T17:22:31.218+0000] {processor.py:208} INFO - Processing /home/airflow/.local/lib/python3.12/site-packages/airflow/example_dags/example_params_ui_tutorial.py took 0.070 seconds
[2026-06-13T17:23:01.767+0000] {processor.py:186} INFO - Started process (PID=3938) to work on /home/airflow/.local/lib/python3.12/site-packages/airflow/example_dags/example_params_ui_tutorial.py
[2026-06-13T17:23:01.768+0000] {processor.py:914} INFO - Processing file /home/airflow/.local/lib/python3.12/site-packages/airflow/example_dags/example_params_ui_tutorial.py for tasks to queue
[2026-06-13T17:23:01.770+0000] {logging_mixin.py:190} INFO - [2026-06-13T17:23:01.770+0000] {dagbag.py:588} INFO - Filling up the DagBag from /home/airflow/.local/lib/python3.12/site-packages/airflow/example_dags/example_params_ui_tutorial.py
[2026-06-13T17:23:01.777+0000] {processor.py:925} INFO - DAG(s) 'example_params_ui_tutorial' retrieved from /home/airflow/.local/lib/python3.12/site-packages/airflow/example_dags/example_params_ui_tutorial.py
[2026-06-13T17:23:01.809+0000] {logging_mixin.py:190} INFO - [2026-06-13T17:23:01.809+0000] {dag.py:3239} INFO - Sync 1 DAGs
[2026-06-13T17:23:01.820+0000] {logging_mixin.py:190} INFO - [2026-06-13T17:23:01.819+0000] {dag.py:4180} INFO - Setting next_dagrun for example_params_ui_tutorial to None, run_after=None
[2026-06-13T17:23:01.839+0000] {processor.py:208} INFO - Processing /home/airflow/.local/lib/python3.12/site-packages/airflow/example_dags/example_params_ui_tutorial.py took 0.080 seconds
[2026-06-13T17:23:32.376+0000] {processor.py:186} INFO - Started process (PID=4000) to work on /home/airflow/.local/lib/python3.12/site-packages/airflow/example_dags/example_params_ui_tutorial.py
[2026-06-13T17:23:32.377+0000] {processor.py:914} INFO - Processing file /home/airflow/.local/lib/python3.12/site-packages/airflow/example_dags/example_params_ui_tutorial.py for tasks to queue
[2026-06-13T17:23:32.379+0000] {logging_mixin.py:190} INFO - [2026-06-13T17:23:32.379+0000] {dagbag.py:588} INFO - Filling up the DagBag from /home/airflow/.local/lib/python3.12/site-packages/airflow/example_dags/example_params_ui_tutorial.py
[2026-06-13T17:23:32.386+0000] {processor.py:925} INFO - DAG(s) 'example_params_ui_tutorial' retrieved from /home/airflow/.local/lib/python3.12/site-packages/airflow/example_dags/example_params_ui_tutorial.py
[2026-06-13T17:23:32.416+0000] {logging_mixin.py:190} INFO - [2026-06-13T17:23:32.416+0000] {dag.py:3239} INFO - Sync 1 DAGs
[2026-06-13T17:23:32.426+0000] {logging_mixin.py:190} INFO - [2026-06-13T17:23:32.426+0000] {dag.py:4180} INFO - Setting next_dagrun for example_params_ui_tutorial to None, run_after=None
[2026-06-13T17:23:32.446+0000] {processor.py:208} INFO - Processing /home/airflow/.local/lib/python3.12/site-packages/airflow/example_dags/example_params_ui_tutorial.py took 0.075 seconds
[2026-06-13T17:24:02.627+0000] {processor.py:186} INFO - Started process (PID=4063) to work on /home/airflow/.local/lib/python3.12/site-packages/airflow/example_dags/example_params_ui_tutorial.py
[2026-06-13T17:24:02.628+0000] {processor.py:914} INFO - Processing file /home/airflow/.local/lib/python3.12/site-packages/airflow/example_dags/example_params_ui_tutorial.py for tasks to queue
[2026-06-13T17:24:02.631+0000] {logging_mixin.py:190} INFO - [2026-06-13T17:24:02.630+0000] {dagbag.py:588} INFO - Filling up the DagBag from /home/airflow/.local/lib/python3.12/site-packages/airflow/example_dags/example_params_ui_tutorial.py
[2026-06-13T17:24:02.637+0000] {processor.py:925} INFO - DAG(s) 'example_params_ui_tutorial' retrieved from /home/airflow/.local/lib/python3.12/site-packages/airflow/example_dags/example_params_ui_tutorial.py
[2026-06-13T17:24:02.671+0000] {logging_mixin.py:190} INFO - [2026-06-13T17:24:02.671+0000] {dag.py:3239} INFO - Sync 1 DAGs
[2026-06-13T17:24:02.683+0000] {logging_mixin.py:190} INFO - [2026-06-13T17:24:02.683+0000] {dag.py:4180} INFO - Setting next_dagrun for example_params_ui_tutorial to None, run_after=None
[2026-06-13T17:24:02.701+0000] {processor.py:208} INFO - Processing /home/airflow/.local/lib/python3.12/site-packages/airflow/example_dags/example_params_ui_tutorial.py took 0.079 seconds
[2026-06-13T17:24:33.105+0000] {processor.py:186} INFO - Started process (PID=4125) to work on /home/airflow/.local/lib/python3.12/site-packages/airflow/example_dags/example_params_ui_tutorial.py
[2026-06-13T17:24:33.107+0000] {processor.py:914} INFO - Processing file /home/airflow/.local/lib/python3.12/site-packages/airflow/example_dags/example_params_ui_tutorial.py for tasks to queue
[2026-06-13T17:24:33.109+0000] {logging_mixin.py:190} INFO - [2026-06-13T17:24:33.109+0000] {dagbag.py:588} INFO - Filling up the DagBag from /home/airflow/.local/lib/python3.12/site-packages/airflow/example_dags/example_params_ui_tutorial.py
[2026-06-13T17:24:33.116+0000] {processor.py:925} INFO - DAG(s) 'example_params_ui_tutorial' retrieved from /home/airflow/.local/lib/python3.12/site-packages/airflow/example_dags/example_params_ui_tutorial.py
[2026-06-13T17:24:33.146+0000] {logging_mixin.py:190} INFO - [2026-06-13T17:24:33.146+0000] {dag.py:3239} INFO - Sync 1 DAGs
[2026-06-13T17:24:33.158+0000] {logging_mixin.py:190} INFO - [2026-06-13T17:24:33.158+0000] {dag.py:4180} INFO - Setting next_dagrun for example_params_ui_tutorial to None, run_after=None
[2026-06-13T17:24:33.180+0000] {processor.py:208} INFO - Processing /home/airflow/.local/lib/python3.12/site-packages/airflow/example_dags/example_params_ui_tutorial.py took 0.080 seconds
[2026-06-13T17:25:03.231+0000] {processor.py:186} INFO - Started process (PID=4187) to work on /home/airflow/.local/lib/python3.12/site-packages/airflow/example_dags/example_params_ui_tutorial.py
[2026-06-13T17:25:03.232+0000] {processor.py:914} INFO - Processing file /home/airflow/.local/lib/python3.12/site-packages/airflow/example_dags/example_params_ui_tutorial.py for tasks to queue
[2026-06-13T17:25:03.235+0000] {logging_mixin.py:190} INFO - [2026-06-13T17:25:03.235+0000] {dagbag.py:588} INFO - Filling up the DagBag from /home/airflow/.local/lib/python3.12/site-packages/airflow/example_dags/example_params_ui_tutorial.py
[2026-06-13T17:25:03.243+0000] {processor.py:925} INFO - DAG(s) 'example_params_ui_tutorial' retrieved from /home/airflow/.local/lib/python3.12/site-packages/airflow/example_dags/example_params_ui_tutorial.py
[2026-06-13T17:25:03.274+0000] {logging_mixin.py:190} INFO - [2026-06-13T17:25:03.273+0000] {dag.py:3239} INFO - Sync 1 DAGs
[2026-06-13T17:25:03.284+0000] {logging_mixin.py:190} INFO - [2026-06-13T17:25:03.284+0000] {dag.py:4180} INFO - Setting next_dagrun for example_params_ui_tutorial to None, run_after=None
[2026-06-13T17:25:03.300+0000] {processor.py:208} INFO - Processing /home/airflow/.local/lib/python3.12/site-packages/airflow/example_dags/example_params_ui_tutorial.py took 0.074 seconds
[2026-06-13T17:25:33.523+0000] {processor.py:186} INFO - Started process (PID=4249) to work on /home/airflow/.local/lib/python3.12/site-packages/airflow/example_dags/example_params_ui_tutorial.py
[2026-06-13T17:25:33.524+0000] {processor.py:914} INFO - Processing file /home/airflow/.local/lib/python3.12/site-packages/airflow/example_dags/example_params_ui_tutorial.py for tasks to queue
[2026-06-13T17:25:33.527+0000] {logging_mixin.py:190} INFO - [2026-06-13T17:25:33.526+0000] {dagbag.py:588} INFO - Filling up the DagBag from /home/airflow/.local/lib/python3.12/site-packages/airflow/example_dags/example_params_ui_tutorial.py
[2026-06-13T17:25:33.534+0000] {processor.py:925} INFO - DAG(s) 'example_params_ui_tutorial' retrieved from /home/airflow/.local/lib/python3.12/site-packages/airflow/example_dags/example_params_ui_tutorial.py
[2026-06-13T17:25:33.564+0000] {logging_mixin.py:190} INFO - [2026-06-13T17:25:33.564+0000] {dag.py:3239} INFO - Sync 1 DAGs
[2026-06-13T17:25:33.576+0000] {logging_mixin.py:190} INFO - [2026-06-13T17:25:33.576+0000] {dag.py:4180} INFO - Setting next_dagrun for example_params_ui_tutorial to None, run_after=None
[2026-06-13T17:25:33.594+0000] {processor.py:208} INFO - Processing /home/airflow/.local/lib/python3.12/site-packages/airflow/example_dags/example_params_ui_tutorial.py took 0.076 seconds
[2026-06-13T17:26:03.703+0000] {processor.py:186} INFO - Started process (PID=4311) to work on /home/airflow/.local/lib/python3.12/site-packages/airflow/example_dags/example_params_ui_tutorial.py
[2026-06-13T17:26:03.704+0000] {processor.py:914} INFO - Processing file /home/airflow/.local/lib/python3.12/site-packages/airflow/example_dags/example_params_ui_tutorial.py for tasks to queue
[2026-06-13T17:26:03.706+0000] {logging_mixin.py:190} INFO - [2026-06-13T17:26:03.706+0000] {dagbag.py:588} INFO - Filling up the DagBag from /home/airflow/.local/lib/python3.12/site-packages/airflow/example_dags/example_params_ui_tutorial.py
[2026-06-13T17:26:03.713+0000] {processor.py:925} INFO - DAG(s) 'example_params_ui_tutorial' retrieved from /home/airflow/.local/lib/python3.12/site-packages/airflow/example_dags/example_params_ui_tutorial.py
[2026-06-13T17:26:03.744+0000] {logging_mixin.py:190} INFO - [2026-06-13T17:26:03.744+0000] {dag.py:3239} INFO - Sync 1 DAGs
[2026-06-13T17:26:03.756+0000] {logging_mixin.py:190} INFO - [2026-06-13T17:26:03.755+0000] {dag.py:4180} INFO - Setting next_dagrun for example_params_ui_tutorial to None, run_after=None
[2026-06-13T17:26:03.774+0000] {processor.py:208} INFO - Processing /home/airflow/.local/lib/python3.12/site-packages/airflow/example_dags/example_params_ui_tutorial.py took 0.076 seconds
[2026-06-13T17:26:34.159+0000] {processor.py:186} INFO - Started process (PID=4373) to work on /home/airflow/.local/lib/python3.12/site-packages/airflow/example_dags/example_params_ui_tutorial.py
[2026-06-13T17:26:34.160+0000] {processor.py:914} INFO - Processing file /home/airflow/.local/lib/python3.12/site-packages/airflow/example_dags/example_params_ui_tutorial.py for tasks to queue
[2026-06-13T17:26:34.162+0000] {logging_mixin.py:190} INFO - [2026-06-13T17:26:34.162+0000] {dagbag.py:588} INFO - Filling up the DagBag from /home/airflow/.local/lib/python3.12/site-packages/airflow/example_dags/example_params_ui_tutorial.py
[2026-06-13T17:26:34.169+0000] {processor.py:925} INFO - DAG(s) 'example_params_ui_tutorial' retrieved from /home/airflow/.local/lib/python3.12/site-packages/airflow/example_dags/example_params_ui_tutorial.py
[2026-06-13T17:26:34.198+0000] {logging_mixin.py:190} INFO - [2026-06-13T17:26:34.198+0000] {dag.py:3239} INFO - Sync 1 DAGs
[2026-06-13T17:26:34.210+0000] {logging_mixin.py:190} INFO - [2026-06-13T17:26:34.210+0000] {dag.py:4180} INFO - Setting next_dagrun for example_params_ui_tutorial to None, run_after=None
[2026-06-13T17:26:34.227+0000] {processor.py:208} INFO - Processing /home/airflow/.local/lib/python3.12/site-packages/airflow/example_dags/example_params_ui_tutorial.py took 0.073 seconds
[2026-06-13T17:27:04.718+0000] {processor.py:186} INFO - Started process (PID=4435) to work on /home/airflow/.local/lib/python3.12/site-packages/airflow/example_dags/example_params_ui_tutorial.py
[2026-06-13T17:27:04.720+0000] {processor.py:914} INFO - Processing file /home/airflow/.local/lib/python3.12/site-packages/airflow/example_dags/example_params_ui_tutorial.py for tasks to queue
[2026-06-13T17:27:04.723+0000] {logging_mixin.py:190} INFO - [2026-06-13T17:27:04.723+0000] {dagbag.py:588} INFO - Filling up the DagBag from /home/airflow/.local/lib/python3.12/site-packages/airflow/example_dags/example_params_ui_tutorial.py
[2026-06-13T17:27:04.730+0000] {processor.py:925} INFO - DAG(s) 'example_params_ui_tutorial' retrieved from /home/airflow/.local/lib/python3.12/site-packages/airflow/example_dags/example_params_ui_tutorial.py
[2026-06-13T17:27:04.762+0000] {logging_mixin.py:190} INFO - [2026-06-13T17:27:04.762+0000] {dag.py:3239} INFO - Sync 1 DAGs
[2026-06-13T17:27:04.773+0000] {logging_mixin.py:190} INFO - [2026-06-13T17:27:04.773+0000] {dag.py:4180} INFO - Setting next_dagrun for example_params_ui_tutorial to None, run_after=None
[2026-06-13T17:27:04.790+0000] {processor.py:208} INFO - Processing /home/airflow/.local/lib/python3.12/site-packages/airflow/example_dags/example_params_ui_tutorial.py took 0.077 seconds
[2026-06-13T17:27:34.897+0000] {processor.py:186} INFO - Started process (PID=4497) to work on /home/airflow/.local/lib/python3.12/site-packages/airflow/example_dags/example_params_ui_tutorial.py
[2026-06-13T17:27:34.897+0000] {processor.py:914} INFO - Processing file /home/airflow/.local/lib/python3.12/site-packages/airflow/example_dags/example_params_ui_tutorial.py for tasks to queue
[2026-06-13T17:27:34.900+0000] {logging_mixin.py:190} INFO - [2026-06-13T17:27:34.899+0000] {dagbag.py:588} INFO - Filling up the DagBag from /home/airflow/.local/lib/python3.12/site-packages/airflow/example_dags/example_params_ui_tutorial.py
[2026-06-13T17:27:34.907+0000] {processor.py:925} INFO - DAG(s) 'example_params_ui_tutorial' retrieved from /home/airflow/.local/lib/python3.12/site-packages/airflow/example_dags/example_params_ui_tutorial.py
[2026-06-13T17:27:34.936+0000] {logging_mixin.py:190} INFO - [2026-06-13T17:27:34.936+0000] {dag.py:3239} INFO - Sync 1 DAGs
[2026-06-13T17:27:34.948+0000] {logging_mixin.py:190} INFO - [2026-06-13T17:27:34.948+0000] {dag.py:4180} INFO - Setting next_dagrun for example_params_ui_tutorial to None, run_after=None
[2026-06-13T17:27:34.965+0000] {processor.py:208} INFO - Processing /home/airflow/.local/lib/python3.12/site-packages/airflow/example_dags/example_params_ui_tutorial.py took 0.074 seconds
[2026-06-13T17:28:05.466+0000] {processor.py:186} INFO - Started process (PID=4559) to work on /home/airflow/.local/lib/python3.12/site-packages/airflow/example_dags/example_params_ui_tutorial.py
[2026-06-13T17:28:05.467+0000] {processor.py:914} INFO - Processing file /home/airflow/.local/lib/python3.12/site-packages/airflow/example_dags/example_params_ui_tutorial.py for tasks to queue
[2026-06-13T17:28:05.470+0000] {logging_mixin.py:190} INFO - [2026-06-13T17:28:05.469+0000] {dagbag.py:588} INFO - Filling up the DagBag from /home/airflow/.local/lib/python3.12/site-packages/airflow/example_dags/example_params_ui_tutorial.py
[2026-06-13T17:28:05.477+0000] {processor.py:925} INFO - DAG(s) 'example_params_ui_tutorial' retrieved from /home/airflow/.local/lib/python3.12/site-packages/airflow/example_dags/example_params_ui_tutorial.py
[2026-06-13T17:28:05.508+0000] {logging_mixin.py:190} INFO - [2026-06-13T17:28:05.507+0000] {dag.py:3239} INFO - Sync 1 DAGs
[2026-06-13T17:28:05.518+0000] {logging_mixin.py:190} INFO - [2026-06-13T17:28:05.518+0000] {dag.py:4180} INFO - Setting next_dagrun for example_params_ui_tutorial to None, run_after=None
[2026-06-13T17:28:05.534+0000] {processor.py:208} INFO - Processing /home/airflow/.local/lib/python3.12/site-packages/airflow/example_dags/example_params_ui_tutorial.py took 0.073 seconds
[2026-06-13T17:28:36.605+0000] {processor.py:186} INFO - Started process (PID=4627) to work on /home/airflow/.local/lib/python3.12/site-packages/airflow/example_dags/example_params_ui_tutorial.py
[2026-06-13T17:28:36.606+0000] {processor.py:914} INFO - Processing file /home/airflow/.local/lib/python3.12/site-packages/airflow/example_dags/example_params_ui_tutorial.py for tasks to queue
[2026-06-13T17:28:36.609+0000] {logging_mixin.py:190} INFO - [2026-06-13T17:28:36.608+0000] {dagbag.py:588} INFO - Filling up the DagBag from /home/airflow/.local/lib/python3.12/site-packages/airflow/example_dags/example_params_ui_tutorial.py
[2026-06-13T17:28:36.616+0000] {processor.py:925} INFO - DAG(s) 'example_params_ui_tutorial' retrieved from /home/airflow/.local/lib/python3.12/site-packages/airflow/example_dags/example_params_ui_tutorial.py
[2026-06-13T17:28:36.655+0000] {logging_mixin.py:190} INFO - [2026-06-13T17:28:36.655+0000] {dag.py:3239} INFO - Sync 1 DAGs
[2026-06-13T17:28:36.672+0000] {logging_mixin.py:190} INFO - [2026-06-13T17:28:36.671+0000] {dag.py:4180} INFO - Setting next_dagrun for example_params_ui_tutorial to None, run_after=None
[2026-06-13T17:28:36.701+0000] {processor.py:208} INFO - Processing /home/airflow/.local/lib/python3.12/site-packages/airflow/example_dags/example_params_ui_tutorial.py took 0.100 seconds
[2026-06-13T17:29:07.155+0000] {processor.py:186} INFO - Started process (PID=4689) to work on /home/airflow/.local/lib/python3.12/site-packages/airflow/example_dags/example_params_ui_tutorial.py
[2026-06-13T17:29:07.156+0000] {processor.py:914} INFO - Processing file /home/airflow/.local/lib/python3.12/site-packages/airflow/example_dags/example_params_ui_tutorial.py for tasks to queue
[2026-06-13T17:29:07.160+0000] {logging_mixin.py:190} INFO - [2026-06-13T17:29:07.159+0000] {dagbag.py:588} INFO - Filling up the DagBag from /home/airflow/.local/lib/python3.12/site-packages/airflow/example_dags/example_params_ui_tutorial.py
[2026-06-13T17:29:07.169+0000] {processor.py:925} INFO - DAG(s) 'example_params_ui_tutorial' retrieved from /home/airflow/.local/lib/python3.12/site-packages/airflow/example_dags/example_params_ui_tutorial.py
[2026-06-13T17:29:07.210+0000] {logging_mixin.py:190} INFO - [2026-06-13T17:29:07.210+0000] {dag.py:3239} INFO - Sync 1 DAGs
[2026-06-13T17:29:07.236+0000] {logging_mixin.py:190} INFO - [2026-06-13T17:29:07.235+0000] {dag.py:4180} INFO - Setting next_dagrun for example_params_ui_tutorial to None, run_after=None
[2026-06-13T17:29:07.263+0000] {processor.py:208} INFO - Processing /home/airflow/.local/lib/python3.12/site-packages/airflow/example_dags/example_params_ui_tutorial.py took 0.114 seconds
[2026-06-13T17:29:37.435+0000] {processor.py:186} INFO - Started process (PID=4751) to work on /home/airflow/.local/lib/python3.12/site-packages/airflow/example_dags/example_params_ui_tutorial.py
[2026-06-13T17:29:37.437+0000] {processor.py:914} INFO - Processing file /home/airflow/.local/lib/python3.12/site-packages/airflow/example_dags/example_params_ui_tutorial.py for tasks to queue
[2026-06-13T17:29:37.439+0000] {logging_mixin.py:190} INFO - [2026-06-13T17:29:37.439+0000] {dagbag.py:588} INFO - Filling up the DagBag from /home/airflow/.local/lib/python3.12/site-packages/airflow/example_dags/example_params_ui_tutorial.py
[2026-06-13T17:29:37.446+0000] {processor.py:925} INFO - DAG(s) 'example_params_ui_tutorial' retrieved from /home/airflow/.local/lib/python3.12/site-packages/airflow/example_dags/example_params_ui_tutorial.py
[2026-06-13T17:29:37.486+0000] {logging_mixin.py:190} INFO - [2026-06-13T17:29:37.486+0000] {dag.py:3239} INFO - Sync 1 DAGs
[2026-06-13T17:29:37.501+0000] {logging_mixin.py:190} INFO - [2026-06-13T17:29:37.501+0000] {dag.py:4180} INFO - Setting next_dagrun for example_params_ui_tutorial to None, run_after=None
[2026-06-13T17:29:37.524+0000] {processor.py:208} INFO - Processing /home/airflow/.local/lib/python3.12/site-packages/airflow/example_dags/example_params_ui_tutorial.py took 0.094 seconds
[2026-06-13T17:30:07.733+0000] {processor.py:186} INFO - Started process (PID=4813) to work on /home/airflow/.local/lib/python3.12/site-packages/airflow/example_dags/example_params_ui_tutorial.py
[2026-06-13T17:30:07.735+0000] {processor.py:914} INFO - Processing file /home/airflow/.local/lib/python3.12/site-packages/airflow/example_dags/example_params_ui_tutorial.py for tasks to queue
[2026-06-13T17:30:07.738+0000] {logging_mixin.py:190} INFO - [2026-06-13T17:30:07.737+0000] {dagbag.py:588} INFO - Filling up the DagBag from /home/airflow/.local/lib/python3.12/site-packages/airflow/example_dags/example_params_ui_tutorial.py
[2026-06-13T17:30:07.745+0000] {processor.py:925} INFO - DAG(s) 'example_params_ui_tutorial' retrieved from /home/airflow/.local/lib/python3.12/site-packages/airflow/example_dags/example_params_ui_tutorial.py
[2026-06-13T17:30:07.779+0000] {logging_mixin.py:190} INFO - [2026-06-13T17:30:07.779+0000] {dag.py:3239} INFO - Sync 1 DAGs
[2026-06-13T17:30:07.797+0000] {logging_mixin.py:190} INFO - [2026-06-13T17:30:07.797+0000] {dag.py:4180} INFO - Setting next_dagrun for example_params_ui_tutorial to None, run_after=None
[2026-06-13T17:30:07.828+0000] {processor.py:208} INFO - Processing /home/airflow/.local/lib/python3.12/site-packages/airflow/example_dags/example_params_ui_tutorial.py took 0.099 seconds
[2026-06-13T17:30:38.065+0000] {processor.py:186} INFO - Started process (PID=4876) to work on /home/airflow/.local/lib/python3.12/site-packages/airflow/example_dags/example_params_ui_tutorial.py
[2026-06-13T17:30:38.066+0000] {processor.py:914} INFO - Processing file /home/airflow/.local/lib/python3.12/site-packages/airflow/example_dags/example_params_ui_tutorial.py for tasks to queue
[2026-06-13T17:30:38.068+0000] {logging_mixin.py:190} INFO - [2026-06-13T17:30:38.068+0000] {dagbag.py:588} INFO - Filling up the DagBag from /home/airflow/.local/lib/python3.12/site-packages/airflow/example_dags/example_params_ui_tutorial.py
[2026-06-13T17:30:38.076+0000] {processor.py:925} INFO - DAG(s) 'example_params_ui_tutorial' retrieved from /home/airflow/.local/lib/python3.12/site-packages/airflow/example_dags/example_params_ui_tutorial.py
[2026-06-13T17:30:38.108+0000] {logging_mixin.py:190} INFO - [2026-06-13T17:30:38.108+0000] {dag.py:3239} INFO - Sync 1 DAGs
[2026-06-13T17:30:38.120+0000] {logging_mixin.py:190} INFO - [2026-06-13T17:30:38.119+0000] {dag.py:4180} INFO - Setting next_dagrun for example_params_ui_tutorial to None, run_after=None
[2026-06-13T17:30:38.136+0000] {processor.py:208} INFO - Processing /home/airflow/.local/lib/python3.12/site-packages/airflow/example_dags/example_params_ui_tutorial.py took 0.076 seconds
[2026-06-13T17:31:08.478+0000] {processor.py:186} INFO - Started process (PID=4938) to work on /home/airflow/.local/lib/python3.12/site-packages/airflow/example_dags/example_params_ui_tutorial.py
[2026-06-13T17:31:08.479+0000] {processor.py:914} INFO - Processing file /home/airflow/.local/lib/python3.12/site-packages/airflow/example_dags/example_params_ui_tutorial.py for tasks to queue
[2026-06-13T17:31:08.482+0000] {logging_mixin.py:190} INFO - [2026-06-13T17:31:08.481+0000] {dagbag.py:588} INFO - Filling up the DagBag from /home/airflow/.local/lib/python3.12/site-packages/airflow/example_dags/example_params_ui_tutorial.py
[2026-06-13T17:31:08.489+0000] {processor.py:925} INFO - DAG(s) 'example_params_ui_tutorial' retrieved from /home/airflow/.local/lib/python3.12/site-packages/airflow/example_dags/example_params_ui_tutorial.py
[2026-06-13T17:31:08.523+0000] {logging_mixin.py:190} INFO - [2026-06-13T17:31:08.523+0000] {dag.py:3239} INFO - Sync 1 DAGs
[2026-06-13T17:31:08.536+0000] {logging_mixin.py:190} INFO - [2026-06-13T17:31:08.536+0000] {dag.py:4180} INFO - Setting next_dagrun for example_params_ui_tutorial to None, run_after=None
[2026-06-13T17:31:08.554+0000] {processor.py:208} INFO - Processing /home/airflow/.local/lib/python3.12/site-packages/airflow/example_dags/example_params_ui_tutorial.py took 0.081 seconds
[2026-06-13T17:31:39.024+0000] {processor.py:186} INFO - Started process (PID=5000) to work on /home/airflow/.local/lib/python3.12/site-packages/airflow/example_dags/example_params_ui_tutorial.py
[2026-06-13T17:31:39.026+0000] {processor.py:914} INFO - Processing file /home/airflow/.local/lib/python3.12/site-packages/airflow/example_dags/example_params_ui_tutorial.py for tasks to queue
[2026-06-13T17:31:39.029+0000] {logging_mixin.py:190} INFO - [2026-06-13T17:31:39.028+0000] {dagbag.py:588} INFO - Filling up the DagBag from /home/airflow/.local/lib/python3.12/site-packages/airflow/example_dags/example_params_ui_tutorial.py
[2026-06-13T17:31:39.038+0000] {processor.py:925} INFO - DAG(s) 'example_params_ui_tutorial' retrieved from /home/airflow/.local/lib/python3.12/site-packages/airflow/example_dags/example_params_ui_tutorial.py
[2026-06-13T17:31:39.081+0000] {logging_mixin.py:190} INFO - [2026-06-13T17:31:39.081+0000] {dag.py:3239} INFO - Sync 1 DAGs
[2026-06-13T17:31:39.097+0000] {logging_mixin.py:190} INFO - [2026-06-13T17:31:39.096+0000] {dag.py:4180} INFO - Setting next_dagrun for example_params_ui_tutorial to None, run_after=None
[2026-06-13T17:31:39.118+0000] {processor.py:208} INFO - Processing /home/airflow/.local/lib/python3.12/site-packages/airflow/example_dags/example_params_ui_tutorial.py took 0.101 seconds
[2026-06-13T17:32:09.355+0000] {processor.py:186} INFO - Started process (PID=5062) to work on /home/airflow/.local/lib/python3.12/site-packages/airflow/example_dags/example_params_ui_tutorial.py
[2026-06-13T17:32:09.356+0000] {processor.py:914} INFO - Processing file /home/airflow/.local/lib/python3.12/site-packages/airflow/example_dags/example_params_ui_tutorial.py for tasks to queue
[2026-06-13T17:32:09.358+0000] {logging_mixin.py:190} INFO - [2026-06-13T17:32:09.358+0000] {dagbag.py:588} INFO - Filling up the DagBag from /home/airflow/.local/lib/python3.12/site-packages/airflow/example_dags/example_params_ui_tutorial.py
[2026-06-13T17:32:09.365+0000] {processor.py:925} INFO - DAG(s) 'example_params_ui_tutorial' retrieved from /home/airflow/.local/lib/python3.12/site-packages/airflow/example_dags/example_params_ui_tutorial.py
[2026-06-13T17:32:09.396+0000] {logging_mixin.py:190} INFO - [2026-06-13T17:32:09.395+0000] {dag.py:3239} INFO - Sync 1 DAGs
[2026-06-13T17:32:09.409+0000] {logging_mixin.py:190} INFO - [2026-06-13T17:32:09.409+0000] {dag.py:4180} INFO - Setting next_dagrun for example_params_ui_tutorial to None, run_after=None
[2026-06-13T17:32:09.434+0000] {processor.py:208} INFO - Processing /home/airflow/.local/lib/python3.12/site-packages/airflow/example_dags/example_params_ui_tutorial.py took 0.084 seconds
[2026-06-13T17:32:39.716+0000] {processor.py:186} INFO - Started process (PID=5124) to work on /home/airflow/.local/lib/python3.12/site-packages/airflow/example_dags/example_params_ui_tutorial.py
[2026-06-13T17:32:39.717+0000] {processor.py:914} INFO - Processing file /home/airflow/.local/lib/python3.12/site-packages/airflow/example_dags/example_params_ui_tutorial.py for tasks to queue
[2026-06-13T17:32:39.719+0000] {logging_mixin.py:190} INFO - [2026-06-13T17:32:39.719+0000] {dagbag.py:588} INFO - Filling up the DagBag from /home/airflow/.local/lib/python3.12/site-packages/airflow/example_dags/example_params_ui_tutorial.py
[2026-06-13T17:32:39.730+0000] {processor.py:925} INFO - DAG(s) 'example_params_ui_tutorial' retrieved from /home/airflow/.local/lib/python3.12/site-packages/airflow/example_dags/example_params_ui_tutorial.py
[2026-06-13T17:32:39.794+0000] {logging_mixin.py:190} INFO - [2026-06-13T17:32:39.793+0000] {dag.py:3239} INFO - Sync 1 DAGs
[2026-06-13T17:32:39.816+0000] {logging_mixin.py:190} INFO - [2026-06-13T17:32:39.816+0000] {dag.py:4180} INFO - Setting next_dagrun for example_params_ui_tutorial to None, run_after=None
[2026-06-13T17:32:39.847+0000] {processor.py:208} INFO - Processing /home/airflow/.local/lib/python3.12/site-packages/airflow/example_dags/example_params_ui_tutorial.py took 0.136 seconds
[2026-06-13T17:33:10.222+0000] {processor.py:186} INFO - Started process (PID=5186) to work on /home/airflow/.local/lib/python3.12/site-packages/airflow/example_dags/example_params_ui_tutorial.py
[2026-06-13T17:33:10.224+0000] {processor.py:914} INFO - Processing file /home/airflow/.local/lib/python3.12/site-packages/airflow/example_dags/example_params_ui_tutorial.py for tasks to queue
[2026-06-13T17:33:10.228+0000] {logging_mixin.py:190} INFO - [2026-06-13T17:33:10.228+0000] {dagbag.py:588} INFO - Filling up the DagBag from /home/airflow/.local/lib/python3.12/site-packages/airflow/example_dags/example_params_ui_tutorial.py
[2026-06-13T17:33:10.238+0000] {processor.py:925} INFO - DAG(s) 'example_params_ui_tutorial' retrieved from /home/airflow/.local/lib/python3.12/site-packages/airflow/example_dags/example_params_ui_tutorial.py
[2026-06-13T17:33:10.279+0000] {logging_mixin.py:190} INFO - [2026-06-13T17:33:10.278+0000] {dag.py:3239} INFO - Sync 1 DAGs
[2026-06-13T17:33:10.291+0000] {logging_mixin.py:190} INFO - [2026-06-13T17:33:10.291+0000] {dag.py:4180} INFO - Setting next_dagrun for example_params_ui_tutorial to None, run_after=None
[2026-06-13T17:33:10.313+0000] {processor.py:208} INFO - Processing /home/airflow/.local/lib/python3.12/site-packages/airflow/example_dags/example_params_ui_tutorial.py took 0.097 seconds
[2026-06-13T17:33:40.655+0000] {processor.py:186} INFO - Started process (PID=5248) to work on /home/airflow/.local/lib/python3.12/site-packages/airflow/example_dags/example_params_ui_tutorial.py
[2026-06-13T17:33:40.656+0000] {processor.py:914} INFO - Processing file /home/airflow/.local/lib/python3.12/site-packages/airflow/example_dags/example_params_ui_tutorial.py for tasks to queue
[2026-06-13T17:33:40.659+0000] {logging_mixin.py:190} INFO - [2026-06-13T17:33:40.659+0000] {dagbag.py:588} INFO - Filling up the DagBag from /home/airflow/.local/lib/python3.12/site-packages/airflow/example_dags/example_params_ui_tutorial.py
[2026-06-13T17:33:40.667+0000] {processor.py:925} INFO - DAG(s) 'example_params_ui_tutorial' retrieved from /home/airflow/.local/lib/python3.12/site-packages/airflow/example_dags/example_params_ui_tutorial.py
[2026-06-13T17:33:40.704+0000] {logging_mixin.py:190} INFO - [2026-06-13T17:33:40.704+0000] {dag.py:3239} INFO - Sync 1 DAGs
[2026-06-13T17:33:40.717+0000] {logging_mixin.py:190} INFO - [2026-06-13T17:33:40.717+0000] {dag.py:4180} INFO - Setting next_dagrun for example_params_ui_tutorial to None, run_after=None
[2026-06-13T17:33:40.741+0000] {processor.py:208} INFO - Processing /home/airflow/.local/lib/python3.12/site-packages/airflow/example_dags/example_params_ui_tutorial.py took 0.093 seconds
[2026-06-13T17:34:10.835+0000] {processor.py:186} INFO - Started process (PID=5310) to work on /home/airflow/.local/lib/python3.12/site-packages/airflow/example_dags/example_params_ui_tutorial.py
[2026-06-13T17:34:10.836+0000] {processor.py:914} INFO - Processing file /home/airflow/.local/lib/python3.12/site-packages/airflow/example_dags/example_params_ui_tutorial.py for tasks to queue
[2026-06-13T17:34:10.840+0000] {logging_mixin.py:190} INFO - [2026-06-13T17:34:10.840+0000] {dagbag.py:588} INFO - Filling up the DagBag from /home/airflow/.local/lib/python3.12/site-packages/airflow/example_dags/example_params_ui_tutorial.py
[2026-06-13T17:34:10.851+0000] {processor.py:925} INFO - DAG(s) 'example_params_ui_tutorial' retrieved from /home/airflow/.local/lib/python3.12/site-packages/airflow/example_dags/example_params_ui_tutorial.py
[2026-06-13T17:34:10.897+0000] {logging_mixin.py:190} INFO - [2026-06-13T17:34:10.897+0000] {dag.py:3239} INFO - Sync 1 DAGs
[2026-06-13T17:34:10.911+0000] {logging_mixin.py:190} INFO - [2026-06-13T17:34:10.911+0000] {dag.py:4180} INFO - Setting next_dagrun for example_params_ui_tutorial to None, run_after=None
[2026-06-13T17:34:10.933+0000] {processor.py:208} INFO - Processing /home/airflow/.local/lib/python3.12/site-packages/airflow/example_dags/example_params_ui_tutorial.py took 0.104 seconds
[2026-06-13T17:34:41.159+0000] {processor.py:186} INFO - Started process (PID=5372) to work on /home/airflow/.local/lib/python3.12/site-packages/airflow/example_dags/example_params_ui_tutorial.py
[2026-06-13T17:34:41.160+0000] {processor.py:914} INFO - Processing file /home/airflow/.local/lib/python3.12/site-packages/airflow/example_dags/example_params_ui_tutorial.py for tasks to queue
[2026-06-13T17:34:41.163+0000] {logging_mixin.py:190} INFO - [2026-06-13T17:34:41.163+0000] {dagbag.py:588} INFO - Filling up the DagBag from /home/airflow/.local/lib/python3.12/site-packages/airflow/example_dags/example_params_ui_tutorial.py
[2026-06-13T17:34:41.173+0000] {processor.py:925} INFO - DAG(s) 'example_params_ui_tutorial' retrieved from /home/airflow/.local/lib/python3.12/site-packages/airflow/example_dags/example_params_ui_tutorial.py
[2026-06-13T17:34:41.217+0000] {logging_mixin.py:190} INFO - [2026-06-13T17:34:41.217+0000] {dag.py:3239} INFO - Sync 1 DAGs
[2026-06-13T17:34:41.237+0000] {logging_mixin.py:190} INFO - [2026-06-13T17:34:41.236+0000] {dag.py:4180} INFO - Setting next_dagrun for example_params_ui_tutorial to None, run_after=None
[2026-06-13T17:34:41.268+0000] {processor.py:208} INFO - Processing /home/airflow/.local/lib/python3.12/site-packages/airflow/example_dags/example_params_ui_tutorial.py took 0.114 seconds
[2026-06-13T17:35:11.411+0000] {processor.py:186} INFO - Started process (PID=5434) to work on /home/airflow/.local/lib/python3.12/site-packages/airflow/example_dags/example_params_ui_tutorial.py
[2026-06-13T17:35:11.412+0000] {processor.py:914} INFO - Processing file /home/airflow/.local/lib/python3.12/site-packages/airflow/example_dags/example_params_ui_tutorial.py for tasks to queue
[2026-06-13T17:35:11.414+0000] {logging_mixin.py:190} INFO - [2026-06-13T17:35:11.414+0000] {dagbag.py:588} INFO - Filling up the DagBag from /home/airflow/.local/lib/python3.12/site-packages/airflow/example_dags/example_params_ui_tutorial.py
[2026-06-13T17:35:11.427+0000] {processor.py:925} INFO - DAG(s) 'example_params_ui_tutorial' retrieved from /home/airflow/.local/lib/python3.12/site-packages/airflow/example_dags/example_params_ui_tutorial.py
[2026-06-13T17:35:11.470+0000] {logging_mixin.py:190} INFO - [2026-06-13T17:35:11.469+0000] {dag.py:3239} INFO - Sync 1 DAGs
[2026-06-13T17:35:11.486+0000] {logging_mixin.py:190} INFO - [2026-06-13T17:35:11.486+0000] {dag.py:4180} INFO - Setting next_dagrun for example_params_ui_tutorial to None, run_after=None
[2026-06-13T17:35:11.510+0000] {processor.py:208} INFO - Processing /home/airflow/.local/lib/python3.12/site-packages/airflow/example_dags/example_params_ui_tutorial.py took 0.105 seconds
[2026-06-13T17:35:41.831+0000] {processor.py:186} INFO - Started process (PID=5496) to work on /home/airflow/.local/lib/python3.12/site-packages/airflow/example_dags/example_params_ui_tutorial.py
[2026-06-13T17:35:41.832+0000] {processor.py:914} INFO - Processing file /home/airflow/.local/lib/python3.12/site-packages/airflow/example_dags/example_params_ui_tutorial.py for tasks to queue
[2026-06-13T17:35:41.834+0000] {logging_mixin.py:190} INFO - [2026-06-13T17:35:41.834+0000] {dagbag.py:588} INFO - Filling up the DagBag from /home/airflow/.local/lib/python3.12/site-packages/airflow/example_dags/example_params_ui_tutorial.py
[2026-06-13T17:35:41.841+0000] {processor.py:925} INFO - DAG(s) 'example_params_ui_tutorial' retrieved from /home/airflow/.local/lib/python3.12/site-packages/airflow/example_dags/example_params_ui_tutorial.py
[2026-06-13T17:35:41.872+0000] {logging_mixin.py:190} INFO - [2026-06-13T17:35:41.872+0000] {dag.py:3239} INFO - Sync 1 DAGs
[2026-06-13T17:35:41.890+0000] {logging_mixin.py:190} INFO - [2026-06-13T17:35:41.889+0000] {dag.py:4180} INFO - Setting next_dagrun for example_params_ui_tutorial to None, run_after=None
[2026-06-13T17:35:41.915+0000] {processor.py:208} INFO - Processing /home/airflow/.local/lib/python3.12/site-packages/airflow/example_dags/example_params_ui_tutorial.py took 0.089 seconds
[2026-06-13T17:36:12.084+0000] {processor.py:186} INFO - Started process (PID=5558) to work on /home/airflow/.local/lib/python3.12/site-packages/airflow/example_dags/example_params_ui_tutorial.py
[2026-06-13T17:36:12.085+0000] {processor.py:914} INFO - Processing file /home/airflow/.local/lib/python3.12/site-packages/airflow/example_dags/example_params_ui_tutorial.py for tasks to queue
[2026-06-13T17:36:12.087+0000] {logging_mixin.py:190} INFO - [2026-06-13T17:36:12.087+0000] {dagbag.py:588} INFO - Filling up the DagBag from /home/airflow/.local/lib/python3.12/site-packages/airflow/example_dags/example_params_ui_tutorial.py
[2026-06-13T17:36:12.094+0000] {processor.py:925} INFO - DAG(s) 'example_params_ui_tutorial' retrieved from /home/airflow/.local/lib/python3.12/site-packages/airflow/example_dags/example_params_ui_tutorial.py
[2026-06-13T17:36:12.123+0000] {logging_mixin.py:190} INFO - [2026-06-13T17:36:12.123+0000] {dag.py:3239} INFO - Sync 1 DAGs
[2026-06-13T17:36:12.135+0000] {logging_mixin.py:190} INFO - [2026-06-13T17:36:12.135+0000] {dag.py:4180} INFO - Setting next_dagrun for example_params_ui_tutorial to None, run_after=None
[2026-06-13T17:36:12.153+0000] {processor.py:208} INFO - Processing /home/airflow/.local/lib/python3.12/site-packages/airflow/example_dags/example_params_ui_tutorial.py took 0.074 seconds
[2026-06-13T17:36:42.304+0000] {processor.py:186} INFO - Started process (PID=5620) to work on /home/airflow/.local/lib/python3.12/site-packages/airflow/example_dags/example_params_ui_tutorial.py
[2026-06-13T17:36:42.306+0000] {processor.py:914} INFO - Processing file /home/airflow/.local/lib/python3.12/site-packages/airflow/example_dags/example_params_ui_tutorial.py for tasks to queue
[2026-06-13T17:36:42.308+0000] {logging_mixin.py:190} INFO - [2026-06-13T17:36:42.308+0000] {dagbag.py:588} INFO - Filling up the DagBag from /home/airflow/.local/lib/python3.12/site-packages/airflow/example_dags/example_params_ui_tutorial.py
[2026-06-13T17:36:42.315+0000] {processor.py:925} INFO - DAG(s) 'example_params_ui_tutorial' retrieved from /home/airflow/.local/lib/python3.12/site-packages/airflow/example_dags/example_params_ui_tutorial.py
[2026-06-13T17:36:42.351+0000] {logging_mixin.py:190} INFO - [2026-06-13T17:36:42.350+0000] {dag.py:3239} INFO - Sync 1 DAGs
[2026-06-13T17:36:42.367+0000] {logging_mixin.py:190} INFO - [2026-06-13T17:36:42.367+0000] {dag.py:4180} INFO - Setting next_dagrun for example_params_ui_tutorial to None, run_after=None
[2026-06-13T17:36:42.395+0000] {processor.py:208} INFO - Processing /home/airflow/.local/lib/python3.12/site-packages/airflow/example_dags/example_params_ui_tutorial.py took 0.096 seconds
[2026-06-13T17:37:12.877+0000] {processor.py:186} INFO - Started process (PID=5682) to work on /home/airflow/.local/lib/python3.12/site-packages/airflow/example_dags/example_params_ui_tutorial.py
[2026-06-13T17:37:12.879+0000] {processor.py:914} INFO - Processing file /home/airflow/.local/lib/python3.12/site-packages/airflow/example_dags/example_params_ui_tutorial.py for tasks to queue
[2026-06-13T17:37:12.881+0000] {logging_mixin.py:190} INFO - [2026-06-13T17:37:12.881+0000] {dagbag.py:588} INFO - Filling up the DagBag from /home/airflow/.local/lib/python3.12/site-packages/airflow/example_dags/example_params_ui_tutorial.py
[2026-06-13T17:37:12.890+0000] {processor.py:925} INFO - DAG(s) 'example_params_ui_tutorial' retrieved from /home/airflow/.local/lib/python3.12/site-packages/airflow/example_dags/example_params_ui_tutorial.py
[2026-06-13T17:37:12.931+0000] {logging_mixin.py:190} INFO - [2026-06-13T17:37:12.930+0000] {dag.py:3239} INFO - Sync 1 DAGs
[2026-06-13T17:37:12.945+0000] {logging_mixin.py:190} INFO - [2026-06-13T17:37:12.945+0000] {dag.py:4180} INFO - Setting next_dagrun for example_params_ui_tutorial to None, run_after=None
[2026-06-13T17:37:12.966+0000] {processor.py:208} INFO - Processing /home/airflow/.local/lib/python3.12/site-packages/airflow/example_dags/example_params_ui_tutorial.py took 0.097 seconds
[2026-06-13T17:37:43.333+0000] {processor.py:186} INFO - Started process (PID=5744) to work on /home/airflow/.local/lib/python3.12/site-packages/airflow/example_dags/example_params_ui_tutorial.py
[2026-06-13T17:37:43.334+0000] {processor.py:914} INFO - Processing file /home/airflow/.local/lib/python3.12/site-packages/airflow/example_dags/example_params_ui_tutorial.py for tasks to queue
[2026-06-13T17:37:43.338+0000] {logging_mixin.py:190} INFO - [2026-06-13T17:37:43.337+0000] {dagbag.py:588} INFO - Filling up the DagBag from /home/airflow/.local/lib/python3.12/site-packages/airflow/example_dags/example_params_ui_tutorial.py
[2026-06-13T17:37:43.346+0000] {processor.py:925} INFO - DAG(s) 'example_params_ui_tutorial' retrieved from /home/airflow/.local/lib/python3.12/site-packages/airflow/example_dags/example_params_ui_tutorial.py
[2026-06-13T17:37:43.384+0000] {logging_mixin.py:190} INFO - [2026-06-13T17:37:43.384+0000] {dag.py:3239} INFO - Sync 1 DAGs
[2026-06-13T17:37:43.399+0000] {logging_mixin.py:190} INFO - [2026-06-13T17:37:43.399+0000] {dag.py:4180} INFO - Setting next_dagrun for example_params_ui_tutorial to None, run_after=None
[2026-06-13T17:37:43.422+0000] {processor.py:208} INFO - Processing /home/airflow/.local/lib/python3.12/site-packages/airflow/example_dags/example_params_ui_tutorial.py took 0.096 seconds
[2026-06-13T17:38:14.360+0000] {processor.py:186} INFO - Started process (PID=5806) to work on /home/airflow/.local/lib/python3.12/site-packages/airflow/example_dags/example_params_ui_tutorial.py
[2026-06-13T17:38:14.361+0000] {processor.py:914} INFO - Processing file /home/airflow/.local/lib/python3.12/site-packages/airflow/example_dags/example_params_ui_tutorial.py for tasks to queue
[2026-06-13T17:38:14.363+0000] {logging_mixin.py:190} INFO - [2026-06-13T17:38:14.363+0000] {dagbag.py:588} INFO - Filling up the DagBag from /home/airflow/.local/lib/python3.12/site-packages/airflow/example_dags/example_params_ui_tutorial.py
[2026-06-13T17:38:14.371+0000] {processor.py:925} INFO - DAG(s) 'example_params_ui_tutorial' retrieved from /home/airflow/.local/lib/python3.12/site-packages/airflow/example_dags/example_params_ui_tutorial.py
[2026-06-13T17:38:14.400+0000] {logging_mixin.py:190} INFO - [2026-06-13T17:38:14.400+0000] {dag.py:3239} INFO - Sync 1 DAGs
[2026-06-13T17:38:14.411+0000] {logging_mixin.py:190} INFO - [2026-06-13T17:38:14.411+0000] {dag.py:4180} INFO - Setting next_dagrun for example_params_ui_tutorial to None, run_after=None
[2026-06-13T17:38:14.426+0000] {processor.py:208} INFO - Processing /home/airflow/.local/lib/python3.12/site-packages/airflow/example_dags/example_params_ui_tutorial.py took 0.071 seconds
[2026-06-13T17:38:44.728+0000] {processor.py:186} INFO - Started process (PID=5868) to work on /home/airflow/.local/lib/python3.12/site-packages/airflow/example_dags/example_params_ui_tutorial.py
[2026-06-13T17:38:44.730+0000] {processor.py:914} INFO - Processing file /home/airflow/.local/lib/python3.12/site-packages/airflow/example_dags/example_params_ui_tutorial.py for tasks to queue
[2026-06-13T17:38:44.734+0000] {logging_mixin.py:190} INFO - [2026-06-13T17:38:44.733+0000] {dagbag.py:588} INFO - Filling up the DagBag from /home/airflow/.local/lib/python3.12/site-packages/airflow/example_dags/example_params_ui_tutorial.py
[2026-06-13T17:38:44.743+0000] {processor.py:925} INFO - DAG(s) 'example_params_ui_tutorial' retrieved from /home/airflow/.local/lib/python3.12/site-packages/airflow/example_dags/example_params_ui_tutorial.py
[2026-06-13T17:38:44.783+0000] {logging_mixin.py:190} INFO - [2026-06-13T17:38:44.782+0000] {dag.py:3239} INFO - Sync 1 DAGs
[2026-06-13T17:38:44.798+0000] {logging_mixin.py:190} INFO - [2026-06-13T17:38:44.798+0000] {dag.py:4180} INFO - Setting next_dagrun for example_params_ui_tutorial to None, run_after=None
[2026-06-13T17:38:44.817+0000] {processor.py:208} INFO - Processing /home/airflow/.local/lib/python3.12/site-packages/airflow/example_dags/example_params_ui_tutorial.py took 0.094 seconds
[2026-06-13T17:39:15.218+0000] {processor.py:186} INFO - Started process (PID=5930) to work on /home/airflow/.local/lib/python3.12/site-packages/airflow/example_dags/example_params_ui_tutorial.py
[2026-06-13T17:39:15.219+0000] {processor.py:914} INFO - Processing file /home/airflow/.local/lib/python3.12/site-packages/airflow/example_dags/example_params_ui_tutorial.py for tasks to queue
[2026-06-13T17:39:15.222+0000] {logging_mixin.py:190} INFO - [2026-06-13T17:39:15.222+0000] {dagbag.py:588} INFO - Filling up the DagBag from /home/airflow/.local/lib/python3.12/site-packages/airflow/example_dags/example_params_ui_tutorial.py
[2026-06-13T17:39:15.232+0000] {processor.py:925} INFO - DAG(s) 'example_params_ui_tutorial' retrieved from /home/airflow/.local/lib/python3.12/site-packages/airflow/example_dags/example_params_ui_tutorial.py
[2026-06-13T17:39:15.270+0000] {logging_mixin.py:190} INFO - [2026-06-13T17:39:15.269+0000] {dag.py:3239} INFO - Sync 1 DAGs
[2026-06-13T17:39:15.286+0000] {logging_mixin.py:190} INFO - [2026-06-13T17:39:15.286+0000] {dag.py:4180} INFO - Setting next_dagrun for example_params_ui_tutorial to None, run_after=None
[2026-06-13T17:39:15.307+0000] {processor.py:208} INFO - Processing /home/airflow/.local/lib/python3.12/site-packages/airflow/example_dags/example_params_ui_tutorial.py took 0.094 seconds
[2026-06-13T17:39:45.660+0000] {processor.py:186} INFO - Started process (PID=5992) to work on /home/airflow/.local/lib/python3.12/site-packages/airflow/example_dags/example_params_ui_tutorial.py
[2026-06-13T17:39:45.661+0000] {processor.py:914} INFO - Processing file /home/airflow/.local/lib/python3.12/site-packages/airflow/example_dags/example_params_ui_tutorial.py for tasks to queue
[2026-06-13T17:39:45.663+0000] {logging_mixin.py:190} INFO - [2026-06-13T17:39:45.663+0000] {dagbag.py:588} INFO - Filling up the DagBag from /home/airflow/.local/lib/python3.12/site-packages/airflow/example_dags/example_params_ui_tutorial.py
[2026-06-13T17:39:45.670+0000] {processor.py:925} INFO - DAG(s) 'example_params_ui_tutorial' retrieved from /home/airflow/.local/lib/python3.12/site-packages/airflow/example_dags/example_params_ui_tutorial.py
[2026-06-13T17:39:45.700+0000] {logging_mixin.py:190} INFO - [2026-06-13T17:39:45.700+0000] {dag.py:3239} INFO - Sync 1 DAGs
[2026-06-13T17:39:45.713+0000] {logging_mixin.py:190} INFO - [2026-06-13T17:39:45.712+0000] {dag.py:4180} INFO - Setting next_dagrun for example_params_ui_tutorial to None, run_after=None
[2026-06-13T17:39:45.729+0000] {processor.py:208} INFO - Processing /home/airflow/.local/lib/python3.12/site-packages/airflow/example_dags/example_params_ui_tutorial.py took 0.073 seconds
[2026-06-13T17:40:15.782+0000] {processor.py:186} INFO - Started process (PID=6054) to work on /home/airflow/.local/lib/python3.12/site-packages/airflow/example_dags/example_params_ui_tutorial.py
[2026-06-13T17:40:15.783+0000] {processor.py:914} INFO - Processing file /home/airflow/.local/lib/python3.12/site-packages/airflow/example_dags/example_params_ui_tutorial.py for tasks to queue
[2026-06-13T17:40:15.787+0000] {logging_mixin.py:190} INFO - [2026-06-13T17:40:15.786+0000] {dagbag.py:588} INFO - Filling up the DagBag from /home/airflow/.local/lib/python3.12/site-packages/airflow/example_dags/example_params_ui_tutorial.py
[2026-06-13T17:40:15.796+0000] {processor.py:925} INFO - DAG(s) 'example_params_ui_tutorial' retrieved from /home/airflow/.local/lib/python3.12/site-packages/airflow/example_dags/example_params_ui_tutorial.py
[2026-06-13T17:40:15.837+0000] {logging_mixin.py:190} INFO - [2026-06-13T17:40:15.837+0000] {dag.py:3239} INFO - Sync 1 DAGs
[2026-06-13T17:40:15.850+0000] {logging_mixin.py:190} INFO - [2026-06-13T17:40:15.849+0000] {dag.py:4180} INFO - Setting next_dagrun for example_params_ui_tutorial to None, run_after=None
[2026-06-13T17:40:15.870+0000] {processor.py:208} INFO - Processing /home/airflow/.local/lib/python3.12/site-packages/airflow/example_dags/example_params_ui_tutorial.py took 0.095 seconds
[2026-06-13T17:40:46.054+0000] {processor.py:186} INFO - Started process (PID=6116) to work on /home/airflow/.local/lib/python3.12/site-packages/airflow/example_dags/example_params_ui_tutorial.py
[2026-06-13T17:40:46.055+0000] {processor.py:914} INFO - Processing file /home/airflow/.local/lib/python3.12/site-packages/airflow/example_dags/example_params_ui_tutorial.py for tasks to queue
[2026-06-13T17:40:46.057+0000] {logging_mixin.py:190} INFO - [2026-06-13T17:40:46.057+0000] {dagbag.py:588} INFO - Filling up the DagBag from /home/airflow/.local/lib/python3.12/site-packages/airflow/example_dags/example_params_ui_tutorial.py
[2026-06-13T17:40:46.065+0000] {processor.py:925} INFO - DAG(s) 'example_params_ui_tutorial' retrieved from /home/airflow/.local/lib/python3.12/site-packages/airflow/example_dags/example_params_ui_tutorial.py
[2026-06-13T17:40:46.093+0000] {logging_mixin.py:190} INFO - [2026-06-13T17:40:46.093+0000] {dag.py:3239} INFO - Sync 1 DAGs
[2026-06-13T17:40:46.105+0000] {logging_mixin.py:190} INFO - [2026-06-13T17:40:46.105+0000] {dag.py:4180} INFO - Setting next_dagrun for example_params_ui_tutorial to None, run_after=None
[2026-06-13T17:40:46.120+0000] {processor.py:208} INFO - Processing /home/airflow/.local/lib/python3.12/site-packages/airflow/example_dags/example_params_ui_tutorial.py took 0.070 seconds
[2026-06-13T17:41:16.553+0000] {processor.py:186} INFO - Started process (PID=6178) to work on /home/airflow/.local/lib/python3.12/site-packages/airflow/example_dags/example_params_ui_tutorial.py
[2026-06-13T17:41:16.554+0000] {processor.py:914} INFO - Processing file /home/airflow/.local/lib/python3.12/site-packages/airflow/example_dags/example_params_ui_tutorial.py for tasks to queue
[2026-06-13T17:41:16.559+0000] {logging_mixin.py:190} INFO - [2026-06-13T17:41:16.559+0000] {dagbag.py:588} INFO - Filling up the DagBag from /home/airflow/.local/lib/python3.12/site-packages/airflow/example_dags/example_params_ui_tutorial.py
[2026-06-13T17:41:16.570+0000] {processor.py:925} INFO - DAG(s) 'example_params_ui_tutorial' retrieved from /home/airflow/.local/lib/python3.12/site-packages/airflow/example_dags/example_params_ui_tutorial.py
[2026-06-13T17:41:16.618+0000] {logging_mixin.py:190} INFO - [2026-06-13T17:41:16.618+0000] {dag.py:3239} INFO - Sync 1 DAGs
[2026-06-13T17:41:16.631+0000] {logging_mixin.py:190} INFO - [2026-06-13T17:41:16.631+0000] {dag.py:4180} INFO - Setting next_dagrun for example_params_ui_tutorial to None, run_after=None
[2026-06-13T17:41:16.652+0000] {processor.py:208} INFO - Processing /home/airflow/.local/lib/python3.12/site-packages/airflow/example_dags/example_params_ui_tutorial.py took 0.108 seconds
[2026-06-13T17:41:46.744+0000] {processor.py:186} INFO - Started process (PID=6240) to work on /home/airflow/.local/lib/python3.12/site-packages/airflow/example_dags/example_params_ui_tutorial.py
[2026-06-13T17:41:46.745+0000] {processor.py:914} INFO - Processing file /home/airflow/.local/lib/python3.12/site-packages/airflow/example_dags/example_params_ui_tutorial.py for tasks to queue
[2026-06-13T17:41:46.747+0000] {logging_mixin.py:190} INFO - [2026-06-13T17:41:46.747+0000] {dagbag.py:588} INFO - Filling up the DagBag from /home/airflow/.local/lib/python3.12/site-packages/airflow/example_dags/example_params_ui_tutorial.py
[2026-06-13T17:41:46.754+0000] {processor.py:925} INFO - DAG(s) 'example_params_ui_tutorial' retrieved from /home/airflow/.local/lib/python3.12/site-packages/airflow/example_dags/example_params_ui_tutorial.py
[2026-06-13T17:41:46.785+0000] {logging_mixin.py:190} INFO - [2026-06-13T17:41:46.785+0000] {dag.py:3239} INFO - Sync 1 DAGs
[2026-06-13T17:41:46.796+0000] {logging_mixin.py:190} INFO - [2026-06-13T17:41:46.796+0000] {dag.py:4180} INFO - Setting next_dagrun for example_params_ui_tutorial to None, run_after=None
[2026-06-13T17:41:46.812+0000] {processor.py:208} INFO - Processing /home/airflow/.local/lib/python3.12/site-packages/airflow/example_dags/example_params_ui_tutorial.py took 0.073 seconds
[2026-06-13T17:42:16.939+0000] {processor.py:186} INFO - Started process (PID=6302) to work on /home/airflow/.local/lib/python3.12/site-packages/airflow/example_dags/example_params_ui_tutorial.py
[2026-06-13T17:42:16.940+0000] {processor.py:914} INFO - Processing file /home/airflow/.local/lib/python3.12/site-packages/airflow/example_dags/example_params_ui_tutorial.py for tasks to queue
[2026-06-13T17:42:16.943+0000] {logging_mixin.py:190} INFO - [2026-06-13T17:42:16.942+0000] {dagbag.py:588} INFO - Filling up the DagBag from /home/airflow/.local/lib/python3.12/site-packages/airflow/example_dags/example_params_ui_tutorial.py
[2026-06-13T17:42:16.950+0000] {processor.py:925} INFO - DAG(s) 'example_params_ui_tutorial' retrieved from /home/airflow/.local/lib/python3.12/site-packages/airflow/example_dags/example_params_ui_tutorial.py
[2026-06-13T17:42:16.980+0000] {logging_mixin.py:190} INFO - [2026-06-13T17:42:16.980+0000] {dag.py:3239} INFO - Sync 1 DAGs
[2026-06-13T17:42:16.991+0000] {logging_mixin.py:190} INFO - [2026-06-13T17:42:16.991+0000] {dag.py:4180} INFO - Setting next_dagrun for example_params_ui_tutorial to None, run_after=None
[2026-06-13T17:42:17.006+0000] {processor.py:208} INFO - Processing /home/airflow/.local/lib/python3.12/site-packages/airflow/example_dags/example_params_ui_tutorial.py took 0.073 seconds
[2026-06-13T17:42:47.356+0000] {processor.py:186} INFO - Started process (PID=6364) to work on /home/airflow/.local/lib/python3.12/site-packages/airflow/example_dags/example_params_ui_tutorial.py
[2026-06-13T17:42:47.357+0000] {processor.py:914} INFO - Processing file /home/airflow/.local/lib/python3.12/site-packages/airflow/example_dags/example_params_ui_tutorial.py for tasks to queue
[2026-06-13T17:42:47.359+0000] {logging_mixin.py:190} INFO - [2026-06-13T17:42:47.359+0000] {dagbag.py:588} INFO - Filling up the DagBag from /home/airflow/.local/lib/python3.12/site-packages/airflow/example_dags/example_params_ui_tutorial.py
[2026-06-13T17:42:47.366+0000] {processor.py:925} INFO - DAG(s) 'example_params_ui_tutorial' retrieved from /home/airflow/.local/lib/python3.12/site-packages/airflow/example_dags/example_params_ui_tutorial.py
[2026-06-13T17:42:47.396+0000] {logging_mixin.py:190} INFO - [2026-06-13T17:42:47.395+0000] {dag.py:3239} INFO - Sync 1 DAGs
[2026-06-13T17:42:47.408+0000] {logging_mixin.py:190} INFO - [2026-06-13T17:42:47.408+0000] {dag.py:4180} INFO - Setting next_dagrun for example_params_ui_tutorial to None, run_after=None
[2026-06-13T17:42:47.423+0000] {processor.py:208} INFO - Processing /home/airflow/.local/lib/python3.12/site-packages/airflow/example_dags/example_params_ui_tutorial.py took 0.072 seconds
[2026-06-13T17:43:17.815+0000] {processor.py:186} INFO - Started process (PID=6426) to work on /home/airflow/.local/lib/python3.12/site-packages/airflow/example_dags/example_params_ui_tutorial.py
[2026-06-13T17:43:17.816+0000] {processor.py:914} INFO - Processing file /home/airflow/.local/lib/python3.12/site-packages/airflow/example_dags/example_params_ui_tutorial.py for tasks to queue
[2026-06-13T17:43:17.819+0000] {logging_mixin.py:190} INFO - [2026-06-13T17:43:17.819+0000] {dagbag.py:588} INFO - Filling up the DagBag from /home/airflow/.local/lib/python3.12/site-packages/airflow/example_dags/example_params_ui_tutorial.py
[2026-06-13T17:43:17.828+0000] {processor.py:925} INFO - DAG(s) 'example_params_ui_tutorial' retrieved from /home/airflow/.local/lib/python3.12/site-packages/airflow/example_dags/example_params_ui_tutorial.py
[2026-06-13T17:43:17.864+0000] {logging_mixin.py:190} INFO - [2026-06-13T17:43:17.864+0000] {dag.py:3239} INFO - Sync 1 DAGs
[2026-06-13T17:43:17.876+0000] {logging_mixin.py:190} INFO - [2026-06-13T17:43:17.876+0000] {dag.py:4180} INFO - Setting next_dagrun for example_params_ui_tutorial to None, run_after=None
[2026-06-13T17:43:17.894+0000] {processor.py:208} INFO - Processing /home/airflow/.local/lib/python3.12/site-packages/airflow/example_dags/example_params_ui_tutorial.py took 0.084 seconds
[2026-06-13T17:43:48.067+0000] {processor.py:186} INFO - Started process (PID=6488) to work on /home/airflow/.local/lib/python3.12/site-packages/airflow/example_dags/example_params_ui_tutorial.py
[2026-06-13T17:43:48.068+0000] {processor.py:914} INFO - Processing file /home/airflow/.local/lib/python3.12/site-packages/airflow/example_dags/example_params_ui_tutorial.py for tasks to queue
[2026-06-13T17:43:48.071+0000] {logging_mixin.py:190} INFO - [2026-06-13T17:43:48.071+0000] {dagbag.py:588} INFO - Filling up the DagBag from /home/airflow/.local/lib/python3.12/site-packages/airflow/example_dags/example_params_ui_tutorial.py
[2026-06-13T17:43:48.080+0000] {processor.py:925} INFO - DAG(s) 'example_params_ui_tutorial' retrieved from /home/airflow/.local/lib/python3.12/site-packages/airflow/example_dags/example_params_ui_tutorial.py
[2026-06-13T17:43:48.110+0000] {logging_mixin.py:190} INFO - [2026-06-13T17:43:48.110+0000] {dag.py:3239} INFO - Sync 1 DAGs
[2026-06-13T17:43:48.121+0000] {logging_mixin.py:190} INFO - [2026-06-13T17:43:48.121+0000] {dag.py:4180} INFO - Setting next_dagrun for example_params_ui_tutorial to None, run_after=None
[2026-06-13T17:43:48.136+0000] {processor.py:208} INFO - Processing /home/airflow/.local/lib/python3.12/site-packages/airflow/example_dags/example_params_ui_tutorial.py took 0.076 seconds
[2026-06-13T17:44:18.267+0000] {processor.py:186} INFO - Started process (PID=6550) to work on /home/airflow/.local/lib/python3.12/site-packages/airflow/example_dags/example_params_ui_tutorial.py
[2026-06-13T17:44:18.268+0000] {processor.py:914} INFO - Processing file /home/airflow/.local/lib/python3.12/site-packages/airflow/example_dags/example_params_ui_tutorial.py for tasks to queue
[2026-06-13T17:44:18.271+0000] {logging_mixin.py:190} INFO - [2026-06-13T17:44:18.270+0000] {dagbag.py:588} INFO - Filling up the DagBag from /home/airflow/.local/lib/python3.12/site-packages/airflow/example_dags/example_params_ui_tutorial.py
[2026-06-13T17:44:18.279+0000] {processor.py:925} INFO - DAG(s) 'example_params_ui_tutorial' retrieved from /home/airflow/.local/lib/python3.12/site-packages/airflow/example_dags/example_params_ui_tutorial.py
[2026-06-13T17:44:18.309+0000] {logging_mixin.py:190} INFO - [2026-06-13T17:44:18.309+0000] {dag.py:3239} INFO - Sync 1 DAGs
[2026-06-13T17:44:18.320+0000] {logging_mixin.py:190} INFO - [2026-06-13T17:44:18.320+0000] {dag.py:4180} INFO - Setting next_dagrun for example_params_ui_tutorial to None, run_after=None
[2026-06-13T17:44:18.335+0000] {processor.py:208} INFO - Processing /home/airflow/.local/lib/python3.12/site-packages/airflow/example_dags/example_params_ui_tutorial.py took 0.073 seconds
[2026-06-13T17:44:48.545+0000] {processor.py:186} INFO - Started process (PID=6612) to work on /home/airflow/.local/lib/python3.12/site-packages/airflow/example_dags/example_params_ui_tutorial.py
[2026-06-13T17:44:48.547+0000] {processor.py:914} INFO - Processing file /home/airflow/.local/lib/python3.12/site-packages/airflow/example_dags/example_params_ui_tutorial.py for tasks to queue
[2026-06-13T17:44:48.549+0000] {logging_mixin.py:190} INFO - [2026-06-13T17:44:48.548+0000] {dagbag.py:588} INFO - Filling up the DagBag from /home/airflow/.local/lib/python3.12/site-packages/airflow/example_dags/example_params_ui_tutorial.py
[2026-06-13T17:44:48.556+0000] {processor.py:925} INFO - DAG(s) 'example_params_ui_tutorial' retrieved from /home/airflow/.local/lib/python3.12/site-packages/airflow/example_dags/example_params_ui_tutorial.py
[2026-06-13T17:44:48.585+0000] {logging_mixin.py:190} INFO - [2026-06-13T17:44:48.585+0000] {dag.py:3239} INFO - Sync 1 DAGs
[2026-06-13T17:44:48.597+0000] {logging_mixin.py:190} INFO - [2026-06-13T17:44:48.596+0000] {dag.py:4180} INFO - Setting next_dagrun for example_params_ui_tutorial to None, run_after=None
[2026-06-13T17:44:48.614+0000] {processor.py:208} INFO - Processing /home/airflow/.local/lib/python3.12/site-packages/airflow/example_dags/example_params_ui_tutorial.py took 0.073 seconds
[2026-06-13T17:45:19.144+0000] {processor.py:186} INFO - Started process (PID=6674) to work on /home/airflow/.local/lib/python3.12/site-packages/airflow/example_dags/example_params_ui_tutorial.py
[2026-06-13T17:45:19.145+0000] {processor.py:914} INFO - Processing file /home/airflow/.local/lib/python3.12/site-packages/airflow/example_dags/example_params_ui_tutorial.py for tasks to queue
[2026-06-13T17:45:19.148+0000] {logging_mixin.py:190} INFO - [2026-06-13T17:45:19.148+0000] {dagbag.py:588} INFO - Filling up the DagBag from /home/airflow/.local/lib/python3.12/site-packages/airflow/example_dags/example_params_ui_tutorial.py
[2026-06-13T17:45:19.158+0000] {processor.py:925} INFO - DAG(s) 'example_params_ui_tutorial' retrieved from /home/airflow/.local/lib/python3.12/site-packages/airflow/example_dags/example_params_ui_tutorial.py
[2026-06-13T17:45:19.186+0000] {logging_mixin.py:190} INFO - [2026-06-13T17:45:19.186+0000] {dag.py:3239} INFO - Sync 1 DAGs
[2026-06-13T17:45:19.197+0000] {logging_mixin.py:190} INFO - [2026-06-13T17:45:19.197+0000] {dag.py:4180} INFO - Setting next_dagrun for example_params_ui_tutorial to None, run_after=None
[2026-06-13T17:45:19.214+0000] {processor.py:208} INFO - Processing /home/airflow/.local/lib/python3.12/site-packages/airflow/example_dags/example_params_ui_tutorial.py took 0.077 seconds
[2026-06-13T17:45:49.700+0000] {processor.py:186} INFO - Started process (PID=6736) to work on /home/airflow/.local/lib/python3.12/site-packages/airflow/example_dags/example_params_ui_tutorial.py
[2026-06-13T17:45:49.701+0000] {processor.py:914} INFO - Processing file /home/airflow/.local/lib/python3.12/site-packages/airflow/example_dags/example_params_ui_tutorial.py for tasks to queue
[2026-06-13T17:45:49.703+0000] {logging_mixin.py:190} INFO - [2026-06-13T17:45:49.703+0000] {dagbag.py:588} INFO - Filling up the DagBag from /home/airflow/.local/lib/python3.12/site-packages/airflow/example_dags/example_params_ui_tutorial.py
[2026-06-13T17:45:49.710+0000] {processor.py:925} INFO - DAG(s) 'example_params_ui_tutorial' retrieved from /home/airflow/.local/lib/python3.12/site-packages/airflow/example_dags/example_params_ui_tutorial.py
[2026-06-13T17:45:49.748+0000] {logging_mixin.py:190} INFO - [2026-06-13T17:45:49.748+0000] {dag.py:3239} INFO - Sync 1 DAGs
[2026-06-13T17:45:49.759+0000] {logging_mixin.py:190} INFO - [2026-06-13T17:45:49.759+0000] {dag.py:4180} INFO - Setting next_dagrun for example_params_ui_tutorial to None, run_after=None
[2026-06-13T17:45:49.775+0000] {processor.py:208} INFO - Processing /home/airflow/.local/lib/python3.12/site-packages/airflow/example_dags/example_params_ui_tutorial.py took 0.080 seconds
[2026-06-13T17:46:20.297+0000] {processor.py:186} INFO - Started process (PID=6798) to work on /home/airflow/.local/lib/python3.12/site-packages/airflow/example_dags/example_params_ui_tutorial.py
[2026-06-13T17:46:20.298+0000] {processor.py:914} INFO - Processing file /home/airflow/.local/lib/python3.12/site-packages/airflow/example_dags/example_params_ui_tutorial.py for tasks to queue
[2026-06-13T17:46:20.300+0000] {logging_mixin.py:190} INFO - [2026-06-13T17:46:20.300+0000] {dagbag.py:588} INFO - Filling up the DagBag from /home/airflow/.local/lib/python3.12/site-packages/airflow/example_dags/example_params_ui_tutorial.py
[2026-06-13T17:46:20.307+0000] {processor.py:925} INFO - DAG(s) 'example_params_ui_tutorial' retrieved from /home/airflow/.local/lib/python3.12/site-packages/airflow/example_dags/example_params_ui_tutorial.py
[2026-06-13T17:46:20.338+0000] {logging_mixin.py:190} INFO - [2026-06-13T17:46:20.338+0000] {dag.py:3239} INFO - Sync 1 DAGs
[2026-06-13T17:46:20.349+0000] {logging_mixin.py:190} INFO - [2026-06-13T17:46:20.348+0000] {dag.py:4180} INFO - Setting next_dagrun for example_params_ui_tutorial to None, run_after=None
[2026-06-13T17:46:20.367+0000] {processor.py:208} INFO - Processing /home/airflow/.local/lib/python3.12/site-packages/airflow/example_dags/example_params_ui_tutorial.py took 0.075 seconds
[2026-06-13T17:46:50.670+0000] {processor.py:186} INFO - Started process (PID=6860) to work on /home/airflow/.local/lib/python3.12/site-packages/airflow/example_dags/example_params_ui_tutorial.py
[2026-06-13T17:46:50.671+0000] {processor.py:914} INFO - Processing file /home/airflow/.local/lib/python3.12/site-packages/airflow/example_dags/example_params_ui_tutorial.py for tasks to queue
[2026-06-13T17:46:50.673+0000] {logging_mixin.py:190} INFO - [2026-06-13T17:46:50.673+0000] {dagbag.py:588} INFO - Filling up the DagBag from /home/airflow/.local/lib/python3.12/site-packages/airflow/example_dags/example_params_ui_tutorial.py
[2026-06-13T17:46:50.680+0000] {processor.py:925} INFO - DAG(s) 'example_params_ui_tutorial' retrieved from /home/airflow/.local/lib/python3.12/site-packages/airflow/example_dags/example_params_ui_tutorial.py
[2026-06-13T17:46:50.709+0000] {logging_mixin.py:190} INFO - [2026-06-13T17:46:50.708+0000] {dag.py:3239} INFO - Sync 1 DAGs
[2026-06-13T17:46:50.719+0000] {logging_mixin.py:190} INFO - [2026-06-13T17:46:50.719+0000] {dag.py:4180} INFO - Setting next_dagrun for example_params_ui_tutorial to None, run_after=None
[2026-06-13T17:46:50.736+0000] {processor.py:208} INFO - Processing /home/airflow/.local/lib/python3.12/site-packages/airflow/example_dags/example_params_ui_tutorial.py took 0.071 seconds
[2026-06-13T17:47:21.060+0000] {processor.py:186} INFO - Started process (PID=6922) to work on /home/airflow/.local/lib/python3.12/site-packages/airflow/example_dags/example_params_ui_tutorial.py
[2026-06-13T17:47:21.062+0000] {processor.py:914} INFO - Processing file /home/airflow/.local/lib/python3.12/site-packages/airflow/example_dags/example_params_ui_tutorial.py for tasks to queue
[2026-06-13T17:47:21.064+0000] {logging_mixin.py:190} INFO - [2026-06-13T17:47:21.064+0000] {dagbag.py:588} INFO - Filling up the DagBag from /home/airflow/.local/lib/python3.12/site-packages/airflow/example_dags/example_params_ui_tutorial.py
[2026-06-13T17:47:21.071+0000] {processor.py:925} INFO - DAG(s) 'example_params_ui_tutorial' retrieved from /home/airflow/.local/lib/python3.12/site-packages/airflow/example_dags/example_params_ui_tutorial.py
[2026-06-13T17:47:21.102+0000] {logging_mixin.py:190} INFO - [2026-06-13T17:47:21.102+0000] {dag.py:3239} INFO - Sync 1 DAGs
[2026-06-13T17:47:21.114+0000] {logging_mixin.py:190} INFO - [2026-06-13T17:47:21.113+0000] {dag.py:4180} INFO - Setting next_dagrun for example_params_ui_tutorial to None, run_after=None
[2026-06-13T17:47:21.135+0000] {processor.py:208} INFO - Processing /home/airflow/.local/lib/python3.12/site-packages/airflow/example_dags/example_params_ui_tutorial.py took 0.079 seconds
[2026-06-13T17:47:51.553+0000] {processor.py:186} INFO - Started process (PID=6984) to work on /home/airflow/.local/lib/python3.12/site-packages/airflow/example_dags/example_params_ui_tutorial.py
[2026-06-13T17:47:51.554+0000] {processor.py:914} INFO - Processing file /home/airflow/.local/lib/python3.12/site-packages/airflow/example_dags/example_params_ui_tutorial.py for tasks to queue
[2026-06-13T17:47:51.557+0000] {logging_mixin.py:190} INFO - [2026-06-13T17:47:51.557+0000] {dagbag.py:588} INFO - Filling up the DagBag from /home/airflow/.local/lib/python3.12/site-packages/airflow/example_dags/example_params_ui_tutorial.py
[2026-06-13T17:47:51.566+0000] {processor.py:925} INFO - DAG(s) 'example_params_ui_tutorial' retrieved from /home/airflow/.local/lib/python3.12/site-packages/airflow/example_dags/example_params_ui_tutorial.py
[2026-06-13T17:47:51.596+0000] {logging_mixin.py:190} INFO - [2026-06-13T17:47:51.596+0000] {dag.py:3239} INFO - Sync 1 DAGs
[2026-06-13T17:47:51.607+0000] {logging_mixin.py:190} INFO - [2026-06-13T17:47:51.607+0000] {dag.py:4180} INFO - Setting next_dagrun for example_params_ui_tutorial to None, run_after=None
[2026-06-13T17:47:51.622+0000] {processor.py:208} INFO - Processing /home/airflow/.local/lib/python3.12/site-packages/airflow/example_dags/example_params_ui_tutorial.py took 0.074 seconds
[2026-06-13T17:48:21.955+0000] {processor.py:186} INFO - Started process (PID=7046) to work on /home/airflow/.local/lib/python3.12/site-packages/airflow/example_dags/example_params_ui_tutorial.py
[2026-06-13T17:48:21.956+0000] {processor.py:914} INFO - Processing file /home/airflow/.local/lib/python3.12/site-packages/airflow/example_dags/example_params_ui_tutorial.py for tasks to queue
[2026-06-13T17:48:21.959+0000] {logging_mixin.py:190} INFO - [2026-06-13T17:48:21.959+0000] {dagbag.py:588} INFO - Filling up the DagBag from /home/airflow/.local/lib/python3.12/site-packages/airflow/example_dags/example_params_ui_tutorial.py
[2026-06-13T17:48:21.969+0000] {processor.py:925} INFO - DAG(s) 'example_params_ui_tutorial' retrieved from /home/airflow/.local/lib/python3.12/site-packages/airflow/example_dags/example_params_ui_tutorial.py
[2026-06-13T17:48:22.005+0000] {logging_mixin.py:190} INFO - [2026-06-13T17:48:22.005+0000] {dag.py:3239} INFO - Sync 1 DAGs
[2026-06-13T17:48:22.021+0000] {logging_mixin.py:190} INFO - [2026-06-13T17:48:22.021+0000] {dag.py:4180} INFO - Setting next_dagrun for example_params_ui_tutorial to None, run_after=None
[2026-06-13T17:48:22.044+0000] {processor.py:208} INFO - Processing /home/airflow/.local/lib/python3.12/site-packages/airflow/example_dags/example_params_ui_tutorial.py took 0.095 seconds
[2026-06-13T17:48:52.187+0000] {processor.py:186} INFO - Started process (PID=7108) to work on /home/airflow/.local/lib/python3.12/site-packages/airflow/example_dags/example_params_ui_tutorial.py
[2026-06-13T17:48:52.188+0000] {processor.py:914} INFO - Processing file /home/airflow/.local/lib/python3.12/site-packages/airflow/example_dags/example_params_ui_tutorial.py for tasks to queue
[2026-06-13T17:48:52.191+0000] {logging_mixin.py:190} INFO - [2026-06-13T17:48:52.191+0000] {dagbag.py:588} INFO - Filling up the DagBag from /home/airflow/.local/lib/python3.12/site-packages/airflow/example_dags/example_params_ui_tutorial.py
[2026-06-13T17:48:52.199+0000] {processor.py:925} INFO - DAG(s) 'example_params_ui_tutorial' retrieved from /home/airflow/.local/lib/python3.12/site-packages/airflow/example_dags/example_params_ui_tutorial.py
[2026-06-13T17:48:52.245+0000] {logging_mixin.py:190} INFO - [2026-06-13T17:48:52.244+0000] {dag.py:3239} INFO - Sync 1 DAGs
[2026-06-13T17:48:52.265+0000] {logging_mixin.py:190} INFO - [2026-06-13T17:48:52.265+0000] {dag.py:4180} INFO - Setting next_dagrun for example_params_ui_tutorial to None, run_after=None
[2026-06-13T17:48:52.299+0000] {processor.py:208} INFO - Processing /home/airflow/.local/lib/python3.12/site-packages/airflow/example_dags/example_params_ui_tutorial.py took 0.117 seconds
[2026-06-13T17:49:23.083+0000] {processor.py:186} INFO - Started process (PID=7169) to work on /home/airflow/.local/lib/python3.12/site-packages/airflow/example_dags/example_params_ui_tutorial.py
[2026-06-13T17:49:23.085+0000] {processor.py:914} INFO - Processing file /home/airflow/.local/lib/python3.12/site-packages/airflow/example_dags/example_params_ui_tutorial.py for tasks to queue
[2026-06-13T17:49:23.087+0000] {logging_mixin.py:190} INFO - [2026-06-13T17:49:23.087+0000] {dagbag.py:588} INFO - Filling up the DagBag from /home/airflow/.local/lib/python3.12/site-packages/airflow/example_dags/example_params_ui_tutorial.py
[2026-06-13T17:49:23.096+0000] {processor.py:925} INFO - DAG(s) 'example_params_ui_tutorial' retrieved from /home/airflow/.local/lib/python3.12/site-packages/airflow/example_dags/example_params_ui_tutorial.py
[2026-06-13T17:49:23.135+0000] {logging_mixin.py:190} INFO - [2026-06-13T17:49:23.135+0000] {dag.py:3239} INFO - Sync 1 DAGs
[2026-06-13T17:49:23.149+0000] {logging_mixin.py:190} INFO - [2026-06-13T17:49:23.149+0000] {dag.py:4180} INFO - Setting next_dagrun for example_params_ui_tutorial to None, run_after=None
[2026-06-13T17:49:23.169+0000] {processor.py:208} INFO - Processing /home/airflow/.local/lib/python3.12/site-packages/airflow/example_dags/example_params_ui_tutorial.py took 0.091 seconds
[2026-06-13T17:49:53.749+0000] {processor.py:186} INFO - Started process (PID=7231) to work on /home/airflow/.local/lib/python3.12/site-packages/airflow/example_dags/example_params_ui_tutorial.py
[2026-06-13T17:49:53.751+0000] {processor.py:914} INFO - Processing file /home/airflow/.local/lib/python3.12/site-packages/airflow/example_dags/example_params_ui_tutorial.py for tasks to queue
[2026-06-13T17:49:53.756+0000] {logging_mixin.py:190} INFO - [2026-06-13T17:49:53.755+0000] {dagbag.py:588} INFO - Filling up the DagBag from /home/airflow/.local/lib/python3.12/site-packages/airflow/example_dags/example_params_ui_tutorial.py
[2026-06-13T17:49:53.773+0000] {processor.py:925} INFO - DAG(s) 'example_params_ui_tutorial' retrieved from /home/airflow/.local/lib/python3.12/site-packages/airflow/example_dags/example_params_ui_tutorial.py
[2026-06-13T17:49:53.854+0000] {logging_mixin.py:190} INFO - [2026-06-13T17:49:53.854+0000] {dag.py:3239} INFO - Sync 1 DAGs
[2026-06-13T17:49:53.879+0000] {logging_mixin.py:190} INFO - [2026-06-13T17:49:53.879+0000] {dag.py:4180} INFO - Setting next_dagrun for example_params_ui_tutorial to None, run_after=None
[2026-06-13T17:49:53.931+0000] {processor.py:208} INFO - Processing /home/airflow/.local/lib/python3.12/site-packages/airflow/example_dags/example_params_ui_tutorial.py took 0.192 seconds
[2026-06-13T17:50:24.692+0000] {processor.py:186} INFO - Started process (PID=7294) to work on /home/airflow/.local/lib/python3.12/site-packages/airflow/example_dags/example_params_ui_tutorial.py
[2026-06-13T17:50:24.701+0000] {processor.py:914} INFO - Processing file /home/airflow/.local/lib/python3.12/site-packages/airflow/example_dags/example_params_ui_tutorial.py for tasks to queue
[2026-06-13T17:50:24.711+0000] {logging_mixin.py:190} INFO - [2026-06-13T17:50:24.710+0000] {dagbag.py:588} INFO - Filling up the DagBag from /home/airflow/.local/lib/python3.12/site-packages/airflow/example_dags/example_params_ui_tutorial.py
[2026-06-13T17:50:24.766+0000] {processor.py:925} INFO - DAG(s) 'example_params_ui_tutorial' retrieved from /home/airflow/.local/lib/python3.12/site-packages/airflow/example_dags/example_params_ui_tutorial.py
[2026-06-13T17:50:24.975+0000] {logging_mixin.py:190} INFO - [2026-06-13T17:50:24.974+0000] {dag.py:3239} INFO - Sync 1 DAGs
[2026-06-13T17:50:25.032+0000] {logging_mixin.py:190} INFO - [2026-06-13T17:50:25.032+0000] {dag.py:4180} INFO - Setting next_dagrun for example_params_ui_tutorial to None, run_after=None
[2026-06-13T17:50:25.127+0000] {processor.py:208} INFO - Processing /home/airflow/.local/lib/python3.12/site-packages/airflow/example_dags/example_params_ui_tutorial.py took 0.461 seconds
[2026-06-13T17:50:55.790+0000] {processor.py:186} INFO - Started process (PID=7357) to work on /home/airflow/.local/lib/python3.12/site-packages/airflow/example_dags/example_params_ui_tutorial.py
[2026-06-13T17:50:55.795+0000] {processor.py:914} INFO - Processing file /home/airflow/.local/lib/python3.12/site-packages/airflow/example_dags/example_params_ui_tutorial.py for tasks to queue
[2026-06-13T17:50:55.805+0000] {logging_mixin.py:190} INFO - [2026-06-13T17:50:55.804+0000] {dagbag.py:588} INFO - Filling up the DagBag from /home/airflow/.local/lib/python3.12/site-packages/airflow/example_dags/example_params_ui_tutorial.py
[2026-06-13T17:50:55.832+0000] {processor.py:925} INFO - DAG(s) 'example_params_ui_tutorial' retrieved from /home/airflow/.local/lib/python3.12/site-packages/airflow/example_dags/example_params_ui_tutorial.py
[2026-06-13T17:50:55.929+0000] {logging_mixin.py:190} INFO - [2026-06-13T17:50:55.928+0000] {dag.py:3239} INFO - Sync 1 DAGs
[2026-06-13T17:50:55.963+0000] {logging_mixin.py:190} INFO - [2026-06-13T17:50:55.962+0000] {dag.py:4180} INFO - Setting next_dagrun for example_params_ui_tutorial to None, run_after=None
[2026-06-13T17:50:56.005+0000] {processor.py:208} INFO - Processing /home/airflow/.local/lib/python3.12/site-packages/airflow/example_dags/example_params_ui_tutorial.py took 0.245 seconds
[2026-06-13T17:51:27.948+0000] {processor.py:186} INFO - Started process (PID=7419) to work on /home/airflow/.local/lib/python3.12/site-packages/airflow/example_dags/example_params_ui_tutorial.py
[2026-06-13T17:51:27.952+0000] {processor.py:914} INFO - Processing file /home/airflow/.local/lib/python3.12/site-packages/airflow/example_dags/example_params_ui_tutorial.py for tasks to queue
[2026-06-13T17:51:27.963+0000] {logging_mixin.py:190} INFO - [2026-06-13T17:51:27.961+0000] {dagbag.py:588} INFO - Filling up the DagBag from /home/airflow/.local/lib/python3.12/site-packages/airflow/example_dags/example_params_ui_tutorial.py
[2026-06-13T17:51:27.995+0000] {processor.py:925} INFO - DAG(s) 'example_params_ui_tutorial' retrieved from /home/airflow/.local/lib/python3.12/site-packages/airflow/example_dags/example_params_ui_tutorial.py
[2026-06-13T17:51:28.129+0000] {logging_mixin.py:190} INFO - [2026-06-13T17:51:28.127+0000] {dag.py:3239} INFO - Sync 1 DAGs
[2026-06-13T17:51:28.167+0000] {logging_mixin.py:190} INFO - [2026-06-13T17:51:28.166+0000] {dag.py:4180} INFO - Setting next_dagrun for example_params_ui_tutorial to None, run_after=None
[2026-06-13T17:51:28.237+0000] {processor.py:208} INFO - Processing /home/airflow/.local/lib/python3.12/site-packages/airflow/example_dags/example_params_ui_tutorial.py took 0.307 seconds
[2026-06-13T17:52:01.316+0000] {processor.py:186} INFO - Started process (PID=7481) to work on /home/airflow/.local/lib/python3.12/site-packages/airflow/example_dags/example_params_ui_tutorial.py
[2026-06-13T17:52:01.321+0000] {processor.py:914} INFO - Processing file /home/airflow/.local/lib/python3.12/site-packages/airflow/example_dags/example_params_ui_tutorial.py for tasks to queue
[2026-06-13T17:52:01.341+0000] {logging_mixin.py:190} INFO - [2026-06-13T17:52:01.331+0000] {dagbag.py:588} INFO - Filling up the DagBag from /home/airflow/.local/lib/python3.12/site-packages/airflow/example_dags/example_params_ui_tutorial.py
[2026-06-13T17:52:01.384+0000] {processor.py:925} INFO - DAG(s) 'example_params_ui_tutorial' retrieved from /home/airflow/.local/lib/python3.12/site-packages/airflow/example_dags/example_params_ui_tutorial.py
[2026-06-13T17:52:01.711+0000] {logging_mixin.py:190} INFO - [2026-06-13T17:52:01.711+0000] {dag.py:3239} INFO - Sync 1 DAGs
[2026-06-13T17:52:01.909+0000] {logging_mixin.py:190} INFO - [2026-06-13T17:52:01.908+0000] {dag.py:4180} INFO - Setting next_dagrun for example_params_ui_tutorial to None, run_after=None
[2026-06-13T17:52:02.059+0000] {processor.py:208} INFO - Processing /home/airflow/.local/lib/python3.12/site-packages/airflow/example_dags/example_params_ui_tutorial.py took 0.765 seconds
[2026-06-13T17:52:32.416+0000] {processor.py:186} INFO - Started process (PID=7543) to work on /home/airflow/.local/lib/python3.12/site-packages/airflow/example_dags/example_params_ui_tutorial.py
[2026-06-13T17:52:32.417+0000] {processor.py:914} INFO - Processing file /home/airflow/.local/lib/python3.12/site-packages/airflow/example_dags/example_params_ui_tutorial.py for tasks to queue
[2026-06-13T17:52:32.420+0000] {logging_mixin.py:190} INFO - [2026-06-13T17:52:32.420+0000] {dagbag.py:588} INFO - Filling up the DagBag from /home/airflow/.local/lib/python3.12/site-packages/airflow/example_dags/example_params_ui_tutorial.py
[2026-06-13T17:52:32.429+0000] {processor.py:925} INFO - DAG(s) 'example_params_ui_tutorial' retrieved from /home/airflow/.local/lib/python3.12/site-packages/airflow/example_dags/example_params_ui_tutorial.py
[2026-06-13T17:52:32.465+0000] {logging_mixin.py:190} INFO - [2026-06-13T17:52:32.465+0000] {dag.py:3239} INFO - Sync 1 DAGs
[2026-06-13T17:52:32.478+0000] {logging_mixin.py:190} INFO - [2026-06-13T17:52:32.478+0000] {dag.py:4180} INFO - Setting next_dagrun for example_params_ui_tutorial to None, run_after=None
[2026-06-13T17:52:32.493+0000] {processor.py:208} INFO - Processing /home/airflow/.local/lib/python3.12/site-packages/airflow/example_dags/example_params_ui_tutorial.py took 0.083 seconds
[2026-06-13T17:53:03.005+0000] {processor.py:186} INFO - Started process (PID=7605) to work on /home/airflow/.local/lib/python3.12/site-packages/airflow/example_dags/example_params_ui_tutorial.py
[2026-06-13T17:53:03.006+0000] {processor.py:914} INFO - Processing file /home/airflow/.local/lib/python3.12/site-packages/airflow/example_dags/example_params_ui_tutorial.py for tasks to queue
[2026-06-13T17:53:03.008+0000] {logging_mixin.py:190} INFO - [2026-06-13T17:53:03.008+0000] {dagbag.py:588} INFO - Filling up the DagBag from /home/airflow/.local/lib/python3.12/site-packages/airflow/example_dags/example_params_ui_tutorial.py
[2026-06-13T17:53:03.016+0000] {processor.py:925} INFO - DAG(s) 'example_params_ui_tutorial' retrieved from /home/airflow/.local/lib/python3.12/site-packages/airflow/example_dags/example_params_ui_tutorial.py
[2026-06-13T17:53:03.055+0000] {logging_mixin.py:190} INFO - [2026-06-13T17:53:03.055+0000] {dag.py:3239} INFO - Sync 1 DAGs
[2026-06-13T17:53:03.069+0000] {logging_mixin.py:190} INFO - [2026-06-13T17:53:03.068+0000] {dag.py:4180} INFO - Setting next_dagrun for example_params_ui_tutorial to None, run_after=None
[2026-06-13T17:53:03.091+0000] {processor.py:208} INFO - Processing /home/airflow/.local/lib/python3.12/site-packages/airflow/example_dags/example_params_ui_tutorial.py took 0.091 seconds
[2026-06-13T17:53:33.941+0000] {processor.py:186} INFO - Started process (PID=7667) to work on /home/airflow/.local/lib/python3.12/site-packages/airflow/example_dags/example_params_ui_tutorial.py
[2026-06-13T17:53:33.943+0000] {processor.py:914} INFO - Processing file /home/airflow/.local/lib/python3.12/site-packages/airflow/example_dags/example_params_ui_tutorial.py for tasks to queue
[2026-06-13T17:53:33.947+0000] {logging_mixin.py:190} INFO - [2026-06-13T17:53:33.946+0000] {dagbag.py:588} INFO - Filling up the DagBag from /home/airflow/.local/lib/python3.12/site-packages/airflow/example_dags/example_params_ui_tutorial.py
[2026-06-13T17:53:33.955+0000] {processor.py:925} INFO - DAG(s) 'example_params_ui_tutorial' retrieved from /home/airflow/.local/lib/python3.12/site-packages/airflow/example_dags/example_params_ui_tutorial.py
[2026-06-13T17:53:33.989+0000] {logging_mixin.py:190} INFO - [2026-06-13T17:53:33.988+0000] {dag.py:3239} INFO - Sync 1 DAGs
[2026-06-13T17:53:34.001+0000] {logging_mixin.py:190} INFO - [2026-06-13T17:53:34.001+0000] {dag.py:4180} INFO - Setting next_dagrun for example_params_ui_tutorial to None, run_after=None
[2026-06-13T17:53:34.019+0000] {processor.py:208} INFO - Processing /home/airflow/.local/lib/python3.12/site-packages/airflow/example_dags/example_params_ui_tutorial.py took 0.083 seconds
[2026-06-13T17:54:04.365+0000] {processor.py:186} INFO - Started process (PID=7729) to work on /home/airflow/.local/lib/python3.12/site-packages/airflow/example_dags/example_params_ui_tutorial.py
[2026-06-13T17:54:04.366+0000] {processor.py:914} INFO - Processing file /home/airflow/.local/lib/python3.12/site-packages/airflow/example_dags/example_params_ui_tutorial.py for tasks to queue
[2026-06-13T17:54:04.368+0000] {logging_mixin.py:190} INFO - [2026-06-13T17:54:04.368+0000] {dagbag.py:588} INFO - Filling up the DagBag from /home/airflow/.local/lib/python3.12/site-packages/airflow/example_dags/example_params_ui_tutorial.py
[2026-06-13T17:54:04.376+0000] {processor.py:925} INFO - DAG(s) 'example_params_ui_tutorial' retrieved from /home/airflow/.local/lib/python3.12/site-packages/airflow/example_dags/example_params_ui_tutorial.py
[2026-06-13T17:54:04.407+0000] {logging_mixin.py:190} INFO - [2026-06-13T17:54:04.407+0000] {dag.py:3239} INFO - Sync 1 DAGs
[2026-06-13T17:54:04.420+0000] {logging_mixin.py:190} INFO - [2026-06-13T17:54:04.420+0000] {dag.py:4180} INFO - Setting next_dagrun for example_params_ui_tutorial to None, run_after=None
[2026-06-13T17:54:04.436+0000] {processor.py:208} INFO - Processing /home/airflow/.local/lib/python3.12/site-packages/airflow/example_dags/example_params_ui_tutorial.py took 0.076 seconds
[2026-06-13T17:54:35.406+0000] {processor.py:186} INFO - Started process (PID=7791) to work on /home/airflow/.local/lib/python3.12/site-packages/airflow/example_dags/example_params_ui_tutorial.py
[2026-06-13T17:54:35.407+0000] {processor.py:914} INFO - Processing file /home/airflow/.local/lib/python3.12/site-packages/airflow/example_dags/example_params_ui_tutorial.py for tasks to queue
[2026-06-13T17:54:35.411+0000] {logging_mixin.py:190} INFO - [2026-06-13T17:54:35.410+0000] {dagbag.py:588} INFO - Filling up the DagBag from /home/airflow/.local/lib/python3.12/site-packages/airflow/example_dags/example_params_ui_tutorial.py
[2026-06-13T17:54:35.422+0000] {processor.py:925} INFO - DAG(s) 'example_params_ui_tutorial' retrieved from /home/airflow/.local/lib/python3.12/site-packages/airflow/example_dags/example_params_ui_tutorial.py
[2026-06-13T17:54:35.470+0000] {logging_mixin.py:190} INFO - [2026-06-13T17:54:35.470+0000] {dag.py:3239} INFO - Sync 1 DAGs
[2026-06-13T17:54:35.485+0000] {logging_mixin.py:190} INFO - [2026-06-13T17:54:35.485+0000] {dag.py:4180} INFO - Setting next_dagrun for example_params_ui_tutorial to None, run_after=None
[2026-06-13T17:54:35.505+0000] {processor.py:208} INFO - Processing /home/airflow/.local/lib/python3.12/site-packages/airflow/example_dags/example_params_ui_tutorial.py took 0.105 seconds
[2026-06-13T17:55:06.262+0000] {processor.py:186} INFO - Started process (PID=7853) to work on /home/airflow/.local/lib/python3.12/site-packages/airflow/example_dags/example_params_ui_tutorial.py
[2026-06-13T17:55:06.263+0000] {processor.py:914} INFO - Processing file /home/airflow/.local/lib/python3.12/site-packages/airflow/example_dags/example_params_ui_tutorial.py for tasks to queue
[2026-06-13T17:55:06.266+0000] {logging_mixin.py:190} INFO - [2026-06-13T17:55:06.265+0000] {dagbag.py:588} INFO - Filling up the DagBag from /home/airflow/.local/lib/python3.12/site-packages/airflow/example_dags/example_params_ui_tutorial.py
[2026-06-13T17:55:06.274+0000] {processor.py:925} INFO - DAG(s) 'example_params_ui_tutorial' retrieved from /home/airflow/.local/lib/python3.12/site-packages/airflow/example_dags/example_params_ui_tutorial.py
[2026-06-13T17:55:06.313+0000] {logging_mixin.py:190} INFO - [2026-06-13T17:55:06.313+0000] {dag.py:3239} INFO - Sync 1 DAGs
[2026-06-13T17:55:06.485+0000] {logging_mixin.py:190} INFO - [2026-06-13T17:55:06.485+0000] {dag.py:4180} INFO - Setting next_dagrun for example_params_ui_tutorial to None, run_after=None
[2026-06-13T17:55:06.506+0000] {processor.py:208} INFO - Processing /home/airflow/.local/lib/python3.12/site-packages/airflow/example_dags/example_params_ui_tutorial.py took 0.250 seconds
[2026-06-13T17:55:37.702+0000] {processor.py:186} INFO - Started process (PID=7915) to work on /home/airflow/.local/lib/python3.12/site-packages/airflow/example_dags/example_params_ui_tutorial.py
[2026-06-13T17:55:37.704+0000] {processor.py:914} INFO - Processing file /home/airflow/.local/lib/python3.12/site-packages/airflow/example_dags/example_params_ui_tutorial.py for tasks to queue
[2026-06-13T17:55:37.709+0000] {logging_mixin.py:190} INFO - [2026-06-13T17:55:37.708+0000] {dagbag.py:588} INFO - Filling up the DagBag from /home/airflow/.local/lib/python3.12/site-packages/airflow/example_dags/example_params_ui_tutorial.py
[2026-06-13T17:55:37.718+0000] {processor.py:925} INFO - DAG(s) 'example_params_ui_tutorial' retrieved from /home/airflow/.local/lib/python3.12/site-packages/airflow/example_dags/example_params_ui_tutorial.py
[2026-06-13T17:55:37.768+0000] {logging_mixin.py:190} INFO - [2026-06-13T17:55:37.768+0000] {dag.py:3239} INFO - Sync 1 DAGs
[2026-06-13T17:55:37.951+0000] {logging_mixin.py:190} INFO - [2026-06-13T17:55:37.951+0000] {dag.py:4180} INFO - Setting next_dagrun for example_params_ui_tutorial to None, run_after=None
[2026-06-13T17:55:37.973+0000] {processor.py:208} INFO - Processing /home/airflow/.local/lib/python3.12/site-packages/airflow/example_dags/example_params_ui_tutorial.py took 0.279 seconds
[2026-06-13T17:56:08.827+0000] {processor.py:186} INFO - Started process (PID=7978) to work on /home/airflow/.local/lib/python3.12/site-packages/airflow/example_dags/example_params_ui_tutorial.py
[2026-06-13T17:56:08.829+0000] {processor.py:914} INFO - Processing file /home/airflow/.local/lib/python3.12/site-packages/airflow/example_dags/example_params_ui_tutorial.py for tasks to queue
[2026-06-13T17:56:08.831+0000] {logging_mixin.py:190} INFO - [2026-06-13T17:56:08.831+0000] {dagbag.py:588} INFO - Filling up the DagBag from /home/airflow/.local/lib/python3.12/site-packages/airflow/example_dags/example_params_ui_tutorial.py
[2026-06-13T17:56:08.840+0000] {processor.py:925} INFO - DAG(s) 'example_params_ui_tutorial' retrieved from /home/airflow/.local/lib/python3.12/site-packages/airflow/example_dags/example_params_ui_tutorial.py
[2026-06-13T17:56:08.876+0000] {logging_mixin.py:190} INFO - [2026-06-13T17:56:08.876+0000] {dag.py:3239} INFO - Sync 1 DAGs
[2026-06-13T17:56:08.891+0000] {logging_mixin.py:190} INFO - [2026-06-13T17:56:08.891+0000] {dag.py:4180} INFO - Setting next_dagrun for example_params_ui_tutorial to None, run_after=None
[2026-06-13T17:56:08.927+0000] {processor.py:208} INFO - Processing /home/airflow/.local/lib/python3.12/site-packages/airflow/example_dags/example_params_ui_tutorial.py took 0.105 seconds
[2026-06-13T17:56:39.512+0000] {processor.py:186} INFO - Started process (PID=8040) to work on /home/airflow/.local/lib/python3.12/site-packages/airflow/example_dags/example_params_ui_tutorial.py
[2026-06-13T17:56:39.513+0000] {processor.py:914} INFO - Processing file /home/airflow/.local/lib/python3.12/site-packages/airflow/example_dags/example_params_ui_tutorial.py for tasks to queue
[2026-06-13T17:56:39.516+0000] {logging_mixin.py:190} INFO - [2026-06-13T17:56:39.516+0000] {dagbag.py:588} INFO - Filling up the DagBag from /home/airflow/.local/lib/python3.12/site-packages/airflow/example_dags/example_params_ui_tutorial.py
[2026-06-13T17:56:39.523+0000] {processor.py:925} INFO - DAG(s) 'example_params_ui_tutorial' retrieved from /home/airflow/.local/lib/python3.12/site-packages/airflow/example_dags/example_params_ui_tutorial.py
[2026-06-13T17:56:39.561+0000] {logging_mixin.py:190} INFO - [2026-06-13T17:56:39.561+0000] {dag.py:3239} INFO - Sync 1 DAGs
[2026-06-13T17:56:39.574+0000] {logging_mixin.py:190} INFO - [2026-06-13T17:56:39.574+0000] {dag.py:4180} INFO - Setting next_dagrun for example_params_ui_tutorial to None, run_after=None
[2026-06-13T17:56:39.614+0000] {processor.py:208} INFO - Processing /home/airflow/.local/lib/python3.12/site-packages/airflow/example_dags/example_params_ui_tutorial.py took 0.107 seconds
[2026-06-13T17:57:10.007+0000] {processor.py:186} INFO - Started process (PID=8102) to work on /home/airflow/.local/lib/python3.12/site-packages/airflow/example_dags/example_params_ui_tutorial.py
[2026-06-13T17:57:10.010+0000] {processor.py:914} INFO - Processing file /home/airflow/.local/lib/python3.12/site-packages/airflow/example_dags/example_params_ui_tutorial.py for tasks to queue
[2026-06-13T17:57:10.017+0000] {logging_mixin.py:190} INFO - [2026-06-13T17:57:10.016+0000] {dagbag.py:588} INFO - Filling up the DagBag from /home/airflow/.local/lib/python3.12/site-packages/airflow/example_dags/example_params_ui_tutorial.py
[2026-06-13T17:57:10.037+0000] {processor.py:925} INFO - DAG(s) 'example_params_ui_tutorial' retrieved from /home/airflow/.local/lib/python3.12/site-packages/airflow/example_dags/example_params_ui_tutorial.py
[2026-06-13T17:57:10.096+0000] {logging_mixin.py:190} INFO - [2026-06-13T17:57:10.095+0000] {dag.py:3239} INFO - Sync 1 DAGs
[2026-06-13T17:57:10.120+0000] {logging_mixin.py:190} INFO - [2026-06-13T17:57:10.120+0000] {dag.py:4180} INFO - Setting next_dagrun for example_params_ui_tutorial to None, run_after=None
[2026-06-13T17:57:10.158+0000] {processor.py:208} INFO - Processing /home/airflow/.local/lib/python3.12/site-packages/airflow/example_dags/example_params_ui_tutorial.py took 0.162 seconds
[2026-06-13T17:57:40.764+0000] {processor.py:186} INFO - Started process (PID=8164) to work on /home/airflow/.local/lib/python3.12/site-packages/airflow/example_dags/example_params_ui_tutorial.py
[2026-06-13T17:57:40.766+0000] {processor.py:914} INFO - Processing file /home/airflow/.local/lib/python3.12/site-packages/airflow/example_dags/example_params_ui_tutorial.py for tasks to queue
[2026-06-13T17:57:40.769+0000] {logging_mixin.py:190} INFO - [2026-06-13T17:57:40.768+0000] {dagbag.py:588} INFO - Filling up the DagBag from /home/airflow/.local/lib/python3.12/site-packages/airflow/example_dags/example_params_ui_tutorial.py
[2026-06-13T17:57:40.777+0000] {processor.py:925} INFO - DAG(s) 'example_params_ui_tutorial' retrieved from /home/airflow/.local/lib/python3.12/site-packages/airflow/example_dags/example_params_ui_tutorial.py
[2026-06-13T17:57:40.813+0000] {logging_mixin.py:190} INFO - [2026-06-13T17:57:40.813+0000] {dag.py:3239} INFO - Sync 1 DAGs
[2026-06-13T17:57:40.825+0000] {logging_mixin.py:190} INFO - [2026-06-13T17:57:40.825+0000] {dag.py:4180} INFO - Setting next_dagrun for example_params_ui_tutorial to None, run_after=None
[2026-06-13T17:57:40.844+0000] {processor.py:208} INFO - Processing /home/airflow/.local/lib/python3.12/site-packages/airflow/example_dags/example_params_ui_tutorial.py took 0.091 seconds
[2026-06-13T17:58:11.656+0000] {processor.py:186} INFO - Started process (PID=8226) to work on /home/airflow/.local/lib/python3.12/site-packages/airflow/example_dags/example_params_ui_tutorial.py
[2026-06-13T17:58:11.657+0000] {processor.py:914} INFO - Processing file /home/airflow/.local/lib/python3.12/site-packages/airflow/example_dags/example_params_ui_tutorial.py for tasks to queue
[2026-06-13T17:58:11.660+0000] {logging_mixin.py:190} INFO - [2026-06-13T17:58:11.660+0000] {dagbag.py:588} INFO - Filling up the DagBag from /home/airflow/.local/lib/python3.12/site-packages/airflow/example_dags/example_params_ui_tutorial.py
[2026-06-13T17:58:11.669+0000] {processor.py:925} INFO - DAG(s) 'example_params_ui_tutorial' retrieved from /home/airflow/.local/lib/python3.12/site-packages/airflow/example_dags/example_params_ui_tutorial.py
[2026-06-13T17:58:11.705+0000] {logging_mixin.py:190} INFO - [2026-06-13T17:58:11.705+0000] {dag.py:3239} INFO - Sync 1 DAGs
[2026-06-13T17:58:11.718+0000] {logging_mixin.py:190} INFO - [2026-06-13T17:58:11.718+0000] {dag.py:4180} INFO - Setting next_dagrun for example_params_ui_tutorial to None, run_after=None
[2026-06-13T17:58:11.750+0000] {processor.py:208} INFO - Processing /home/airflow/.local/lib/python3.12/site-packages/airflow/example_dags/example_params_ui_tutorial.py took 0.099 seconds
[2026-06-13T17:58:42.351+0000] {processor.py:186} INFO - Started process (PID=8294) to work on /home/airflow/.local/lib/python3.12/site-packages/airflow/example_dags/example_params_ui_tutorial.py
[2026-06-13T17:58:42.352+0000] {processor.py:914} INFO - Processing file /home/airflow/.local/lib/python3.12/site-packages/airflow/example_dags/example_params_ui_tutorial.py for tasks to queue
[2026-06-13T17:58:42.355+0000] {logging_mixin.py:190} INFO - [2026-06-13T17:58:42.355+0000] {dagbag.py:588} INFO - Filling up the DagBag from /home/airflow/.local/lib/python3.12/site-packages/airflow/example_dags/example_params_ui_tutorial.py
[2026-06-13T17:58:42.363+0000] {processor.py:925} INFO - DAG(s) 'example_params_ui_tutorial' retrieved from /home/airflow/.local/lib/python3.12/site-packages/airflow/example_dags/example_params_ui_tutorial.py
[2026-06-13T17:58:42.407+0000] {logging_mixin.py:190} INFO - [2026-06-13T17:58:42.407+0000] {dag.py:3239} INFO - Sync 1 DAGs
[2026-06-13T17:58:42.431+0000] {logging_mixin.py:190} INFO - [2026-06-13T17:58:42.430+0000] {dag.py:4180} INFO - Setting next_dagrun for example_params_ui_tutorial to None, run_after=None
[2026-06-13T17:58:42.469+0000] {processor.py:208} INFO - Processing /home/airflow/.local/lib/python3.12/site-packages/airflow/example_dags/example_params_ui_tutorial.py took 0.122 seconds
[2026-06-13T17:59:13.141+0000] {processor.py:186} INFO - Started process (PID=8356) to work on /home/airflow/.local/lib/python3.12/site-packages/airflow/example_dags/example_params_ui_tutorial.py
[2026-06-13T17:59:13.142+0000] {processor.py:914} INFO - Processing file /home/airflow/.local/lib/python3.12/site-packages/airflow/example_dags/example_params_ui_tutorial.py for tasks to queue
[2026-06-13T17:59:13.145+0000] {logging_mixin.py:190} INFO - [2026-06-13T17:59:13.145+0000] {dagbag.py:588} INFO - Filling up the DagBag from /home/airflow/.local/lib/python3.12/site-packages/airflow/example_dags/example_params_ui_tutorial.py
[2026-06-13T17:59:13.153+0000] {processor.py:925} INFO - DAG(s) 'example_params_ui_tutorial' retrieved from /home/airflow/.local/lib/python3.12/site-packages/airflow/example_dags/example_params_ui_tutorial.py
[2026-06-13T17:59:13.186+0000] {logging_mixin.py:190} INFO - [2026-06-13T17:59:13.186+0000] {dag.py:3239} INFO - Sync 1 DAGs
[2026-06-13T17:59:13.200+0000] {logging_mixin.py:190} INFO - [2026-06-13T17:59:13.200+0000] {dag.py:4180} INFO - Setting next_dagrun for example_params_ui_tutorial to None, run_after=None
[2026-06-13T17:59:13.218+0000] {processor.py:208} INFO - Processing /home/airflow/.local/lib/python3.12/site-packages/airflow/example_dags/example_params_ui_tutorial.py took 0.082 seconds
[2026-06-13T17:59:43.363+0000] {processor.py:186} INFO - Started process (PID=8418) to work on /home/airflow/.local/lib/python3.12/site-packages/airflow/example_dags/example_params_ui_tutorial.py
[2026-06-13T17:59:43.365+0000] {processor.py:914} INFO - Processing file /home/airflow/.local/lib/python3.12/site-packages/airflow/example_dags/example_params_ui_tutorial.py for tasks to queue
[2026-06-13T17:59:43.367+0000] {logging_mixin.py:190} INFO - [2026-06-13T17:59:43.367+0000] {dagbag.py:588} INFO - Filling up the DagBag from /home/airflow/.local/lib/python3.12/site-packages/airflow/example_dags/example_params_ui_tutorial.py
[2026-06-13T17:59:43.375+0000] {processor.py:925} INFO - DAG(s) 'example_params_ui_tutorial' retrieved from /home/airflow/.local/lib/python3.12/site-packages/airflow/example_dags/example_params_ui_tutorial.py
[2026-06-13T17:59:43.408+0000] {logging_mixin.py:190} INFO - [2026-06-13T17:59:43.408+0000] {dag.py:3239} INFO - Sync 1 DAGs
[2026-06-13T17:59:43.420+0000] {logging_mixin.py:190} INFO - [2026-06-13T17:59:43.420+0000] {dag.py:4180} INFO - Setting next_dagrun for example_params_ui_tutorial to None, run_after=None
[2026-06-13T17:59:43.439+0000] {processor.py:208} INFO - Processing /home/airflow/.local/lib/python3.12/site-packages/airflow/example_dags/example_params_ui_tutorial.py took 0.082 seconds
[2026-06-13T18:00:14.067+0000] {processor.py:186} INFO - Started process (PID=8481) to work on /home/airflow/.local/lib/python3.12/site-packages/airflow/example_dags/example_params_ui_tutorial.py
[2026-06-13T18:00:14.069+0000] {processor.py:914} INFO - Processing file /home/airflow/.local/lib/python3.12/site-packages/airflow/example_dags/example_params_ui_tutorial.py for tasks to queue
[2026-06-13T18:00:14.071+0000] {logging_mixin.py:190} INFO - [2026-06-13T18:00:14.071+0000] {dagbag.py:588} INFO - Filling up the DagBag from /home/airflow/.local/lib/python3.12/site-packages/airflow/example_dags/example_params_ui_tutorial.py
[2026-06-13T18:00:14.081+0000] {processor.py:925} INFO - DAG(s) 'example_params_ui_tutorial' retrieved from /home/airflow/.local/lib/python3.12/site-packages/airflow/example_dags/example_params_ui_tutorial.py
[2026-06-13T18:00:14.120+0000] {logging_mixin.py:190} INFO - [2026-06-13T18:00:14.119+0000] {dag.py:3239} INFO - Sync 1 DAGs
[2026-06-13T18:00:14.136+0000] {logging_mixin.py:190} INFO - [2026-06-13T18:00:14.135+0000] {dag.py:4180} INFO - Setting next_dagrun for example_params_ui_tutorial to None, run_after=None
[2026-06-13T18:00:14.154+0000] {processor.py:208} INFO - Processing /home/airflow/.local/lib/python3.12/site-packages/airflow/example_dags/example_params_ui_tutorial.py took 0.091 seconds
[2026-06-13T18:00:44.375+0000] {processor.py:186} INFO - Started process (PID=8543) to work on /home/airflow/.local/lib/python3.12/site-packages/airflow/example_dags/example_params_ui_tutorial.py
[2026-06-13T18:00:44.377+0000] {processor.py:914} INFO - Processing file /home/airflow/.local/lib/python3.12/site-packages/airflow/example_dags/example_params_ui_tutorial.py for tasks to queue
[2026-06-13T18:00:44.380+0000] {logging_mixin.py:190} INFO - [2026-06-13T18:00:44.380+0000] {dagbag.py:588} INFO - Filling up the DagBag from /home/airflow/.local/lib/python3.12/site-packages/airflow/example_dags/example_params_ui_tutorial.py
[2026-06-13T18:00:44.387+0000] {processor.py:925} INFO - DAG(s) 'example_params_ui_tutorial' retrieved from /home/airflow/.local/lib/python3.12/site-packages/airflow/example_dags/example_params_ui_tutorial.py
[2026-06-13T18:00:44.421+0000] {logging_mixin.py:190} INFO - [2026-06-13T18:00:44.420+0000] {dag.py:3239} INFO - Sync 1 DAGs
[2026-06-13T18:00:44.433+0000] {logging_mixin.py:190} INFO - [2026-06-13T18:00:44.433+0000] {dag.py:4180} INFO - Setting next_dagrun for example_params_ui_tutorial to None, run_after=None
[2026-06-13T18:00:44.450+0000] {processor.py:208} INFO - Processing /home/airflow/.local/lib/python3.12/site-packages/airflow/example_dags/example_params_ui_tutorial.py took 0.079 seconds
[2026-06-13T18:01:15.190+0000] {processor.py:186} INFO - Started process (PID=8605) to work on /home/airflow/.local/lib/python3.12/site-packages/airflow/example_dags/example_params_ui_tutorial.py
[2026-06-13T18:01:15.191+0000] {processor.py:914} INFO - Processing file /home/airflow/.local/lib/python3.12/site-packages/airflow/example_dags/example_params_ui_tutorial.py for tasks to queue
[2026-06-13T18:01:15.196+0000] {logging_mixin.py:190} INFO - [2026-06-13T18:01:15.196+0000] {dagbag.py:588} INFO - Filling up the DagBag from /home/airflow/.local/lib/python3.12/site-packages/airflow/example_dags/example_params_ui_tutorial.py
[2026-06-13T18:01:15.209+0000] {processor.py:925} INFO - DAG(s) 'example_params_ui_tutorial' retrieved from /home/airflow/.local/lib/python3.12/site-packages/airflow/example_dags/example_params_ui_tutorial.py
[2026-06-13T18:01:15.261+0000] {logging_mixin.py:190} INFO - [2026-06-13T18:01:15.261+0000] {dag.py:3239} INFO - Sync 1 DAGs
[2026-06-13T18:01:15.282+0000] {logging_mixin.py:190} INFO - [2026-06-13T18:01:15.281+0000] {dag.py:4180} INFO - Setting next_dagrun for example_params_ui_tutorial to None, run_after=None
[2026-06-13T18:01:15.309+0000] {processor.py:208} INFO - Processing /home/airflow/.local/lib/python3.12/site-packages/airflow/example_dags/example_params_ui_tutorial.py took 0.128 seconds
[2026-06-13T18:01:45.425+0000] {processor.py:186} INFO - Started process (PID=8667) to work on /home/airflow/.local/lib/python3.12/site-packages/airflow/example_dags/example_params_ui_tutorial.py
[2026-06-13T18:01:45.426+0000] {processor.py:914} INFO - Processing file /home/airflow/.local/lib/python3.12/site-packages/airflow/example_dags/example_params_ui_tutorial.py for tasks to queue
[2026-06-13T18:01:45.429+0000] {logging_mixin.py:190} INFO - [2026-06-13T18:01:45.428+0000] {dagbag.py:588} INFO - Filling up the DagBag from /home/airflow/.local/lib/python3.12/site-packages/airflow/example_dags/example_params_ui_tutorial.py
[2026-06-13T18:01:45.435+0000] {processor.py:925} INFO - DAG(s) 'example_params_ui_tutorial' retrieved from /home/airflow/.local/lib/python3.12/site-packages/airflow/example_dags/example_params_ui_tutorial.py
[2026-06-13T18:01:45.469+0000] {logging_mixin.py:190} INFO - [2026-06-13T18:01:45.469+0000] {dag.py:3239} INFO - Sync 1 DAGs
[2026-06-13T18:01:45.483+0000] {logging_mixin.py:190} INFO - [2026-06-13T18:01:45.483+0000] {dag.py:4180} INFO - Setting next_dagrun for example_params_ui_tutorial to None, run_after=None
[2026-06-13T18:01:45.500+0000] {processor.py:208} INFO - Processing /home/airflow/.local/lib/python3.12/site-packages/airflow/example_dags/example_params_ui_tutorial.py took 0.081 seconds
[2026-06-13T18:02:16.353+0000] {processor.py:186} INFO - Started process (PID=8729) to work on /home/airflow/.local/lib/python3.12/site-packages/airflow/example_dags/example_params_ui_tutorial.py
[2026-06-13T18:02:16.354+0000] {processor.py:914} INFO - Processing file /home/airflow/.local/lib/python3.12/site-packages/airflow/example_dags/example_params_ui_tutorial.py for tasks to queue
[2026-06-13T18:02:16.356+0000] {logging_mixin.py:190} INFO - [2026-06-13T18:02:16.356+0000] {dagbag.py:588} INFO - Filling up the DagBag from /home/airflow/.local/lib/python3.12/site-packages/airflow/example_dags/example_params_ui_tutorial.py
[2026-06-13T18:02:16.364+0000] {processor.py:925} INFO - DAG(s) 'example_params_ui_tutorial' retrieved from /home/airflow/.local/lib/python3.12/site-packages/airflow/example_dags/example_params_ui_tutorial.py
[2026-06-13T18:02:16.401+0000] {logging_mixin.py:190} INFO - [2026-06-13T18:02:16.401+0000] {dag.py:3239} INFO - Sync 1 DAGs
[2026-06-13T18:02:16.414+0000] {logging_mixin.py:190} INFO - [2026-06-13T18:02:16.414+0000] {dag.py:4180} INFO - Setting next_dagrun for example_params_ui_tutorial to None, run_after=None
[2026-06-13T18:02:16.432+0000] {processor.py:208} INFO - Processing /home/airflow/.local/lib/python3.12/site-packages/airflow/example_dags/example_params_ui_tutorial.py took 0.087 seconds
[2026-06-13T18:02:46.686+0000] {processor.py:186} INFO - Started process (PID=8790) to work on /home/airflow/.local/lib/python3.12/site-packages/airflow/example_dags/example_params_ui_tutorial.py
[2026-06-13T18:02:46.688+0000] {processor.py:914} INFO - Processing file /home/airflow/.local/lib/python3.12/site-packages/airflow/example_dags/example_params_ui_tutorial.py for tasks to queue
[2026-06-13T18:02:46.691+0000] {logging_mixin.py:190} INFO - [2026-06-13T18:02:46.690+0000] {dagbag.py:588} INFO - Filling up the DagBag from /home/airflow/.local/lib/python3.12/site-packages/airflow/example_dags/example_params_ui_tutorial.py
[2026-06-13T18:02:46.698+0000] {processor.py:925} INFO - DAG(s) 'example_params_ui_tutorial' retrieved from /home/airflow/.local/lib/python3.12/site-packages/airflow/example_dags/example_params_ui_tutorial.py
[2026-06-13T18:02:46.736+0000] {logging_mixin.py:190} INFO - [2026-06-13T18:02:46.736+0000] {dag.py:3239} INFO - Sync 1 DAGs
[2026-06-13T18:02:46.750+0000] {logging_mixin.py:190} INFO - [2026-06-13T18:02:46.750+0000] {dag.py:4180} INFO - Setting next_dagrun for example_params_ui_tutorial to None, run_after=None
[2026-06-13T18:02:46.775+0000] {processor.py:208} INFO - Processing /home/airflow/.local/lib/python3.12/site-packages/airflow/example_dags/example_params_ui_tutorial.py took 0.093 seconds
[2026-06-13T18:03:17.045+0000] {processor.py:186} INFO - Started process (PID=8852) to work on /home/airflow/.local/lib/python3.12/site-packages/airflow/example_dags/example_params_ui_tutorial.py
[2026-06-13T18:03:17.046+0000] {processor.py:914} INFO - Processing file /home/airflow/.local/lib/python3.12/site-packages/airflow/example_dags/example_params_ui_tutorial.py for tasks to queue
[2026-06-13T18:03:17.049+0000] {logging_mixin.py:190} INFO - [2026-06-13T18:03:17.048+0000] {dagbag.py:588} INFO - Filling up the DagBag from /home/airflow/.local/lib/python3.12/site-packages/airflow/example_dags/example_params_ui_tutorial.py
[2026-06-13T18:03:17.056+0000] {processor.py:925} INFO - DAG(s) 'example_params_ui_tutorial' retrieved from /home/airflow/.local/lib/python3.12/site-packages/airflow/example_dags/example_params_ui_tutorial.py
[2026-06-13T18:03:17.096+0000] {logging_mixin.py:190} INFO - [2026-06-13T18:03:17.096+0000] {dag.py:3239} INFO - Sync 1 DAGs
[2026-06-13T18:03:17.111+0000] {logging_mixin.py:190} INFO - [2026-06-13T18:03:17.110+0000] {dag.py:4180} INFO - Setting next_dagrun for example_params_ui_tutorial to None, run_after=None
[2026-06-13T18:03:17.132+0000] {processor.py:208} INFO - Processing /home/airflow/.local/lib/python3.12/site-packages/airflow/example_dags/example_params_ui_tutorial.py took 0.092 seconds
[2026-06-13T18:03:47.227+0000] {processor.py:186} INFO - Started process (PID=8914) to work on /home/airflow/.local/lib/python3.12/site-packages/airflow/example_dags/example_params_ui_tutorial.py
[2026-06-13T18:03:47.228+0000] {processor.py:914} INFO - Processing file /home/airflow/.local/lib/python3.12/site-packages/airflow/example_dags/example_params_ui_tutorial.py for tasks to queue
[2026-06-13T18:03:47.230+0000] {logging_mixin.py:190} INFO - [2026-06-13T18:03:47.230+0000] {dagbag.py:588} INFO - Filling up the DagBag from /home/airflow/.local/lib/python3.12/site-packages/airflow/example_dags/example_params_ui_tutorial.py
[2026-06-13T18:03:47.238+0000] {processor.py:925} INFO - DAG(s) 'example_params_ui_tutorial' retrieved from /home/airflow/.local/lib/python3.12/site-packages/airflow/example_dags/example_params_ui_tutorial.py
[2026-06-13T18:03:47.272+0000] {logging_mixin.py:190} INFO - [2026-06-13T18:03:47.271+0000] {dag.py:3239} INFO - Sync 1 DAGs
[2026-06-13T18:03:47.287+0000] {logging_mixin.py:190} INFO - [2026-06-13T18:03:47.286+0000] {dag.py:4180} INFO - Setting next_dagrun for example_params_ui_tutorial to None, run_after=None
[2026-06-13T18:03:47.312+0000] {processor.py:208} INFO - Processing /home/airflow/.local/lib/python3.12/site-packages/airflow/example_dags/example_params_ui_tutorial.py took 0.091 seconds
[2026-06-13T18:04:17.659+0000] {processor.py:186} INFO - Started process (PID=8976) to work on /home/airflow/.local/lib/python3.12/site-packages/airflow/example_dags/example_params_ui_tutorial.py
[2026-06-13T18:04:17.660+0000] {processor.py:914} INFO - Processing file /home/airflow/.local/lib/python3.12/site-packages/airflow/example_dags/example_params_ui_tutorial.py for tasks to queue
[2026-06-13T18:04:17.663+0000] {logging_mixin.py:190} INFO - [2026-06-13T18:04:17.663+0000] {dagbag.py:588} INFO - Filling up the DagBag from /home/airflow/.local/lib/python3.12/site-packages/airflow/example_dags/example_params_ui_tutorial.py
[2026-06-13T18:04:17.673+0000] {processor.py:925} INFO - DAG(s) 'example_params_ui_tutorial' retrieved from /home/airflow/.local/lib/python3.12/site-packages/airflow/example_dags/example_params_ui_tutorial.py
[2026-06-13T18:04:17.708+0000] {logging_mixin.py:190} INFO - [2026-06-13T18:04:17.708+0000] {dag.py:3239} INFO - Sync 1 DAGs
[2026-06-13T18:04:17.721+0000] {logging_mixin.py:190} INFO - [2026-06-13T18:04:17.721+0000] {dag.py:4180} INFO - Setting next_dagrun for example_params_ui_tutorial to None, run_after=None
[2026-06-13T18:04:17.742+0000] {processor.py:208} INFO - Processing /home/airflow/.local/lib/python3.12/site-packages/airflow/example_dags/example_params_ui_tutorial.py took 0.089 seconds
[2026-06-13T18:04:48.070+0000] {processor.py:186} INFO - Started process (PID=9038) to work on /home/airflow/.local/lib/python3.12/site-packages/airflow/example_dags/example_params_ui_tutorial.py
[2026-06-13T18:04:48.072+0000] {processor.py:914} INFO - Processing file /home/airflow/.local/lib/python3.12/site-packages/airflow/example_dags/example_params_ui_tutorial.py for tasks to queue
[2026-06-13T18:04:48.075+0000] {logging_mixin.py:190} INFO - [2026-06-13T18:04:48.075+0000] {dagbag.py:588} INFO - Filling up the DagBag from /home/airflow/.local/lib/python3.12/site-packages/airflow/example_dags/example_params_ui_tutorial.py
[2026-06-13T18:04:48.085+0000] {processor.py:925} INFO - DAG(s) 'example_params_ui_tutorial' retrieved from /home/airflow/.local/lib/python3.12/site-packages/airflow/example_dags/example_params_ui_tutorial.py
[2026-06-13T18:04:48.130+0000] {logging_mixin.py:190} INFO - [2026-06-13T18:04:48.130+0000] {dag.py:3239} INFO - Sync 1 DAGs
[2026-06-13T18:04:48.144+0000] {logging_mixin.py:190} INFO - [2026-06-13T18:04:48.144+0000] {dag.py:4180} INFO - Setting next_dagrun for example_params_ui_tutorial to None, run_after=None
[2026-06-13T18:04:48.166+0000] {processor.py:208} INFO - Processing /home/airflow/.local/lib/python3.12/site-packages/airflow/example_dags/example_params_ui_tutorial.py took 0.101 seconds
[2026-06-13T18:05:18.378+0000] {processor.py:186} INFO - Started process (PID=9100) to work on /home/airflow/.local/lib/python3.12/site-packages/airflow/example_dags/example_params_ui_tutorial.py
[2026-06-13T18:05:18.380+0000] {processor.py:914} INFO - Processing file /home/airflow/.local/lib/python3.12/site-packages/airflow/example_dags/example_params_ui_tutorial.py for tasks to queue
[2026-06-13T18:05:18.385+0000] {logging_mixin.py:190} INFO - [2026-06-13T18:05:18.384+0000] {dagbag.py:588} INFO - Filling up the DagBag from /home/airflow/.local/lib/python3.12/site-packages/airflow/example_dags/example_params_ui_tutorial.py
[2026-06-13T18:05:18.397+0000] {processor.py:925} INFO - DAG(s) 'example_params_ui_tutorial' retrieved from /home/airflow/.local/lib/python3.12/site-packages/airflow/example_dags/example_params_ui_tutorial.py
[2026-06-13T18:05:18.441+0000] {logging_mixin.py:190} INFO - [2026-06-13T18:05:18.441+0000] {dag.py:3239} INFO - Sync 1 DAGs
[2026-06-13T18:05:18.456+0000] {logging_mixin.py:190} INFO - [2026-06-13T18:05:18.456+0000] {dag.py:4180} INFO - Setting next_dagrun for example_params_ui_tutorial to None, run_after=None
[2026-06-13T18:05:18.479+0000] {processor.py:208} INFO - Processing /home/airflow/.local/lib/python3.12/site-packages/airflow/example_dags/example_params_ui_tutorial.py took 0.108 seconds
[2026-06-13T18:05:48.602+0000] {processor.py:186} INFO - Started process (PID=9163) to work on /home/airflow/.local/lib/python3.12/site-packages/airflow/example_dags/example_params_ui_tutorial.py
[2026-06-13T18:05:48.604+0000] {processor.py:914} INFO - Processing file /home/airflow/.local/lib/python3.12/site-packages/airflow/example_dags/example_params_ui_tutorial.py for tasks to queue
[2026-06-13T18:05:48.610+0000] {logging_mixin.py:190} INFO - [2026-06-13T18:05:48.609+0000] {dagbag.py:588} INFO - Filling up the DagBag from /home/airflow/.local/lib/python3.12/site-packages/airflow/example_dags/example_params_ui_tutorial.py
[2026-06-13T18:05:48.621+0000] {processor.py:925} INFO - DAG(s) 'example_params_ui_tutorial' retrieved from /home/airflow/.local/lib/python3.12/site-packages/airflow/example_dags/example_params_ui_tutorial.py
[2026-06-13T18:05:48.680+0000] {logging_mixin.py:190} INFO - [2026-06-13T18:05:48.680+0000] {dag.py:3239} INFO - Sync 1 DAGs
[2026-06-13T18:05:48.699+0000] {logging_mixin.py:190} INFO - [2026-06-13T18:05:48.698+0000] {dag.py:4180} INFO - Setting next_dagrun for example_params_ui_tutorial to None, run_after=None
[2026-06-13T18:05:48.731+0000] {processor.py:208} INFO - Processing /home/airflow/.local/lib/python3.12/site-packages/airflow/example_dags/example_params_ui_tutorial.py took 0.137 seconds
[2026-06-13T18:06:18.853+0000] {processor.py:186} INFO - Started process (PID=9225) to work on /home/airflow/.local/lib/python3.12/site-packages/airflow/example_dags/example_params_ui_tutorial.py
[2026-06-13T18:06:18.854+0000] {processor.py:914} INFO - Processing file /home/airflow/.local/lib/python3.12/site-packages/airflow/example_dags/example_params_ui_tutorial.py for tasks to queue
[2026-06-13T18:06:18.857+0000] {logging_mixin.py:190} INFO - [2026-06-13T18:06:18.857+0000] {dagbag.py:588} INFO - Filling up the DagBag from /home/airflow/.local/lib/python3.12/site-packages/airflow/example_dags/example_params_ui_tutorial.py
[2026-06-13T18:06:18.866+0000] {processor.py:925} INFO - DAG(s) 'example_params_ui_tutorial' retrieved from /home/airflow/.local/lib/python3.12/site-packages/airflow/example_dags/example_params_ui_tutorial.py
[2026-06-13T18:06:18.901+0000] {logging_mixin.py:190} INFO - [2026-06-13T18:06:18.901+0000] {dag.py:3239} INFO - Sync 1 DAGs
[2026-06-13T18:06:18.912+0000] {logging_mixin.py:190} INFO - [2026-06-13T18:06:18.912+0000] {dag.py:4180} INFO - Setting next_dagrun for example_params_ui_tutorial to None, run_after=None
[2026-06-13T18:06:18.931+0000] {processor.py:208} INFO - Processing /home/airflow/.local/lib/python3.12/site-packages/airflow/example_dags/example_params_ui_tutorial.py took 0.085 seconds
[2026-06-13T18:06:49.287+0000] {processor.py:186} INFO - Started process (PID=9287) to work on /home/airflow/.local/lib/python3.12/site-packages/airflow/example_dags/example_params_ui_tutorial.py
[2026-06-13T18:06:49.288+0000] {processor.py:914} INFO - Processing file /home/airflow/.local/lib/python3.12/site-packages/airflow/example_dags/example_params_ui_tutorial.py for tasks to queue
[2026-06-13T18:06:49.291+0000] {logging_mixin.py:190} INFO - [2026-06-13T18:06:49.291+0000] {dagbag.py:588} INFO - Filling up the DagBag from /home/airflow/.local/lib/python3.12/site-packages/airflow/example_dags/example_params_ui_tutorial.py
[2026-06-13T18:06:49.298+0000] {processor.py:925} INFO - DAG(s) 'example_params_ui_tutorial' retrieved from /home/airflow/.local/lib/python3.12/site-packages/airflow/example_dags/example_params_ui_tutorial.py
[2026-06-13T18:06:49.329+0000] {logging_mixin.py:190} INFO - [2026-06-13T18:06:49.329+0000] {dag.py:3239} INFO - Sync 1 DAGs
[2026-06-13T18:06:49.340+0000] {logging_mixin.py:190} INFO - [2026-06-13T18:06:49.340+0000] {dag.py:4180} INFO - Setting next_dagrun for example_params_ui_tutorial to None, run_after=None
[2026-06-13T18:06:49.359+0000] {processor.py:208} INFO - Processing /home/airflow/.local/lib/python3.12/site-packages/airflow/example_dags/example_params_ui_tutorial.py took 0.077 seconds
[2026-06-13T18:07:19.686+0000] {processor.py:186} INFO - Started process (PID=9349) to work on /home/airflow/.local/lib/python3.12/site-packages/airflow/example_dags/example_params_ui_tutorial.py
[2026-06-13T18:07:19.687+0000] {processor.py:914} INFO - Processing file /home/airflow/.local/lib/python3.12/site-packages/airflow/example_dags/example_params_ui_tutorial.py for tasks to queue
[2026-06-13T18:07:19.691+0000] {logging_mixin.py:190} INFO - [2026-06-13T18:07:19.690+0000] {dagbag.py:588} INFO - Filling up the DagBag from /home/airflow/.local/lib/python3.12/site-packages/airflow/example_dags/example_params_ui_tutorial.py
[2026-06-13T18:07:19.703+0000] {processor.py:925} INFO - DAG(s) 'example_params_ui_tutorial' retrieved from /home/airflow/.local/lib/python3.12/site-packages/airflow/example_dags/example_params_ui_tutorial.py
[2026-06-13T18:07:19.746+0000] {logging_mixin.py:190} INFO - [2026-06-13T18:07:19.746+0000] {dag.py:3239} INFO - Sync 1 DAGs
[2026-06-13T18:07:19.758+0000] {logging_mixin.py:190} INFO - [2026-06-13T18:07:19.758+0000] {dag.py:4180} INFO - Setting next_dagrun for example_params_ui_tutorial to None, run_after=None
[2026-06-13T18:07:19.779+0000] {processor.py:208} INFO - Processing /home/airflow/.local/lib/python3.12/site-packages/airflow/example_dags/example_params_ui_tutorial.py took 0.100 seconds
[2026-06-13T18:07:49.991+0000] {processor.py:186} INFO - Started process (PID=9411) to work on /home/airflow/.local/lib/python3.12/site-packages/airflow/example_dags/example_params_ui_tutorial.py
[2026-06-13T18:07:49.992+0000] {processor.py:914} INFO - Processing file /home/airflow/.local/lib/python3.12/site-packages/airflow/example_dags/example_params_ui_tutorial.py for tasks to queue
[2026-06-13T18:07:49.995+0000] {logging_mixin.py:190} INFO - [2026-06-13T18:07:49.995+0000] {dagbag.py:588} INFO - Filling up the DagBag from /home/airflow/.local/lib/python3.12/site-packages/airflow/example_dags/example_params_ui_tutorial.py
[2026-06-13T18:07:50.002+0000] {processor.py:925} INFO - DAG(s) 'example_params_ui_tutorial' retrieved from /home/airflow/.local/lib/python3.12/site-packages/airflow/example_dags/example_params_ui_tutorial.py
[2026-06-13T18:07:50.038+0000] {logging_mixin.py:190} INFO - [2026-06-13T18:07:50.038+0000] {dag.py:3239} INFO - Sync 1 DAGs
[2026-06-13T18:07:50.050+0000] {logging_mixin.py:190} INFO - [2026-06-13T18:07:50.050+0000] {dag.py:4180} INFO - Setting next_dagrun for example_params_ui_tutorial to None, run_after=None
[2026-06-13T18:07:50.069+0000] {processor.py:208} INFO - Processing /home/airflow/.local/lib/python3.12/site-packages/airflow/example_dags/example_params_ui_tutorial.py took 0.084 seconds
[2026-06-13T18:08:20.569+0000] {processor.py:186} INFO - Started process (PID=9473) to work on /home/airflow/.local/lib/python3.12/site-packages/airflow/example_dags/example_params_ui_tutorial.py
[2026-06-13T18:08:20.570+0000] {processor.py:914} INFO - Processing file /home/airflow/.local/lib/python3.12/site-packages/airflow/example_dags/example_params_ui_tutorial.py for tasks to queue
[2026-06-13T18:08:20.573+0000] {logging_mixin.py:190} INFO - [2026-06-13T18:08:20.572+0000] {dagbag.py:588} INFO - Filling up the DagBag from /home/airflow/.local/lib/python3.12/site-packages/airflow/example_dags/example_params_ui_tutorial.py
[2026-06-13T18:08:20.582+0000] {processor.py:925} INFO - DAG(s) 'example_params_ui_tutorial' retrieved from /home/airflow/.local/lib/python3.12/site-packages/airflow/example_dags/example_params_ui_tutorial.py
[2026-06-13T18:08:20.620+0000] {logging_mixin.py:190} INFO - [2026-06-13T18:08:20.619+0000] {dag.py:3239} INFO - Sync 1 DAGs
[2026-06-13T18:08:20.634+0000] {logging_mixin.py:190} INFO - [2026-06-13T18:08:20.634+0000] {dag.py:4180} INFO - Setting next_dagrun for example_params_ui_tutorial to None, run_after=None
[2026-06-13T18:08:20.660+0000] {processor.py:208} INFO - Processing /home/airflow/.local/lib/python3.12/site-packages/airflow/example_dags/example_params_ui_tutorial.py took 0.097 seconds
