[2026-06-13T16:50:40.023+0000] {processor.py:186} INFO - Started process (PID=102) to work on /home/airflow/.local/lib/python3.12/site-packages/airflow/example_dags/example_bash_decorator.py
[2026-06-13T16:50:40.025+0000] {processor.py:914} INFO - Processing file /home/airflow/.local/lib/python3.12/site-packages/airflow/example_dags/example_bash_decorator.py for tasks to queue
[2026-06-13T16:50:40.028+0000] {logging_mixin.py:190} INFO - [2026-06-13T16:50:40.027+0000] {dagbag.py:588} INFO - Filling up the DagBag from /home/airflow/.local/lib/python3.12/site-packages/airflow/example_dags/example_bash_decorator.py
[2026-06-13T16:50:40.047+0000] {processor.py:925} INFO - DAG(s) 'example_bash_decorator' retrieved from /home/airflow/.local/lib/python3.12/site-packages/airflow/example_dags/example_bash_decorator.py
[2026-06-13T16:50:40.197+0000] {logging_mixin.py:190} INFO - [2026-06-13T16:50:40.196+0000] {override.py:1900} INFO - Created Permission View: can edit on DAG:example_bash_decorator
[2026-06-13T16:50:40.211+0000] {logging_mixin.py:190} INFO - [2026-06-13T16:50:40.210+0000] {override.py:1900} INFO - Created Permission View: can read on DAG:example_bash_decorator
[2026-06-13T16:50:40.223+0000] {logging_mixin.py:190} INFO - [2026-06-13T16:50:40.222+0000] {override.py:1900} INFO - Created Permission View: can delete on DAG:example_bash_decorator
[2026-06-13T16:50:40.241+0000] {logging_mixin.py:190} INFO - [2026-06-13T16:50:40.241+0000] {override.py:1900} INFO - Created Permission View: can read on DAG Run:example_bash_decorator
[2026-06-13T16:50:40.250+0000] {logging_mixin.py:190} INFO - [2026-06-13T16:50:40.250+0000] {override.py:1900} INFO - Created Permission View: can create on DAG Run:example_bash_decorator
[2026-06-13T16:50:40.270+0000] {logging_mixin.py:190} INFO - [2026-06-13T16:50:40.270+0000] {override.py:1900} INFO - Created Permission View: menu access on DAG Run:example_bash_decorator
[2026-06-13T16:50:40.292+0000] {logging_mixin.py:190} INFO - [2026-06-13T16:50:40.291+0000] {override.py:1900} INFO - Created Permission View: can delete on DAG Run:example_bash_decorator
[2026-06-13T16:50:40.293+0000] {logging_mixin.py:190} INFO - [2026-06-13T16:50:40.293+0000] {dag.py:3239} INFO - Sync 1 DAGs
[2026-06-13T16:50:40.310+0000] {logging_mixin.py:190} INFO - [2026-06-13T16:50:40.310+0000] {dag.py:3262} INFO - Creating ORM DAG for example_bash_decorator
[2026-06-13T16:50:40.312+0000] {logging_mixin.py:190} INFO - [2026-06-13T16:50:40.312+0000] {dag.py:4180} INFO - Setting next_dagrun for example_bash_decorator to None, run_after=None
[2026-06-13T16:50:40.336+0000] {processor.py:208} INFO - Processing /home/airflow/.local/lib/python3.12/site-packages/airflow/example_dags/example_bash_decorator.py took 0.321 seconds
[2026-06-13T16:51:10.851+0000] {processor.py:186} INFO - Started process (PID=163) to work on /home/airflow/.local/lib/python3.12/site-packages/airflow/example_dags/example_bash_decorator.py
[2026-06-13T16:51:10.853+0000] {processor.py:914} INFO - Processing file /home/airflow/.local/lib/python3.12/site-packages/airflow/example_dags/example_bash_decorator.py for tasks to queue
[2026-06-13T16:51:10.857+0000] {logging_mixin.py:190} INFO - [2026-06-13T16:51:10.857+0000] {dagbag.py:588} INFO - Filling up the DagBag from /home/airflow/.local/lib/python3.12/site-packages/airflow/example_dags/example_bash_decorator.py
[2026-06-13T16:51:10.873+0000] {processor.py:925} INFO - DAG(s) 'example_bash_decorator' retrieved from /home/airflow/.local/lib/python3.12/site-packages/airflow/example_dags/example_bash_decorator.py
[2026-06-13T16:51:10.897+0000] {logging_mixin.py:190} INFO - [2026-06-13T16:51:10.897+0000] {dag.py:3239} INFO - Sync 1 DAGs
[2026-06-13T16:51:10.912+0000] {logging_mixin.py:190} INFO - [2026-06-13T16:51:10.911+0000] {dag.py:4180} INFO - Setting next_dagrun for example_bash_decorator to None, run_after=None
[2026-06-13T16:51:10.937+0000] {processor.py:208} INFO - Processing /home/airflow/.local/lib/python3.12/site-packages/airflow/example_dags/example_bash_decorator.py took 0.093 seconds
[2026-06-13T16:51:41.116+0000] {processor.py:186} INFO - Started process (PID=225) to work on /home/airflow/.local/lib/python3.12/site-packages/airflow/example_dags/example_bash_decorator.py
[2026-06-13T16:51:41.117+0000] {processor.py:914} INFO - Processing file /home/airflow/.local/lib/python3.12/site-packages/airflow/example_dags/example_bash_decorator.py for tasks to queue
[2026-06-13T16:51:41.120+0000] {logging_mixin.py:190} INFO - [2026-06-13T16:51:41.120+0000] {dagbag.py:588} INFO - Filling up the DagBag from /home/airflow/.local/lib/python3.12/site-packages/airflow/example_dags/example_bash_decorator.py
[2026-06-13T16:51:41.135+0000] {processor.py:925} INFO - DAG(s) 'example_bash_decorator' retrieved from /home/airflow/.local/lib/python3.12/site-packages/airflow/example_dags/example_bash_decorator.py
[2026-06-13T16:51:41.160+0000] {logging_mixin.py:190} INFO - [2026-06-13T16:51:41.160+0000] {dag.py:3239} INFO - Sync 1 DAGs
[2026-06-13T16:51:41.175+0000] {logging_mixin.py:190} INFO - [2026-06-13T16:51:41.175+0000] {dag.py:4180} INFO - Setting next_dagrun for example_bash_decorator to None, run_after=None
[2026-06-13T16:51:41.195+0000] {processor.py:208} INFO - Processing /home/airflow/.local/lib/python3.12/site-packages/airflow/example_dags/example_bash_decorator.py took 0.085 seconds
[2026-06-13T16:52:11.758+0000] {processor.py:186} INFO - Started process (PID=287) to work on /home/airflow/.local/lib/python3.12/site-packages/airflow/example_dags/example_bash_decorator.py
[2026-06-13T16:52:11.760+0000] {processor.py:914} INFO - Processing file /home/airflow/.local/lib/python3.12/site-packages/airflow/example_dags/example_bash_decorator.py for tasks to queue
[2026-06-13T16:52:11.763+0000] {logging_mixin.py:190} INFO - [2026-06-13T16:52:11.762+0000] {dagbag.py:588} INFO - Filling up the DagBag from /home/airflow/.local/lib/python3.12/site-packages/airflow/example_dags/example_bash_decorator.py
[2026-06-13T16:52:11.777+0000] {processor.py:925} INFO - DAG(s) 'example_bash_decorator' retrieved from /home/airflow/.local/lib/python3.12/site-packages/airflow/example_dags/example_bash_decorator.py
[2026-06-13T16:52:11.798+0000] {logging_mixin.py:190} INFO - [2026-06-13T16:52:11.798+0000] {dag.py:3239} INFO - Sync 1 DAGs
[2026-06-13T16:52:11.813+0000] {logging_mixin.py:190} INFO - [2026-06-13T16:52:11.813+0000] {dag.py:4180} INFO - Setting next_dagrun for example_bash_decorator to None, run_after=None
[2026-06-13T16:52:11.833+0000] {processor.py:208} INFO - Processing /home/airflow/.local/lib/python3.12/site-packages/airflow/example_dags/example_bash_decorator.py took 0.080 seconds
[2026-06-13T16:53:31.589+0000] {processor.py:186} INFO - Started process (PID=343) to work on /home/airflow/.local/lib/python3.12/site-packages/airflow/example_dags/example_bash_decorator.py
[2026-06-13T16:53:31.591+0000] {processor.py:914} INFO - Processing file /home/airflow/.local/lib/python3.12/site-packages/airflow/example_dags/example_bash_decorator.py for tasks to queue
[2026-06-13T16:53:31.593+0000] {logging_mixin.py:190} INFO - [2026-06-13T16:53:31.593+0000] {dagbag.py:588} INFO - Filling up the DagBag from /home/airflow/.local/lib/python3.12/site-packages/airflow/example_dags/example_bash_decorator.py
[2026-06-13T16:53:31.607+0000] {processor.py:925} INFO - DAG(s) 'example_bash_decorator' retrieved from /home/airflow/.local/lib/python3.12/site-packages/airflow/example_dags/example_bash_decorator.py
[2026-06-13T16:53:31.632+0000] {logging_mixin.py:190} INFO - [2026-06-13T16:53:31.631+0000] {dag.py:3239} INFO - Sync 1 DAGs
[2026-06-13T16:53:31.644+0000] {logging_mixin.py:190} INFO - [2026-06-13T16:53:31.644+0000] {dag.py:4180} INFO - Setting next_dagrun for example_bash_decorator to None, run_after=None
[2026-06-13T16:53:31.665+0000] {processor.py:208} INFO - Processing /home/airflow/.local/lib/python3.12/site-packages/airflow/example_dags/example_bash_decorator.py took 0.081 seconds
[2026-06-13T16:54:02.353+0000] {processor.py:186} INFO - Started process (PID=405) to work on /home/airflow/.local/lib/python3.12/site-packages/airflow/example_dags/example_bash_decorator.py
[2026-06-13T16:54:02.355+0000] {processor.py:914} INFO - Processing file /home/airflow/.local/lib/python3.12/site-packages/airflow/example_dags/example_bash_decorator.py for tasks to queue
[2026-06-13T16:54:02.361+0000] {logging_mixin.py:190} INFO - [2026-06-13T16:54:02.360+0000] {dagbag.py:588} INFO - Filling up the DagBag from /home/airflow/.local/lib/python3.12/site-packages/airflow/example_dags/example_bash_decorator.py
[2026-06-13T16:54:02.390+0000] {processor.py:925} INFO - DAG(s) 'example_bash_decorator' retrieved from /home/airflow/.local/lib/python3.12/site-packages/airflow/example_dags/example_bash_decorator.py
[2026-06-13T16:54:02.434+0000] {logging_mixin.py:190} INFO - [2026-06-13T16:54:02.433+0000] {dag.py:3239} INFO - Sync 1 DAGs
[2026-06-13T16:54:02.457+0000] {logging_mixin.py:190} INFO - [2026-06-13T16:54:02.456+0000] {dag.py:4180} INFO - Setting next_dagrun for example_bash_decorator to None, run_after=None
[2026-06-13T16:54:02.501+0000] {processor.py:208} INFO - Processing /home/airflow/.local/lib/python3.12/site-packages/airflow/example_dags/example_bash_decorator.py took 0.160 seconds
[2026-06-13T16:54:33.618+0000] {processor.py:186} INFO - Started process (PID=467) to work on /home/airflow/.local/lib/python3.12/site-packages/airflow/example_dags/example_bash_decorator.py
[2026-06-13T16:54:33.620+0000] {processor.py:914} INFO - Processing file /home/airflow/.local/lib/python3.12/site-packages/airflow/example_dags/example_bash_decorator.py for tasks to queue
[2026-06-13T16:54:33.623+0000] {logging_mixin.py:190} INFO - [2026-06-13T16:54:33.623+0000] {dagbag.py:588} INFO - Filling up the DagBag from /home/airflow/.local/lib/python3.12/site-packages/airflow/example_dags/example_bash_decorator.py
[2026-06-13T16:54:33.640+0000] {processor.py:925} INFO - DAG(s) 'example_bash_decorator' retrieved from /home/airflow/.local/lib/python3.12/site-packages/airflow/example_dags/example_bash_decorator.py
[2026-06-13T16:54:33.669+0000] {logging_mixin.py:190} INFO - [2026-06-13T16:54:33.669+0000] {dag.py:3239} INFO - Sync 1 DAGs
[2026-06-13T16:54:33.689+0000] {logging_mixin.py:190} INFO - [2026-06-13T16:54:33.689+0000] {dag.py:4180} INFO - Setting next_dagrun for example_bash_decorator to None, run_after=None
[2026-06-13T16:54:33.716+0000] {processor.py:208} INFO - Processing /home/airflow/.local/lib/python3.12/site-packages/airflow/example_dags/example_bash_decorator.py took 0.105 seconds
[2026-06-13T16:55:04.597+0000] {processor.py:186} INFO - Started process (PID=529) to work on /home/airflow/.local/lib/python3.12/site-packages/airflow/example_dags/example_bash_decorator.py
[2026-06-13T16:55:04.599+0000] {processor.py:914} INFO - Processing file /home/airflow/.local/lib/python3.12/site-packages/airflow/example_dags/example_bash_decorator.py for tasks to queue
[2026-06-13T16:55:04.603+0000] {logging_mixin.py:190} INFO - [2026-06-13T16:55:04.602+0000] {dagbag.py:588} INFO - Filling up the DagBag from /home/airflow/.local/lib/python3.12/site-packages/airflow/example_dags/example_bash_decorator.py
[2026-06-13T16:55:04.623+0000] {processor.py:925} INFO - DAG(s) 'example_bash_decorator' retrieved from /home/airflow/.local/lib/python3.12/site-packages/airflow/example_dags/example_bash_decorator.py
[2026-06-13T16:55:04.665+0000] {logging_mixin.py:190} INFO - [2026-06-13T16:55:04.664+0000] {dag.py:3239} INFO - Sync 1 DAGs
[2026-06-13T16:55:04.702+0000] {logging_mixin.py:190} INFO - [2026-06-13T16:55:04.702+0000] {dag.py:4180} INFO - Setting next_dagrun for example_bash_decorator to None, run_after=None
[2026-06-13T16:55:04.741+0000] {processor.py:208} INFO - Processing /home/airflow/.local/lib/python3.12/site-packages/airflow/example_dags/example_bash_decorator.py took 0.151 seconds
[2026-06-13T16:55:34.901+0000] {processor.py:186} INFO - Started process (PID=591) to work on /home/airflow/.local/lib/python3.12/site-packages/airflow/example_dags/example_bash_decorator.py
[2026-06-13T16:55:34.903+0000] {processor.py:914} INFO - Processing file /home/airflow/.local/lib/python3.12/site-packages/airflow/example_dags/example_bash_decorator.py for tasks to queue
[2026-06-13T16:55:34.906+0000] {logging_mixin.py:190} INFO - [2026-06-13T16:55:34.906+0000] {dagbag.py:588} INFO - Filling up the DagBag from /home/airflow/.local/lib/python3.12/site-packages/airflow/example_dags/example_bash_decorator.py
[2026-06-13T16:55:34.923+0000] {processor.py:925} INFO - DAG(s) 'example_bash_decorator' retrieved from /home/airflow/.local/lib/python3.12/site-packages/airflow/example_dags/example_bash_decorator.py
[2026-06-13T16:55:34.948+0000] {logging_mixin.py:190} INFO - [2026-06-13T16:55:34.947+0000] {dag.py:3239} INFO - Sync 1 DAGs
[2026-06-13T16:55:34.964+0000] {logging_mixin.py:190} INFO - [2026-06-13T16:55:34.963+0000] {dag.py:4180} INFO - Setting next_dagrun for example_bash_decorator to None, run_after=None
[2026-06-13T16:55:34.984+0000] {processor.py:208} INFO - Processing /home/airflow/.local/lib/python3.12/site-packages/airflow/example_dags/example_bash_decorator.py took 0.089 seconds
[2026-06-13T16:56:05.192+0000] {processor.py:186} INFO - Started process (PID=653) to work on /home/airflow/.local/lib/python3.12/site-packages/airflow/example_dags/example_bash_decorator.py
[2026-06-13T16:56:05.193+0000] {processor.py:914} INFO - Processing file /home/airflow/.local/lib/python3.12/site-packages/airflow/example_dags/example_bash_decorator.py for tasks to queue
[2026-06-13T16:56:05.199+0000] {logging_mixin.py:190} INFO - [2026-06-13T16:56:05.198+0000] {dagbag.py:588} INFO - Filling up the DagBag from /home/airflow/.local/lib/python3.12/site-packages/airflow/example_dags/example_bash_decorator.py
[2026-06-13T16:56:05.216+0000] {processor.py:925} INFO - DAG(s) 'example_bash_decorator' retrieved from /home/airflow/.local/lib/python3.12/site-packages/airflow/example_dags/example_bash_decorator.py
[2026-06-13T16:56:05.247+0000] {logging_mixin.py:190} INFO - [2026-06-13T16:56:05.246+0000] {dag.py:3239} INFO - Sync 1 DAGs
[2026-06-13T16:56:05.266+0000] {logging_mixin.py:190} INFO - [2026-06-13T16:56:05.266+0000] {dag.py:4180} INFO - Setting next_dagrun for example_bash_decorator to None, run_after=None
[2026-06-13T16:56:05.292+0000] {processor.py:208} INFO - Processing /home/airflow/.local/lib/python3.12/site-packages/airflow/example_dags/example_bash_decorator.py took 0.107 seconds
[2026-06-13T16:56:35.542+0000] {processor.py:186} INFO - Started process (PID=715) to work on /home/airflow/.local/lib/python3.12/site-packages/airflow/example_dags/example_bash_decorator.py
[2026-06-13T16:56:35.544+0000] {processor.py:914} INFO - Processing file /home/airflow/.local/lib/python3.12/site-packages/airflow/example_dags/example_bash_decorator.py for tasks to queue
[2026-06-13T16:56:35.547+0000] {logging_mixin.py:190} INFO - [2026-06-13T16:56:35.546+0000] {dagbag.py:588} INFO - Filling up the DagBag from /home/airflow/.local/lib/python3.12/site-packages/airflow/example_dags/example_bash_decorator.py
[2026-06-13T16:56:35.565+0000] {processor.py:925} INFO - DAG(s) 'example_bash_decorator' retrieved from /home/airflow/.local/lib/python3.12/site-packages/airflow/example_dags/example_bash_decorator.py
[2026-06-13T16:56:35.595+0000] {logging_mixin.py:190} INFO - [2026-06-13T16:56:35.595+0000] {dag.py:3239} INFO - Sync 1 DAGs
[2026-06-13T16:56:35.614+0000] {logging_mixin.py:190} INFO - [2026-06-13T16:56:35.614+0000] {dag.py:4180} INFO - Setting next_dagrun for example_bash_decorator to None, run_after=None
[2026-06-13T16:56:35.638+0000] {processor.py:208} INFO - Processing /home/airflow/.local/lib/python3.12/site-packages/airflow/example_dags/example_bash_decorator.py took 0.104 seconds
[2026-06-13T16:57:05.889+0000] {processor.py:186} INFO - Started process (PID=777) to work on /home/airflow/.local/lib/python3.12/site-packages/airflow/example_dags/example_bash_decorator.py
[2026-06-13T16:57:05.890+0000] {processor.py:914} INFO - Processing file /home/airflow/.local/lib/python3.12/site-packages/airflow/example_dags/example_bash_decorator.py for tasks to queue
[2026-06-13T16:57:05.893+0000] {logging_mixin.py:190} INFO - [2026-06-13T16:57:05.893+0000] {dagbag.py:588} INFO - Filling up the DagBag from /home/airflow/.local/lib/python3.12/site-packages/airflow/example_dags/example_bash_decorator.py
[2026-06-13T16:57:05.910+0000] {processor.py:925} INFO - DAG(s) 'example_bash_decorator' retrieved from /home/airflow/.local/lib/python3.12/site-packages/airflow/example_dags/example_bash_decorator.py
[2026-06-13T16:57:05.936+0000] {logging_mixin.py:190} INFO - [2026-06-13T16:57:05.935+0000] {dag.py:3239} INFO - Sync 1 DAGs
[2026-06-13T16:57:05.954+0000] {logging_mixin.py:190} INFO - [2026-06-13T16:57:05.953+0000] {dag.py:4180} INFO - Setting next_dagrun for example_bash_decorator to None, run_after=None
[2026-06-13T16:57:05.984+0000] {processor.py:208} INFO - Processing /home/airflow/.local/lib/python3.12/site-packages/airflow/example_dags/example_bash_decorator.py took 0.102 seconds
[2026-06-13T16:57:37.001+0000] {processor.py:186} INFO - Started process (PID=840) to work on /home/airflow/.local/lib/python3.12/site-packages/airflow/example_dags/example_bash_decorator.py
[2026-06-13T16:57:37.003+0000] {processor.py:914} INFO - Processing file /home/airflow/.local/lib/python3.12/site-packages/airflow/example_dags/example_bash_decorator.py for tasks to queue
[2026-06-13T16:57:37.008+0000] {logging_mixin.py:190} INFO - [2026-06-13T16:57:37.007+0000] {dagbag.py:588} INFO - Filling up the DagBag from /home/airflow/.local/lib/python3.12/site-packages/airflow/example_dags/example_bash_decorator.py
[2026-06-13T16:57:37.030+0000] {processor.py:925} INFO - DAG(s) 'example_bash_decorator' retrieved from /home/airflow/.local/lib/python3.12/site-packages/airflow/example_dags/example_bash_decorator.py
[2026-06-13T16:57:37.073+0000] {logging_mixin.py:190} INFO - [2026-06-13T16:57:37.072+0000] {dag.py:3239} INFO - Sync 1 DAGs
[2026-06-13T16:57:37.099+0000] {logging_mixin.py:190} INFO - [2026-06-13T16:57:37.099+0000] {dag.py:4180} INFO - Setting next_dagrun for example_bash_decorator to None, run_after=None
[2026-06-13T16:57:37.138+0000] {processor.py:208} INFO - Processing /home/airflow/.local/lib/python3.12/site-packages/airflow/example_dags/example_bash_decorator.py took 0.146 seconds
[2026-06-13T16:58:07.218+0000] {processor.py:186} INFO - Started process (PID=901) to work on /home/airflow/.local/lib/python3.12/site-packages/airflow/example_dags/example_bash_decorator.py
[2026-06-13T16:58:07.221+0000] {processor.py:914} INFO - Processing file /home/airflow/.local/lib/python3.12/site-packages/airflow/example_dags/example_bash_decorator.py for tasks to queue
[2026-06-13T16:58:07.226+0000] {logging_mixin.py:190} INFO - [2026-06-13T16:58:07.225+0000] {dagbag.py:588} INFO - Filling up the DagBag from /home/airflow/.local/lib/python3.12/site-packages/airflow/example_dags/example_bash_decorator.py
[2026-06-13T16:58:07.257+0000] {processor.py:925} INFO - DAG(s) 'example_bash_decorator' retrieved from /home/airflow/.local/lib/python3.12/site-packages/airflow/example_dags/example_bash_decorator.py
[2026-06-13T16:58:07.308+0000] {logging_mixin.py:190} INFO - [2026-06-13T16:58:07.308+0000] {dag.py:3239} INFO - Sync 1 DAGs
[2026-06-13T16:58:07.333+0000] {logging_mixin.py:190} INFO - [2026-06-13T16:58:07.333+0000] {dag.py:4180} INFO - Setting next_dagrun for example_bash_decorator to None, run_after=None
[2026-06-13T16:58:07.359+0000] {processor.py:208} INFO - Processing /home/airflow/.local/lib/python3.12/site-packages/airflow/example_dags/example_bash_decorator.py took 0.150 seconds
[2026-06-13T16:58:37.630+0000] {processor.py:186} INFO - Started process (PID=963) to work on /home/airflow/.local/lib/python3.12/site-packages/airflow/example_dags/example_bash_decorator.py
[2026-06-13T16:58:37.632+0000] {processor.py:914} INFO - Processing file /home/airflow/.local/lib/python3.12/site-packages/airflow/example_dags/example_bash_decorator.py for tasks to queue
[2026-06-13T16:58:37.639+0000] {logging_mixin.py:190} INFO - [2026-06-13T16:58:37.638+0000] {dagbag.py:588} INFO - Filling up the DagBag from /home/airflow/.local/lib/python3.12/site-packages/airflow/example_dags/example_bash_decorator.py
[2026-06-13T16:58:37.676+0000] {processor.py:925} INFO - DAG(s) 'example_bash_decorator' retrieved from /home/airflow/.local/lib/python3.12/site-packages/airflow/example_dags/example_bash_decorator.py
[2026-06-13T16:58:37.725+0000] {logging_mixin.py:190} INFO - [2026-06-13T16:58:37.724+0000] {dag.py:3239} INFO - Sync 1 DAGs
[2026-06-13T16:58:37.749+0000] {logging_mixin.py:190} INFO - [2026-06-13T16:58:37.749+0000] {dag.py:4180} INFO - Setting next_dagrun for example_bash_decorator to None, run_after=None
[2026-06-13T16:58:37.786+0000] {processor.py:208} INFO - Processing /home/airflow/.local/lib/python3.12/site-packages/airflow/example_dags/example_bash_decorator.py took 0.169 seconds
[2026-06-13T16:59:08.738+0000] {processor.py:186} INFO - Started process (PID=1025) to work on /home/airflow/.local/lib/python3.12/site-packages/airflow/example_dags/example_bash_decorator.py
[2026-06-13T16:59:08.740+0000] {processor.py:914} INFO - Processing file /home/airflow/.local/lib/python3.12/site-packages/airflow/example_dags/example_bash_decorator.py for tasks to queue
[2026-06-13T16:59:08.744+0000] {logging_mixin.py:190} INFO - [2026-06-13T16:59:08.744+0000] {dagbag.py:588} INFO - Filling up the DagBag from /home/airflow/.local/lib/python3.12/site-packages/airflow/example_dags/example_bash_decorator.py
[2026-06-13T16:59:08.768+0000] {processor.py:925} INFO - DAG(s) 'example_bash_decorator' retrieved from /home/airflow/.local/lib/python3.12/site-packages/airflow/example_dags/example_bash_decorator.py
[2026-06-13T16:59:08.807+0000] {logging_mixin.py:190} INFO - [2026-06-13T16:59:08.806+0000] {dag.py:3239} INFO - Sync 1 DAGs
[2026-06-13T16:59:08.827+0000] {logging_mixin.py:190} INFO - [2026-06-13T16:59:08.826+0000] {dag.py:4180} INFO - Setting next_dagrun for example_bash_decorator to None, run_after=None
[2026-06-13T16:59:08.855+0000] {processor.py:208} INFO - Processing /home/airflow/.local/lib/python3.12/site-packages/airflow/example_dags/example_bash_decorator.py took 0.128 seconds
[2026-06-13T16:59:39.288+0000] {processor.py:186} INFO - Started process (PID=1087) to work on /home/airflow/.local/lib/python3.12/site-packages/airflow/example_dags/example_bash_decorator.py
[2026-06-13T16:59:39.290+0000] {processor.py:914} INFO - Processing file /home/airflow/.local/lib/python3.12/site-packages/airflow/example_dags/example_bash_decorator.py for tasks to queue
[2026-06-13T16:59:39.295+0000] {logging_mixin.py:190} INFO - [2026-06-13T16:59:39.294+0000] {dagbag.py:588} INFO - Filling up the DagBag from /home/airflow/.local/lib/python3.12/site-packages/airflow/example_dags/example_bash_decorator.py
[2026-06-13T16:59:39.321+0000] {processor.py:925} INFO - DAG(s) 'example_bash_decorator' retrieved from /home/airflow/.local/lib/python3.12/site-packages/airflow/example_dags/example_bash_decorator.py
[2026-06-13T16:59:39.362+0000] {logging_mixin.py:190} INFO - [2026-06-13T16:59:39.362+0000] {dag.py:3239} INFO - Sync 1 DAGs
[2026-06-13T16:59:39.389+0000] {logging_mixin.py:190} INFO - [2026-06-13T16:59:39.389+0000] {dag.py:4180} INFO - Setting next_dagrun for example_bash_decorator to None, run_after=None
[2026-06-13T16:59:39.437+0000] {processor.py:208} INFO - Processing /home/airflow/.local/lib/python3.12/site-packages/airflow/example_dags/example_bash_decorator.py took 0.157 seconds
[2026-06-13T17:00:09.776+0000] {processor.py:186} INFO - Started process (PID=1149) to work on /home/airflow/.local/lib/python3.12/site-packages/airflow/example_dags/example_bash_decorator.py
[2026-06-13T17:00:09.779+0000] {processor.py:914} INFO - Processing file /home/airflow/.local/lib/python3.12/site-packages/airflow/example_dags/example_bash_decorator.py for tasks to queue
[2026-06-13T17:00:09.784+0000] {logging_mixin.py:190} INFO - [2026-06-13T17:00:09.783+0000] {dagbag.py:588} INFO - Filling up the DagBag from /home/airflow/.local/lib/python3.12/site-packages/airflow/example_dags/example_bash_decorator.py
[2026-06-13T17:00:09.802+0000] {processor.py:925} INFO - DAG(s) 'example_bash_decorator' retrieved from /home/airflow/.local/lib/python3.12/site-packages/airflow/example_dags/example_bash_decorator.py
[2026-06-13T17:00:09.835+0000] {logging_mixin.py:190} INFO - [2026-06-13T17:00:09.834+0000] {dag.py:3239} INFO - Sync 1 DAGs
[2026-06-13T17:00:09.852+0000] {logging_mixin.py:190} INFO - [2026-06-13T17:00:09.851+0000] {dag.py:4180} INFO - Setting next_dagrun for example_bash_decorator to None, run_after=None
[2026-06-13T17:00:09.877+0000] {processor.py:208} INFO - Processing /home/airflow/.local/lib/python3.12/site-packages/airflow/example_dags/example_bash_decorator.py took 0.108 seconds
[2026-06-13T17:00:40.170+0000] {processor.py:186} INFO - Started process (PID=1211) to work on /home/airflow/.local/lib/python3.12/site-packages/airflow/example_dags/example_bash_decorator.py
[2026-06-13T17:00:40.172+0000] {processor.py:914} INFO - Processing file /home/airflow/.local/lib/python3.12/site-packages/airflow/example_dags/example_bash_decorator.py for tasks to queue
[2026-06-13T17:00:40.177+0000] {logging_mixin.py:190} INFO - [2026-06-13T17:00:40.176+0000] {dagbag.py:588} INFO - Filling up the DagBag from /home/airflow/.local/lib/python3.12/site-packages/airflow/example_dags/example_bash_decorator.py
[2026-06-13T17:00:40.199+0000] {processor.py:925} INFO - DAG(s) 'example_bash_decorator' retrieved from /home/airflow/.local/lib/python3.12/site-packages/airflow/example_dags/example_bash_decorator.py
[2026-06-13T17:00:40.231+0000] {logging_mixin.py:190} INFO - [2026-06-13T17:00:40.230+0000] {dag.py:3239} INFO - Sync 1 DAGs
[2026-06-13T17:00:40.252+0000] {logging_mixin.py:190} INFO - [2026-06-13T17:00:40.252+0000] {dag.py:4180} INFO - Setting next_dagrun for example_bash_decorator to None, run_after=None
[2026-06-13T17:00:40.293+0000] {processor.py:208} INFO - Processing /home/airflow/.local/lib/python3.12/site-packages/airflow/example_dags/example_bash_decorator.py took 0.131 seconds
[2026-06-13T17:01:10.377+0000] {processor.py:186} INFO - Started process (PID=1273) to work on /home/airflow/.local/lib/python3.12/site-packages/airflow/example_dags/example_bash_decorator.py
[2026-06-13T17:01:10.379+0000] {processor.py:914} INFO - Processing file /home/airflow/.local/lib/python3.12/site-packages/airflow/example_dags/example_bash_decorator.py for tasks to queue
[2026-06-13T17:01:10.383+0000] {logging_mixin.py:190} INFO - [2026-06-13T17:01:10.383+0000] {dagbag.py:588} INFO - Filling up the DagBag from /home/airflow/.local/lib/python3.12/site-packages/airflow/example_dags/example_bash_decorator.py
[2026-06-13T17:01:10.407+0000] {processor.py:925} INFO - DAG(s) 'example_bash_decorator' retrieved from /home/airflow/.local/lib/python3.12/site-packages/airflow/example_dags/example_bash_decorator.py
[2026-06-13T17:01:10.444+0000] {logging_mixin.py:190} INFO - [2026-06-13T17:01:10.443+0000] {dag.py:3239} INFO - Sync 1 DAGs
[2026-06-13T17:01:10.464+0000] {logging_mixin.py:190} INFO - [2026-06-13T17:01:10.463+0000] {dag.py:4180} INFO - Setting next_dagrun for example_bash_decorator to None, run_after=None
[2026-06-13T17:01:10.491+0000] {processor.py:208} INFO - Processing /home/airflow/.local/lib/python3.12/site-packages/airflow/example_dags/example_bash_decorator.py took 0.125 seconds
[2026-06-13T17:01:40.833+0000] {processor.py:186} INFO - Started process (PID=1335) to work on /home/airflow/.local/lib/python3.12/site-packages/airflow/example_dags/example_bash_decorator.py
[2026-06-13T17:01:40.836+0000] {processor.py:914} INFO - Processing file /home/airflow/.local/lib/python3.12/site-packages/airflow/example_dags/example_bash_decorator.py for tasks to queue
[2026-06-13T17:01:40.840+0000] {logging_mixin.py:190} INFO - [2026-06-13T17:01:40.840+0000] {dagbag.py:588} INFO - Filling up the DagBag from /home/airflow/.local/lib/python3.12/site-packages/airflow/example_dags/example_bash_decorator.py
[2026-06-13T17:01:40.863+0000] {processor.py:925} INFO - DAG(s) 'example_bash_decorator' retrieved from /home/airflow/.local/lib/python3.12/site-packages/airflow/example_dags/example_bash_decorator.py
[2026-06-13T17:01:40.897+0000] {logging_mixin.py:190} INFO - [2026-06-13T17:01:40.897+0000] {dag.py:3239} INFO - Sync 1 DAGs
[2026-06-13T17:01:40.916+0000] {logging_mixin.py:190} INFO - [2026-06-13T17:01:40.915+0000] {dag.py:4180} INFO - Setting next_dagrun for example_bash_decorator to None, run_after=None
[2026-06-13T17:01:40.948+0000] {processor.py:208} INFO - Processing /home/airflow/.local/lib/python3.12/site-packages/airflow/example_dags/example_bash_decorator.py took 0.123 seconds
[2026-06-13T17:02:11.070+0000] {processor.py:186} INFO - Started process (PID=1397) to work on /home/airflow/.local/lib/python3.12/site-packages/airflow/example_dags/example_bash_decorator.py
[2026-06-13T17:02:11.072+0000] {processor.py:914} INFO - Processing file /home/airflow/.local/lib/python3.12/site-packages/airflow/example_dags/example_bash_decorator.py for tasks to queue
[2026-06-13T17:02:11.078+0000] {logging_mixin.py:190} INFO - [2026-06-13T17:02:11.077+0000] {dagbag.py:588} INFO - Filling up the DagBag from /home/airflow/.local/lib/python3.12/site-packages/airflow/example_dags/example_bash_decorator.py
[2026-06-13T17:02:11.100+0000] {processor.py:925} INFO - DAG(s) 'example_bash_decorator' retrieved from /home/airflow/.local/lib/python3.12/site-packages/airflow/example_dags/example_bash_decorator.py
[2026-06-13T17:02:11.140+0000] {logging_mixin.py:190} INFO - [2026-06-13T17:02:11.139+0000] {dag.py:3239} INFO - Sync 1 DAGs
[2026-06-13T17:02:11.161+0000] {logging_mixin.py:190} INFO - [2026-06-13T17:02:11.161+0000] {dag.py:4180} INFO - Setting next_dagrun for example_bash_decorator to None, run_after=None
[2026-06-13T17:02:11.192+0000] {processor.py:208} INFO - Processing /home/airflow/.local/lib/python3.12/site-packages/airflow/example_dags/example_bash_decorator.py took 0.131 seconds
[2026-06-13T17:02:41.874+0000] {processor.py:186} INFO - Started process (PID=1459) to work on /home/airflow/.local/lib/python3.12/site-packages/airflow/example_dags/example_bash_decorator.py
[2026-06-13T17:02:41.876+0000] {processor.py:914} INFO - Processing file /home/airflow/.local/lib/python3.12/site-packages/airflow/example_dags/example_bash_decorator.py for tasks to queue
[2026-06-13T17:02:41.882+0000] {logging_mixin.py:190} INFO - [2026-06-13T17:02:41.881+0000] {dagbag.py:588} INFO - Filling up the DagBag from /home/airflow/.local/lib/python3.12/site-packages/airflow/example_dags/example_bash_decorator.py
[2026-06-13T17:02:41.907+0000] {processor.py:925} INFO - DAG(s) 'example_bash_decorator' retrieved from /home/airflow/.local/lib/python3.12/site-packages/airflow/example_dags/example_bash_decorator.py
[2026-06-13T17:02:41.945+0000] {logging_mixin.py:190} INFO - [2026-06-13T17:02:41.945+0000] {dag.py:3239} INFO - Sync 1 DAGs
[2026-06-13T17:02:41.966+0000] {logging_mixin.py:190} INFO - [2026-06-13T17:02:41.966+0000] {dag.py:4180} INFO - Setting next_dagrun for example_bash_decorator to None, run_after=None
[2026-06-13T17:02:42.005+0000] {processor.py:208} INFO - Processing /home/airflow/.local/lib/python3.12/site-packages/airflow/example_dags/example_bash_decorator.py took 0.142 seconds
[2026-06-13T17:03:12.365+0000] {processor.py:186} INFO - Started process (PID=1521) to work on /home/airflow/.local/lib/python3.12/site-packages/airflow/example_dags/example_bash_decorator.py
[2026-06-13T17:03:12.367+0000] {processor.py:914} INFO - Processing file /home/airflow/.local/lib/python3.12/site-packages/airflow/example_dags/example_bash_decorator.py for tasks to queue
[2026-06-13T17:03:12.371+0000] {logging_mixin.py:190} INFO - [2026-06-13T17:03:12.370+0000] {dagbag.py:588} INFO - Filling up the DagBag from /home/airflow/.local/lib/python3.12/site-packages/airflow/example_dags/example_bash_decorator.py
[2026-06-13T17:03:12.391+0000] {processor.py:925} INFO - DAG(s) 'example_bash_decorator' retrieved from /home/airflow/.local/lib/python3.12/site-packages/airflow/example_dags/example_bash_decorator.py
[2026-06-13T17:03:12.426+0000] {logging_mixin.py:190} INFO - [2026-06-13T17:03:12.425+0000] {dag.py:3239} INFO - Sync 1 DAGs
[2026-06-13T17:03:12.444+0000] {logging_mixin.py:190} INFO - [2026-06-13T17:03:12.443+0000] {dag.py:4180} INFO - Setting next_dagrun for example_bash_decorator to None, run_after=None
[2026-06-13T17:03:12.472+0000] {processor.py:208} INFO - Processing /home/airflow/.local/lib/python3.12/site-packages/airflow/example_dags/example_bash_decorator.py took 0.117 seconds
[2026-06-13T17:03:42.683+0000] {processor.py:186} INFO - Started process (PID=1583) to work on /home/airflow/.local/lib/python3.12/site-packages/airflow/example_dags/example_bash_decorator.py
[2026-06-13T17:03:42.685+0000] {processor.py:914} INFO - Processing file /home/airflow/.local/lib/python3.12/site-packages/airflow/example_dags/example_bash_decorator.py for tasks to queue
[2026-06-13T17:03:42.690+0000] {logging_mixin.py:190} INFO - [2026-06-13T17:03:42.689+0000] {dagbag.py:588} INFO - Filling up the DagBag from /home/airflow/.local/lib/python3.12/site-packages/airflow/example_dags/example_bash_decorator.py
[2026-06-13T17:03:42.717+0000] {processor.py:925} INFO - DAG(s) 'example_bash_decorator' retrieved from /home/airflow/.local/lib/python3.12/site-packages/airflow/example_dags/example_bash_decorator.py
[2026-06-13T17:03:42.754+0000] {logging_mixin.py:190} INFO - [2026-06-13T17:03:42.754+0000] {dag.py:3239} INFO - Sync 1 DAGs
[2026-06-13T17:03:42.777+0000] {logging_mixin.py:190} INFO - [2026-06-13T17:03:42.776+0000] {dag.py:4180} INFO - Setting next_dagrun for example_bash_decorator to None, run_after=None
[2026-06-13T17:03:42.813+0000] {processor.py:208} INFO - Processing /home/airflow/.local/lib/python3.12/site-packages/airflow/example_dags/example_bash_decorator.py took 0.138 seconds
[2026-06-13T17:04:13.669+0000] {processor.py:186} INFO - Started process (PID=1645) to work on /home/airflow/.local/lib/python3.12/site-packages/airflow/example_dags/example_bash_decorator.py
[2026-06-13T17:04:13.671+0000] {processor.py:914} INFO - Processing file /home/airflow/.local/lib/python3.12/site-packages/airflow/example_dags/example_bash_decorator.py for tasks to queue
[2026-06-13T17:04:13.676+0000] {logging_mixin.py:190} INFO - [2026-06-13T17:04:13.675+0000] {dagbag.py:588} INFO - Filling up the DagBag from /home/airflow/.local/lib/python3.12/site-packages/airflow/example_dags/example_bash_decorator.py
[2026-06-13T17:04:13.703+0000] {processor.py:925} INFO - DAG(s) 'example_bash_decorator' retrieved from /home/airflow/.local/lib/python3.12/site-packages/airflow/example_dags/example_bash_decorator.py
[2026-06-13T17:04:13.741+0000] {logging_mixin.py:190} INFO - [2026-06-13T17:04:13.741+0000] {dag.py:3239} INFO - Sync 1 DAGs
[2026-06-13T17:04:13.762+0000] {logging_mixin.py:190} INFO - [2026-06-13T17:04:13.761+0000] {dag.py:4180} INFO - Setting next_dagrun for example_bash_decorator to None, run_after=None
[2026-06-13T17:04:13.800+0000] {processor.py:208} INFO - Processing /home/airflow/.local/lib/python3.12/site-packages/airflow/example_dags/example_bash_decorator.py took 0.141 seconds
[2026-06-13T17:04:43.876+0000] {processor.py:186} INFO - Started process (PID=1707) to work on /home/airflow/.local/lib/python3.12/site-packages/airflow/example_dags/example_bash_decorator.py
[2026-06-13T17:04:43.878+0000] {processor.py:914} INFO - Processing file /home/airflow/.local/lib/python3.12/site-packages/airflow/example_dags/example_bash_decorator.py for tasks to queue
[2026-06-13T17:04:43.881+0000] {logging_mixin.py:190} INFO - [2026-06-13T17:04:43.881+0000] {dagbag.py:588} INFO - Filling up the DagBag from /home/airflow/.local/lib/python3.12/site-packages/airflow/example_dags/example_bash_decorator.py
[2026-06-13T17:04:43.900+0000] {processor.py:925} INFO - DAG(s) 'example_bash_decorator' retrieved from /home/airflow/.local/lib/python3.12/site-packages/airflow/example_dags/example_bash_decorator.py
[2026-06-13T17:04:43.933+0000] {logging_mixin.py:190} INFO - [2026-06-13T17:04:43.933+0000] {dag.py:3239} INFO - Sync 1 DAGs
[2026-06-13T17:04:43.953+0000] {logging_mixin.py:190} INFO - [2026-06-13T17:04:43.953+0000] {dag.py:4180} INFO - Setting next_dagrun for example_bash_decorator to None, run_after=None
[2026-06-13T17:04:43.979+0000] {processor.py:208} INFO - Processing /home/airflow/.local/lib/python3.12/site-packages/airflow/example_dags/example_bash_decorator.py took 0.111 seconds
[2026-06-13T17:05:14.467+0000] {processor.py:186} INFO - Started process (PID=1769) to work on /home/airflow/.local/lib/python3.12/site-packages/airflow/example_dags/example_bash_decorator.py
[2026-06-13T17:05:14.469+0000] {processor.py:914} INFO - Processing file /home/airflow/.local/lib/python3.12/site-packages/airflow/example_dags/example_bash_decorator.py for tasks to queue
[2026-06-13T17:05:14.474+0000] {logging_mixin.py:190} INFO - [2026-06-13T17:05:14.473+0000] {dagbag.py:588} INFO - Filling up the DagBag from /home/airflow/.local/lib/python3.12/site-packages/airflow/example_dags/example_bash_decorator.py
[2026-06-13T17:05:14.499+0000] {processor.py:925} INFO - DAG(s) 'example_bash_decorator' retrieved from /home/airflow/.local/lib/python3.12/site-packages/airflow/example_dags/example_bash_decorator.py
[2026-06-13T17:05:14.538+0000] {logging_mixin.py:190} INFO - [2026-06-13T17:05:14.538+0000] {dag.py:3239} INFO - Sync 1 DAGs
[2026-06-13T17:05:14.557+0000] {logging_mixin.py:190} INFO - [2026-06-13T17:05:14.556+0000] {dag.py:4180} INFO - Setting next_dagrun for example_bash_decorator to None, run_after=None
[2026-06-13T17:05:14.583+0000] {processor.py:208} INFO - Processing /home/airflow/.local/lib/python3.12/site-packages/airflow/example_dags/example_bash_decorator.py took 0.127 seconds
[2026-06-13T17:05:44.717+0000] {processor.py:186} INFO - Started process (PID=1831) to work on /home/airflow/.local/lib/python3.12/site-packages/airflow/example_dags/example_bash_decorator.py
[2026-06-13T17:05:44.720+0000] {processor.py:914} INFO - Processing file /home/airflow/.local/lib/python3.12/site-packages/airflow/example_dags/example_bash_decorator.py for tasks to queue
[2026-06-13T17:05:44.724+0000] {logging_mixin.py:190} INFO - [2026-06-13T17:05:44.723+0000] {dagbag.py:588} INFO - Filling up the DagBag from /home/airflow/.local/lib/python3.12/site-packages/airflow/example_dags/example_bash_decorator.py
[2026-06-13T17:05:44.752+0000] {processor.py:925} INFO - DAG(s) 'example_bash_decorator' retrieved from /home/airflow/.local/lib/python3.12/site-packages/airflow/example_dags/example_bash_decorator.py
[2026-06-13T17:05:44.793+0000] {logging_mixin.py:190} INFO - [2026-06-13T17:05:44.792+0000] {dag.py:3239} INFO - Sync 1 DAGs
[2026-06-13T17:05:44.816+0000] {logging_mixin.py:190} INFO - [2026-06-13T17:05:44.815+0000] {dag.py:4180} INFO - Setting next_dagrun for example_bash_decorator to None, run_after=None
[2026-06-13T17:05:44.857+0000] {processor.py:208} INFO - Processing /home/airflow/.local/lib/python3.12/site-packages/airflow/example_dags/example_bash_decorator.py took 0.150 seconds
[2026-06-13T17:06:14.947+0000] {processor.py:186} INFO - Started process (PID=1893) to work on /home/airflow/.local/lib/python3.12/site-packages/airflow/example_dags/example_bash_decorator.py
[2026-06-13T17:06:14.949+0000] {processor.py:914} INFO - Processing file /home/airflow/.local/lib/python3.12/site-packages/airflow/example_dags/example_bash_decorator.py for tasks to queue
[2026-06-13T17:06:14.953+0000] {logging_mixin.py:190} INFO - [2026-06-13T17:06:14.952+0000] {dagbag.py:588} INFO - Filling up the DagBag from /home/airflow/.local/lib/python3.12/site-packages/airflow/example_dags/example_bash_decorator.py
[2026-06-13T17:06:14.971+0000] {processor.py:925} INFO - DAG(s) 'example_bash_decorator' retrieved from /home/airflow/.local/lib/python3.12/site-packages/airflow/example_dags/example_bash_decorator.py
[2026-06-13T17:06:15.017+0000] {logging_mixin.py:190} INFO - [2026-06-13T17:06:15.017+0000] {dag.py:3239} INFO - Sync 1 DAGs
[2026-06-13T17:06:15.044+0000] {logging_mixin.py:190} INFO - [2026-06-13T17:06:15.043+0000] {dag.py:4180} INFO - Setting next_dagrun for example_bash_decorator to None, run_after=None
[2026-06-13T17:06:15.093+0000] {processor.py:208} INFO - Processing /home/airflow/.local/lib/python3.12/site-packages/airflow/example_dags/example_bash_decorator.py took 0.154 seconds
[2026-06-13T17:06:45.443+0000] {processor.py:186} INFO - Started process (PID=1956) to work on /home/airflow/.local/lib/python3.12/site-packages/airflow/example_dags/example_bash_decorator.py
[2026-06-13T17:06:45.445+0000] {processor.py:914} INFO - Processing file /home/airflow/.local/lib/python3.12/site-packages/airflow/example_dags/example_bash_decorator.py for tasks to queue
[2026-06-13T17:06:45.449+0000] {logging_mixin.py:190} INFO - [2026-06-13T17:06:45.449+0000] {dagbag.py:588} INFO - Filling up the DagBag from /home/airflow/.local/lib/python3.12/site-packages/airflow/example_dags/example_bash_decorator.py
[2026-06-13T17:06:45.470+0000] {processor.py:925} INFO - DAG(s) 'example_bash_decorator' retrieved from /home/airflow/.local/lib/python3.12/site-packages/airflow/example_dags/example_bash_decorator.py
[2026-06-13T17:06:45.502+0000] {logging_mixin.py:190} INFO - [2026-06-13T17:06:45.502+0000] {dag.py:3239} INFO - Sync 1 DAGs
[2026-06-13T17:06:45.519+0000] {logging_mixin.py:190} INFO - [2026-06-13T17:06:45.519+0000] {dag.py:4180} INFO - Setting next_dagrun for example_bash_decorator to None, run_after=None
[2026-06-13T17:06:45.555+0000] {processor.py:208} INFO - Processing /home/airflow/.local/lib/python3.12/site-packages/airflow/example_dags/example_bash_decorator.py took 0.122 seconds
[2026-06-13T17:07:15.854+0000] {processor.py:186} INFO - Started process (PID=2018) to work on /home/airflow/.local/lib/python3.12/site-packages/airflow/example_dags/example_bash_decorator.py
[2026-06-13T17:07:15.855+0000] {processor.py:914} INFO - Processing file /home/airflow/.local/lib/python3.12/site-packages/airflow/example_dags/example_bash_decorator.py for tasks to queue
[2026-06-13T17:07:15.857+0000] {logging_mixin.py:190} INFO - [2026-06-13T17:07:15.857+0000] {dagbag.py:588} INFO - Filling up the DagBag from /home/airflow/.local/lib/python3.12/site-packages/airflow/example_dags/example_bash_decorator.py
[2026-06-13T17:07:15.870+0000] {processor.py:925} INFO - DAG(s) 'example_bash_decorator' retrieved from /home/airflow/.local/lib/python3.12/site-packages/airflow/example_dags/example_bash_decorator.py
[2026-06-13T17:07:15.892+0000] {logging_mixin.py:190} INFO - [2026-06-13T17:07:15.892+0000] {dag.py:3239} INFO - Sync 1 DAGs
[2026-06-13T17:07:15.903+0000] {logging_mixin.py:190} INFO - [2026-06-13T17:07:15.902+0000] {dag.py:4180} INFO - Setting next_dagrun for example_bash_decorator to None, run_after=None
[2026-06-13T17:07:15.919+0000] {processor.py:208} INFO - Processing /home/airflow/.local/lib/python3.12/site-packages/airflow/example_dags/example_bash_decorator.py took 0.070 seconds
[2026-06-13T17:07:46.381+0000] {processor.py:186} INFO - Started process (PID=2080) to work on /home/airflow/.local/lib/python3.12/site-packages/airflow/example_dags/example_bash_decorator.py
[2026-06-13T17:07:46.383+0000] {processor.py:914} INFO - Processing file /home/airflow/.local/lib/python3.12/site-packages/airflow/example_dags/example_bash_decorator.py for tasks to queue
[2026-06-13T17:07:46.386+0000] {logging_mixin.py:190} INFO - [2026-06-13T17:07:46.385+0000] {dagbag.py:588} INFO - Filling up the DagBag from /home/airflow/.local/lib/python3.12/site-packages/airflow/example_dags/example_bash_decorator.py
[2026-06-13T17:07:46.400+0000] {processor.py:925} INFO - DAG(s) 'example_bash_decorator' retrieved from /home/airflow/.local/lib/python3.12/site-packages/airflow/example_dags/example_bash_decorator.py
[2026-06-13T17:07:46.424+0000] {logging_mixin.py:190} INFO - [2026-06-13T17:07:46.424+0000] {dag.py:3239} INFO - Sync 1 DAGs
[2026-06-13T17:07:46.437+0000] {logging_mixin.py:190} INFO - [2026-06-13T17:07:46.436+0000] {dag.py:4180} INFO - Setting next_dagrun for example_bash_decorator to None, run_after=None
[2026-06-13T17:07:46.458+0000] {processor.py:208} INFO - Processing /home/airflow/.local/lib/python3.12/site-packages/airflow/example_dags/example_bash_decorator.py took 0.083 seconds
[2026-06-13T17:08:16.573+0000] {processor.py:186} INFO - Started process (PID=2142) to work on /home/airflow/.local/lib/python3.12/site-packages/airflow/example_dags/example_bash_decorator.py
[2026-06-13T17:08:16.574+0000] {processor.py:914} INFO - Processing file /home/airflow/.local/lib/python3.12/site-packages/airflow/example_dags/example_bash_decorator.py for tasks to queue
[2026-06-13T17:08:16.577+0000] {logging_mixin.py:190} INFO - [2026-06-13T17:08:16.577+0000] {dagbag.py:588} INFO - Filling up the DagBag from /home/airflow/.local/lib/python3.12/site-packages/airflow/example_dags/example_bash_decorator.py
[2026-06-13T17:08:16.588+0000] {processor.py:925} INFO - DAG(s) 'example_bash_decorator' retrieved from /home/airflow/.local/lib/python3.12/site-packages/airflow/example_dags/example_bash_decorator.py
[2026-06-13T17:08:16.609+0000] {logging_mixin.py:190} INFO - [2026-06-13T17:08:16.609+0000] {dag.py:3239} INFO - Sync 1 DAGs
[2026-06-13T17:08:16.621+0000] {logging_mixin.py:190} INFO - [2026-06-13T17:08:16.620+0000] {dag.py:4180} INFO - Setting next_dagrun for example_bash_decorator to None, run_after=None
[2026-06-13T17:08:16.640+0000] {processor.py:208} INFO - Processing /home/airflow/.local/lib/python3.12/site-packages/airflow/example_dags/example_bash_decorator.py took 0.071 seconds
[2026-06-13T17:08:46.699+0000] {processor.py:186} INFO - Started process (PID=2204) to work on /home/airflow/.local/lib/python3.12/site-packages/airflow/example_dags/example_bash_decorator.py
[2026-06-13T17:08:46.700+0000] {processor.py:914} INFO - Processing file /home/airflow/.local/lib/python3.12/site-packages/airflow/example_dags/example_bash_decorator.py for tasks to queue
[2026-06-13T17:08:46.702+0000] {logging_mixin.py:190} INFO - [2026-06-13T17:08:46.702+0000] {dagbag.py:588} INFO - Filling up the DagBag from /home/airflow/.local/lib/python3.12/site-packages/airflow/example_dags/example_bash_decorator.py
[2026-06-13T17:08:46.713+0000] {processor.py:925} INFO - DAG(s) 'example_bash_decorator' retrieved from /home/airflow/.local/lib/python3.12/site-packages/airflow/example_dags/example_bash_decorator.py
[2026-06-13T17:08:46.732+0000] {logging_mixin.py:190} INFO - [2026-06-13T17:08:46.732+0000] {dag.py:3239} INFO - Sync 1 DAGs
[2026-06-13T17:08:46.743+0000] {logging_mixin.py:190} INFO - [2026-06-13T17:08:46.743+0000] {dag.py:4180} INFO - Setting next_dagrun for example_bash_decorator to None, run_after=None
[2026-06-13T17:08:46.757+0000] {processor.py:208} INFO - Processing /home/airflow/.local/lib/python3.12/site-packages/airflow/example_dags/example_bash_decorator.py took 0.063 seconds
[2026-06-13T17:09:17.100+0000] {processor.py:186} INFO - Started process (PID=2266) to work on /home/airflow/.local/lib/python3.12/site-packages/airflow/example_dags/example_bash_decorator.py
[2026-06-13T17:09:17.101+0000] {processor.py:914} INFO - Processing file /home/airflow/.local/lib/python3.12/site-packages/airflow/example_dags/example_bash_decorator.py for tasks to queue
[2026-06-13T17:09:17.103+0000] {logging_mixin.py:190} INFO - [2026-06-13T17:09:17.103+0000] {dagbag.py:588} INFO - Filling up the DagBag from /home/airflow/.local/lib/python3.12/site-packages/airflow/example_dags/example_bash_decorator.py
[2026-06-13T17:09:17.115+0000] {processor.py:925} INFO - DAG(s) 'example_bash_decorator' retrieved from /home/airflow/.local/lib/python3.12/site-packages/airflow/example_dags/example_bash_decorator.py
[2026-06-13T17:09:17.134+0000] {logging_mixin.py:190} INFO - [2026-06-13T17:09:17.134+0000] {dag.py:3239} INFO - Sync 1 DAGs
[2026-06-13T17:09:17.144+0000] {logging_mixin.py:190} INFO - [2026-06-13T17:09:17.144+0000] {dag.py:4180} INFO - Setting next_dagrun for example_bash_decorator to None, run_after=None
[2026-06-13T17:09:17.159+0000] {processor.py:208} INFO - Processing /home/airflow/.local/lib/python3.12/site-packages/airflow/example_dags/example_bash_decorator.py took 0.063 seconds
[2026-06-13T17:09:47.893+0000] {processor.py:186} INFO - Started process (PID=2328) to work on /home/airflow/.local/lib/python3.12/site-packages/airflow/example_dags/example_bash_decorator.py
[2026-06-13T17:09:47.894+0000] {processor.py:914} INFO - Processing file /home/airflow/.local/lib/python3.12/site-packages/airflow/example_dags/example_bash_decorator.py for tasks to queue
[2026-06-13T17:09:47.896+0000] {logging_mixin.py:190} INFO - [2026-06-13T17:09:47.896+0000] {dagbag.py:588} INFO - Filling up the DagBag from /home/airflow/.local/lib/python3.12/site-packages/airflow/example_dags/example_bash_decorator.py
[2026-06-13T17:09:47.908+0000] {processor.py:925} INFO - DAG(s) 'example_bash_decorator' retrieved from /home/airflow/.local/lib/python3.12/site-packages/airflow/example_dags/example_bash_decorator.py
[2026-06-13T17:09:47.930+0000] {logging_mixin.py:190} INFO - [2026-06-13T17:09:47.929+0000] {dag.py:3239} INFO - Sync 1 DAGs
[2026-06-13T17:09:47.946+0000] {logging_mixin.py:190} INFO - [2026-06-13T17:09:47.946+0000] {dag.py:4180} INFO - Setting next_dagrun for example_bash_decorator to None, run_after=None
[2026-06-13T17:09:47.968+0000] {processor.py:208} INFO - Processing /home/airflow/.local/lib/python3.12/site-packages/airflow/example_dags/example_bash_decorator.py took 0.080 seconds
[2026-06-13T17:10:18.059+0000] {processor.py:186} INFO - Started process (PID=2390) to work on /home/airflow/.local/lib/python3.12/site-packages/airflow/example_dags/example_bash_decorator.py
[2026-06-13T17:10:18.060+0000] {processor.py:914} INFO - Processing file /home/airflow/.local/lib/python3.12/site-packages/airflow/example_dags/example_bash_decorator.py for tasks to queue
[2026-06-13T17:10:18.063+0000] {logging_mixin.py:190} INFO - [2026-06-13T17:10:18.062+0000] {dagbag.py:588} INFO - Filling up the DagBag from /home/airflow/.local/lib/python3.12/site-packages/airflow/example_dags/example_bash_decorator.py
[2026-06-13T17:10:18.074+0000] {processor.py:925} INFO - DAG(s) 'example_bash_decorator' retrieved from /home/airflow/.local/lib/python3.12/site-packages/airflow/example_dags/example_bash_decorator.py
[2026-06-13T17:10:18.093+0000] {logging_mixin.py:190} INFO - [2026-06-13T17:10:18.093+0000] {dag.py:3239} INFO - Sync 1 DAGs
[2026-06-13T17:10:18.104+0000] {logging_mixin.py:190} INFO - [2026-06-13T17:10:18.103+0000] {dag.py:4180} INFO - Setting next_dagrun for example_bash_decorator to None, run_after=None
[2026-06-13T17:10:18.122+0000] {processor.py:208} INFO - Processing /home/airflow/.local/lib/python3.12/site-packages/airflow/example_dags/example_bash_decorator.py took 0.069 seconds
[2026-06-13T17:10:49.190+0000] {processor.py:186} INFO - Started process (PID=2452) to work on /home/airflow/.local/lib/python3.12/site-packages/airflow/example_dags/example_bash_decorator.py
[2026-06-13T17:10:49.191+0000] {processor.py:914} INFO - Processing file /home/airflow/.local/lib/python3.12/site-packages/airflow/example_dags/example_bash_decorator.py for tasks to queue
[2026-06-13T17:10:49.194+0000] {logging_mixin.py:190} INFO - [2026-06-13T17:10:49.194+0000] {dagbag.py:588} INFO - Filling up the DagBag from /home/airflow/.local/lib/python3.12/site-packages/airflow/example_dags/example_bash_decorator.py
[2026-06-13T17:10:49.206+0000] {processor.py:925} INFO - DAG(s) 'example_bash_decorator' retrieved from /home/airflow/.local/lib/python3.12/site-packages/airflow/example_dags/example_bash_decorator.py
[2026-06-13T17:10:49.228+0000] {logging_mixin.py:190} INFO - [2026-06-13T17:10:49.228+0000] {dag.py:3239} INFO - Sync 1 DAGs
[2026-06-13T17:10:49.244+0000] {logging_mixin.py:190} INFO - [2026-06-13T17:10:49.243+0000] {dag.py:4180} INFO - Setting next_dagrun for example_bash_decorator to None, run_after=None
[2026-06-13T17:10:49.264+0000] {processor.py:208} INFO - Processing /home/airflow/.local/lib/python3.12/site-packages/airflow/example_dags/example_bash_decorator.py took 0.080 seconds
[2026-06-13T17:11:19.355+0000] {processor.py:186} INFO - Started process (PID=2514) to work on /home/airflow/.local/lib/python3.12/site-packages/airflow/example_dags/example_bash_decorator.py
[2026-06-13T17:11:19.356+0000] {processor.py:914} INFO - Processing file /home/airflow/.local/lib/python3.12/site-packages/airflow/example_dags/example_bash_decorator.py for tasks to queue
[2026-06-13T17:11:19.359+0000] {logging_mixin.py:190} INFO - [2026-06-13T17:11:19.359+0000] {dagbag.py:588} INFO - Filling up the DagBag from /home/airflow/.local/lib/python3.12/site-packages/airflow/example_dags/example_bash_decorator.py
[2026-06-13T17:11:19.372+0000] {processor.py:925} INFO - DAG(s) 'example_bash_decorator' retrieved from /home/airflow/.local/lib/python3.12/site-packages/airflow/example_dags/example_bash_decorator.py
[2026-06-13T17:11:19.394+0000] {logging_mixin.py:190} INFO - [2026-06-13T17:11:19.394+0000] {dag.py:3239} INFO - Sync 1 DAGs
[2026-06-13T17:11:19.406+0000] {logging_mixin.py:190} INFO - [2026-06-13T17:11:19.405+0000] {dag.py:4180} INFO - Setting next_dagrun for example_bash_decorator to None, run_after=None
[2026-06-13T17:11:19.422+0000] {processor.py:208} INFO - Processing /home/airflow/.local/lib/python3.12/site-packages/airflow/example_dags/example_bash_decorator.py took 0.074 seconds
[2026-06-13T17:11:50.043+0000] {processor.py:186} INFO - Started process (PID=2576) to work on /home/airflow/.local/lib/python3.12/site-packages/airflow/example_dags/example_bash_decorator.py
[2026-06-13T17:11:50.045+0000] {processor.py:914} INFO - Processing file /home/airflow/.local/lib/python3.12/site-packages/airflow/example_dags/example_bash_decorator.py for tasks to queue
[2026-06-13T17:11:50.047+0000] {logging_mixin.py:190} INFO - [2026-06-13T17:11:50.047+0000] {dagbag.py:588} INFO - Filling up the DagBag from /home/airflow/.local/lib/python3.12/site-packages/airflow/example_dags/example_bash_decorator.py
[2026-06-13T17:11:50.059+0000] {processor.py:925} INFO - DAG(s) 'example_bash_decorator' retrieved from /home/airflow/.local/lib/python3.12/site-packages/airflow/example_dags/example_bash_decorator.py
[2026-06-13T17:11:50.078+0000] {logging_mixin.py:190} INFO - [2026-06-13T17:11:50.078+0000] {dag.py:3239} INFO - Sync 1 DAGs
[2026-06-13T17:11:50.089+0000] {logging_mixin.py:190} INFO - [2026-06-13T17:11:50.088+0000] {dag.py:4180} INFO - Setting next_dagrun for example_bash_decorator to None, run_after=None
[2026-06-13T17:11:50.106+0000] {processor.py:208} INFO - Processing /home/airflow/.local/lib/python3.12/site-packages/airflow/example_dags/example_bash_decorator.py took 0.069 seconds
[2026-06-13T17:12:20.164+0000] {processor.py:186} INFO - Started process (PID=2638) to work on /home/airflow/.local/lib/python3.12/site-packages/airflow/example_dags/example_bash_decorator.py
[2026-06-13T17:12:20.165+0000] {processor.py:914} INFO - Processing file /home/airflow/.local/lib/python3.12/site-packages/airflow/example_dags/example_bash_decorator.py for tasks to queue
[2026-06-13T17:12:20.167+0000] {logging_mixin.py:190} INFO - [2026-06-13T17:12:20.167+0000] {dagbag.py:588} INFO - Filling up the DagBag from /home/airflow/.local/lib/python3.12/site-packages/airflow/example_dags/example_bash_decorator.py
[2026-06-13T17:12:20.179+0000] {processor.py:925} INFO - DAG(s) 'example_bash_decorator' retrieved from /home/airflow/.local/lib/python3.12/site-packages/airflow/example_dags/example_bash_decorator.py
[2026-06-13T17:12:20.197+0000] {logging_mixin.py:190} INFO - [2026-06-13T17:12:20.197+0000] {dag.py:3239} INFO - Sync 1 DAGs
[2026-06-13T17:12:20.207+0000] {logging_mixin.py:190} INFO - [2026-06-13T17:12:20.207+0000] {dag.py:4180} INFO - Setting next_dagrun for example_bash_decorator to None, run_after=None
[2026-06-13T17:12:20.224+0000] {processor.py:208} INFO - Processing /home/airflow/.local/lib/python3.12/site-packages/airflow/example_dags/example_bash_decorator.py took 0.065 seconds
[2026-06-13T17:12:51.882+0000] {processor.py:186} INFO - Started process (PID=2700) to work on /home/airflow/.local/lib/python3.12/site-packages/airflow/example_dags/example_bash_decorator.py
[2026-06-13T17:12:51.883+0000] {processor.py:914} INFO - Processing file /home/airflow/.local/lib/python3.12/site-packages/airflow/example_dags/example_bash_decorator.py for tasks to queue
[2026-06-13T17:12:51.886+0000] {logging_mixin.py:190} INFO - [2026-06-13T17:12:51.885+0000] {dagbag.py:588} INFO - Filling up the DagBag from /home/airflow/.local/lib/python3.12/site-packages/airflow/example_dags/example_bash_decorator.py
[2026-06-13T17:12:51.896+0000] {processor.py:925} INFO - DAG(s) 'example_bash_decorator' retrieved from /home/airflow/.local/lib/python3.12/site-packages/airflow/example_dags/example_bash_decorator.py
[2026-06-13T17:12:51.914+0000] {logging_mixin.py:190} INFO - [2026-06-13T17:12:51.914+0000] {dag.py:3239} INFO - Sync 1 DAGs
[2026-06-13T17:12:51.924+0000] {logging_mixin.py:190} INFO - [2026-06-13T17:12:51.924+0000] {dag.py:4180} INFO - Setting next_dagrun for example_bash_decorator to None, run_after=None
[2026-06-13T17:12:51.941+0000] {processor.py:208} INFO - Processing /home/airflow/.local/lib/python3.12/site-packages/airflow/example_dags/example_bash_decorator.py took 0.064 seconds
[2026-06-13T17:13:22.327+0000] {processor.py:186} INFO - Started process (PID=2762) to work on /home/airflow/.local/lib/python3.12/site-packages/airflow/example_dags/example_bash_decorator.py
[2026-06-13T17:13:22.328+0000] {processor.py:914} INFO - Processing file /home/airflow/.local/lib/python3.12/site-packages/airflow/example_dags/example_bash_decorator.py for tasks to queue
[2026-06-13T17:13:22.330+0000] {logging_mixin.py:190} INFO - [2026-06-13T17:13:22.330+0000] {dagbag.py:588} INFO - Filling up the DagBag from /home/airflow/.local/lib/python3.12/site-packages/airflow/example_dags/example_bash_decorator.py
[2026-06-13T17:13:22.341+0000] {processor.py:925} INFO - DAG(s) 'example_bash_decorator' retrieved from /home/airflow/.local/lib/python3.12/site-packages/airflow/example_dags/example_bash_decorator.py
[2026-06-13T17:13:22.358+0000] {logging_mixin.py:190} INFO - [2026-06-13T17:13:22.358+0000] {dag.py:3239} INFO - Sync 1 DAGs
[2026-06-13T17:13:22.368+0000] {logging_mixin.py:190} INFO - [2026-06-13T17:13:22.368+0000] {dag.py:4180} INFO - Setting next_dagrun for example_bash_decorator to None, run_after=None
[2026-06-13T17:13:22.382+0000] {processor.py:208} INFO - Processing /home/airflow/.local/lib/python3.12/site-packages/airflow/example_dags/example_bash_decorator.py took 0.061 seconds
[2026-06-13T17:13:52.661+0000] {processor.py:186} INFO - Started process (PID=2824) to work on /home/airflow/.local/lib/python3.12/site-packages/airflow/example_dags/example_bash_decorator.py
[2026-06-13T17:13:52.662+0000] {processor.py:914} INFO - Processing file /home/airflow/.local/lib/python3.12/site-packages/airflow/example_dags/example_bash_decorator.py for tasks to queue
[2026-06-13T17:13:52.664+0000] {logging_mixin.py:190} INFO - [2026-06-13T17:13:52.664+0000] {dagbag.py:588} INFO - Filling up the DagBag from /home/airflow/.local/lib/python3.12/site-packages/airflow/example_dags/example_bash_decorator.py
[2026-06-13T17:13:52.676+0000] {processor.py:925} INFO - DAG(s) 'example_bash_decorator' retrieved from /home/airflow/.local/lib/python3.12/site-packages/airflow/example_dags/example_bash_decorator.py
[2026-06-13T17:13:52.694+0000] {logging_mixin.py:190} INFO - [2026-06-13T17:13:52.694+0000] {dag.py:3239} INFO - Sync 1 DAGs
[2026-06-13T17:13:52.704+0000] {logging_mixin.py:190} INFO - [2026-06-13T17:13:52.704+0000] {dag.py:4180} INFO - Setting next_dagrun for example_bash_decorator to None, run_after=None
[2026-06-13T17:13:52.721+0000] {processor.py:208} INFO - Processing /home/airflow/.local/lib/python3.12/site-packages/airflow/example_dags/example_bash_decorator.py took 0.065 seconds
[2026-06-13T17:14:23.402+0000] {processor.py:186} INFO - Started process (PID=2886) to work on /home/airflow/.local/lib/python3.12/site-packages/airflow/example_dags/example_bash_decorator.py
[2026-06-13T17:14:23.403+0000] {processor.py:914} INFO - Processing file /home/airflow/.local/lib/python3.12/site-packages/airflow/example_dags/example_bash_decorator.py for tasks to queue
[2026-06-13T17:14:23.405+0000] {logging_mixin.py:190} INFO - [2026-06-13T17:14:23.405+0000] {dagbag.py:588} INFO - Filling up the DagBag from /home/airflow/.local/lib/python3.12/site-packages/airflow/example_dags/example_bash_decorator.py
[2026-06-13T17:14:23.416+0000] {processor.py:925} INFO - DAG(s) 'example_bash_decorator' retrieved from /home/airflow/.local/lib/python3.12/site-packages/airflow/example_dags/example_bash_decorator.py
[2026-06-13T17:14:23.433+0000] {logging_mixin.py:190} INFO - [2026-06-13T17:14:23.433+0000] {dag.py:3239} INFO - Sync 1 DAGs
[2026-06-13T17:14:23.443+0000] {logging_mixin.py:190} INFO - [2026-06-13T17:14:23.443+0000] {dag.py:4180} INFO - Setting next_dagrun for example_bash_decorator to None, run_after=None
[2026-06-13T17:14:23.457+0000] {processor.py:208} INFO - Processing /home/airflow/.local/lib/python3.12/site-packages/airflow/example_dags/example_bash_decorator.py took 0.060 seconds
[2026-06-13T17:14:53.698+0000] {processor.py:186} INFO - Started process (PID=2948) to work on /home/airflow/.local/lib/python3.12/site-packages/airflow/example_dags/example_bash_decorator.py
[2026-06-13T17:14:53.699+0000] {processor.py:914} INFO - Processing file /home/airflow/.local/lib/python3.12/site-packages/airflow/example_dags/example_bash_decorator.py for tasks to queue
[2026-06-13T17:14:53.702+0000] {logging_mixin.py:190} INFO - [2026-06-13T17:14:53.701+0000] {dagbag.py:588} INFO - Filling up the DagBag from /home/airflow/.local/lib/python3.12/site-packages/airflow/example_dags/example_bash_decorator.py
[2026-06-13T17:14:53.713+0000] {processor.py:925} INFO - DAG(s) 'example_bash_decorator' retrieved from /home/airflow/.local/lib/python3.12/site-packages/airflow/example_dags/example_bash_decorator.py
[2026-06-13T17:14:53.730+0000] {logging_mixin.py:190} INFO - [2026-06-13T17:14:53.730+0000] {dag.py:3239} INFO - Sync 1 DAGs
[2026-06-13T17:14:53.739+0000] {logging_mixin.py:190} INFO - [2026-06-13T17:14:53.739+0000] {dag.py:4180} INFO - Setting next_dagrun for example_bash_decorator to None, run_after=None
[2026-06-13T17:14:53.755+0000] {processor.py:208} INFO - Processing /home/airflow/.local/lib/python3.12/site-packages/airflow/example_dags/example_bash_decorator.py took 0.062 seconds
[2026-06-13T17:15:24.144+0000] {processor.py:186} INFO - Started process (PID=3010) to work on /home/airflow/.local/lib/python3.12/site-packages/airflow/example_dags/example_bash_decorator.py
[2026-06-13T17:15:24.145+0000] {processor.py:914} INFO - Processing file /home/airflow/.local/lib/python3.12/site-packages/airflow/example_dags/example_bash_decorator.py for tasks to queue
[2026-06-13T17:15:24.148+0000] {logging_mixin.py:190} INFO - [2026-06-13T17:15:24.147+0000] {dagbag.py:588} INFO - Filling up the DagBag from /home/airflow/.local/lib/python3.12/site-packages/airflow/example_dags/example_bash_decorator.py
[2026-06-13T17:15:24.158+0000] {processor.py:925} INFO - DAG(s) 'example_bash_decorator' retrieved from /home/airflow/.local/lib/python3.12/site-packages/airflow/example_dags/example_bash_decorator.py
[2026-06-13T17:15:24.176+0000] {logging_mixin.py:190} INFO - [2026-06-13T17:15:24.176+0000] {dag.py:3239} INFO - Sync 1 DAGs
[2026-06-13T17:15:24.186+0000] {logging_mixin.py:190} INFO - [2026-06-13T17:15:24.186+0000] {dag.py:4180} INFO - Setting next_dagrun for example_bash_decorator to None, run_after=None
[2026-06-13T17:15:24.204+0000] {processor.py:208} INFO - Processing /home/airflow/.local/lib/python3.12/site-packages/airflow/example_dags/example_bash_decorator.py took 0.064 seconds
[2026-06-13T17:15:54.524+0000] {processor.py:186} INFO - Started process (PID=3072) to work on /home/airflow/.local/lib/python3.12/site-packages/airflow/example_dags/example_bash_decorator.py
[2026-06-13T17:15:54.526+0000] {processor.py:914} INFO - Processing file /home/airflow/.local/lib/python3.12/site-packages/airflow/example_dags/example_bash_decorator.py for tasks to queue
[2026-06-13T17:15:54.529+0000] {logging_mixin.py:190} INFO - [2026-06-13T17:15:54.529+0000] {dagbag.py:588} INFO - Filling up the DagBag from /home/airflow/.local/lib/python3.12/site-packages/airflow/example_dags/example_bash_decorator.py
[2026-06-13T17:15:54.543+0000] {processor.py:925} INFO - DAG(s) 'example_bash_decorator' retrieved from /home/airflow/.local/lib/python3.12/site-packages/airflow/example_dags/example_bash_decorator.py
[2026-06-13T17:15:54.564+0000] {logging_mixin.py:190} INFO - [2026-06-13T17:15:54.564+0000] {dag.py:3239} INFO - Sync 1 DAGs
[2026-06-13T17:15:54.577+0000] {logging_mixin.py:190} INFO - [2026-06-13T17:15:54.577+0000] {dag.py:4180} INFO - Setting next_dagrun for example_bash_decorator to None, run_after=None
[2026-06-13T17:15:54.595+0000] {processor.py:208} INFO - Processing /home/airflow/.local/lib/python3.12/site-packages/airflow/example_dags/example_bash_decorator.py took 0.076 seconds
[2026-06-13T17:16:25.231+0000] {processor.py:186} INFO - Started process (PID=3134) to work on /home/airflow/.local/lib/python3.12/site-packages/airflow/example_dags/example_bash_decorator.py
[2026-06-13T17:16:25.232+0000] {processor.py:914} INFO - Processing file /home/airflow/.local/lib/python3.12/site-packages/airflow/example_dags/example_bash_decorator.py for tasks to queue
[2026-06-13T17:16:25.235+0000] {logging_mixin.py:190} INFO - [2026-06-13T17:16:25.235+0000] {dagbag.py:588} INFO - Filling up the DagBag from /home/airflow/.local/lib/python3.12/site-packages/airflow/example_dags/example_bash_decorator.py
[2026-06-13T17:16:25.246+0000] {processor.py:925} INFO - DAG(s) 'example_bash_decorator' retrieved from /home/airflow/.local/lib/python3.12/site-packages/airflow/example_dags/example_bash_decorator.py
[2026-06-13T17:16:25.264+0000] {logging_mixin.py:190} INFO - [2026-06-13T17:16:25.264+0000] {dag.py:3239} INFO - Sync 1 DAGs
[2026-06-13T17:16:25.274+0000] {logging_mixin.py:190} INFO - [2026-06-13T17:16:25.274+0000] {dag.py:4180} INFO - Setting next_dagrun for example_bash_decorator to None, run_after=None
[2026-06-13T17:16:25.291+0000] {processor.py:208} INFO - Processing /home/airflow/.local/lib/python3.12/site-packages/airflow/example_dags/example_bash_decorator.py took 0.065 seconds
[2026-06-13T17:16:55.659+0000] {processor.py:186} INFO - Started process (PID=3196) to work on /home/airflow/.local/lib/python3.12/site-packages/airflow/example_dags/example_bash_decorator.py
[2026-06-13T17:16:55.661+0000] {processor.py:914} INFO - Processing file /home/airflow/.local/lib/python3.12/site-packages/airflow/example_dags/example_bash_decorator.py for tasks to queue
[2026-06-13T17:16:55.663+0000] {logging_mixin.py:190} INFO - [2026-06-13T17:16:55.663+0000] {dagbag.py:588} INFO - Filling up the DagBag from /home/airflow/.local/lib/python3.12/site-packages/airflow/example_dags/example_bash_decorator.py
[2026-06-13T17:16:55.675+0000] {processor.py:925} INFO - DAG(s) 'example_bash_decorator' retrieved from /home/airflow/.local/lib/python3.12/site-packages/airflow/example_dags/example_bash_decorator.py
[2026-06-13T17:16:55.696+0000] {logging_mixin.py:190} INFO - [2026-06-13T17:16:55.696+0000] {dag.py:3239} INFO - Sync 1 DAGs
[2026-06-13T17:16:55.707+0000] {logging_mixin.py:190} INFO - [2026-06-13T17:16:55.707+0000] {dag.py:4180} INFO - Setting next_dagrun for example_bash_decorator to None, run_after=None
[2026-06-13T17:16:55.727+0000] {processor.py:208} INFO - Processing /home/airflow/.local/lib/python3.12/site-packages/airflow/example_dags/example_bash_decorator.py took 0.073 seconds
[2026-06-13T17:17:25.962+0000] {processor.py:186} INFO - Started process (PID=3258) to work on /home/airflow/.local/lib/python3.12/site-packages/airflow/example_dags/example_bash_decorator.py
[2026-06-13T17:17:25.964+0000] {processor.py:914} INFO - Processing file /home/airflow/.local/lib/python3.12/site-packages/airflow/example_dags/example_bash_decorator.py for tasks to queue
[2026-06-13T17:17:25.966+0000] {logging_mixin.py:190} INFO - [2026-06-13T17:17:25.966+0000] {dagbag.py:588} INFO - Filling up the DagBag from /home/airflow/.local/lib/python3.12/site-packages/airflow/example_dags/example_bash_decorator.py
[2026-06-13T17:17:25.978+0000] {processor.py:925} INFO - DAG(s) 'example_bash_decorator' retrieved from /home/airflow/.local/lib/python3.12/site-packages/airflow/example_dags/example_bash_decorator.py
[2026-06-13T17:17:25.994+0000] {logging_mixin.py:190} INFO - [2026-06-13T17:17:25.994+0000] {dag.py:3239} INFO - Sync 1 DAGs
[2026-06-13T17:17:26.004+0000] {logging_mixin.py:190} INFO - [2026-06-13T17:17:26.004+0000] {dag.py:4180} INFO - Setting next_dagrun for example_bash_decorator to None, run_after=None
[2026-06-13T17:17:26.021+0000] {processor.py:208} INFO - Processing /home/airflow/.local/lib/python3.12/site-packages/airflow/example_dags/example_bash_decorator.py took 0.064 seconds
[2026-06-13T17:17:56.327+0000] {processor.py:186} INFO - Started process (PID=3320) to work on /home/airflow/.local/lib/python3.12/site-packages/airflow/example_dags/example_bash_decorator.py
[2026-06-13T17:17:56.328+0000] {processor.py:914} INFO - Processing file /home/airflow/.local/lib/python3.12/site-packages/airflow/example_dags/example_bash_decorator.py for tasks to queue
[2026-06-13T17:17:56.330+0000] {logging_mixin.py:190} INFO - [2026-06-13T17:17:56.330+0000] {dagbag.py:588} INFO - Filling up the DagBag from /home/airflow/.local/lib/python3.12/site-packages/airflow/example_dags/example_bash_decorator.py
[2026-06-13T17:17:56.341+0000] {processor.py:925} INFO - DAG(s) 'example_bash_decorator' retrieved from /home/airflow/.local/lib/python3.12/site-packages/airflow/example_dags/example_bash_decorator.py
[2026-06-13T17:17:56.358+0000] {logging_mixin.py:190} INFO - [2026-06-13T17:17:56.358+0000] {dag.py:3239} INFO - Sync 1 DAGs
[2026-06-13T17:17:56.368+0000] {logging_mixin.py:190} INFO - [2026-06-13T17:17:56.368+0000] {dag.py:4180} INFO - Setting next_dagrun for example_bash_decorator to None, run_after=None
[2026-06-13T17:17:56.389+0000] {processor.py:208} INFO - Processing /home/airflow/.local/lib/python3.12/site-packages/airflow/example_dags/example_bash_decorator.py took 0.067 seconds
[2026-06-13T17:18:26.826+0000] {processor.py:186} INFO - Started process (PID=3382) to work on /home/airflow/.local/lib/python3.12/site-packages/airflow/example_dags/example_bash_decorator.py
[2026-06-13T17:18:26.827+0000] {processor.py:914} INFO - Processing file /home/airflow/.local/lib/python3.12/site-packages/airflow/example_dags/example_bash_decorator.py for tasks to queue
[2026-06-13T17:18:26.829+0000] {logging_mixin.py:190} INFO - [2026-06-13T17:18:26.829+0000] {dagbag.py:588} INFO - Filling up the DagBag from /home/airflow/.local/lib/python3.12/site-packages/airflow/example_dags/example_bash_decorator.py
[2026-06-13T17:18:26.840+0000] {processor.py:925} INFO - DAG(s) 'example_bash_decorator' retrieved from /home/airflow/.local/lib/python3.12/site-packages/airflow/example_dags/example_bash_decorator.py
[2026-06-13T17:18:26.857+0000] {logging_mixin.py:190} INFO - [2026-06-13T17:18:26.856+0000] {dag.py:3239} INFO - Sync 1 DAGs
[2026-06-13T17:18:26.866+0000] {logging_mixin.py:190} INFO - [2026-06-13T17:18:26.866+0000] {dag.py:4180} INFO - Setting next_dagrun for example_bash_decorator to None, run_after=None
[2026-06-13T17:18:26.883+0000] {processor.py:208} INFO - Processing /home/airflow/.local/lib/python3.12/site-packages/airflow/example_dags/example_bash_decorator.py took 0.062 seconds
[2026-06-13T17:18:57.467+0000] {processor.py:186} INFO - Started process (PID=3444) to work on /home/airflow/.local/lib/python3.12/site-packages/airflow/example_dags/example_bash_decorator.py
[2026-06-13T17:18:57.468+0000] {processor.py:914} INFO - Processing file /home/airflow/.local/lib/python3.12/site-packages/airflow/example_dags/example_bash_decorator.py for tasks to queue
[2026-06-13T17:18:57.471+0000] {logging_mixin.py:190} INFO - [2026-06-13T17:18:57.470+0000] {dagbag.py:588} INFO - Filling up the DagBag from /home/airflow/.local/lib/python3.12/site-packages/airflow/example_dags/example_bash_decorator.py
[2026-06-13T17:18:57.482+0000] {processor.py:925} INFO - DAG(s) 'example_bash_decorator' retrieved from /home/airflow/.local/lib/python3.12/site-packages/airflow/example_dags/example_bash_decorator.py
[2026-06-13T17:18:57.499+0000] {logging_mixin.py:190} INFO - [2026-06-13T17:18:57.499+0000] {dag.py:3239} INFO - Sync 1 DAGs
[2026-06-13T17:18:57.510+0000] {logging_mixin.py:190} INFO - [2026-06-13T17:18:57.510+0000] {dag.py:4180} INFO - Setting next_dagrun for example_bash_decorator to None, run_after=None
[2026-06-13T17:18:57.527+0000] {processor.py:208} INFO - Processing /home/airflow/.local/lib/python3.12/site-packages/airflow/example_dags/example_bash_decorator.py took 0.065 seconds
[2026-06-13T17:19:28.312+0000] {processor.py:186} INFO - Started process (PID=3506) to work on /home/airflow/.local/lib/python3.12/site-packages/airflow/example_dags/example_bash_decorator.py
[2026-06-13T17:19:28.314+0000] {processor.py:914} INFO - Processing file /home/airflow/.local/lib/python3.12/site-packages/airflow/example_dags/example_bash_decorator.py for tasks to queue
[2026-06-13T17:19:28.317+0000] {logging_mixin.py:190} INFO - [2026-06-13T17:19:28.317+0000] {dagbag.py:588} INFO - Filling up the DagBag from /home/airflow/.local/lib/python3.12/site-packages/airflow/example_dags/example_bash_decorator.py
[2026-06-13T17:19:28.336+0000] {processor.py:925} INFO - DAG(s) 'example_bash_decorator' retrieved from /home/airflow/.local/lib/python3.12/site-packages/airflow/example_dags/example_bash_decorator.py
[2026-06-13T17:19:28.357+0000] {logging_mixin.py:190} INFO - [2026-06-13T17:19:28.357+0000] {dag.py:3239} INFO - Sync 1 DAGs
[2026-06-13T17:19:28.368+0000] {logging_mixin.py:190} INFO - [2026-06-13T17:19:28.368+0000] {dag.py:4180} INFO - Setting next_dagrun for example_bash_decorator to None, run_after=None
[2026-06-13T17:19:28.383+0000] {processor.py:208} INFO - Processing /home/airflow/.local/lib/python3.12/site-packages/airflow/example_dags/example_bash_decorator.py took 0.078 seconds
[2026-06-13T17:19:58.965+0000] {processor.py:186} INFO - Started process (PID=3568) to work on /home/airflow/.local/lib/python3.12/site-packages/airflow/example_dags/example_bash_decorator.py
[2026-06-13T17:19:58.967+0000] {processor.py:914} INFO - Processing file /home/airflow/.local/lib/python3.12/site-packages/airflow/example_dags/example_bash_decorator.py for tasks to queue
[2026-06-13T17:19:58.971+0000] {logging_mixin.py:190} INFO - [2026-06-13T17:19:58.970+0000] {dagbag.py:588} INFO - Filling up the DagBag from /home/airflow/.local/lib/python3.12/site-packages/airflow/example_dags/example_bash_decorator.py
[2026-06-13T17:19:58.989+0000] {processor.py:925} INFO - DAG(s) 'example_bash_decorator' retrieved from /home/airflow/.local/lib/python3.12/site-packages/airflow/example_dags/example_bash_decorator.py
[2026-06-13T17:19:59.020+0000] {logging_mixin.py:190} INFO - [2026-06-13T17:19:59.020+0000] {dag.py:3239} INFO - Sync 1 DAGs
[2026-06-13T17:19:59.039+0000] {logging_mixin.py:190} INFO - [2026-06-13T17:19:59.039+0000] {dag.py:4180} INFO - Setting next_dagrun for example_bash_decorator to None, run_after=None
[2026-06-13T17:19:59.062+0000] {processor.py:208} INFO - Processing /home/airflow/.local/lib/python3.12/site-packages/airflow/example_dags/example_bash_decorator.py took 0.103 seconds
[2026-06-13T17:20:29.541+0000] {processor.py:186} INFO - Started process (PID=3630) to work on /home/airflow/.local/lib/python3.12/site-packages/airflow/example_dags/example_bash_decorator.py
[2026-06-13T17:20:29.542+0000] {processor.py:914} INFO - Processing file /home/airflow/.local/lib/python3.12/site-packages/airflow/example_dags/example_bash_decorator.py for tasks to queue
[2026-06-13T17:20:29.546+0000] {logging_mixin.py:190} INFO - [2026-06-13T17:20:29.545+0000] {dagbag.py:588} INFO - Filling up the DagBag from /home/airflow/.local/lib/python3.12/site-packages/airflow/example_dags/example_bash_decorator.py
[2026-06-13T17:20:29.564+0000] {processor.py:925} INFO - DAG(s) 'example_bash_decorator' retrieved from /home/airflow/.local/lib/python3.12/site-packages/airflow/example_dags/example_bash_decorator.py
[2026-06-13T17:20:29.591+0000] {logging_mixin.py:190} INFO - [2026-06-13T17:20:29.590+0000] {dag.py:3239} INFO - Sync 1 DAGs
[2026-06-13T17:20:29.607+0000] {logging_mixin.py:190} INFO - [2026-06-13T17:20:29.607+0000] {dag.py:4180} INFO - Setting next_dagrun for example_bash_decorator to None, run_after=None
[2026-06-13T17:20:29.632+0000] {processor.py:208} INFO - Processing /home/airflow/.local/lib/python3.12/site-packages/airflow/example_dags/example_bash_decorator.py took 0.097 seconds
[2026-06-13T17:20:59.935+0000] {processor.py:186} INFO - Started process (PID=3692) to work on /home/airflow/.local/lib/python3.12/site-packages/airflow/example_dags/example_bash_decorator.py
[2026-06-13T17:20:59.937+0000] {processor.py:914} INFO - Processing file /home/airflow/.local/lib/python3.12/site-packages/airflow/example_dags/example_bash_decorator.py for tasks to queue
[2026-06-13T17:20:59.939+0000] {logging_mixin.py:190} INFO - [2026-06-13T17:20:59.939+0000] {dagbag.py:588} INFO - Filling up the DagBag from /home/airflow/.local/lib/python3.12/site-packages/airflow/example_dags/example_bash_decorator.py
[2026-06-13T17:20:59.950+0000] {processor.py:925} INFO - DAG(s) 'example_bash_decorator' retrieved from /home/airflow/.local/lib/python3.12/site-packages/airflow/example_dags/example_bash_decorator.py
[2026-06-13T17:20:59.966+0000] {logging_mixin.py:190} INFO - [2026-06-13T17:20:59.966+0000] {dag.py:3239} INFO - Sync 1 DAGs
[2026-06-13T17:20:59.976+0000] {logging_mixin.py:190} INFO - [2026-06-13T17:20:59.975+0000] {dag.py:4180} INFO - Setting next_dagrun for example_bash_decorator to None, run_after=None
[2026-06-13T17:20:59.989+0000] {processor.py:208} INFO - Processing /home/airflow/.local/lib/python3.12/site-packages/airflow/example_dags/example_bash_decorator.py took 0.059 seconds
[2026-06-13T17:21:30.646+0000] {processor.py:186} INFO - Started process (PID=3754) to work on /home/airflow/.local/lib/python3.12/site-packages/airflow/example_dags/example_bash_decorator.py
[2026-06-13T17:21:30.647+0000] {processor.py:914} INFO - Processing file /home/airflow/.local/lib/python3.12/site-packages/airflow/example_dags/example_bash_decorator.py for tasks to queue
[2026-06-13T17:21:30.649+0000] {logging_mixin.py:190} INFO - [2026-06-13T17:21:30.649+0000] {dagbag.py:588} INFO - Filling up the DagBag from /home/airflow/.local/lib/python3.12/site-packages/airflow/example_dags/example_bash_decorator.py
[2026-06-13T17:21:30.660+0000] {processor.py:925} INFO - DAG(s) 'example_bash_decorator' retrieved from /home/airflow/.local/lib/python3.12/site-packages/airflow/example_dags/example_bash_decorator.py
[2026-06-13T17:21:30.677+0000] {logging_mixin.py:190} INFO - [2026-06-13T17:21:30.677+0000] {dag.py:3239} INFO - Sync 1 DAGs
[2026-06-13T17:21:30.687+0000] {logging_mixin.py:190} INFO - [2026-06-13T17:21:30.687+0000] {dag.py:4180} INFO - Setting next_dagrun for example_bash_decorator to None, run_after=None
[2026-06-13T17:21:30.701+0000] {processor.py:208} INFO - Processing /home/airflow/.local/lib/python3.12/site-packages/airflow/example_dags/example_bash_decorator.py took 0.060 seconds
[2026-06-13T17:22:00.949+0000] {processor.py:186} INFO - Started process (PID=3816) to work on /home/airflow/.local/lib/python3.12/site-packages/airflow/example_dags/example_bash_decorator.py
[2026-06-13T17:22:00.950+0000] {processor.py:914} INFO - Processing file /home/airflow/.local/lib/python3.12/site-packages/airflow/example_dags/example_bash_decorator.py for tasks to queue
[2026-06-13T17:22:00.952+0000] {logging_mixin.py:190} INFO - [2026-06-13T17:22:00.952+0000] {dagbag.py:588} INFO - Filling up the DagBag from /home/airflow/.local/lib/python3.12/site-packages/airflow/example_dags/example_bash_decorator.py
[2026-06-13T17:22:00.963+0000] {processor.py:925} INFO - DAG(s) 'example_bash_decorator' retrieved from /home/airflow/.local/lib/python3.12/site-packages/airflow/example_dags/example_bash_decorator.py
[2026-06-13T17:22:00.980+0000] {logging_mixin.py:190} INFO - [2026-06-13T17:22:00.980+0000] {dag.py:3239} INFO - Sync 1 DAGs
[2026-06-13T17:22:00.990+0000] {logging_mixin.py:190} INFO - [2026-06-13T17:22:00.990+0000] {dag.py:4180} INFO - Setting next_dagrun for example_bash_decorator to None, run_after=None
[2026-06-13T17:22:01.004+0000] {processor.py:208} INFO - Processing /home/airflow/.local/lib/python3.12/site-packages/airflow/example_dags/example_bash_decorator.py took 0.060 seconds
[2026-06-13T17:22:31.255+0000] {processor.py:186} INFO - Started process (PID=3878) to work on /home/airflow/.local/lib/python3.12/site-packages/airflow/example_dags/example_bash_decorator.py
[2026-06-13T17:22:31.256+0000] {processor.py:914} INFO - Processing file /home/airflow/.local/lib/python3.12/site-packages/airflow/example_dags/example_bash_decorator.py for tasks to queue
[2026-06-13T17:22:31.259+0000] {logging_mixin.py:190} INFO - [2026-06-13T17:22:31.258+0000] {dagbag.py:588} INFO - Filling up the DagBag from /home/airflow/.local/lib/python3.12/site-packages/airflow/example_dags/example_bash_decorator.py
[2026-06-13T17:22:31.270+0000] {processor.py:925} INFO - DAG(s) 'example_bash_decorator' retrieved from /home/airflow/.local/lib/python3.12/site-packages/airflow/example_dags/example_bash_decorator.py
[2026-06-13T17:22:31.289+0000] {logging_mixin.py:190} INFO - [2026-06-13T17:22:31.289+0000] {dag.py:3239} INFO - Sync 1 DAGs
[2026-06-13T17:22:31.299+0000] {logging_mixin.py:190} INFO - [2026-06-13T17:22:31.299+0000] {dag.py:4180} INFO - Setting next_dagrun for example_bash_decorator to None, run_after=None
[2026-06-13T17:22:31.317+0000] {processor.py:208} INFO - Processing /home/airflow/.local/lib/python3.12/site-packages/airflow/example_dags/example_bash_decorator.py took 0.067 seconds
[2026-06-13T17:23:01.984+0000] {processor.py:186} INFO - Started process (PID=3940) to work on /home/airflow/.local/lib/python3.12/site-packages/airflow/example_dags/example_bash_decorator.py
[2026-06-13T17:23:01.986+0000] {processor.py:914} INFO - Processing file /home/airflow/.local/lib/python3.12/site-packages/airflow/example_dags/example_bash_decorator.py for tasks to queue
[2026-06-13T17:23:01.988+0000] {logging_mixin.py:190} INFO - [2026-06-13T17:23:01.988+0000] {dagbag.py:588} INFO - Filling up the DagBag from /home/airflow/.local/lib/python3.12/site-packages/airflow/example_dags/example_bash_decorator.py
[2026-06-13T17:23:02.002+0000] {processor.py:925} INFO - DAG(s) 'example_bash_decorator' retrieved from /home/airflow/.local/lib/python3.12/site-packages/airflow/example_dags/example_bash_decorator.py
[2026-06-13T17:23:02.021+0000] {logging_mixin.py:190} INFO - [2026-06-13T17:23:02.020+0000] {dag.py:3239} INFO - Sync 1 DAGs
[2026-06-13T17:23:02.032+0000] {logging_mixin.py:190} INFO - [2026-06-13T17:23:02.032+0000] {dag.py:4180} INFO - Setting next_dagrun for example_bash_decorator to None, run_after=None
[2026-06-13T17:23:02.063+0000] {processor.py:208} INFO - Processing /home/airflow/.local/lib/python3.12/site-packages/airflow/example_dags/example_bash_decorator.py took 0.085 seconds
[2026-06-13T17:23:32.489+0000] {processor.py:186} INFO - Started process (PID=4002) to work on /home/airflow/.local/lib/python3.12/site-packages/airflow/example_dags/example_bash_decorator.py
[2026-06-13T17:23:32.491+0000] {processor.py:914} INFO - Processing file /home/airflow/.local/lib/python3.12/site-packages/airflow/example_dags/example_bash_decorator.py for tasks to queue
[2026-06-13T17:23:32.494+0000] {logging_mixin.py:190} INFO - [2026-06-13T17:23:32.493+0000] {dagbag.py:588} INFO - Filling up the DagBag from /home/airflow/.local/lib/python3.12/site-packages/airflow/example_dags/example_bash_decorator.py
[2026-06-13T17:23:32.505+0000] {processor.py:925} INFO - DAG(s) 'example_bash_decorator' retrieved from /home/airflow/.local/lib/python3.12/site-packages/airflow/example_dags/example_bash_decorator.py
[2026-06-13T17:23:32.524+0000] {logging_mixin.py:190} INFO - [2026-06-13T17:23:32.524+0000] {dag.py:3239} INFO - Sync 1 DAGs
[2026-06-13T17:23:32.535+0000] {logging_mixin.py:190} INFO - [2026-06-13T17:23:32.535+0000] {dag.py:4180} INFO - Setting next_dagrun for example_bash_decorator to None, run_after=None
[2026-06-13T17:23:32.552+0000] {processor.py:208} INFO - Processing /home/airflow/.local/lib/python3.12/site-packages/airflow/example_dags/example_bash_decorator.py took 0.067 seconds
[2026-06-13T17:24:02.746+0000] {processor.py:186} INFO - Started process (PID=4065) to work on /home/airflow/.local/lib/python3.12/site-packages/airflow/example_dags/example_bash_decorator.py
[2026-06-13T17:24:02.747+0000] {processor.py:914} INFO - Processing file /home/airflow/.local/lib/python3.12/site-packages/airflow/example_dags/example_bash_decorator.py for tasks to queue
[2026-06-13T17:24:02.750+0000] {logging_mixin.py:190} INFO - [2026-06-13T17:24:02.749+0000] {dagbag.py:588} INFO - Filling up the DagBag from /home/airflow/.local/lib/python3.12/site-packages/airflow/example_dags/example_bash_decorator.py
[2026-06-13T17:24:02.765+0000] {processor.py:925} INFO - DAG(s) 'example_bash_decorator' retrieved from /home/airflow/.local/lib/python3.12/site-packages/airflow/example_dags/example_bash_decorator.py
[2026-06-13T17:24:02.786+0000] {logging_mixin.py:190} INFO - [2026-06-13T17:24:02.786+0000] {dag.py:3239} INFO - Sync 1 DAGs
[2026-06-13T17:24:02.799+0000] {logging_mixin.py:190} INFO - [2026-06-13T17:24:02.799+0000] {dag.py:4180} INFO - Setting next_dagrun for example_bash_decorator to None, run_after=None
[2026-06-13T17:24:02.819+0000] {processor.py:208} INFO - Processing /home/airflow/.local/lib/python3.12/site-packages/airflow/example_dags/example_bash_decorator.py took 0.078 seconds
[2026-06-13T17:24:33.224+0000] {processor.py:186} INFO - Started process (PID=4127) to work on /home/airflow/.local/lib/python3.12/site-packages/airflow/example_dags/example_bash_decorator.py
[2026-06-13T17:24:33.226+0000] {processor.py:914} INFO - Processing file /home/airflow/.local/lib/python3.12/site-packages/airflow/example_dags/example_bash_decorator.py for tasks to queue
[2026-06-13T17:24:33.228+0000] {logging_mixin.py:190} INFO - [2026-06-13T17:24:33.228+0000] {dagbag.py:588} INFO - Filling up the DagBag from /home/airflow/.local/lib/python3.12/site-packages/airflow/example_dags/example_bash_decorator.py
[2026-06-13T17:24:33.242+0000] {processor.py:925} INFO - DAG(s) 'example_bash_decorator' retrieved from /home/airflow/.local/lib/python3.12/site-packages/airflow/example_dags/example_bash_decorator.py
[2026-06-13T17:24:33.260+0000] {logging_mixin.py:190} INFO - [2026-06-13T17:24:33.260+0000] {dag.py:3239} INFO - Sync 1 DAGs
[2026-06-13T17:24:33.270+0000] {logging_mixin.py:190} INFO - [2026-06-13T17:24:33.270+0000] {dag.py:4180} INFO - Setting next_dagrun for example_bash_decorator to None, run_after=None
[2026-06-13T17:24:33.287+0000] {processor.py:208} INFO - Processing /home/airflow/.local/lib/python3.12/site-packages/airflow/example_dags/example_bash_decorator.py took 0.071 seconds
[2026-06-13T17:25:03.342+0000] {processor.py:186} INFO - Started process (PID=4189) to work on /home/airflow/.local/lib/python3.12/site-packages/airflow/example_dags/example_bash_decorator.py
[2026-06-13T17:25:03.343+0000] {processor.py:914} INFO - Processing file /home/airflow/.local/lib/python3.12/site-packages/airflow/example_dags/example_bash_decorator.py for tasks to queue
[2026-06-13T17:25:03.345+0000] {logging_mixin.py:190} INFO - [2026-06-13T17:25:03.345+0000] {dagbag.py:588} INFO - Filling up the DagBag from /home/airflow/.local/lib/python3.12/site-packages/airflow/example_dags/example_bash_decorator.py
[2026-06-13T17:25:03.356+0000] {processor.py:925} INFO - DAG(s) 'example_bash_decorator' retrieved from /home/airflow/.local/lib/python3.12/site-packages/airflow/example_dags/example_bash_decorator.py
[2026-06-13T17:25:03.372+0000] {logging_mixin.py:190} INFO - [2026-06-13T17:25:03.372+0000] {dag.py:3239} INFO - Sync 1 DAGs
[2026-06-13T17:25:03.385+0000] {logging_mixin.py:190} INFO - [2026-06-13T17:25:03.384+0000] {dag.py:4180} INFO - Setting next_dagrun for example_bash_decorator to None, run_after=None
[2026-06-13T17:25:03.409+0000] {processor.py:208} INFO - Processing /home/airflow/.local/lib/python3.12/site-packages/airflow/example_dags/example_bash_decorator.py took 0.072 seconds
[2026-06-13T17:25:33.635+0000] {processor.py:186} INFO - Started process (PID=4251) to work on /home/airflow/.local/lib/python3.12/site-packages/airflow/example_dags/example_bash_decorator.py
[2026-06-13T17:25:33.637+0000] {processor.py:914} INFO - Processing file /home/airflow/.local/lib/python3.12/site-packages/airflow/example_dags/example_bash_decorator.py for tasks to queue
[2026-06-13T17:25:33.640+0000] {logging_mixin.py:190} INFO - [2026-06-13T17:25:33.639+0000] {dagbag.py:588} INFO - Filling up the DagBag from /home/airflow/.local/lib/python3.12/site-packages/airflow/example_dags/example_bash_decorator.py
[2026-06-13T17:25:33.651+0000] {processor.py:925} INFO - DAG(s) 'example_bash_decorator' retrieved from /home/airflow/.local/lib/python3.12/site-packages/airflow/example_dags/example_bash_decorator.py
[2026-06-13T17:25:33.668+0000] {logging_mixin.py:190} INFO - [2026-06-13T17:25:33.668+0000] {dag.py:3239} INFO - Sync 1 DAGs
[2026-06-13T17:25:33.679+0000] {logging_mixin.py:190} INFO - [2026-06-13T17:25:33.678+0000] {dag.py:4180} INFO - Setting next_dagrun for example_bash_decorator to None, run_after=None
[2026-06-13T17:25:33.695+0000] {processor.py:208} INFO - Processing /home/airflow/.local/lib/python3.12/site-packages/airflow/example_dags/example_bash_decorator.py took 0.066 seconds
[2026-06-13T17:26:03.813+0000] {processor.py:186} INFO - Started process (PID=4313) to work on /home/airflow/.local/lib/python3.12/site-packages/airflow/example_dags/example_bash_decorator.py
[2026-06-13T17:26:03.815+0000] {processor.py:914} INFO - Processing file /home/airflow/.local/lib/python3.12/site-packages/airflow/example_dags/example_bash_decorator.py for tasks to queue
[2026-06-13T17:26:03.817+0000] {logging_mixin.py:190} INFO - [2026-06-13T17:26:03.817+0000] {dagbag.py:588} INFO - Filling up the DagBag from /home/airflow/.local/lib/python3.12/site-packages/airflow/example_dags/example_bash_decorator.py
[2026-06-13T17:26:03.831+0000] {processor.py:925} INFO - DAG(s) 'example_bash_decorator' retrieved from /home/airflow/.local/lib/python3.12/site-packages/airflow/example_dags/example_bash_decorator.py
[2026-06-13T17:26:03.850+0000] {logging_mixin.py:190} INFO - [2026-06-13T17:26:03.850+0000] {dag.py:3239} INFO - Sync 1 DAGs
[2026-06-13T17:26:03.862+0000] {logging_mixin.py:190} INFO - [2026-06-13T17:26:03.862+0000] {dag.py:4180} INFO - Setting next_dagrun for example_bash_decorator to None, run_after=None
[2026-06-13T17:26:03.877+0000] {processor.py:208} INFO - Processing /home/airflow/.local/lib/python3.12/site-packages/airflow/example_dags/example_bash_decorator.py took 0.070 seconds
[2026-06-13T17:26:34.269+0000] {processor.py:186} INFO - Started process (PID=4375) to work on /home/airflow/.local/lib/python3.12/site-packages/airflow/example_dags/example_bash_decorator.py
[2026-06-13T17:26:34.271+0000] {processor.py:914} INFO - Processing file /home/airflow/.local/lib/python3.12/site-packages/airflow/example_dags/example_bash_decorator.py for tasks to queue
[2026-06-13T17:26:34.273+0000] {logging_mixin.py:190} INFO - [2026-06-13T17:26:34.273+0000] {dagbag.py:588} INFO - Filling up the DagBag from /home/airflow/.local/lib/python3.12/site-packages/airflow/example_dags/example_bash_decorator.py
[2026-06-13T17:26:34.284+0000] {processor.py:925} INFO - DAG(s) 'example_bash_decorator' retrieved from /home/airflow/.local/lib/python3.12/site-packages/airflow/example_dags/example_bash_decorator.py
[2026-06-13T17:26:34.300+0000] {logging_mixin.py:190} INFO - [2026-06-13T17:26:34.300+0000] {dag.py:3239} INFO - Sync 1 DAGs
[2026-06-13T17:26:34.311+0000] {logging_mixin.py:190} INFO - [2026-06-13T17:26:34.311+0000] {dag.py:4180} INFO - Setting next_dagrun for example_bash_decorator to None, run_after=None
[2026-06-13T17:26:34.329+0000] {processor.py:208} INFO - Processing /home/airflow/.local/lib/python3.12/site-packages/airflow/example_dags/example_bash_decorator.py took 0.064 seconds
[2026-06-13T17:27:04.829+0000] {processor.py:186} INFO - Started process (PID=4437) to work on /home/airflow/.local/lib/python3.12/site-packages/airflow/example_dags/example_bash_decorator.py
[2026-06-13T17:27:04.830+0000] {processor.py:914} INFO - Processing file /home/airflow/.local/lib/python3.12/site-packages/airflow/example_dags/example_bash_decorator.py for tasks to queue
[2026-06-13T17:27:04.832+0000] {logging_mixin.py:190} INFO - [2026-06-13T17:27:04.832+0000] {dagbag.py:588} INFO - Filling up the DagBag from /home/airflow/.local/lib/python3.12/site-packages/airflow/example_dags/example_bash_decorator.py
[2026-06-13T17:27:04.844+0000] {processor.py:925} INFO - DAG(s) 'example_bash_decorator' retrieved from /home/airflow/.local/lib/python3.12/site-packages/airflow/example_dags/example_bash_decorator.py
[2026-06-13T17:27:04.862+0000] {logging_mixin.py:190} INFO - [2026-06-13T17:27:04.861+0000] {dag.py:3239} INFO - Sync 1 DAGs
[2026-06-13T17:27:04.872+0000] {logging_mixin.py:190} INFO - [2026-06-13T17:27:04.871+0000] {dag.py:4180} INFO - Setting next_dagrun for example_bash_decorator to None, run_after=None
[2026-06-13T17:27:04.888+0000] {processor.py:208} INFO - Processing /home/airflow/.local/lib/python3.12/site-packages/airflow/example_dags/example_bash_decorator.py took 0.063 seconds
[2026-06-13T17:27:35.008+0000] {processor.py:186} INFO - Started process (PID=4499) to work on /home/airflow/.local/lib/python3.12/site-packages/airflow/example_dags/example_bash_decorator.py
[2026-06-13T17:27:35.009+0000] {processor.py:914} INFO - Processing file /home/airflow/.local/lib/python3.12/site-packages/airflow/example_dags/example_bash_decorator.py for tasks to queue
[2026-06-13T17:27:35.012+0000] {logging_mixin.py:190} INFO - [2026-06-13T17:27:35.012+0000] {dagbag.py:588} INFO - Filling up the DagBag from /home/airflow/.local/lib/python3.12/site-packages/airflow/example_dags/example_bash_decorator.py
[2026-06-13T17:27:35.024+0000] {processor.py:925} INFO - DAG(s) 'example_bash_decorator' retrieved from /home/airflow/.local/lib/python3.12/site-packages/airflow/example_dags/example_bash_decorator.py
[2026-06-13T17:27:35.042+0000] {logging_mixin.py:190} INFO - [2026-06-13T17:27:35.041+0000] {dag.py:3239} INFO - Sync 1 DAGs
[2026-06-13T17:27:35.053+0000] {logging_mixin.py:190} INFO - [2026-06-13T17:27:35.052+0000] {dag.py:4180} INFO - Setting next_dagrun for example_bash_decorator to None, run_after=None
[2026-06-13T17:27:35.067+0000] {processor.py:208} INFO - Processing /home/airflow/.local/lib/python3.12/site-packages/airflow/example_dags/example_bash_decorator.py took 0.064 seconds
[2026-06-13T17:28:05.571+0000] {processor.py:186} INFO - Started process (PID=4561) to work on /home/airflow/.local/lib/python3.12/site-packages/airflow/example_dags/example_bash_decorator.py
[2026-06-13T17:28:05.572+0000] {processor.py:914} INFO - Processing file /home/airflow/.local/lib/python3.12/site-packages/airflow/example_dags/example_bash_decorator.py for tasks to queue
[2026-06-13T17:28:05.574+0000] {logging_mixin.py:190} INFO - [2026-06-13T17:28:05.574+0000] {dagbag.py:588} INFO - Filling up the DagBag from /home/airflow/.local/lib/python3.12/site-packages/airflow/example_dags/example_bash_decorator.py
[2026-06-13T17:28:05.585+0000] {processor.py:925} INFO - DAG(s) 'example_bash_decorator' retrieved from /home/airflow/.local/lib/python3.12/site-packages/airflow/example_dags/example_bash_decorator.py
[2026-06-13T17:28:05.602+0000] {logging_mixin.py:190} INFO - [2026-06-13T17:28:05.602+0000] {dag.py:3239} INFO - Sync 1 DAGs
[2026-06-13T17:28:05.612+0000] {logging_mixin.py:190} INFO - [2026-06-13T17:28:05.612+0000] {dag.py:4180} INFO - Setting next_dagrun for example_bash_decorator to None, run_after=None
[2026-06-13T17:28:05.629+0000] {processor.py:208} INFO - Processing /home/airflow/.local/lib/python3.12/site-packages/airflow/example_dags/example_bash_decorator.py took 0.063 seconds
[2026-06-13T17:28:36.741+0000] {processor.py:186} INFO - Started process (PID=4629) to work on /home/airflow/.local/lib/python3.12/site-packages/airflow/example_dags/example_bash_decorator.py
[2026-06-13T17:28:36.742+0000] {processor.py:914} INFO - Processing file /home/airflow/.local/lib/python3.12/site-packages/airflow/example_dags/example_bash_decorator.py for tasks to queue
[2026-06-13T17:28:36.745+0000] {logging_mixin.py:190} INFO - [2026-06-13T17:28:36.745+0000] {dagbag.py:588} INFO - Filling up the DagBag from /home/airflow/.local/lib/python3.12/site-packages/airflow/example_dags/example_bash_decorator.py
[2026-06-13T17:28:36.762+0000] {processor.py:925} INFO - DAG(s) 'example_bash_decorator' retrieved from /home/airflow/.local/lib/python3.12/site-packages/airflow/example_dags/example_bash_decorator.py
[2026-06-13T17:28:36.786+0000] {logging_mixin.py:190} INFO - [2026-06-13T17:28:36.785+0000] {dag.py:3239} INFO - Sync 1 DAGs
[2026-06-13T17:28:36.799+0000] {logging_mixin.py:190} INFO - [2026-06-13T17:28:36.799+0000] {dag.py:4180} INFO - Setting next_dagrun for example_bash_decorator to None, run_after=None
[2026-06-13T17:28:36.820+0000] {processor.py:208} INFO - Processing /home/airflow/.local/lib/python3.12/site-packages/airflow/example_dags/example_bash_decorator.py took 0.085 seconds
[2026-06-13T17:29:07.440+0000] {processor.py:186} INFO - Started process (PID=4691) to work on /home/airflow/.local/lib/python3.12/site-packages/airflow/example_dags/example_bash_decorator.py
[2026-06-13T17:29:07.441+0000] {processor.py:914} INFO - Processing file /home/airflow/.local/lib/python3.12/site-packages/airflow/example_dags/example_bash_decorator.py for tasks to queue
[2026-06-13T17:29:07.443+0000] {logging_mixin.py:190} INFO - [2026-06-13T17:29:07.443+0000] {dagbag.py:588} INFO - Filling up the DagBag from /home/airflow/.local/lib/python3.12/site-packages/airflow/example_dags/example_bash_decorator.py
[2026-06-13T17:29:07.454+0000] {processor.py:925} INFO - DAG(s) 'example_bash_decorator' retrieved from /home/airflow/.local/lib/python3.12/site-packages/airflow/example_dags/example_bash_decorator.py
[2026-06-13T17:29:07.472+0000] {logging_mixin.py:190} INFO - [2026-06-13T17:29:07.472+0000] {dag.py:3239} INFO - Sync 1 DAGs
[2026-06-13T17:29:07.482+0000] {logging_mixin.py:190} INFO - [2026-06-13T17:29:07.482+0000] {dag.py:4180} INFO - Setting next_dagrun for example_bash_decorator to None, run_after=None
[2026-06-13T17:29:07.498+0000] {processor.py:208} INFO - Processing /home/airflow/.local/lib/python3.12/site-packages/airflow/example_dags/example_bash_decorator.py took 0.064 seconds
[2026-06-13T17:29:37.703+0000] {processor.py:186} INFO - Started process (PID=4753) to work on /home/airflow/.local/lib/python3.12/site-packages/airflow/example_dags/example_bash_decorator.py
[2026-06-13T17:29:37.705+0000] {processor.py:914} INFO - Processing file /home/airflow/.local/lib/python3.12/site-packages/airflow/example_dags/example_bash_decorator.py for tasks to queue
[2026-06-13T17:29:37.709+0000] {logging_mixin.py:190} INFO - [2026-06-13T17:29:37.708+0000] {dagbag.py:588} INFO - Filling up the DagBag from /home/airflow/.local/lib/python3.12/site-packages/airflow/example_dags/example_bash_decorator.py
[2026-06-13T17:29:37.731+0000] {processor.py:925} INFO - DAG(s) 'example_bash_decorator' retrieved from /home/airflow/.local/lib/python3.12/site-packages/airflow/example_dags/example_bash_decorator.py
[2026-06-13T17:29:37.756+0000] {logging_mixin.py:190} INFO - [2026-06-13T17:29:37.756+0000] {dag.py:3239} INFO - Sync 1 DAGs
[2026-06-13T17:29:37.772+0000] {logging_mixin.py:190} INFO - [2026-06-13T17:29:37.771+0000] {dag.py:4180} INFO - Setting next_dagrun for example_bash_decorator to None, run_after=None
[2026-06-13T17:29:37.799+0000] {processor.py:208} INFO - Processing /home/airflow/.local/lib/python3.12/site-packages/airflow/example_dags/example_bash_decorator.py took 0.101 seconds
[2026-06-13T17:30:08.013+0000] {processor.py:186} INFO - Started process (PID=4815) to work on /home/airflow/.local/lib/python3.12/site-packages/airflow/example_dags/example_bash_decorator.py
[2026-06-13T17:30:08.015+0000] {processor.py:914} INFO - Processing file /home/airflow/.local/lib/python3.12/site-packages/airflow/example_dags/example_bash_decorator.py for tasks to queue
[2026-06-13T17:30:08.019+0000] {logging_mixin.py:190} INFO - [2026-06-13T17:30:08.019+0000] {dagbag.py:588} INFO - Filling up the DagBag from /home/airflow/.local/lib/python3.12/site-packages/airflow/example_dags/example_bash_decorator.py
[2026-06-13T17:30:08.039+0000] {processor.py:925} INFO - DAG(s) 'example_bash_decorator' retrieved from /home/airflow/.local/lib/python3.12/site-packages/airflow/example_dags/example_bash_decorator.py
[2026-06-13T17:30:08.064+0000] {logging_mixin.py:190} INFO - [2026-06-13T17:30:08.064+0000] {dag.py:3239} INFO - Sync 1 DAGs
[2026-06-13T17:30:08.086+0000] {logging_mixin.py:190} INFO - [2026-06-13T17:30:08.086+0000] {dag.py:4180} INFO - Setting next_dagrun for example_bash_decorator to None, run_after=None
[2026-06-13T17:30:08.114+0000] {processor.py:208} INFO - Processing /home/airflow/.local/lib/python3.12/site-packages/airflow/example_dags/example_bash_decorator.py took 0.108 seconds
[2026-06-13T17:30:38.320+0000] {processor.py:186} INFO - Started process (PID=4878) to work on /home/airflow/.local/lib/python3.12/site-packages/airflow/example_dags/example_bash_decorator.py
[2026-06-13T17:30:38.322+0000] {processor.py:914} INFO - Processing file /home/airflow/.local/lib/python3.12/site-packages/airflow/example_dags/example_bash_decorator.py for tasks to queue
[2026-06-13T17:30:38.325+0000] {logging_mixin.py:190} INFO - [2026-06-13T17:30:38.325+0000] {dagbag.py:588} INFO - Filling up the DagBag from /home/airflow/.local/lib/python3.12/site-packages/airflow/example_dags/example_bash_decorator.py
[2026-06-13T17:30:38.341+0000] {processor.py:925} INFO - DAG(s) 'example_bash_decorator' retrieved from /home/airflow/.local/lib/python3.12/site-packages/airflow/example_dags/example_bash_decorator.py
[2026-06-13T17:30:38.363+0000] {logging_mixin.py:190} INFO - [2026-06-13T17:30:38.363+0000] {dag.py:3239} INFO - Sync 1 DAGs
[2026-06-13T17:30:38.379+0000] {logging_mixin.py:190} INFO - [2026-06-13T17:30:38.379+0000] {dag.py:4180} INFO - Setting next_dagrun for example_bash_decorator to None, run_after=None
[2026-06-13T17:30:38.407+0000] {processor.py:208} INFO - Processing /home/airflow/.local/lib/python3.12/site-packages/airflow/example_dags/example_bash_decorator.py took 0.093 seconds
[2026-06-13T17:31:08.728+0000] {processor.py:186} INFO - Started process (PID=4940) to work on /home/airflow/.local/lib/python3.12/site-packages/airflow/example_dags/example_bash_decorator.py
[2026-06-13T17:31:08.729+0000] {processor.py:914} INFO - Processing file /home/airflow/.local/lib/python3.12/site-packages/airflow/example_dags/example_bash_decorator.py for tasks to queue
[2026-06-13T17:31:08.733+0000] {logging_mixin.py:190} INFO - [2026-06-13T17:31:08.733+0000] {dagbag.py:588} INFO - Filling up the DagBag from /home/airflow/.local/lib/python3.12/site-packages/airflow/example_dags/example_bash_decorator.py
[2026-06-13T17:31:08.748+0000] {processor.py:925} INFO - DAG(s) 'example_bash_decorator' retrieved from /home/airflow/.local/lib/python3.12/site-packages/airflow/example_dags/example_bash_decorator.py
[2026-06-13T17:31:08.776+0000] {logging_mixin.py:190} INFO - [2026-06-13T17:31:08.776+0000] {dag.py:3239} INFO - Sync 1 DAGs
[2026-06-13T17:31:08.790+0000] {logging_mixin.py:190} INFO - [2026-06-13T17:31:08.790+0000] {dag.py:4180} INFO - Setting next_dagrun for example_bash_decorator to None, run_after=None
[2026-06-13T17:31:08.809+0000] {processor.py:208} INFO - Processing /home/airflow/.local/lib/python3.12/site-packages/airflow/example_dags/example_bash_decorator.py took 0.086 seconds
[2026-06-13T17:31:39.281+0000] {processor.py:186} INFO - Started process (PID=5002) to work on /home/airflow/.local/lib/python3.12/site-packages/airflow/example_dags/example_bash_decorator.py
[2026-06-13T17:31:39.282+0000] {processor.py:914} INFO - Processing file /home/airflow/.local/lib/python3.12/site-packages/airflow/example_dags/example_bash_decorator.py for tasks to queue
[2026-06-13T17:31:39.285+0000] {logging_mixin.py:190} INFO - [2026-06-13T17:31:39.285+0000] {dagbag.py:588} INFO - Filling up the DagBag from /home/airflow/.local/lib/python3.12/site-packages/airflow/example_dags/example_bash_decorator.py
[2026-06-13T17:31:39.299+0000] {processor.py:925} INFO - DAG(s) 'example_bash_decorator' retrieved from /home/airflow/.local/lib/python3.12/site-packages/airflow/example_dags/example_bash_decorator.py
[2026-06-13T17:31:39.323+0000] {logging_mixin.py:190} INFO - [2026-06-13T17:31:39.323+0000] {dag.py:3239} INFO - Sync 1 DAGs
[2026-06-13T17:31:39.337+0000] {logging_mixin.py:190} INFO - [2026-06-13T17:31:39.337+0000] {dag.py:4180} INFO - Setting next_dagrun for example_bash_decorator to None, run_after=None
[2026-06-13T17:31:39.359+0000] {processor.py:208} INFO - Processing /home/airflow/.local/lib/python3.12/site-packages/airflow/example_dags/example_bash_decorator.py took 0.083 seconds
[2026-06-13T17:32:09.615+0000] {processor.py:186} INFO - Started process (PID=5064) to work on /home/airflow/.local/lib/python3.12/site-packages/airflow/example_dags/example_bash_decorator.py
[2026-06-13T17:32:09.616+0000] {processor.py:914} INFO - Processing file /home/airflow/.local/lib/python3.12/site-packages/airflow/example_dags/example_bash_decorator.py for tasks to queue
[2026-06-13T17:32:09.619+0000] {logging_mixin.py:190} INFO - [2026-06-13T17:32:09.619+0000] {dagbag.py:588} INFO - Filling up the DagBag from /home/airflow/.local/lib/python3.12/site-packages/airflow/example_dags/example_bash_decorator.py
[2026-06-13T17:32:09.638+0000] {processor.py:925} INFO - DAG(s) 'example_bash_decorator' retrieved from /home/airflow/.local/lib/python3.12/site-packages/airflow/example_dags/example_bash_decorator.py
[2026-06-13T17:32:09.663+0000] {logging_mixin.py:190} INFO - [2026-06-13T17:32:09.663+0000] {dag.py:3239} INFO - Sync 1 DAGs
[2026-06-13T17:32:09.680+0000] {logging_mixin.py:190} INFO - [2026-06-13T17:32:09.679+0000] {dag.py:4180} INFO - Setting next_dagrun for example_bash_decorator to None, run_after=None
[2026-06-13T17:32:09.707+0000] {processor.py:208} INFO - Processing /home/airflow/.local/lib/python3.12/site-packages/airflow/example_dags/example_bash_decorator.py took 0.100 seconds
[2026-06-13T17:32:40.021+0000] {processor.py:186} INFO - Started process (PID=5126) to work on /home/airflow/.local/lib/python3.12/site-packages/airflow/example_dags/example_bash_decorator.py
[2026-06-13T17:32:40.023+0000] {processor.py:914} INFO - Processing file /home/airflow/.local/lib/python3.12/site-packages/airflow/example_dags/example_bash_decorator.py for tasks to queue
[2026-06-13T17:32:40.026+0000] {logging_mixin.py:190} INFO - [2026-06-13T17:32:40.025+0000] {dagbag.py:588} INFO - Filling up the DagBag from /home/airflow/.local/lib/python3.12/site-packages/airflow/example_dags/example_bash_decorator.py
[2026-06-13T17:32:40.043+0000] {processor.py:925} INFO - DAG(s) 'example_bash_decorator' retrieved from /home/airflow/.local/lib/python3.12/site-packages/airflow/example_dags/example_bash_decorator.py
[2026-06-13T17:32:40.069+0000] {logging_mixin.py:190} INFO - [2026-06-13T17:32:40.069+0000] {dag.py:3239} INFO - Sync 1 DAGs
[2026-06-13T17:32:40.086+0000] {logging_mixin.py:190} INFO - [2026-06-13T17:32:40.086+0000] {dag.py:4180} INFO - Setting next_dagrun for example_bash_decorator to None, run_after=None
[2026-06-13T17:32:40.107+0000] {processor.py:208} INFO - Processing /home/airflow/.local/lib/python3.12/site-packages/airflow/example_dags/example_bash_decorator.py took 0.091 seconds
[2026-06-13T17:33:10.475+0000] {processor.py:186} INFO - Started process (PID=5188) to work on /home/airflow/.local/lib/python3.12/site-packages/airflow/example_dags/example_bash_decorator.py
[2026-06-13T17:33:10.476+0000] {processor.py:914} INFO - Processing file /home/airflow/.local/lib/python3.12/site-packages/airflow/example_dags/example_bash_decorator.py for tasks to queue
[2026-06-13T17:33:10.478+0000] {logging_mixin.py:190} INFO - [2026-06-13T17:33:10.478+0000] {dagbag.py:588} INFO - Filling up the DagBag from /home/airflow/.local/lib/python3.12/site-packages/airflow/example_dags/example_bash_decorator.py
[2026-06-13T17:33:10.490+0000] {processor.py:925} INFO - DAG(s) 'example_bash_decorator' retrieved from /home/airflow/.local/lib/python3.12/site-packages/airflow/example_dags/example_bash_decorator.py
[2026-06-13T17:33:10.508+0000] {logging_mixin.py:190} INFO - [2026-06-13T17:33:10.508+0000] {dag.py:3239} INFO - Sync 1 DAGs
[2026-06-13T17:33:10.519+0000] {logging_mixin.py:190} INFO - [2026-06-13T17:33:10.518+0000] {dag.py:4180} INFO - Setting next_dagrun for example_bash_decorator to None, run_after=None
[2026-06-13T17:33:10.535+0000] {processor.py:208} INFO - Processing /home/airflow/.local/lib/python3.12/site-packages/airflow/example_dags/example_bash_decorator.py took 0.066 seconds
[2026-06-13T17:33:40.782+0000] {processor.py:186} INFO - Started process (PID=5250) to work on /home/airflow/.local/lib/python3.12/site-packages/airflow/example_dags/example_bash_decorator.py
[2026-06-13T17:33:40.784+0000] {processor.py:914} INFO - Processing file /home/airflow/.local/lib/python3.12/site-packages/airflow/example_dags/example_bash_decorator.py for tasks to queue
[2026-06-13T17:33:40.787+0000] {logging_mixin.py:190} INFO - [2026-06-13T17:33:40.787+0000] {dagbag.py:588} INFO - Filling up the DagBag from /home/airflow/.local/lib/python3.12/site-packages/airflow/example_dags/example_bash_decorator.py
[2026-06-13T17:33:40.806+0000] {processor.py:925} INFO - DAG(s) 'example_bash_decorator' retrieved from /home/airflow/.local/lib/python3.12/site-packages/airflow/example_dags/example_bash_decorator.py
[2026-06-13T17:33:40.830+0000] {logging_mixin.py:190} INFO - [2026-06-13T17:33:40.829+0000] {dag.py:3239} INFO - Sync 1 DAGs
[2026-06-13T17:33:40.843+0000] {logging_mixin.py:190} INFO - [2026-06-13T17:33:40.843+0000] {dag.py:4180} INFO - Setting next_dagrun for example_bash_decorator to None, run_after=None
[2026-06-13T17:33:40.860+0000] {processor.py:208} INFO - Processing /home/airflow/.local/lib/python3.12/site-packages/airflow/example_dags/example_bash_decorator.py took 0.085 seconds
[2026-06-13T17:34:10.984+0000] {processor.py:186} INFO - Started process (PID=5312) to work on /home/airflow/.local/lib/python3.12/site-packages/airflow/example_dags/example_bash_decorator.py
[2026-06-13T17:34:10.985+0000] {processor.py:914} INFO - Processing file /home/airflow/.local/lib/python3.12/site-packages/airflow/example_dags/example_bash_decorator.py for tasks to queue
[2026-06-13T17:34:10.987+0000] {logging_mixin.py:190} INFO - [2026-06-13T17:34:10.987+0000] {dagbag.py:588} INFO - Filling up the DagBag from /home/airflow/.local/lib/python3.12/site-packages/airflow/example_dags/example_bash_decorator.py
[2026-06-13T17:34:11.000+0000] {processor.py:925} INFO - DAG(s) 'example_bash_decorator' retrieved from /home/airflow/.local/lib/python3.12/site-packages/airflow/example_dags/example_bash_decorator.py
[2026-06-13T17:34:11.022+0000] {logging_mixin.py:190} INFO - [2026-06-13T17:34:11.021+0000] {dag.py:3239} INFO - Sync 1 DAGs
[2026-06-13T17:34:11.033+0000] {logging_mixin.py:190} INFO - [2026-06-13T17:34:11.033+0000] {dag.py:4180} INFO - Setting next_dagrun for example_bash_decorator to None, run_after=None
[2026-06-13T17:34:11.057+0000] {processor.py:208} INFO - Processing /home/airflow/.local/lib/python3.12/site-packages/airflow/example_dags/example_bash_decorator.py took 0.080 seconds
[2026-06-13T17:34:41.314+0000] {processor.py:186} INFO - Started process (PID=5374) to work on /home/airflow/.local/lib/python3.12/site-packages/airflow/example_dags/example_bash_decorator.py
[2026-06-13T17:34:41.316+0000] {processor.py:914} INFO - Processing file /home/airflow/.local/lib/python3.12/site-packages/airflow/example_dags/example_bash_decorator.py for tasks to queue
[2026-06-13T17:34:41.319+0000] {logging_mixin.py:190} INFO - [2026-06-13T17:34:41.319+0000] {dagbag.py:588} INFO - Filling up the DagBag from /home/airflow/.local/lib/python3.12/site-packages/airflow/example_dags/example_bash_decorator.py
[2026-06-13T17:34:41.333+0000] {processor.py:925} INFO - DAG(s) 'example_bash_decorator' retrieved from /home/airflow/.local/lib/python3.12/site-packages/airflow/example_dags/example_bash_decorator.py
[2026-06-13T17:34:41.357+0000] {logging_mixin.py:190} INFO - [2026-06-13T17:34:41.357+0000] {dag.py:3239} INFO - Sync 1 DAGs
[2026-06-13T17:34:41.370+0000] {logging_mixin.py:190} INFO - [2026-06-13T17:34:41.370+0000] {dag.py:4180} INFO - Setting next_dagrun for example_bash_decorator to None, run_after=None
[2026-06-13T17:34:41.396+0000] {processor.py:208} INFO - Processing /home/airflow/.local/lib/python3.12/site-packages/airflow/example_dags/example_bash_decorator.py took 0.089 seconds
[2026-06-13T17:35:11.550+0000] {processor.py:186} INFO - Started process (PID=5436) to work on /home/airflow/.local/lib/python3.12/site-packages/airflow/example_dags/example_bash_decorator.py
[2026-06-13T17:35:11.551+0000] {processor.py:914} INFO - Processing file /home/airflow/.local/lib/python3.12/site-packages/airflow/example_dags/example_bash_decorator.py for tasks to queue
[2026-06-13T17:35:11.554+0000] {logging_mixin.py:190} INFO - [2026-06-13T17:35:11.554+0000] {dagbag.py:588} INFO - Filling up the DagBag from /home/airflow/.local/lib/python3.12/site-packages/airflow/example_dags/example_bash_decorator.py
[2026-06-13T17:35:11.569+0000] {processor.py:925} INFO - DAG(s) 'example_bash_decorator' retrieved from /home/airflow/.local/lib/python3.12/site-packages/airflow/example_dags/example_bash_decorator.py
[2026-06-13T17:35:11.593+0000] {logging_mixin.py:190} INFO - [2026-06-13T17:35:11.593+0000] {dag.py:3239} INFO - Sync 1 DAGs
[2026-06-13T17:35:11.607+0000] {logging_mixin.py:190} INFO - [2026-06-13T17:35:11.607+0000] {dag.py:4180} INFO - Setting next_dagrun for example_bash_decorator to None, run_after=None
[2026-06-13T17:35:11.631+0000] {processor.py:208} INFO - Processing /home/airflow/.local/lib/python3.12/site-packages/airflow/example_dags/example_bash_decorator.py took 0.087 seconds
[2026-06-13T17:35:42.075+0000] {processor.py:186} INFO - Started process (PID=5498) to work on /home/airflow/.local/lib/python3.12/site-packages/airflow/example_dags/example_bash_decorator.py
[2026-06-13T17:35:42.076+0000] {processor.py:914} INFO - Processing file /home/airflow/.local/lib/python3.12/site-packages/airflow/example_dags/example_bash_decorator.py for tasks to queue
[2026-06-13T17:35:42.079+0000] {logging_mixin.py:190} INFO - [2026-06-13T17:35:42.078+0000] {dagbag.py:588} INFO - Filling up the DagBag from /home/airflow/.local/lib/python3.12/site-packages/airflow/example_dags/example_bash_decorator.py
[2026-06-13T17:35:42.095+0000] {processor.py:925} INFO - DAG(s) 'example_bash_decorator' retrieved from /home/airflow/.local/lib/python3.12/site-packages/airflow/example_dags/example_bash_decorator.py
[2026-06-13T17:35:42.120+0000] {logging_mixin.py:190} INFO - [2026-06-13T17:35:42.120+0000] {dag.py:3239} INFO - Sync 1 DAGs
[2026-06-13T17:35:42.138+0000] {logging_mixin.py:190} INFO - [2026-06-13T17:35:42.138+0000] {dag.py:4180} INFO - Setting next_dagrun for example_bash_decorator to None, run_after=None
[2026-06-13T17:35:42.164+0000] {processor.py:208} INFO - Processing /home/airflow/.local/lib/python3.12/site-packages/airflow/example_dags/example_bash_decorator.py took 0.095 seconds
[2026-06-13T17:36:12.207+0000] {processor.py:186} INFO - Started process (PID=5560) to work on /home/airflow/.local/lib/python3.12/site-packages/airflow/example_dags/example_bash_decorator.py
[2026-06-13T17:36:12.209+0000] {processor.py:914} INFO - Processing file /home/airflow/.local/lib/python3.12/site-packages/airflow/example_dags/example_bash_decorator.py for tasks to queue
[2026-06-13T17:36:12.211+0000] {logging_mixin.py:190} INFO - [2026-06-13T17:36:12.211+0000] {dagbag.py:588} INFO - Filling up the DagBag from /home/airflow/.local/lib/python3.12/site-packages/airflow/example_dags/example_bash_decorator.py
[2026-06-13T17:36:12.227+0000] {processor.py:925} INFO - DAG(s) 'example_bash_decorator' retrieved from /home/airflow/.local/lib/python3.12/site-packages/airflow/example_dags/example_bash_decorator.py
[2026-06-13T17:36:12.252+0000] {logging_mixin.py:190} INFO - [2026-06-13T17:36:12.252+0000] {dag.py:3239} INFO - Sync 1 DAGs
[2026-06-13T17:36:12.266+0000] {logging_mixin.py:190} INFO - [2026-06-13T17:36:12.266+0000] {dag.py:4180} INFO - Setting next_dagrun for example_bash_decorator to None, run_after=None
[2026-06-13T17:36:12.290+0000] {processor.py:208} INFO - Processing /home/airflow/.local/lib/python3.12/site-packages/airflow/example_dags/example_bash_decorator.py took 0.090 seconds
[2026-06-13T17:36:42.442+0000] {processor.py:186} INFO - Started process (PID=5622) to work on /home/airflow/.local/lib/python3.12/site-packages/airflow/example_dags/example_bash_decorator.py
[2026-06-13T17:36:42.443+0000] {processor.py:914} INFO - Processing file /home/airflow/.local/lib/python3.12/site-packages/airflow/example_dags/example_bash_decorator.py for tasks to queue
[2026-06-13T17:36:42.446+0000] {logging_mixin.py:190} INFO - [2026-06-13T17:36:42.445+0000] {dagbag.py:588} INFO - Filling up the DagBag from /home/airflow/.local/lib/python3.12/site-packages/airflow/example_dags/example_bash_decorator.py
[2026-06-13T17:36:42.460+0000] {processor.py:925} INFO - DAG(s) 'example_bash_decorator' retrieved from /home/airflow/.local/lib/python3.12/site-packages/airflow/example_dags/example_bash_decorator.py
[2026-06-13T17:36:42.481+0000] {logging_mixin.py:190} INFO - [2026-06-13T17:36:42.481+0000] {dag.py:3239} INFO - Sync 1 DAGs
[2026-06-13T17:36:42.494+0000] {logging_mixin.py:190} INFO - [2026-06-13T17:36:42.494+0000] {dag.py:4180} INFO - Setting next_dagrun for example_bash_decorator to None, run_after=None
[2026-06-13T17:36:42.515+0000] {processor.py:208} INFO - Processing /home/airflow/.local/lib/python3.12/site-packages/airflow/example_dags/example_bash_decorator.py took 0.079 seconds
[2026-06-13T17:37:13.126+0000] {processor.py:186} INFO - Started process (PID=5684) to work on /home/airflow/.local/lib/python3.12/site-packages/airflow/example_dags/example_bash_decorator.py
[2026-06-13T17:37:13.127+0000] {processor.py:914} INFO - Processing file /home/airflow/.local/lib/python3.12/site-packages/airflow/example_dags/example_bash_decorator.py for tasks to queue
[2026-06-13T17:37:13.130+0000] {logging_mixin.py:190} INFO - [2026-06-13T17:37:13.129+0000] {dagbag.py:588} INFO - Filling up the DagBag from /home/airflow/.local/lib/python3.12/site-packages/airflow/example_dags/example_bash_decorator.py
[2026-06-13T17:37:13.142+0000] {processor.py:925} INFO - DAG(s) 'example_bash_decorator' retrieved from /home/airflow/.local/lib/python3.12/site-packages/airflow/example_dags/example_bash_decorator.py
[2026-06-13T17:37:13.160+0000] {logging_mixin.py:190} INFO - [2026-06-13T17:37:13.160+0000] {dag.py:3239} INFO - Sync 1 DAGs
[2026-06-13T17:37:13.170+0000] {logging_mixin.py:190} INFO - [2026-06-13T17:37:13.170+0000] {dag.py:4180} INFO - Setting next_dagrun for example_bash_decorator to None, run_after=None
[2026-06-13T17:37:13.185+0000] {processor.py:208} INFO - Processing /home/airflow/.local/lib/python3.12/site-packages/airflow/example_dags/example_bash_decorator.py took 0.064 seconds
[2026-06-13T17:37:43.562+0000] {processor.py:186} INFO - Started process (PID=5746) to work on /home/airflow/.local/lib/python3.12/site-packages/airflow/example_dags/example_bash_decorator.py
[2026-06-13T17:37:43.563+0000] {processor.py:914} INFO - Processing file /home/airflow/.local/lib/python3.12/site-packages/airflow/example_dags/example_bash_decorator.py for tasks to queue
[2026-06-13T17:37:43.566+0000] {logging_mixin.py:190} INFO - [2026-06-13T17:37:43.566+0000] {dagbag.py:588} INFO - Filling up the DagBag from /home/airflow/.local/lib/python3.12/site-packages/airflow/example_dags/example_bash_decorator.py
[2026-06-13T17:37:43.578+0000] {processor.py:925} INFO - DAG(s) 'example_bash_decorator' retrieved from /home/airflow/.local/lib/python3.12/site-packages/airflow/example_dags/example_bash_decorator.py
[2026-06-13T17:37:43.598+0000] {logging_mixin.py:190} INFO - [2026-06-13T17:37:43.597+0000] {dag.py:3239} INFO - Sync 1 DAGs
[2026-06-13T17:37:43.610+0000] {logging_mixin.py:190} INFO - [2026-06-13T17:37:43.609+0000] {dag.py:4180} INFO - Setting next_dagrun for example_bash_decorator to None, run_after=None
[2026-06-13T17:37:43.626+0000] {processor.py:208} INFO - Processing /home/airflow/.local/lib/python3.12/site-packages/airflow/example_dags/example_bash_decorator.py took 0.069 seconds
[2026-06-13T17:38:14.564+0000] {processor.py:186} INFO - Started process (PID=5808) to work on /home/airflow/.local/lib/python3.12/site-packages/airflow/example_dags/example_bash_decorator.py
[2026-06-13T17:38:14.566+0000] {processor.py:914} INFO - Processing file /home/airflow/.local/lib/python3.12/site-packages/airflow/example_dags/example_bash_decorator.py for tasks to queue
[2026-06-13T17:38:14.568+0000] {logging_mixin.py:190} INFO - [2026-06-13T17:38:14.568+0000] {dagbag.py:588} INFO - Filling up the DagBag from /home/airflow/.local/lib/python3.12/site-packages/airflow/example_dags/example_bash_decorator.py
[2026-06-13T17:38:14.579+0000] {processor.py:925} INFO - DAG(s) 'example_bash_decorator' retrieved from /home/airflow/.local/lib/python3.12/site-packages/airflow/example_dags/example_bash_decorator.py
[2026-06-13T17:38:14.598+0000] {logging_mixin.py:190} INFO - [2026-06-13T17:38:14.598+0000] {dag.py:3239} INFO - Sync 1 DAGs
[2026-06-13T17:38:14.609+0000] {logging_mixin.py:190} INFO - [2026-06-13T17:38:14.609+0000] {dag.py:4180} INFO - Setting next_dagrun for example_bash_decorator to None, run_after=None
[2026-06-13T17:38:14.626+0000] {processor.py:208} INFO - Processing /home/airflow/.local/lib/python3.12/site-packages/airflow/example_dags/example_bash_decorator.py took 0.067 seconds
[2026-06-13T17:38:44.956+0000] {processor.py:186} INFO - Started process (PID=5870) to work on /home/airflow/.local/lib/python3.12/site-packages/airflow/example_dags/example_bash_decorator.py
[2026-06-13T17:38:44.957+0000] {processor.py:914} INFO - Processing file /home/airflow/.local/lib/python3.12/site-packages/airflow/example_dags/example_bash_decorator.py for tasks to queue
[2026-06-13T17:38:44.960+0000] {logging_mixin.py:190} INFO - [2026-06-13T17:38:44.960+0000] {dagbag.py:588} INFO - Filling up the DagBag from /home/airflow/.local/lib/python3.12/site-packages/airflow/example_dags/example_bash_decorator.py
[2026-06-13T17:38:44.972+0000] {processor.py:925} INFO - DAG(s) 'example_bash_decorator' retrieved from /home/airflow/.local/lib/python3.12/site-packages/airflow/example_dags/example_bash_decorator.py
[2026-06-13T17:38:44.991+0000] {logging_mixin.py:190} INFO - [2026-06-13T17:38:44.991+0000] {dag.py:3239} INFO - Sync 1 DAGs
[2026-06-13T17:38:45.007+0000] {logging_mixin.py:190} INFO - [2026-06-13T17:38:45.007+0000] {dag.py:4180} INFO - Setting next_dagrun for example_bash_decorator to None, run_after=None
[2026-06-13T17:38:45.029+0000] {processor.py:208} INFO - Processing /home/airflow/.local/lib/python3.12/site-packages/airflow/example_dags/example_bash_decorator.py took 0.077 seconds
[2026-06-13T17:39:15.358+0000] {processor.py:186} INFO - Started process (PID=5932) to work on /home/airflow/.local/lib/python3.12/site-packages/airflow/example_dags/example_bash_decorator.py
[2026-06-13T17:39:15.359+0000] {processor.py:914} INFO - Processing file /home/airflow/.local/lib/python3.12/site-packages/airflow/example_dags/example_bash_decorator.py for tasks to queue
[2026-06-13T17:39:15.363+0000] {logging_mixin.py:190} INFO - [2026-06-13T17:39:15.362+0000] {dagbag.py:588} INFO - Filling up the DagBag from /home/airflow/.local/lib/python3.12/site-packages/airflow/example_dags/example_bash_decorator.py
[2026-06-13T17:39:15.381+0000] {processor.py:925} INFO - DAG(s) 'example_bash_decorator' retrieved from /home/airflow/.local/lib/python3.12/site-packages/airflow/example_dags/example_bash_decorator.py
[2026-06-13T17:39:15.405+0000] {logging_mixin.py:190} INFO - [2026-06-13T17:39:15.405+0000] {dag.py:3239} INFO - Sync 1 DAGs
[2026-06-13T17:39:15.422+0000] {logging_mixin.py:190} INFO - [2026-06-13T17:39:15.422+0000] {dag.py:4180} INFO - Setting next_dagrun for example_bash_decorator to None, run_after=None
[2026-06-13T17:39:15.444+0000] {processor.py:208} INFO - Processing /home/airflow/.local/lib/python3.12/site-packages/airflow/example_dags/example_bash_decorator.py took 0.096 seconds
[2026-06-13T17:39:45.869+0000] {processor.py:186} INFO - Started process (PID=5994) to work on /home/airflow/.local/lib/python3.12/site-packages/airflow/example_dags/example_bash_decorator.py
[2026-06-13T17:39:45.870+0000] {processor.py:914} INFO - Processing file /home/airflow/.local/lib/python3.12/site-packages/airflow/example_dags/example_bash_decorator.py for tasks to queue
[2026-06-13T17:39:45.872+0000] {logging_mixin.py:190} INFO - [2026-06-13T17:39:45.872+0000] {dagbag.py:588} INFO - Filling up the DagBag from /home/airflow/.local/lib/python3.12/site-packages/airflow/example_dags/example_bash_decorator.py
[2026-06-13T17:39:45.884+0000] {processor.py:925} INFO - DAG(s) 'example_bash_decorator' retrieved from /home/airflow/.local/lib/python3.12/site-packages/airflow/example_dags/example_bash_decorator.py
[2026-06-13T17:39:45.903+0000] {logging_mixin.py:190} INFO - [2026-06-13T17:39:45.903+0000] {dag.py:3239} INFO - Sync 1 DAGs
[2026-06-13T17:39:45.913+0000] {logging_mixin.py:190} INFO - [2026-06-13T17:39:45.913+0000] {dag.py:4180} INFO - Setting next_dagrun for example_bash_decorator to None, run_after=None
[2026-06-13T17:39:45.930+0000] {processor.py:208} INFO - Processing /home/airflow/.local/lib/python3.12/site-packages/airflow/example_dags/example_bash_decorator.py took 0.066 seconds
[2026-06-13T17:40:16.000+0000] {processor.py:186} INFO - Started process (PID=6056) to work on /home/airflow/.local/lib/python3.12/site-packages/airflow/example_dags/example_bash_decorator.py
[2026-06-13T17:40:16.002+0000] {processor.py:914} INFO - Processing file /home/airflow/.local/lib/python3.12/site-packages/airflow/example_dags/example_bash_decorator.py for tasks to queue
[2026-06-13T17:40:16.005+0000] {logging_mixin.py:190} INFO - [2026-06-13T17:40:16.004+0000] {dagbag.py:588} INFO - Filling up the DagBag from /home/airflow/.local/lib/python3.12/site-packages/airflow/example_dags/example_bash_decorator.py
[2026-06-13T17:40:16.021+0000] {processor.py:925} INFO - DAG(s) 'example_bash_decorator' retrieved from /home/airflow/.local/lib/python3.12/site-packages/airflow/example_dags/example_bash_decorator.py
[2026-06-13T17:40:16.042+0000] {logging_mixin.py:190} INFO - [2026-06-13T17:40:16.042+0000] {dag.py:3239} INFO - Sync 1 DAGs
[2026-06-13T17:40:16.056+0000] {logging_mixin.py:190} INFO - [2026-06-13T17:40:16.055+0000] {dag.py:4180} INFO - Setting next_dagrun for example_bash_decorator to None, run_after=None
[2026-06-13T17:40:16.078+0000] {processor.py:208} INFO - Processing /home/airflow/.local/lib/python3.12/site-packages/airflow/example_dags/example_bash_decorator.py took 0.086 seconds
[2026-06-13T17:40:46.154+0000] {processor.py:186} INFO - Started process (PID=6118) to work on /home/airflow/.local/lib/python3.12/site-packages/airflow/example_dags/example_bash_decorator.py
[2026-06-13T17:40:46.155+0000] {processor.py:914} INFO - Processing file /home/airflow/.local/lib/python3.12/site-packages/airflow/example_dags/example_bash_decorator.py for tasks to queue
[2026-06-13T17:40:46.158+0000] {logging_mixin.py:190} INFO - [2026-06-13T17:40:46.157+0000] {dagbag.py:588} INFO - Filling up the DagBag from /home/airflow/.local/lib/python3.12/site-packages/airflow/example_dags/example_bash_decorator.py
[2026-06-13T17:40:46.173+0000] {processor.py:925} INFO - DAG(s) 'example_bash_decorator' retrieved from /home/airflow/.local/lib/python3.12/site-packages/airflow/example_dags/example_bash_decorator.py
[2026-06-13T17:40:46.196+0000] {logging_mixin.py:190} INFO - [2026-06-13T17:40:46.196+0000] {dag.py:3239} INFO - Sync 1 DAGs
[2026-06-13T17:40:46.207+0000] {logging_mixin.py:190} INFO - [2026-06-13T17:40:46.207+0000] {dag.py:4180} INFO - Setting next_dagrun for example_bash_decorator to None, run_after=None
[2026-06-13T17:40:46.224+0000] {processor.py:208} INFO - Processing /home/airflow/.local/lib/python3.12/site-packages/airflow/example_dags/example_bash_decorator.py took 0.075 seconds
[2026-06-13T17:41:16.786+0000] {processor.py:186} INFO - Started process (PID=6180) to work on /home/airflow/.local/lib/python3.12/site-packages/airflow/example_dags/example_bash_decorator.py
[2026-06-13T17:41:16.787+0000] {processor.py:914} INFO - Processing file /home/airflow/.local/lib/python3.12/site-packages/airflow/example_dags/example_bash_decorator.py for tasks to queue
[2026-06-13T17:41:16.790+0000] {logging_mixin.py:190} INFO - [2026-06-13T17:41:16.789+0000] {dagbag.py:588} INFO - Filling up the DagBag from /home/airflow/.local/lib/python3.12/site-packages/airflow/example_dags/example_bash_decorator.py
[2026-06-13T17:41:16.802+0000] {processor.py:925} INFO - DAG(s) 'example_bash_decorator' retrieved from /home/airflow/.local/lib/python3.12/site-packages/airflow/example_dags/example_bash_decorator.py
[2026-06-13T17:41:16.821+0000] {logging_mixin.py:190} INFO - [2026-06-13T17:41:16.821+0000] {dag.py:3239} INFO - Sync 1 DAGs
[2026-06-13T17:41:16.834+0000] {logging_mixin.py:190} INFO - [2026-06-13T17:41:16.833+0000] {dag.py:4180} INFO - Setting next_dagrun for example_bash_decorator to None, run_after=None
[2026-06-13T17:41:16.851+0000] {processor.py:208} INFO - Processing /home/airflow/.local/lib/python3.12/site-packages/airflow/example_dags/example_bash_decorator.py took 0.071 seconds
[2026-06-13T17:41:46.948+0000] {processor.py:186} INFO - Started process (PID=6242) to work on /home/airflow/.local/lib/python3.12/site-packages/airflow/example_dags/example_bash_decorator.py
[2026-06-13T17:41:46.949+0000] {processor.py:914} INFO - Processing file /home/airflow/.local/lib/python3.12/site-packages/airflow/example_dags/example_bash_decorator.py for tasks to queue
[2026-06-13T17:41:46.952+0000] {logging_mixin.py:190} INFO - [2026-06-13T17:41:46.951+0000] {dagbag.py:588} INFO - Filling up the DagBag from /home/airflow/.local/lib/python3.12/site-packages/airflow/example_dags/example_bash_decorator.py
[2026-06-13T17:41:46.962+0000] {processor.py:925} INFO - DAG(s) 'example_bash_decorator' retrieved from /home/airflow/.local/lib/python3.12/site-packages/airflow/example_dags/example_bash_decorator.py
[2026-06-13T17:41:46.979+0000] {logging_mixin.py:190} INFO - [2026-06-13T17:41:46.979+0000] {dag.py:3239} INFO - Sync 1 DAGs
[2026-06-13T17:41:46.989+0000] {logging_mixin.py:190} INFO - [2026-06-13T17:41:46.989+0000] {dag.py:4180} INFO - Setting next_dagrun for example_bash_decorator to None, run_after=None
[2026-06-13T17:41:47.006+0000] {processor.py:208} INFO - Processing /home/airflow/.local/lib/python3.12/site-packages/airflow/example_dags/example_bash_decorator.py took 0.063 seconds
[2026-06-13T17:42:17.137+0000] {processor.py:186} INFO - Started process (PID=6304) to work on /home/airflow/.local/lib/python3.12/site-packages/airflow/example_dags/example_bash_decorator.py
[2026-06-13T17:42:17.139+0000] {processor.py:914} INFO - Processing file /home/airflow/.local/lib/python3.12/site-packages/airflow/example_dags/example_bash_decorator.py for tasks to queue
[2026-06-13T17:42:17.141+0000] {logging_mixin.py:190} INFO - [2026-06-13T17:42:17.140+0000] {dagbag.py:588} INFO - Filling up the DagBag from /home/airflow/.local/lib/python3.12/site-packages/airflow/example_dags/example_bash_decorator.py
[2026-06-13T17:42:17.152+0000] {processor.py:925} INFO - DAG(s) 'example_bash_decorator' retrieved from /home/airflow/.local/lib/python3.12/site-packages/airflow/example_dags/example_bash_decorator.py
[2026-06-13T17:42:17.170+0000] {logging_mixin.py:190} INFO - [2026-06-13T17:42:17.170+0000] {dag.py:3239} INFO - Sync 1 DAGs
[2026-06-13T17:42:17.180+0000] {logging_mixin.py:190} INFO - [2026-06-13T17:42:17.180+0000] {dag.py:4180} INFO - Setting next_dagrun for example_bash_decorator to None, run_after=None
[2026-06-13T17:42:17.195+0000] {processor.py:208} INFO - Processing /home/airflow/.local/lib/python3.12/site-packages/airflow/example_dags/example_bash_decorator.py took 0.062 seconds
[2026-06-13T17:42:47.558+0000] {processor.py:186} INFO - Started process (PID=6366) to work on /home/airflow/.local/lib/python3.12/site-packages/airflow/example_dags/example_bash_decorator.py
[2026-06-13T17:42:47.560+0000] {processor.py:914} INFO - Processing file /home/airflow/.local/lib/python3.12/site-packages/airflow/example_dags/example_bash_decorator.py for tasks to queue
[2026-06-13T17:42:47.562+0000] {logging_mixin.py:190} INFO - [2026-06-13T17:42:47.562+0000] {dagbag.py:588} INFO - Filling up the DagBag from /home/airflow/.local/lib/python3.12/site-packages/airflow/example_dags/example_bash_decorator.py
[2026-06-13T17:42:47.574+0000] {processor.py:925} INFO - DAG(s) 'example_bash_decorator' retrieved from /home/airflow/.local/lib/python3.12/site-packages/airflow/example_dags/example_bash_decorator.py
[2026-06-13T17:42:47.591+0000] {logging_mixin.py:190} INFO - [2026-06-13T17:42:47.591+0000] {dag.py:3239} INFO - Sync 1 DAGs
[2026-06-13T17:42:47.602+0000] {logging_mixin.py:190} INFO - [2026-06-13T17:42:47.602+0000] {dag.py:4180} INFO - Setting next_dagrun for example_bash_decorator to None, run_after=None
[2026-06-13T17:42:47.619+0000] {processor.py:208} INFO - Processing /home/airflow/.local/lib/python3.12/site-packages/airflow/example_dags/example_bash_decorator.py took 0.065 seconds
[2026-06-13T17:43:18.037+0000] {processor.py:186} INFO - Started process (PID=6428) to work on /home/airflow/.local/lib/python3.12/site-packages/airflow/example_dags/example_bash_decorator.py
[2026-06-13T17:43:18.038+0000] {processor.py:914} INFO - Processing file /home/airflow/.local/lib/python3.12/site-packages/airflow/example_dags/example_bash_decorator.py for tasks to queue
[2026-06-13T17:43:18.041+0000] {logging_mixin.py:190} INFO - [2026-06-13T17:43:18.040+0000] {dagbag.py:588} INFO - Filling up the DagBag from /home/airflow/.local/lib/python3.12/site-packages/airflow/example_dags/example_bash_decorator.py
[2026-06-13T17:43:18.053+0000] {processor.py:925} INFO - DAG(s) 'example_bash_decorator' retrieved from /home/airflow/.local/lib/python3.12/site-packages/airflow/example_dags/example_bash_decorator.py
[2026-06-13T17:43:18.072+0000] {logging_mixin.py:190} INFO - [2026-06-13T17:43:18.072+0000] {dag.py:3239} INFO - Sync 1 DAGs
[2026-06-13T17:43:18.084+0000] {logging_mixin.py:190} INFO - [2026-06-13T17:43:18.083+0000] {dag.py:4180} INFO - Setting next_dagrun for example_bash_decorator to None, run_after=None
[2026-06-13T17:43:18.104+0000] {processor.py:208} INFO - Processing /home/airflow/.local/lib/python3.12/site-packages/airflow/example_dags/example_bash_decorator.py took 0.072 seconds
[2026-06-13T17:43:48.169+0000] {processor.py:186} INFO - Started process (PID=6490) to work on /home/airflow/.local/lib/python3.12/site-packages/airflow/example_dags/example_bash_decorator.py
[2026-06-13T17:43:48.170+0000] {processor.py:914} INFO - Processing file /home/airflow/.local/lib/python3.12/site-packages/airflow/example_dags/example_bash_decorator.py for tasks to queue
[2026-06-13T17:43:48.173+0000] {logging_mixin.py:190} INFO - [2026-06-13T17:43:48.173+0000] {dagbag.py:588} INFO - Filling up the DagBag from /home/airflow/.local/lib/python3.12/site-packages/airflow/example_dags/example_bash_decorator.py
[2026-06-13T17:43:48.186+0000] {processor.py:925} INFO - DAG(s) 'example_bash_decorator' retrieved from /home/airflow/.local/lib/python3.12/site-packages/airflow/example_dags/example_bash_decorator.py
[2026-06-13T17:43:48.206+0000] {logging_mixin.py:190} INFO - [2026-06-13T17:43:48.206+0000] {dag.py:3239} INFO - Sync 1 DAGs
[2026-06-13T17:43:48.217+0000] {logging_mixin.py:190} INFO - [2026-06-13T17:43:48.217+0000] {dag.py:4180} INFO - Setting next_dagrun for example_bash_decorator to None, run_after=None
[2026-06-13T17:43:48.236+0000] {processor.py:208} INFO - Processing /home/airflow/.local/lib/python3.12/site-packages/airflow/example_dags/example_bash_decorator.py took 0.073 seconds
[2026-06-13T17:44:18.366+0000] {processor.py:186} INFO - Started process (PID=6552) to work on /home/airflow/.local/lib/python3.12/site-packages/airflow/example_dags/example_bash_decorator.py
[2026-06-13T17:44:18.367+0000] {processor.py:914} INFO - Processing file /home/airflow/.local/lib/python3.12/site-packages/airflow/example_dags/example_bash_decorator.py for tasks to queue
[2026-06-13T17:44:18.370+0000] {logging_mixin.py:190} INFO - [2026-06-13T17:44:18.369+0000] {dagbag.py:588} INFO - Filling up the DagBag from /home/airflow/.local/lib/python3.12/site-packages/airflow/example_dags/example_bash_decorator.py
[2026-06-13T17:44:18.381+0000] {processor.py:925} INFO - DAG(s) 'example_bash_decorator' retrieved from /home/airflow/.local/lib/python3.12/site-packages/airflow/example_dags/example_bash_decorator.py
[2026-06-13T17:44:18.399+0000] {logging_mixin.py:190} INFO - [2026-06-13T17:44:18.399+0000] {dag.py:3239} INFO - Sync 1 DAGs
[2026-06-13T17:44:18.409+0000] {logging_mixin.py:190} INFO - [2026-06-13T17:44:18.409+0000] {dag.py:4180} INFO - Setting next_dagrun for example_bash_decorator to None, run_after=None
[2026-06-13T17:44:18.424+0000] {processor.py:208} INFO - Processing /home/airflow/.local/lib/python3.12/site-packages/airflow/example_dags/example_bash_decorator.py took 0.064 seconds
[2026-06-13T17:44:48.656+0000] {processor.py:186} INFO - Started process (PID=6614) to work on /home/airflow/.local/lib/python3.12/site-packages/airflow/example_dags/example_bash_decorator.py
[2026-06-13T17:44:48.657+0000] {processor.py:914} INFO - Processing file /home/airflow/.local/lib/python3.12/site-packages/airflow/example_dags/example_bash_decorator.py for tasks to queue
[2026-06-13T17:44:48.659+0000] {logging_mixin.py:190} INFO - [2026-06-13T17:44:48.659+0000] {dagbag.py:588} INFO - Filling up the DagBag from /home/airflow/.local/lib/python3.12/site-packages/airflow/example_dags/example_bash_decorator.py
[2026-06-13T17:44:48.671+0000] {processor.py:925} INFO - DAG(s) 'example_bash_decorator' retrieved from /home/airflow/.local/lib/python3.12/site-packages/airflow/example_dags/example_bash_decorator.py
[2026-06-13T17:44:48.689+0000] {logging_mixin.py:190} INFO - [2026-06-13T17:44:48.689+0000] {dag.py:3239} INFO - Sync 1 DAGs
[2026-06-13T17:44:48.706+0000] {logging_mixin.py:190} INFO - [2026-06-13T17:44:48.706+0000] {dag.py:4180} INFO - Setting next_dagrun for example_bash_decorator to None, run_after=None
[2026-06-13T17:44:48.729+0000] {processor.py:208} INFO - Processing /home/airflow/.local/lib/python3.12/site-packages/airflow/example_dags/example_bash_decorator.py took 0.078 seconds
[2026-06-13T17:45:19.380+0000] {processor.py:186} INFO - Started process (PID=6676) to work on /home/airflow/.local/lib/python3.12/site-packages/airflow/example_dags/example_bash_decorator.py
[2026-06-13T17:45:19.382+0000] {processor.py:914} INFO - Processing file /home/airflow/.local/lib/python3.12/site-packages/airflow/example_dags/example_bash_decorator.py for tasks to queue
[2026-06-13T17:45:19.384+0000] {logging_mixin.py:190} INFO - [2026-06-13T17:45:19.383+0000] {dagbag.py:588} INFO - Filling up the DagBag from /home/airflow/.local/lib/python3.12/site-packages/airflow/example_dags/example_bash_decorator.py
[2026-06-13T17:45:19.395+0000] {processor.py:925} INFO - DAG(s) 'example_bash_decorator' retrieved from /home/airflow/.local/lib/python3.12/site-packages/airflow/example_dags/example_bash_decorator.py
[2026-06-13T17:45:19.412+0000] {logging_mixin.py:190} INFO - [2026-06-13T17:45:19.412+0000] {dag.py:3239} INFO - Sync 1 DAGs
[2026-06-13T17:45:19.422+0000] {logging_mixin.py:190} INFO - [2026-06-13T17:45:19.422+0000] {dag.py:4180} INFO - Setting next_dagrun for example_bash_decorator to None, run_after=None
[2026-06-13T17:45:19.437+0000] {processor.py:208} INFO - Processing /home/airflow/.local/lib/python3.12/site-packages/airflow/example_dags/example_bash_decorator.py took 0.061 seconds
[2026-06-13T17:45:49.906+0000] {processor.py:186} INFO - Started process (PID=6738) to work on /home/airflow/.local/lib/python3.12/site-packages/airflow/example_dags/example_bash_decorator.py
[2026-06-13T17:45:49.907+0000] {processor.py:914} INFO - Processing file /home/airflow/.local/lib/python3.12/site-packages/airflow/example_dags/example_bash_decorator.py for tasks to queue
[2026-06-13T17:45:49.909+0000] {logging_mixin.py:190} INFO - [2026-06-13T17:45:49.909+0000] {dagbag.py:588} INFO - Filling up the DagBag from /home/airflow/.local/lib/python3.12/site-packages/airflow/example_dags/example_bash_decorator.py
[2026-06-13T17:45:49.920+0000] {processor.py:925} INFO - DAG(s) 'example_bash_decorator' retrieved from /home/airflow/.local/lib/python3.12/site-packages/airflow/example_dags/example_bash_decorator.py
[2026-06-13T17:45:49.938+0000] {logging_mixin.py:190} INFO - [2026-06-13T17:45:49.938+0000] {dag.py:3239} INFO - Sync 1 DAGs
[2026-06-13T17:45:49.949+0000] {logging_mixin.py:190} INFO - [2026-06-13T17:45:49.949+0000] {dag.py:4180} INFO - Setting next_dagrun for example_bash_decorator to None, run_after=None
[2026-06-13T17:45:49.967+0000] {processor.py:208} INFO - Processing /home/airflow/.local/lib/python3.12/site-packages/airflow/example_dags/example_bash_decorator.py took 0.065 seconds
[2026-06-13T17:46:20.495+0000] {processor.py:186} INFO - Started process (PID=6800) to work on /home/airflow/.local/lib/python3.12/site-packages/airflow/example_dags/example_bash_decorator.py
[2026-06-13T17:46:20.496+0000] {processor.py:914} INFO - Processing file /home/airflow/.local/lib/python3.12/site-packages/airflow/example_dags/example_bash_decorator.py for tasks to queue
[2026-06-13T17:46:20.498+0000] {logging_mixin.py:190} INFO - [2026-06-13T17:46:20.498+0000] {dagbag.py:588} INFO - Filling up the DagBag from /home/airflow/.local/lib/python3.12/site-packages/airflow/example_dags/example_bash_decorator.py
[2026-06-13T17:46:20.510+0000] {processor.py:925} INFO - DAG(s) 'example_bash_decorator' retrieved from /home/airflow/.local/lib/python3.12/site-packages/airflow/example_dags/example_bash_decorator.py
[2026-06-13T17:46:20.530+0000] {logging_mixin.py:190} INFO - [2026-06-13T17:46:20.529+0000] {dag.py:3239} INFO - Sync 1 DAGs
[2026-06-13T17:46:20.541+0000] {logging_mixin.py:190} INFO - [2026-06-13T17:46:20.540+0000] {dag.py:4180} INFO - Setting next_dagrun for example_bash_decorator to None, run_after=None
[2026-06-13T17:46:20.559+0000] {processor.py:208} INFO - Processing /home/airflow/.local/lib/python3.12/site-packages/airflow/example_dags/example_bash_decorator.py took 0.070 seconds
[2026-06-13T17:46:50.772+0000] {processor.py:186} INFO - Started process (PID=6862) to work on /home/airflow/.local/lib/python3.12/site-packages/airflow/example_dags/example_bash_decorator.py
[2026-06-13T17:46:50.773+0000] {processor.py:914} INFO - Processing file /home/airflow/.local/lib/python3.12/site-packages/airflow/example_dags/example_bash_decorator.py for tasks to queue
[2026-06-13T17:46:50.776+0000] {logging_mixin.py:190} INFO - [2026-06-13T17:46:50.775+0000] {dagbag.py:588} INFO - Filling up the DagBag from /home/airflow/.local/lib/python3.12/site-packages/airflow/example_dags/example_bash_decorator.py
[2026-06-13T17:46:50.787+0000] {processor.py:925} INFO - DAG(s) 'example_bash_decorator' retrieved from /home/airflow/.local/lib/python3.12/site-packages/airflow/example_dags/example_bash_decorator.py
[2026-06-13T17:46:50.806+0000] {logging_mixin.py:190} INFO - [2026-06-13T17:46:50.806+0000] {dag.py:3239} INFO - Sync 1 DAGs
[2026-06-13T17:46:50.817+0000] {logging_mixin.py:190} INFO - [2026-06-13T17:46:50.816+0000] {dag.py:4180} INFO - Setting next_dagrun for example_bash_decorator to None, run_after=None
[2026-06-13T17:46:50.834+0000] {processor.py:208} INFO - Processing /home/airflow/.local/lib/python3.12/site-packages/airflow/example_dags/example_bash_decorator.py took 0.066 seconds
[2026-06-13T17:47:21.166+0000] {processor.py:186} INFO - Started process (PID=6924) to work on /home/airflow/.local/lib/python3.12/site-packages/airflow/example_dags/example_bash_decorator.py
[2026-06-13T17:47:21.168+0000] {processor.py:914} INFO - Processing file /home/airflow/.local/lib/python3.12/site-packages/airflow/example_dags/example_bash_decorator.py for tasks to queue
[2026-06-13T17:47:21.170+0000] {logging_mixin.py:190} INFO - [2026-06-13T17:47:21.170+0000] {dagbag.py:588} INFO - Filling up the DagBag from /home/airflow/.local/lib/python3.12/site-packages/airflow/example_dags/example_bash_decorator.py
[2026-06-13T17:47:21.181+0000] {processor.py:925} INFO - DAG(s) 'example_bash_decorator' retrieved from /home/airflow/.local/lib/python3.12/site-packages/airflow/example_dags/example_bash_decorator.py
[2026-06-13T17:47:21.199+0000] {logging_mixin.py:190} INFO - [2026-06-13T17:47:21.199+0000] {dag.py:3239} INFO - Sync 1 DAGs
[2026-06-13T17:47:21.210+0000] {logging_mixin.py:190} INFO - [2026-06-13T17:47:21.210+0000] {dag.py:4180} INFO - Setting next_dagrun for example_bash_decorator to None, run_after=None
[2026-06-13T17:47:21.235+0000] {processor.py:208} INFO - Processing /home/airflow/.local/lib/python3.12/site-packages/airflow/example_dags/example_bash_decorator.py took 0.074 seconds
[2026-06-13T17:47:51.653+0000] {processor.py:186} INFO - Started process (PID=6986) to work on /home/airflow/.local/lib/python3.12/site-packages/airflow/example_dags/example_bash_decorator.py
[2026-06-13T17:47:51.655+0000] {processor.py:914} INFO - Processing file /home/airflow/.local/lib/python3.12/site-packages/airflow/example_dags/example_bash_decorator.py for tasks to queue
[2026-06-13T17:47:51.657+0000] {logging_mixin.py:190} INFO - [2026-06-13T17:47:51.657+0000] {dagbag.py:588} INFO - Filling up the DagBag from /home/airflow/.local/lib/python3.12/site-packages/airflow/example_dags/example_bash_decorator.py
[2026-06-13T17:47:51.669+0000] {processor.py:925} INFO - DAG(s) 'example_bash_decorator' retrieved from /home/airflow/.local/lib/python3.12/site-packages/airflow/example_dags/example_bash_decorator.py
[2026-06-13T17:47:51.686+0000] {logging_mixin.py:190} INFO - [2026-06-13T17:47:51.686+0000] {dag.py:3239} INFO - Sync 1 DAGs
[2026-06-13T17:47:51.697+0000] {logging_mixin.py:190} INFO - [2026-06-13T17:47:51.697+0000] {dag.py:4180} INFO - Setting next_dagrun for example_bash_decorator to None, run_after=None
[2026-06-13T17:47:51.712+0000] {processor.py:208} INFO - Processing /home/airflow/.local/lib/python3.12/site-packages/airflow/example_dags/example_bash_decorator.py took 0.064 seconds
[2026-06-13T17:48:22.185+0000] {processor.py:186} INFO - Started process (PID=7048) to work on /home/airflow/.local/lib/python3.12/site-packages/airflow/example_dags/example_bash_decorator.py
[2026-06-13T17:48:22.186+0000] {processor.py:914} INFO - Processing file /home/airflow/.local/lib/python3.12/site-packages/airflow/example_dags/example_bash_decorator.py for tasks to queue
[2026-06-13T17:48:22.189+0000] {logging_mixin.py:190} INFO - [2026-06-13T17:48:22.188+0000] {dagbag.py:588} INFO - Filling up the DagBag from /home/airflow/.local/lib/python3.12/site-packages/airflow/example_dags/example_bash_decorator.py
[2026-06-13T17:48:22.201+0000] {processor.py:925} INFO - DAG(s) 'example_bash_decorator' retrieved from /home/airflow/.local/lib/python3.12/site-packages/airflow/example_dags/example_bash_decorator.py
[2026-06-13T17:48:22.221+0000] {logging_mixin.py:190} INFO - [2026-06-13T17:48:22.220+0000] {dag.py:3239} INFO - Sync 1 DAGs
[2026-06-13T17:48:22.232+0000] {logging_mixin.py:190} INFO - [2026-06-13T17:48:22.232+0000] {dag.py:4180} INFO - Setting next_dagrun for example_bash_decorator to None, run_after=None
[2026-06-13T17:48:22.255+0000] {processor.py:208} INFO - Processing /home/airflow/.local/lib/python3.12/site-packages/airflow/example_dags/example_bash_decorator.py took 0.077 seconds
[2026-06-13T17:48:52.352+0000] {processor.py:186} INFO - Started process (PID=7110) to work on /home/airflow/.local/lib/python3.12/site-packages/airflow/example_dags/example_bash_decorator.py
[2026-06-13T17:48:52.354+0000] {processor.py:914} INFO - Processing file /home/airflow/.local/lib/python3.12/site-packages/airflow/example_dags/example_bash_decorator.py for tasks to queue
[2026-06-13T17:48:52.356+0000] {logging_mixin.py:190} INFO - [2026-06-13T17:48:52.356+0000] {dagbag.py:588} INFO - Filling up the DagBag from /home/airflow/.local/lib/python3.12/site-packages/airflow/example_dags/example_bash_decorator.py
[2026-06-13T17:48:52.369+0000] {processor.py:925} INFO - DAG(s) 'example_bash_decorator' retrieved from /home/airflow/.local/lib/python3.12/site-packages/airflow/example_dags/example_bash_decorator.py
[2026-06-13T17:48:52.389+0000] {logging_mixin.py:190} INFO - [2026-06-13T17:48:52.388+0000] {dag.py:3239} INFO - Sync 1 DAGs
[2026-06-13T17:48:52.399+0000] {logging_mixin.py:190} INFO - [2026-06-13T17:48:52.399+0000] {dag.py:4180} INFO - Setting next_dagrun for example_bash_decorator to None, run_after=None
[2026-06-13T17:48:52.416+0000] {processor.py:208} INFO - Processing /home/airflow/.local/lib/python3.12/site-packages/airflow/example_dags/example_bash_decorator.py took 0.068 seconds
[2026-06-13T17:49:23.319+0000] {processor.py:186} INFO - Started process (PID=7171) to work on /home/airflow/.local/lib/python3.12/site-packages/airflow/example_dags/example_bash_decorator.py
[2026-06-13T17:49:23.320+0000] {processor.py:914} INFO - Processing file /home/airflow/.local/lib/python3.12/site-packages/airflow/example_dags/example_bash_decorator.py for tasks to queue
[2026-06-13T17:49:23.323+0000] {logging_mixin.py:190} INFO - [2026-06-13T17:49:23.323+0000] {dagbag.py:588} INFO - Filling up the DagBag from /home/airflow/.local/lib/python3.12/site-packages/airflow/example_dags/example_bash_decorator.py
[2026-06-13T17:49:23.338+0000] {processor.py:925} INFO - DAG(s) 'example_bash_decorator' retrieved from /home/airflow/.local/lib/python3.12/site-packages/airflow/example_dags/example_bash_decorator.py
[2026-06-13T17:49:23.364+0000] {logging_mixin.py:190} INFO - [2026-06-13T17:49:23.364+0000] {dag.py:3239} INFO - Sync 1 DAGs
[2026-06-13T17:49:23.376+0000] {logging_mixin.py:190} INFO - [2026-06-13T17:49:23.376+0000] {dag.py:4180} INFO - Setting next_dagrun for example_bash_decorator to None, run_after=None
[2026-06-13T17:49:23.397+0000] {processor.py:208} INFO - Processing /home/airflow/.local/lib/python3.12/site-packages/airflow/example_dags/example_bash_decorator.py took 0.084 seconds
[2026-06-13T17:49:53.995+0000] {processor.py:186} INFO - Started process (PID=7233) to work on /home/airflow/.local/lib/python3.12/site-packages/airflow/example_dags/example_bash_decorator.py
[2026-06-13T17:49:53.997+0000] {processor.py:914} INFO - Processing file /home/airflow/.local/lib/python3.12/site-packages/airflow/example_dags/example_bash_decorator.py for tasks to queue
[2026-06-13T17:49:54.002+0000] {logging_mixin.py:190} INFO - [2026-06-13T17:49:54.001+0000] {dagbag.py:588} INFO - Filling up the DagBag from /home/airflow/.local/lib/python3.12/site-packages/airflow/example_dags/example_bash_decorator.py
[2026-06-13T17:49:54.028+0000] {processor.py:925} INFO - DAG(s) 'example_bash_decorator' retrieved from /home/airflow/.local/lib/python3.12/site-packages/airflow/example_dags/example_bash_decorator.py
[2026-06-13T17:49:54.074+0000] {logging_mixin.py:190} INFO - [2026-06-13T17:49:54.073+0000] {dag.py:3239} INFO - Sync 1 DAGs
[2026-06-13T17:49:54.103+0000] {logging_mixin.py:190} INFO - [2026-06-13T17:49:54.102+0000] {dag.py:4180} INFO - Setting next_dagrun for example_bash_decorator to None, run_after=None
[2026-06-13T17:49:54.150+0000] {processor.py:208} INFO - Processing /home/airflow/.local/lib/python3.12/site-packages/airflow/example_dags/example_bash_decorator.py took 0.167 seconds
[2026-06-13T17:50:25.307+0000] {processor.py:186} INFO - Started process (PID=7296) to work on /home/airflow/.local/lib/python3.12/site-packages/airflow/example_dags/example_bash_decorator.py
[2026-06-13T17:50:25.312+0000] {processor.py:914} INFO - Processing file /home/airflow/.local/lib/python3.12/site-packages/airflow/example_dags/example_bash_decorator.py for tasks to queue
[2026-06-13T17:50:25.325+0000] {logging_mixin.py:190} INFO - [2026-06-13T17:50:25.323+0000] {dagbag.py:588} INFO - Filling up the DagBag from /home/airflow/.local/lib/python3.12/site-packages/airflow/example_dags/example_bash_decorator.py
[2026-06-13T17:50:25.385+0000] {processor.py:925} INFO - DAG(s) 'example_bash_decorator' retrieved from /home/airflow/.local/lib/python3.12/site-packages/airflow/example_dags/example_bash_decorator.py
[2026-06-13T17:50:25.506+0000] {logging_mixin.py:190} INFO - [2026-06-13T17:50:25.505+0000] {dag.py:3239} INFO - Sync 1 DAGs
[2026-06-13T17:50:25.580+0000] {logging_mixin.py:190} INFO - [2026-06-13T17:50:25.579+0000] {dag.py:4180} INFO - Setting next_dagrun for example_bash_decorator to None, run_after=None
[2026-06-13T17:50:25.707+0000] {processor.py:208} INFO - Processing /home/airflow/.local/lib/python3.12/site-packages/airflow/example_dags/example_bash_decorator.py took 0.427 seconds
[2026-06-13T17:50:56.096+0000] {processor.py:186} INFO - Started process (PID=7359) to work on /home/airflow/.local/lib/python3.12/site-packages/airflow/example_dags/example_bash_decorator.py
[2026-06-13T17:50:56.099+0000] {processor.py:914} INFO - Processing file /home/airflow/.local/lib/python3.12/site-packages/airflow/example_dags/example_bash_decorator.py for tasks to queue
[2026-06-13T17:50:56.108+0000] {logging_mixin.py:190} INFO - [2026-06-13T17:50:56.107+0000] {dagbag.py:588} INFO - Filling up the DagBag from /home/airflow/.local/lib/python3.12/site-packages/airflow/example_dags/example_bash_decorator.py
[2026-06-13T17:50:56.148+0000] {processor.py:925} INFO - DAG(s) 'example_bash_decorator' retrieved from /home/airflow/.local/lib/python3.12/site-packages/airflow/example_dags/example_bash_decorator.py
[2026-06-13T17:50:56.244+0000] {logging_mixin.py:190} INFO - [2026-06-13T17:50:56.243+0000] {dag.py:3239} INFO - Sync 1 DAGs
[2026-06-13T17:50:56.282+0000] {logging_mixin.py:190} INFO - [2026-06-13T17:50:56.281+0000] {dag.py:4180} INFO - Setting next_dagrun for example_bash_decorator to None, run_after=None
[2026-06-13T17:50:56.337+0000] {processor.py:208} INFO - Processing /home/airflow/.local/lib/python3.12/site-packages/airflow/example_dags/example_bash_decorator.py took 0.257 seconds
[2026-06-13T17:51:28.371+0000] {processor.py:186} INFO - Started process (PID=7421) to work on /home/airflow/.local/lib/python3.12/site-packages/airflow/example_dags/example_bash_decorator.py
[2026-06-13T17:51:28.375+0000] {processor.py:914} INFO - Processing file /home/airflow/.local/lib/python3.12/site-packages/airflow/example_dags/example_bash_decorator.py for tasks to queue
[2026-06-13T17:51:28.388+0000] {logging_mixin.py:190} INFO - [2026-06-13T17:51:28.386+0000] {dagbag.py:588} INFO - Filling up the DagBag from /home/airflow/.local/lib/python3.12/site-packages/airflow/example_dags/example_bash_decorator.py
[2026-06-13T17:51:28.500+0000] {processor.py:925} INFO - DAG(s) 'example_bash_decorator' retrieved from /home/airflow/.local/lib/python3.12/site-packages/airflow/example_dags/example_bash_decorator.py
[2026-06-13T17:51:28.632+0000] {logging_mixin.py:190} INFO - [2026-06-13T17:51:28.631+0000] {dag.py:3239} INFO - Sync 1 DAGs
[2026-06-13T17:51:28.716+0000] {logging_mixin.py:190} INFO - [2026-06-13T17:51:28.715+0000] {dag.py:4180} INFO - Setting next_dagrun for example_bash_decorator to None, run_after=None
[2026-06-13T17:51:28.822+0000] {processor.py:208} INFO - Processing /home/airflow/.local/lib/python3.12/site-packages/airflow/example_dags/example_bash_decorator.py took 0.478 seconds
[2026-06-13T17:52:02.915+0000] {processor.py:186} INFO - Started process (PID=7483) to work on /home/airflow/.local/lib/python3.12/site-packages/airflow/example_dags/example_bash_decorator.py
[2026-06-13T17:52:02.918+0000] {processor.py:914} INFO - Processing file /home/airflow/.local/lib/python3.12/site-packages/airflow/example_dags/example_bash_decorator.py for tasks to queue
[2026-06-13T17:52:02.935+0000] {logging_mixin.py:190} INFO - [2026-06-13T17:52:02.934+0000] {dagbag.py:588} INFO - Filling up the DagBag from /home/airflow/.local/lib/python3.12/site-packages/airflow/example_dags/example_bash_decorator.py
[2026-06-13T17:52:02.975+0000] {processor.py:925} INFO - DAG(s) 'example_bash_decorator' retrieved from /home/airflow/.local/lib/python3.12/site-packages/airflow/example_dags/example_bash_decorator.py
[2026-06-13T17:52:03.050+0000] {logging_mixin.py:190} INFO - [2026-06-13T17:52:03.050+0000] {dag.py:3239} INFO - Sync 1 DAGs
[2026-06-13T17:52:03.092+0000] {logging_mixin.py:190} INFO - [2026-06-13T17:52:03.092+0000] {dag.py:4180} INFO - Setting next_dagrun for example_bash_decorator to None, run_after=None
[2026-06-13T17:52:03.144+0000] {processor.py:208} INFO - Processing /home/airflow/.local/lib/python3.12/site-packages/airflow/example_dags/example_bash_decorator.py took 0.251 seconds
[2026-06-13T17:52:33.505+0000] {processor.py:186} INFO - Started process (PID=7545) to work on /home/airflow/.local/lib/python3.12/site-packages/airflow/example_dags/example_bash_decorator.py
[2026-06-13T17:52:33.506+0000] {processor.py:914} INFO - Processing file /home/airflow/.local/lib/python3.12/site-packages/airflow/example_dags/example_bash_decorator.py for tasks to queue
[2026-06-13T17:52:33.511+0000] {logging_mixin.py:190} INFO - [2026-06-13T17:52:33.511+0000] {dagbag.py:588} INFO - Filling up the DagBag from /home/airflow/.local/lib/python3.12/site-packages/airflow/example_dags/example_bash_decorator.py
[2026-06-13T17:52:33.533+0000] {processor.py:925} INFO - DAG(s) 'example_bash_decorator' retrieved from /home/airflow/.local/lib/python3.12/site-packages/airflow/example_dags/example_bash_decorator.py
[2026-06-13T17:52:33.934+0000] {logging_mixin.py:190} INFO - [2026-06-13T17:52:33.934+0000] {dag.py:3239} INFO - Sync 1 DAGs
[2026-06-13T17:52:33.952+0000] {logging_mixin.py:190} INFO - [2026-06-13T17:52:33.951+0000] {dag.py:4180} INFO - Setting next_dagrun for example_bash_decorator to None, run_after=None
[2026-06-13T17:52:33.978+0000] {processor.py:208} INFO - Processing /home/airflow/.local/lib/python3.12/site-packages/airflow/example_dags/example_bash_decorator.py took 0.482 seconds
[2026-06-13T17:53:04.135+0000] {processor.py:186} INFO - Started process (PID=7607) to work on /home/airflow/.local/lib/python3.12/site-packages/airflow/example_dags/example_bash_decorator.py
[2026-06-13T17:53:04.137+0000] {processor.py:914} INFO - Processing file /home/airflow/.local/lib/python3.12/site-packages/airflow/example_dags/example_bash_decorator.py for tasks to queue
[2026-06-13T17:53:04.139+0000] {logging_mixin.py:190} INFO - [2026-06-13T17:53:04.139+0000] {dagbag.py:588} INFO - Filling up the DagBag from /home/airflow/.local/lib/python3.12/site-packages/airflow/example_dags/example_bash_decorator.py
[2026-06-13T17:53:04.153+0000] {processor.py:925} INFO - DAG(s) 'example_bash_decorator' retrieved from /home/airflow/.local/lib/python3.12/site-packages/airflow/example_dags/example_bash_decorator.py
[2026-06-13T17:53:04.177+0000] {logging_mixin.py:190} INFO - [2026-06-13T17:53:04.177+0000] {dag.py:3239} INFO - Sync 1 DAGs
[2026-06-13T17:53:04.190+0000] {logging_mixin.py:190} INFO - [2026-06-13T17:53:04.189+0000] {dag.py:4180} INFO - Setting next_dagrun for example_bash_decorator to None, run_after=None
[2026-06-13T17:53:04.209+0000] {processor.py:208} INFO - Processing /home/airflow/.local/lib/python3.12/site-packages/airflow/example_dags/example_bash_decorator.py took 0.079 seconds
[2026-06-13T17:53:34.975+0000] {processor.py:186} INFO - Started process (PID=7669) to work on /home/airflow/.local/lib/python3.12/site-packages/airflow/example_dags/example_bash_decorator.py
[2026-06-13T17:53:34.977+0000] {processor.py:914} INFO - Processing file /home/airflow/.local/lib/python3.12/site-packages/airflow/example_dags/example_bash_decorator.py for tasks to queue
[2026-06-13T17:53:34.980+0000] {logging_mixin.py:190} INFO - [2026-06-13T17:53:34.980+0000] {dagbag.py:588} INFO - Filling up the DagBag from /home/airflow/.local/lib/python3.12/site-packages/airflow/example_dags/example_bash_decorator.py
[2026-06-13T17:53:34.995+0000] {processor.py:925} INFO - DAG(s) 'example_bash_decorator' retrieved from /home/airflow/.local/lib/python3.12/site-packages/airflow/example_dags/example_bash_decorator.py
[2026-06-13T17:53:35.023+0000] {logging_mixin.py:190} INFO - [2026-06-13T17:53:35.022+0000] {dag.py:3239} INFO - Sync 1 DAGs
[2026-06-13T17:53:35.038+0000] {logging_mixin.py:190} INFO - [2026-06-13T17:53:35.038+0000] {dag.py:4180} INFO - Setting next_dagrun for example_bash_decorator to None, run_after=None
[2026-06-13T17:53:35.063+0000] {processor.py:208} INFO - Processing /home/airflow/.local/lib/python3.12/site-packages/airflow/example_dags/example_bash_decorator.py took 0.093 seconds
[2026-06-13T17:54:05.402+0000] {processor.py:186} INFO - Started process (PID=7731) to work on /home/airflow/.local/lib/python3.12/site-packages/airflow/example_dags/example_bash_decorator.py
[2026-06-13T17:54:05.403+0000] {processor.py:914} INFO - Processing file /home/airflow/.local/lib/python3.12/site-packages/airflow/example_dags/example_bash_decorator.py for tasks to queue
[2026-06-13T17:54:05.406+0000] {logging_mixin.py:190} INFO - [2026-06-13T17:54:05.405+0000] {dagbag.py:588} INFO - Filling up the DagBag from /home/airflow/.local/lib/python3.12/site-packages/airflow/example_dags/example_bash_decorator.py
[2026-06-13T17:54:05.420+0000] {processor.py:925} INFO - DAG(s) 'example_bash_decorator' retrieved from /home/airflow/.local/lib/python3.12/site-packages/airflow/example_dags/example_bash_decorator.py
[2026-06-13T17:54:05.443+0000] {logging_mixin.py:190} INFO - [2026-06-13T17:54:05.443+0000] {dag.py:3239} INFO - Sync 1 DAGs
[2026-06-13T17:54:05.457+0000] {logging_mixin.py:190} INFO - [2026-06-13T17:54:05.457+0000] {dag.py:4180} INFO - Setting next_dagrun for example_bash_decorator to None, run_after=None
[2026-06-13T17:54:05.475+0000] {processor.py:208} INFO - Processing /home/airflow/.local/lib/python3.12/site-packages/airflow/example_dags/example_bash_decorator.py took 0.077 seconds
[2026-06-13T17:54:35.545+0000] {processor.py:186} INFO - Started process (PID=7793) to work on /home/airflow/.local/lib/python3.12/site-packages/airflow/example_dags/example_bash_decorator.py
[2026-06-13T17:54:35.546+0000] {processor.py:914} INFO - Processing file /home/airflow/.local/lib/python3.12/site-packages/airflow/example_dags/example_bash_decorator.py for tasks to queue
[2026-06-13T17:54:35.549+0000] {logging_mixin.py:190} INFO - [2026-06-13T17:54:35.549+0000] {dagbag.py:588} INFO - Filling up the DagBag from /home/airflow/.local/lib/python3.12/site-packages/airflow/example_dags/example_bash_decorator.py
[2026-06-13T17:54:35.564+0000] {processor.py:925} INFO - DAG(s) 'example_bash_decorator' retrieved from /home/airflow/.local/lib/python3.12/site-packages/airflow/example_dags/example_bash_decorator.py
[2026-06-13T17:54:35.589+0000] {logging_mixin.py:190} INFO - [2026-06-13T17:54:35.589+0000] {dag.py:3239} INFO - Sync 1 DAGs
[2026-06-13T17:54:35.604+0000] {logging_mixin.py:190} INFO - [2026-06-13T17:54:35.604+0000] {dag.py:4180} INFO - Setting next_dagrun for example_bash_decorator to None, run_after=None
[2026-06-13T17:54:35.625+0000] {processor.py:208} INFO - Processing /home/airflow/.local/lib/python3.12/site-packages/airflow/example_dags/example_bash_decorator.py took 0.086 seconds
[2026-06-13T17:55:06.553+0000] {processor.py:186} INFO - Started process (PID=7855) to work on /home/airflow/.local/lib/python3.12/site-packages/airflow/example_dags/example_bash_decorator.py
[2026-06-13T17:55:06.555+0000] {processor.py:914} INFO - Processing file /home/airflow/.local/lib/python3.12/site-packages/airflow/example_dags/example_bash_decorator.py for tasks to queue
[2026-06-13T17:55:06.558+0000] {logging_mixin.py:190} INFO - [2026-06-13T17:55:06.557+0000] {dagbag.py:588} INFO - Filling up the DagBag from /home/airflow/.local/lib/python3.12/site-packages/airflow/example_dags/example_bash_decorator.py
[2026-06-13T17:55:06.572+0000] {processor.py:925} INFO - DAG(s) 'example_bash_decorator' retrieved from /home/airflow/.local/lib/python3.12/site-packages/airflow/example_dags/example_bash_decorator.py
[2026-06-13T17:55:06.597+0000] {logging_mixin.py:190} INFO - [2026-06-13T17:55:06.597+0000] {dag.py:3239} INFO - Sync 1 DAGs
[2026-06-13T17:55:06.786+0000] {logging_mixin.py:190} INFO - [2026-06-13T17:55:06.786+0000] {dag.py:4180} INFO - Setting next_dagrun for example_bash_decorator to None, run_after=None
[2026-06-13T17:55:06.810+0000] {processor.py:208} INFO - Processing /home/airflow/.local/lib/python3.12/site-packages/airflow/example_dags/example_bash_decorator.py took 0.267 seconds
[2026-06-13T17:55:38.025+0000] {processor.py:186} INFO - Started process (PID=7917) to work on /home/airflow/.local/lib/python3.12/site-packages/airflow/example_dags/example_bash_decorator.py
[2026-06-13T17:55:38.026+0000] {processor.py:914} INFO - Processing file /home/airflow/.local/lib/python3.12/site-packages/airflow/example_dags/example_bash_decorator.py for tasks to queue
[2026-06-13T17:55:38.029+0000] {logging_mixin.py:190} INFO - [2026-06-13T17:55:38.029+0000] {dagbag.py:588} INFO - Filling up the DagBag from /home/airflow/.local/lib/python3.12/site-packages/airflow/example_dags/example_bash_decorator.py
[2026-06-13T17:55:38.047+0000] {processor.py:925} INFO - DAG(s) 'example_bash_decorator' retrieved from /home/airflow/.local/lib/python3.12/site-packages/airflow/example_dags/example_bash_decorator.py
[2026-06-13T17:55:38.070+0000] {logging_mixin.py:190} INFO - [2026-06-13T17:55:38.069+0000] {dag.py:3239} INFO - Sync 1 DAGs
[2026-06-13T17:55:38.254+0000] {logging_mixin.py:190} INFO - [2026-06-13T17:55:38.253+0000] {dag.py:4180} INFO - Setting next_dagrun for example_bash_decorator to None, run_after=None
[2026-06-13T17:55:38.270+0000] {processor.py:208} INFO - Processing /home/airflow/.local/lib/python3.12/site-packages/airflow/example_dags/example_bash_decorator.py took 0.256 seconds
[2026-06-13T17:56:08.970+0000] {processor.py:186} INFO - Started process (PID=7980) to work on /home/airflow/.local/lib/python3.12/site-packages/airflow/example_dags/example_bash_decorator.py
[2026-06-13T17:56:08.972+0000] {processor.py:914} INFO - Processing file /home/airflow/.local/lib/python3.12/site-packages/airflow/example_dags/example_bash_decorator.py for tasks to queue
[2026-06-13T17:56:08.974+0000] {logging_mixin.py:190} INFO - [2026-06-13T17:56:08.974+0000] {dagbag.py:588} INFO - Filling up the DagBag from /home/airflow/.local/lib/python3.12/site-packages/airflow/example_dags/example_bash_decorator.py
[2026-06-13T17:56:08.987+0000] {processor.py:925} INFO - DAG(s) 'example_bash_decorator' retrieved from /home/airflow/.local/lib/python3.12/site-packages/airflow/example_dags/example_bash_decorator.py
[2026-06-13T17:56:09.006+0000] {logging_mixin.py:190} INFO - [2026-06-13T17:56:09.006+0000] {dag.py:3239} INFO - Sync 1 DAGs
[2026-06-13T17:56:09.021+0000] {logging_mixin.py:190} INFO - [2026-06-13T17:56:09.020+0000] {dag.py:4180} INFO - Setting next_dagrun for example_bash_decorator to None, run_after=None
[2026-06-13T17:56:09.055+0000] {processor.py:208} INFO - Processing /home/airflow/.local/lib/python3.12/site-packages/airflow/example_dags/example_bash_decorator.py took 0.090 seconds
[2026-06-13T17:56:39.652+0000] {processor.py:186} INFO - Started process (PID=8042) to work on /home/airflow/.local/lib/python3.12/site-packages/airflow/example_dags/example_bash_decorator.py
[2026-06-13T17:56:39.653+0000] {processor.py:914} INFO - Processing file /home/airflow/.local/lib/python3.12/site-packages/airflow/example_dags/example_bash_decorator.py for tasks to queue
[2026-06-13T17:56:39.655+0000] {logging_mixin.py:190} INFO - [2026-06-13T17:56:39.655+0000] {dagbag.py:588} INFO - Filling up the DagBag from /home/airflow/.local/lib/python3.12/site-packages/airflow/example_dags/example_bash_decorator.py
[2026-06-13T17:56:39.669+0000] {processor.py:925} INFO - DAG(s) 'example_bash_decorator' retrieved from /home/airflow/.local/lib/python3.12/site-packages/airflow/example_dags/example_bash_decorator.py
[2026-06-13T17:56:39.688+0000] {logging_mixin.py:190} INFO - [2026-06-13T17:56:39.687+0000] {dag.py:3239} INFO - Sync 1 DAGs
[2026-06-13T17:56:39.700+0000] {logging_mixin.py:190} INFO - [2026-06-13T17:56:39.700+0000] {dag.py:4180} INFO - Setting next_dagrun for example_bash_decorator to None, run_after=None
[2026-06-13T17:56:39.749+0000] {processor.py:208} INFO - Processing /home/airflow/.local/lib/python3.12/site-packages/airflow/example_dags/example_bash_decorator.py took 0.104 seconds
[2026-06-13T17:57:10.379+0000] {processor.py:186} INFO - Started process (PID=8104) to work on /home/airflow/.local/lib/python3.12/site-packages/airflow/example_dags/example_bash_decorator.py
[2026-06-13T17:57:10.381+0000] {processor.py:914} INFO - Processing file /home/airflow/.local/lib/python3.12/site-packages/airflow/example_dags/example_bash_decorator.py for tasks to queue
[2026-06-13T17:57:10.383+0000] {logging_mixin.py:190} INFO - [2026-06-13T17:57:10.383+0000] {dagbag.py:588} INFO - Filling up the DagBag from /home/airflow/.local/lib/python3.12/site-packages/airflow/example_dags/example_bash_decorator.py
[2026-06-13T17:57:10.396+0000] {processor.py:925} INFO - DAG(s) 'example_bash_decorator' retrieved from /home/airflow/.local/lib/python3.12/site-packages/airflow/example_dags/example_bash_decorator.py
[2026-06-13T17:57:10.421+0000] {logging_mixin.py:190} INFO - [2026-06-13T17:57:10.420+0000] {dag.py:3239} INFO - Sync 1 DAGs
[2026-06-13T17:57:10.435+0000] {logging_mixin.py:190} INFO - [2026-06-13T17:57:10.435+0000] {dag.py:4180} INFO - Setting next_dagrun for example_bash_decorator to None, run_after=None
[2026-06-13T17:57:10.478+0000] {processor.py:208} INFO - Processing /home/airflow/.local/lib/python3.12/site-packages/airflow/example_dags/example_bash_decorator.py took 0.105 seconds
[2026-06-13T17:57:41.034+0000] {processor.py:186} INFO - Started process (PID=8166) to work on /home/airflow/.local/lib/python3.12/site-packages/airflow/example_dags/example_bash_decorator.py
[2026-06-13T17:57:41.036+0000] {processor.py:914} INFO - Processing file /home/airflow/.local/lib/python3.12/site-packages/airflow/example_dags/example_bash_decorator.py for tasks to queue
[2026-06-13T17:57:41.038+0000] {logging_mixin.py:190} INFO - [2026-06-13T17:57:41.038+0000] {dagbag.py:588} INFO - Filling up the DagBag from /home/airflow/.local/lib/python3.12/site-packages/airflow/example_dags/example_bash_decorator.py
[2026-06-13T17:57:41.051+0000] {processor.py:925} INFO - DAG(s) 'example_bash_decorator' retrieved from /home/airflow/.local/lib/python3.12/site-packages/airflow/example_dags/example_bash_decorator.py
[2026-06-13T17:57:41.078+0000] {logging_mixin.py:190} INFO - [2026-06-13T17:57:41.077+0000] {dag.py:3239} INFO - Sync 1 DAGs
[2026-06-13T17:57:41.093+0000] {logging_mixin.py:190} INFO - [2026-06-13T17:57:41.093+0000] {dag.py:4180} INFO - Setting next_dagrun for example_bash_decorator to None, run_after=None
[2026-06-13T17:57:41.121+0000] {processor.py:208} INFO - Processing /home/airflow/.local/lib/python3.12/site-packages/airflow/example_dags/example_bash_decorator.py took 0.093 seconds
[2026-06-13T17:58:11.799+0000] {processor.py:186} INFO - Started process (PID=8234) to work on /home/airflow/.local/lib/python3.12/site-packages/airflow/example_dags/example_bash_decorator.py
[2026-06-13T17:58:11.801+0000] {processor.py:914} INFO - Processing file /home/airflow/.local/lib/python3.12/site-packages/airflow/example_dags/example_bash_decorator.py for tasks to queue
[2026-06-13T17:58:11.805+0000] {logging_mixin.py:190} INFO - [2026-06-13T17:58:11.805+0000] {dagbag.py:588} INFO - Filling up the DagBag from /home/airflow/.local/lib/python3.12/site-packages/airflow/example_dags/example_bash_decorator.py
[2026-06-13T17:58:11.830+0000] {processor.py:925} INFO - DAG(s) 'example_bash_decorator' retrieved from /home/airflow/.local/lib/python3.12/site-packages/airflow/example_dags/example_bash_decorator.py
[2026-06-13T17:58:11.857+0000] {logging_mixin.py:190} INFO - [2026-06-13T17:58:11.857+0000] {dag.py:3239} INFO - Sync 1 DAGs
[2026-06-13T17:58:11.893+0000] {logging_mixin.py:190} INFO - [2026-06-13T17:58:11.892+0000] {dag.py:4180} INFO - Setting next_dagrun for example_bash_decorator to None, run_after=None
[2026-06-13T17:58:11.914+0000] {processor.py:208} INFO - Processing /home/airflow/.local/lib/python3.12/site-packages/airflow/example_dags/example_bash_decorator.py took 0.123 seconds
[2026-06-13T17:58:42.516+0000] {processor.py:186} INFO - Started process (PID=8296) to work on /home/airflow/.local/lib/python3.12/site-packages/airflow/example_dags/example_bash_decorator.py
[2026-06-13T17:58:42.517+0000] {processor.py:914} INFO - Processing file /home/airflow/.local/lib/python3.12/site-packages/airflow/example_dags/example_bash_decorator.py for tasks to queue
[2026-06-13T17:58:42.520+0000] {logging_mixin.py:190} INFO - [2026-06-13T17:58:42.520+0000] {dagbag.py:588} INFO - Filling up the DagBag from /home/airflow/.local/lib/python3.12/site-packages/airflow/example_dags/example_bash_decorator.py
[2026-06-13T17:58:42.534+0000] {processor.py:925} INFO - DAG(s) 'example_bash_decorator' retrieved from /home/airflow/.local/lib/python3.12/site-packages/airflow/example_dags/example_bash_decorator.py
[2026-06-13T17:58:42.555+0000] {logging_mixin.py:190} INFO - [2026-06-13T17:58:42.555+0000] {dag.py:3239} INFO - Sync 1 DAGs
[2026-06-13T17:58:42.566+0000] {logging_mixin.py:190} INFO - [2026-06-13T17:58:42.566+0000] {dag.py:4180} INFO - Setting next_dagrun for example_bash_decorator to None, run_after=None
[2026-06-13T17:58:42.585+0000] {processor.py:208} INFO - Processing /home/airflow/.local/lib/python3.12/site-packages/airflow/example_dags/example_bash_decorator.py took 0.074 seconds
[2026-06-13T17:59:13.370+0000] {processor.py:186} INFO - Started process (PID=8358) to work on /home/airflow/.local/lib/python3.12/site-packages/airflow/example_dags/example_bash_decorator.py
[2026-06-13T17:59:13.372+0000] {processor.py:914} INFO - Processing file /home/airflow/.local/lib/python3.12/site-packages/airflow/example_dags/example_bash_decorator.py for tasks to queue
[2026-06-13T17:59:13.374+0000] {logging_mixin.py:190} INFO - [2026-06-13T17:59:13.374+0000] {dagbag.py:588} INFO - Filling up the DagBag from /home/airflow/.local/lib/python3.12/site-packages/airflow/example_dags/example_bash_decorator.py
[2026-06-13T17:59:13.387+0000] {processor.py:925} INFO - DAG(s) 'example_bash_decorator' retrieved from /home/airflow/.local/lib/python3.12/site-packages/airflow/example_dags/example_bash_decorator.py
[2026-06-13T17:59:13.408+0000] {logging_mixin.py:190} INFO - [2026-06-13T17:59:13.408+0000] {dag.py:3239} INFO - Sync 1 DAGs
[2026-06-13T17:59:13.421+0000] {logging_mixin.py:190} INFO - [2026-06-13T17:59:13.420+0000] {dag.py:4180} INFO - Setting next_dagrun for example_bash_decorator to None, run_after=None
[2026-06-13T17:59:13.443+0000] {processor.py:208} INFO - Processing /home/airflow/.local/lib/python3.12/site-packages/airflow/example_dags/example_bash_decorator.py took 0.078 seconds
[2026-06-13T17:59:43.477+0000] {processor.py:186} INFO - Started process (PID=8420) to work on /home/airflow/.local/lib/python3.12/site-packages/airflow/example_dags/example_bash_decorator.py
[2026-06-13T17:59:43.479+0000] {processor.py:914} INFO - Processing file /home/airflow/.local/lib/python3.12/site-packages/airflow/example_dags/example_bash_decorator.py for tasks to queue
[2026-06-13T17:59:43.481+0000] {logging_mixin.py:190} INFO - [2026-06-13T17:59:43.481+0000] {dagbag.py:588} INFO - Filling up the DagBag from /home/airflow/.local/lib/python3.12/site-packages/airflow/example_dags/example_bash_decorator.py
[2026-06-13T17:59:43.495+0000] {processor.py:925} INFO - DAG(s) 'example_bash_decorator' retrieved from /home/airflow/.local/lib/python3.12/site-packages/airflow/example_dags/example_bash_decorator.py
[2026-06-13T17:59:43.517+0000] {logging_mixin.py:190} INFO - [2026-06-13T17:59:43.517+0000] {dag.py:3239} INFO - Sync 1 DAGs
[2026-06-13T17:59:43.531+0000] {logging_mixin.py:190} INFO - [2026-06-13T17:59:43.531+0000] {dag.py:4180} INFO - Setting next_dagrun for example_bash_decorator to None, run_after=None
[2026-06-13T17:59:43.550+0000] {processor.py:208} INFO - Processing /home/airflow/.local/lib/python3.12/site-packages/airflow/example_dags/example_bash_decorator.py took 0.079 seconds
[2026-06-13T18:00:14.342+0000] {processor.py:186} INFO - Started process (PID=8483) to work on /home/airflow/.local/lib/python3.12/site-packages/airflow/example_dags/example_bash_decorator.py
[2026-06-13T18:00:14.344+0000] {processor.py:914} INFO - Processing file /home/airflow/.local/lib/python3.12/site-packages/airflow/example_dags/example_bash_decorator.py for tasks to queue
[2026-06-13T18:00:14.346+0000] {logging_mixin.py:190} INFO - [2026-06-13T18:00:14.346+0000] {dagbag.py:588} INFO - Filling up the DagBag from /home/airflow/.local/lib/python3.12/site-packages/airflow/example_dags/example_bash_decorator.py
[2026-06-13T18:00:14.358+0000] {processor.py:925} INFO - DAG(s) 'example_bash_decorator' retrieved from /home/airflow/.local/lib/python3.12/site-packages/airflow/example_dags/example_bash_decorator.py
[2026-06-13T18:00:14.384+0000] {logging_mixin.py:190} INFO - [2026-06-13T18:00:14.384+0000] {dag.py:3239} INFO - Sync 1 DAGs
[2026-06-13T18:00:14.396+0000] {logging_mixin.py:190} INFO - [2026-06-13T18:00:14.396+0000] {dag.py:4180} INFO - Setting next_dagrun for example_bash_decorator to None, run_after=None
[2026-06-13T18:00:14.413+0000] {processor.py:208} INFO - Processing /home/airflow/.local/lib/python3.12/site-packages/airflow/example_dags/example_bash_decorator.py took 0.076 seconds
[2026-06-13T18:00:44.599+0000] {processor.py:186} INFO - Started process (PID=8545) to work on /home/airflow/.local/lib/python3.12/site-packages/airflow/example_dags/example_bash_decorator.py
[2026-06-13T18:00:44.600+0000] {processor.py:914} INFO - Processing file /home/airflow/.local/lib/python3.12/site-packages/airflow/example_dags/example_bash_decorator.py for tasks to queue
[2026-06-13T18:00:44.603+0000] {logging_mixin.py:190} INFO - [2026-06-13T18:00:44.603+0000] {dagbag.py:588} INFO - Filling up the DagBag from /home/airflow/.local/lib/python3.12/site-packages/airflow/example_dags/example_bash_decorator.py
[2026-06-13T18:00:44.617+0000] {processor.py:925} INFO - DAG(s) 'example_bash_decorator' retrieved from /home/airflow/.local/lib/python3.12/site-packages/airflow/example_dags/example_bash_decorator.py
[2026-06-13T18:00:44.639+0000] {logging_mixin.py:190} INFO - [2026-06-13T18:00:44.639+0000] {dag.py:3239} INFO - Sync 1 DAGs
[2026-06-13T18:00:44.651+0000] {logging_mixin.py:190} INFO - [2026-06-13T18:00:44.651+0000] {dag.py:4180} INFO - Setting next_dagrun for example_bash_decorator to None, run_after=None
[2026-06-13T18:00:44.670+0000] {processor.py:208} INFO - Processing /home/airflow/.local/lib/python3.12/site-packages/airflow/example_dags/example_bash_decorator.py took 0.075 seconds
[2026-06-13T18:01:15.483+0000] {processor.py:186} INFO - Started process (PID=8607) to work on /home/airflow/.local/lib/python3.12/site-packages/airflow/example_dags/example_bash_decorator.py
[2026-06-13T18:01:15.484+0000] {processor.py:914} INFO - Processing file /home/airflow/.local/lib/python3.12/site-packages/airflow/example_dags/example_bash_decorator.py for tasks to queue
[2026-06-13T18:01:15.488+0000] {logging_mixin.py:190} INFO - [2026-06-13T18:01:15.488+0000] {dagbag.py:588} INFO - Filling up the DagBag from /home/airflow/.local/lib/python3.12/site-packages/airflow/example_dags/example_bash_decorator.py
[2026-06-13T18:01:15.505+0000] {processor.py:925} INFO - DAG(s) 'example_bash_decorator' retrieved from /home/airflow/.local/lib/python3.12/site-packages/airflow/example_dags/example_bash_decorator.py
[2026-06-13T18:01:15.536+0000] {logging_mixin.py:190} INFO - [2026-06-13T18:01:15.536+0000] {dag.py:3239} INFO - Sync 1 DAGs
[2026-06-13T18:01:15.554+0000] {logging_mixin.py:190} INFO - [2026-06-13T18:01:15.554+0000] {dag.py:4180} INFO - Setting next_dagrun for example_bash_decorator to None, run_after=None
[2026-06-13T18:01:15.581+0000] {processor.py:208} INFO - Processing /home/airflow/.local/lib/python3.12/site-packages/airflow/example_dags/example_bash_decorator.py took 0.109 seconds
[2026-06-13T18:01:45.643+0000] {processor.py:186} INFO - Started process (PID=8669) to work on /home/airflow/.local/lib/python3.12/site-packages/airflow/example_dags/example_bash_decorator.py
[2026-06-13T18:01:45.645+0000] {processor.py:914} INFO - Processing file /home/airflow/.local/lib/python3.12/site-packages/airflow/example_dags/example_bash_decorator.py for tasks to queue
[2026-06-13T18:01:45.647+0000] {logging_mixin.py:190} INFO - [2026-06-13T18:01:45.647+0000] {dagbag.py:588} INFO - Filling up the DagBag from /home/airflow/.local/lib/python3.12/site-packages/airflow/example_dags/example_bash_decorator.py
[2026-06-13T18:01:45.660+0000] {processor.py:925} INFO - DAG(s) 'example_bash_decorator' retrieved from /home/airflow/.local/lib/python3.12/site-packages/airflow/example_dags/example_bash_decorator.py
[2026-06-13T18:01:45.679+0000] {logging_mixin.py:190} INFO - [2026-06-13T18:01:45.679+0000] {dag.py:3239} INFO - Sync 1 DAGs
[2026-06-13T18:01:45.690+0000] {logging_mixin.py:190} INFO - [2026-06-13T18:01:45.690+0000] {dag.py:4180} INFO - Setting next_dagrun for example_bash_decorator to None, run_after=None
[2026-06-13T18:01:45.707+0000] {processor.py:208} INFO - Processing /home/airflow/.local/lib/python3.12/site-packages/airflow/example_dags/example_bash_decorator.py took 0.069 seconds
[2026-06-13T18:02:16.466+0000] {processor.py:186} INFO - Started process (PID=8731) to work on /home/airflow/.local/lib/python3.12/site-packages/airflow/example_dags/example_bash_decorator.py
[2026-06-13T18:02:16.467+0000] {processor.py:914} INFO - Processing file /home/airflow/.local/lib/python3.12/site-packages/airflow/example_dags/example_bash_decorator.py for tasks to queue
[2026-06-13T18:02:16.470+0000] {logging_mixin.py:190} INFO - [2026-06-13T18:02:16.469+0000] {dagbag.py:588} INFO - Filling up the DagBag from /home/airflow/.local/lib/python3.12/site-packages/airflow/example_dags/example_bash_decorator.py
[2026-06-13T18:02:16.482+0000] {processor.py:925} INFO - DAG(s) 'example_bash_decorator' retrieved from /home/airflow/.local/lib/python3.12/site-packages/airflow/example_dags/example_bash_decorator.py
[2026-06-13T18:02:16.501+0000] {logging_mixin.py:190} INFO - [2026-06-13T18:02:16.501+0000] {dag.py:3239} INFO - Sync 1 DAGs
[2026-06-13T18:02:16.512+0000] {logging_mixin.py:190} INFO - [2026-06-13T18:02:16.512+0000] {dag.py:4180} INFO - Setting next_dagrun for example_bash_decorator to None, run_after=None
[2026-06-13T18:02:16.528+0000] {processor.py:208} INFO - Processing /home/airflow/.local/lib/python3.12/site-packages/airflow/example_dags/example_bash_decorator.py took 0.068 seconds
[2026-06-13T18:02:46.949+0000] {processor.py:186} INFO - Started process (PID=8792) to work on /home/airflow/.local/lib/python3.12/site-packages/airflow/example_dags/example_bash_decorator.py
[2026-06-13T18:02:46.950+0000] {processor.py:914} INFO - Processing file /home/airflow/.local/lib/python3.12/site-packages/airflow/example_dags/example_bash_decorator.py for tasks to queue
[2026-06-13T18:02:46.952+0000] {logging_mixin.py:190} INFO - [2026-06-13T18:02:46.952+0000] {dagbag.py:588} INFO - Filling up the DagBag from /home/airflow/.local/lib/python3.12/site-packages/airflow/example_dags/example_bash_decorator.py
[2026-06-13T18:02:46.966+0000] {processor.py:925} INFO - DAG(s) 'example_bash_decorator' retrieved from /home/airflow/.local/lib/python3.12/site-packages/airflow/example_dags/example_bash_decorator.py
[2026-06-13T18:02:46.987+0000] {logging_mixin.py:190} INFO - [2026-06-13T18:02:46.987+0000] {dag.py:3239} INFO - Sync 1 DAGs
[2026-06-13T18:02:47.000+0000] {logging_mixin.py:190} INFO - [2026-06-13T18:02:47.000+0000] {dag.py:4180} INFO - Setting next_dagrun for example_bash_decorator to None, run_after=None
[2026-06-13T18:02:47.017+0000] {processor.py:208} INFO - Processing /home/airflow/.local/lib/python3.12/site-packages/airflow/example_dags/example_bash_decorator.py took 0.074 seconds
[2026-06-13T18:03:17.280+0000] {processor.py:186} INFO - Started process (PID=8854) to work on /home/airflow/.local/lib/python3.12/site-packages/airflow/example_dags/example_bash_decorator.py
[2026-06-13T18:03:17.282+0000] {processor.py:914} INFO - Processing file /home/airflow/.local/lib/python3.12/site-packages/airflow/example_dags/example_bash_decorator.py for tasks to queue
[2026-06-13T18:03:17.284+0000] {logging_mixin.py:190} INFO - [2026-06-13T18:03:17.284+0000] {dagbag.py:588} INFO - Filling up the DagBag from /home/airflow/.local/lib/python3.12/site-packages/airflow/example_dags/example_bash_decorator.py
[2026-06-13T18:03:17.297+0000] {processor.py:925} INFO - DAG(s) 'example_bash_decorator' retrieved from /home/airflow/.local/lib/python3.12/site-packages/airflow/example_dags/example_bash_decorator.py
[2026-06-13T18:03:17.317+0000] {logging_mixin.py:190} INFO - [2026-06-13T18:03:17.317+0000] {dag.py:3239} INFO - Sync 1 DAGs
[2026-06-13T18:03:17.329+0000] {logging_mixin.py:190} INFO - [2026-06-13T18:03:17.329+0000] {dag.py:4180} INFO - Setting next_dagrun for example_bash_decorator to None, run_after=None
[2026-06-13T18:03:17.346+0000] {processor.py:208} INFO - Processing /home/airflow/.local/lib/python3.12/site-packages/airflow/example_dags/example_bash_decorator.py took 0.071 seconds
[2026-06-13T18:03:47.459+0000] {processor.py:186} INFO - Started process (PID=8916) to work on /home/airflow/.local/lib/python3.12/site-packages/airflow/example_dags/example_bash_decorator.py
[2026-06-13T18:03:47.461+0000] {processor.py:914} INFO - Processing file /home/airflow/.local/lib/python3.12/site-packages/airflow/example_dags/example_bash_decorator.py for tasks to queue
[2026-06-13T18:03:47.463+0000] {logging_mixin.py:190} INFO - [2026-06-13T18:03:47.463+0000] {dagbag.py:588} INFO - Filling up the DagBag from /home/airflow/.local/lib/python3.12/site-packages/airflow/example_dags/example_bash_decorator.py
[2026-06-13T18:03:47.477+0000] {processor.py:925} INFO - DAG(s) 'example_bash_decorator' retrieved from /home/airflow/.local/lib/python3.12/site-packages/airflow/example_dags/example_bash_decorator.py
[2026-06-13T18:03:47.500+0000] {logging_mixin.py:190} INFO - [2026-06-13T18:03:47.499+0000] {dag.py:3239} INFO - Sync 1 DAGs
[2026-06-13T18:03:47.513+0000] {logging_mixin.py:190} INFO - [2026-06-13T18:03:47.512+0000] {dag.py:4180} INFO - Setting next_dagrun for example_bash_decorator to None, run_after=None
[2026-06-13T18:03:47.532+0000] {processor.py:208} INFO - Processing /home/airflow/.local/lib/python3.12/site-packages/airflow/example_dags/example_bash_decorator.py took 0.078 seconds
[2026-06-13T18:04:17.900+0000] {processor.py:186} INFO - Started process (PID=8978) to work on /home/airflow/.local/lib/python3.12/site-packages/airflow/example_dags/example_bash_decorator.py
[2026-06-13T18:04:17.901+0000] {processor.py:914} INFO - Processing file /home/airflow/.local/lib/python3.12/site-packages/airflow/example_dags/example_bash_decorator.py for tasks to queue
[2026-06-13T18:04:17.904+0000] {logging_mixin.py:190} INFO - [2026-06-13T18:04:17.903+0000] {dagbag.py:588} INFO - Filling up the DagBag from /home/airflow/.local/lib/python3.12/site-packages/airflow/example_dags/example_bash_decorator.py
[2026-06-13T18:04:17.918+0000] {processor.py:925} INFO - DAG(s) 'example_bash_decorator' retrieved from /home/airflow/.local/lib/python3.12/site-packages/airflow/example_dags/example_bash_decorator.py
[2026-06-13T18:04:17.944+0000] {logging_mixin.py:190} INFO - [2026-06-13T18:04:17.943+0000] {dag.py:3239} INFO - Sync 1 DAGs
[2026-06-13T18:04:17.954+0000] {logging_mixin.py:190} INFO - [2026-06-13T18:04:17.954+0000] {dag.py:4180} INFO - Setting next_dagrun for example_bash_decorator to None, run_after=None
[2026-06-13T18:04:17.971+0000] {processor.py:208} INFO - Processing /home/airflow/.local/lib/python3.12/site-packages/airflow/example_dags/example_bash_decorator.py took 0.079 seconds
[2026-06-13T18:04:48.325+0000] {processor.py:186} INFO - Started process (PID=9040) to work on /home/airflow/.local/lib/python3.12/site-packages/airflow/example_dags/example_bash_decorator.py
[2026-06-13T18:04:48.326+0000] {processor.py:914} INFO - Processing file /home/airflow/.local/lib/python3.12/site-packages/airflow/example_dags/example_bash_decorator.py for tasks to queue
[2026-06-13T18:04:48.329+0000] {logging_mixin.py:190} INFO - [2026-06-13T18:04:48.329+0000] {dagbag.py:588} INFO - Filling up the DagBag from /home/airflow/.local/lib/python3.12/site-packages/airflow/example_dags/example_bash_decorator.py
[2026-06-13T18:04:48.343+0000] {processor.py:925} INFO - DAG(s) 'example_bash_decorator' retrieved from /home/airflow/.local/lib/python3.12/site-packages/airflow/example_dags/example_bash_decorator.py
[2026-06-13T18:04:48.365+0000] {logging_mixin.py:190} INFO - [2026-06-13T18:04:48.365+0000] {dag.py:3239} INFO - Sync 1 DAGs
[2026-06-13T18:04:48.378+0000] {logging_mixin.py:190} INFO - [2026-06-13T18:04:48.378+0000] {dag.py:4180} INFO - Setting next_dagrun for example_bash_decorator to None, run_after=None
[2026-06-13T18:04:48.399+0000] {processor.py:208} INFO - Processing /home/airflow/.local/lib/python3.12/site-packages/airflow/example_dags/example_bash_decorator.py took 0.080 seconds
[2026-06-13T18:05:18.631+0000] {processor.py:186} INFO - Started process (PID=9102) to work on /home/airflow/.local/lib/python3.12/site-packages/airflow/example_dags/example_bash_decorator.py
[2026-06-13T18:05:18.632+0000] {processor.py:914} INFO - Processing file /home/airflow/.local/lib/python3.12/site-packages/airflow/example_dags/example_bash_decorator.py for tasks to queue
[2026-06-13T18:05:18.634+0000] {logging_mixin.py:190} INFO - [2026-06-13T18:05:18.634+0000] {dagbag.py:588} INFO - Filling up the DagBag from /home/airflow/.local/lib/python3.12/site-packages/airflow/example_dags/example_bash_decorator.py
[2026-06-13T18:05:18.646+0000] {processor.py:925} INFO - DAG(s) 'example_bash_decorator' retrieved from /home/airflow/.local/lib/python3.12/site-packages/airflow/example_dags/example_bash_decorator.py
[2026-06-13T18:05:18.667+0000] {logging_mixin.py:190} INFO - [2026-06-13T18:05:18.667+0000] {dag.py:3239} INFO - Sync 1 DAGs
[2026-06-13T18:05:18.678+0000] {logging_mixin.py:190} INFO - [2026-06-13T18:05:18.677+0000] {dag.py:4180} INFO - Setting next_dagrun for example_bash_decorator to None, run_after=None
[2026-06-13T18:05:18.693+0000] {processor.py:208} INFO - Processing /home/airflow/.local/lib/python3.12/site-packages/airflow/example_dags/example_bash_decorator.py took 0.067 seconds
[2026-06-13T18:05:48.921+0000] {processor.py:186} INFO - Started process (PID=9165) to work on /home/airflow/.local/lib/python3.12/site-packages/airflow/example_dags/example_bash_decorator.py
[2026-06-13T18:05:48.923+0000] {processor.py:914} INFO - Processing file /home/airflow/.local/lib/python3.12/site-packages/airflow/example_dags/example_bash_decorator.py for tasks to queue
[2026-06-13T18:05:48.927+0000] {logging_mixin.py:190} INFO - [2026-06-13T18:05:48.926+0000] {dagbag.py:588} INFO - Filling up the DagBag from /home/airflow/.local/lib/python3.12/site-packages/airflow/example_dags/example_bash_decorator.py
[2026-06-13T18:05:48.943+0000] {processor.py:925} INFO - DAG(s) 'example_bash_decorator' retrieved from /home/airflow/.local/lib/python3.12/site-packages/airflow/example_dags/example_bash_decorator.py
[2026-06-13T18:05:48.969+0000] {logging_mixin.py:190} INFO - [2026-06-13T18:05:48.969+0000] {dag.py:3239} INFO - Sync 1 DAGs
[2026-06-13T18:05:48.993+0000] {logging_mixin.py:190} INFO - [2026-06-13T18:05:48.992+0000] {dag.py:4180} INFO - Setting next_dagrun for example_bash_decorator to None, run_after=None
[2026-06-13T18:05:49.022+0000] {processor.py:208} INFO - Processing /home/airflow/.local/lib/python3.12/site-packages/airflow/example_dags/example_bash_decorator.py took 0.109 seconds
[2026-06-13T18:06:19.112+0000] {processor.py:186} INFO - Started process (PID=9227) to work on /home/airflow/.local/lib/python3.12/site-packages/airflow/example_dags/example_bash_decorator.py
[2026-06-13T18:06:19.113+0000] {processor.py:914} INFO - Processing file /home/airflow/.local/lib/python3.12/site-packages/airflow/example_dags/example_bash_decorator.py for tasks to queue
[2026-06-13T18:06:19.115+0000] {logging_mixin.py:190} INFO - [2026-06-13T18:06:19.115+0000] {dagbag.py:588} INFO - Filling up the DagBag from /home/airflow/.local/lib/python3.12/site-packages/airflow/example_dags/example_bash_decorator.py
[2026-06-13T18:06:19.129+0000] {processor.py:925} INFO - DAG(s) 'example_bash_decorator' retrieved from /home/airflow/.local/lib/python3.12/site-packages/airflow/example_dags/example_bash_decorator.py
[2026-06-13T18:06:19.150+0000] {logging_mixin.py:190} INFO - [2026-06-13T18:06:19.150+0000] {dag.py:3239} INFO - Sync 1 DAGs
[2026-06-13T18:06:19.160+0000] {logging_mixin.py:190} INFO - [2026-06-13T18:06:19.160+0000] {dag.py:4180} INFO - Setting next_dagrun for example_bash_decorator to None, run_after=None
[2026-06-13T18:06:19.177+0000] {processor.py:208} INFO - Processing /home/airflow/.local/lib/python3.12/site-packages/airflow/example_dags/example_bash_decorator.py took 0.070 seconds
[2026-06-13T18:06:49.504+0000] {processor.py:186} INFO - Started process (PID=9289) to work on /home/airflow/.local/lib/python3.12/site-packages/airflow/example_dags/example_bash_decorator.py
[2026-06-13T18:06:49.505+0000] {processor.py:914} INFO - Processing file /home/airflow/.local/lib/python3.12/site-packages/airflow/example_dags/example_bash_decorator.py for tasks to queue
[2026-06-13T18:06:49.509+0000] {logging_mixin.py:190} INFO - [2026-06-13T18:06:49.508+0000] {dagbag.py:588} INFO - Filling up the DagBag from /home/airflow/.local/lib/python3.12/site-packages/airflow/example_dags/example_bash_decorator.py
[2026-06-13T18:06:49.522+0000] {processor.py:925} INFO - DAG(s) 'example_bash_decorator' retrieved from /home/airflow/.local/lib/python3.12/site-packages/airflow/example_dags/example_bash_decorator.py
[2026-06-13T18:06:49.542+0000] {logging_mixin.py:190} INFO - [2026-06-13T18:06:49.542+0000] {dag.py:3239} INFO - Sync 1 DAGs
[2026-06-13T18:06:49.553+0000] {logging_mixin.py:190} INFO - [2026-06-13T18:06:49.552+0000] {dag.py:4180} INFO - Setting next_dagrun for example_bash_decorator to None, run_after=None
[2026-06-13T18:06:49.567+0000] {processor.py:208} INFO - Processing /home/airflow/.local/lib/python3.12/site-packages/airflow/example_dags/example_bash_decorator.py took 0.069 seconds
[2026-06-13T18:07:19.821+0000] {processor.py:186} INFO - Started process (PID=9351) to work on /home/airflow/.local/lib/python3.12/site-packages/airflow/example_dags/example_bash_decorator.py
[2026-06-13T18:07:19.822+0000] {processor.py:914} INFO - Processing file /home/airflow/.local/lib/python3.12/site-packages/airflow/example_dags/example_bash_decorator.py for tasks to queue
[2026-06-13T18:07:19.825+0000] {logging_mixin.py:190} INFO - [2026-06-13T18:07:19.825+0000] {dagbag.py:588} INFO - Filling up the DagBag from /home/airflow/.local/lib/python3.12/site-packages/airflow/example_dags/example_bash_decorator.py
[2026-06-13T18:07:19.838+0000] {processor.py:925} INFO - DAG(s) 'example_bash_decorator' retrieved from /home/airflow/.local/lib/python3.12/site-packages/airflow/example_dags/example_bash_decorator.py
[2026-06-13T18:07:19.859+0000] {logging_mixin.py:190} INFO - [2026-06-13T18:07:19.859+0000] {dag.py:3239} INFO - Sync 1 DAGs
[2026-06-13T18:07:19.871+0000] {logging_mixin.py:190} INFO - [2026-06-13T18:07:19.870+0000] {dag.py:4180} INFO - Setting next_dagrun for example_bash_decorator to None, run_after=None
[2026-06-13T18:07:19.893+0000] {processor.py:208} INFO - Processing /home/airflow/.local/lib/python3.12/site-packages/airflow/example_dags/example_bash_decorator.py took 0.078 seconds
[2026-06-13T18:07:50.299+0000] {processor.py:186} INFO - Started process (PID=9413) to work on /home/airflow/.local/lib/python3.12/site-packages/airflow/example_dags/example_bash_decorator.py
[2026-06-13T18:07:50.301+0000] {processor.py:914} INFO - Processing file /home/airflow/.local/lib/python3.12/site-packages/airflow/example_dags/example_bash_decorator.py for tasks to queue
[2026-06-13T18:07:50.305+0000] {logging_mixin.py:190} INFO - [2026-06-13T18:07:50.304+0000] {dagbag.py:588} INFO - Filling up the DagBag from /home/airflow/.local/lib/python3.12/site-packages/airflow/example_dags/example_bash_decorator.py
[2026-06-13T18:07:50.328+0000] {processor.py:925} INFO - DAG(s) 'example_bash_decorator' retrieved from /home/airflow/.local/lib/python3.12/site-packages/airflow/example_dags/example_bash_decorator.py
[2026-06-13T18:07:50.360+0000] {logging_mixin.py:190} INFO - [2026-06-13T18:07:50.360+0000] {dag.py:3239} INFO - Sync 1 DAGs
[2026-06-13T18:07:50.376+0000] {logging_mixin.py:190} INFO - [2026-06-13T18:07:50.375+0000] {dag.py:4180} INFO - Setting next_dagrun for example_bash_decorator to None, run_after=None
[2026-06-13T18:07:50.404+0000] {processor.py:208} INFO - Processing /home/airflow/.local/lib/python3.12/site-packages/airflow/example_dags/example_bash_decorator.py took 0.116 seconds
[2026-06-13T18:08:20.833+0000] {processor.py:186} INFO - Started process (PID=9475) to work on /home/airflow/.local/lib/python3.12/site-packages/airflow/example_dags/example_bash_decorator.py
[2026-06-13T18:08:20.834+0000] {processor.py:914} INFO - Processing file /home/airflow/.local/lib/python3.12/site-packages/airflow/example_dags/example_bash_decorator.py for tasks to queue
[2026-06-13T18:08:20.837+0000] {logging_mixin.py:190} INFO - [2026-06-13T18:08:20.837+0000] {dagbag.py:588} INFO - Filling up the DagBag from /home/airflow/.local/lib/python3.12/site-packages/airflow/example_dags/example_bash_decorator.py
[2026-06-13T18:08:20.854+0000] {processor.py:925} INFO - DAG(s) 'example_bash_decorator' retrieved from /home/airflow/.local/lib/python3.12/site-packages/airflow/example_dags/example_bash_decorator.py
[2026-06-13T18:08:20.878+0000] {logging_mixin.py:190} INFO - [2026-06-13T18:08:20.878+0000] {dag.py:3239} INFO - Sync 1 DAGs
[2026-06-13T18:08:20.891+0000] {logging_mixin.py:190} INFO - [2026-06-13T18:08:20.891+0000] {dag.py:4180} INFO - Setting next_dagrun for example_bash_decorator to None, run_after=None
[2026-06-13T18:08:20.911+0000] {processor.py:208} INFO - Processing /home/airflow/.local/lib/python3.12/site-packages/airflow/example_dags/example_bash_decorator.py took 0.084 seconds
