[2026-06-13T16:50:41.680+0000] {processor.py:186} INFO - Started process (PID=105) to work on /home/airflow/.local/lib/python3.12/site-packages/airflow/example_dags/example_external_task_marker_dag.py
[2026-06-13T16:50:41.682+0000] {processor.py:914} INFO - Processing file /home/airflow/.local/lib/python3.12/site-packages/airflow/example_dags/example_external_task_marker_dag.py for tasks to queue
[2026-06-13T16:50:41.689+0000] {logging_mixin.py:190} INFO - [2026-06-13T16:50:41.688+0000] {dagbag.py:588} INFO - Filling up the DagBag from /home/airflow/.local/lib/python3.12/site-packages/airflow/example_dags/example_external_task_marker_dag.py
[2026-06-13T16:50:41.705+0000] {processor.py:925} INFO - DAG(s) 'example_external_task_marker_child', 'example_external_task_marker_parent' retrieved from /home/airflow/.local/lib/python3.12/site-packages/airflow/example_dags/example_external_task_marker_dag.py
[2026-06-13T16:50:41.875+0000] {logging_mixin.py:190} INFO - [2026-06-13T16:50:41.874+0000] {override.py:1900} INFO - Created Permission View: can edit on DAG:example_external_task_marker_child
[2026-06-13T16:50:41.895+0000] {logging_mixin.py:190} INFO - [2026-06-13T16:50:41.894+0000] {override.py:1900} INFO - Created Permission View: can read on DAG:example_external_task_marker_child
[2026-06-13T16:50:41.909+0000] {logging_mixin.py:190} INFO - [2026-06-13T16:50:41.908+0000] {override.py:1900} INFO - Created Permission View: can delete on DAG:example_external_task_marker_child
[2026-06-13T16:50:41.930+0000] {logging_mixin.py:190} INFO - [2026-06-13T16:50:41.929+0000] {override.py:1900} INFO - Created Permission View: can read on DAG Run:example_external_task_marker_child
[2026-06-13T16:50:41.945+0000] {logging_mixin.py:190} INFO - [2026-06-13T16:50:41.944+0000] {override.py:1900} INFO - Created Permission View: can create on DAG Run:example_external_task_marker_child
[2026-06-13T16:50:41.976+0000] {logging_mixin.py:190} INFO - [2026-06-13T16:50:41.975+0000] {override.py:1900} INFO - Created Permission View: menu access on DAG Run:example_external_task_marker_child
[2026-06-13T16:50:41.989+0000] {logging_mixin.py:190} INFO - [2026-06-13T16:50:41.988+0000] {override.py:1900} INFO - Created Permission View: can delete on DAG Run:example_external_task_marker_child
[2026-06-13T16:50:42.041+0000] {logging_mixin.py:190} INFO - [2026-06-13T16:50:42.041+0000] {override.py:1900} INFO - Created Permission View: can edit on DAG:example_external_task_marker_parent
[2026-06-13T16:50:42.064+0000] {logging_mixin.py:190} INFO - [2026-06-13T16:50:42.064+0000] {override.py:1900} INFO - Created Permission View: can read on DAG:example_external_task_marker_parent
[2026-06-13T16:50:42.077+0000] {logging_mixin.py:190} INFO - [2026-06-13T16:50:42.077+0000] {override.py:1900} INFO - Created Permission View: can delete on DAG:example_external_task_marker_parent
[2026-06-13T16:50:42.122+0000] {logging_mixin.py:190} INFO - [2026-06-13T16:50:42.121+0000] {override.py:1900} INFO - Created Permission View: can read on DAG Run:example_external_task_marker_parent
[2026-06-13T16:50:42.139+0000] {logging_mixin.py:190} INFO - [2026-06-13T16:50:42.139+0000] {override.py:1900} INFO - Created Permission View: can create on DAG Run:example_external_task_marker_parent
[2026-06-13T16:50:42.152+0000] {logging_mixin.py:190} INFO - [2026-06-13T16:50:42.151+0000] {override.py:1900} INFO - Created Permission View: menu access on DAG Run:example_external_task_marker_parent
[2026-06-13T16:50:42.164+0000] {logging_mixin.py:190} INFO - [2026-06-13T16:50:42.163+0000] {override.py:1900} INFO - Created Permission View: can delete on DAG Run:example_external_task_marker_parent
[2026-06-13T16:50:42.165+0000] {logging_mixin.py:190} INFO - [2026-06-13T16:50:42.164+0000] {dag.py:3239} INFO - Sync 2 DAGs
[2026-06-13T16:50:42.182+0000] {logging_mixin.py:190} INFO - [2026-06-13T16:50:42.182+0000] {dag.py:3262} INFO - Creating ORM DAG for example_external_task_marker_child
[2026-06-13T16:50:42.184+0000] {logging_mixin.py:190} INFO - [2026-06-13T16:50:42.184+0000] {dag.py:3262} INFO - Creating ORM DAG for example_external_task_marker_parent
[2026-06-13T16:50:42.186+0000] {logging_mixin.py:190} INFO - [2026-06-13T16:50:42.185+0000] {dag.py:4180} INFO - Setting next_dagrun for example_external_task_marker_child to None, run_after=None
[2026-06-13T16:50:42.188+0000] {logging_mixin.py:190} INFO - [2026-06-13T16:50:42.187+0000] {dag.py:4180} INFO - Setting next_dagrun for example_external_task_marker_parent to None, run_after=None
[2026-06-13T16:50:42.224+0000] {processor.py:208} INFO - Processing /home/airflow/.local/lib/python3.12/site-packages/airflow/example_dags/example_external_task_marker_dag.py took 0.555 seconds
[2026-06-13T16:51:13.221+0000] {processor.py:186} INFO - Started process (PID=167) to work on /home/airflow/.local/lib/python3.12/site-packages/airflow/example_dags/example_external_task_marker_dag.py
[2026-06-13T16:51:13.222+0000] {processor.py:914} INFO - Processing file /home/airflow/.local/lib/python3.12/site-packages/airflow/example_dags/example_external_task_marker_dag.py for tasks to queue
[2026-06-13T16:51:13.225+0000] {logging_mixin.py:190} INFO - [2026-06-13T16:51:13.225+0000] {dagbag.py:588} INFO - Filling up the DagBag from /home/airflow/.local/lib/python3.12/site-packages/airflow/example_dags/example_external_task_marker_dag.py
[2026-06-13T16:51:13.236+0000] {processor.py:925} INFO - DAG(s) 'example_external_task_marker_child', 'example_external_task_marker_parent' retrieved from /home/airflow/.local/lib/python3.12/site-packages/airflow/example_dags/example_external_task_marker_dag.py
[2026-06-13T16:51:13.265+0000] {logging_mixin.py:190} INFO - [2026-06-13T16:51:13.265+0000] {dag.py:3239} INFO - Sync 2 DAGs
[2026-06-13T16:51:13.284+0000] {logging_mixin.py:190} INFO - [2026-06-13T16:51:13.283+0000] {dag.py:4180} INFO - Setting next_dagrun for example_external_task_marker_child to None, run_after=None
[2026-06-13T16:51:13.289+0000] {logging_mixin.py:190} INFO - [2026-06-13T16:51:13.289+0000] {dag.py:4180} INFO - Setting next_dagrun for example_external_task_marker_parent to None, run_after=None
[2026-06-13T16:51:13.312+0000] {processor.py:208} INFO - Processing /home/airflow/.local/lib/python3.12/site-packages/airflow/example_dags/example_external_task_marker_dag.py took 0.099 seconds
[2026-06-13T16:51:43.496+0000] {processor.py:186} INFO - Started process (PID=229) to work on /home/airflow/.local/lib/python3.12/site-packages/airflow/example_dags/example_external_task_marker_dag.py
[2026-06-13T16:51:43.498+0000] {processor.py:914} INFO - Processing file /home/airflow/.local/lib/python3.12/site-packages/airflow/example_dags/example_external_task_marker_dag.py for tasks to queue
[2026-06-13T16:51:43.502+0000] {logging_mixin.py:190} INFO - [2026-06-13T16:51:43.501+0000] {dagbag.py:588} INFO - Filling up the DagBag from /home/airflow/.local/lib/python3.12/site-packages/airflow/example_dags/example_external_task_marker_dag.py
[2026-06-13T16:51:43.511+0000] {processor.py:925} INFO - DAG(s) 'example_external_task_marker_child', 'example_external_task_marker_parent' retrieved from /home/airflow/.local/lib/python3.12/site-packages/airflow/example_dags/example_external_task_marker_dag.py
[2026-06-13T16:51:43.544+0000] {logging_mixin.py:190} INFO - [2026-06-13T16:51:43.544+0000] {dag.py:3239} INFO - Sync 2 DAGs
[2026-06-13T16:51:43.562+0000] {logging_mixin.py:190} INFO - [2026-06-13T16:51:43.561+0000] {dag.py:4180} INFO - Setting next_dagrun for example_external_task_marker_child to None, run_after=None
[2026-06-13T16:51:43.567+0000] {logging_mixin.py:190} INFO - [2026-06-13T16:51:43.566+0000] {dag.py:4180} INFO - Setting next_dagrun for example_external_task_marker_parent to None, run_after=None
[2026-06-13T16:51:43.592+0000] {processor.py:208} INFO - Processing /home/airflow/.local/lib/python3.12/site-packages/airflow/example_dags/example_external_task_marker_dag.py took 0.103 seconds
[2026-06-13T16:52:14.135+0000] {processor.py:186} INFO - Started process (PID=291) to work on /home/airflow/.local/lib/python3.12/site-packages/airflow/example_dags/example_external_task_marker_dag.py
[2026-06-13T16:52:14.140+0000] {processor.py:914} INFO - Processing file /home/airflow/.local/lib/python3.12/site-packages/airflow/example_dags/example_external_task_marker_dag.py for tasks to queue
[2026-06-13T16:52:14.145+0000] {logging_mixin.py:190} INFO - [2026-06-13T16:52:14.144+0000] {dagbag.py:588} INFO - Filling up the DagBag from /home/airflow/.local/lib/python3.12/site-packages/airflow/example_dags/example_external_task_marker_dag.py
[2026-06-13T16:52:14.156+0000] {processor.py:925} INFO - DAG(s) 'example_external_task_marker_parent', 'example_external_task_marker_child' retrieved from /home/airflow/.local/lib/python3.12/site-packages/airflow/example_dags/example_external_task_marker_dag.py
[2026-06-13T16:52:14.195+0000] {logging_mixin.py:190} INFO - [2026-06-13T16:52:14.191+0000] {dag.py:3239} INFO - Sync 2 DAGs
[2026-06-13T16:52:14.215+0000] {logging_mixin.py:190} INFO - [2026-06-13T16:52:14.215+0000] {dag.py:4180} INFO - Setting next_dagrun for example_external_task_marker_child to None, run_after=None
[2026-06-13T16:52:14.221+0000] {logging_mixin.py:190} INFO - [2026-06-13T16:52:14.221+0000] {dag.py:4180} INFO - Setting next_dagrun for example_external_task_marker_parent to None, run_after=None
[2026-06-13T16:52:14.253+0000] {processor.py:208} INFO - Processing /home/airflow/.local/lib/python3.12/site-packages/airflow/example_dags/example_external_task_marker_dag.py took 0.126 seconds
[2026-06-13T16:53:31.859+0000] {processor.py:186} INFO - Started process (PID=346) to work on /home/airflow/.local/lib/python3.12/site-packages/airflow/example_dags/example_external_task_marker_dag.py
[2026-06-13T16:53:31.860+0000] {processor.py:914} INFO - Processing file /home/airflow/.local/lib/python3.12/site-packages/airflow/example_dags/example_external_task_marker_dag.py for tasks to queue
[2026-06-13T16:53:31.863+0000] {logging_mixin.py:190} INFO - [2026-06-13T16:53:31.862+0000] {dagbag.py:588} INFO - Filling up the DagBag from /home/airflow/.local/lib/python3.12/site-packages/airflow/example_dags/example_external_task_marker_dag.py
[2026-06-13T16:53:31.872+0000] {processor.py:925} INFO - DAG(s) 'example_external_task_marker_child', 'example_external_task_marker_parent' retrieved from /home/airflow/.local/lib/python3.12/site-packages/airflow/example_dags/example_external_task_marker_dag.py
[2026-06-13T16:53:31.899+0000] {logging_mixin.py:190} INFO - [2026-06-13T16:53:31.899+0000] {dag.py:3239} INFO - Sync 2 DAGs
[2026-06-13T16:53:31.912+0000] {logging_mixin.py:190} INFO - [2026-06-13T16:53:31.911+0000] {dag.py:4180} INFO - Setting next_dagrun for example_external_task_marker_child to None, run_after=None
[2026-06-13T16:53:31.916+0000] {logging_mixin.py:190} INFO - [2026-06-13T16:53:31.915+0000] {dag.py:4180} INFO - Setting next_dagrun for example_external_task_marker_parent to None, run_after=None
[2026-06-13T16:53:31.933+0000] {processor.py:208} INFO - Processing /home/airflow/.local/lib/python3.12/site-packages/airflow/example_dags/example_external_task_marker_dag.py took 0.079 seconds
[2026-06-13T16:54:03.029+0000] {processor.py:186} INFO - Started process (PID=408) to work on /home/airflow/.local/lib/python3.12/site-packages/airflow/example_dags/example_external_task_marker_dag.py
[2026-06-13T16:54:03.031+0000] {processor.py:914} INFO - Processing file /home/airflow/.local/lib/python3.12/site-packages/airflow/example_dags/example_external_task_marker_dag.py for tasks to queue
[2026-06-13T16:54:03.034+0000] {logging_mixin.py:190} INFO - [2026-06-13T16:54:03.034+0000] {dagbag.py:588} INFO - Filling up the DagBag from /home/airflow/.local/lib/python3.12/site-packages/airflow/example_dags/example_external_task_marker_dag.py
[2026-06-13T16:54:03.044+0000] {processor.py:925} INFO - DAG(s) 'example_external_task_marker_child', 'example_external_task_marker_parent' retrieved from /home/airflow/.local/lib/python3.12/site-packages/airflow/example_dags/example_external_task_marker_dag.py
[2026-06-13T16:54:03.084+0000] {logging_mixin.py:190} INFO - [2026-06-13T16:54:03.084+0000] {dag.py:3239} INFO - Sync 2 DAGs
[2026-06-13T16:54:03.107+0000] {logging_mixin.py:190} INFO - [2026-06-13T16:54:03.106+0000] {dag.py:4180} INFO - Setting next_dagrun for example_external_task_marker_child to None, run_after=None
[2026-06-13T16:54:03.113+0000] {logging_mixin.py:190} INFO - [2026-06-13T16:54:03.112+0000] {dag.py:4180} INFO - Setting next_dagrun for example_external_task_marker_parent to None, run_after=None
[2026-06-13T16:54:03.142+0000] {processor.py:208} INFO - Processing /home/airflow/.local/lib/python3.12/site-packages/airflow/example_dags/example_external_task_marker_dag.py took 0.121 seconds
[2026-06-13T16:54:33.810+0000] {processor.py:186} INFO - Started process (PID=470) to work on /home/airflow/.local/lib/python3.12/site-packages/airflow/example_dags/example_external_task_marker_dag.py
[2026-06-13T16:54:33.812+0000] {processor.py:914} INFO - Processing file /home/airflow/.local/lib/python3.12/site-packages/airflow/example_dags/example_external_task_marker_dag.py for tasks to queue
[2026-06-13T16:54:33.815+0000] {logging_mixin.py:190} INFO - [2026-06-13T16:54:33.814+0000] {dagbag.py:588} INFO - Filling up the DagBag from /home/airflow/.local/lib/python3.12/site-packages/airflow/example_dags/example_external_task_marker_dag.py
[2026-06-13T16:54:33.827+0000] {processor.py:925} INFO - DAG(s) 'example_external_task_marker_child', 'example_external_task_marker_parent' retrieved from /home/airflow/.local/lib/python3.12/site-packages/airflow/example_dags/example_external_task_marker_dag.py
[2026-06-13T16:54:33.858+0000] {logging_mixin.py:190} INFO - [2026-06-13T16:54:33.858+0000] {dag.py:3239} INFO - Sync 2 DAGs
[2026-06-13T16:54:33.881+0000] {logging_mixin.py:190} INFO - [2026-06-13T16:54:33.881+0000] {dag.py:4180} INFO - Setting next_dagrun for example_external_task_marker_child to None, run_after=None
[2026-06-13T16:54:33.887+0000] {logging_mixin.py:190} INFO - [2026-06-13T16:54:33.887+0000] {dag.py:4180} INFO - Setting next_dagrun for example_external_task_marker_parent to None, run_after=None
[2026-06-13T16:54:33.921+0000] {processor.py:208} INFO - Processing /home/airflow/.local/lib/python3.12/site-packages/airflow/example_dags/example_external_task_marker_dag.py took 0.118 seconds
[2026-06-13T16:55:04.983+0000] {processor.py:186} INFO - Started process (PID=532) to work on /home/airflow/.local/lib/python3.12/site-packages/airflow/example_dags/example_external_task_marker_dag.py
[2026-06-13T16:55:04.984+0000] {processor.py:914} INFO - Processing file /home/airflow/.local/lib/python3.12/site-packages/airflow/example_dags/example_external_task_marker_dag.py for tasks to queue
[2026-06-13T16:55:04.988+0000] {logging_mixin.py:190} INFO - [2026-06-13T16:55:04.987+0000] {dagbag.py:588} INFO - Filling up the DagBag from /home/airflow/.local/lib/python3.12/site-packages/airflow/example_dags/example_external_task_marker_dag.py
[2026-06-13T16:55:04.997+0000] {processor.py:925} INFO - DAG(s) 'example_external_task_marker_child', 'example_external_task_marker_parent' retrieved from /home/airflow/.local/lib/python3.12/site-packages/airflow/example_dags/example_external_task_marker_dag.py
[2026-06-13T16:55:05.021+0000] {logging_mixin.py:190} INFO - [2026-06-13T16:55:05.020+0000] {dag.py:3239} INFO - Sync 2 DAGs
[2026-06-13T16:55:05.038+0000] {logging_mixin.py:190} INFO - [2026-06-13T16:55:05.037+0000] {dag.py:4180} INFO - Setting next_dagrun for example_external_task_marker_child to None, run_after=None
[2026-06-13T16:55:05.043+0000] {logging_mixin.py:190} INFO - [2026-06-13T16:55:05.042+0000] {dag.py:4180} INFO - Setting next_dagrun for example_external_task_marker_parent to None, run_after=None
[2026-06-13T16:55:05.072+0000] {processor.py:208} INFO - Processing /home/airflow/.local/lib/python3.12/site-packages/airflow/example_dags/example_external_task_marker_dag.py took 0.095 seconds
[2026-06-13T16:55:35.357+0000] {processor.py:186} INFO - Started process (PID=595) to work on /home/airflow/.local/lib/python3.12/site-packages/airflow/example_dags/example_external_task_marker_dag.py
[2026-06-13T16:55:35.359+0000] {processor.py:914} INFO - Processing file /home/airflow/.local/lib/python3.12/site-packages/airflow/example_dags/example_external_task_marker_dag.py for tasks to queue
[2026-06-13T16:55:35.362+0000] {logging_mixin.py:190} INFO - [2026-06-13T16:55:35.361+0000] {dagbag.py:588} INFO - Filling up the DagBag from /home/airflow/.local/lib/python3.12/site-packages/airflow/example_dags/example_external_task_marker_dag.py
[2026-06-13T16:55:35.370+0000] {processor.py:925} INFO - DAG(s) 'example_external_task_marker_parent', 'example_external_task_marker_child' retrieved from /home/airflow/.local/lib/python3.12/site-packages/airflow/example_dags/example_external_task_marker_dag.py
[2026-06-13T16:55:35.399+0000] {logging_mixin.py:190} INFO - [2026-06-13T16:55:35.399+0000] {dag.py:3239} INFO - Sync 2 DAGs
[2026-06-13T16:55:35.416+0000] {logging_mixin.py:190} INFO - [2026-06-13T16:55:35.416+0000] {dag.py:4180} INFO - Setting next_dagrun for example_external_task_marker_child to None, run_after=None
[2026-06-13T16:55:35.422+0000] {logging_mixin.py:190} INFO - [2026-06-13T16:55:35.421+0000] {dag.py:4180} INFO - Setting next_dagrun for example_external_task_marker_parent to None, run_after=None
[2026-06-13T16:55:35.450+0000] {processor.py:208} INFO - Processing /home/airflow/.local/lib/python3.12/site-packages/airflow/example_dags/example_external_task_marker_dag.py took 0.100 seconds
[2026-06-13T16:56:05.524+0000] {processor.py:186} INFO - Started process (PID=657) to work on /home/airflow/.local/lib/python3.12/site-packages/airflow/example_dags/example_external_task_marker_dag.py
[2026-06-13T16:56:05.526+0000] {processor.py:914} INFO - Processing file /home/airflow/.local/lib/python3.12/site-packages/airflow/example_dags/example_external_task_marker_dag.py for tasks to queue
[2026-06-13T16:56:05.529+0000] {logging_mixin.py:190} INFO - [2026-06-13T16:56:05.529+0000] {dagbag.py:588} INFO - Filling up the DagBag from /home/airflow/.local/lib/python3.12/site-packages/airflow/example_dags/example_external_task_marker_dag.py
[2026-06-13T16:56:05.539+0000] {processor.py:925} INFO - DAG(s) 'example_external_task_marker_child', 'example_external_task_marker_parent' retrieved from /home/airflow/.local/lib/python3.12/site-packages/airflow/example_dags/example_external_task_marker_dag.py
[2026-06-13T16:56:05.576+0000] {logging_mixin.py:190} INFO - [2026-06-13T16:56:05.575+0000] {dag.py:3239} INFO - Sync 2 DAGs
[2026-06-13T16:56:05.597+0000] {logging_mixin.py:190} INFO - [2026-06-13T16:56:05.596+0000] {dag.py:4180} INFO - Setting next_dagrun for example_external_task_marker_child to None, run_after=None
[2026-06-13T16:56:05.601+0000] {logging_mixin.py:190} INFO - [2026-06-13T16:56:05.601+0000] {dag.py:4180} INFO - Setting next_dagrun for example_external_task_marker_parent to None, run_after=None
[2026-06-13T16:56:05.624+0000] {processor.py:208} INFO - Processing /home/airflow/.local/lib/python3.12/site-packages/airflow/example_dags/example_external_task_marker_dag.py took 0.106 seconds
[2026-06-13T16:56:35.709+0000] {processor.py:186} INFO - Started process (PID=718) to work on /home/airflow/.local/lib/python3.12/site-packages/airflow/example_dags/example_external_task_marker_dag.py
[2026-06-13T16:56:35.710+0000] {processor.py:914} INFO - Processing file /home/airflow/.local/lib/python3.12/site-packages/airflow/example_dags/example_external_task_marker_dag.py for tasks to queue
[2026-06-13T16:56:35.714+0000] {logging_mixin.py:190} INFO - [2026-06-13T16:56:35.713+0000] {dagbag.py:588} INFO - Filling up the DagBag from /home/airflow/.local/lib/python3.12/site-packages/airflow/example_dags/example_external_task_marker_dag.py
[2026-06-13T16:56:35.724+0000] {processor.py:925} INFO - DAG(s) 'example_external_task_marker_child', 'example_external_task_marker_parent' retrieved from /home/airflow/.local/lib/python3.12/site-packages/airflow/example_dags/example_external_task_marker_dag.py
[2026-06-13T16:56:35.759+0000] {logging_mixin.py:190} INFO - [2026-06-13T16:56:35.759+0000] {dag.py:3239} INFO - Sync 2 DAGs
[2026-06-13T16:56:35.777+0000] {logging_mixin.py:190} INFO - [2026-06-13T16:56:35.777+0000] {dag.py:4180} INFO - Setting next_dagrun for example_external_task_marker_child to None, run_after=None
[2026-06-13T16:56:35.785+0000] {logging_mixin.py:190} INFO - [2026-06-13T16:56:35.784+0000] {dag.py:4180} INFO - Setting next_dagrun for example_external_task_marker_parent to None, run_after=None
[2026-06-13T16:56:35.808+0000] {processor.py:208} INFO - Processing /home/airflow/.local/lib/python3.12/site-packages/airflow/example_dags/example_external_task_marker_dag.py took 0.106 seconds
[2026-06-13T16:57:06.067+0000] {processor.py:186} INFO - Started process (PID=780) to work on /home/airflow/.local/lib/python3.12/site-packages/airflow/example_dags/example_external_task_marker_dag.py
[2026-06-13T16:57:06.069+0000] {processor.py:914} INFO - Processing file /home/airflow/.local/lib/python3.12/site-packages/airflow/example_dags/example_external_task_marker_dag.py for tasks to queue
[2026-06-13T16:57:06.072+0000] {logging_mixin.py:190} INFO - [2026-06-13T16:57:06.071+0000] {dagbag.py:588} INFO - Filling up the DagBag from /home/airflow/.local/lib/python3.12/site-packages/airflow/example_dags/example_external_task_marker_dag.py
[2026-06-13T16:57:06.083+0000] {processor.py:925} INFO - DAG(s) 'example_external_task_marker_parent', 'example_external_task_marker_child' retrieved from /home/airflow/.local/lib/python3.12/site-packages/airflow/example_dags/example_external_task_marker_dag.py
[2026-06-13T16:57:06.108+0000] {logging_mixin.py:190} INFO - [2026-06-13T16:57:06.108+0000] {dag.py:3239} INFO - Sync 2 DAGs
[2026-06-13T16:57:06.126+0000] {logging_mixin.py:190} INFO - [2026-06-13T16:57:06.126+0000] {dag.py:4180} INFO - Setting next_dagrun for example_external_task_marker_child to None, run_after=None
[2026-06-13T16:57:06.134+0000] {logging_mixin.py:190} INFO - [2026-06-13T16:57:06.133+0000] {dag.py:4180} INFO - Setting next_dagrun for example_external_task_marker_parent to None, run_after=None
[2026-06-13T16:57:06.163+0000] {processor.py:208} INFO - Processing /home/airflow/.local/lib/python3.12/site-packages/airflow/example_dags/example_external_task_marker_dag.py took 0.103 seconds
[2026-06-13T16:57:37.464+0000] {processor.py:186} INFO - Started process (PID=843) to work on /home/airflow/.local/lib/python3.12/site-packages/airflow/example_dags/example_external_task_marker_dag.py
[2026-06-13T16:57:37.467+0000] {processor.py:914} INFO - Processing file /home/airflow/.local/lib/python3.12/site-packages/airflow/example_dags/example_external_task_marker_dag.py for tasks to queue
[2026-06-13T16:57:37.474+0000] {logging_mixin.py:190} INFO - [2026-06-13T16:57:37.473+0000] {dagbag.py:588} INFO - Filling up the DagBag from /home/airflow/.local/lib/python3.12/site-packages/airflow/example_dags/example_external_task_marker_dag.py
[2026-06-13T16:57:37.487+0000] {processor.py:925} INFO - DAG(s) 'example_external_task_marker_child', 'example_external_task_marker_parent' retrieved from /home/airflow/.local/lib/python3.12/site-packages/airflow/example_dags/example_external_task_marker_dag.py
[2026-06-13T16:57:37.533+0000] {logging_mixin.py:190} INFO - [2026-06-13T16:57:37.532+0000] {dag.py:3239} INFO - Sync 2 DAGs
[2026-06-13T16:57:37.557+0000] {logging_mixin.py:190} INFO - [2026-06-13T16:57:37.557+0000] {dag.py:4180} INFO - Setting next_dagrun for example_external_task_marker_child to None, run_after=None
[2026-06-13T16:57:37.564+0000] {logging_mixin.py:190} INFO - [2026-06-13T16:57:37.564+0000] {dag.py:4180} INFO - Setting next_dagrun for example_external_task_marker_parent to None, run_after=None
[2026-06-13T16:57:37.595+0000] {processor.py:208} INFO - Processing /home/airflow/.local/lib/python3.12/site-packages/airflow/example_dags/example_external_task_marker_dag.py took 0.141 seconds
[2026-06-13T16:58:08.599+0000] {processor.py:186} INFO - Started process (PID=905) to work on /home/airflow/.local/lib/python3.12/site-packages/airflow/example_dags/example_external_task_marker_dag.py
[2026-06-13T16:58:08.601+0000] {processor.py:914} INFO - Processing file /home/airflow/.local/lib/python3.12/site-packages/airflow/example_dags/example_external_task_marker_dag.py for tasks to queue
[2026-06-13T16:58:08.605+0000] {logging_mixin.py:190} INFO - [2026-06-13T16:58:08.605+0000] {dagbag.py:588} INFO - Filling up the DagBag from /home/airflow/.local/lib/python3.12/site-packages/airflow/example_dags/example_external_task_marker_dag.py
[2026-06-13T16:58:08.619+0000] {processor.py:925} INFO - DAG(s) 'example_external_task_marker_parent', 'example_external_task_marker_child' retrieved from /home/airflow/.local/lib/python3.12/site-packages/airflow/example_dags/example_external_task_marker_dag.py
[2026-06-13T16:58:08.655+0000] {logging_mixin.py:190} INFO - [2026-06-13T16:58:08.655+0000] {dag.py:3239} INFO - Sync 2 DAGs
[2026-06-13T16:58:08.677+0000] {logging_mixin.py:190} INFO - [2026-06-13T16:58:08.677+0000] {dag.py:4180} INFO - Setting next_dagrun for example_external_task_marker_child to None, run_after=None
[2026-06-13T16:58:08.683+0000] {logging_mixin.py:190} INFO - [2026-06-13T16:58:08.682+0000] {dag.py:4180} INFO - Setting next_dagrun for example_external_task_marker_parent to None, run_after=None
[2026-06-13T16:58:08.709+0000] {processor.py:208} INFO - Processing /home/airflow/.local/lib/python3.12/site-packages/airflow/example_dags/example_external_task_marker_dag.py took 0.120 seconds
[2026-06-13T16:58:39.130+0000] {processor.py:186} INFO - Started process (PID=967) to work on /home/airflow/.local/lib/python3.12/site-packages/airflow/example_dags/example_external_task_marker_dag.py
[2026-06-13T16:58:39.132+0000] {processor.py:914} INFO - Processing file /home/airflow/.local/lib/python3.12/site-packages/airflow/example_dags/example_external_task_marker_dag.py for tasks to queue
[2026-06-13T16:58:39.137+0000] {logging_mixin.py:190} INFO - [2026-06-13T16:58:39.136+0000] {dagbag.py:588} INFO - Filling up the DagBag from /home/airflow/.local/lib/python3.12/site-packages/airflow/example_dags/example_external_task_marker_dag.py
[2026-06-13T16:58:39.152+0000] {processor.py:925} INFO - DAG(s) 'example_external_task_marker_parent', 'example_external_task_marker_child' retrieved from /home/airflow/.local/lib/python3.12/site-packages/airflow/example_dags/example_external_task_marker_dag.py
[2026-06-13T16:58:39.196+0000] {logging_mixin.py:190} INFO - [2026-06-13T16:58:39.195+0000] {dag.py:3239} INFO - Sync 2 DAGs
[2026-06-13T16:58:39.227+0000] {logging_mixin.py:190} INFO - [2026-06-13T16:58:39.226+0000] {dag.py:4180} INFO - Setting next_dagrun for example_external_task_marker_child to None, run_after=None
[2026-06-13T16:58:39.235+0000] {logging_mixin.py:190} INFO - [2026-06-13T16:58:39.234+0000] {dag.py:4180} INFO - Setting next_dagrun for example_external_task_marker_parent to None, run_after=None
[2026-06-13T16:58:39.266+0000] {processor.py:208} INFO - Processing /home/airflow/.local/lib/python3.12/site-packages/airflow/example_dags/example_external_task_marker_dag.py took 0.147 seconds
[2026-06-13T16:59:10.200+0000] {processor.py:186} INFO - Started process (PID=1029) to work on /home/airflow/.local/lib/python3.12/site-packages/airflow/example_dags/example_external_task_marker_dag.py
[2026-06-13T16:59:10.202+0000] {processor.py:914} INFO - Processing file /home/airflow/.local/lib/python3.12/site-packages/airflow/example_dags/example_external_task_marker_dag.py for tasks to queue
[2026-06-13T16:59:10.208+0000] {logging_mixin.py:190} INFO - [2026-06-13T16:59:10.207+0000] {dagbag.py:588} INFO - Filling up the DagBag from /home/airflow/.local/lib/python3.12/site-packages/airflow/example_dags/example_external_task_marker_dag.py
[2026-06-13T16:59:10.222+0000] {processor.py:925} INFO - DAG(s) 'example_external_task_marker_parent', 'example_external_task_marker_child' retrieved from /home/airflow/.local/lib/python3.12/site-packages/airflow/example_dags/example_external_task_marker_dag.py
[2026-06-13T16:59:10.261+0000] {logging_mixin.py:190} INFO - [2026-06-13T16:59:10.261+0000] {dag.py:3239} INFO - Sync 2 DAGs
[2026-06-13T16:59:10.287+0000] {logging_mixin.py:190} INFO - [2026-06-13T16:59:10.286+0000] {dag.py:4180} INFO - Setting next_dagrun for example_external_task_marker_child to None, run_after=None
[2026-06-13T16:59:10.293+0000] {logging_mixin.py:190} INFO - [2026-06-13T16:59:10.293+0000] {dag.py:4180} INFO - Setting next_dagrun for example_external_task_marker_parent to None, run_after=None
[2026-06-13T16:59:10.321+0000] {processor.py:208} INFO - Processing /home/airflow/.local/lib/python3.12/site-packages/airflow/example_dags/example_external_task_marker_dag.py took 0.133 seconds
[2026-06-13T16:59:40.767+0000] {processor.py:186} INFO - Started process (PID=1091) to work on /home/airflow/.local/lib/python3.12/site-packages/airflow/example_dags/example_external_task_marker_dag.py
[2026-06-13T16:59:40.769+0000] {processor.py:914} INFO - Processing file /home/airflow/.local/lib/python3.12/site-packages/airflow/example_dags/example_external_task_marker_dag.py for tasks to queue
[2026-06-13T16:59:40.774+0000] {logging_mixin.py:190} INFO - [2026-06-13T16:59:40.774+0000] {dagbag.py:588} INFO - Filling up the DagBag from /home/airflow/.local/lib/python3.12/site-packages/airflow/example_dags/example_external_task_marker_dag.py
[2026-06-13T16:59:40.789+0000] {processor.py:925} INFO - DAG(s) 'example_external_task_marker_parent', 'example_external_task_marker_child' retrieved from /home/airflow/.local/lib/python3.12/site-packages/airflow/example_dags/example_external_task_marker_dag.py
[2026-06-13T16:59:40.826+0000] {logging_mixin.py:190} INFO - [2026-06-13T16:59:40.826+0000] {dag.py:3239} INFO - Sync 2 DAGs
[2026-06-13T16:59:40.845+0000] {logging_mixin.py:190} INFO - [2026-06-13T16:59:40.845+0000] {dag.py:4180} INFO - Setting next_dagrun for example_external_task_marker_child to None, run_after=None
[2026-06-13T16:59:40.853+0000] {logging_mixin.py:190} INFO - [2026-06-13T16:59:40.852+0000] {dag.py:4180} INFO - Setting next_dagrun for example_external_task_marker_parent to None, run_after=None
[2026-06-13T16:59:40.891+0000] {processor.py:208} INFO - Processing /home/airflow/.local/lib/python3.12/site-packages/airflow/example_dags/example_external_task_marker_dag.py took 0.134 seconds
[2026-06-13T17:00:11.233+0000] {processor.py:186} INFO - Started process (PID=1153) to work on /home/airflow/.local/lib/python3.12/site-packages/airflow/example_dags/example_external_task_marker_dag.py
[2026-06-13T17:00:11.235+0000] {processor.py:914} INFO - Processing file /home/airflow/.local/lib/python3.12/site-packages/airflow/example_dags/example_external_task_marker_dag.py for tasks to queue
[2026-06-13T17:00:11.239+0000] {logging_mixin.py:190} INFO - [2026-06-13T17:00:11.238+0000] {dagbag.py:588} INFO - Filling up the DagBag from /home/airflow/.local/lib/python3.12/site-packages/airflow/example_dags/example_external_task_marker_dag.py
[2026-06-13T17:00:11.251+0000] {processor.py:925} INFO - DAG(s) 'example_external_task_marker_parent', 'example_external_task_marker_child' retrieved from /home/airflow/.local/lib/python3.12/site-packages/airflow/example_dags/example_external_task_marker_dag.py
[2026-06-13T17:00:11.286+0000] {logging_mixin.py:190} INFO - [2026-06-13T17:00:11.285+0000] {dag.py:3239} INFO - Sync 2 DAGs
[2026-06-13T17:00:11.307+0000] {logging_mixin.py:190} INFO - [2026-06-13T17:00:11.306+0000] {dag.py:4180} INFO - Setting next_dagrun for example_external_task_marker_child to None, run_after=None
[2026-06-13T17:00:11.314+0000] {logging_mixin.py:190} INFO - [2026-06-13T17:00:11.313+0000] {dag.py:4180} INFO - Setting next_dagrun for example_external_task_marker_parent to None, run_after=None
[2026-06-13T17:00:11.342+0000] {processor.py:208} INFO - Processing /home/airflow/.local/lib/python3.12/site-packages/airflow/example_dags/example_external_task_marker_dag.py took 0.120 seconds
[2026-06-13T17:00:41.590+0000] {processor.py:186} INFO - Started process (PID=1215) to work on /home/airflow/.local/lib/python3.12/site-packages/airflow/example_dags/example_external_task_marker_dag.py
[2026-06-13T17:00:41.592+0000] {processor.py:914} INFO - Processing file /home/airflow/.local/lib/python3.12/site-packages/airflow/example_dags/example_external_task_marker_dag.py for tasks to queue
[2026-06-13T17:00:41.596+0000] {logging_mixin.py:190} INFO - [2026-06-13T17:00:41.595+0000] {dagbag.py:588} INFO - Filling up the DagBag from /home/airflow/.local/lib/python3.12/site-packages/airflow/example_dags/example_external_task_marker_dag.py
[2026-06-13T17:00:41.608+0000] {processor.py:925} INFO - DAG(s) 'example_external_task_marker_child', 'example_external_task_marker_parent' retrieved from /home/airflow/.local/lib/python3.12/site-packages/airflow/example_dags/example_external_task_marker_dag.py
[2026-06-13T17:00:41.644+0000] {logging_mixin.py:190} INFO - [2026-06-13T17:00:41.644+0000] {dag.py:3239} INFO - Sync 2 DAGs
[2026-06-13T17:00:41.671+0000] {logging_mixin.py:190} INFO - [2026-06-13T17:00:41.671+0000] {dag.py:4180} INFO - Setting next_dagrun for example_external_task_marker_child to None, run_after=None
[2026-06-13T17:00:41.677+0000] {logging_mixin.py:190} INFO - [2026-06-13T17:00:41.677+0000] {dag.py:4180} INFO - Setting next_dagrun for example_external_task_marker_parent to None, run_after=None
[2026-06-13T17:00:41.704+0000] {processor.py:208} INFO - Processing /home/airflow/.local/lib/python3.12/site-packages/airflow/example_dags/example_external_task_marker_dag.py took 0.122 seconds
[2026-06-13T17:01:11.767+0000] {processor.py:186} INFO - Started process (PID=1276) to work on /home/airflow/.local/lib/python3.12/site-packages/airflow/example_dags/example_external_task_marker_dag.py
[2026-06-13T17:01:11.769+0000] {processor.py:914} INFO - Processing file /home/airflow/.local/lib/python3.12/site-packages/airflow/example_dags/example_external_task_marker_dag.py for tasks to queue
[2026-06-13T17:01:11.772+0000] {logging_mixin.py:190} INFO - [2026-06-13T17:01:11.772+0000] {dagbag.py:588} INFO - Filling up the DagBag from /home/airflow/.local/lib/python3.12/site-packages/airflow/example_dags/example_external_task_marker_dag.py
[2026-06-13T17:01:11.783+0000] {processor.py:925} INFO - DAG(s) 'example_external_task_marker_child', 'example_external_task_marker_parent' retrieved from /home/airflow/.local/lib/python3.12/site-packages/airflow/example_dags/example_external_task_marker_dag.py
[2026-06-13T17:01:11.820+0000] {logging_mixin.py:190} INFO - [2026-06-13T17:01:11.819+0000] {dag.py:3239} INFO - Sync 2 DAGs
[2026-06-13T17:01:11.849+0000] {logging_mixin.py:190} INFO - [2026-06-13T17:01:11.849+0000] {dag.py:4180} INFO - Setting next_dagrun for example_external_task_marker_child to None, run_after=None
[2026-06-13T17:01:11.857+0000] {logging_mixin.py:190} INFO - [2026-06-13T17:01:11.856+0000] {dag.py:4180} INFO - Setting next_dagrun for example_external_task_marker_parent to None, run_after=None
[2026-06-13T17:01:11.889+0000] {processor.py:208} INFO - Processing /home/airflow/.local/lib/python3.12/site-packages/airflow/example_dags/example_external_task_marker_dag.py took 0.130 seconds
[2026-06-13T17:01:42.149+0000] {processor.py:186} INFO - Started process (PID=1338) to work on /home/airflow/.local/lib/python3.12/site-packages/airflow/example_dags/example_external_task_marker_dag.py
[2026-06-13T17:01:42.151+0000] {processor.py:914} INFO - Processing file /home/airflow/.local/lib/python3.12/site-packages/airflow/example_dags/example_external_task_marker_dag.py for tasks to queue
[2026-06-13T17:01:42.155+0000] {logging_mixin.py:190} INFO - [2026-06-13T17:01:42.155+0000] {dagbag.py:588} INFO - Filling up the DagBag from /home/airflow/.local/lib/python3.12/site-packages/airflow/example_dags/example_external_task_marker_dag.py
[2026-06-13T17:01:42.170+0000] {processor.py:925} INFO - DAG(s) 'example_external_task_marker_child', 'example_external_task_marker_parent' retrieved from /home/airflow/.local/lib/python3.12/site-packages/airflow/example_dags/example_external_task_marker_dag.py
[2026-06-13T17:01:42.206+0000] {logging_mixin.py:190} INFO - [2026-06-13T17:01:42.205+0000] {dag.py:3239} INFO - Sync 2 DAGs
[2026-06-13T17:01:42.230+0000] {logging_mixin.py:190} INFO - [2026-06-13T17:01:42.229+0000] {dag.py:4180} INFO - Setting next_dagrun for example_external_task_marker_child to None, run_after=None
[2026-06-13T17:01:42.236+0000] {logging_mixin.py:190} INFO - [2026-06-13T17:01:42.236+0000] {dag.py:4180} INFO - Setting next_dagrun for example_external_task_marker_parent to None, run_after=None
[2026-06-13T17:01:42.264+0000] {processor.py:208} INFO - Processing /home/airflow/.local/lib/python3.12/site-packages/airflow/example_dags/example_external_task_marker_dag.py took 0.123 seconds
[2026-06-13T17:02:12.359+0000] {processor.py:186} INFO - Started process (PID=1400) to work on /home/airflow/.local/lib/python3.12/site-packages/airflow/example_dags/example_external_task_marker_dag.py
[2026-06-13T17:02:12.361+0000] {processor.py:914} INFO - Processing file /home/airflow/.local/lib/python3.12/site-packages/airflow/example_dags/example_external_task_marker_dag.py for tasks to queue
[2026-06-13T17:02:12.365+0000] {logging_mixin.py:190} INFO - [2026-06-13T17:02:12.365+0000] {dagbag.py:588} INFO - Filling up the DagBag from /home/airflow/.local/lib/python3.12/site-packages/airflow/example_dags/example_external_task_marker_dag.py
[2026-06-13T17:02:12.378+0000] {processor.py:925} INFO - DAG(s) 'example_external_task_marker_child', 'example_external_task_marker_parent' retrieved from /home/airflow/.local/lib/python3.12/site-packages/airflow/example_dags/example_external_task_marker_dag.py
[2026-06-13T17:02:12.415+0000] {logging_mixin.py:190} INFO - [2026-06-13T17:02:12.415+0000] {dag.py:3239} INFO - Sync 2 DAGs
[2026-06-13T17:02:12.438+0000] {logging_mixin.py:190} INFO - [2026-06-13T17:02:12.438+0000] {dag.py:4180} INFO - Setting next_dagrun for example_external_task_marker_child to None, run_after=None
[2026-06-13T17:02:12.444+0000] {logging_mixin.py:190} INFO - [2026-06-13T17:02:12.444+0000] {dag.py:4180} INFO - Setting next_dagrun for example_external_task_marker_parent to None, run_after=None
[2026-06-13T17:02:12.468+0000] {processor.py:208} INFO - Processing /home/airflow/.local/lib/python3.12/site-packages/airflow/example_dags/example_external_task_marker_dag.py took 0.118 seconds
[2026-06-13T17:02:43.189+0000] {processor.py:186} INFO - Started process (PID=1462) to work on /home/airflow/.local/lib/python3.12/site-packages/airflow/example_dags/example_external_task_marker_dag.py
[2026-06-13T17:02:43.191+0000] {processor.py:914} INFO - Processing file /home/airflow/.local/lib/python3.12/site-packages/airflow/example_dags/example_external_task_marker_dag.py for tasks to queue
[2026-06-13T17:02:43.195+0000] {logging_mixin.py:190} INFO - [2026-06-13T17:02:43.195+0000] {dagbag.py:588} INFO - Filling up the DagBag from /home/airflow/.local/lib/python3.12/site-packages/airflow/example_dags/example_external_task_marker_dag.py
[2026-06-13T17:02:43.206+0000] {processor.py:925} INFO - DAG(s) 'example_external_task_marker_parent', 'example_external_task_marker_child' retrieved from /home/airflow/.local/lib/python3.12/site-packages/airflow/example_dags/example_external_task_marker_dag.py
[2026-06-13T17:02:43.246+0000] {logging_mixin.py:190} INFO - [2026-06-13T17:02:43.246+0000] {dag.py:3239} INFO - Sync 2 DAGs
[2026-06-13T17:02:43.266+0000] {logging_mixin.py:190} INFO - [2026-06-13T17:02:43.266+0000] {dag.py:4180} INFO - Setting next_dagrun for example_external_task_marker_child to None, run_after=None
[2026-06-13T17:02:43.272+0000] {logging_mixin.py:190} INFO - [2026-06-13T17:02:43.272+0000] {dag.py:4180} INFO - Setting next_dagrun for example_external_task_marker_parent to None, run_after=None
[2026-06-13T17:02:43.296+0000] {processor.py:208} INFO - Processing /home/airflow/.local/lib/python3.12/site-packages/airflow/example_dags/example_external_task_marker_dag.py took 0.116 seconds
[2026-06-13T17:03:13.554+0000] {processor.py:186} INFO - Started process (PID=1524) to work on /home/airflow/.local/lib/python3.12/site-packages/airflow/example_dags/example_external_task_marker_dag.py
[2026-06-13T17:03:13.556+0000] {processor.py:914} INFO - Processing file /home/airflow/.local/lib/python3.12/site-packages/airflow/example_dags/example_external_task_marker_dag.py for tasks to queue
[2026-06-13T17:03:13.561+0000] {logging_mixin.py:190} INFO - [2026-06-13T17:03:13.560+0000] {dagbag.py:588} INFO - Filling up the DagBag from /home/airflow/.local/lib/python3.12/site-packages/airflow/example_dags/example_external_task_marker_dag.py
[2026-06-13T17:03:13.574+0000] {processor.py:925} INFO - DAG(s) 'example_external_task_marker_child', 'example_external_task_marker_parent' retrieved from /home/airflow/.local/lib/python3.12/site-packages/airflow/example_dags/example_external_task_marker_dag.py
[2026-06-13T17:03:13.605+0000] {logging_mixin.py:190} INFO - [2026-06-13T17:03:13.605+0000] {dag.py:3239} INFO - Sync 2 DAGs
[2026-06-13T17:03:13.626+0000] {logging_mixin.py:190} INFO - [2026-06-13T17:03:13.626+0000] {dag.py:4180} INFO - Setting next_dagrun for example_external_task_marker_child to None, run_after=None
[2026-06-13T17:03:13.632+0000] {logging_mixin.py:190} INFO - [2026-06-13T17:03:13.631+0000] {dag.py:4180} INFO - Setting next_dagrun for example_external_task_marker_parent to None, run_after=None
[2026-06-13T17:03:13.653+0000] {processor.py:208} INFO - Processing /home/airflow/.local/lib/python3.12/site-packages/airflow/example_dags/example_external_task_marker_dag.py took 0.108 seconds
[2026-06-13T17:03:43.950+0000] {processor.py:186} INFO - Started process (PID=1586) to work on /home/airflow/.local/lib/python3.12/site-packages/airflow/example_dags/example_external_task_marker_dag.py
[2026-06-13T17:03:43.952+0000] {processor.py:914} INFO - Processing file /home/airflow/.local/lib/python3.12/site-packages/airflow/example_dags/example_external_task_marker_dag.py for tasks to queue
[2026-06-13T17:03:43.956+0000] {logging_mixin.py:190} INFO - [2026-06-13T17:03:43.956+0000] {dagbag.py:588} INFO - Filling up the DagBag from /home/airflow/.local/lib/python3.12/site-packages/airflow/example_dags/example_external_task_marker_dag.py
[2026-06-13T17:03:43.970+0000] {processor.py:925} INFO - DAG(s) 'example_external_task_marker_child', 'example_external_task_marker_parent' retrieved from /home/airflow/.local/lib/python3.12/site-packages/airflow/example_dags/example_external_task_marker_dag.py
[2026-06-13T17:03:44.002+0000] {logging_mixin.py:190} INFO - [2026-06-13T17:03:44.001+0000] {dag.py:3239} INFO - Sync 2 DAGs
[2026-06-13T17:03:44.022+0000] {logging_mixin.py:190} INFO - [2026-06-13T17:03:44.022+0000] {dag.py:4180} INFO - Setting next_dagrun for example_external_task_marker_child to None, run_after=None
[2026-06-13T17:03:44.028+0000] {logging_mixin.py:190} INFO - [2026-06-13T17:03:44.028+0000] {dag.py:4180} INFO - Setting next_dagrun for example_external_task_marker_parent to None, run_after=None
[2026-06-13T17:03:44.052+0000] {processor.py:208} INFO - Processing /home/airflow/.local/lib/python3.12/site-packages/airflow/example_dags/example_external_task_marker_dag.py took 0.109 seconds
[2026-06-13T17:04:14.927+0000] {processor.py:186} INFO - Started process (PID=1648) to work on /home/airflow/.local/lib/python3.12/site-packages/airflow/example_dags/example_external_task_marker_dag.py
[2026-06-13T17:04:14.930+0000] {processor.py:914} INFO - Processing file /home/airflow/.local/lib/python3.12/site-packages/airflow/example_dags/example_external_task_marker_dag.py for tasks to queue
[2026-06-13T17:04:14.936+0000] {logging_mixin.py:190} INFO - [2026-06-13T17:04:14.935+0000] {dagbag.py:588} INFO - Filling up the DagBag from /home/airflow/.local/lib/python3.12/site-packages/airflow/example_dags/example_external_task_marker_dag.py
[2026-06-13T17:04:14.952+0000] {processor.py:925} INFO - DAG(s) 'example_external_task_marker_child', 'example_external_task_marker_parent' retrieved from /home/airflow/.local/lib/python3.12/site-packages/airflow/example_dags/example_external_task_marker_dag.py
[2026-06-13T17:04:14.999+0000] {logging_mixin.py:190} INFO - [2026-06-13T17:04:14.999+0000] {dag.py:3239} INFO - Sync 2 DAGs
[2026-06-13T17:04:15.025+0000] {logging_mixin.py:190} INFO - [2026-06-13T17:04:15.024+0000] {dag.py:4180} INFO - Setting next_dagrun for example_external_task_marker_child to None, run_after=None
[2026-06-13T17:04:15.033+0000] {logging_mixin.py:190} INFO - [2026-06-13T17:04:15.032+0000] {dag.py:4180} INFO - Setting next_dagrun for example_external_task_marker_parent to None, run_after=None
[2026-06-13T17:04:15.069+0000] {processor.py:208} INFO - Processing /home/airflow/.local/lib/python3.12/site-packages/airflow/example_dags/example_external_task_marker_dag.py took 0.151 seconds
[2026-06-13T17:04:45.284+0000] {processor.py:186} INFO - Started process (PID=1710) to work on /home/airflow/.local/lib/python3.12/site-packages/airflow/example_dags/example_external_task_marker_dag.py
[2026-06-13T17:04:45.286+0000] {processor.py:914} INFO - Processing file /home/airflow/.local/lib/python3.12/site-packages/airflow/example_dags/example_external_task_marker_dag.py for tasks to queue
[2026-06-13T17:04:45.291+0000] {logging_mixin.py:190} INFO - [2026-06-13T17:04:45.291+0000] {dagbag.py:588} INFO - Filling up the DagBag from /home/airflow/.local/lib/python3.12/site-packages/airflow/example_dags/example_external_task_marker_dag.py
[2026-06-13T17:04:45.307+0000] {processor.py:925} INFO - DAG(s) 'example_external_task_marker_child', 'example_external_task_marker_parent' retrieved from /home/airflow/.local/lib/python3.12/site-packages/airflow/example_dags/example_external_task_marker_dag.py
[2026-06-13T17:04:45.345+0000] {logging_mixin.py:190} INFO - [2026-06-13T17:04:45.344+0000] {dag.py:3239} INFO - Sync 2 DAGs
[2026-06-13T17:04:45.365+0000] {logging_mixin.py:190} INFO - [2026-06-13T17:04:45.365+0000] {dag.py:4180} INFO - Setting next_dagrun for example_external_task_marker_child to None, run_after=None
[2026-06-13T17:04:45.371+0000] {logging_mixin.py:190} INFO - [2026-06-13T17:04:45.371+0000] {dag.py:4180} INFO - Setting next_dagrun for example_external_task_marker_parent to None, run_after=None
[2026-06-13T17:04:45.399+0000] {processor.py:208} INFO - Processing /home/airflow/.local/lib/python3.12/site-packages/airflow/example_dags/example_external_task_marker_dag.py took 0.126 seconds
[2026-06-13T17:05:15.794+0000] {processor.py:186} INFO - Started process (PID=1772) to work on /home/airflow/.local/lib/python3.12/site-packages/airflow/example_dags/example_external_task_marker_dag.py
[2026-06-13T17:05:15.795+0000] {processor.py:914} INFO - Processing file /home/airflow/.local/lib/python3.12/site-packages/airflow/example_dags/example_external_task_marker_dag.py for tasks to queue
[2026-06-13T17:05:15.799+0000] {logging_mixin.py:190} INFO - [2026-06-13T17:05:15.798+0000] {dagbag.py:588} INFO - Filling up the DagBag from /home/airflow/.local/lib/python3.12/site-packages/airflow/example_dags/example_external_task_marker_dag.py
[2026-06-13T17:05:15.811+0000] {processor.py:925} INFO - DAG(s) 'example_external_task_marker_child', 'example_external_task_marker_parent' retrieved from /home/airflow/.local/lib/python3.12/site-packages/airflow/example_dags/example_external_task_marker_dag.py
[2026-06-13T17:05:15.841+0000] {logging_mixin.py:190} INFO - [2026-06-13T17:05:15.841+0000] {dag.py:3239} INFO - Sync 2 DAGs
[2026-06-13T17:05:15.860+0000] {logging_mixin.py:190} INFO - [2026-06-13T17:05:15.859+0000] {dag.py:4180} INFO - Setting next_dagrun for example_external_task_marker_child to None, run_after=None
[2026-06-13T17:05:15.865+0000] {logging_mixin.py:190} INFO - [2026-06-13T17:05:15.865+0000] {dag.py:4180} INFO - Setting next_dagrun for example_external_task_marker_parent to None, run_after=None
[2026-06-13T17:05:15.888+0000] {processor.py:208} INFO - Processing /home/airflow/.local/lib/python3.12/site-packages/airflow/example_dags/example_external_task_marker_dag.py took 0.102 seconds
[2026-06-13T17:05:46.067+0000] {processor.py:186} INFO - Started process (PID=1834) to work on /home/airflow/.local/lib/python3.12/site-packages/airflow/example_dags/example_external_task_marker_dag.py
[2026-06-13T17:05:46.069+0000] {processor.py:914} INFO - Processing file /home/airflow/.local/lib/python3.12/site-packages/airflow/example_dags/example_external_task_marker_dag.py for tasks to queue
[2026-06-13T17:05:46.075+0000] {logging_mixin.py:190} INFO - [2026-06-13T17:05:46.074+0000] {dagbag.py:588} INFO - Filling up the DagBag from /home/airflow/.local/lib/python3.12/site-packages/airflow/example_dags/example_external_task_marker_dag.py
[2026-06-13T17:05:46.088+0000] {processor.py:925} INFO - DAG(s) 'example_external_task_marker_parent', 'example_external_task_marker_child' retrieved from /home/airflow/.local/lib/python3.12/site-packages/airflow/example_dags/example_external_task_marker_dag.py
[2026-06-13T17:05:46.119+0000] {logging_mixin.py:190} INFO - [2026-06-13T17:05:46.119+0000] {dag.py:3239} INFO - Sync 2 DAGs
[2026-06-13T17:05:46.137+0000] {logging_mixin.py:190} INFO - [2026-06-13T17:05:46.136+0000] {dag.py:4180} INFO - Setting next_dagrun for example_external_task_marker_child to None, run_after=None
[2026-06-13T17:05:46.142+0000] {logging_mixin.py:190} INFO - [2026-06-13T17:05:46.141+0000] {dag.py:4180} INFO - Setting next_dagrun for example_external_task_marker_parent to None, run_after=None
[2026-06-13T17:05:46.176+0000] {processor.py:208} INFO - Processing /home/airflow/.local/lib/python3.12/site-packages/airflow/example_dags/example_external_task_marker_dag.py took 0.117 seconds
[2026-06-13T17:06:16.297+0000] {processor.py:186} INFO - Started process (PID=1896) to work on /home/airflow/.local/lib/python3.12/site-packages/airflow/example_dags/example_external_task_marker_dag.py
[2026-06-13T17:06:16.299+0000] {processor.py:914} INFO - Processing file /home/airflow/.local/lib/python3.12/site-packages/airflow/example_dags/example_external_task_marker_dag.py for tasks to queue
[2026-06-13T17:06:16.302+0000] {logging_mixin.py:190} INFO - [2026-06-13T17:06:16.302+0000] {dagbag.py:588} INFO - Filling up the DagBag from /home/airflow/.local/lib/python3.12/site-packages/airflow/example_dags/example_external_task_marker_dag.py
[2026-06-13T17:06:16.313+0000] {processor.py:925} INFO - DAG(s) 'example_external_task_marker_child', 'example_external_task_marker_parent' retrieved from /home/airflow/.local/lib/python3.12/site-packages/airflow/example_dags/example_external_task_marker_dag.py
[2026-06-13T17:06:16.342+0000] {logging_mixin.py:190} INFO - [2026-06-13T17:06:16.342+0000] {dag.py:3239} INFO - Sync 2 DAGs
[2026-06-13T17:06:16.362+0000] {logging_mixin.py:190} INFO - [2026-06-13T17:06:16.362+0000] {dag.py:4180} INFO - Setting next_dagrun for example_external_task_marker_child to None, run_after=None
[2026-06-13T17:06:16.368+0000] {logging_mixin.py:190} INFO - [2026-06-13T17:06:16.367+0000] {dag.py:4180} INFO - Setting next_dagrun for example_external_task_marker_parent to None, run_after=None
[2026-06-13T17:06:16.406+0000] {processor.py:208} INFO - Processing /home/airflow/.local/lib/python3.12/site-packages/airflow/example_dags/example_external_task_marker_dag.py took 0.117 seconds
[2026-06-13T17:06:46.720+0000] {processor.py:186} INFO - Started process (PID=1959) to work on /home/airflow/.local/lib/python3.12/site-packages/airflow/example_dags/example_external_task_marker_dag.py
[2026-06-13T17:06:46.722+0000] {processor.py:914} INFO - Processing file /home/airflow/.local/lib/python3.12/site-packages/airflow/example_dags/example_external_task_marker_dag.py for tasks to queue
[2026-06-13T17:06:46.727+0000] {logging_mixin.py:190} INFO - [2026-06-13T17:06:46.726+0000] {dagbag.py:588} INFO - Filling up the DagBag from /home/airflow/.local/lib/python3.12/site-packages/airflow/example_dags/example_external_task_marker_dag.py
[2026-06-13T17:06:46.739+0000] {processor.py:925} INFO - DAG(s) 'example_external_task_marker_child', 'example_external_task_marker_parent' retrieved from /home/airflow/.local/lib/python3.12/site-packages/airflow/example_dags/example_external_task_marker_dag.py
[2026-06-13T17:06:46.772+0000] {logging_mixin.py:190} INFO - [2026-06-13T17:06:46.772+0000] {dag.py:3239} INFO - Sync 2 DAGs
[2026-06-13T17:06:46.790+0000] {logging_mixin.py:190} INFO - [2026-06-13T17:06:46.790+0000] {dag.py:4180} INFO - Setting next_dagrun for example_external_task_marker_child to None, run_after=None
[2026-06-13T17:06:46.796+0000] {logging_mixin.py:190} INFO - [2026-06-13T17:06:46.795+0000] {dag.py:4180} INFO - Setting next_dagrun for example_external_task_marker_parent to None, run_after=None
[2026-06-13T17:06:46.831+0000] {processor.py:208} INFO - Processing /home/airflow/.local/lib/python3.12/site-packages/airflow/example_dags/example_external_task_marker_dag.py took 0.122 seconds
[2026-06-13T17:07:17.053+0000] {processor.py:186} INFO - Started process (PID=2021) to work on /home/airflow/.local/lib/python3.12/site-packages/airflow/example_dags/example_external_task_marker_dag.py
[2026-06-13T17:07:17.054+0000] {processor.py:914} INFO - Processing file /home/airflow/.local/lib/python3.12/site-packages/airflow/example_dags/example_external_task_marker_dag.py for tasks to queue
[2026-06-13T17:07:17.058+0000] {logging_mixin.py:190} INFO - [2026-06-13T17:07:17.057+0000] {dagbag.py:588} INFO - Filling up the DagBag from /home/airflow/.local/lib/python3.12/site-packages/airflow/example_dags/example_external_task_marker_dag.py
[2026-06-13T17:07:17.066+0000] {processor.py:925} INFO - DAG(s) 'example_external_task_marker_parent', 'example_external_task_marker_child' retrieved from /home/airflow/.local/lib/python3.12/site-packages/airflow/example_dags/example_external_task_marker_dag.py
[2026-06-13T17:07:17.087+0000] {logging_mixin.py:190} INFO - [2026-06-13T17:07:17.087+0000] {dag.py:3239} INFO - Sync 2 DAGs
[2026-06-13T17:07:17.103+0000] {logging_mixin.py:190} INFO - [2026-06-13T17:07:17.103+0000] {dag.py:4180} INFO - Setting next_dagrun for example_external_task_marker_child to None, run_after=None
[2026-06-13T17:07:17.107+0000] {logging_mixin.py:190} INFO - [2026-06-13T17:07:17.107+0000] {dag.py:4180} INFO - Setting next_dagrun for example_external_task_marker_parent to None, run_after=None
[2026-06-13T17:07:17.123+0000] {processor.py:208} INFO - Processing /home/airflow/.local/lib/python3.12/site-packages/airflow/example_dags/example_external_task_marker_dag.py took 0.077 seconds
[2026-06-13T17:07:47.525+0000] {processor.py:186} INFO - Started process (PID=2083) to work on /home/airflow/.local/lib/python3.12/site-packages/airflow/example_dags/example_external_task_marker_dag.py
[2026-06-13T17:07:47.527+0000] {processor.py:914} INFO - Processing file /home/airflow/.local/lib/python3.12/site-packages/airflow/example_dags/example_external_task_marker_dag.py for tasks to queue
[2026-06-13T17:07:47.530+0000] {logging_mixin.py:190} INFO - [2026-06-13T17:07:47.529+0000] {dagbag.py:588} INFO - Filling up the DagBag from /home/airflow/.local/lib/python3.12/site-packages/airflow/example_dags/example_external_task_marker_dag.py
[2026-06-13T17:07:47.539+0000] {processor.py:925} INFO - DAG(s) 'example_external_task_marker_parent', 'example_external_task_marker_child' retrieved from /home/airflow/.local/lib/python3.12/site-packages/airflow/example_dags/example_external_task_marker_dag.py
[2026-06-13T17:07:47.563+0000] {logging_mixin.py:190} INFO - [2026-06-13T17:07:47.563+0000] {dag.py:3239} INFO - Sync 2 DAGs
[2026-06-13T17:07:47.577+0000] {logging_mixin.py:190} INFO - [2026-06-13T17:07:47.577+0000] {dag.py:4180} INFO - Setting next_dagrun for example_external_task_marker_child to None, run_after=None
[2026-06-13T17:07:47.582+0000] {logging_mixin.py:190} INFO - [2026-06-13T17:07:47.581+0000] {dag.py:4180} INFO - Setting next_dagrun for example_external_task_marker_parent to None, run_after=None
[2026-06-13T17:07:47.602+0000] {processor.py:208} INFO - Processing /home/airflow/.local/lib/python3.12/site-packages/airflow/example_dags/example_external_task_marker_dag.py took 0.084 seconds
[2026-06-13T17:08:17.712+0000] {processor.py:186} INFO - Started process (PID=2145) to work on /home/airflow/.local/lib/python3.12/site-packages/airflow/example_dags/example_external_task_marker_dag.py
[2026-06-13T17:08:17.713+0000] {processor.py:914} INFO - Processing file /home/airflow/.local/lib/python3.12/site-packages/airflow/example_dags/example_external_task_marker_dag.py for tasks to queue
[2026-06-13T17:08:17.715+0000] {logging_mixin.py:190} INFO - [2026-06-13T17:08:17.715+0000] {dagbag.py:588} INFO - Filling up the DagBag from /home/airflow/.local/lib/python3.12/site-packages/airflow/example_dags/example_external_task_marker_dag.py
[2026-06-13T17:08:17.723+0000] {processor.py:925} INFO - DAG(s) 'example_external_task_marker_child', 'example_external_task_marker_parent' retrieved from /home/airflow/.local/lib/python3.12/site-packages/airflow/example_dags/example_external_task_marker_dag.py
[2026-06-13T17:08:17.743+0000] {logging_mixin.py:190} INFO - [2026-06-13T17:08:17.743+0000] {dag.py:3239} INFO - Sync 2 DAGs
[2026-06-13T17:08:17.755+0000] {logging_mixin.py:190} INFO - [2026-06-13T17:08:17.755+0000] {dag.py:4180} INFO - Setting next_dagrun for example_external_task_marker_child to None, run_after=None
[2026-06-13T17:08:17.759+0000] {logging_mixin.py:190} INFO - [2026-06-13T17:08:17.759+0000] {dag.py:4180} INFO - Setting next_dagrun for example_external_task_marker_parent to None, run_after=None
[2026-06-13T17:08:17.777+0000] {processor.py:208} INFO - Processing /home/airflow/.local/lib/python3.12/site-packages/airflow/example_dags/example_external_task_marker_dag.py took 0.069 seconds
[2026-06-13T17:08:47.835+0000] {processor.py:186} INFO - Started process (PID=2207) to work on /home/airflow/.local/lib/python3.12/site-packages/airflow/example_dags/example_external_task_marker_dag.py
[2026-06-13T17:08:47.836+0000] {processor.py:914} INFO - Processing file /home/airflow/.local/lib/python3.12/site-packages/airflow/example_dags/example_external_task_marker_dag.py for tasks to queue
[2026-06-13T17:08:47.840+0000] {logging_mixin.py:190} INFO - [2026-06-13T17:08:47.839+0000] {dagbag.py:588} INFO - Filling up the DagBag from /home/airflow/.local/lib/python3.12/site-packages/airflow/example_dags/example_external_task_marker_dag.py
[2026-06-13T17:08:47.849+0000] {processor.py:925} INFO - DAG(s) 'example_external_task_marker_parent', 'example_external_task_marker_child' retrieved from /home/airflow/.local/lib/python3.12/site-packages/airflow/example_dags/example_external_task_marker_dag.py
[2026-06-13T17:08:47.870+0000] {logging_mixin.py:190} INFO - [2026-06-13T17:08:47.870+0000] {dag.py:3239} INFO - Sync 2 DAGs
[2026-06-13T17:08:47.882+0000] {logging_mixin.py:190} INFO - [2026-06-13T17:08:47.882+0000] {dag.py:4180} INFO - Setting next_dagrun for example_external_task_marker_child to None, run_after=None
[2026-06-13T17:08:47.886+0000] {logging_mixin.py:190} INFO - [2026-06-13T17:08:47.885+0000] {dag.py:4180} INFO - Setting next_dagrun for example_external_task_marker_parent to None, run_after=None
[2026-06-13T17:08:47.901+0000] {processor.py:208} INFO - Processing /home/airflow/.local/lib/python3.12/site-packages/airflow/example_dags/example_external_task_marker_dag.py took 0.073 seconds
[2026-06-13T17:09:18.207+0000] {processor.py:186} INFO - Started process (PID=2269) to work on /home/airflow/.local/lib/python3.12/site-packages/airflow/example_dags/example_external_task_marker_dag.py
[2026-06-13T17:09:18.208+0000] {processor.py:914} INFO - Processing file /home/airflow/.local/lib/python3.12/site-packages/airflow/example_dags/example_external_task_marker_dag.py for tasks to queue
[2026-06-13T17:09:18.211+0000] {logging_mixin.py:190} INFO - [2026-06-13T17:09:18.210+0000] {dagbag.py:588} INFO - Filling up the DagBag from /home/airflow/.local/lib/python3.12/site-packages/airflow/example_dags/example_external_task_marker_dag.py
[2026-06-13T17:09:18.217+0000] {processor.py:925} INFO - DAG(s) 'example_external_task_marker_parent', 'example_external_task_marker_child' retrieved from /home/airflow/.local/lib/python3.12/site-packages/airflow/example_dags/example_external_task_marker_dag.py
[2026-06-13T17:09:18.238+0000] {logging_mixin.py:190} INFO - [2026-06-13T17:09:18.238+0000] {dag.py:3239} INFO - Sync 2 DAGs
[2026-06-13T17:09:18.252+0000] {logging_mixin.py:190} INFO - [2026-06-13T17:09:18.252+0000] {dag.py:4180} INFO - Setting next_dagrun for example_external_task_marker_child to None, run_after=None
[2026-06-13T17:09:18.256+0000] {logging_mixin.py:190} INFO - [2026-06-13T17:09:18.256+0000] {dag.py:4180} INFO - Setting next_dagrun for example_external_task_marker_parent to None, run_after=None
[2026-06-13T17:09:18.272+0000] {processor.py:208} INFO - Processing /home/airflow/.local/lib/python3.12/site-packages/airflow/example_dags/example_external_task_marker_dag.py took 0.069 seconds
[2026-06-13T17:09:49.090+0000] {processor.py:186} INFO - Started process (PID=2331) to work on /home/airflow/.local/lib/python3.12/site-packages/airflow/example_dags/example_external_task_marker_dag.py
[2026-06-13T17:09:49.091+0000] {processor.py:914} INFO - Processing file /home/airflow/.local/lib/python3.12/site-packages/airflow/example_dags/example_external_task_marker_dag.py for tasks to queue
[2026-06-13T17:09:49.096+0000] {logging_mixin.py:190} INFO - [2026-06-13T17:09:49.095+0000] {dagbag.py:588} INFO - Filling up the DagBag from /home/airflow/.local/lib/python3.12/site-packages/airflow/example_dags/example_external_task_marker_dag.py
[2026-06-13T17:09:49.107+0000] {processor.py:925} INFO - DAG(s) 'example_external_task_marker_child', 'example_external_task_marker_parent' retrieved from /home/airflow/.local/lib/python3.12/site-packages/airflow/example_dags/example_external_task_marker_dag.py
[2026-06-13T17:09:49.138+0000] {logging_mixin.py:190} INFO - [2026-06-13T17:09:49.137+0000] {dag.py:3239} INFO - Sync 2 DAGs
[2026-06-13T17:09:49.154+0000] {logging_mixin.py:190} INFO - [2026-06-13T17:09:49.154+0000] {dag.py:4180} INFO - Setting next_dagrun for example_external_task_marker_child to None, run_after=None
[2026-06-13T17:09:49.160+0000] {logging_mixin.py:190} INFO - [2026-06-13T17:09:49.160+0000] {dag.py:4180} INFO - Setting next_dagrun for example_external_task_marker_parent to None, run_after=None
[2026-06-13T17:09:49.186+0000] {processor.py:208} INFO - Processing /home/airflow/.local/lib/python3.12/site-packages/airflow/example_dags/example_external_task_marker_dag.py took 0.105 seconds
[2026-06-13T17:10:19.280+0000] {processor.py:186} INFO - Started process (PID=2393) to work on /home/airflow/.local/lib/python3.12/site-packages/airflow/example_dags/example_external_task_marker_dag.py
[2026-06-13T17:10:19.282+0000] {processor.py:914} INFO - Processing file /home/airflow/.local/lib/python3.12/site-packages/airflow/example_dags/example_external_task_marker_dag.py for tasks to queue
[2026-06-13T17:10:19.284+0000] {logging_mixin.py:190} INFO - [2026-06-13T17:10:19.283+0000] {dagbag.py:588} INFO - Filling up the DagBag from /home/airflow/.local/lib/python3.12/site-packages/airflow/example_dags/example_external_task_marker_dag.py
[2026-06-13T17:10:19.291+0000] {processor.py:925} INFO - DAG(s) 'example_external_task_marker_child', 'example_external_task_marker_parent' retrieved from /home/airflow/.local/lib/python3.12/site-packages/airflow/example_dags/example_external_task_marker_dag.py
[2026-06-13T17:10:19.310+0000] {logging_mixin.py:190} INFO - [2026-06-13T17:10:19.310+0000] {dag.py:3239} INFO - Sync 2 DAGs
[2026-06-13T17:10:19.321+0000] {logging_mixin.py:190} INFO - [2026-06-13T17:10:19.321+0000] {dag.py:4180} INFO - Setting next_dagrun for example_external_task_marker_child to None, run_after=None
[2026-06-13T17:10:19.324+0000] {logging_mixin.py:190} INFO - [2026-06-13T17:10:19.324+0000] {dag.py:4180} INFO - Setting next_dagrun for example_external_task_marker_parent to None, run_after=None
[2026-06-13T17:10:19.347+0000] {processor.py:208} INFO - Processing /home/airflow/.local/lib/python3.12/site-packages/airflow/example_dags/example_external_task_marker_dag.py took 0.072 seconds
[2026-06-13T17:10:49.417+0000] {processor.py:186} INFO - Started process (PID=2455) to work on /home/airflow/.local/lib/python3.12/site-packages/airflow/example_dags/example_external_task_marker_dag.py
[2026-06-13T17:10:49.419+0000] {processor.py:914} INFO - Processing file /home/airflow/.local/lib/python3.12/site-packages/airflow/example_dags/example_external_task_marker_dag.py for tasks to queue
[2026-06-13T17:10:49.421+0000] {logging_mixin.py:190} INFO - [2026-06-13T17:10:49.420+0000] {dagbag.py:588} INFO - Filling up the DagBag from /home/airflow/.local/lib/python3.12/site-packages/airflow/example_dags/example_external_task_marker_dag.py
[2026-06-13T17:10:49.428+0000] {processor.py:925} INFO - DAG(s) 'example_external_task_marker_parent', 'example_external_task_marker_child' retrieved from /home/airflow/.local/lib/python3.12/site-packages/airflow/example_dags/example_external_task_marker_dag.py
[2026-06-13T17:10:49.451+0000] {logging_mixin.py:190} INFO - [2026-06-13T17:10:49.451+0000] {dag.py:3239} INFO - Sync 2 DAGs
[2026-06-13T17:10:49.467+0000] {logging_mixin.py:190} INFO - [2026-06-13T17:10:49.467+0000] {dag.py:4180} INFO - Setting next_dagrun for example_external_task_marker_child to None, run_after=None
[2026-06-13T17:10:49.471+0000] {logging_mixin.py:190} INFO - [2026-06-13T17:10:49.471+0000] {dag.py:4180} INFO - Setting next_dagrun for example_external_task_marker_parent to None, run_after=None
[2026-06-13T17:10:49.495+0000] {processor.py:208} INFO - Processing /home/airflow/.local/lib/python3.12/site-packages/airflow/example_dags/example_external_task_marker_dag.py took 0.084 seconds
[2026-06-13T17:11:19.569+0000] {processor.py:186} INFO - Started process (PID=2517) to work on /home/airflow/.local/lib/python3.12/site-packages/airflow/example_dags/example_external_task_marker_dag.py
[2026-06-13T17:11:19.570+0000] {processor.py:914} INFO - Processing file /home/airflow/.local/lib/python3.12/site-packages/airflow/example_dags/example_external_task_marker_dag.py for tasks to queue
[2026-06-13T17:11:19.572+0000] {logging_mixin.py:190} INFO - [2026-06-13T17:11:19.572+0000] {dagbag.py:588} INFO - Filling up the DagBag from /home/airflow/.local/lib/python3.12/site-packages/airflow/example_dags/example_external_task_marker_dag.py
[2026-06-13T17:11:19.580+0000] {processor.py:925} INFO - DAG(s) 'example_external_task_marker_parent', 'example_external_task_marker_child' retrieved from /home/airflow/.local/lib/python3.12/site-packages/airflow/example_dags/example_external_task_marker_dag.py
[2026-06-13T17:11:19.600+0000] {logging_mixin.py:190} INFO - [2026-06-13T17:11:19.600+0000] {dag.py:3239} INFO - Sync 2 DAGs
[2026-06-13T17:11:19.613+0000] {logging_mixin.py:190} INFO - [2026-06-13T17:11:19.612+0000] {dag.py:4180} INFO - Setting next_dagrun for example_external_task_marker_child to None, run_after=None
[2026-06-13T17:11:19.616+0000] {logging_mixin.py:190} INFO - [2026-06-13T17:11:19.616+0000] {dag.py:4180} INFO - Setting next_dagrun for example_external_task_marker_parent to None, run_after=None
[2026-06-13T17:11:19.631+0000] {processor.py:208} INFO - Processing /home/airflow/.local/lib/python3.12/site-packages/airflow/example_dags/example_external_task_marker_dag.py took 0.067 seconds
[2026-06-13T17:11:50.267+0000] {processor.py:186} INFO - Started process (PID=2579) to work on /home/airflow/.local/lib/python3.12/site-packages/airflow/example_dags/example_external_task_marker_dag.py
[2026-06-13T17:11:50.268+0000] {processor.py:914} INFO - Processing file /home/airflow/.local/lib/python3.12/site-packages/airflow/example_dags/example_external_task_marker_dag.py for tasks to queue
[2026-06-13T17:11:50.271+0000] {logging_mixin.py:190} INFO - [2026-06-13T17:11:50.270+0000] {dagbag.py:588} INFO - Filling up the DagBag from /home/airflow/.local/lib/python3.12/site-packages/airflow/example_dags/example_external_task_marker_dag.py
[2026-06-13T17:11:50.278+0000] {processor.py:925} INFO - DAG(s) 'example_external_task_marker_parent', 'example_external_task_marker_child' retrieved from /home/airflow/.local/lib/python3.12/site-packages/airflow/example_dags/example_external_task_marker_dag.py
[2026-06-13T17:11:50.298+0000] {logging_mixin.py:190} INFO - [2026-06-13T17:11:50.297+0000] {dag.py:3239} INFO - Sync 2 DAGs
[2026-06-13T17:11:50.309+0000] {logging_mixin.py:190} INFO - [2026-06-13T17:11:50.309+0000] {dag.py:4180} INFO - Setting next_dagrun for example_external_task_marker_child to None, run_after=None
[2026-06-13T17:11:50.313+0000] {logging_mixin.py:190} INFO - [2026-06-13T17:11:50.312+0000] {dag.py:4180} INFO - Setting next_dagrun for example_external_task_marker_parent to None, run_after=None
[2026-06-13T17:11:50.330+0000] {processor.py:208} INFO - Processing /home/airflow/.local/lib/python3.12/site-packages/airflow/example_dags/example_external_task_marker_dag.py took 0.068 seconds
[2026-06-13T17:12:21.283+0000] {processor.py:186} INFO - Started process (PID=2641) to work on /home/airflow/.local/lib/python3.12/site-packages/airflow/example_dags/example_external_task_marker_dag.py
[2026-06-13T17:12:21.285+0000] {processor.py:914} INFO - Processing file /home/airflow/.local/lib/python3.12/site-packages/airflow/example_dags/example_external_task_marker_dag.py for tasks to queue
[2026-06-13T17:12:21.287+0000] {logging_mixin.py:190} INFO - [2026-06-13T17:12:21.287+0000] {dagbag.py:588} INFO - Filling up the DagBag from /home/airflow/.local/lib/python3.12/site-packages/airflow/example_dags/example_external_task_marker_dag.py
[2026-06-13T17:12:21.294+0000] {processor.py:925} INFO - DAG(s) 'example_external_task_marker_child', 'example_external_task_marker_parent' retrieved from /home/airflow/.local/lib/python3.12/site-packages/airflow/example_dags/example_external_task_marker_dag.py
[2026-06-13T17:12:21.312+0000] {logging_mixin.py:190} INFO - [2026-06-13T17:12:21.312+0000] {dag.py:3239} INFO - Sync 2 DAGs
[2026-06-13T17:12:21.323+0000] {logging_mixin.py:190} INFO - [2026-06-13T17:12:21.323+0000] {dag.py:4180} INFO - Setting next_dagrun for example_external_task_marker_child to None, run_after=None
[2026-06-13T17:12:21.327+0000] {logging_mixin.py:190} INFO - [2026-06-13T17:12:21.326+0000] {dag.py:4180} INFO - Setting next_dagrun for example_external_task_marker_parent to None, run_after=None
[2026-06-13T17:12:21.341+0000] {processor.py:208} INFO - Processing /home/airflow/.local/lib/python3.12/site-packages/airflow/example_dags/example_external_task_marker_dag.py took 0.063 seconds
[2026-06-13T17:12:52.071+0000] {processor.py:186} INFO - Started process (PID=2703) to work on /home/airflow/.local/lib/python3.12/site-packages/airflow/example_dags/example_external_task_marker_dag.py
[2026-06-13T17:12:52.073+0000] {processor.py:914} INFO - Processing file /home/airflow/.local/lib/python3.12/site-packages/airflow/example_dags/example_external_task_marker_dag.py for tasks to queue
[2026-06-13T17:12:52.076+0000] {logging_mixin.py:190} INFO - [2026-06-13T17:12:52.075+0000] {dagbag.py:588} INFO - Filling up the DagBag from /home/airflow/.local/lib/python3.12/site-packages/airflow/example_dags/example_external_task_marker_dag.py
[2026-06-13T17:12:52.082+0000] {processor.py:925} INFO - DAG(s) 'example_external_task_marker_child', 'example_external_task_marker_parent' retrieved from /home/airflow/.local/lib/python3.12/site-packages/airflow/example_dags/example_external_task_marker_dag.py
[2026-06-13T17:12:52.100+0000] {logging_mixin.py:190} INFO - [2026-06-13T17:12:52.100+0000] {dag.py:3239} INFO - Sync 2 DAGs
[2026-06-13T17:12:52.110+0000] {logging_mixin.py:190} INFO - [2026-06-13T17:12:52.110+0000] {dag.py:4180} INFO - Setting next_dagrun for example_external_task_marker_child to None, run_after=None
[2026-06-13T17:12:52.113+0000] {logging_mixin.py:190} INFO - [2026-06-13T17:12:52.113+0000] {dag.py:4180} INFO - Setting next_dagrun for example_external_task_marker_parent to None, run_after=None
[2026-06-13T17:12:52.126+0000] {processor.py:208} INFO - Processing /home/airflow/.local/lib/python3.12/site-packages/airflow/example_dags/example_external_task_marker_dag.py took 0.060 seconds
[2026-06-13T17:13:22.518+0000] {processor.py:186} INFO - Started process (PID=2765) to work on /home/airflow/.local/lib/python3.12/site-packages/airflow/example_dags/example_external_task_marker_dag.py
[2026-06-13T17:13:22.519+0000] {processor.py:914} INFO - Processing file /home/airflow/.local/lib/python3.12/site-packages/airflow/example_dags/example_external_task_marker_dag.py for tasks to queue
[2026-06-13T17:13:22.522+0000] {logging_mixin.py:190} INFO - [2026-06-13T17:13:22.521+0000] {dagbag.py:588} INFO - Filling up the DagBag from /home/airflow/.local/lib/python3.12/site-packages/airflow/example_dags/example_external_task_marker_dag.py
[2026-06-13T17:13:22.528+0000] {processor.py:925} INFO - DAG(s) 'example_external_task_marker_parent', 'example_external_task_marker_child' retrieved from /home/airflow/.local/lib/python3.12/site-packages/airflow/example_dags/example_external_task_marker_dag.py
[2026-06-13T17:13:22.545+0000] {logging_mixin.py:190} INFO - [2026-06-13T17:13:22.545+0000] {dag.py:3239} INFO - Sync 2 DAGs
[2026-06-13T17:13:22.555+0000] {logging_mixin.py:190} INFO - [2026-06-13T17:13:22.555+0000] {dag.py:4180} INFO - Setting next_dagrun for example_external_task_marker_child to None, run_after=None
[2026-06-13T17:13:22.558+0000] {logging_mixin.py:190} INFO - [2026-06-13T17:13:22.558+0000] {dag.py:4180} INFO - Setting next_dagrun for example_external_task_marker_parent to None, run_after=None
[2026-06-13T17:13:22.574+0000] {processor.py:208} INFO - Processing /home/airflow/.local/lib/python3.12/site-packages/airflow/example_dags/example_external_task_marker_dag.py took 0.061 seconds
[2026-06-13T17:13:52.860+0000] {processor.py:186} INFO - Started process (PID=2827) to work on /home/airflow/.local/lib/python3.12/site-packages/airflow/example_dags/example_external_task_marker_dag.py
[2026-06-13T17:13:52.862+0000] {processor.py:914} INFO - Processing file /home/airflow/.local/lib/python3.12/site-packages/airflow/example_dags/example_external_task_marker_dag.py for tasks to queue
[2026-06-13T17:13:52.864+0000] {logging_mixin.py:190} INFO - [2026-06-13T17:13:52.864+0000] {dagbag.py:588} INFO - Filling up the DagBag from /home/airflow/.local/lib/python3.12/site-packages/airflow/example_dags/example_external_task_marker_dag.py
[2026-06-13T17:13:52.870+0000] {processor.py:925} INFO - DAG(s) 'example_external_task_marker_child', 'example_external_task_marker_parent' retrieved from /home/airflow/.local/lib/python3.12/site-packages/airflow/example_dags/example_external_task_marker_dag.py
[2026-06-13T17:13:52.887+0000] {logging_mixin.py:190} INFO - [2026-06-13T17:13:52.887+0000] {dag.py:3239} INFO - Sync 2 DAGs
[2026-06-13T17:13:52.898+0000] {logging_mixin.py:190} INFO - [2026-06-13T17:13:52.898+0000] {dag.py:4180} INFO - Setting next_dagrun for example_external_task_marker_child to None, run_after=None
[2026-06-13T17:13:52.901+0000] {logging_mixin.py:190} INFO - [2026-06-13T17:13:52.901+0000] {dag.py:4180} INFO - Setting next_dagrun for example_external_task_marker_parent to None, run_after=None
[2026-06-13T17:13:52.914+0000] {processor.py:208} INFO - Processing /home/airflow/.local/lib/python3.12/site-packages/airflow/example_dags/example_external_task_marker_dag.py took 0.058 seconds
[2026-06-13T17:14:23.593+0000] {processor.py:186} INFO - Started process (PID=2889) to work on /home/airflow/.local/lib/python3.12/site-packages/airflow/example_dags/example_external_task_marker_dag.py
[2026-06-13T17:14:23.595+0000] {processor.py:914} INFO - Processing file /home/airflow/.local/lib/python3.12/site-packages/airflow/example_dags/example_external_task_marker_dag.py for tasks to queue
[2026-06-13T17:14:23.597+0000] {logging_mixin.py:190} INFO - [2026-06-13T17:14:23.597+0000] {dagbag.py:588} INFO - Filling up the DagBag from /home/airflow/.local/lib/python3.12/site-packages/airflow/example_dags/example_external_task_marker_dag.py
[2026-06-13T17:14:23.604+0000] {processor.py:925} INFO - DAG(s) 'example_external_task_marker_child', 'example_external_task_marker_parent' retrieved from /home/airflow/.local/lib/python3.12/site-packages/airflow/example_dags/example_external_task_marker_dag.py
[2026-06-13T17:14:23.624+0000] {logging_mixin.py:190} INFO - [2026-06-13T17:14:23.624+0000] {dag.py:3239} INFO - Sync 2 DAGs
[2026-06-13T17:14:23.635+0000] {logging_mixin.py:190} INFO - [2026-06-13T17:14:23.635+0000] {dag.py:4180} INFO - Setting next_dagrun for example_external_task_marker_child to None, run_after=None
[2026-06-13T17:14:23.638+0000] {logging_mixin.py:190} INFO - [2026-06-13T17:14:23.638+0000] {dag.py:4180} INFO - Setting next_dagrun for example_external_task_marker_parent to None, run_after=None
[2026-06-13T17:14:23.651+0000] {processor.py:208} INFO - Processing /home/airflow/.local/lib/python3.12/site-packages/airflow/example_dags/example_external_task_marker_dag.py took 0.063 seconds
[2026-06-13T17:14:53.889+0000] {processor.py:186} INFO - Started process (PID=2951) to work on /home/airflow/.local/lib/python3.12/site-packages/airflow/example_dags/example_external_task_marker_dag.py
[2026-06-13T17:14:53.891+0000] {processor.py:914} INFO - Processing file /home/airflow/.local/lib/python3.12/site-packages/airflow/example_dags/example_external_task_marker_dag.py for tasks to queue
[2026-06-13T17:14:53.893+0000] {logging_mixin.py:190} INFO - [2026-06-13T17:14:53.893+0000] {dagbag.py:588} INFO - Filling up the DagBag from /home/airflow/.local/lib/python3.12/site-packages/airflow/example_dags/example_external_task_marker_dag.py
[2026-06-13T17:14:53.900+0000] {processor.py:925} INFO - DAG(s) 'example_external_task_marker_parent', 'example_external_task_marker_child' retrieved from /home/airflow/.local/lib/python3.12/site-packages/airflow/example_dags/example_external_task_marker_dag.py
[2026-06-13T17:14:53.920+0000] {logging_mixin.py:190} INFO - [2026-06-13T17:14:53.920+0000] {dag.py:3239} INFO - Sync 2 DAGs
[2026-06-13T17:14:53.932+0000] {logging_mixin.py:190} INFO - [2026-06-13T17:14:53.932+0000] {dag.py:4180} INFO - Setting next_dagrun for example_external_task_marker_child to None, run_after=None
[2026-06-13T17:14:53.935+0000] {logging_mixin.py:190} INFO - [2026-06-13T17:14:53.935+0000] {dag.py:4180} INFO - Setting next_dagrun for example_external_task_marker_parent to None, run_after=None
[2026-06-13T17:14:53.952+0000] {processor.py:208} INFO - Processing /home/airflow/.local/lib/python3.12/site-packages/airflow/example_dags/example_external_task_marker_dag.py took 0.068 seconds
[2026-06-13T17:15:24.342+0000] {processor.py:186} INFO - Started process (PID=3013) to work on /home/airflow/.local/lib/python3.12/site-packages/airflow/example_dags/example_external_task_marker_dag.py
[2026-06-13T17:15:24.344+0000] {processor.py:914} INFO - Processing file /home/airflow/.local/lib/python3.12/site-packages/airflow/example_dags/example_external_task_marker_dag.py for tasks to queue
[2026-06-13T17:15:24.346+0000] {logging_mixin.py:190} INFO - [2026-06-13T17:15:24.345+0000] {dagbag.py:588} INFO - Filling up the DagBag from /home/airflow/.local/lib/python3.12/site-packages/airflow/example_dags/example_external_task_marker_dag.py
[2026-06-13T17:15:24.353+0000] {processor.py:925} INFO - DAG(s) 'example_external_task_marker_parent', 'example_external_task_marker_child' retrieved from /home/airflow/.local/lib/python3.12/site-packages/airflow/example_dags/example_external_task_marker_dag.py
[2026-06-13T17:15:24.370+0000] {logging_mixin.py:190} INFO - [2026-06-13T17:15:24.370+0000] {dag.py:3239} INFO - Sync 2 DAGs
[2026-06-13T17:15:24.380+0000] {logging_mixin.py:190} INFO - [2026-06-13T17:15:24.380+0000] {dag.py:4180} INFO - Setting next_dagrun for example_external_task_marker_child to None, run_after=None
[2026-06-13T17:15:24.383+0000] {logging_mixin.py:190} INFO - [2026-06-13T17:15:24.383+0000] {dag.py:4180} INFO - Setting next_dagrun for example_external_task_marker_parent to None, run_after=None
[2026-06-13T17:15:24.395+0000] {processor.py:208} INFO - Processing /home/airflow/.local/lib/python3.12/site-packages/airflow/example_dags/example_external_task_marker_dag.py took 0.058 seconds
[2026-06-13T17:15:54.669+0000] {processor.py:186} INFO - Started process (PID=3075) to work on /home/airflow/.local/lib/python3.12/site-packages/airflow/example_dags/example_external_task_marker_dag.py
[2026-06-13T17:15:54.670+0000] {processor.py:914} INFO - Processing file /home/airflow/.local/lib/python3.12/site-packages/airflow/example_dags/example_external_task_marker_dag.py for tasks to queue
[2026-06-13T17:15:54.672+0000] {logging_mixin.py:190} INFO - [2026-06-13T17:15:54.672+0000] {dagbag.py:588} INFO - Filling up the DagBag from /home/airflow/.local/lib/python3.12/site-packages/airflow/example_dags/example_external_task_marker_dag.py
[2026-06-13T17:15:54.679+0000] {processor.py:925} INFO - DAG(s) 'example_external_task_marker_child', 'example_external_task_marker_parent' retrieved from /home/airflow/.local/lib/python3.12/site-packages/airflow/example_dags/example_external_task_marker_dag.py
[2026-06-13T17:15:54.699+0000] {logging_mixin.py:190} INFO - [2026-06-13T17:15:54.698+0000] {dag.py:3239} INFO - Sync 2 DAGs
[2026-06-13T17:15:54.710+0000] {logging_mixin.py:190} INFO - [2026-06-13T17:15:54.710+0000] {dag.py:4180} INFO - Setting next_dagrun for example_external_task_marker_child to None, run_after=None
[2026-06-13T17:15:54.714+0000] {logging_mixin.py:190} INFO - [2026-06-13T17:15:54.713+0000] {dag.py:4180} INFO - Setting next_dagrun for example_external_task_marker_parent to None, run_after=None
[2026-06-13T17:15:54.728+0000] {processor.py:208} INFO - Processing /home/airflow/.local/lib/python3.12/site-packages/airflow/example_dags/example_external_task_marker_dag.py took 0.064 seconds
[2026-06-13T17:16:25.472+0000] {processor.py:186} INFO - Started process (PID=3137) to work on /home/airflow/.local/lib/python3.12/site-packages/airflow/example_dags/example_external_task_marker_dag.py
[2026-06-13T17:16:25.473+0000] {processor.py:914} INFO - Processing file /home/airflow/.local/lib/python3.12/site-packages/airflow/example_dags/example_external_task_marker_dag.py for tasks to queue
[2026-06-13T17:16:25.477+0000] {logging_mixin.py:190} INFO - [2026-06-13T17:16:25.476+0000] {dagbag.py:588} INFO - Filling up the DagBag from /home/airflow/.local/lib/python3.12/site-packages/airflow/example_dags/example_external_task_marker_dag.py
[2026-06-13T17:16:25.491+0000] {processor.py:925} INFO - DAG(s) 'example_external_task_marker_child', 'example_external_task_marker_parent' retrieved from /home/airflow/.local/lib/python3.12/site-packages/airflow/example_dags/example_external_task_marker_dag.py
[2026-06-13T17:16:25.521+0000] {logging_mixin.py:190} INFO - [2026-06-13T17:16:25.521+0000] {dag.py:3239} INFO - Sync 2 DAGs
[2026-06-13T17:16:25.538+0000] {logging_mixin.py:190} INFO - [2026-06-13T17:16:25.537+0000] {dag.py:4180} INFO - Setting next_dagrun for example_external_task_marker_child to None, run_after=None
[2026-06-13T17:16:25.542+0000] {logging_mixin.py:190} INFO - [2026-06-13T17:16:25.542+0000] {dag.py:4180} INFO - Setting next_dagrun for example_external_task_marker_parent to None, run_after=None
[2026-06-13T17:16:25.569+0000] {processor.py:208} INFO - Processing /home/airflow/.local/lib/python3.12/site-packages/airflow/example_dags/example_external_task_marker_dag.py took 0.107 seconds
[2026-06-13T17:16:55.866+0000] {processor.py:186} INFO - Started process (PID=3199) to work on /home/airflow/.local/lib/python3.12/site-packages/airflow/example_dags/example_external_task_marker_dag.py
[2026-06-13T17:16:55.867+0000] {processor.py:914} INFO - Processing file /home/airflow/.local/lib/python3.12/site-packages/airflow/example_dags/example_external_task_marker_dag.py for tasks to queue
[2026-06-13T17:16:55.869+0000] {logging_mixin.py:190} INFO - [2026-06-13T17:16:55.869+0000] {dagbag.py:588} INFO - Filling up the DagBag from /home/airflow/.local/lib/python3.12/site-packages/airflow/example_dags/example_external_task_marker_dag.py
[2026-06-13T17:16:55.876+0000] {processor.py:925} INFO - DAG(s) 'example_external_task_marker_child', 'example_external_task_marker_parent' retrieved from /home/airflow/.local/lib/python3.12/site-packages/airflow/example_dags/example_external_task_marker_dag.py
[2026-06-13T17:16:55.894+0000] {logging_mixin.py:190} INFO - [2026-06-13T17:16:55.893+0000] {dag.py:3239} INFO - Sync 2 DAGs
[2026-06-13T17:16:55.904+0000] {logging_mixin.py:190} INFO - [2026-06-13T17:16:55.903+0000] {dag.py:4180} INFO - Setting next_dagrun for example_external_task_marker_child to None, run_after=None
[2026-06-13T17:16:55.907+0000] {logging_mixin.py:190} INFO - [2026-06-13T17:16:55.907+0000] {dag.py:4180} INFO - Setting next_dagrun for example_external_task_marker_parent to None, run_after=None
[2026-06-13T17:16:55.923+0000] {processor.py:208} INFO - Processing /home/airflow/.local/lib/python3.12/site-packages/airflow/example_dags/example_external_task_marker_dag.py took 0.062 seconds
[2026-06-13T17:17:26.152+0000] {processor.py:186} INFO - Started process (PID=3261) to work on /home/airflow/.local/lib/python3.12/site-packages/airflow/example_dags/example_external_task_marker_dag.py
[2026-06-13T17:17:26.154+0000] {processor.py:914} INFO - Processing file /home/airflow/.local/lib/python3.12/site-packages/airflow/example_dags/example_external_task_marker_dag.py for tasks to queue
[2026-06-13T17:17:26.156+0000] {logging_mixin.py:190} INFO - [2026-06-13T17:17:26.156+0000] {dagbag.py:588} INFO - Filling up the DagBag from /home/airflow/.local/lib/python3.12/site-packages/airflow/example_dags/example_external_task_marker_dag.py
[2026-06-13T17:17:26.162+0000] {processor.py:925} INFO - DAG(s) 'example_external_task_marker_parent', 'example_external_task_marker_child' retrieved from /home/airflow/.local/lib/python3.12/site-packages/airflow/example_dags/example_external_task_marker_dag.py
[2026-06-13T17:17:26.180+0000] {logging_mixin.py:190} INFO - [2026-06-13T17:17:26.180+0000] {dag.py:3239} INFO - Sync 2 DAGs
[2026-06-13T17:17:26.193+0000] {logging_mixin.py:190} INFO - [2026-06-13T17:17:26.192+0000] {dag.py:4180} INFO - Setting next_dagrun for example_external_task_marker_child to None, run_after=None
[2026-06-13T17:17:26.196+0000] {logging_mixin.py:190} INFO - [2026-06-13T17:17:26.196+0000] {dag.py:4180} INFO - Setting next_dagrun for example_external_task_marker_parent to None, run_after=None
[2026-06-13T17:17:26.209+0000] {processor.py:208} INFO - Processing /home/airflow/.local/lib/python3.12/site-packages/airflow/example_dags/example_external_task_marker_dag.py took 0.061 seconds
[2026-06-13T17:17:56.528+0000] {processor.py:186} INFO - Started process (PID=3323) to work on /home/airflow/.local/lib/python3.12/site-packages/airflow/example_dags/example_external_task_marker_dag.py
[2026-06-13T17:17:56.529+0000] {processor.py:914} INFO - Processing file /home/airflow/.local/lib/python3.12/site-packages/airflow/example_dags/example_external_task_marker_dag.py for tasks to queue
[2026-06-13T17:17:56.532+0000] {logging_mixin.py:190} INFO - [2026-06-13T17:17:56.531+0000] {dagbag.py:588} INFO - Filling up the DagBag from /home/airflow/.local/lib/python3.12/site-packages/airflow/example_dags/example_external_task_marker_dag.py
[2026-06-13T17:17:56.538+0000] {processor.py:925} INFO - DAG(s) 'example_external_task_marker_parent', 'example_external_task_marker_child' retrieved from /home/airflow/.local/lib/python3.12/site-packages/airflow/example_dags/example_external_task_marker_dag.py
[2026-06-13T17:17:56.555+0000] {logging_mixin.py:190} INFO - [2026-06-13T17:17:56.555+0000] {dag.py:3239} INFO - Sync 2 DAGs
[2026-06-13T17:17:56.565+0000] {logging_mixin.py:190} INFO - [2026-06-13T17:17:56.565+0000] {dag.py:4180} INFO - Setting next_dagrun for example_external_task_marker_child to None, run_after=None
[2026-06-13T17:17:56.568+0000] {logging_mixin.py:190} INFO - [2026-06-13T17:17:56.568+0000] {dag.py:4180} INFO - Setting next_dagrun for example_external_task_marker_parent to None, run_after=None
[2026-06-13T17:17:56.581+0000] {processor.py:208} INFO - Processing /home/airflow/.local/lib/python3.12/site-packages/airflow/example_dags/example_external_task_marker_dag.py took 0.057 seconds
[2026-06-13T17:18:27.015+0000] {processor.py:186} INFO - Started process (PID=3385) to work on /home/airflow/.local/lib/python3.12/site-packages/airflow/example_dags/example_external_task_marker_dag.py
[2026-06-13T17:18:27.016+0000] {processor.py:914} INFO - Processing file /home/airflow/.local/lib/python3.12/site-packages/airflow/example_dags/example_external_task_marker_dag.py for tasks to queue
[2026-06-13T17:18:27.018+0000] {logging_mixin.py:190} INFO - [2026-06-13T17:18:27.018+0000] {dagbag.py:588} INFO - Filling up the DagBag from /home/airflow/.local/lib/python3.12/site-packages/airflow/example_dags/example_external_task_marker_dag.py
[2026-06-13T17:18:27.025+0000] {processor.py:925} INFO - DAG(s) 'example_external_task_marker_parent', 'example_external_task_marker_child' retrieved from /home/airflow/.local/lib/python3.12/site-packages/airflow/example_dags/example_external_task_marker_dag.py
[2026-06-13T17:18:27.042+0000] {logging_mixin.py:190} INFO - [2026-06-13T17:18:27.042+0000] {dag.py:3239} INFO - Sync 2 DAGs
[2026-06-13T17:18:27.052+0000] {logging_mixin.py:190} INFO - [2026-06-13T17:18:27.052+0000] {dag.py:4180} INFO - Setting next_dagrun for example_external_task_marker_child to None, run_after=None
[2026-06-13T17:18:27.056+0000] {logging_mixin.py:190} INFO - [2026-06-13T17:18:27.056+0000] {dag.py:4180} INFO - Setting next_dagrun for example_external_task_marker_parent to None, run_after=None
[2026-06-13T17:18:27.068+0000] {processor.py:208} INFO - Processing /home/airflow/.local/lib/python3.12/site-packages/airflow/example_dags/example_external_task_marker_dag.py took 0.058 seconds
[2026-06-13T17:18:57.669+0000] {processor.py:186} INFO - Started process (PID=3447) to work on /home/airflow/.local/lib/python3.12/site-packages/airflow/example_dags/example_external_task_marker_dag.py
[2026-06-13T17:18:57.670+0000] {processor.py:914} INFO - Processing file /home/airflow/.local/lib/python3.12/site-packages/airflow/example_dags/example_external_task_marker_dag.py for tasks to queue
[2026-06-13T17:18:57.672+0000] {logging_mixin.py:190} INFO - [2026-06-13T17:18:57.672+0000] {dagbag.py:588} INFO - Filling up the DagBag from /home/airflow/.local/lib/python3.12/site-packages/airflow/example_dags/example_external_task_marker_dag.py
[2026-06-13T17:18:57.680+0000] {processor.py:925} INFO - DAG(s) 'example_external_task_marker_child', 'example_external_task_marker_parent' retrieved from /home/airflow/.local/lib/python3.12/site-packages/airflow/example_dags/example_external_task_marker_dag.py
[2026-06-13T17:18:57.697+0000] {logging_mixin.py:190} INFO - [2026-06-13T17:18:57.697+0000] {dag.py:3239} INFO - Sync 2 DAGs
[2026-06-13T17:18:57.710+0000] {logging_mixin.py:190} INFO - [2026-06-13T17:18:57.709+0000] {dag.py:4180} INFO - Setting next_dagrun for example_external_task_marker_child to None, run_after=None
[2026-06-13T17:18:57.717+0000] {logging_mixin.py:190} INFO - [2026-06-13T17:18:57.716+0000] {dag.py:4180} INFO - Setting next_dagrun for example_external_task_marker_parent to None, run_after=None
[2026-06-13T17:18:57.740+0000] {processor.py:208} INFO - Processing /home/airflow/.local/lib/python3.12/site-packages/airflow/example_dags/example_external_task_marker_dag.py took 0.077 seconds
[2026-06-13T17:19:28.568+0000] {processor.py:186} INFO - Started process (PID=3509) to work on /home/airflow/.local/lib/python3.12/site-packages/airflow/example_dags/example_external_task_marker_dag.py
[2026-06-13T17:19:28.570+0000] {processor.py:914} INFO - Processing file /home/airflow/.local/lib/python3.12/site-packages/airflow/example_dags/example_external_task_marker_dag.py for tasks to queue
[2026-06-13T17:19:28.574+0000] {logging_mixin.py:190} INFO - [2026-06-13T17:19:28.573+0000] {dagbag.py:588} INFO - Filling up the DagBag from /home/airflow/.local/lib/python3.12/site-packages/airflow/example_dags/example_external_task_marker_dag.py
[2026-06-13T17:19:28.583+0000] {processor.py:925} INFO - DAG(s) 'example_external_task_marker_parent', 'example_external_task_marker_child' retrieved from /home/airflow/.local/lib/python3.12/site-packages/airflow/example_dags/example_external_task_marker_dag.py
[2026-06-13T17:19:28.609+0000] {logging_mixin.py:190} INFO - [2026-06-13T17:19:28.608+0000] {dag.py:3239} INFO - Sync 2 DAGs
[2026-06-13T17:19:28.620+0000] {logging_mixin.py:190} INFO - [2026-06-13T17:19:28.620+0000] {dag.py:4180} INFO - Setting next_dagrun for example_external_task_marker_child to None, run_after=None
[2026-06-13T17:19:28.623+0000] {logging_mixin.py:190} INFO - [2026-06-13T17:19:28.623+0000] {dag.py:4180} INFO - Setting next_dagrun for example_external_task_marker_parent to None, run_after=None
[2026-06-13T17:19:28.636+0000] {processor.py:208} INFO - Processing /home/airflow/.local/lib/python3.12/site-packages/airflow/example_dags/example_external_task_marker_dag.py took 0.075 seconds
[2026-06-13T17:19:59.258+0000] {processor.py:186} INFO - Started process (PID=3571) to work on /home/airflow/.local/lib/python3.12/site-packages/airflow/example_dags/example_external_task_marker_dag.py
[2026-06-13T17:19:59.259+0000] {processor.py:914} INFO - Processing file /home/airflow/.local/lib/python3.12/site-packages/airflow/example_dags/example_external_task_marker_dag.py for tasks to queue
[2026-06-13T17:19:59.262+0000] {logging_mixin.py:190} INFO - [2026-06-13T17:19:59.262+0000] {dagbag.py:588} INFO - Filling up the DagBag from /home/airflow/.local/lib/python3.12/site-packages/airflow/example_dags/example_external_task_marker_dag.py
[2026-06-13T17:19:59.269+0000] {processor.py:925} INFO - DAG(s) 'example_external_task_marker_child', 'example_external_task_marker_parent' retrieved from /home/airflow/.local/lib/python3.12/site-packages/airflow/example_dags/example_external_task_marker_dag.py
[2026-06-13T17:19:59.291+0000] {logging_mixin.py:190} INFO - [2026-06-13T17:19:59.291+0000] {dag.py:3239} INFO - Sync 2 DAGs
[2026-06-13T17:19:59.304+0000] {logging_mixin.py:190} INFO - [2026-06-13T17:19:59.303+0000] {dag.py:4180} INFO - Setting next_dagrun for example_external_task_marker_child to None, run_after=None
[2026-06-13T17:19:59.308+0000] {logging_mixin.py:190} INFO - [2026-06-13T17:19:59.307+0000] {dag.py:4180} INFO - Setting next_dagrun for example_external_task_marker_parent to None, run_after=None
[2026-06-13T17:19:59.321+0000] {processor.py:208} INFO - Processing /home/airflow/.local/lib/python3.12/site-packages/airflow/example_dags/example_external_task_marker_dag.py took 0.070 seconds
[2026-06-13T17:20:29.700+0000] {processor.py:186} INFO - Started process (PID=3633) to work on /home/airflow/.local/lib/python3.12/site-packages/airflow/example_dags/example_external_task_marker_dag.py
[2026-06-13T17:20:29.701+0000] {processor.py:914} INFO - Processing file /home/airflow/.local/lib/python3.12/site-packages/airflow/example_dags/example_external_task_marker_dag.py for tasks to queue
[2026-06-13T17:20:29.705+0000] {logging_mixin.py:190} INFO - [2026-06-13T17:20:29.704+0000] {dagbag.py:588} INFO - Filling up the DagBag from /home/airflow/.local/lib/python3.12/site-packages/airflow/example_dags/example_external_task_marker_dag.py
[2026-06-13T17:20:29.712+0000] {processor.py:925} INFO - DAG(s) 'example_external_task_marker_child', 'example_external_task_marker_parent' retrieved from /home/airflow/.local/lib/python3.12/site-packages/airflow/example_dags/example_external_task_marker_dag.py
[2026-06-13T17:20:29.737+0000] {logging_mixin.py:190} INFO - [2026-06-13T17:20:29.736+0000] {dag.py:3239} INFO - Sync 2 DAGs
[2026-06-13T17:20:29.753+0000] {logging_mixin.py:190} INFO - [2026-06-13T17:20:29.753+0000] {dag.py:4180} INFO - Setting next_dagrun for example_external_task_marker_child to None, run_after=None
[2026-06-13T17:20:29.759+0000] {logging_mixin.py:190} INFO - [2026-06-13T17:20:29.758+0000] {dag.py:4180} INFO - Setting next_dagrun for example_external_task_marker_parent to None, run_after=None
[2026-06-13T17:20:29.781+0000] {processor.py:208} INFO - Processing /home/airflow/.local/lib/python3.12/site-packages/airflow/example_dags/example_external_task_marker_dag.py took 0.087 seconds
[2026-06-13T17:21:00.126+0000] {processor.py:186} INFO - Started process (PID=3695) to work on /home/airflow/.local/lib/python3.12/site-packages/airflow/example_dags/example_external_task_marker_dag.py
[2026-06-13T17:21:00.127+0000] {processor.py:914} INFO - Processing file /home/airflow/.local/lib/python3.12/site-packages/airflow/example_dags/example_external_task_marker_dag.py for tasks to queue
[2026-06-13T17:21:00.130+0000] {logging_mixin.py:190} INFO - [2026-06-13T17:21:00.129+0000] {dagbag.py:588} INFO - Filling up the DagBag from /home/airflow/.local/lib/python3.12/site-packages/airflow/example_dags/example_external_task_marker_dag.py
[2026-06-13T17:21:00.138+0000] {processor.py:925} INFO - DAG(s) 'example_external_task_marker_child', 'example_external_task_marker_parent' retrieved from /home/airflow/.local/lib/python3.12/site-packages/airflow/example_dags/example_external_task_marker_dag.py
[2026-06-13T17:21:00.155+0000] {logging_mixin.py:190} INFO - [2026-06-13T17:21:00.155+0000] {dag.py:3239} INFO - Sync 2 DAGs
[2026-06-13T17:21:00.167+0000] {logging_mixin.py:190} INFO - [2026-06-13T17:21:00.167+0000] {dag.py:4180} INFO - Setting next_dagrun for example_external_task_marker_child to None, run_after=None
[2026-06-13T17:21:00.170+0000] {logging_mixin.py:190} INFO - [2026-06-13T17:21:00.170+0000] {dag.py:4180} INFO - Setting next_dagrun for example_external_task_marker_parent to None, run_after=None
[2026-06-13T17:21:00.184+0000] {processor.py:208} INFO - Processing /home/airflow/.local/lib/python3.12/site-packages/airflow/example_dags/example_external_task_marker_dag.py took 0.065 seconds
[2026-06-13T17:21:30.836+0000] {processor.py:186} INFO - Started process (PID=3757) to work on /home/airflow/.local/lib/python3.12/site-packages/airflow/example_dags/example_external_task_marker_dag.py
[2026-06-13T17:21:30.837+0000] {processor.py:914} INFO - Processing file /home/airflow/.local/lib/python3.12/site-packages/airflow/example_dags/example_external_task_marker_dag.py for tasks to queue
[2026-06-13T17:21:30.839+0000] {logging_mixin.py:190} INFO - [2026-06-13T17:21:30.839+0000] {dagbag.py:588} INFO - Filling up the DagBag from /home/airflow/.local/lib/python3.12/site-packages/airflow/example_dags/example_external_task_marker_dag.py
[2026-06-13T17:21:30.846+0000] {processor.py:925} INFO - DAG(s) 'example_external_task_marker_child', 'example_external_task_marker_parent' retrieved from /home/airflow/.local/lib/python3.12/site-packages/airflow/example_dags/example_external_task_marker_dag.py
[2026-06-13T17:21:30.862+0000] {logging_mixin.py:190} INFO - [2026-06-13T17:21:30.862+0000] {dag.py:3239} INFO - Sync 2 DAGs
[2026-06-13T17:21:30.873+0000] {logging_mixin.py:190} INFO - [2026-06-13T17:21:30.873+0000] {dag.py:4180} INFO - Setting next_dagrun for example_external_task_marker_child to None, run_after=None
[2026-06-13T17:21:30.876+0000] {logging_mixin.py:190} INFO - [2026-06-13T17:21:30.876+0000] {dag.py:4180} INFO - Setting next_dagrun for example_external_task_marker_parent to None, run_after=None
[2026-06-13T17:21:30.891+0000] {processor.py:208} INFO - Processing /home/airflow/.local/lib/python3.12/site-packages/airflow/example_dags/example_external_task_marker_dag.py took 0.060 seconds
[2026-06-13T17:22:01.142+0000] {processor.py:186} INFO - Started process (PID=3819) to work on /home/airflow/.local/lib/python3.12/site-packages/airflow/example_dags/example_external_task_marker_dag.py
[2026-06-13T17:22:01.143+0000] {processor.py:914} INFO - Processing file /home/airflow/.local/lib/python3.12/site-packages/airflow/example_dags/example_external_task_marker_dag.py for tasks to queue
[2026-06-13T17:22:01.146+0000] {logging_mixin.py:190} INFO - [2026-06-13T17:22:01.145+0000] {dagbag.py:588} INFO - Filling up the DagBag from /home/airflow/.local/lib/python3.12/site-packages/airflow/example_dags/example_external_task_marker_dag.py
[2026-06-13T17:22:01.152+0000] {processor.py:925} INFO - DAG(s) 'example_external_task_marker_child', 'example_external_task_marker_parent' retrieved from /home/airflow/.local/lib/python3.12/site-packages/airflow/example_dags/example_external_task_marker_dag.py
[2026-06-13T17:22:01.170+0000] {logging_mixin.py:190} INFO - [2026-06-13T17:22:01.170+0000] {dag.py:3239} INFO - Sync 2 DAGs
[2026-06-13T17:22:01.181+0000] {logging_mixin.py:190} INFO - [2026-06-13T17:22:01.181+0000] {dag.py:4180} INFO - Setting next_dagrun for example_external_task_marker_child to None, run_after=None
[2026-06-13T17:22:01.184+0000] {logging_mixin.py:190} INFO - [2026-06-13T17:22:01.184+0000] {dag.py:4180} INFO - Setting next_dagrun for example_external_task_marker_parent to None, run_after=None
[2026-06-13T17:22:01.196+0000] {processor.py:208} INFO - Processing /home/airflow/.local/lib/python3.12/site-packages/airflow/example_dags/example_external_task_marker_dag.py took 0.060 seconds
[2026-06-13T17:22:31.468+0000] {processor.py:186} INFO - Started process (PID=3881) to work on /home/airflow/.local/lib/python3.12/site-packages/airflow/example_dags/example_external_task_marker_dag.py
[2026-06-13T17:22:31.469+0000] {processor.py:914} INFO - Processing file /home/airflow/.local/lib/python3.12/site-packages/airflow/example_dags/example_external_task_marker_dag.py for tasks to queue
[2026-06-13T17:22:31.471+0000] {logging_mixin.py:190} INFO - [2026-06-13T17:22:31.471+0000] {dagbag.py:588} INFO - Filling up the DagBag from /home/airflow/.local/lib/python3.12/site-packages/airflow/example_dags/example_external_task_marker_dag.py
[2026-06-13T17:22:31.478+0000] {processor.py:925} INFO - DAG(s) 'example_external_task_marker_child', 'example_external_task_marker_parent' retrieved from /home/airflow/.local/lib/python3.12/site-packages/airflow/example_dags/example_external_task_marker_dag.py
[2026-06-13T17:22:31.496+0000] {logging_mixin.py:190} INFO - [2026-06-13T17:22:31.496+0000] {dag.py:3239} INFO - Sync 2 DAGs
[2026-06-13T17:22:31.507+0000] {logging_mixin.py:190} INFO - [2026-06-13T17:22:31.507+0000] {dag.py:4180} INFO - Setting next_dagrun for example_external_task_marker_child to None, run_after=None
[2026-06-13T17:22:31.510+0000] {logging_mixin.py:190} INFO - [2026-06-13T17:22:31.510+0000] {dag.py:4180} INFO - Setting next_dagrun for example_external_task_marker_parent to None, run_after=None
[2026-06-13T17:22:31.526+0000] {processor.py:208} INFO - Processing /home/airflow/.local/lib/python3.12/site-packages/airflow/example_dags/example_external_task_marker_dag.py took 0.063 seconds
[2026-06-13T17:23:02.133+0000] {processor.py:186} INFO - Started process (PID=3943) to work on /home/airflow/.local/lib/python3.12/site-packages/airflow/example_dags/example_external_task_marker_dag.py
[2026-06-13T17:23:02.134+0000] {processor.py:914} INFO - Processing file /home/airflow/.local/lib/python3.12/site-packages/airflow/example_dags/example_external_task_marker_dag.py for tasks to queue
[2026-06-13T17:23:02.137+0000] {logging_mixin.py:190} INFO - [2026-06-13T17:23:02.136+0000] {dagbag.py:588} INFO - Filling up the DagBag from /home/airflow/.local/lib/python3.12/site-packages/airflow/example_dags/example_external_task_marker_dag.py
[2026-06-13T17:23:02.145+0000] {processor.py:925} INFO - DAG(s) 'example_external_task_marker_parent', 'example_external_task_marker_child' retrieved from /home/airflow/.local/lib/python3.12/site-packages/airflow/example_dags/example_external_task_marker_dag.py
[2026-06-13T17:23:02.170+0000] {logging_mixin.py:190} INFO - [2026-06-13T17:23:02.170+0000] {dag.py:3239} INFO - Sync 2 DAGs
[2026-06-13T17:23:02.185+0000] {logging_mixin.py:190} INFO - [2026-06-13T17:23:02.185+0000] {dag.py:4180} INFO - Setting next_dagrun for example_external_task_marker_child to None, run_after=None
[2026-06-13T17:23:02.190+0000] {logging_mixin.py:190} INFO - [2026-06-13T17:23:02.190+0000] {dag.py:4180} INFO - Setting next_dagrun for example_external_task_marker_parent to None, run_after=None
[2026-06-13T17:23:02.208+0000] {processor.py:208} INFO - Processing /home/airflow/.local/lib/python3.12/site-packages/airflow/example_dags/example_external_task_marker_dag.py took 0.080 seconds
[2026-06-13T17:23:32.735+0000] {processor.py:186} INFO - Started process (PID=4005) to work on /home/airflow/.local/lib/python3.12/site-packages/airflow/example_dags/example_external_task_marker_dag.py
[2026-06-13T17:23:32.737+0000] {processor.py:914} INFO - Processing file /home/airflow/.local/lib/python3.12/site-packages/airflow/example_dags/example_external_task_marker_dag.py for tasks to queue
[2026-06-13T17:23:32.739+0000] {logging_mixin.py:190} INFO - [2026-06-13T17:23:32.739+0000] {dagbag.py:588} INFO - Filling up the DagBag from /home/airflow/.local/lib/python3.12/site-packages/airflow/example_dags/example_external_task_marker_dag.py
[2026-06-13T17:23:32.747+0000] {processor.py:925} INFO - DAG(s) 'example_external_task_marker_parent', 'example_external_task_marker_child' retrieved from /home/airflow/.local/lib/python3.12/site-packages/airflow/example_dags/example_external_task_marker_dag.py
[2026-06-13T17:23:32.768+0000] {logging_mixin.py:190} INFO - [2026-06-13T17:23:32.768+0000] {dag.py:3239} INFO - Sync 2 DAGs
[2026-06-13T17:23:32.783+0000] {logging_mixin.py:190} INFO - [2026-06-13T17:23:32.783+0000] {dag.py:4180} INFO - Setting next_dagrun for example_external_task_marker_child to None, run_after=None
[2026-06-13T17:23:32.786+0000] {logging_mixin.py:190} INFO - [2026-06-13T17:23:32.786+0000] {dag.py:4180} INFO - Setting next_dagrun for example_external_task_marker_parent to None, run_after=None
[2026-06-13T17:23:32.805+0000] {processor.py:208} INFO - Processing /home/airflow/.local/lib/python3.12/site-packages/airflow/example_dags/example_external_task_marker_dag.py took 0.074 seconds
[2026-06-13T17:24:02.971+0000] {processor.py:186} INFO - Started process (PID=4068) to work on /home/airflow/.local/lib/python3.12/site-packages/airflow/example_dags/example_external_task_marker_dag.py
[2026-06-13T17:24:02.972+0000] {processor.py:914} INFO - Processing file /home/airflow/.local/lib/python3.12/site-packages/airflow/example_dags/example_external_task_marker_dag.py for tasks to queue
[2026-06-13T17:24:02.975+0000] {logging_mixin.py:190} INFO - [2026-06-13T17:24:02.974+0000] {dagbag.py:588} INFO - Filling up the DagBag from /home/airflow/.local/lib/python3.12/site-packages/airflow/example_dags/example_external_task_marker_dag.py
[2026-06-13T17:24:02.981+0000] {processor.py:925} INFO - DAG(s) 'example_external_task_marker_parent', 'example_external_task_marker_child' retrieved from /home/airflow/.local/lib/python3.12/site-packages/airflow/example_dags/example_external_task_marker_dag.py
[2026-06-13T17:24:03.000+0000] {logging_mixin.py:190} INFO - [2026-06-13T17:24:03.000+0000] {dag.py:3239} INFO - Sync 2 DAGs
[2026-06-13T17:24:03.012+0000] {logging_mixin.py:190} INFO - [2026-06-13T17:24:03.011+0000] {dag.py:4180} INFO - Setting next_dagrun for example_external_task_marker_child to None, run_after=None
[2026-06-13T17:24:03.015+0000] {logging_mixin.py:190} INFO - [2026-06-13T17:24:03.015+0000] {dag.py:4180} INFO - Setting next_dagrun for example_external_task_marker_parent to None, run_after=None
[2026-06-13T17:24:03.031+0000] {processor.py:208} INFO - Processing /home/airflow/.local/lib/python3.12/site-packages/airflow/example_dags/example_external_task_marker_dag.py took 0.067 seconds
[2026-06-13T17:24:33.418+0000] {processor.py:186} INFO - Started process (PID=4130) to work on /home/airflow/.local/lib/python3.12/site-packages/airflow/example_dags/example_external_task_marker_dag.py
[2026-06-13T17:24:33.420+0000] {processor.py:914} INFO - Processing file /home/airflow/.local/lib/python3.12/site-packages/airflow/example_dags/example_external_task_marker_dag.py for tasks to queue
[2026-06-13T17:24:33.422+0000] {logging_mixin.py:190} INFO - [2026-06-13T17:24:33.422+0000] {dagbag.py:588} INFO - Filling up the DagBag from /home/airflow/.local/lib/python3.12/site-packages/airflow/example_dags/example_external_task_marker_dag.py
[2026-06-13T17:24:33.430+0000] {processor.py:925} INFO - DAG(s) 'example_external_task_marker_parent', 'example_external_task_marker_child' retrieved from /home/airflow/.local/lib/python3.12/site-packages/airflow/example_dags/example_external_task_marker_dag.py
[2026-06-13T17:24:33.450+0000] {logging_mixin.py:190} INFO - [2026-06-13T17:24:33.450+0000] {dag.py:3239} INFO - Sync 2 DAGs
[2026-06-13T17:24:33.463+0000] {logging_mixin.py:190} INFO - [2026-06-13T17:24:33.463+0000] {dag.py:4180} INFO - Setting next_dagrun for example_external_task_marker_child to None, run_after=None
[2026-06-13T17:24:33.467+0000] {logging_mixin.py:190} INFO - [2026-06-13T17:24:33.466+0000] {dag.py:4180} INFO - Setting next_dagrun for example_external_task_marker_parent to None, run_after=None
[2026-06-13T17:24:33.479+0000] {processor.py:208} INFO - Processing /home/airflow/.local/lib/python3.12/site-packages/airflow/example_dags/example_external_task_marker_dag.py took 0.066 seconds
[2026-06-13T17:25:03.590+0000] {processor.py:186} INFO - Started process (PID=4192) to work on /home/airflow/.local/lib/python3.12/site-packages/airflow/example_dags/example_external_task_marker_dag.py
[2026-06-13T17:25:03.592+0000] {processor.py:914} INFO - Processing file /home/airflow/.local/lib/python3.12/site-packages/airflow/example_dags/example_external_task_marker_dag.py for tasks to queue
[2026-06-13T17:25:03.595+0000] {logging_mixin.py:190} INFO - [2026-06-13T17:25:03.595+0000] {dagbag.py:588} INFO - Filling up the DagBag from /home/airflow/.local/lib/python3.12/site-packages/airflow/example_dags/example_external_task_marker_dag.py
[2026-06-13T17:25:03.602+0000] {processor.py:925} INFO - DAG(s) 'example_external_task_marker_parent', 'example_external_task_marker_child' retrieved from /home/airflow/.local/lib/python3.12/site-packages/airflow/example_dags/example_external_task_marker_dag.py
[2026-06-13T17:25:03.621+0000] {logging_mixin.py:190} INFO - [2026-06-13T17:25:03.621+0000] {dag.py:3239} INFO - Sync 2 DAGs
[2026-06-13T17:25:03.633+0000] {logging_mixin.py:190} INFO - [2026-06-13T17:25:03.633+0000] {dag.py:4180} INFO - Setting next_dagrun for example_external_task_marker_child to None, run_after=None
[2026-06-13T17:25:03.636+0000] {logging_mixin.py:190} INFO - [2026-06-13T17:25:03.636+0000] {dag.py:4180} INFO - Setting next_dagrun for example_external_task_marker_parent to None, run_after=None
[2026-06-13T17:25:03.652+0000] {processor.py:208} INFO - Processing /home/airflow/.local/lib/python3.12/site-packages/airflow/example_dags/example_external_task_marker_dag.py took 0.068 seconds
[2026-06-13T17:25:33.827+0000] {processor.py:186} INFO - Started process (PID=4254) to work on /home/airflow/.local/lib/python3.12/site-packages/airflow/example_dags/example_external_task_marker_dag.py
[2026-06-13T17:25:33.828+0000] {processor.py:914} INFO - Processing file /home/airflow/.local/lib/python3.12/site-packages/airflow/example_dags/example_external_task_marker_dag.py for tasks to queue
[2026-06-13T17:25:33.830+0000] {logging_mixin.py:190} INFO - [2026-06-13T17:25:33.830+0000] {dagbag.py:588} INFO - Filling up the DagBag from /home/airflow/.local/lib/python3.12/site-packages/airflow/example_dags/example_external_task_marker_dag.py
[2026-06-13T17:25:33.836+0000] {processor.py:925} INFO - DAG(s) 'example_external_task_marker_child', 'example_external_task_marker_parent' retrieved from /home/airflow/.local/lib/python3.12/site-packages/airflow/example_dags/example_external_task_marker_dag.py
[2026-06-13T17:25:33.853+0000] {logging_mixin.py:190} INFO - [2026-06-13T17:25:33.853+0000] {dag.py:3239} INFO - Sync 2 DAGs
[2026-06-13T17:25:33.864+0000] {logging_mixin.py:190} INFO - [2026-06-13T17:25:33.863+0000] {dag.py:4180} INFO - Setting next_dagrun for example_external_task_marker_child to None, run_after=None
[2026-06-13T17:25:33.867+0000] {logging_mixin.py:190} INFO - [2026-06-13T17:25:33.866+0000] {dag.py:4180} INFO - Setting next_dagrun for example_external_task_marker_parent to None, run_after=None
[2026-06-13T17:25:33.879+0000] {processor.py:208} INFO - Processing /home/airflow/.local/lib/python3.12/site-packages/airflow/example_dags/example_external_task_marker_dag.py took 0.057 seconds
[2026-06-13T17:26:04.010+0000] {processor.py:186} INFO - Started process (PID=4316) to work on /home/airflow/.local/lib/python3.12/site-packages/airflow/example_dags/example_external_task_marker_dag.py
[2026-06-13T17:26:04.011+0000] {processor.py:914} INFO - Processing file /home/airflow/.local/lib/python3.12/site-packages/airflow/example_dags/example_external_task_marker_dag.py for tasks to queue
[2026-06-13T17:26:04.014+0000] {logging_mixin.py:190} INFO - [2026-06-13T17:26:04.013+0000] {dagbag.py:588} INFO - Filling up the DagBag from /home/airflow/.local/lib/python3.12/site-packages/airflow/example_dags/example_external_task_marker_dag.py
[2026-06-13T17:26:04.021+0000] {processor.py:925} INFO - DAG(s) 'example_external_task_marker_child', 'example_external_task_marker_parent' retrieved from /home/airflow/.local/lib/python3.12/site-packages/airflow/example_dags/example_external_task_marker_dag.py
[2026-06-13T17:26:04.039+0000] {logging_mixin.py:190} INFO - [2026-06-13T17:26:04.039+0000] {dag.py:3239} INFO - Sync 2 DAGs
[2026-06-13T17:26:04.050+0000] {logging_mixin.py:190} INFO - [2026-06-13T17:26:04.050+0000] {dag.py:4180} INFO - Setting next_dagrun for example_external_task_marker_child to None, run_after=None
[2026-06-13T17:26:04.053+0000] {logging_mixin.py:190} INFO - [2026-06-13T17:26:04.053+0000] {dag.py:4180} INFO - Setting next_dagrun for example_external_task_marker_parent to None, run_after=None
[2026-06-13T17:26:04.066+0000] {processor.py:208} INFO - Processing /home/airflow/.local/lib/python3.12/site-packages/airflow/example_dags/example_external_task_marker_dag.py took 0.062 seconds
[2026-06-13T17:26:34.460+0000] {processor.py:186} INFO - Started process (PID=4378) to work on /home/airflow/.local/lib/python3.12/site-packages/airflow/example_dags/example_external_task_marker_dag.py
[2026-06-13T17:26:34.461+0000] {processor.py:914} INFO - Processing file /home/airflow/.local/lib/python3.12/site-packages/airflow/example_dags/example_external_task_marker_dag.py for tasks to queue
[2026-06-13T17:26:34.463+0000] {logging_mixin.py:190} INFO - [2026-06-13T17:26:34.463+0000] {dagbag.py:588} INFO - Filling up the DagBag from /home/airflow/.local/lib/python3.12/site-packages/airflow/example_dags/example_external_task_marker_dag.py
[2026-06-13T17:26:34.469+0000] {processor.py:925} INFO - DAG(s) 'example_external_task_marker_parent', 'example_external_task_marker_child' retrieved from /home/airflow/.local/lib/python3.12/site-packages/airflow/example_dags/example_external_task_marker_dag.py
[2026-06-13T17:26:34.488+0000] {logging_mixin.py:190} INFO - [2026-06-13T17:26:34.487+0000] {dag.py:3239} INFO - Sync 2 DAGs
[2026-06-13T17:26:34.498+0000] {logging_mixin.py:190} INFO - [2026-06-13T17:26:34.497+0000] {dag.py:4180} INFO - Setting next_dagrun for example_external_task_marker_child to None, run_after=None
[2026-06-13T17:26:34.501+0000] {logging_mixin.py:190} INFO - [2026-06-13T17:26:34.501+0000] {dag.py:4180} INFO - Setting next_dagrun for example_external_task_marker_parent to None, run_after=None
[2026-06-13T17:26:34.514+0000] {processor.py:208} INFO - Processing /home/airflow/.local/lib/python3.12/site-packages/airflow/example_dags/example_external_task_marker_dag.py took 0.059 seconds
[2026-06-13T17:27:05.021+0000] {processor.py:186} INFO - Started process (PID=4440) to work on /home/airflow/.local/lib/python3.12/site-packages/airflow/example_dags/example_external_task_marker_dag.py
[2026-06-13T17:27:05.022+0000] {processor.py:914} INFO - Processing file /home/airflow/.local/lib/python3.12/site-packages/airflow/example_dags/example_external_task_marker_dag.py for tasks to queue
[2026-06-13T17:27:05.024+0000] {logging_mixin.py:190} INFO - [2026-06-13T17:27:05.024+0000] {dagbag.py:588} INFO - Filling up the DagBag from /home/airflow/.local/lib/python3.12/site-packages/airflow/example_dags/example_external_task_marker_dag.py
[2026-06-13T17:27:05.030+0000] {processor.py:925} INFO - DAG(s) 'example_external_task_marker_child', 'example_external_task_marker_parent' retrieved from /home/airflow/.local/lib/python3.12/site-packages/airflow/example_dags/example_external_task_marker_dag.py
[2026-06-13T17:27:05.048+0000] {logging_mixin.py:190} INFO - [2026-06-13T17:27:05.048+0000] {dag.py:3239} INFO - Sync 2 DAGs
[2026-06-13T17:27:05.060+0000] {logging_mixin.py:190} INFO - [2026-06-13T17:27:05.059+0000] {dag.py:4180} INFO - Setting next_dagrun for example_external_task_marker_child to None, run_after=None
[2026-06-13T17:27:05.063+0000] {logging_mixin.py:190} INFO - [2026-06-13T17:27:05.063+0000] {dag.py:4180} INFO - Setting next_dagrun for example_external_task_marker_parent to None, run_after=None
[2026-06-13T17:27:05.075+0000] {processor.py:208} INFO - Processing /home/airflow/.local/lib/python3.12/site-packages/airflow/example_dags/example_external_task_marker_dag.py took 0.060 seconds
[2026-06-13T17:27:35.193+0000] {processor.py:186} INFO - Started process (PID=4502) to work on /home/airflow/.local/lib/python3.12/site-packages/airflow/example_dags/example_external_task_marker_dag.py
[2026-06-13T17:27:35.194+0000] {processor.py:914} INFO - Processing file /home/airflow/.local/lib/python3.12/site-packages/airflow/example_dags/example_external_task_marker_dag.py for tasks to queue
[2026-06-13T17:27:35.196+0000] {logging_mixin.py:190} INFO - [2026-06-13T17:27:35.196+0000] {dagbag.py:588} INFO - Filling up the DagBag from /home/airflow/.local/lib/python3.12/site-packages/airflow/example_dags/example_external_task_marker_dag.py
[2026-06-13T17:27:35.203+0000] {processor.py:925} INFO - DAG(s) 'example_external_task_marker_child', 'example_external_task_marker_parent' retrieved from /home/airflow/.local/lib/python3.12/site-packages/airflow/example_dags/example_external_task_marker_dag.py
[2026-06-13T17:27:35.221+0000] {logging_mixin.py:190} INFO - [2026-06-13T17:27:35.221+0000] {dag.py:3239} INFO - Sync 2 DAGs
[2026-06-13T17:27:35.232+0000] {logging_mixin.py:190} INFO - [2026-06-13T17:27:35.232+0000] {dag.py:4180} INFO - Setting next_dagrun for example_external_task_marker_child to None, run_after=None
[2026-06-13T17:27:35.235+0000] {logging_mixin.py:190} INFO - [2026-06-13T17:27:35.235+0000] {dag.py:4180} INFO - Setting next_dagrun for example_external_task_marker_parent to None, run_after=None
[2026-06-13T17:27:35.248+0000] {processor.py:208} INFO - Processing /home/airflow/.local/lib/python3.12/site-packages/airflow/example_dags/example_external_task_marker_dag.py took 0.060 seconds
[2026-06-13T17:28:05.761+0000] {processor.py:186} INFO - Started process (PID=4564) to work on /home/airflow/.local/lib/python3.12/site-packages/airflow/example_dags/example_external_task_marker_dag.py
[2026-06-13T17:28:05.762+0000] {processor.py:914} INFO - Processing file /home/airflow/.local/lib/python3.12/site-packages/airflow/example_dags/example_external_task_marker_dag.py for tasks to queue
[2026-06-13T17:28:05.765+0000] {logging_mixin.py:190} INFO - [2026-06-13T17:28:05.764+0000] {dagbag.py:588} INFO - Filling up the DagBag from /home/airflow/.local/lib/python3.12/site-packages/airflow/example_dags/example_external_task_marker_dag.py
[2026-06-13T17:28:05.772+0000] {processor.py:925} INFO - DAG(s) 'example_external_task_marker_parent', 'example_external_task_marker_child' retrieved from /home/airflow/.local/lib/python3.12/site-packages/airflow/example_dags/example_external_task_marker_dag.py
[2026-06-13T17:28:05.789+0000] {logging_mixin.py:190} INFO - [2026-06-13T17:28:05.789+0000] {dag.py:3239} INFO - Sync 2 DAGs
[2026-06-13T17:28:05.800+0000] {logging_mixin.py:190} INFO - [2026-06-13T17:28:05.800+0000] {dag.py:4180} INFO - Setting next_dagrun for example_external_task_marker_child to None, run_after=None
[2026-06-13T17:28:05.803+0000] {logging_mixin.py:190} INFO - [2026-06-13T17:28:05.803+0000] {dag.py:4180} INFO - Setting next_dagrun for example_external_task_marker_parent to None, run_after=None
[2026-06-13T17:28:05.815+0000] {processor.py:208} INFO - Processing /home/airflow/.local/lib/python3.12/site-packages/airflow/example_dags/example_external_task_marker_dag.py took 0.059 seconds
[2026-06-13T17:28:36.925+0000] {processor.py:186} INFO - Started process (PID=4632) to work on /home/airflow/.local/lib/python3.12/site-packages/airflow/example_dags/example_external_task_marker_dag.py
[2026-06-13T17:28:36.926+0000] {processor.py:914} INFO - Processing file /home/airflow/.local/lib/python3.12/site-packages/airflow/example_dags/example_external_task_marker_dag.py for tasks to queue
[2026-06-13T17:28:36.929+0000] {logging_mixin.py:190} INFO - [2026-06-13T17:28:36.929+0000] {dagbag.py:588} INFO - Filling up the DagBag from /home/airflow/.local/lib/python3.12/site-packages/airflow/example_dags/example_external_task_marker_dag.py
[2026-06-13T17:28:36.937+0000] {processor.py:925} INFO - DAG(s) 'example_external_task_marker_child', 'example_external_task_marker_parent' retrieved from /home/airflow/.local/lib/python3.12/site-packages/airflow/example_dags/example_external_task_marker_dag.py
[2026-06-13T17:28:36.965+0000] {logging_mixin.py:190} INFO - [2026-06-13T17:28:36.964+0000] {dag.py:3239} INFO - Sync 2 DAGs
[2026-06-13T17:28:36.982+0000] {logging_mixin.py:190} INFO - [2026-06-13T17:28:36.982+0000] {dag.py:4180} INFO - Setting next_dagrun for example_external_task_marker_child to None, run_after=None
[2026-06-13T17:28:36.987+0000] {logging_mixin.py:190} INFO - [2026-06-13T17:28:36.987+0000] {dag.py:4180} INFO - Setting next_dagrun for example_external_task_marker_parent to None, run_after=None
[2026-06-13T17:28:37.012+0000] {processor.py:208} INFO - Processing /home/airflow/.local/lib/python3.12/site-packages/airflow/example_dags/example_external_task_marker_dag.py took 0.093 seconds
[2026-06-13T17:29:07.632+0000] {processor.py:186} INFO - Started process (PID=4694) to work on /home/airflow/.local/lib/python3.12/site-packages/airflow/example_dags/example_external_task_marker_dag.py
[2026-06-13T17:29:07.633+0000] {processor.py:914} INFO - Processing file /home/airflow/.local/lib/python3.12/site-packages/airflow/example_dags/example_external_task_marker_dag.py for tasks to queue
[2026-06-13T17:29:07.636+0000] {logging_mixin.py:190} INFO - [2026-06-13T17:29:07.635+0000] {dagbag.py:588} INFO - Filling up the DagBag from /home/airflow/.local/lib/python3.12/site-packages/airflow/example_dags/example_external_task_marker_dag.py
[2026-06-13T17:29:07.643+0000] {processor.py:925} INFO - DAG(s) 'example_external_task_marker_parent', 'example_external_task_marker_child' retrieved from /home/airflow/.local/lib/python3.12/site-packages/airflow/example_dags/example_external_task_marker_dag.py
[2026-06-13T17:29:07.662+0000] {logging_mixin.py:190} INFO - [2026-06-13T17:29:07.662+0000] {dag.py:3239} INFO - Sync 2 DAGs
[2026-06-13T17:29:07.674+0000] {logging_mixin.py:190} INFO - [2026-06-13T17:29:07.674+0000] {dag.py:4180} INFO - Setting next_dagrun for example_external_task_marker_child to None, run_after=None
[2026-06-13T17:29:07.678+0000] {logging_mixin.py:190} INFO - [2026-06-13T17:29:07.678+0000] {dag.py:4180} INFO - Setting next_dagrun for example_external_task_marker_parent to None, run_after=None
[2026-06-13T17:29:07.691+0000] {processor.py:208} INFO - Processing /home/airflow/.local/lib/python3.12/site-packages/airflow/example_dags/example_external_task_marker_dag.py took 0.064 seconds
[2026-06-13T17:29:37.879+0000] {processor.py:186} INFO - Started process (PID=4756) to work on /home/airflow/.local/lib/python3.12/site-packages/airflow/example_dags/example_external_task_marker_dag.py
[2026-06-13T17:29:37.881+0000] {processor.py:914} INFO - Processing file /home/airflow/.local/lib/python3.12/site-packages/airflow/example_dags/example_external_task_marker_dag.py for tasks to queue
[2026-06-13T17:29:37.884+0000] {logging_mixin.py:190} INFO - [2026-06-13T17:29:37.884+0000] {dagbag.py:588} INFO - Filling up the DagBag from /home/airflow/.local/lib/python3.12/site-packages/airflow/example_dags/example_external_task_marker_dag.py
[2026-06-13T17:29:37.894+0000] {processor.py:925} INFO - DAG(s) 'example_external_task_marker_child', 'example_external_task_marker_parent' retrieved from /home/airflow/.local/lib/python3.12/site-packages/airflow/example_dags/example_external_task_marker_dag.py
[2026-06-13T17:29:37.918+0000] {logging_mixin.py:190} INFO - [2026-06-13T17:29:37.918+0000] {dag.py:3239} INFO - Sync 2 DAGs
[2026-06-13T17:29:37.931+0000] {logging_mixin.py:190} INFO - [2026-06-13T17:29:37.931+0000] {dag.py:4180} INFO - Setting next_dagrun for example_external_task_marker_child to None, run_after=None
[2026-06-13T17:29:37.935+0000] {logging_mixin.py:190} INFO - [2026-06-13T17:29:37.935+0000] {dag.py:4180} INFO - Setting next_dagrun for example_external_task_marker_parent to None, run_after=None
[2026-06-13T17:29:37.956+0000] {processor.py:208} INFO - Processing /home/airflow/.local/lib/python3.12/site-packages/airflow/example_dags/example_external_task_marker_dag.py took 0.083 seconds
[2026-06-13T17:30:08.180+0000] {processor.py:186} INFO - Started process (PID=4818) to work on /home/airflow/.local/lib/python3.12/site-packages/airflow/example_dags/example_external_task_marker_dag.py
[2026-06-13T17:30:08.182+0000] {processor.py:914} INFO - Processing file /home/airflow/.local/lib/python3.12/site-packages/airflow/example_dags/example_external_task_marker_dag.py for tasks to queue
[2026-06-13T17:30:08.186+0000] {logging_mixin.py:190} INFO - [2026-06-13T17:30:08.185+0000] {dagbag.py:588} INFO - Filling up the DagBag from /home/airflow/.local/lib/python3.12/site-packages/airflow/example_dags/example_external_task_marker_dag.py
[2026-06-13T17:30:08.196+0000] {processor.py:925} INFO - DAG(s) 'example_external_task_marker_parent', 'example_external_task_marker_child' retrieved from /home/airflow/.local/lib/python3.12/site-packages/airflow/example_dags/example_external_task_marker_dag.py
[2026-06-13T17:30:08.223+0000] {logging_mixin.py:190} INFO - [2026-06-13T17:30:08.223+0000] {dag.py:3239} INFO - Sync 2 DAGs
[2026-06-13T17:30:08.237+0000] {logging_mixin.py:190} INFO - [2026-06-13T17:30:08.237+0000] {dag.py:4180} INFO - Setting next_dagrun for example_external_task_marker_child to None, run_after=None
[2026-06-13T17:30:08.243+0000] {logging_mixin.py:190} INFO - [2026-06-13T17:30:08.243+0000] {dag.py:4180} INFO - Setting next_dagrun for example_external_task_marker_parent to None, run_after=None
[2026-06-13T17:30:08.271+0000] {processor.py:208} INFO - Processing /home/airflow/.local/lib/python3.12/site-packages/airflow/example_dags/example_external_task_marker_dag.py took 0.098 seconds
[2026-06-13T17:30:38.484+0000] {processor.py:186} INFO - Started process (PID=4881) to work on /home/airflow/.local/lib/python3.12/site-packages/airflow/example_dags/example_external_task_marker_dag.py
[2026-06-13T17:30:38.485+0000] {processor.py:914} INFO - Processing file /home/airflow/.local/lib/python3.12/site-packages/airflow/example_dags/example_external_task_marker_dag.py for tasks to queue
[2026-06-13T17:30:38.488+0000] {logging_mixin.py:190} INFO - [2026-06-13T17:30:38.487+0000] {dagbag.py:588} INFO - Filling up the DagBag from /home/airflow/.local/lib/python3.12/site-packages/airflow/example_dags/example_external_task_marker_dag.py
[2026-06-13T17:30:38.498+0000] {processor.py:925} INFO - DAG(s) 'example_external_task_marker_parent', 'example_external_task_marker_child' retrieved from /home/airflow/.local/lib/python3.12/site-packages/airflow/example_dags/example_external_task_marker_dag.py
[2026-06-13T17:30:38.527+0000] {logging_mixin.py:190} INFO - [2026-06-13T17:30:38.526+0000] {dag.py:3239} INFO - Sync 2 DAGs
[2026-06-13T17:30:38.544+0000] {logging_mixin.py:190} INFO - [2026-06-13T17:30:38.544+0000] {dag.py:4180} INFO - Setting next_dagrun for example_external_task_marker_child to None, run_after=None
[2026-06-13T17:30:38.550+0000] {logging_mixin.py:190} INFO - [2026-06-13T17:30:38.549+0000] {dag.py:4180} INFO - Setting next_dagrun for example_external_task_marker_parent to None, run_after=None
[2026-06-13T17:30:38.570+0000] {processor.py:208} INFO - Processing /home/airflow/.local/lib/python3.12/site-packages/airflow/example_dags/example_external_task_marker_dag.py took 0.093 seconds
[2026-06-13T17:31:08.880+0000] {processor.py:186} INFO - Started process (PID=4943) to work on /home/airflow/.local/lib/python3.12/site-packages/airflow/example_dags/example_external_task_marker_dag.py
[2026-06-13T17:31:08.881+0000] {processor.py:914} INFO - Processing file /home/airflow/.local/lib/python3.12/site-packages/airflow/example_dags/example_external_task_marker_dag.py for tasks to queue
[2026-06-13T17:31:08.885+0000] {logging_mixin.py:190} INFO - [2026-06-13T17:31:08.884+0000] {dagbag.py:588} INFO - Filling up the DagBag from /home/airflow/.local/lib/python3.12/site-packages/airflow/example_dags/example_external_task_marker_dag.py
[2026-06-13T17:31:08.894+0000] {processor.py:925} INFO - DAG(s) 'example_external_task_marker_child', 'example_external_task_marker_parent' retrieved from /home/airflow/.local/lib/python3.12/site-packages/airflow/example_dags/example_external_task_marker_dag.py
[2026-06-13T17:31:08.920+0000] {logging_mixin.py:190} INFO - [2026-06-13T17:31:08.920+0000] {dag.py:3239} INFO - Sync 2 DAGs
[2026-06-13T17:31:08.932+0000] {logging_mixin.py:190} INFO - [2026-06-13T17:31:08.932+0000] {dag.py:4180} INFO - Setting next_dagrun for example_external_task_marker_child to None, run_after=None
[2026-06-13T17:31:08.936+0000] {logging_mixin.py:190} INFO - [2026-06-13T17:31:08.936+0000] {dag.py:4180} INFO - Setting next_dagrun for example_external_task_marker_parent to None, run_after=None
[2026-06-13T17:31:08.952+0000] {processor.py:208} INFO - Processing /home/airflow/.local/lib/python3.12/site-packages/airflow/example_dags/example_external_task_marker_dag.py took 0.079 seconds
[2026-06-13T17:31:39.422+0000] {processor.py:186} INFO - Started process (PID=5005) to work on /home/airflow/.local/lib/python3.12/site-packages/airflow/example_dags/example_external_task_marker_dag.py
[2026-06-13T17:31:39.423+0000] {processor.py:914} INFO - Processing file /home/airflow/.local/lib/python3.12/site-packages/airflow/example_dags/example_external_task_marker_dag.py for tasks to queue
[2026-06-13T17:31:39.425+0000] {logging_mixin.py:190} INFO - [2026-06-13T17:31:39.425+0000] {dagbag.py:588} INFO - Filling up the DagBag from /home/airflow/.local/lib/python3.12/site-packages/airflow/example_dags/example_external_task_marker_dag.py
[2026-06-13T17:31:39.431+0000] {processor.py:925} INFO - DAG(s) 'example_external_task_marker_parent', 'example_external_task_marker_child' retrieved from /home/airflow/.local/lib/python3.12/site-packages/airflow/example_dags/example_external_task_marker_dag.py
[2026-06-13T17:31:39.450+0000] {logging_mixin.py:190} INFO - [2026-06-13T17:31:39.449+0000] {dag.py:3239} INFO - Sync 2 DAGs
[2026-06-13T17:31:39.461+0000] {logging_mixin.py:190} INFO - [2026-06-13T17:31:39.461+0000] {dag.py:4180} INFO - Setting next_dagrun for example_external_task_marker_child to None, run_after=None
[2026-06-13T17:31:39.465+0000] {logging_mixin.py:190} INFO - [2026-06-13T17:31:39.465+0000] {dag.py:4180} INFO - Setting next_dagrun for example_external_task_marker_parent to None, run_after=None
[2026-06-13T17:31:39.481+0000] {processor.py:208} INFO - Processing /home/airflow/.local/lib/python3.12/site-packages/airflow/example_dags/example_external_task_marker_dag.py took 0.064 seconds
[2026-06-13T17:32:09.775+0000] {processor.py:186} INFO - Started process (PID=5067) to work on /home/airflow/.local/lib/python3.12/site-packages/airflow/example_dags/example_external_task_marker_dag.py
[2026-06-13T17:32:09.776+0000] {processor.py:914} INFO - Processing file /home/airflow/.local/lib/python3.12/site-packages/airflow/example_dags/example_external_task_marker_dag.py for tasks to queue
[2026-06-13T17:32:09.779+0000] {logging_mixin.py:190} INFO - [2026-06-13T17:32:09.779+0000] {dagbag.py:588} INFO - Filling up the DagBag from /home/airflow/.local/lib/python3.12/site-packages/airflow/example_dags/example_external_task_marker_dag.py
[2026-06-13T17:32:09.786+0000] {processor.py:925} INFO - DAG(s) 'example_external_task_marker_parent', 'example_external_task_marker_child' retrieved from /home/airflow/.local/lib/python3.12/site-packages/airflow/example_dags/example_external_task_marker_dag.py
[2026-06-13T17:32:09.806+0000] {logging_mixin.py:190} INFO - [2026-06-13T17:32:09.806+0000] {dag.py:3239} INFO - Sync 2 DAGs
[2026-06-13T17:32:09.819+0000] {logging_mixin.py:190} INFO - [2026-06-13T17:32:09.818+0000] {dag.py:4180} INFO - Setting next_dagrun for example_external_task_marker_child to None, run_after=None
[2026-06-13T17:32:09.824+0000] {logging_mixin.py:190} INFO - [2026-06-13T17:32:09.824+0000] {dag.py:4180} INFO - Setting next_dagrun for example_external_task_marker_parent to None, run_after=None
[2026-06-13T17:32:09.840+0000] {processor.py:208} INFO - Processing /home/airflow/.local/lib/python3.12/site-packages/airflow/example_dags/example_external_task_marker_dag.py took 0.070 seconds
[2026-06-13T17:32:40.167+0000] {processor.py:186} INFO - Started process (PID=5129) to work on /home/airflow/.local/lib/python3.12/site-packages/airflow/example_dags/example_external_task_marker_dag.py
[2026-06-13T17:32:40.168+0000] {processor.py:914} INFO - Processing file /home/airflow/.local/lib/python3.12/site-packages/airflow/example_dags/example_external_task_marker_dag.py for tasks to queue
[2026-06-13T17:32:40.170+0000] {logging_mixin.py:190} INFO - [2026-06-13T17:32:40.170+0000] {dagbag.py:588} INFO - Filling up the DagBag from /home/airflow/.local/lib/python3.12/site-packages/airflow/example_dags/example_external_task_marker_dag.py
[2026-06-13T17:32:40.177+0000] {processor.py:925} INFO - DAG(s) 'example_external_task_marker_child', 'example_external_task_marker_parent' retrieved from /home/airflow/.local/lib/python3.12/site-packages/airflow/example_dags/example_external_task_marker_dag.py
[2026-06-13T17:32:40.198+0000] {logging_mixin.py:190} INFO - [2026-06-13T17:32:40.198+0000] {dag.py:3239} INFO - Sync 2 DAGs
[2026-06-13T17:32:40.211+0000] {logging_mixin.py:190} INFO - [2026-06-13T17:32:40.211+0000] {dag.py:4180} INFO - Setting next_dagrun for example_external_task_marker_child to None, run_after=None
[2026-06-13T17:32:40.214+0000] {logging_mixin.py:190} INFO - [2026-06-13T17:32:40.214+0000] {dag.py:4180} INFO - Setting next_dagrun for example_external_task_marker_parent to None, run_after=None
[2026-06-13T17:32:40.230+0000] {processor.py:208} INFO - Processing /home/airflow/.local/lib/python3.12/site-packages/airflow/example_dags/example_external_task_marker_dag.py took 0.067 seconds
[2026-06-13T17:33:10.589+0000] {processor.py:186} INFO - Started process (PID=5191) to work on /home/airflow/.local/lib/python3.12/site-packages/airflow/example_dags/example_external_task_marker_dag.py
[2026-06-13T17:33:10.590+0000] {processor.py:914} INFO - Processing file /home/airflow/.local/lib/python3.12/site-packages/airflow/example_dags/example_external_task_marker_dag.py for tasks to queue
[2026-06-13T17:33:10.593+0000] {logging_mixin.py:190} INFO - [2026-06-13T17:33:10.592+0000] {dagbag.py:588} INFO - Filling up the DagBag from /home/airflow/.local/lib/python3.12/site-packages/airflow/example_dags/example_external_task_marker_dag.py
[2026-06-13T17:33:10.599+0000] {processor.py:925} INFO - DAG(s) 'example_external_task_marker_parent', 'example_external_task_marker_child' retrieved from /home/airflow/.local/lib/python3.12/site-packages/airflow/example_dags/example_external_task_marker_dag.py
[2026-06-13T17:33:10.618+0000] {logging_mixin.py:190} INFO - [2026-06-13T17:33:10.618+0000] {dag.py:3239} INFO - Sync 2 DAGs
[2026-06-13T17:33:10.630+0000] {logging_mixin.py:190} INFO - [2026-06-13T17:33:10.629+0000] {dag.py:4180} INFO - Setting next_dagrun for example_external_task_marker_child to None, run_after=None
[2026-06-13T17:33:10.634+0000] {logging_mixin.py:190} INFO - [2026-06-13T17:33:10.633+0000] {dag.py:4180} INFO - Setting next_dagrun for example_external_task_marker_parent to None, run_after=None
[2026-06-13T17:33:10.650+0000] {processor.py:208} INFO - Processing /home/airflow/.local/lib/python3.12/site-packages/airflow/example_dags/example_external_task_marker_dag.py took 0.066 seconds
[2026-06-13T17:33:40.933+0000] {processor.py:186} INFO - Started process (PID=5253) to work on /home/airflow/.local/lib/python3.12/site-packages/airflow/example_dags/example_external_task_marker_dag.py
[2026-06-13T17:33:40.934+0000] {processor.py:914} INFO - Processing file /home/airflow/.local/lib/python3.12/site-packages/airflow/example_dags/example_external_task_marker_dag.py for tasks to queue
[2026-06-13T17:33:40.936+0000] {logging_mixin.py:190} INFO - [2026-06-13T17:33:40.936+0000] {dagbag.py:588} INFO - Filling up the DagBag from /home/airflow/.local/lib/python3.12/site-packages/airflow/example_dags/example_external_task_marker_dag.py
[2026-06-13T17:33:40.943+0000] {processor.py:925} INFO - DAG(s) 'example_external_task_marker_parent', 'example_external_task_marker_child' retrieved from /home/airflow/.local/lib/python3.12/site-packages/airflow/example_dags/example_external_task_marker_dag.py
[2026-06-13T17:33:40.962+0000] {logging_mixin.py:190} INFO - [2026-06-13T17:33:40.962+0000] {dag.py:3239} INFO - Sync 2 DAGs
[2026-06-13T17:33:40.976+0000] {logging_mixin.py:190} INFO - [2026-06-13T17:33:40.976+0000] {dag.py:4180} INFO - Setting next_dagrun for example_external_task_marker_child to None, run_after=None
[2026-06-13T17:33:40.980+0000] {logging_mixin.py:190} INFO - [2026-06-13T17:33:40.979+0000] {dag.py:4180} INFO - Setting next_dagrun for example_external_task_marker_parent to None, run_after=None
[2026-06-13T17:33:40.994+0000] {processor.py:208} INFO - Processing /home/airflow/.local/lib/python3.12/site-packages/airflow/example_dags/example_external_task_marker_dag.py took 0.066 seconds
[2026-06-13T17:34:11.231+0000] {processor.py:186} INFO - Started process (PID=5315) to work on /home/airflow/.local/lib/python3.12/site-packages/airflow/example_dags/example_external_task_marker_dag.py
[2026-06-13T17:34:11.232+0000] {processor.py:914} INFO - Processing file /home/airflow/.local/lib/python3.12/site-packages/airflow/example_dags/example_external_task_marker_dag.py for tasks to queue
[2026-06-13T17:34:11.235+0000] {logging_mixin.py:190} INFO - [2026-06-13T17:34:11.235+0000] {dagbag.py:588} INFO - Filling up the DagBag from /home/airflow/.local/lib/python3.12/site-packages/airflow/example_dags/example_external_task_marker_dag.py
[2026-06-13T17:34:11.241+0000] {processor.py:925} INFO - DAG(s) 'example_external_task_marker_parent', 'example_external_task_marker_child' retrieved from /home/airflow/.local/lib/python3.12/site-packages/airflow/example_dags/example_external_task_marker_dag.py
[2026-06-13T17:34:11.261+0000] {logging_mixin.py:190} INFO - [2026-06-13T17:34:11.260+0000] {dag.py:3239} INFO - Sync 2 DAGs
[2026-06-13T17:34:11.271+0000] {logging_mixin.py:190} INFO - [2026-06-13T17:34:11.271+0000] {dag.py:4180} INFO - Setting next_dagrun for example_external_task_marker_child to None, run_after=None
[2026-06-13T17:34:11.274+0000] {logging_mixin.py:190} INFO - [2026-06-13T17:34:11.274+0000] {dag.py:4180} INFO - Setting next_dagrun for example_external_task_marker_parent to None, run_after=None
[2026-06-13T17:34:11.289+0000] {processor.py:208} INFO - Processing /home/airflow/.local/lib/python3.12/site-packages/airflow/example_dags/example_external_task_marker_dag.py took 0.064 seconds
[2026-06-13T17:34:41.486+0000] {processor.py:186} INFO - Started process (PID=5377) to work on /home/airflow/.local/lib/python3.12/site-packages/airflow/example_dags/example_external_task_marker_dag.py
[2026-06-13T17:34:41.488+0000] {processor.py:914} INFO - Processing file /home/airflow/.local/lib/python3.12/site-packages/airflow/example_dags/example_external_task_marker_dag.py for tasks to queue
[2026-06-13T17:34:41.492+0000] {logging_mixin.py:190} INFO - [2026-06-13T17:34:41.491+0000] {dagbag.py:588} INFO - Filling up the DagBag from /home/airflow/.local/lib/python3.12/site-packages/airflow/example_dags/example_external_task_marker_dag.py
[2026-06-13T17:34:41.503+0000] {processor.py:925} INFO - DAG(s) 'example_external_task_marker_child', 'example_external_task_marker_parent' retrieved from /home/airflow/.local/lib/python3.12/site-packages/airflow/example_dags/example_external_task_marker_dag.py
[2026-06-13T17:34:41.532+0000] {logging_mixin.py:190} INFO - [2026-06-13T17:34:41.532+0000] {dag.py:3239} INFO - Sync 2 DAGs
[2026-06-13T17:34:41.547+0000] {logging_mixin.py:190} INFO - [2026-06-13T17:34:41.547+0000] {dag.py:4180} INFO - Setting next_dagrun for example_external_task_marker_child to None, run_after=None
[2026-06-13T17:34:41.551+0000] {logging_mixin.py:190} INFO - [2026-06-13T17:34:41.551+0000] {dag.py:4180} INFO - Setting next_dagrun for example_external_task_marker_parent to None, run_after=None
[2026-06-13T17:34:41.566+0000] {processor.py:208} INFO - Processing /home/airflow/.local/lib/python3.12/site-packages/airflow/example_dags/example_external_task_marker_dag.py took 0.088 seconds
[2026-06-13T17:35:11.715+0000] {processor.py:186} INFO - Started process (PID=5439) to work on /home/airflow/.local/lib/python3.12/site-packages/airflow/example_dags/example_external_task_marker_dag.py
[2026-06-13T17:35:11.717+0000] {processor.py:914} INFO - Processing file /home/airflow/.local/lib/python3.12/site-packages/airflow/example_dags/example_external_task_marker_dag.py for tasks to queue
[2026-06-13T17:35:11.720+0000] {logging_mixin.py:190} INFO - [2026-06-13T17:35:11.720+0000] {dagbag.py:588} INFO - Filling up the DagBag from /home/airflow/.local/lib/python3.12/site-packages/airflow/example_dags/example_external_task_marker_dag.py
[2026-06-13T17:35:11.730+0000] {processor.py:925} INFO - DAG(s) 'example_external_task_marker_parent', 'example_external_task_marker_child' retrieved from /home/airflow/.local/lib/python3.12/site-packages/airflow/example_dags/example_external_task_marker_dag.py
[2026-06-13T17:35:11.758+0000] {logging_mixin.py:190} INFO - [2026-06-13T17:35:11.757+0000] {dag.py:3239} INFO - Sync 2 DAGs
[2026-06-13T17:35:11.774+0000] {logging_mixin.py:190} INFO - [2026-06-13T17:35:11.774+0000] {dag.py:4180} INFO - Setting next_dagrun for example_external_task_marker_child to None, run_after=None
[2026-06-13T17:35:11.780+0000] {logging_mixin.py:190} INFO - [2026-06-13T17:35:11.779+0000] {dag.py:4180} INFO - Setting next_dagrun for example_external_task_marker_parent to None, run_after=None
[2026-06-13T17:35:11.796+0000] {processor.py:208} INFO - Processing /home/airflow/.local/lib/python3.12/site-packages/airflow/example_dags/example_external_task_marker_dag.py took 0.087 seconds
[2026-06-13T17:35:42.225+0000] {processor.py:186} INFO - Started process (PID=5501) to work on /home/airflow/.local/lib/python3.12/site-packages/airflow/example_dags/example_external_task_marker_dag.py
[2026-06-13T17:35:42.226+0000] {processor.py:914} INFO - Processing file /home/airflow/.local/lib/python3.12/site-packages/airflow/example_dags/example_external_task_marker_dag.py for tasks to queue
[2026-06-13T17:35:42.228+0000] {logging_mixin.py:190} INFO - [2026-06-13T17:35:42.228+0000] {dagbag.py:588} INFO - Filling up the DagBag from /home/airflow/.local/lib/python3.12/site-packages/airflow/example_dags/example_external_task_marker_dag.py
[2026-06-13T17:35:42.235+0000] {processor.py:925} INFO - DAG(s) 'example_external_task_marker_child', 'example_external_task_marker_parent' retrieved from /home/airflow/.local/lib/python3.12/site-packages/airflow/example_dags/example_external_task_marker_dag.py
[2026-06-13T17:35:42.253+0000] {logging_mixin.py:190} INFO - [2026-06-13T17:35:42.253+0000] {dag.py:3239} INFO - Sync 2 DAGs
[2026-06-13T17:35:42.265+0000] {logging_mixin.py:190} INFO - [2026-06-13T17:35:42.265+0000] {dag.py:4180} INFO - Setting next_dagrun for example_external_task_marker_child to None, run_after=None
[2026-06-13T17:35:42.268+0000] {logging_mixin.py:190} INFO - [2026-06-13T17:35:42.268+0000] {dag.py:4180} INFO - Setting next_dagrun for example_external_task_marker_parent to None, run_after=None
[2026-06-13T17:35:42.284+0000] {processor.py:208} INFO - Processing /home/airflow/.local/lib/python3.12/site-packages/airflow/example_dags/example_external_task_marker_dag.py took 0.066 seconds
[2026-06-13T17:36:12.447+0000] {processor.py:186} INFO - Started process (PID=5563) to work on /home/airflow/.local/lib/python3.12/site-packages/airflow/example_dags/example_external_task_marker_dag.py
[2026-06-13T17:36:12.448+0000] {processor.py:914} INFO - Processing file /home/airflow/.local/lib/python3.12/site-packages/airflow/example_dags/example_external_task_marker_dag.py for tasks to queue
[2026-06-13T17:36:12.451+0000] {logging_mixin.py:190} INFO - [2026-06-13T17:36:12.451+0000] {dagbag.py:588} INFO - Filling up the DagBag from /home/airflow/.local/lib/python3.12/site-packages/airflow/example_dags/example_external_task_marker_dag.py
[2026-06-13T17:36:12.461+0000] {processor.py:925} INFO - DAG(s) 'example_external_task_marker_parent', 'example_external_task_marker_child' retrieved from /home/airflow/.local/lib/python3.12/site-packages/airflow/example_dags/example_external_task_marker_dag.py
[2026-06-13T17:36:12.489+0000] {logging_mixin.py:190} INFO - [2026-06-13T17:36:12.489+0000] {dag.py:3239} INFO - Sync 2 DAGs
[2026-06-13T17:36:12.505+0000] {logging_mixin.py:190} INFO - [2026-06-13T17:36:12.504+0000] {dag.py:4180} INFO - Setting next_dagrun for example_external_task_marker_child to None, run_after=None
[2026-06-13T17:36:12.509+0000] {logging_mixin.py:190} INFO - [2026-06-13T17:36:12.508+0000] {dag.py:4180} INFO - Setting next_dagrun for example_external_task_marker_parent to None, run_after=None
[2026-06-13T17:36:12.526+0000] {processor.py:208} INFO - Processing /home/airflow/.local/lib/python3.12/site-packages/airflow/example_dags/example_external_task_marker_dag.py took 0.086 seconds
[2026-06-13T17:36:42.673+0000] {processor.py:186} INFO - Started process (PID=5625) to work on /home/airflow/.local/lib/python3.12/site-packages/airflow/example_dags/example_external_task_marker_dag.py
[2026-06-13T17:36:42.674+0000] {processor.py:914} INFO - Processing file /home/airflow/.local/lib/python3.12/site-packages/airflow/example_dags/example_external_task_marker_dag.py for tasks to queue
[2026-06-13T17:36:42.677+0000] {logging_mixin.py:190} INFO - [2026-06-13T17:36:42.676+0000] {dagbag.py:588} INFO - Filling up the DagBag from /home/airflow/.local/lib/python3.12/site-packages/airflow/example_dags/example_external_task_marker_dag.py
[2026-06-13T17:36:42.684+0000] {processor.py:925} INFO - DAG(s) 'example_external_task_marker_parent', 'example_external_task_marker_child' retrieved from /home/airflow/.local/lib/python3.12/site-packages/airflow/example_dags/example_external_task_marker_dag.py
[2026-06-13T17:36:42.706+0000] {logging_mixin.py:190} INFO - [2026-06-13T17:36:42.706+0000] {dag.py:3239} INFO - Sync 2 DAGs
[2026-06-13T17:36:42.720+0000] {logging_mixin.py:190} INFO - [2026-06-13T17:36:42.720+0000] {dag.py:4180} INFO - Setting next_dagrun for example_external_task_marker_child to None, run_after=None
[2026-06-13T17:36:42.723+0000] {logging_mixin.py:190} INFO - [2026-06-13T17:36:42.723+0000] {dag.py:4180} INFO - Setting next_dagrun for example_external_task_marker_parent to None, run_after=None
[2026-06-13T17:36:42.737+0000] {processor.py:208} INFO - Processing /home/airflow/.local/lib/python3.12/site-packages/airflow/example_dags/example_external_task_marker_dag.py took 0.070 seconds
[2026-06-13T17:37:13.328+0000] {processor.py:186} INFO - Started process (PID=5687) to work on /home/airflow/.local/lib/python3.12/site-packages/airflow/example_dags/example_external_task_marker_dag.py
[2026-06-13T17:37:13.329+0000] {processor.py:914} INFO - Processing file /home/airflow/.local/lib/python3.12/site-packages/airflow/example_dags/example_external_task_marker_dag.py for tasks to queue
[2026-06-13T17:37:13.331+0000] {logging_mixin.py:190} INFO - [2026-06-13T17:37:13.331+0000] {dagbag.py:588} INFO - Filling up the DagBag from /home/airflow/.local/lib/python3.12/site-packages/airflow/example_dags/example_external_task_marker_dag.py
[2026-06-13T17:37:13.339+0000] {processor.py:925} INFO - DAG(s) 'example_external_task_marker_parent', 'example_external_task_marker_child' retrieved from /home/airflow/.local/lib/python3.12/site-packages/airflow/example_dags/example_external_task_marker_dag.py
[2026-06-13T17:37:13.360+0000] {logging_mixin.py:190} INFO - [2026-06-13T17:37:13.360+0000] {dag.py:3239} INFO - Sync 2 DAGs
[2026-06-13T17:37:13.372+0000] {logging_mixin.py:190} INFO - [2026-06-13T17:37:13.371+0000] {dag.py:4180} INFO - Setting next_dagrun for example_external_task_marker_child to None, run_after=None
[2026-06-13T17:37:13.375+0000] {logging_mixin.py:190} INFO - [2026-06-13T17:37:13.375+0000] {dag.py:4180} INFO - Setting next_dagrun for example_external_task_marker_parent to None, run_after=None
[2026-06-13T17:37:13.389+0000] {processor.py:208} INFO - Processing /home/airflow/.local/lib/python3.12/site-packages/airflow/example_dags/example_external_task_marker_dag.py took 0.067 seconds
[2026-06-13T17:37:43.679+0000] {processor.py:186} INFO - Started process (PID=5749) to work on /home/airflow/.local/lib/python3.12/site-packages/airflow/example_dags/example_external_task_marker_dag.py
[2026-06-13T17:37:43.680+0000] {processor.py:914} INFO - Processing file /home/airflow/.local/lib/python3.12/site-packages/airflow/example_dags/example_external_task_marker_dag.py for tasks to queue
[2026-06-13T17:37:43.682+0000] {logging_mixin.py:190} INFO - [2026-06-13T17:37:43.682+0000] {dagbag.py:588} INFO - Filling up the DagBag from /home/airflow/.local/lib/python3.12/site-packages/airflow/example_dags/example_external_task_marker_dag.py
[2026-06-13T17:37:43.689+0000] {processor.py:925} INFO - DAG(s) 'example_external_task_marker_parent', 'example_external_task_marker_child' retrieved from /home/airflow/.local/lib/python3.12/site-packages/airflow/example_dags/example_external_task_marker_dag.py
[2026-06-13T17:37:43.707+0000] {logging_mixin.py:190} INFO - [2026-06-13T17:37:43.706+0000] {dag.py:3239} INFO - Sync 2 DAGs
[2026-06-13T17:37:43.718+0000] {logging_mixin.py:190} INFO - [2026-06-13T17:37:43.718+0000] {dag.py:4180} INFO - Setting next_dagrun for example_external_task_marker_child to None, run_after=None
[2026-06-13T17:37:43.722+0000] {logging_mixin.py:190} INFO - [2026-06-13T17:37:43.722+0000] {dag.py:4180} INFO - Setting next_dagrun for example_external_task_marker_parent to None, run_after=None
[2026-06-13T17:37:43.739+0000] {processor.py:208} INFO - Processing /home/airflow/.local/lib/python3.12/site-packages/airflow/example_dags/example_external_task_marker_dag.py took 0.066 seconds
[2026-06-13T17:38:14.681+0000] {processor.py:186} INFO - Started process (PID=5811) to work on /home/airflow/.local/lib/python3.12/site-packages/airflow/example_dags/example_external_task_marker_dag.py
[2026-06-13T17:38:14.682+0000] {processor.py:914} INFO - Processing file /home/airflow/.local/lib/python3.12/site-packages/airflow/example_dags/example_external_task_marker_dag.py for tasks to queue
[2026-06-13T17:38:14.684+0000] {logging_mixin.py:190} INFO - [2026-06-13T17:38:14.684+0000] {dagbag.py:588} INFO - Filling up the DagBag from /home/airflow/.local/lib/python3.12/site-packages/airflow/example_dags/example_external_task_marker_dag.py
[2026-06-13T17:38:14.691+0000] {processor.py:925} INFO - DAG(s) 'example_external_task_marker_child', 'example_external_task_marker_parent' retrieved from /home/airflow/.local/lib/python3.12/site-packages/airflow/example_dags/example_external_task_marker_dag.py
[2026-06-13T17:38:14.709+0000] {logging_mixin.py:190} INFO - [2026-06-13T17:38:14.709+0000] {dag.py:3239} INFO - Sync 2 DAGs
[2026-06-13T17:38:14.719+0000] {logging_mixin.py:190} INFO - [2026-06-13T17:38:14.719+0000] {dag.py:4180} INFO - Setting next_dagrun for example_external_task_marker_child to None, run_after=None
[2026-06-13T17:38:14.723+0000] {logging_mixin.py:190} INFO - [2026-06-13T17:38:14.723+0000] {dag.py:4180} INFO - Setting next_dagrun for example_external_task_marker_parent to None, run_after=None
[2026-06-13T17:38:14.739+0000] {processor.py:208} INFO - Processing /home/airflow/.local/lib/python3.12/site-packages/airflow/example_dags/example_external_task_marker_dag.py took 0.063 seconds
[2026-06-13T17:38:45.098+0000] {processor.py:186} INFO - Started process (PID=5873) to work on /home/airflow/.local/lib/python3.12/site-packages/airflow/example_dags/example_external_task_marker_dag.py
[2026-06-13T17:38:45.100+0000] {processor.py:914} INFO - Processing file /home/airflow/.local/lib/python3.12/site-packages/airflow/example_dags/example_external_task_marker_dag.py for tasks to queue
[2026-06-13T17:38:45.103+0000] {logging_mixin.py:190} INFO - [2026-06-13T17:38:45.102+0000] {dagbag.py:588} INFO - Filling up the DagBag from /home/airflow/.local/lib/python3.12/site-packages/airflow/example_dags/example_external_task_marker_dag.py
[2026-06-13T17:38:45.111+0000] {processor.py:925} INFO - DAG(s) 'example_external_task_marker_child', 'example_external_task_marker_parent' retrieved from /home/airflow/.local/lib/python3.12/site-packages/airflow/example_dags/example_external_task_marker_dag.py
[2026-06-13T17:38:45.134+0000] {logging_mixin.py:190} INFO - [2026-06-13T17:38:45.134+0000] {dag.py:3239} INFO - Sync 2 DAGs
[2026-06-13T17:38:45.149+0000] {logging_mixin.py:190} INFO - [2026-06-13T17:38:45.148+0000] {dag.py:4180} INFO - Setting next_dagrun for example_external_task_marker_child to None, run_after=None
[2026-06-13T17:38:45.153+0000] {logging_mixin.py:190} INFO - [2026-06-13T17:38:45.153+0000] {dag.py:4180} INFO - Setting next_dagrun for example_external_task_marker_parent to None, run_after=None
[2026-06-13T17:38:45.171+0000] {processor.py:208} INFO - Processing /home/airflow/.local/lib/python3.12/site-packages/airflow/example_dags/example_external_task_marker_dag.py took 0.079 seconds
[2026-06-13T17:39:15.648+0000] {processor.py:186} INFO - Started process (PID=5935) to work on /home/airflow/.local/lib/python3.12/site-packages/airflow/example_dags/example_external_task_marker_dag.py
[2026-06-13T17:39:15.650+0000] {processor.py:914} INFO - Processing file /home/airflow/.local/lib/python3.12/site-packages/airflow/example_dags/example_external_task_marker_dag.py for tasks to queue
[2026-06-13T17:39:15.654+0000] {logging_mixin.py:190} INFO - [2026-06-13T17:39:15.654+0000] {dagbag.py:588} INFO - Filling up the DagBag from /home/airflow/.local/lib/python3.12/site-packages/airflow/example_dags/example_external_task_marker_dag.py
[2026-06-13T17:39:15.665+0000] {processor.py:925} INFO - DAG(s) 'example_external_task_marker_parent', 'example_external_task_marker_child' retrieved from /home/airflow/.local/lib/python3.12/site-packages/airflow/example_dags/example_external_task_marker_dag.py
[2026-06-13T17:39:15.689+0000] {logging_mixin.py:190} INFO - [2026-06-13T17:39:15.689+0000] {dag.py:3239} INFO - Sync 2 DAGs
[2026-06-13T17:39:15.700+0000] {logging_mixin.py:190} INFO - [2026-06-13T17:39:15.700+0000] {dag.py:4180} INFO - Setting next_dagrun for example_external_task_marker_child to None, run_after=None
[2026-06-13T17:39:15.704+0000] {logging_mixin.py:190} INFO - [2026-06-13T17:39:15.703+0000] {dag.py:4180} INFO - Setting next_dagrun for example_external_task_marker_parent to None, run_after=None
[2026-06-13T17:39:15.724+0000] {processor.py:208} INFO - Processing /home/airflow/.local/lib/python3.12/site-packages/airflow/example_dags/example_external_task_marker_dag.py took 0.083 seconds
[2026-06-13T17:39:45.989+0000] {processor.py:186} INFO - Started process (PID=5997) to work on /home/airflow/.local/lib/python3.12/site-packages/airflow/example_dags/example_external_task_marker_dag.py
[2026-06-13T17:39:45.990+0000] {processor.py:914} INFO - Processing file /home/airflow/.local/lib/python3.12/site-packages/airflow/example_dags/example_external_task_marker_dag.py for tasks to queue
[2026-06-13T17:39:45.992+0000] {logging_mixin.py:190} INFO - [2026-06-13T17:39:45.992+0000] {dagbag.py:588} INFO - Filling up the DagBag from /home/airflow/.local/lib/python3.12/site-packages/airflow/example_dags/example_external_task_marker_dag.py
[2026-06-13T17:39:45.998+0000] {processor.py:925} INFO - DAG(s) 'example_external_task_marker_child', 'example_external_task_marker_parent' retrieved from /home/airflow/.local/lib/python3.12/site-packages/airflow/example_dags/example_external_task_marker_dag.py
[2026-06-13T17:39:46.016+0000] {logging_mixin.py:190} INFO - [2026-06-13T17:39:46.016+0000] {dag.py:3239} INFO - Sync 2 DAGs
[2026-06-13T17:39:46.028+0000] {logging_mixin.py:190} INFO - [2026-06-13T17:39:46.027+0000] {dag.py:4180} INFO - Setting next_dagrun for example_external_task_marker_child to None, run_after=None
[2026-06-13T17:39:46.031+0000] {logging_mixin.py:190} INFO - [2026-06-13T17:39:46.031+0000] {dag.py:4180} INFO - Setting next_dagrun for example_external_task_marker_parent to None, run_after=None
[2026-06-13T17:39:46.046+0000] {processor.py:208} INFO - Processing /home/airflow/.local/lib/python3.12/site-packages/airflow/example_dags/example_external_task_marker_dag.py took 0.062 seconds
[2026-06-13T17:40:16.139+0000] {processor.py:186} INFO - Started process (PID=6059) to work on /home/airflow/.local/lib/python3.12/site-packages/airflow/example_dags/example_external_task_marker_dag.py
[2026-06-13T17:40:16.140+0000] {processor.py:914} INFO - Processing file /home/airflow/.local/lib/python3.12/site-packages/airflow/example_dags/example_external_task_marker_dag.py for tasks to queue
[2026-06-13T17:40:16.144+0000] {logging_mixin.py:190} INFO - [2026-06-13T17:40:16.143+0000] {dagbag.py:588} INFO - Filling up the DagBag from /home/airflow/.local/lib/python3.12/site-packages/airflow/example_dags/example_external_task_marker_dag.py
[2026-06-13T17:40:16.151+0000] {processor.py:925} INFO - DAG(s) 'example_external_task_marker_child', 'example_external_task_marker_parent' retrieved from /home/airflow/.local/lib/python3.12/site-packages/airflow/example_dags/example_external_task_marker_dag.py
[2026-06-13T17:40:16.171+0000] {logging_mixin.py:190} INFO - [2026-06-13T17:40:16.171+0000] {dag.py:3239} INFO - Sync 2 DAGs
[2026-06-13T17:40:16.183+0000] {logging_mixin.py:190} INFO - [2026-06-13T17:40:16.183+0000] {dag.py:4180} INFO - Setting next_dagrun for example_external_task_marker_child to None, run_after=None
[2026-06-13T17:40:16.188+0000] {logging_mixin.py:190} INFO - [2026-06-13T17:40:16.187+0000] {dag.py:4180} INFO - Setting next_dagrun for example_external_task_marker_parent to None, run_after=None
[2026-06-13T17:40:16.207+0000] {processor.py:208} INFO - Processing /home/airflow/.local/lib/python3.12/site-packages/airflow/example_dags/example_external_task_marker_dag.py took 0.073 seconds
[2026-06-13T17:40:46.291+0000] {processor.py:186} INFO - Started process (PID=6121) to work on /home/airflow/.local/lib/python3.12/site-packages/airflow/example_dags/example_external_task_marker_dag.py
[2026-06-13T17:40:46.292+0000] {processor.py:914} INFO - Processing file /home/airflow/.local/lib/python3.12/site-packages/airflow/example_dags/example_external_task_marker_dag.py for tasks to queue
[2026-06-13T17:40:46.294+0000] {logging_mixin.py:190} INFO - [2026-06-13T17:40:46.294+0000] {dagbag.py:588} INFO - Filling up the DagBag from /home/airflow/.local/lib/python3.12/site-packages/airflow/example_dags/example_external_task_marker_dag.py
[2026-06-13T17:40:46.301+0000] {processor.py:925} INFO - DAG(s) 'example_external_task_marker_child', 'example_external_task_marker_parent' retrieved from /home/airflow/.local/lib/python3.12/site-packages/airflow/example_dags/example_external_task_marker_dag.py
[2026-06-13T17:40:46.320+0000] {logging_mixin.py:190} INFO - [2026-06-13T17:40:46.319+0000] {dag.py:3239} INFO - Sync 2 DAGs
[2026-06-13T17:40:46.335+0000] {logging_mixin.py:190} INFO - [2026-06-13T17:40:46.335+0000] {dag.py:4180} INFO - Setting next_dagrun for example_external_task_marker_child to None, run_after=None
[2026-06-13T17:40:46.339+0000] {logging_mixin.py:190} INFO - [2026-06-13T17:40:46.339+0000] {dag.py:4180} INFO - Setting next_dagrun for example_external_task_marker_parent to None, run_after=None
[2026-06-13T17:40:46.359+0000] {processor.py:208} INFO - Processing /home/airflow/.local/lib/python3.12/site-packages/airflow/example_dags/example_external_task_marker_dag.py took 0.073 seconds
[2026-06-13T17:41:16.981+0000] {processor.py:186} INFO - Started process (PID=6183) to work on /home/airflow/.local/lib/python3.12/site-packages/airflow/example_dags/example_external_task_marker_dag.py
[2026-06-13T17:41:16.983+0000] {processor.py:914} INFO - Processing file /home/airflow/.local/lib/python3.12/site-packages/airflow/example_dags/example_external_task_marker_dag.py for tasks to queue
[2026-06-13T17:41:16.986+0000] {logging_mixin.py:190} INFO - [2026-06-13T17:41:16.985+0000] {dagbag.py:588} INFO - Filling up the DagBag from /home/airflow/.local/lib/python3.12/site-packages/airflow/example_dags/example_external_task_marker_dag.py
[2026-06-13T17:41:16.992+0000] {processor.py:925} INFO - DAG(s) 'example_external_task_marker_child', 'example_external_task_marker_parent' retrieved from /home/airflow/.local/lib/python3.12/site-packages/airflow/example_dags/example_external_task_marker_dag.py
[2026-06-13T17:41:17.010+0000] {logging_mixin.py:190} INFO - [2026-06-13T17:41:17.010+0000] {dag.py:3239} INFO - Sync 2 DAGs
[2026-06-13T17:41:17.022+0000] {logging_mixin.py:190} INFO - [2026-06-13T17:41:17.022+0000] {dag.py:4180} INFO - Setting next_dagrun for example_external_task_marker_child to None, run_after=None
[2026-06-13T17:41:17.025+0000] {logging_mixin.py:190} INFO - [2026-06-13T17:41:17.025+0000] {dag.py:4180} INFO - Setting next_dagrun for example_external_task_marker_parent to None, run_after=None
[2026-06-13T17:41:17.039+0000] {processor.py:208} INFO - Processing /home/airflow/.local/lib/python3.12/site-packages/airflow/example_dags/example_external_task_marker_dag.py took 0.063 seconds
[2026-06-13T17:41:47.133+0000] {processor.py:186} INFO - Started process (PID=6245) to work on /home/airflow/.local/lib/python3.12/site-packages/airflow/example_dags/example_external_task_marker_dag.py
[2026-06-13T17:41:47.134+0000] {processor.py:914} INFO - Processing file /home/airflow/.local/lib/python3.12/site-packages/airflow/example_dags/example_external_task_marker_dag.py for tasks to queue
[2026-06-13T17:41:47.136+0000] {logging_mixin.py:190} INFO - [2026-06-13T17:41:47.136+0000] {dagbag.py:588} INFO - Filling up the DagBag from /home/airflow/.local/lib/python3.12/site-packages/airflow/example_dags/example_external_task_marker_dag.py
[2026-06-13T17:41:47.143+0000] {processor.py:925} INFO - DAG(s) 'example_external_task_marker_child', 'example_external_task_marker_parent' retrieved from /home/airflow/.local/lib/python3.12/site-packages/airflow/example_dags/example_external_task_marker_dag.py
[2026-06-13T17:41:47.161+0000] {logging_mixin.py:190} INFO - [2026-06-13T17:41:47.160+0000] {dag.py:3239} INFO - Sync 2 DAGs
[2026-06-13T17:41:47.172+0000] {logging_mixin.py:190} INFO - [2026-06-13T17:41:47.172+0000] {dag.py:4180} INFO - Setting next_dagrun for example_external_task_marker_child to None, run_after=None
[2026-06-13T17:41:47.176+0000] {logging_mixin.py:190} INFO - [2026-06-13T17:41:47.175+0000] {dag.py:4180} INFO - Setting next_dagrun for example_external_task_marker_parent to None, run_after=None
[2026-06-13T17:41:47.191+0000] {processor.py:208} INFO - Processing /home/airflow/.local/lib/python3.12/site-packages/airflow/example_dags/example_external_task_marker_dag.py took 0.062 seconds
[2026-06-13T17:42:17.343+0000] {processor.py:186} INFO - Started process (PID=6307) to work on /home/airflow/.local/lib/python3.12/site-packages/airflow/example_dags/example_external_task_marker_dag.py
[2026-06-13T17:42:17.344+0000] {processor.py:914} INFO - Processing file /home/airflow/.local/lib/python3.12/site-packages/airflow/example_dags/example_external_task_marker_dag.py for tasks to queue
[2026-06-13T17:42:17.346+0000] {logging_mixin.py:190} INFO - [2026-06-13T17:42:17.346+0000] {dagbag.py:588} INFO - Filling up the DagBag from /home/airflow/.local/lib/python3.12/site-packages/airflow/example_dags/example_external_task_marker_dag.py
[2026-06-13T17:42:17.352+0000] {processor.py:925} INFO - DAG(s) 'example_external_task_marker_parent', 'example_external_task_marker_child' retrieved from /home/airflow/.local/lib/python3.12/site-packages/airflow/example_dags/example_external_task_marker_dag.py
[2026-06-13T17:42:17.370+0000] {logging_mixin.py:190} INFO - [2026-06-13T17:42:17.370+0000] {dag.py:3239} INFO - Sync 2 DAGs
[2026-06-13T17:42:17.380+0000] {logging_mixin.py:190} INFO - [2026-06-13T17:42:17.380+0000] {dag.py:4180} INFO - Setting next_dagrun for example_external_task_marker_child to None, run_after=None
[2026-06-13T17:42:17.383+0000] {logging_mixin.py:190} INFO - [2026-06-13T17:42:17.383+0000] {dag.py:4180} INFO - Setting next_dagrun for example_external_task_marker_parent to None, run_after=None
[2026-06-13T17:42:17.398+0000] {processor.py:208} INFO - Processing /home/airflow/.local/lib/python3.12/site-packages/airflow/example_dags/example_external_task_marker_dag.py took 0.060 seconds
[2026-06-13T17:42:47.676+0000] {processor.py:186} INFO - Started process (PID=6369) to work on /home/airflow/.local/lib/python3.12/site-packages/airflow/example_dags/example_external_task_marker_dag.py
[2026-06-13T17:42:47.678+0000] {processor.py:914} INFO - Processing file /home/airflow/.local/lib/python3.12/site-packages/airflow/example_dags/example_external_task_marker_dag.py for tasks to queue
[2026-06-13T17:42:47.680+0000] {logging_mixin.py:190} INFO - [2026-06-13T17:42:47.680+0000] {dagbag.py:588} INFO - Filling up the DagBag from /home/airflow/.local/lib/python3.12/site-packages/airflow/example_dags/example_external_task_marker_dag.py
[2026-06-13T17:42:47.687+0000] {processor.py:925} INFO - DAG(s) 'example_external_task_marker_parent', 'example_external_task_marker_child' retrieved from /home/airflow/.local/lib/python3.12/site-packages/airflow/example_dags/example_external_task_marker_dag.py
[2026-06-13T17:42:47.706+0000] {logging_mixin.py:190} INFO - [2026-06-13T17:42:47.706+0000] {dag.py:3239} INFO - Sync 2 DAGs
[2026-06-13T17:42:47.717+0000] {logging_mixin.py:190} INFO - [2026-06-13T17:42:47.717+0000] {dag.py:4180} INFO - Setting next_dagrun for example_external_task_marker_child to None, run_after=None
[2026-06-13T17:42:47.721+0000] {logging_mixin.py:190} INFO - [2026-06-13T17:42:47.721+0000] {dag.py:4180} INFO - Setting next_dagrun for example_external_task_marker_parent to None, run_after=None
[2026-06-13T17:42:47.736+0000] {processor.py:208} INFO - Processing /home/airflow/.local/lib/python3.12/site-packages/airflow/example_dags/example_external_task_marker_dag.py took 0.065 seconds
[2026-06-13T17:43:18.165+0000] {processor.py:186} INFO - Started process (PID=6431) to work on /home/airflow/.local/lib/python3.12/site-packages/airflow/example_dags/example_external_task_marker_dag.py
[2026-06-13T17:43:18.167+0000] {processor.py:914} INFO - Processing file /home/airflow/.local/lib/python3.12/site-packages/airflow/example_dags/example_external_task_marker_dag.py for tasks to queue
[2026-06-13T17:43:18.170+0000] {logging_mixin.py:190} INFO - [2026-06-13T17:43:18.169+0000] {dagbag.py:588} INFO - Filling up the DagBag from /home/airflow/.local/lib/python3.12/site-packages/airflow/example_dags/example_external_task_marker_dag.py
[2026-06-13T17:43:18.177+0000] {processor.py:925} INFO - DAG(s) 'example_external_task_marker_child', 'example_external_task_marker_parent' retrieved from /home/airflow/.local/lib/python3.12/site-packages/airflow/example_dags/example_external_task_marker_dag.py
[2026-06-13T17:43:18.199+0000] {logging_mixin.py:190} INFO - [2026-06-13T17:43:18.199+0000] {dag.py:3239} INFO - Sync 2 DAGs
[2026-06-13T17:43:18.211+0000] {logging_mixin.py:190} INFO - [2026-06-13T17:43:18.211+0000] {dag.py:4180} INFO - Setting next_dagrun for example_external_task_marker_child to None, run_after=None
[2026-06-13T17:43:18.215+0000] {logging_mixin.py:190} INFO - [2026-06-13T17:43:18.215+0000] {dag.py:4180} INFO - Setting next_dagrun for example_external_task_marker_parent to None, run_after=None
[2026-06-13T17:43:18.234+0000] {processor.py:208} INFO - Processing /home/airflow/.local/lib/python3.12/site-packages/airflow/example_dags/example_external_task_marker_dag.py took 0.073 seconds
[2026-06-13T17:43:48.304+0000] {processor.py:186} INFO - Started process (PID=6493) to work on /home/airflow/.local/lib/python3.12/site-packages/airflow/example_dags/example_external_task_marker_dag.py
[2026-06-13T17:43:48.305+0000] {processor.py:914} INFO - Processing file /home/airflow/.local/lib/python3.12/site-packages/airflow/example_dags/example_external_task_marker_dag.py for tasks to queue
[2026-06-13T17:43:48.307+0000] {logging_mixin.py:190} INFO - [2026-06-13T17:43:48.307+0000] {dagbag.py:588} INFO - Filling up the DagBag from /home/airflow/.local/lib/python3.12/site-packages/airflow/example_dags/example_external_task_marker_dag.py
[2026-06-13T17:43:48.314+0000] {processor.py:925} INFO - DAG(s) 'example_external_task_marker_parent', 'example_external_task_marker_child' retrieved from /home/airflow/.local/lib/python3.12/site-packages/airflow/example_dags/example_external_task_marker_dag.py
[2026-06-13T17:43:48.334+0000] {logging_mixin.py:190} INFO - [2026-06-13T17:43:48.334+0000] {dag.py:3239} INFO - Sync 2 DAGs
[2026-06-13T17:43:48.347+0000] {logging_mixin.py:190} INFO - [2026-06-13T17:43:48.347+0000] {dag.py:4180} INFO - Setting next_dagrun for example_external_task_marker_child to None, run_after=None
[2026-06-13T17:43:48.352+0000] {logging_mixin.py:190} INFO - [2026-06-13T17:43:48.351+0000] {dag.py:4180} INFO - Setting next_dagrun for example_external_task_marker_parent to None, run_after=None
[2026-06-13T17:43:48.367+0000] {processor.py:208} INFO - Processing /home/airflow/.local/lib/python3.12/site-packages/airflow/example_dags/example_external_task_marker_dag.py took 0.068 seconds
[2026-06-13T17:44:18.501+0000] {processor.py:186} INFO - Started process (PID=6555) to work on /home/airflow/.local/lib/python3.12/site-packages/airflow/example_dags/example_external_task_marker_dag.py
[2026-06-13T17:44:18.502+0000] {processor.py:914} INFO - Processing file /home/airflow/.local/lib/python3.12/site-packages/airflow/example_dags/example_external_task_marker_dag.py for tasks to queue
[2026-06-13T17:44:18.504+0000] {logging_mixin.py:190} INFO - [2026-06-13T17:44:18.503+0000] {dagbag.py:588} INFO - Filling up the DagBag from /home/airflow/.local/lib/python3.12/site-packages/airflow/example_dags/example_external_task_marker_dag.py
[2026-06-13T17:44:18.510+0000] {processor.py:925} INFO - DAG(s) 'example_external_task_marker_child', 'example_external_task_marker_parent' retrieved from /home/airflow/.local/lib/python3.12/site-packages/airflow/example_dags/example_external_task_marker_dag.py
[2026-06-13T17:44:18.530+0000] {logging_mixin.py:190} INFO - [2026-06-13T17:44:18.530+0000] {dag.py:3239} INFO - Sync 2 DAGs
[2026-06-13T17:44:18.543+0000] {logging_mixin.py:190} INFO - [2026-06-13T17:44:18.542+0000] {dag.py:4180} INFO - Setting next_dagrun for example_external_task_marker_child to None, run_after=None
[2026-06-13T17:44:18.546+0000] {logging_mixin.py:190} INFO - [2026-06-13T17:44:18.546+0000] {dag.py:4180} INFO - Setting next_dagrun for example_external_task_marker_parent to None, run_after=None
[2026-06-13T17:44:18.559+0000] {processor.py:208} INFO - Processing /home/airflow/.local/lib/python3.12/site-packages/airflow/example_dags/example_external_task_marker_dag.py took 0.063 seconds
[2026-06-13T17:44:48.864+0000] {processor.py:186} INFO - Started process (PID=6617) to work on /home/airflow/.local/lib/python3.12/site-packages/airflow/example_dags/example_external_task_marker_dag.py
[2026-06-13T17:44:48.865+0000] {processor.py:914} INFO - Processing file /home/airflow/.local/lib/python3.12/site-packages/airflow/example_dags/example_external_task_marker_dag.py for tasks to queue
[2026-06-13T17:44:48.868+0000] {logging_mixin.py:190} INFO - [2026-06-13T17:44:48.868+0000] {dagbag.py:588} INFO - Filling up the DagBag from /home/airflow/.local/lib/python3.12/site-packages/airflow/example_dags/example_external_task_marker_dag.py
[2026-06-13T17:44:48.880+0000] {processor.py:925} INFO - DAG(s) 'example_external_task_marker_child', 'example_external_task_marker_parent' retrieved from /home/airflow/.local/lib/python3.12/site-packages/airflow/example_dags/example_external_task_marker_dag.py
[2026-06-13T17:44:48.909+0000] {logging_mixin.py:190} INFO - [2026-06-13T17:44:48.909+0000] {dag.py:3239} INFO - Sync 2 DAGs
[2026-06-13T17:44:48.924+0000] {logging_mixin.py:190} INFO - [2026-06-13T17:44:48.924+0000] {dag.py:4180} INFO - Setting next_dagrun for example_external_task_marker_child to None, run_after=None
[2026-06-13T17:44:48.930+0000] {logging_mixin.py:190} INFO - [2026-06-13T17:44:48.930+0000] {dag.py:4180} INFO - Setting next_dagrun for example_external_task_marker_parent to None, run_after=None
[2026-06-13T17:44:48.947+0000] {processor.py:208} INFO - Processing /home/airflow/.local/lib/python3.12/site-packages/airflow/example_dags/example_external_task_marker_dag.py took 0.090 seconds
[2026-06-13T17:45:19.615+0000] {processor.py:186} INFO - Started process (PID=6679) to work on /home/airflow/.local/lib/python3.12/site-packages/airflow/example_dags/example_external_task_marker_dag.py
[2026-06-13T17:45:19.616+0000] {processor.py:914} INFO - Processing file /home/airflow/.local/lib/python3.12/site-packages/airflow/example_dags/example_external_task_marker_dag.py for tasks to queue
[2026-06-13T17:45:19.618+0000] {logging_mixin.py:190} INFO - [2026-06-13T17:45:19.618+0000] {dagbag.py:588} INFO - Filling up the DagBag from /home/airflow/.local/lib/python3.12/site-packages/airflow/example_dags/example_external_task_marker_dag.py
[2026-06-13T17:45:19.625+0000] {processor.py:925} INFO - DAG(s) 'example_external_task_marker_child', 'example_external_task_marker_parent' retrieved from /home/airflow/.local/lib/python3.12/site-packages/airflow/example_dags/example_external_task_marker_dag.py
[2026-06-13T17:45:19.645+0000] {logging_mixin.py:190} INFO - [2026-06-13T17:45:19.644+0000] {dag.py:3239} INFO - Sync 2 DAGs
[2026-06-13T17:45:19.656+0000] {logging_mixin.py:190} INFO - [2026-06-13T17:45:19.656+0000] {dag.py:4180} INFO - Setting next_dagrun for example_external_task_marker_child to None, run_after=None
[2026-06-13T17:45:19.659+0000] {logging_mixin.py:190} INFO - [2026-06-13T17:45:19.659+0000] {dag.py:4180} INFO - Setting next_dagrun for example_external_task_marker_parent to None, run_after=None
[2026-06-13T17:45:19.673+0000] {processor.py:208} INFO - Processing /home/airflow/.local/lib/python3.12/site-packages/airflow/example_dags/example_external_task_marker_dag.py took 0.063 seconds
[2026-06-13T17:45:50.003+0000] {processor.py:186} INFO - Started process (PID=6741) to work on /home/airflow/.local/lib/python3.12/site-packages/airflow/example_dags/example_external_task_marker_dag.py
[2026-06-13T17:45:50.005+0000] {processor.py:914} INFO - Processing file /home/airflow/.local/lib/python3.12/site-packages/airflow/example_dags/example_external_task_marker_dag.py for tasks to queue
[2026-06-13T17:45:50.007+0000] {logging_mixin.py:190} INFO - [2026-06-13T17:45:50.007+0000] {dagbag.py:588} INFO - Filling up the DagBag from /home/airflow/.local/lib/python3.12/site-packages/airflow/example_dags/example_external_task_marker_dag.py
[2026-06-13T17:45:50.015+0000] {processor.py:925} INFO - DAG(s) 'example_external_task_marker_parent', 'example_external_task_marker_child' retrieved from /home/airflow/.local/lib/python3.12/site-packages/airflow/example_dags/example_external_task_marker_dag.py
[2026-06-13T17:45:50.035+0000] {logging_mixin.py:190} INFO - [2026-06-13T17:45:50.035+0000] {dag.py:3239} INFO - Sync 2 DAGs
[2026-06-13T17:45:50.045+0000] {logging_mixin.py:190} INFO - [2026-06-13T17:45:50.045+0000] {dag.py:4180} INFO - Setting next_dagrun for example_external_task_marker_child to None, run_after=None
[2026-06-13T17:45:50.049+0000] {logging_mixin.py:190} INFO - [2026-06-13T17:45:50.048+0000] {dag.py:4180} INFO - Setting next_dagrun for example_external_task_marker_parent to None, run_after=None
[2026-06-13T17:45:50.065+0000] {processor.py:208} INFO - Processing /home/airflow/.local/lib/python3.12/site-packages/airflow/example_dags/example_external_task_marker_dag.py took 0.067 seconds
[2026-06-13T17:46:20.712+0000] {processor.py:186} INFO - Started process (PID=6803) to work on /home/airflow/.local/lib/python3.12/site-packages/airflow/example_dags/example_external_task_marker_dag.py
[2026-06-13T17:46:20.713+0000] {processor.py:914} INFO - Processing file /home/airflow/.local/lib/python3.12/site-packages/airflow/example_dags/example_external_task_marker_dag.py for tasks to queue
[2026-06-13T17:46:20.716+0000] {logging_mixin.py:190} INFO - [2026-06-13T17:46:20.716+0000] {dagbag.py:588} INFO - Filling up the DagBag from /home/airflow/.local/lib/python3.12/site-packages/airflow/example_dags/example_external_task_marker_dag.py
[2026-06-13T17:46:20.722+0000] {processor.py:925} INFO - DAG(s) 'example_external_task_marker_parent', 'example_external_task_marker_child' retrieved from /home/airflow/.local/lib/python3.12/site-packages/airflow/example_dags/example_external_task_marker_dag.py
[2026-06-13T17:46:20.743+0000] {logging_mixin.py:190} INFO - [2026-06-13T17:46:20.743+0000] {dag.py:3239} INFO - Sync 2 DAGs
[2026-06-13T17:46:20.754+0000] {logging_mixin.py:190} INFO - [2026-06-13T17:46:20.754+0000] {dag.py:4180} INFO - Setting next_dagrun for example_external_task_marker_child to None, run_after=None
[2026-06-13T17:46:20.757+0000] {logging_mixin.py:190} INFO - [2026-06-13T17:46:20.757+0000] {dag.py:4180} INFO - Setting next_dagrun for example_external_task_marker_parent to None, run_after=None
[2026-06-13T17:46:20.769+0000] {processor.py:208} INFO - Processing /home/airflow/.local/lib/python3.12/site-packages/airflow/example_dags/example_external_task_marker_dag.py took 0.062 seconds
[2026-06-13T17:46:51.076+0000] {processor.py:186} INFO - Started process (PID=6865) to work on /home/airflow/.local/lib/python3.12/site-packages/airflow/example_dags/example_external_task_marker_dag.py
[2026-06-13T17:46:51.077+0000] {processor.py:914} INFO - Processing file /home/airflow/.local/lib/python3.12/site-packages/airflow/example_dags/example_external_task_marker_dag.py for tasks to queue
[2026-06-13T17:46:51.079+0000] {logging_mixin.py:190} INFO - [2026-06-13T17:46:51.079+0000] {dagbag.py:588} INFO - Filling up the DagBag from /home/airflow/.local/lib/python3.12/site-packages/airflow/example_dags/example_external_task_marker_dag.py
[2026-06-13T17:46:51.086+0000] {processor.py:925} INFO - DAG(s) 'example_external_task_marker_child', 'example_external_task_marker_parent' retrieved from /home/airflow/.local/lib/python3.12/site-packages/airflow/example_dags/example_external_task_marker_dag.py
[2026-06-13T17:46:51.109+0000] {logging_mixin.py:190} INFO - [2026-06-13T17:46:51.108+0000] {dag.py:3239} INFO - Sync 2 DAGs
[2026-06-13T17:46:51.120+0000] {logging_mixin.py:190} INFO - [2026-06-13T17:46:51.120+0000] {dag.py:4180} INFO - Setting next_dagrun for example_external_task_marker_child to None, run_after=None
[2026-06-13T17:46:51.123+0000] {logging_mixin.py:190} INFO - [2026-06-13T17:46:51.123+0000] {dag.py:4180} INFO - Setting next_dagrun for example_external_task_marker_parent to None, run_after=None
[2026-06-13T17:46:51.141+0000] {processor.py:208} INFO - Processing /home/airflow/.local/lib/python3.12/site-packages/airflow/example_dags/example_external_task_marker_dag.py took 0.070 seconds
[2026-06-13T17:47:21.318+0000] {processor.py:186} INFO - Started process (PID=6927) to work on /home/airflow/.local/lib/python3.12/site-packages/airflow/example_dags/example_external_task_marker_dag.py
[2026-06-13T17:47:21.319+0000] {processor.py:914} INFO - Processing file /home/airflow/.local/lib/python3.12/site-packages/airflow/example_dags/example_external_task_marker_dag.py for tasks to queue
[2026-06-13T17:47:21.321+0000] {logging_mixin.py:190} INFO - [2026-06-13T17:47:21.321+0000] {dagbag.py:588} INFO - Filling up the DagBag from /home/airflow/.local/lib/python3.12/site-packages/airflow/example_dags/example_external_task_marker_dag.py
[2026-06-13T17:47:21.328+0000] {processor.py:925} INFO - DAG(s) 'example_external_task_marker_child', 'example_external_task_marker_parent' retrieved from /home/airflow/.local/lib/python3.12/site-packages/airflow/example_dags/example_external_task_marker_dag.py
[2026-06-13T17:47:21.348+0000] {logging_mixin.py:190} INFO - [2026-06-13T17:47:21.348+0000] {dag.py:3239} INFO - Sync 2 DAGs
[2026-06-13T17:47:21.361+0000] {logging_mixin.py:190} INFO - [2026-06-13T17:47:21.361+0000] {dag.py:4180} INFO - Setting next_dagrun for example_external_task_marker_child to None, run_after=None
[2026-06-13T17:47:21.365+0000] {logging_mixin.py:190} INFO - [2026-06-13T17:47:21.365+0000] {dag.py:4180} INFO - Setting next_dagrun for example_external_task_marker_parent to None, run_after=None
[2026-06-13T17:47:21.394+0000] {processor.py:208} INFO - Processing /home/airflow/.local/lib/python3.12/site-packages/airflow/example_dags/example_external_task_marker_dag.py took 0.081 seconds
[2026-06-13T17:47:51.796+0000] {processor.py:186} INFO - Started process (PID=6989) to work on /home/airflow/.local/lib/python3.12/site-packages/airflow/example_dags/example_external_task_marker_dag.py
[2026-06-13T17:47:51.797+0000] {processor.py:914} INFO - Processing file /home/airflow/.local/lib/python3.12/site-packages/airflow/example_dags/example_external_task_marker_dag.py for tasks to queue
[2026-06-13T17:47:51.799+0000] {logging_mixin.py:190} INFO - [2026-06-13T17:47:51.799+0000] {dagbag.py:588} INFO - Filling up the DagBag from /home/airflow/.local/lib/python3.12/site-packages/airflow/example_dags/example_external_task_marker_dag.py
[2026-06-13T17:47:51.806+0000] {processor.py:925} INFO - DAG(s) 'example_external_task_marker_child', 'example_external_task_marker_parent' retrieved from /home/airflow/.local/lib/python3.12/site-packages/airflow/example_dags/example_external_task_marker_dag.py
[2026-06-13T17:47:51.827+0000] {logging_mixin.py:190} INFO - [2026-06-13T17:47:51.827+0000] {dag.py:3239} INFO - Sync 2 DAGs
[2026-06-13T17:47:51.839+0000] {logging_mixin.py:190} INFO - [2026-06-13T17:47:51.839+0000] {dag.py:4180} INFO - Setting next_dagrun for example_external_task_marker_child to None, run_after=None
[2026-06-13T17:47:51.842+0000] {logging_mixin.py:190} INFO - [2026-06-13T17:47:51.842+0000] {dag.py:4180} INFO - Setting next_dagrun for example_external_task_marker_parent to None, run_after=None
[2026-06-13T17:47:51.856+0000] {processor.py:208} INFO - Processing /home/airflow/.local/lib/python3.12/site-packages/airflow/example_dags/example_external_task_marker_dag.py took 0.065 seconds
[2026-06-13T17:48:22.332+0000] {processor.py:186} INFO - Started process (PID=7051) to work on /home/airflow/.local/lib/python3.12/site-packages/airflow/example_dags/example_external_task_marker_dag.py
[2026-06-13T17:48:22.333+0000] {processor.py:914} INFO - Processing file /home/airflow/.local/lib/python3.12/site-packages/airflow/example_dags/example_external_task_marker_dag.py for tasks to queue
[2026-06-13T17:48:22.336+0000] {logging_mixin.py:190} INFO - [2026-06-13T17:48:22.335+0000] {dagbag.py:588} INFO - Filling up the DagBag from /home/airflow/.local/lib/python3.12/site-packages/airflow/example_dags/example_external_task_marker_dag.py
[2026-06-13T17:48:22.343+0000] {processor.py:925} INFO - DAG(s) 'example_external_task_marker_parent', 'example_external_task_marker_child' retrieved from /home/airflow/.local/lib/python3.12/site-packages/airflow/example_dags/example_external_task_marker_dag.py
[2026-06-13T17:48:22.369+0000] {logging_mixin.py:190} INFO - [2026-06-13T17:48:22.368+0000] {dag.py:3239} INFO - Sync 2 DAGs
[2026-06-13T17:48:22.387+0000] {logging_mixin.py:190} INFO - [2026-06-13T17:48:22.387+0000] {dag.py:4180} INFO - Setting next_dagrun for example_external_task_marker_child to None, run_after=None
[2026-06-13T17:48:22.392+0000] {logging_mixin.py:190} INFO - [2026-06-13T17:48:22.392+0000] {dag.py:4180} INFO - Setting next_dagrun for example_external_task_marker_parent to None, run_after=None
[2026-06-13T17:48:22.417+0000] {processor.py:208} INFO - Processing /home/airflow/.local/lib/python3.12/site-packages/airflow/example_dags/example_external_task_marker_dag.py took 0.092 seconds
[2026-06-13T17:48:52.481+0000] {processor.py:186} INFO - Started process (PID=7113) to work on /home/airflow/.local/lib/python3.12/site-packages/airflow/example_dags/example_external_task_marker_dag.py
[2026-06-13T17:48:52.482+0000] {processor.py:914} INFO - Processing file /home/airflow/.local/lib/python3.12/site-packages/airflow/example_dags/example_external_task_marker_dag.py for tasks to queue
[2026-06-13T17:48:52.484+0000] {logging_mixin.py:190} INFO - [2026-06-13T17:48:52.484+0000] {dagbag.py:588} INFO - Filling up the DagBag from /home/airflow/.local/lib/python3.12/site-packages/airflow/example_dags/example_external_task_marker_dag.py
[2026-06-13T17:48:52.492+0000] {processor.py:925} INFO - DAG(s) 'example_external_task_marker_child', 'example_external_task_marker_parent' retrieved from /home/airflow/.local/lib/python3.12/site-packages/airflow/example_dags/example_external_task_marker_dag.py
[2026-06-13T17:48:52.514+0000] {logging_mixin.py:190} INFO - [2026-06-13T17:48:52.514+0000] {dag.py:3239} INFO - Sync 2 DAGs
[2026-06-13T17:48:52.528+0000] {logging_mixin.py:190} INFO - [2026-06-13T17:48:52.528+0000] {dag.py:4180} INFO - Setting next_dagrun for example_external_task_marker_child to None, run_after=None
[2026-06-13T17:48:52.532+0000] {logging_mixin.py:190} INFO - [2026-06-13T17:48:52.532+0000] {dag.py:4180} INFO - Setting next_dagrun for example_external_task_marker_parent to None, run_after=None
[2026-06-13T17:48:52.552+0000] {processor.py:208} INFO - Processing /home/airflow/.local/lib/python3.12/site-packages/airflow/example_dags/example_external_task_marker_dag.py took 0.077 seconds
[2026-06-13T17:49:23.465+0000] {processor.py:186} INFO - Started process (PID=7174) to work on /home/airflow/.local/lib/python3.12/site-packages/airflow/example_dags/example_external_task_marker_dag.py
[2026-06-13T17:49:23.467+0000] {processor.py:914} INFO - Processing file /home/airflow/.local/lib/python3.12/site-packages/airflow/example_dags/example_external_task_marker_dag.py for tasks to queue
[2026-06-13T17:49:23.470+0000] {logging_mixin.py:190} INFO - [2026-06-13T17:49:23.469+0000] {dagbag.py:588} INFO - Filling up the DagBag from /home/airflow/.local/lib/python3.12/site-packages/airflow/example_dags/example_external_task_marker_dag.py
[2026-06-13T17:49:23.480+0000] {processor.py:925} INFO - DAG(s) 'example_external_task_marker_child', 'example_external_task_marker_parent' retrieved from /home/airflow/.local/lib/python3.12/site-packages/airflow/example_dags/example_external_task_marker_dag.py
[2026-06-13T17:49:23.509+0000] {logging_mixin.py:190} INFO - [2026-06-13T17:49:23.509+0000] {dag.py:3239} INFO - Sync 2 DAGs
[2026-06-13T17:49:23.523+0000] {logging_mixin.py:190} INFO - [2026-06-13T17:49:23.523+0000] {dag.py:4180} INFO - Setting next_dagrun for example_external_task_marker_child to None, run_after=None
[2026-06-13T17:49:23.527+0000] {logging_mixin.py:190} INFO - [2026-06-13T17:49:23.527+0000] {dag.py:4180} INFO - Setting next_dagrun for example_external_task_marker_parent to None, run_after=None
[2026-06-13T17:49:23.549+0000] {processor.py:208} INFO - Processing /home/airflow/.local/lib/python3.12/site-packages/airflow/example_dags/example_external_task_marker_dag.py took 0.091 seconds
[2026-06-13T17:49:54.339+0000] {processor.py:186} INFO - Started process (PID=7236) to work on /home/airflow/.local/lib/python3.12/site-packages/airflow/example_dags/example_external_task_marker_dag.py
[2026-06-13T17:49:54.341+0000] {processor.py:914} INFO - Processing file /home/airflow/.local/lib/python3.12/site-packages/airflow/example_dags/example_external_task_marker_dag.py for tasks to queue
[2026-06-13T17:49:54.347+0000] {logging_mixin.py:190} INFO - [2026-06-13T17:49:54.347+0000] {dagbag.py:588} INFO - Filling up the DagBag from /home/airflow/.local/lib/python3.12/site-packages/airflow/example_dags/example_external_task_marker_dag.py
[2026-06-13T17:49:54.366+0000] {processor.py:925} INFO - DAG(s) 'example_external_task_marker_child', 'example_external_task_marker_parent' retrieved from /home/airflow/.local/lib/python3.12/site-packages/airflow/example_dags/example_external_task_marker_dag.py
[2026-06-13T17:49:54.421+0000] {logging_mixin.py:190} INFO - [2026-06-13T17:49:54.421+0000] {dag.py:3239} INFO - Sync 2 DAGs
[2026-06-13T17:49:54.450+0000] {logging_mixin.py:190} INFO - [2026-06-13T17:49:54.450+0000] {dag.py:4180} INFO - Setting next_dagrun for example_external_task_marker_child to None, run_after=None
[2026-06-13T17:49:54.458+0000] {logging_mixin.py:190} INFO - [2026-06-13T17:49:54.457+0000] {dag.py:4180} INFO - Setting next_dagrun for example_external_task_marker_parent to None, run_after=None
[2026-06-13T17:49:54.506+0000] {processor.py:208} INFO - Processing /home/airflow/.local/lib/python3.12/site-packages/airflow/example_dags/example_external_task_marker_dag.py took 0.181 seconds
[2026-06-13T17:50:26.033+0000] {processor.py:186} INFO - Started process (PID=7299) to work on /home/airflow/.local/lib/python3.12/site-packages/airflow/example_dags/example_external_task_marker_dag.py
[2026-06-13T17:50:26.036+0000] {processor.py:914} INFO - Processing file /home/airflow/.local/lib/python3.12/site-packages/airflow/example_dags/example_external_task_marker_dag.py for tasks to queue
[2026-06-13T17:50:26.046+0000] {logging_mixin.py:190} INFO - [2026-06-13T17:50:26.044+0000] {dagbag.py:588} INFO - Filling up the DagBag from /home/airflow/.local/lib/python3.12/site-packages/airflow/example_dags/example_external_task_marker_dag.py
[2026-06-13T17:50:26.078+0000] {processor.py:925} INFO - DAG(s) 'example_external_task_marker_parent', 'example_external_task_marker_child' retrieved from /home/airflow/.local/lib/python3.12/site-packages/airflow/example_dags/example_external_task_marker_dag.py
[2026-06-13T17:50:26.171+0000] {logging_mixin.py:190} INFO - [2026-06-13T17:50:26.170+0000] {dag.py:3239} INFO - Sync 2 DAGs
[2026-06-13T17:50:29.410+0000] {logging_mixin.py:190} INFO - [2026-06-13T17:50:29.409+0000] {dag.py:4180} INFO - Setting next_dagrun for example_external_task_marker_child to None, run_after=None
[2026-06-13T17:50:29.424+0000] {logging_mixin.py:190} INFO - [2026-06-13T17:50:29.424+0000] {dag.py:4180} INFO - Setting next_dagrun for example_external_task_marker_parent to None, run_after=None
[2026-06-13T17:50:29.485+0000] {processor.py:208} INFO - Processing /home/airflow/.local/lib/python3.12/site-packages/airflow/example_dags/example_external_task_marker_dag.py took 3.470 seconds
[2026-06-13T17:50:59.728+0000] {processor.py:186} INFO - Started process (PID=7363) to work on /home/airflow/.local/lib/python3.12/site-packages/airflow/example_dags/example_external_task_marker_dag.py
[2026-06-13T17:50:59.730+0000] {processor.py:914} INFO - Processing file /home/airflow/.local/lib/python3.12/site-packages/airflow/example_dags/example_external_task_marker_dag.py for tasks to queue
[2026-06-13T17:50:59.738+0000] {logging_mixin.py:190} INFO - [2026-06-13T17:50:59.736+0000] {dagbag.py:588} INFO - Filling up the DagBag from /home/airflow/.local/lib/python3.12/site-packages/airflow/example_dags/example_external_task_marker_dag.py
[2026-06-13T17:50:59.757+0000] {processor.py:925} INFO - DAG(s) 'example_external_task_marker_child', 'example_external_task_marker_parent' retrieved from /home/airflow/.local/lib/python3.12/site-packages/airflow/example_dags/example_external_task_marker_dag.py
[2026-06-13T17:50:59.821+0000] {logging_mixin.py:190} INFO - [2026-06-13T17:50:59.820+0000] {dag.py:3239} INFO - Sync 2 DAGs
[2026-06-13T17:50:59.862+0000] {logging_mixin.py:190} INFO - [2026-06-13T17:50:59.861+0000] {dag.py:4180} INFO - Setting next_dagrun for example_external_task_marker_child to None, run_after=None
[2026-06-13T17:50:59.872+0000] {logging_mixin.py:190} INFO - [2026-06-13T17:50:59.871+0000] {dag.py:4180} INFO - Setting next_dagrun for example_external_task_marker_parent to None, run_after=None
[2026-06-13T17:50:59.920+0000] {processor.py:208} INFO - Processing /home/airflow/.local/lib/python3.12/site-packages/airflow/example_dags/example_external_task_marker_dag.py took 0.209 seconds
[2026-06-13T17:51:30.444+0000] {processor.py:186} INFO - Started process (PID=7425) to work on /home/airflow/.local/lib/python3.12/site-packages/airflow/example_dags/example_external_task_marker_dag.py
[2026-06-13T17:51:30.447+0000] {processor.py:914} INFO - Processing file /home/airflow/.local/lib/python3.12/site-packages/airflow/example_dags/example_external_task_marker_dag.py for tasks to queue
[2026-06-13T17:51:30.454+0000] {logging_mixin.py:190} INFO - [2026-06-13T17:51:30.453+0000] {dagbag.py:588} INFO - Filling up the DagBag from /home/airflow/.local/lib/python3.12/site-packages/airflow/example_dags/example_external_task_marker_dag.py
[2026-06-13T17:51:30.478+0000] {processor.py:925} INFO - DAG(s) 'example_external_task_marker_child', 'example_external_task_marker_parent' retrieved from /home/airflow/.local/lib/python3.12/site-packages/airflow/example_dags/example_external_task_marker_dag.py
[2026-06-13T17:51:30.596+0000] {logging_mixin.py:190} INFO - [2026-06-13T17:51:30.595+0000] {dag.py:3239} INFO - Sync 2 DAGs
[2026-06-13T17:51:30.646+0000] {logging_mixin.py:190} INFO - [2026-06-13T17:51:30.645+0000] {dag.py:4180} INFO - Setting next_dagrun for example_external_task_marker_child to None, run_after=None
[2026-06-13T17:51:30.658+0000] {logging_mixin.py:190} INFO - [2026-06-13T17:51:30.657+0000] {dag.py:4180} INFO - Setting next_dagrun for example_external_task_marker_parent to None, run_after=None
[2026-06-13T17:51:30.712+0000] {processor.py:208} INFO - Processing /home/airflow/.local/lib/python3.12/site-packages/airflow/example_dags/example_external_task_marker_dag.py took 0.282 seconds
[2026-06-13T17:52:03.308+0000] {processor.py:186} INFO - Started process (PID=7486) to work on /home/airflow/.local/lib/python3.12/site-packages/airflow/example_dags/example_external_task_marker_dag.py
[2026-06-13T17:52:03.310+0000] {processor.py:914} INFO - Processing file /home/airflow/.local/lib/python3.12/site-packages/airflow/example_dags/example_external_task_marker_dag.py for tasks to queue
[2026-06-13T17:52:03.315+0000] {logging_mixin.py:190} INFO - [2026-06-13T17:52:03.314+0000] {dagbag.py:588} INFO - Filling up the DagBag from /home/airflow/.local/lib/python3.12/site-packages/airflow/example_dags/example_external_task_marker_dag.py
[2026-06-13T17:52:03.331+0000] {processor.py:925} INFO - DAG(s) 'example_external_task_marker_parent', 'example_external_task_marker_child' retrieved from /home/airflow/.local/lib/python3.12/site-packages/airflow/example_dags/example_external_task_marker_dag.py
[2026-06-13T17:52:03.378+0000] {logging_mixin.py:190} INFO - [2026-06-13T17:52:03.377+0000] {dag.py:3239} INFO - Sync 2 DAGs
[2026-06-13T17:52:03.405+0000] {logging_mixin.py:190} INFO - [2026-06-13T17:52:03.404+0000] {dag.py:4180} INFO - Setting next_dagrun for example_external_task_marker_child to None, run_after=None
[2026-06-13T17:52:03.414+0000] {logging_mixin.py:190} INFO - [2026-06-13T17:52:03.414+0000] {dag.py:4180} INFO - Setting next_dagrun for example_external_task_marker_parent to None, run_after=None
[2026-06-13T17:52:03.442+0000] {processor.py:208} INFO - Processing /home/airflow/.local/lib/python3.12/site-packages/airflow/example_dags/example_external_task_marker_dag.py took 0.148 seconds
[2026-06-13T17:52:34.024+0000] {processor.py:186} INFO - Started process (PID=7548) to work on /home/airflow/.local/lib/python3.12/site-packages/airflow/example_dags/example_external_task_marker_dag.py
[2026-06-13T17:52:34.026+0000] {processor.py:914} INFO - Processing file /home/airflow/.local/lib/python3.12/site-packages/airflow/example_dags/example_external_task_marker_dag.py for tasks to queue
[2026-06-13T17:52:34.030+0000] {logging_mixin.py:190} INFO - [2026-06-13T17:52:34.029+0000] {dagbag.py:588} INFO - Filling up the DagBag from /home/airflow/.local/lib/python3.12/site-packages/airflow/example_dags/example_external_task_marker_dag.py
[2026-06-13T17:52:34.040+0000] {processor.py:925} INFO - DAG(s) 'example_external_task_marker_child', 'example_external_task_marker_parent' retrieved from /home/airflow/.local/lib/python3.12/site-packages/airflow/example_dags/example_external_task_marker_dag.py
[2026-06-13T17:52:34.071+0000] {logging_mixin.py:190} INFO - [2026-06-13T17:52:34.070+0000] {dag.py:3239} INFO - Sync 2 DAGs
[2026-06-13T17:52:34.087+0000] {logging_mixin.py:190} INFO - [2026-06-13T17:52:34.086+0000] {dag.py:4180} INFO - Setting next_dagrun for example_external_task_marker_child to None, run_after=None
[2026-06-13T17:52:34.090+0000] {logging_mixin.py:190} INFO - [2026-06-13T17:52:34.090+0000] {dag.py:4180} INFO - Setting next_dagrun for example_external_task_marker_parent to None, run_after=None
[2026-06-13T17:52:34.117+0000] {processor.py:208} INFO - Processing /home/airflow/.local/lib/python3.12/site-packages/airflow/example_dags/example_external_task_marker_dag.py took 0.098 seconds
[2026-06-13T17:53:04.524+0000] {processor.py:186} INFO - Started process (PID=7610) to work on /home/airflow/.local/lib/python3.12/site-packages/airflow/example_dags/example_external_task_marker_dag.py
[2026-06-13T17:53:04.525+0000] {processor.py:914} INFO - Processing file /home/airflow/.local/lib/python3.12/site-packages/airflow/example_dags/example_external_task_marker_dag.py for tasks to queue
[2026-06-13T17:53:04.529+0000] {logging_mixin.py:190} INFO - [2026-06-13T17:53:04.529+0000] {dagbag.py:588} INFO - Filling up the DagBag from /home/airflow/.local/lib/python3.12/site-packages/airflow/example_dags/example_external_task_marker_dag.py
[2026-06-13T17:53:04.538+0000] {processor.py:925} INFO - DAG(s) 'example_external_task_marker_parent', 'example_external_task_marker_child' retrieved from /home/airflow/.local/lib/python3.12/site-packages/airflow/example_dags/example_external_task_marker_dag.py
[2026-06-13T17:53:04.565+0000] {logging_mixin.py:190} INFO - [2026-06-13T17:53:04.565+0000] {dag.py:3239} INFO - Sync 2 DAGs
[2026-06-13T17:53:04.579+0000] {logging_mixin.py:190} INFO - [2026-06-13T17:53:04.579+0000] {dag.py:4180} INFO - Setting next_dagrun for example_external_task_marker_child to None, run_after=None
[2026-06-13T17:53:04.584+0000] {logging_mixin.py:190} INFO - [2026-06-13T17:53:04.583+0000] {dag.py:4180} INFO - Setting next_dagrun for example_external_task_marker_parent to None, run_after=None
[2026-06-13T17:53:04.604+0000] {processor.py:208} INFO - Processing /home/airflow/.local/lib/python3.12/site-packages/airflow/example_dags/example_external_task_marker_dag.py took 0.087 seconds
[2026-06-13T17:53:35.237+0000] {processor.py:186} INFO - Started process (PID=7672) to work on /home/airflow/.local/lib/python3.12/site-packages/airflow/example_dags/example_external_task_marker_dag.py
[2026-06-13T17:53:35.238+0000] {processor.py:914} INFO - Processing file /home/airflow/.local/lib/python3.12/site-packages/airflow/example_dags/example_external_task_marker_dag.py for tasks to queue
[2026-06-13T17:53:35.241+0000] {logging_mixin.py:190} INFO - [2026-06-13T17:53:35.241+0000] {dagbag.py:588} INFO - Filling up the DagBag from /home/airflow/.local/lib/python3.12/site-packages/airflow/example_dags/example_external_task_marker_dag.py
[2026-06-13T17:53:35.249+0000] {processor.py:925} INFO - DAG(s) 'example_external_task_marker_parent', 'example_external_task_marker_child' retrieved from /home/airflow/.local/lib/python3.12/site-packages/airflow/example_dags/example_external_task_marker_dag.py
[2026-06-13T17:53:35.268+0000] {logging_mixin.py:190} INFO - [2026-06-13T17:53:35.268+0000] {dag.py:3239} INFO - Sync 2 DAGs
[2026-06-13T17:53:35.284+0000] {logging_mixin.py:190} INFO - [2026-06-13T17:53:35.283+0000] {dag.py:4180} INFO - Setting next_dagrun for example_external_task_marker_child to None, run_after=None
[2026-06-13T17:53:35.287+0000] {logging_mixin.py:190} INFO - [2026-06-13T17:53:35.287+0000] {dag.py:4180} INFO - Setting next_dagrun for example_external_task_marker_parent to None, run_after=None
[2026-06-13T17:53:35.305+0000] {processor.py:208} INFO - Processing /home/airflow/.local/lib/python3.12/site-packages/airflow/example_dags/example_external_task_marker_dag.py took 0.074 seconds
[2026-06-13T17:54:05.646+0000] {processor.py:186} INFO - Started process (PID=7734) to work on /home/airflow/.local/lib/python3.12/site-packages/airflow/example_dags/example_external_task_marker_dag.py
[2026-06-13T17:54:05.647+0000] {processor.py:914} INFO - Processing file /home/airflow/.local/lib/python3.12/site-packages/airflow/example_dags/example_external_task_marker_dag.py for tasks to queue
[2026-06-13T17:54:05.649+0000] {logging_mixin.py:190} INFO - [2026-06-13T17:54:05.649+0000] {dagbag.py:588} INFO - Filling up the DagBag from /home/airflow/.local/lib/python3.12/site-packages/airflow/example_dags/example_external_task_marker_dag.py
[2026-06-13T17:54:05.656+0000] {processor.py:925} INFO - DAG(s) 'example_external_task_marker_parent', 'example_external_task_marker_child' retrieved from /home/airflow/.local/lib/python3.12/site-packages/airflow/example_dags/example_external_task_marker_dag.py
[2026-06-13T17:54:05.677+0000] {logging_mixin.py:190} INFO - [2026-06-13T17:54:05.677+0000] {dag.py:3239} INFO - Sync 2 DAGs
[2026-06-13T17:54:05.689+0000] {logging_mixin.py:190} INFO - [2026-06-13T17:54:05.688+0000] {dag.py:4180} INFO - Setting next_dagrun for example_external_task_marker_child to None, run_after=None
[2026-06-13T17:54:05.692+0000] {logging_mixin.py:190} INFO - [2026-06-13T17:54:05.692+0000] {dag.py:4180} INFO - Setting next_dagrun for example_external_task_marker_parent to None, run_after=None
[2026-06-13T17:54:05.706+0000] {processor.py:208} INFO - Processing /home/airflow/.local/lib/python3.12/site-packages/airflow/example_dags/example_external_task_marker_dag.py took 0.065 seconds
[2026-06-13T17:54:35.934+0000] {processor.py:186} INFO - Started process (PID=7796) to work on /home/airflow/.local/lib/python3.12/site-packages/airflow/example_dags/example_external_task_marker_dag.py
[2026-06-13T17:54:35.935+0000] {processor.py:914} INFO - Processing file /home/airflow/.local/lib/python3.12/site-packages/airflow/example_dags/example_external_task_marker_dag.py for tasks to queue
[2026-06-13T17:54:35.938+0000] {logging_mixin.py:190} INFO - [2026-06-13T17:54:35.938+0000] {dagbag.py:588} INFO - Filling up the DagBag from /home/airflow/.local/lib/python3.12/site-packages/airflow/example_dags/example_external_task_marker_dag.py
[2026-06-13T17:54:35.949+0000] {processor.py:925} INFO - DAG(s) 'example_external_task_marker_parent', 'example_external_task_marker_child' retrieved from /home/airflow/.local/lib/python3.12/site-packages/airflow/example_dags/example_external_task_marker_dag.py
[2026-06-13T17:54:35.975+0000] {logging_mixin.py:190} INFO - [2026-06-13T17:54:35.975+0000] {dag.py:3239} INFO - Sync 2 DAGs
[2026-06-13T17:54:35.991+0000] {logging_mixin.py:190} INFO - [2026-06-13T17:54:35.990+0000] {dag.py:4180} INFO - Setting next_dagrun for example_external_task_marker_child to None, run_after=None
[2026-06-13T17:54:35.995+0000] {logging_mixin.py:190} INFO - [2026-06-13T17:54:35.995+0000] {dag.py:4180} INFO - Setting next_dagrun for example_external_task_marker_parent to None, run_after=None
[2026-06-13T17:54:36.021+0000] {processor.py:208} INFO - Processing /home/airflow/.local/lib/python3.12/site-packages/airflow/example_dags/example_external_task_marker_dag.py took 0.093 seconds
[2026-06-13T17:55:07.201+0000] {processor.py:186} INFO - Started process (PID=7858) to work on /home/airflow/.local/lib/python3.12/site-packages/airflow/example_dags/example_external_task_marker_dag.py
[2026-06-13T17:55:07.202+0000] {processor.py:914} INFO - Processing file /home/airflow/.local/lib/python3.12/site-packages/airflow/example_dags/example_external_task_marker_dag.py for tasks to queue
[2026-06-13T17:55:07.205+0000] {logging_mixin.py:190} INFO - [2026-06-13T17:55:07.205+0000] {dagbag.py:588} INFO - Filling up the DagBag from /home/airflow/.local/lib/python3.12/site-packages/airflow/example_dags/example_external_task_marker_dag.py
[2026-06-13T17:55:07.215+0000] {processor.py:925} INFO - DAG(s) 'example_external_task_marker_parent', 'example_external_task_marker_child' retrieved from /home/airflow/.local/lib/python3.12/site-packages/airflow/example_dags/example_external_task_marker_dag.py
[2026-06-13T17:55:07.246+0000] {logging_mixin.py:190} INFO - [2026-06-13T17:55:07.246+0000] {dag.py:3239} INFO - Sync 2 DAGs
[2026-06-13T17:55:07.436+0000] {logging_mixin.py:190} INFO - [2026-06-13T17:55:07.436+0000] {dag.py:4180} INFO - Setting next_dagrun for example_external_task_marker_child to None, run_after=None
[2026-06-13T17:55:07.441+0000] {logging_mixin.py:190} INFO - [2026-06-13T17:55:07.441+0000] {dag.py:4180} INFO - Setting next_dagrun for example_external_task_marker_parent to None, run_after=None
[2026-06-13T17:55:07.460+0000] {processor.py:208} INFO - Processing /home/airflow/.local/lib/python3.12/site-packages/airflow/example_dags/example_external_task_marker_dag.py took 0.266 seconds
[2026-06-13T17:55:38.557+0000] {processor.py:186} INFO - Started process (PID=7920) to work on /home/airflow/.local/lib/python3.12/site-packages/airflow/example_dags/example_external_task_marker_dag.py
[2026-06-13T17:55:38.559+0000] {processor.py:914} INFO - Processing file /home/airflow/.local/lib/python3.12/site-packages/airflow/example_dags/example_external_task_marker_dag.py for tasks to queue
[2026-06-13T17:55:38.563+0000] {logging_mixin.py:190} INFO - [2026-06-13T17:55:38.563+0000] {dagbag.py:588} INFO - Filling up the DagBag from /home/airflow/.local/lib/python3.12/site-packages/airflow/example_dags/example_external_task_marker_dag.py
[2026-06-13T17:55:38.581+0000] {processor.py:925} INFO - DAG(s) 'example_external_task_marker_child', 'example_external_task_marker_parent' retrieved from /home/airflow/.local/lib/python3.12/site-packages/airflow/example_dags/example_external_task_marker_dag.py
[2026-06-13T17:55:38.630+0000] {logging_mixin.py:190} INFO - [2026-06-13T17:55:38.630+0000] {dag.py:3239} INFO - Sync 2 DAGs
[2026-06-13T17:55:38.918+0000] {logging_mixin.py:190} INFO - [2026-06-13T17:55:38.918+0000] {dag.py:4180} INFO - Setting next_dagrun for example_external_task_marker_child to None, run_after=None
[2026-06-13T17:55:38.924+0000] {logging_mixin.py:190} INFO - [2026-06-13T17:55:38.924+0000] {dag.py:4180} INFO - Setting next_dagrun for example_external_task_marker_parent to None, run_after=None
[2026-06-13T17:55:38.948+0000] {processor.py:208} INFO - Processing /home/airflow/.local/lib/python3.12/site-packages/airflow/example_dags/example_external_task_marker_dag.py took 0.399 seconds
[2026-06-13T17:56:09.361+0000] {processor.py:186} INFO - Started process (PID=7983) to work on /home/airflow/.local/lib/python3.12/site-packages/airflow/example_dags/example_external_task_marker_dag.py
[2026-06-13T17:56:09.362+0000] {processor.py:914} INFO - Processing file /home/airflow/.local/lib/python3.12/site-packages/airflow/example_dags/example_external_task_marker_dag.py for tasks to queue
[2026-06-13T17:56:09.364+0000] {logging_mixin.py:190} INFO - [2026-06-13T17:56:09.364+0000] {dagbag.py:588} INFO - Filling up the DagBag from /home/airflow/.local/lib/python3.12/site-packages/airflow/example_dags/example_external_task_marker_dag.py
[2026-06-13T17:56:09.372+0000] {processor.py:925} INFO - DAG(s) 'example_external_task_marker_child', 'example_external_task_marker_parent' retrieved from /home/airflow/.local/lib/python3.12/site-packages/airflow/example_dags/example_external_task_marker_dag.py
[2026-06-13T17:56:09.394+0000] {logging_mixin.py:190} INFO - [2026-06-13T17:56:09.394+0000] {dag.py:3239} INFO - Sync 2 DAGs
[2026-06-13T17:56:09.411+0000] {logging_mixin.py:190} INFO - [2026-06-13T17:56:09.411+0000] {dag.py:4180} INFO - Setting next_dagrun for example_external_task_marker_child to None, run_after=None
[2026-06-13T17:56:09.415+0000] {logging_mixin.py:190} INFO - [2026-06-13T17:56:09.415+0000] {dag.py:4180} INFO - Setting next_dagrun for example_external_task_marker_parent to None, run_after=None
[2026-06-13T17:56:09.440+0000] {processor.py:208} INFO - Processing /home/airflow/.local/lib/python3.12/site-packages/airflow/example_dags/example_external_task_marker_dag.py took 0.086 seconds
[2026-06-13T17:56:39.923+0000] {processor.py:186} INFO - Started process (PID=8045) to work on /home/airflow/.local/lib/python3.12/site-packages/airflow/example_dags/example_external_task_marker_dag.py
[2026-06-13T17:56:39.925+0000] {processor.py:914} INFO - Processing file /home/airflow/.local/lib/python3.12/site-packages/airflow/example_dags/example_external_task_marker_dag.py for tasks to queue
[2026-06-13T17:56:39.928+0000] {logging_mixin.py:190} INFO - [2026-06-13T17:56:39.928+0000] {dagbag.py:588} INFO - Filling up the DagBag from /home/airflow/.local/lib/python3.12/site-packages/airflow/example_dags/example_external_task_marker_dag.py
[2026-06-13T17:56:39.938+0000] {processor.py:925} INFO - DAG(s) 'example_external_task_marker_child', 'example_external_task_marker_parent' retrieved from /home/airflow/.local/lib/python3.12/site-packages/airflow/example_dags/example_external_task_marker_dag.py
[2026-06-13T17:56:39.962+0000] {logging_mixin.py:190} INFO - [2026-06-13T17:56:39.962+0000] {dag.py:3239} INFO - Sync 2 DAGs
[2026-06-13T17:56:39.977+0000] {logging_mixin.py:190} INFO - [2026-06-13T17:56:39.977+0000] {dag.py:4180} INFO - Setting next_dagrun for example_external_task_marker_child to None, run_after=None
[2026-06-13T17:56:39.981+0000] {logging_mixin.py:190} INFO - [2026-06-13T17:56:39.981+0000] {dag.py:4180} INFO - Setting next_dagrun for example_external_task_marker_parent to None, run_after=None
[2026-06-13T17:56:40.014+0000] {processor.py:208} INFO - Processing /home/airflow/.local/lib/python3.12/site-packages/airflow/example_dags/example_external_task_marker_dag.py took 0.095 seconds
[2026-06-13T17:57:10.550+0000] {processor.py:186} INFO - Started process (PID=8107) to work on /home/airflow/.local/lib/python3.12/site-packages/airflow/example_dags/example_external_task_marker_dag.py
[2026-06-13T17:57:10.552+0000] {processor.py:914} INFO - Processing file /home/airflow/.local/lib/python3.12/site-packages/airflow/example_dags/example_external_task_marker_dag.py for tasks to queue
[2026-06-13T17:57:10.554+0000] {logging_mixin.py:190} INFO - [2026-06-13T17:57:10.554+0000] {dagbag.py:588} INFO - Filling up the DagBag from /home/airflow/.local/lib/python3.12/site-packages/airflow/example_dags/example_external_task_marker_dag.py
[2026-06-13T17:57:10.564+0000] {processor.py:925} INFO - DAG(s) 'example_external_task_marker_child', 'example_external_task_marker_parent' retrieved from /home/airflow/.local/lib/python3.12/site-packages/airflow/example_dags/example_external_task_marker_dag.py
[2026-06-13T17:57:10.592+0000] {logging_mixin.py:190} INFO - [2026-06-13T17:57:10.592+0000] {dag.py:3239} INFO - Sync 2 DAGs
[2026-06-13T17:57:10.607+0000] {logging_mixin.py:190} INFO - [2026-06-13T17:57:10.607+0000] {dag.py:4180} INFO - Setting next_dagrun for example_external_task_marker_child to None, run_after=None
[2026-06-13T17:57:10.612+0000] {logging_mixin.py:190} INFO - [2026-06-13T17:57:10.612+0000] {dag.py:4180} INFO - Setting next_dagrun for example_external_task_marker_parent to None, run_after=None
[2026-06-13T17:57:10.647+0000] {processor.py:208} INFO - Processing /home/airflow/.local/lib/python3.12/site-packages/airflow/example_dags/example_external_task_marker_dag.py took 0.104 seconds
[2026-06-13T17:57:41.192+0000] {processor.py:186} INFO - Started process (PID=8169) to work on /home/airflow/.local/lib/python3.12/site-packages/airflow/example_dags/example_external_task_marker_dag.py
[2026-06-13T17:57:41.194+0000] {processor.py:914} INFO - Processing file /home/airflow/.local/lib/python3.12/site-packages/airflow/example_dags/example_external_task_marker_dag.py for tasks to queue
[2026-06-13T17:57:41.198+0000] {logging_mixin.py:190} INFO - [2026-06-13T17:57:41.197+0000] {dagbag.py:588} INFO - Filling up the DagBag from /home/airflow/.local/lib/python3.12/site-packages/airflow/example_dags/example_external_task_marker_dag.py
[2026-06-13T17:57:41.211+0000] {processor.py:925} INFO - DAG(s) 'example_external_task_marker_parent', 'example_external_task_marker_child' retrieved from /home/airflow/.local/lib/python3.12/site-packages/airflow/example_dags/example_external_task_marker_dag.py
[2026-06-13T17:57:41.244+0000] {logging_mixin.py:190} INFO - [2026-06-13T17:57:41.243+0000] {dag.py:3239} INFO - Sync 2 DAGs
[2026-06-13T17:57:41.261+0000] {logging_mixin.py:190} INFO - [2026-06-13T17:57:41.260+0000] {dag.py:4180} INFO - Setting next_dagrun for example_external_task_marker_child to None, run_after=None
[2026-06-13T17:57:41.267+0000] {logging_mixin.py:190} INFO - [2026-06-13T17:57:41.266+0000] {dag.py:4180} INFO - Setting next_dagrun for example_external_task_marker_parent to None, run_after=None
[2026-06-13T17:57:41.296+0000] {processor.py:208} INFO - Processing /home/airflow/.local/lib/python3.12/site-packages/airflow/example_dags/example_external_task_marker_dag.py took 0.111 seconds
[2026-06-13T17:58:12.091+0000] {processor.py:186} INFO - Started process (PID=8237) to work on /home/airflow/.local/lib/python3.12/site-packages/airflow/example_dags/example_external_task_marker_dag.py
[2026-06-13T17:58:12.092+0000] {processor.py:914} INFO - Processing file /home/airflow/.local/lib/python3.12/site-packages/airflow/example_dags/example_external_task_marker_dag.py for tasks to queue
[2026-06-13T17:58:12.095+0000] {logging_mixin.py:190} INFO - [2026-06-13T17:58:12.094+0000] {dagbag.py:588} INFO - Filling up the DagBag from /home/airflow/.local/lib/python3.12/site-packages/airflow/example_dags/example_external_task_marker_dag.py
[2026-06-13T17:58:12.102+0000] {processor.py:925} INFO - DAG(s) 'example_external_task_marker_child', 'example_external_task_marker_parent' retrieved from /home/airflow/.local/lib/python3.12/site-packages/airflow/example_dags/example_external_task_marker_dag.py
[2026-06-13T17:58:12.124+0000] {logging_mixin.py:190} INFO - [2026-06-13T17:58:12.123+0000] {dag.py:3239} INFO - Sync 2 DAGs
[2026-06-13T17:58:12.136+0000] {logging_mixin.py:190} INFO - [2026-06-13T17:58:12.136+0000] {dag.py:4180} INFO - Setting next_dagrun for example_external_task_marker_child to None, run_after=None
[2026-06-13T17:58:12.139+0000] {logging_mixin.py:190} INFO - [2026-06-13T17:58:12.139+0000] {dag.py:4180} INFO - Setting next_dagrun for example_external_task_marker_parent to None, run_after=None
[2026-06-13T17:58:12.159+0000] {processor.py:208} INFO - Processing /home/airflow/.local/lib/python3.12/site-packages/airflow/example_dags/example_external_task_marker_dag.py took 0.073 seconds
[2026-06-13T17:58:42.731+0000] {processor.py:186} INFO - Started process (PID=8299) to work on /home/airflow/.local/lib/python3.12/site-packages/airflow/example_dags/example_external_task_marker_dag.py
[2026-06-13T17:58:42.732+0000] {processor.py:914} INFO - Processing file /home/airflow/.local/lib/python3.12/site-packages/airflow/example_dags/example_external_task_marker_dag.py for tasks to queue
[2026-06-13T17:58:42.734+0000] {logging_mixin.py:190} INFO - [2026-06-13T17:58:42.734+0000] {dagbag.py:588} INFO - Filling up the DagBag from /home/airflow/.local/lib/python3.12/site-packages/airflow/example_dags/example_external_task_marker_dag.py
[2026-06-13T17:58:42.741+0000] {processor.py:925} INFO - DAG(s) 'example_external_task_marker_child', 'example_external_task_marker_parent' retrieved from /home/airflow/.local/lib/python3.12/site-packages/airflow/example_dags/example_external_task_marker_dag.py
[2026-06-13T17:58:42.763+0000] {logging_mixin.py:190} INFO - [2026-06-13T17:58:42.763+0000] {dag.py:3239} INFO - Sync 2 DAGs
[2026-06-13T17:58:42.774+0000] {logging_mixin.py:190} INFO - [2026-06-13T17:58:42.774+0000] {dag.py:4180} INFO - Setting next_dagrun for example_external_task_marker_child to None, run_after=None
[2026-06-13T17:58:42.778+0000] {logging_mixin.py:190} INFO - [2026-06-13T17:58:42.778+0000] {dag.py:4180} INFO - Setting next_dagrun for example_external_task_marker_parent to None, run_after=None
[2026-06-13T17:58:42.792+0000] {processor.py:208} INFO - Processing /home/airflow/.local/lib/python3.12/site-packages/airflow/example_dags/example_external_task_marker_dag.py took 0.067 seconds
[2026-06-13T17:59:13.505+0000] {processor.py:186} INFO - Started process (PID=8361) to work on /home/airflow/.local/lib/python3.12/site-packages/airflow/example_dags/example_external_task_marker_dag.py
[2026-06-13T17:59:13.506+0000] {processor.py:914} INFO - Processing file /home/airflow/.local/lib/python3.12/site-packages/airflow/example_dags/example_external_task_marker_dag.py for tasks to queue
[2026-06-13T17:59:13.508+0000] {logging_mixin.py:190} INFO - [2026-06-13T17:59:13.508+0000] {dagbag.py:588} INFO - Filling up the DagBag from /home/airflow/.local/lib/python3.12/site-packages/airflow/example_dags/example_external_task_marker_dag.py
[2026-06-13T17:59:13.516+0000] {processor.py:925} INFO - DAG(s) 'example_external_task_marker_parent', 'example_external_task_marker_child' retrieved from /home/airflow/.local/lib/python3.12/site-packages/airflow/example_dags/example_external_task_marker_dag.py
[2026-06-13T17:59:13.539+0000] {logging_mixin.py:190} INFO - [2026-06-13T17:59:13.539+0000] {dag.py:3239} INFO - Sync 2 DAGs
[2026-06-13T17:59:13.551+0000] {logging_mixin.py:190} INFO - [2026-06-13T17:59:13.551+0000] {dag.py:4180} INFO - Setting next_dagrun for example_external_task_marker_child to None, run_after=None
[2026-06-13T17:59:13.554+0000] {logging_mixin.py:190} INFO - [2026-06-13T17:59:13.554+0000] {dag.py:4180} INFO - Setting next_dagrun for example_external_task_marker_parent to None, run_after=None
[2026-06-13T17:59:13.571+0000] {processor.py:208} INFO - Processing /home/airflow/.local/lib/python3.12/site-packages/airflow/example_dags/example_external_task_marker_dag.py took 0.072 seconds
[2026-06-13T17:59:43.711+0000] {processor.py:186} INFO - Started process (PID=8423) to work on /home/airflow/.local/lib/python3.12/site-packages/airflow/example_dags/example_external_task_marker_dag.py
[2026-06-13T17:59:43.712+0000] {processor.py:914} INFO - Processing file /home/airflow/.local/lib/python3.12/site-packages/airflow/example_dags/example_external_task_marker_dag.py for tasks to queue
[2026-06-13T17:59:43.715+0000] {logging_mixin.py:190} INFO - [2026-06-13T17:59:43.714+0000] {dagbag.py:588} INFO - Filling up the DagBag from /home/airflow/.local/lib/python3.12/site-packages/airflow/example_dags/example_external_task_marker_dag.py
[2026-06-13T17:59:43.721+0000] {processor.py:925} INFO - DAG(s) 'example_external_task_marker_child', 'example_external_task_marker_parent' retrieved from /home/airflow/.local/lib/python3.12/site-packages/airflow/example_dags/example_external_task_marker_dag.py
[2026-06-13T17:59:43.742+0000] {logging_mixin.py:190} INFO - [2026-06-13T17:59:43.742+0000] {dag.py:3239} INFO - Sync 2 DAGs
[2026-06-13T17:59:43.755+0000] {logging_mixin.py:190} INFO - [2026-06-13T17:59:43.754+0000] {dag.py:4180} INFO - Setting next_dagrun for example_external_task_marker_child to None, run_after=None
[2026-06-13T17:59:43.758+0000] {logging_mixin.py:190} INFO - [2026-06-13T17:59:43.758+0000] {dag.py:4180} INFO - Setting next_dagrun for example_external_task_marker_parent to None, run_after=None
[2026-06-13T17:59:43.776+0000] {processor.py:208} INFO - Processing /home/airflow/.local/lib/python3.12/site-packages/airflow/example_dags/example_external_task_marker_dag.py took 0.071 seconds
[2026-06-13T18:00:14.476+0000] {processor.py:186} INFO - Started process (PID=8486) to work on /home/airflow/.local/lib/python3.12/site-packages/airflow/example_dags/example_external_task_marker_dag.py
[2026-06-13T18:00:14.477+0000] {processor.py:914} INFO - Processing file /home/airflow/.local/lib/python3.12/site-packages/airflow/example_dags/example_external_task_marker_dag.py for tasks to queue
[2026-06-13T18:00:14.479+0000] {logging_mixin.py:190} INFO - [2026-06-13T18:00:14.479+0000] {dagbag.py:588} INFO - Filling up the DagBag from /home/airflow/.local/lib/python3.12/site-packages/airflow/example_dags/example_external_task_marker_dag.py
[2026-06-13T18:00:14.486+0000] {processor.py:925} INFO - DAG(s) 'example_external_task_marker_child', 'example_external_task_marker_parent' retrieved from /home/airflow/.local/lib/python3.12/site-packages/airflow/example_dags/example_external_task_marker_dag.py
[2026-06-13T18:00:14.506+0000] {logging_mixin.py:190} INFO - [2026-06-13T18:00:14.506+0000] {dag.py:3239} INFO - Sync 2 DAGs
[2026-06-13T18:00:14.519+0000] {logging_mixin.py:190} INFO - [2026-06-13T18:00:14.519+0000] {dag.py:4180} INFO - Setting next_dagrun for example_external_task_marker_child to None, run_after=None
[2026-06-13T18:00:14.524+0000] {logging_mixin.py:190} INFO - [2026-06-13T18:00:14.523+0000] {dag.py:4180} INFO - Setting next_dagrun for example_external_task_marker_parent to None, run_after=None
[2026-06-13T18:00:14.542+0000] {processor.py:208} INFO - Processing /home/airflow/.local/lib/python3.12/site-packages/airflow/example_dags/example_external_task_marker_dag.py took 0.071 seconds
[2026-06-13T18:00:44.743+0000] {processor.py:186} INFO - Started process (PID=8548) to work on /home/airflow/.local/lib/python3.12/site-packages/airflow/example_dags/example_external_task_marker_dag.py
[2026-06-13T18:00:44.745+0000] {processor.py:914} INFO - Processing file /home/airflow/.local/lib/python3.12/site-packages/airflow/example_dags/example_external_task_marker_dag.py for tasks to queue
[2026-06-13T18:00:44.749+0000] {logging_mixin.py:190} INFO - [2026-06-13T18:00:44.748+0000] {dagbag.py:588} INFO - Filling up the DagBag from /home/airflow/.local/lib/python3.12/site-packages/airflow/example_dags/example_external_task_marker_dag.py
[2026-06-13T18:00:44.759+0000] {processor.py:925} INFO - DAG(s) 'example_external_task_marker_parent', 'example_external_task_marker_child' retrieved from /home/airflow/.local/lib/python3.12/site-packages/airflow/example_dags/example_external_task_marker_dag.py
[2026-06-13T18:00:44.784+0000] {logging_mixin.py:190} INFO - [2026-06-13T18:00:44.783+0000] {dag.py:3239} INFO - Sync 2 DAGs
[2026-06-13T18:00:44.799+0000] {logging_mixin.py:190} INFO - [2026-06-13T18:00:44.799+0000] {dag.py:4180} INFO - Setting next_dagrun for example_external_task_marker_child to None, run_after=None
[2026-06-13T18:00:44.803+0000] {logging_mixin.py:190} INFO - [2026-06-13T18:00:44.802+0000] {dag.py:4180} INFO - Setting next_dagrun for example_external_task_marker_parent to None, run_after=None
[2026-06-13T18:00:44.821+0000] {processor.py:208} INFO - Processing /home/airflow/.local/lib/python3.12/site-packages/airflow/example_dags/example_external_task_marker_dag.py took 0.086 seconds
[2026-06-13T18:01:15.660+0000] {processor.py:186} INFO - Started process (PID=8610) to work on /home/airflow/.local/lib/python3.12/site-packages/airflow/example_dags/example_external_task_marker_dag.py
[2026-06-13T18:01:15.663+0000] {processor.py:914} INFO - Processing file /home/airflow/.local/lib/python3.12/site-packages/airflow/example_dags/example_external_task_marker_dag.py for tasks to queue
[2026-06-13T18:01:15.666+0000] {logging_mixin.py:190} INFO - [2026-06-13T18:01:15.666+0000] {dagbag.py:588} INFO - Filling up the DagBag from /home/airflow/.local/lib/python3.12/site-packages/airflow/example_dags/example_external_task_marker_dag.py
[2026-06-13T18:01:15.674+0000] {processor.py:925} INFO - DAG(s) 'example_external_task_marker_child', 'example_external_task_marker_parent' retrieved from /home/airflow/.local/lib/python3.12/site-packages/airflow/example_dags/example_external_task_marker_dag.py
[2026-06-13T18:01:15.704+0000] {logging_mixin.py:190} INFO - [2026-06-13T18:01:15.704+0000] {dag.py:3239} INFO - Sync 2 DAGs
[2026-06-13T18:01:15.724+0000] {logging_mixin.py:190} INFO - [2026-06-13T18:01:15.723+0000] {dag.py:4180} INFO - Setting next_dagrun for example_external_task_marker_child to None, run_after=None
[2026-06-13T18:01:15.730+0000] {logging_mixin.py:190} INFO - [2026-06-13T18:01:15.729+0000] {dag.py:4180} INFO - Setting next_dagrun for example_external_task_marker_parent to None, run_after=None
[2026-06-13T18:01:15.752+0000] {processor.py:208} INFO - Processing /home/airflow/.local/lib/python3.12/site-packages/airflow/example_dags/example_external_task_marker_dag.py took 0.099 seconds
[2026-06-13T18:01:45.881+0000] {processor.py:186} INFO - Started process (PID=8672) to work on /home/airflow/.local/lib/python3.12/site-packages/airflow/example_dags/example_external_task_marker_dag.py
[2026-06-13T18:01:45.882+0000] {processor.py:914} INFO - Processing file /home/airflow/.local/lib/python3.12/site-packages/airflow/example_dags/example_external_task_marker_dag.py for tasks to queue
[2026-06-13T18:01:45.884+0000] {logging_mixin.py:190} INFO - [2026-06-13T18:01:45.884+0000] {dagbag.py:588} INFO - Filling up the DagBag from /home/airflow/.local/lib/python3.12/site-packages/airflow/example_dags/example_external_task_marker_dag.py
[2026-06-13T18:01:45.892+0000] {processor.py:925} INFO - DAG(s) 'example_external_task_marker_child', 'example_external_task_marker_parent' retrieved from /home/airflow/.local/lib/python3.12/site-packages/airflow/example_dags/example_external_task_marker_dag.py
[2026-06-13T18:01:45.914+0000] {logging_mixin.py:190} INFO - [2026-06-13T18:01:45.914+0000] {dag.py:3239} INFO - Sync 2 DAGs
[2026-06-13T18:01:45.928+0000] {logging_mixin.py:190} INFO - [2026-06-13T18:01:45.928+0000] {dag.py:4180} INFO - Setting next_dagrun for example_external_task_marker_child to None, run_after=None
[2026-06-13T18:01:45.932+0000] {logging_mixin.py:190} INFO - [2026-06-13T18:01:45.932+0000] {dag.py:4180} INFO - Setting next_dagrun for example_external_task_marker_parent to None, run_after=None
[2026-06-13T18:01:45.948+0000] {processor.py:208} INFO - Processing /home/airflow/.local/lib/python3.12/site-packages/airflow/example_dags/example_external_task_marker_dag.py took 0.073 seconds
[2026-06-13T18:02:16.687+0000] {processor.py:186} INFO - Started process (PID=8734) to work on /home/airflow/.local/lib/python3.12/site-packages/airflow/example_dags/example_external_task_marker_dag.py
[2026-06-13T18:02:16.689+0000] {processor.py:914} INFO - Processing file /home/airflow/.local/lib/python3.12/site-packages/airflow/example_dags/example_external_task_marker_dag.py for tasks to queue
[2026-06-13T18:02:16.692+0000] {logging_mixin.py:190} INFO - [2026-06-13T18:02:16.692+0000] {dagbag.py:588} INFO - Filling up the DagBag from /home/airflow/.local/lib/python3.12/site-packages/airflow/example_dags/example_external_task_marker_dag.py
[2026-06-13T18:02:16.699+0000] {processor.py:925} INFO - DAG(s) 'example_external_task_marker_parent', 'example_external_task_marker_child' retrieved from /home/airflow/.local/lib/python3.12/site-packages/airflow/example_dags/example_external_task_marker_dag.py
[2026-06-13T18:02:16.719+0000] {logging_mixin.py:190} INFO - [2026-06-13T18:02:16.719+0000] {dag.py:3239} INFO - Sync 2 DAGs
[2026-06-13T18:02:16.731+0000] {logging_mixin.py:190} INFO - [2026-06-13T18:02:16.731+0000] {dag.py:4180} INFO - Setting next_dagrun for example_external_task_marker_child to None, run_after=None
[2026-06-13T18:02:16.735+0000] {logging_mixin.py:190} INFO - [2026-06-13T18:02:16.734+0000] {dag.py:4180} INFO - Setting next_dagrun for example_external_task_marker_parent to None, run_after=None
[2026-06-13T18:02:16.748+0000] {processor.py:208} INFO - Processing /home/airflow/.local/lib/python3.12/site-packages/airflow/example_dags/example_external_task_marker_dag.py took 0.069 seconds
[2026-06-13T18:02:47.170+0000] {processor.py:186} INFO - Started process (PID=8795) to work on /home/airflow/.local/lib/python3.12/site-packages/airflow/example_dags/example_external_task_marker_dag.py
[2026-06-13T18:02:47.171+0000] {processor.py:914} INFO - Processing file /home/airflow/.local/lib/python3.12/site-packages/airflow/example_dags/example_external_task_marker_dag.py for tasks to queue
[2026-06-13T18:02:47.176+0000] {logging_mixin.py:190} INFO - [2026-06-13T18:02:47.175+0000] {dagbag.py:588} INFO - Filling up the DagBag from /home/airflow/.local/lib/python3.12/site-packages/airflow/example_dags/example_external_task_marker_dag.py
[2026-06-13T18:02:47.185+0000] {processor.py:925} INFO - DAG(s) 'example_external_task_marker_child', 'example_external_task_marker_parent' retrieved from /home/airflow/.local/lib/python3.12/site-packages/airflow/example_dags/example_external_task_marker_dag.py
[2026-06-13T18:02:47.207+0000] {logging_mixin.py:190} INFO - [2026-06-13T18:02:47.206+0000] {dag.py:3239} INFO - Sync 2 DAGs
[2026-06-13T18:02:47.220+0000] {logging_mixin.py:190} INFO - [2026-06-13T18:02:47.220+0000] {dag.py:4180} INFO - Setting next_dagrun for example_external_task_marker_child to None, run_after=None
[2026-06-13T18:02:47.228+0000] {logging_mixin.py:190} INFO - [2026-06-13T18:02:47.228+0000] {dag.py:4180} INFO - Setting next_dagrun for example_external_task_marker_parent to None, run_after=None
[2026-06-13T18:02:47.250+0000] {processor.py:208} INFO - Processing /home/airflow/.local/lib/python3.12/site-packages/airflow/example_dags/example_external_task_marker_dag.py took 0.088 seconds
[2026-06-13T18:03:17.408+0000] {processor.py:186} INFO - Started process (PID=8857) to work on /home/airflow/.local/lib/python3.12/site-packages/airflow/example_dags/example_external_task_marker_dag.py
[2026-06-13T18:03:17.409+0000] {processor.py:914} INFO - Processing file /home/airflow/.local/lib/python3.12/site-packages/airflow/example_dags/example_external_task_marker_dag.py for tasks to queue
[2026-06-13T18:03:17.412+0000] {logging_mixin.py:190} INFO - [2026-06-13T18:03:17.412+0000] {dagbag.py:588} INFO - Filling up the DagBag from /home/airflow/.local/lib/python3.12/site-packages/airflow/example_dags/example_external_task_marker_dag.py
[2026-06-13T18:03:17.419+0000] {processor.py:925} INFO - DAG(s) 'example_external_task_marker_child', 'example_external_task_marker_parent' retrieved from /home/airflow/.local/lib/python3.12/site-packages/airflow/example_dags/example_external_task_marker_dag.py
[2026-06-13T18:03:17.443+0000] {logging_mixin.py:190} INFO - [2026-06-13T18:03:17.443+0000] {dag.py:3239} INFO - Sync 2 DAGs
[2026-06-13T18:03:17.463+0000] {logging_mixin.py:190} INFO - [2026-06-13T18:03:17.463+0000] {dag.py:4180} INFO - Setting next_dagrun for example_external_task_marker_child to None, run_after=None
[2026-06-13T18:03:17.468+0000] {logging_mixin.py:190} INFO - [2026-06-13T18:03:17.467+0000] {dag.py:4180} INFO - Setting next_dagrun for example_external_task_marker_parent to None, run_after=None
[2026-06-13T18:03:17.487+0000] {processor.py:208} INFO - Processing /home/airflow/.local/lib/python3.12/site-packages/airflow/example_dags/example_external_task_marker_dag.py took 0.085 seconds
[2026-06-13T18:03:47.596+0000] {processor.py:186} INFO - Started process (PID=8919) to work on /home/airflow/.local/lib/python3.12/site-packages/airflow/example_dags/example_external_task_marker_dag.py
[2026-06-13T18:03:47.597+0000] {processor.py:914} INFO - Processing file /home/airflow/.local/lib/python3.12/site-packages/airflow/example_dags/example_external_task_marker_dag.py for tasks to queue
[2026-06-13T18:03:47.600+0000] {logging_mixin.py:190} INFO - [2026-06-13T18:03:47.600+0000] {dagbag.py:588} INFO - Filling up the DagBag from /home/airflow/.local/lib/python3.12/site-packages/airflow/example_dags/example_external_task_marker_dag.py
[2026-06-13T18:03:47.611+0000] {processor.py:925} INFO - DAG(s) 'example_external_task_marker_child', 'example_external_task_marker_parent' retrieved from /home/airflow/.local/lib/python3.12/site-packages/airflow/example_dags/example_external_task_marker_dag.py
[2026-06-13T18:03:47.638+0000] {logging_mixin.py:190} INFO - [2026-06-13T18:03:47.637+0000] {dag.py:3239} INFO - Sync 2 DAGs
[2026-06-13T18:03:47.656+0000] {logging_mixin.py:190} INFO - [2026-06-13T18:03:47.656+0000] {dag.py:4180} INFO - Setting next_dagrun for example_external_task_marker_child to None, run_after=None
[2026-06-13T18:03:47.665+0000] {logging_mixin.py:190} INFO - [2026-06-13T18:03:47.664+0000] {dag.py:4180} INFO - Setting next_dagrun for example_external_task_marker_parent to None, run_after=None
[2026-06-13T18:03:47.733+0000] {processor.py:208} INFO - Processing /home/airflow/.local/lib/python3.12/site-packages/airflow/example_dags/example_external_task_marker_dag.py took 0.143 seconds
[2026-06-13T18:04:18.034+0000] {processor.py:186} INFO - Started process (PID=8981) to work on /home/airflow/.local/lib/python3.12/site-packages/airflow/example_dags/example_external_task_marker_dag.py
[2026-06-13T18:04:18.035+0000] {processor.py:914} INFO - Processing file /home/airflow/.local/lib/python3.12/site-packages/airflow/example_dags/example_external_task_marker_dag.py for tasks to queue
[2026-06-13T18:04:18.037+0000] {logging_mixin.py:190} INFO - [2026-06-13T18:04:18.037+0000] {dagbag.py:588} INFO - Filling up the DagBag from /home/airflow/.local/lib/python3.12/site-packages/airflow/example_dags/example_external_task_marker_dag.py
[2026-06-13T18:04:18.045+0000] {processor.py:925} INFO - DAG(s) 'example_external_task_marker_child', 'example_external_task_marker_parent' retrieved from /home/airflow/.local/lib/python3.12/site-packages/airflow/example_dags/example_external_task_marker_dag.py
[2026-06-13T18:04:18.067+0000] {logging_mixin.py:190} INFO - [2026-06-13T18:04:18.067+0000] {dag.py:3239} INFO - Sync 2 DAGs
[2026-06-13T18:04:18.080+0000] {logging_mixin.py:190} INFO - [2026-06-13T18:04:18.080+0000] {dag.py:4180} INFO - Setting next_dagrun for example_external_task_marker_child to None, run_after=None
[2026-06-13T18:04:18.083+0000] {logging_mixin.py:190} INFO - [2026-06-13T18:04:18.083+0000] {dag.py:4180} INFO - Setting next_dagrun for example_external_task_marker_parent to None, run_after=None
[2026-06-13T18:04:18.102+0000] {processor.py:208} INFO - Processing /home/airflow/.local/lib/python3.12/site-packages/airflow/example_dags/example_external_task_marker_dag.py took 0.073 seconds
[2026-06-13T18:04:48.462+0000] {processor.py:186} INFO - Started process (PID=9043) to work on /home/airflow/.local/lib/python3.12/site-packages/airflow/example_dags/example_external_task_marker_dag.py
[2026-06-13T18:04:48.463+0000] {processor.py:914} INFO - Processing file /home/airflow/.local/lib/python3.12/site-packages/airflow/example_dags/example_external_task_marker_dag.py for tasks to queue
[2026-06-13T18:04:48.465+0000] {logging_mixin.py:190} INFO - [2026-06-13T18:04:48.465+0000] {dagbag.py:588} INFO - Filling up the DagBag from /home/airflow/.local/lib/python3.12/site-packages/airflow/example_dags/example_external_task_marker_dag.py
[2026-06-13T18:04:48.473+0000] {processor.py:925} INFO - DAG(s) 'example_external_task_marker_parent', 'example_external_task_marker_child' retrieved from /home/airflow/.local/lib/python3.12/site-packages/airflow/example_dags/example_external_task_marker_dag.py
[2026-06-13T18:04:48.497+0000] {logging_mixin.py:190} INFO - [2026-06-13T18:04:48.497+0000] {dag.py:3239} INFO - Sync 2 DAGs
[2026-06-13T18:04:48.511+0000] {logging_mixin.py:190} INFO - [2026-06-13T18:04:48.511+0000] {dag.py:4180} INFO - Setting next_dagrun for example_external_task_marker_child to None, run_after=None
[2026-06-13T18:04:48.516+0000] {logging_mixin.py:190} INFO - [2026-06-13T18:04:48.515+0000] {dag.py:4180} INFO - Setting next_dagrun for example_external_task_marker_parent to None, run_after=None
[2026-06-13T18:04:48.537+0000] {processor.py:208} INFO - Processing /home/airflow/.local/lib/python3.12/site-packages/airflow/example_dags/example_external_task_marker_dag.py took 0.081 seconds
[2026-06-13T18:05:18.752+0000] {processor.py:186} INFO - Started process (PID=9105) to work on /home/airflow/.local/lib/python3.12/site-packages/airflow/example_dags/example_external_task_marker_dag.py
[2026-06-13T18:05:18.753+0000] {processor.py:914} INFO - Processing file /home/airflow/.local/lib/python3.12/site-packages/airflow/example_dags/example_external_task_marker_dag.py for tasks to queue
[2026-06-13T18:05:18.755+0000] {logging_mixin.py:190} INFO - [2026-06-13T18:05:18.755+0000] {dagbag.py:588} INFO - Filling up the DagBag from /home/airflow/.local/lib/python3.12/site-packages/airflow/example_dags/example_external_task_marker_dag.py
[2026-06-13T18:05:18.763+0000] {processor.py:925} INFO - DAG(s) 'example_external_task_marker_parent', 'example_external_task_marker_child' retrieved from /home/airflow/.local/lib/python3.12/site-packages/airflow/example_dags/example_external_task_marker_dag.py
[2026-06-13T18:05:18.785+0000] {logging_mixin.py:190} INFO - [2026-06-13T18:05:18.785+0000] {dag.py:3239} INFO - Sync 2 DAGs
[2026-06-13T18:05:18.799+0000] {logging_mixin.py:190} INFO - [2026-06-13T18:05:18.799+0000] {dag.py:4180} INFO - Setting next_dagrun for example_external_task_marker_child to None, run_after=None
[2026-06-13T18:05:18.803+0000] {logging_mixin.py:190} INFO - [2026-06-13T18:05:18.803+0000] {dag.py:4180} INFO - Setting next_dagrun for example_external_task_marker_parent to None, run_after=None
[2026-06-13T18:05:18.820+0000] {processor.py:208} INFO - Processing /home/airflow/.local/lib/python3.12/site-packages/airflow/example_dags/example_external_task_marker_dag.py took 0.073 seconds
[2026-06-13T18:05:49.117+0000] {processor.py:186} INFO - Started process (PID=9168) to work on /home/airflow/.local/lib/python3.12/site-packages/airflow/example_dags/example_external_task_marker_dag.py
[2026-06-13T18:05:49.119+0000] {processor.py:914} INFO - Processing file /home/airflow/.local/lib/python3.12/site-packages/airflow/example_dags/example_external_task_marker_dag.py for tasks to queue
[2026-06-13T18:05:49.124+0000] {logging_mixin.py:190} INFO - [2026-06-13T18:05:49.124+0000] {dagbag.py:588} INFO - Filling up the DagBag from /home/airflow/.local/lib/python3.12/site-packages/airflow/example_dags/example_external_task_marker_dag.py
[2026-06-13T18:05:49.134+0000] {processor.py:925} INFO - DAG(s) 'example_external_task_marker_child', 'example_external_task_marker_parent' retrieved from /home/airflow/.local/lib/python3.12/site-packages/airflow/example_dags/example_external_task_marker_dag.py
[2026-06-13T18:05:49.165+0000] {logging_mixin.py:190} INFO - [2026-06-13T18:05:49.164+0000] {dag.py:3239} INFO - Sync 2 DAGs
[2026-06-13T18:05:49.184+0000] {logging_mixin.py:190} INFO - [2026-06-13T18:05:49.183+0000] {dag.py:4180} INFO - Setting next_dagrun for example_external_task_marker_child to None, run_after=None
[2026-06-13T18:05:49.189+0000] {logging_mixin.py:190} INFO - [2026-06-13T18:05:49.189+0000] {dag.py:4180} INFO - Setting next_dagrun for example_external_task_marker_parent to None, run_after=None
[2026-06-13T18:05:49.213+0000] {processor.py:208} INFO - Processing /home/airflow/.local/lib/python3.12/site-packages/airflow/example_dags/example_external_task_marker_dag.py took 0.103 seconds
[2026-06-13T18:06:19.334+0000] {processor.py:186} INFO - Started process (PID=9230) to work on /home/airflow/.local/lib/python3.12/site-packages/airflow/example_dags/example_external_task_marker_dag.py
[2026-06-13T18:06:19.335+0000] {processor.py:914} INFO - Processing file /home/airflow/.local/lib/python3.12/site-packages/airflow/example_dags/example_external_task_marker_dag.py for tasks to queue
[2026-06-13T18:06:19.337+0000] {logging_mixin.py:190} INFO - [2026-06-13T18:06:19.337+0000] {dagbag.py:588} INFO - Filling up the DagBag from /home/airflow/.local/lib/python3.12/site-packages/airflow/example_dags/example_external_task_marker_dag.py
[2026-06-13T18:06:19.344+0000] {processor.py:925} INFO - DAG(s) 'example_external_task_marker_child', 'example_external_task_marker_parent' retrieved from /home/airflow/.local/lib/python3.12/site-packages/airflow/example_dags/example_external_task_marker_dag.py
[2026-06-13T18:06:19.363+0000] {logging_mixin.py:190} INFO - [2026-06-13T18:06:19.363+0000] {dag.py:3239} INFO - Sync 2 DAGs
[2026-06-13T18:06:19.374+0000] {logging_mixin.py:190} INFO - [2026-06-13T18:06:19.373+0000] {dag.py:4180} INFO - Setting next_dagrun for example_external_task_marker_child to None, run_after=None
[2026-06-13T18:06:19.377+0000] {logging_mixin.py:190} INFO - [2026-06-13T18:06:19.377+0000] {dag.py:4180} INFO - Setting next_dagrun for example_external_task_marker_parent to None, run_after=None
[2026-06-13T18:06:19.396+0000] {processor.py:208} INFO - Processing /home/airflow/.local/lib/python3.12/site-packages/airflow/example_dags/example_external_task_marker_dag.py took 0.067 seconds
[2026-06-13T18:06:49.703+0000] {processor.py:186} INFO - Started process (PID=9292) to work on /home/airflow/.local/lib/python3.12/site-packages/airflow/example_dags/example_external_task_marker_dag.py
[2026-06-13T18:06:49.704+0000] {processor.py:914} INFO - Processing file /home/airflow/.local/lib/python3.12/site-packages/airflow/example_dags/example_external_task_marker_dag.py for tasks to queue
[2026-06-13T18:06:49.707+0000] {logging_mixin.py:190} INFO - [2026-06-13T18:06:49.706+0000] {dagbag.py:588} INFO - Filling up the DagBag from /home/airflow/.local/lib/python3.12/site-packages/airflow/example_dags/example_external_task_marker_dag.py
[2026-06-13T18:06:49.714+0000] {processor.py:925} INFO - DAG(s) 'example_external_task_marker_parent', 'example_external_task_marker_child' retrieved from /home/airflow/.local/lib/python3.12/site-packages/airflow/example_dags/example_external_task_marker_dag.py
[2026-06-13T18:06:49.733+0000] {logging_mixin.py:190} INFO - [2026-06-13T18:06:49.733+0000] {dag.py:3239} INFO - Sync 2 DAGs
[2026-06-13T18:06:49.744+0000] {logging_mixin.py:190} INFO - [2026-06-13T18:06:49.744+0000] {dag.py:4180} INFO - Setting next_dagrun for example_external_task_marker_child to None, run_after=None
[2026-06-13T18:06:49.748+0000] {logging_mixin.py:190} INFO - [2026-06-13T18:06:49.748+0000] {dag.py:4180} INFO - Setting next_dagrun for example_external_task_marker_parent to None, run_after=None
[2026-06-13T18:06:49.763+0000] {processor.py:208} INFO - Processing /home/airflow/.local/lib/python3.12/site-packages/airflow/example_dags/example_external_task_marker_dag.py took 0.065 seconds
[2026-06-13T18:07:20.220+0000] {processor.py:186} INFO - Started process (PID=9354) to work on /home/airflow/.local/lib/python3.12/site-packages/airflow/example_dags/example_external_task_marker_dag.py
[2026-06-13T18:07:20.222+0000] {processor.py:914} INFO - Processing file /home/airflow/.local/lib/python3.12/site-packages/airflow/example_dags/example_external_task_marker_dag.py for tasks to queue
[2026-06-13T18:07:20.225+0000] {logging_mixin.py:190} INFO - [2026-06-13T18:07:20.225+0000] {dagbag.py:588} INFO - Filling up the DagBag from /home/airflow/.local/lib/python3.12/site-packages/airflow/example_dags/example_external_task_marker_dag.py
[2026-06-13T18:07:20.232+0000] {processor.py:925} INFO - DAG(s) 'example_external_task_marker_child', 'example_external_task_marker_parent' retrieved from /home/airflow/.local/lib/python3.12/site-packages/airflow/example_dags/example_external_task_marker_dag.py
[2026-06-13T18:07:20.255+0000] {logging_mixin.py:190} INFO - [2026-06-13T18:07:20.255+0000] {dag.py:3239} INFO - Sync 2 DAGs
[2026-06-13T18:07:20.268+0000] {logging_mixin.py:190} INFO - [2026-06-13T18:07:20.268+0000] {dag.py:4180} INFO - Setting next_dagrun for example_external_task_marker_child to None, run_after=None
[2026-06-13T18:07:20.272+0000] {logging_mixin.py:190} INFO - [2026-06-13T18:07:20.272+0000] {dag.py:4180} INFO - Setting next_dagrun for example_external_task_marker_parent to None, run_after=None
[2026-06-13T18:07:20.291+0000] {processor.py:208} INFO - Processing /home/airflow/.local/lib/python3.12/site-packages/airflow/example_dags/example_external_task_marker_dag.py took 0.076 seconds
[2026-06-13T18:07:50.598+0000] {processor.py:186} INFO - Started process (PID=9416) to work on /home/airflow/.local/lib/python3.12/site-packages/airflow/example_dags/example_external_task_marker_dag.py
[2026-06-13T18:07:50.600+0000] {processor.py:914} INFO - Processing file /home/airflow/.local/lib/python3.12/site-packages/airflow/example_dags/example_external_task_marker_dag.py for tasks to queue
[2026-06-13T18:07:50.604+0000] {logging_mixin.py:190} INFO - [2026-06-13T18:07:50.603+0000] {dagbag.py:588} INFO - Filling up the DagBag from /home/airflow/.local/lib/python3.12/site-packages/airflow/example_dags/example_external_task_marker_dag.py
[2026-06-13T18:07:50.620+0000] {processor.py:925} INFO - DAG(s) 'example_external_task_marker_child', 'example_external_task_marker_parent' retrieved from /home/airflow/.local/lib/python3.12/site-packages/airflow/example_dags/example_external_task_marker_dag.py
[2026-06-13T18:07:50.655+0000] {logging_mixin.py:190} INFO - [2026-06-13T18:07:50.654+0000] {dag.py:3239} INFO - Sync 2 DAGs
[2026-06-13T18:07:50.677+0000] {logging_mixin.py:190} INFO - [2026-06-13T18:07:50.676+0000] {dag.py:4180} INFO - Setting next_dagrun for example_external_task_marker_child to None, run_after=None
[2026-06-13T18:07:50.682+0000] {logging_mixin.py:190} INFO - [2026-06-13T18:07:50.682+0000] {dag.py:4180} INFO - Setting next_dagrun for example_external_task_marker_parent to None, run_after=None
[2026-06-13T18:07:50.708+0000] {processor.py:208} INFO - Processing /home/airflow/.local/lib/python3.12/site-packages/airflow/example_dags/example_external_task_marker_dag.py took 0.120 seconds
[2026-06-13T18:08:21.055+0000] {processor.py:186} INFO - Started process (PID=9478) to work on /home/airflow/.local/lib/python3.12/site-packages/airflow/example_dags/example_external_task_marker_dag.py
[2026-06-13T18:08:21.056+0000] {processor.py:914} INFO - Processing file /home/airflow/.local/lib/python3.12/site-packages/airflow/example_dags/example_external_task_marker_dag.py for tasks to queue
[2026-06-13T18:08:21.059+0000] {logging_mixin.py:190} INFO - [2026-06-13T18:08:21.059+0000] {dagbag.py:588} INFO - Filling up the DagBag from /home/airflow/.local/lib/python3.12/site-packages/airflow/example_dags/example_external_task_marker_dag.py
[2026-06-13T18:08:21.066+0000] {processor.py:925} INFO - DAG(s) 'example_external_task_marker_parent', 'example_external_task_marker_child' retrieved from /home/airflow/.local/lib/python3.12/site-packages/airflow/example_dags/example_external_task_marker_dag.py
[2026-06-13T18:08:21.087+0000] {logging_mixin.py:190} INFO - [2026-06-13T18:08:21.086+0000] {dag.py:3239} INFO - Sync 2 DAGs
[2026-06-13T18:08:21.101+0000] {logging_mixin.py:190} INFO - [2026-06-13T18:08:21.101+0000] {dag.py:4180} INFO - Setting next_dagrun for example_external_task_marker_child to None, run_after=None
[2026-06-13T18:08:21.105+0000] {logging_mixin.py:190} INFO - [2026-06-13T18:08:21.104+0000] {dag.py:4180} INFO - Setting next_dagrun for example_external_task_marker_parent to None, run_after=None
[2026-06-13T18:08:21.126+0000] {processor.py:208} INFO - Processing /home/airflow/.local/lib/python3.12/site-packages/airflow/example_dags/example_external_task_marker_dag.py took 0.077 seconds
