[2026-06-13T16:50:35.709+0000] {processor.py:186} INFO - Started process (PID=83) to work on /home/airflow/.local/lib/python3.12/site-packages/airflow/example_dags/example_trigger_target_dag.py
[2026-06-13T16:50:35.712+0000] {processor.py:914} INFO - Processing file /home/airflow/.local/lib/python3.12/site-packages/airflow/example_dags/example_trigger_target_dag.py for tasks to queue
[2026-06-13T16:50:35.717+0000] {logging_mixin.py:190} INFO - [2026-06-13T16:50:35.716+0000] {dagbag.py:588} INFO - Filling up the DagBag from /home/airflow/.local/lib/python3.12/site-packages/airflow/example_dags/example_trigger_target_dag.py
[2026-06-13T16:50:35.730+0000] {processor.py:925} INFO - DAG(s) 'example_trigger_target_dag' retrieved from /home/airflow/.local/lib/python3.12/site-packages/airflow/example_dags/example_trigger_target_dag.py
[2026-06-13T16:50:35.904+0000] {logging_mixin.py:190} INFO - [2026-06-13T16:50:35.903+0000] {override.py:1900} INFO - Created Permission View: can edit on DAG:example_trigger_target_dag
[2026-06-13T16:50:35.923+0000] {logging_mixin.py:190} INFO - [2026-06-13T16:50:35.922+0000] {override.py:1900} INFO - Created Permission View: can read on DAG:example_trigger_target_dag
[2026-06-13T16:50:35.938+0000] {logging_mixin.py:190} INFO - [2026-06-13T16:50:35.937+0000] {override.py:1900} INFO - Created Permission View: can delete on DAG:example_trigger_target_dag
[2026-06-13T16:50:35.956+0000] {logging_mixin.py:190} INFO - [2026-06-13T16:50:35.956+0000] {override.py:1900} INFO - Created Permission View: can read on DAG Run:example_trigger_target_dag
[2026-06-13T16:50:35.969+0000] {logging_mixin.py:190} INFO - [2026-06-13T16:50:35.969+0000] {override.py:1900} INFO - Created Permission View: can create on DAG Run:example_trigger_target_dag
[2026-06-13T16:50:35.982+0000] {logging_mixin.py:190} INFO - [2026-06-13T16:50:35.981+0000] {override.py:1900} INFO - Created Permission View: menu access on DAG Run:example_trigger_target_dag
[2026-06-13T16:50:35.995+0000] {logging_mixin.py:190} INFO - [2026-06-13T16:50:35.995+0000] {override.py:1900} INFO - Created Permission View: can delete on DAG Run:example_trigger_target_dag
[2026-06-13T16:50:35.997+0000] {logging_mixin.py:190} INFO - [2026-06-13T16:50:35.996+0000] {dag.py:3239} INFO - Sync 1 DAGs
[2026-06-13T16:50:36.019+0000] {logging_mixin.py:190} INFO - [2026-06-13T16:50:36.019+0000] {dag.py:3262} INFO - Creating ORM DAG for example_trigger_target_dag
[2026-06-13T16:50:36.022+0000] {logging_mixin.py:190} INFO - [2026-06-13T16:50:36.021+0000] {dag.py:4180} INFO - Setting next_dagrun for example_trigger_target_dag to None, run_after=None
[2026-06-13T16:50:36.050+0000] {processor.py:208} INFO - Processing /home/airflow/.local/lib/python3.12/site-packages/airflow/example_dags/example_trigger_target_dag.py took 0.353 seconds
[2026-06-13T16:51:06.533+0000] {processor.py:186} INFO - Started process (PID=145) to work on /home/airflow/.local/lib/python3.12/site-packages/airflow/example_dags/example_trigger_target_dag.py
[2026-06-13T16:51:06.534+0000] {processor.py:914} INFO - Processing file /home/airflow/.local/lib/python3.12/site-packages/airflow/example_dags/example_trigger_target_dag.py for tasks to queue
[2026-06-13T16:51:06.538+0000] {logging_mixin.py:190} INFO - [2026-06-13T16:51:06.537+0000] {dagbag.py:588} INFO - Filling up the DagBag from /home/airflow/.local/lib/python3.12/site-packages/airflow/example_dags/example_trigger_target_dag.py
[2026-06-13T16:51:06.549+0000] {processor.py:925} INFO - DAG(s) 'example_trigger_target_dag' retrieved from /home/airflow/.local/lib/python3.12/site-packages/airflow/example_dags/example_trigger_target_dag.py
[2026-06-13T16:51:06.579+0000] {logging_mixin.py:190} INFO - [2026-06-13T16:51:06.578+0000] {dag.py:3239} INFO - Sync 1 DAGs
[2026-06-13T16:51:06.594+0000] {logging_mixin.py:190} INFO - [2026-06-13T16:51:06.594+0000] {dag.py:4180} INFO - Setting next_dagrun for example_trigger_target_dag to None, run_after=None
[2026-06-13T16:51:06.621+0000] {processor.py:208} INFO - Processing /home/airflow/.local/lib/python3.12/site-packages/airflow/example_dags/example_trigger_target_dag.py took 0.095 seconds
[2026-06-13T16:51:36.943+0000] {processor.py:186} INFO - Started process (PID=207) to work on /home/airflow/.local/lib/python3.12/site-packages/airflow/example_dags/example_trigger_target_dag.py
[2026-06-13T16:51:36.945+0000] {processor.py:914} INFO - Processing file /home/airflow/.local/lib/python3.12/site-packages/airflow/example_dags/example_trigger_target_dag.py for tasks to queue
[2026-06-13T16:51:36.948+0000] {logging_mixin.py:190} INFO - [2026-06-13T16:51:36.948+0000] {dagbag.py:588} INFO - Filling up the DagBag from /home/airflow/.local/lib/python3.12/site-packages/airflow/example_dags/example_trigger_target_dag.py
[2026-06-13T16:51:36.959+0000] {processor.py:925} INFO - DAG(s) 'example_trigger_target_dag' retrieved from /home/airflow/.local/lib/python3.12/site-packages/airflow/example_dags/example_trigger_target_dag.py
[2026-06-13T16:51:36.984+0000] {logging_mixin.py:190} INFO - [2026-06-13T16:51:36.984+0000] {dag.py:3239} INFO - Sync 1 DAGs
[2026-06-13T16:51:36.998+0000] {logging_mixin.py:190} INFO - [2026-06-13T16:51:36.998+0000] {dag.py:4180} INFO - Setting next_dagrun for example_trigger_target_dag to None, run_after=None
[2026-06-13T16:51:37.017+0000] {processor.py:208} INFO - Processing /home/airflow/.local/lib/python3.12/site-packages/airflow/example_dags/example_trigger_target_dag.py took 0.080 seconds
[2026-06-13T16:52:07.424+0000] {processor.py:186} INFO - Started process (PID=269) to work on /home/airflow/.local/lib/python3.12/site-packages/airflow/example_dags/example_trigger_target_dag.py
[2026-06-13T16:52:07.425+0000] {processor.py:914} INFO - Processing file /home/airflow/.local/lib/python3.12/site-packages/airflow/example_dags/example_trigger_target_dag.py for tasks to queue
[2026-06-13T16:52:07.428+0000] {logging_mixin.py:190} INFO - [2026-06-13T16:52:07.428+0000] {dagbag.py:588} INFO - Filling up the DagBag from /home/airflow/.local/lib/python3.12/site-packages/airflow/example_dags/example_trigger_target_dag.py
[2026-06-13T16:52:07.438+0000] {processor.py:925} INFO - DAG(s) 'example_trigger_target_dag' retrieved from /home/airflow/.local/lib/python3.12/site-packages/airflow/example_dags/example_trigger_target_dag.py
[2026-06-13T16:52:07.465+0000] {logging_mixin.py:190} INFO - [2026-06-13T16:52:07.465+0000] {dag.py:3239} INFO - Sync 1 DAGs
[2026-06-13T16:52:07.486+0000] {logging_mixin.py:190} INFO - [2026-06-13T16:52:07.486+0000] {dag.py:4180} INFO - Setting next_dagrun for example_trigger_target_dag to None, run_after=None
[2026-06-13T16:52:07.513+0000] {processor.py:208} INFO - Processing /home/airflow/.local/lib/python3.12/site-packages/airflow/example_dags/example_trigger_target_dag.py took 0.097 seconds
[2026-06-13T16:53:30.326+0000] {processor.py:186} INFO - Started process (PID=324) to work on /home/airflow/.local/lib/python3.12/site-packages/airflow/example_dags/example_trigger_target_dag.py
[2026-06-13T16:53:30.328+0000] {processor.py:914} INFO - Processing file /home/airflow/.local/lib/python3.12/site-packages/airflow/example_dags/example_trigger_target_dag.py for tasks to queue
[2026-06-13T16:53:30.331+0000] {logging_mixin.py:190} INFO - [2026-06-13T16:53:30.331+0000] {dagbag.py:588} INFO - Filling up the DagBag from /home/airflow/.local/lib/python3.12/site-packages/airflow/example_dags/example_trigger_target_dag.py
[2026-06-13T16:53:30.341+0000] {processor.py:925} INFO - DAG(s) 'example_trigger_target_dag' retrieved from /home/airflow/.local/lib/python3.12/site-packages/airflow/example_dags/example_trigger_target_dag.py
[2026-06-13T16:53:30.365+0000] {logging_mixin.py:190} INFO - [2026-06-13T16:53:30.364+0000] {dag.py:3239} INFO - Sync 1 DAGs
[2026-06-13T16:53:30.379+0000] {logging_mixin.py:190} INFO - [2026-06-13T16:53:30.379+0000] {dag.py:4180} INFO - Setting next_dagrun for example_trigger_target_dag to None, run_after=None
[2026-06-13T16:53:30.403+0000] {processor.py:208} INFO - Processing /home/airflow/.local/lib/python3.12/site-packages/airflow/example_dags/example_trigger_target_dag.py took 0.083 seconds
[2026-06-13T16:54:00.632+0000] {processor.py:186} INFO - Started process (PID=386) to work on /home/airflow/.local/lib/python3.12/site-packages/airflow/example_dags/example_trigger_target_dag.py
[2026-06-13T16:54:00.634+0000] {processor.py:914} INFO - Processing file /home/airflow/.local/lib/python3.12/site-packages/airflow/example_dags/example_trigger_target_dag.py for tasks to queue
[2026-06-13T16:54:00.638+0000] {logging_mixin.py:190} INFO - [2026-06-13T16:54:00.637+0000] {dagbag.py:588} INFO - Filling up the DagBag from /home/airflow/.local/lib/python3.12/site-packages/airflow/example_dags/example_trigger_target_dag.py
[2026-06-13T16:54:00.649+0000] {processor.py:925} INFO - DAG(s) 'example_trigger_target_dag' retrieved from /home/airflow/.local/lib/python3.12/site-packages/airflow/example_dags/example_trigger_target_dag.py
[2026-06-13T16:54:00.674+0000] {logging_mixin.py:190} INFO - [2026-06-13T16:54:00.674+0000] {dag.py:3239} INFO - Sync 1 DAGs
[2026-06-13T16:54:00.690+0000] {logging_mixin.py:190} INFO - [2026-06-13T16:54:00.690+0000] {dag.py:4180} INFO - Setting next_dagrun for example_trigger_target_dag to None, run_after=None
[2026-06-13T16:54:00.713+0000] {processor.py:208} INFO - Processing /home/airflow/.local/lib/python3.12/site-packages/airflow/example_dags/example_trigger_target_dag.py took 0.089 seconds
[2026-06-13T16:54:30.868+0000] {processor.py:186} INFO - Started process (PID=448) to work on /home/airflow/.local/lib/python3.12/site-packages/airflow/example_dags/example_trigger_target_dag.py
[2026-06-13T16:54:30.869+0000] {processor.py:914} INFO - Processing file /home/airflow/.local/lib/python3.12/site-packages/airflow/example_dags/example_trigger_target_dag.py for tasks to queue
[2026-06-13T16:54:30.872+0000] {logging_mixin.py:190} INFO - [2026-06-13T16:54:30.872+0000] {dagbag.py:588} INFO - Filling up the DagBag from /home/airflow/.local/lib/python3.12/site-packages/airflow/example_dags/example_trigger_target_dag.py
[2026-06-13T16:54:30.880+0000] {processor.py:925} INFO - DAG(s) 'example_trigger_target_dag' retrieved from /home/airflow/.local/lib/python3.12/site-packages/airflow/example_dags/example_trigger_target_dag.py
[2026-06-13T16:54:30.902+0000] {logging_mixin.py:190} INFO - [2026-06-13T16:54:30.901+0000] {dag.py:3239} INFO - Sync 1 DAGs
[2026-06-13T16:54:30.916+0000] {logging_mixin.py:190} INFO - [2026-06-13T16:54:30.916+0000] {dag.py:4180} INFO - Setting next_dagrun for example_trigger_target_dag to None, run_after=None
[2026-06-13T16:54:30.940+0000] {processor.py:208} INFO - Processing /home/airflow/.local/lib/python3.12/site-packages/airflow/example_dags/example_trigger_target_dag.py took 0.079 seconds
[2026-06-13T16:55:01.224+0000] {processor.py:186} INFO - Started process (PID=510) to work on /home/airflow/.local/lib/python3.12/site-packages/airflow/example_dags/example_trigger_target_dag.py
[2026-06-13T16:55:01.226+0000] {processor.py:914} INFO - Processing file /home/airflow/.local/lib/python3.12/site-packages/airflow/example_dags/example_trigger_target_dag.py for tasks to queue
[2026-06-13T16:55:01.230+0000] {logging_mixin.py:190} INFO - [2026-06-13T16:55:01.229+0000] {dagbag.py:588} INFO - Filling up the DagBag from /home/airflow/.local/lib/python3.12/site-packages/airflow/example_dags/example_trigger_target_dag.py
[2026-06-13T16:55:01.239+0000] {processor.py:925} INFO - DAG(s) 'example_trigger_target_dag' retrieved from /home/airflow/.local/lib/python3.12/site-packages/airflow/example_dags/example_trigger_target_dag.py
[2026-06-13T16:55:01.260+0000] {logging_mixin.py:190} INFO - [2026-06-13T16:55:01.259+0000] {dag.py:3239} INFO - Sync 1 DAGs
[2026-06-13T16:55:01.276+0000] {logging_mixin.py:190} INFO - [2026-06-13T16:55:01.276+0000] {dag.py:4180} INFO - Setting next_dagrun for example_trigger_target_dag to None, run_after=None
[2026-06-13T16:55:01.299+0000] {processor.py:208} INFO - Processing /home/airflow/.local/lib/python3.12/site-packages/airflow/example_dags/example_trigger_target_dag.py took 0.083 seconds
[2026-06-13T16:55:31.633+0000] {processor.py:186} INFO - Started process (PID=573) to work on /home/airflow/.local/lib/python3.12/site-packages/airflow/example_dags/example_trigger_target_dag.py
[2026-06-13T16:55:31.634+0000] {processor.py:914} INFO - Processing file /home/airflow/.local/lib/python3.12/site-packages/airflow/example_dags/example_trigger_target_dag.py for tasks to queue
[2026-06-13T16:55:31.638+0000] {logging_mixin.py:190} INFO - [2026-06-13T16:55:31.637+0000] {dagbag.py:588} INFO - Filling up the DagBag from /home/airflow/.local/lib/python3.12/site-packages/airflow/example_dags/example_trigger_target_dag.py
[2026-06-13T16:55:31.650+0000] {processor.py:925} INFO - DAG(s) 'example_trigger_target_dag' retrieved from /home/airflow/.local/lib/python3.12/site-packages/airflow/example_dags/example_trigger_target_dag.py
[2026-06-13T16:55:31.675+0000] {logging_mixin.py:190} INFO - [2026-06-13T16:55:31.675+0000] {dag.py:3239} INFO - Sync 1 DAGs
[2026-06-13T16:55:31.693+0000] {logging_mixin.py:190} INFO - [2026-06-13T16:55:31.693+0000] {dag.py:4180} INFO - Setting next_dagrun for example_trigger_target_dag to None, run_after=None
[2026-06-13T16:55:31.720+0000] {processor.py:208} INFO - Processing /home/airflow/.local/lib/python3.12/site-packages/airflow/example_dags/example_trigger_target_dag.py took 0.094 seconds
[2026-06-13T16:56:01.976+0000] {processor.py:186} INFO - Started process (PID=635) to work on /home/airflow/.local/lib/python3.12/site-packages/airflow/example_dags/example_trigger_target_dag.py
[2026-06-13T16:56:01.978+0000] {processor.py:914} INFO - Processing file /home/airflow/.local/lib/python3.12/site-packages/airflow/example_dags/example_trigger_target_dag.py for tasks to queue
[2026-06-13T16:56:01.981+0000] {logging_mixin.py:190} INFO - [2026-06-13T16:56:01.980+0000] {dagbag.py:588} INFO - Filling up the DagBag from /home/airflow/.local/lib/python3.12/site-packages/airflow/example_dags/example_trigger_target_dag.py
[2026-06-13T16:56:01.991+0000] {processor.py:925} INFO - DAG(s) 'example_trigger_target_dag' retrieved from /home/airflow/.local/lib/python3.12/site-packages/airflow/example_dags/example_trigger_target_dag.py
[2026-06-13T16:56:02.017+0000] {logging_mixin.py:190} INFO - [2026-06-13T16:56:02.016+0000] {dag.py:3239} INFO - Sync 1 DAGs
[2026-06-13T16:56:02.033+0000] {logging_mixin.py:190} INFO - [2026-06-13T16:56:02.033+0000] {dag.py:4180} INFO - Setting next_dagrun for example_trigger_target_dag to None, run_after=None
[2026-06-13T16:56:02.054+0000] {processor.py:208} INFO - Processing /home/airflow/.local/lib/python3.12/site-packages/airflow/example_dags/example_trigger_target_dag.py took 0.086 seconds
[2026-06-13T16:56:32.310+0000] {processor.py:186} INFO - Started process (PID=697) to work on /home/airflow/.local/lib/python3.12/site-packages/airflow/example_dags/example_trigger_target_dag.py
[2026-06-13T16:56:32.312+0000] {processor.py:914} INFO - Processing file /home/airflow/.local/lib/python3.12/site-packages/airflow/example_dags/example_trigger_target_dag.py for tasks to queue
[2026-06-13T16:56:32.315+0000] {logging_mixin.py:190} INFO - [2026-06-13T16:56:32.314+0000] {dagbag.py:588} INFO - Filling up the DagBag from /home/airflow/.local/lib/python3.12/site-packages/airflow/example_dags/example_trigger_target_dag.py
[2026-06-13T16:56:32.325+0000] {processor.py:925} INFO - DAG(s) 'example_trigger_target_dag' retrieved from /home/airflow/.local/lib/python3.12/site-packages/airflow/example_dags/example_trigger_target_dag.py
[2026-06-13T16:56:32.350+0000] {logging_mixin.py:190} INFO - [2026-06-13T16:56:32.350+0000] {dag.py:3239} INFO - Sync 1 DAGs
[2026-06-13T16:56:32.366+0000] {logging_mixin.py:190} INFO - [2026-06-13T16:56:32.365+0000] {dag.py:4180} INFO - Setting next_dagrun for example_trigger_target_dag to None, run_after=None
[2026-06-13T16:56:32.385+0000] {processor.py:208} INFO - Processing /home/airflow/.local/lib/python3.12/site-packages/airflow/example_dags/example_trigger_target_dag.py took 0.084 seconds
[2026-06-13T16:57:02.609+0000] {processor.py:186} INFO - Started process (PID=759) to work on /home/airflow/.local/lib/python3.12/site-packages/airflow/example_dags/example_trigger_target_dag.py
[2026-06-13T16:57:02.611+0000] {processor.py:914} INFO - Processing file /home/airflow/.local/lib/python3.12/site-packages/airflow/example_dags/example_trigger_target_dag.py for tasks to queue
[2026-06-13T16:57:02.615+0000] {logging_mixin.py:190} INFO - [2026-06-13T16:57:02.614+0000] {dagbag.py:588} INFO - Filling up the DagBag from /home/airflow/.local/lib/python3.12/site-packages/airflow/example_dags/example_trigger_target_dag.py
[2026-06-13T16:57:02.627+0000] {processor.py:925} INFO - DAG(s) 'example_trigger_target_dag' retrieved from /home/airflow/.local/lib/python3.12/site-packages/airflow/example_dags/example_trigger_target_dag.py
[2026-06-13T16:57:02.648+0000] {logging_mixin.py:190} INFO - [2026-06-13T16:57:02.647+0000] {dag.py:3239} INFO - Sync 1 DAGs
[2026-06-13T16:57:02.664+0000] {logging_mixin.py:190} INFO - [2026-06-13T16:57:02.664+0000] {dag.py:4180} INFO - Setting next_dagrun for example_trigger_target_dag to None, run_after=None
[2026-06-13T16:57:02.687+0000] {processor.py:208} INFO - Processing /home/airflow/.local/lib/python3.12/site-packages/airflow/example_dags/example_trigger_target_dag.py took 0.085 seconds
[2026-06-13T16:57:33.187+0000] {processor.py:186} INFO - Started process (PID=821) to work on /home/airflow/.local/lib/python3.12/site-packages/airflow/example_dags/example_trigger_target_dag.py
[2026-06-13T16:57:33.189+0000] {processor.py:914} INFO - Processing file /home/airflow/.local/lib/python3.12/site-packages/airflow/example_dags/example_trigger_target_dag.py for tasks to queue
[2026-06-13T16:57:33.192+0000] {logging_mixin.py:190} INFO - [2026-06-13T16:57:33.192+0000] {dagbag.py:588} INFO - Filling up the DagBag from /home/airflow/.local/lib/python3.12/site-packages/airflow/example_dags/example_trigger_target_dag.py
[2026-06-13T16:57:33.203+0000] {processor.py:925} INFO - DAG(s) 'example_trigger_target_dag' retrieved from /home/airflow/.local/lib/python3.12/site-packages/airflow/example_dags/example_trigger_target_dag.py
[2026-06-13T16:57:33.237+0000] {logging_mixin.py:190} INFO - [2026-06-13T16:57:33.237+0000] {dag.py:3239} INFO - Sync 1 DAGs
[2026-06-13T16:57:33.262+0000] {logging_mixin.py:190} INFO - [2026-06-13T16:57:33.261+0000] {dag.py:4180} INFO - Setting next_dagrun for example_trigger_target_dag to None, run_after=None
[2026-06-13T16:57:33.294+0000] {processor.py:208} INFO - Processing /home/airflow/.local/lib/python3.12/site-packages/airflow/example_dags/example_trigger_target_dag.py took 0.115 seconds
[2026-06-13T16:58:04.159+0000] {processor.py:186} INFO - Started process (PID=883) to work on /home/airflow/.local/lib/python3.12/site-packages/airflow/example_dags/example_trigger_target_dag.py
[2026-06-13T16:58:04.161+0000] {processor.py:914} INFO - Processing file /home/airflow/.local/lib/python3.12/site-packages/airflow/example_dags/example_trigger_target_dag.py for tasks to queue
[2026-06-13T16:58:04.166+0000] {logging_mixin.py:190} INFO - [2026-06-13T16:58:04.165+0000] {dagbag.py:588} INFO - Filling up the DagBag from /home/airflow/.local/lib/python3.12/site-packages/airflow/example_dags/example_trigger_target_dag.py
[2026-06-13T16:58:04.179+0000] {processor.py:925} INFO - DAG(s) 'example_trigger_target_dag' retrieved from /home/airflow/.local/lib/python3.12/site-packages/airflow/example_dags/example_trigger_target_dag.py
[2026-06-13T16:58:04.211+0000] {logging_mixin.py:190} INFO - [2026-06-13T16:58:04.210+0000] {dag.py:3239} INFO - Sync 1 DAGs
[2026-06-13T16:58:04.235+0000] {logging_mixin.py:190} INFO - [2026-06-13T16:58:04.234+0000] {dag.py:4180} INFO - Setting next_dagrun for example_trigger_target_dag to None, run_after=None
[2026-06-13T16:58:04.269+0000] {processor.py:208} INFO - Processing /home/airflow/.local/lib/python3.12/site-packages/airflow/example_dags/example_trigger_target_dag.py took 0.119 seconds
[2026-06-13T16:58:34.580+0000] {processor.py:186} INFO - Started process (PID=945) to work on /home/airflow/.local/lib/python3.12/site-packages/airflow/example_dags/example_trigger_target_dag.py
[2026-06-13T16:58:34.582+0000] {processor.py:914} INFO - Processing file /home/airflow/.local/lib/python3.12/site-packages/airflow/example_dags/example_trigger_target_dag.py for tasks to queue
[2026-06-13T16:58:34.586+0000] {logging_mixin.py:190} INFO - [2026-06-13T16:58:34.585+0000] {dagbag.py:588} INFO - Filling up the DagBag from /home/airflow/.local/lib/python3.12/site-packages/airflow/example_dags/example_trigger_target_dag.py
[2026-06-13T16:58:34.596+0000] {processor.py:925} INFO - DAG(s) 'example_trigger_target_dag' retrieved from /home/airflow/.local/lib/python3.12/site-packages/airflow/example_dags/example_trigger_target_dag.py
[2026-06-13T16:58:34.625+0000] {logging_mixin.py:190} INFO - [2026-06-13T16:58:34.625+0000] {dag.py:3239} INFO - Sync 1 DAGs
[2026-06-13T16:58:34.656+0000] {logging_mixin.py:190} INFO - [2026-06-13T16:58:34.655+0000] {dag.py:4180} INFO - Setting next_dagrun for example_trigger_target_dag to None, run_after=None
[2026-06-13T16:58:34.699+0000] {processor.py:208} INFO - Processing /home/airflow/.local/lib/python3.12/site-packages/airflow/example_dags/example_trigger_target_dag.py took 0.126 seconds
[2026-06-13T16:59:04.911+0000] {processor.py:186} INFO - Started process (PID=1007) to work on /home/airflow/.local/lib/python3.12/site-packages/airflow/example_dags/example_trigger_target_dag.py
[2026-06-13T16:59:04.913+0000] {processor.py:914} INFO - Processing file /home/airflow/.local/lib/python3.12/site-packages/airflow/example_dags/example_trigger_target_dag.py for tasks to queue
[2026-06-13T16:59:04.918+0000] {logging_mixin.py:190} INFO - [2026-06-13T16:59:04.917+0000] {dagbag.py:588} INFO - Filling up the DagBag from /home/airflow/.local/lib/python3.12/site-packages/airflow/example_dags/example_trigger_target_dag.py
[2026-06-13T16:59:04.934+0000] {processor.py:925} INFO - DAG(s) 'example_trigger_target_dag' retrieved from /home/airflow/.local/lib/python3.12/site-packages/airflow/example_dags/example_trigger_target_dag.py
[2026-06-13T16:59:04.995+0000] {logging_mixin.py:190} INFO - [2026-06-13T16:59:04.994+0000] {dag.py:3239} INFO - Sync 1 DAGs
[2026-06-13T16:59:05.028+0000] {logging_mixin.py:190} INFO - [2026-06-13T16:59:05.028+0000] {dag.py:4180} INFO - Setting next_dagrun for example_trigger_target_dag to None, run_after=None
[2026-06-13T16:59:05.060+0000] {processor.py:208} INFO - Processing /home/airflow/.local/lib/python3.12/site-packages/airflow/example_dags/example_trigger_target_dag.py took 0.163 seconds
[2026-06-13T16:59:36.111+0000] {processor.py:186} INFO - Started process (PID=1069) to work on /home/airflow/.local/lib/python3.12/site-packages/airflow/example_dags/example_trigger_target_dag.py
[2026-06-13T16:59:36.113+0000] {processor.py:914} INFO - Processing file /home/airflow/.local/lib/python3.12/site-packages/airflow/example_dags/example_trigger_target_dag.py for tasks to queue
[2026-06-13T16:59:36.117+0000] {logging_mixin.py:190} INFO - [2026-06-13T16:59:36.116+0000] {dagbag.py:588} INFO - Filling up the DagBag from /home/airflow/.local/lib/python3.12/site-packages/airflow/example_dags/example_trigger_target_dag.py
[2026-06-13T16:59:36.129+0000] {processor.py:925} INFO - DAG(s) 'example_trigger_target_dag' retrieved from /home/airflow/.local/lib/python3.12/site-packages/airflow/example_dags/example_trigger_target_dag.py
[2026-06-13T16:59:36.164+0000] {logging_mixin.py:190} INFO - [2026-06-13T16:59:36.164+0000] {dag.py:3239} INFO - Sync 1 DAGs
[2026-06-13T16:59:36.187+0000] {logging_mixin.py:190} INFO - [2026-06-13T16:59:36.187+0000] {dag.py:4180} INFO - Setting next_dagrun for example_trigger_target_dag to None, run_after=None
[2026-06-13T16:59:36.217+0000] {processor.py:208} INFO - Processing /home/airflow/.local/lib/python3.12/site-packages/airflow/example_dags/example_trigger_target_dag.py took 0.116 seconds
[2026-06-13T17:00:06.887+0000] {processor.py:186} INFO - Started process (PID=1131) to work on /home/airflow/.local/lib/python3.12/site-packages/airflow/example_dags/example_trigger_target_dag.py
[2026-06-13T17:00:06.888+0000] {processor.py:914} INFO - Processing file /home/airflow/.local/lib/python3.12/site-packages/airflow/example_dags/example_trigger_target_dag.py for tasks to queue
[2026-06-13T17:00:06.892+0000] {logging_mixin.py:190} INFO - [2026-06-13T17:00:06.892+0000] {dagbag.py:588} INFO - Filling up the DagBag from /home/airflow/.local/lib/python3.12/site-packages/airflow/example_dags/example_trigger_target_dag.py
[2026-06-13T17:00:06.906+0000] {processor.py:925} INFO - DAG(s) 'example_trigger_target_dag' retrieved from /home/airflow/.local/lib/python3.12/site-packages/airflow/example_dags/example_trigger_target_dag.py
[2026-06-13T17:00:06.937+0000] {logging_mixin.py:190} INFO - [2026-06-13T17:00:06.937+0000] {dag.py:3239} INFO - Sync 1 DAGs
[2026-06-13T17:00:06.955+0000] {logging_mixin.py:190} INFO - [2026-06-13T17:00:06.954+0000] {dag.py:4180} INFO - Setting next_dagrun for example_trigger_target_dag to None, run_after=None
[2026-06-13T17:00:06.983+0000] {processor.py:208} INFO - Processing /home/airflow/.local/lib/python3.12/site-packages/airflow/example_dags/example_trigger_target_dag.py took 0.108 seconds
[2026-06-13T17:00:37.094+0000] {processor.py:186} INFO - Started process (PID=1193) to work on /home/airflow/.local/lib/python3.12/site-packages/airflow/example_dags/example_trigger_target_dag.py
[2026-06-13T17:00:37.096+0000] {processor.py:914} INFO - Processing file /home/airflow/.local/lib/python3.12/site-packages/airflow/example_dags/example_trigger_target_dag.py for tasks to queue
[2026-06-13T17:00:37.099+0000] {logging_mixin.py:190} INFO - [2026-06-13T17:00:37.099+0000] {dagbag.py:588} INFO - Filling up the DagBag from /home/airflow/.local/lib/python3.12/site-packages/airflow/example_dags/example_trigger_target_dag.py
[2026-06-13T17:00:37.111+0000] {processor.py:925} INFO - DAG(s) 'example_trigger_target_dag' retrieved from /home/airflow/.local/lib/python3.12/site-packages/airflow/example_dags/example_trigger_target_dag.py
[2026-06-13T17:00:37.140+0000] {logging_mixin.py:190} INFO - [2026-06-13T17:00:37.139+0000] {dag.py:3239} INFO - Sync 1 DAGs
[2026-06-13T17:00:37.163+0000] {logging_mixin.py:190} INFO - [2026-06-13T17:00:37.162+0000] {dag.py:4180} INFO - Setting next_dagrun for example_trigger_target_dag to None, run_after=None
[2026-06-13T17:00:37.193+0000] {processor.py:208} INFO - Processing /home/airflow/.local/lib/python3.12/site-packages/airflow/example_dags/example_trigger_target_dag.py took 0.106 seconds
[2026-06-13T17:01:07.535+0000] {processor.py:186} INFO - Started process (PID=1255) to work on /home/airflow/.local/lib/python3.12/site-packages/airflow/example_dags/example_trigger_target_dag.py
[2026-06-13T17:01:07.537+0000] {processor.py:914} INFO - Processing file /home/airflow/.local/lib/python3.12/site-packages/airflow/example_dags/example_trigger_target_dag.py for tasks to queue
[2026-06-13T17:01:07.541+0000] {logging_mixin.py:190} INFO - [2026-06-13T17:01:07.540+0000] {dagbag.py:588} INFO - Filling up the DagBag from /home/airflow/.local/lib/python3.12/site-packages/airflow/example_dags/example_trigger_target_dag.py
[2026-06-13T17:01:07.554+0000] {processor.py:925} INFO - DAG(s) 'example_trigger_target_dag' retrieved from /home/airflow/.local/lib/python3.12/site-packages/airflow/example_dags/example_trigger_target_dag.py
[2026-06-13T17:01:07.584+0000] {logging_mixin.py:190} INFO - [2026-06-13T17:01:07.583+0000] {dag.py:3239} INFO - Sync 1 DAGs
[2026-06-13T17:01:07.610+0000] {logging_mixin.py:190} INFO - [2026-06-13T17:01:07.609+0000] {dag.py:4180} INFO - Setting next_dagrun for example_trigger_target_dag to None, run_after=None
[2026-06-13T17:01:07.640+0000] {processor.py:208} INFO - Processing /home/airflow/.local/lib/python3.12/site-packages/airflow/example_dags/example_trigger_target_dag.py took 0.114 seconds
[2026-06-13T17:01:38.087+0000] {processor.py:186} INFO - Started process (PID=1317) to work on /home/airflow/.local/lib/python3.12/site-packages/airflow/example_dags/example_trigger_target_dag.py
[2026-06-13T17:01:38.088+0000] {processor.py:914} INFO - Processing file /home/airflow/.local/lib/python3.12/site-packages/airflow/example_dags/example_trigger_target_dag.py for tasks to queue
[2026-06-13T17:01:38.092+0000] {logging_mixin.py:190} INFO - [2026-06-13T17:01:38.092+0000] {dagbag.py:588} INFO - Filling up the DagBag from /home/airflow/.local/lib/python3.12/site-packages/airflow/example_dags/example_trigger_target_dag.py
[2026-06-13T17:01:38.107+0000] {processor.py:925} INFO - DAG(s) 'example_trigger_target_dag' retrieved from /home/airflow/.local/lib/python3.12/site-packages/airflow/example_dags/example_trigger_target_dag.py
[2026-06-13T17:01:38.137+0000] {logging_mixin.py:190} INFO - [2026-06-13T17:01:38.136+0000] {dag.py:3239} INFO - Sync 1 DAGs
[2026-06-13T17:01:38.155+0000] {logging_mixin.py:190} INFO - [2026-06-13T17:01:38.154+0000] {dag.py:4180} INFO - Setting next_dagrun for example_trigger_target_dag to None, run_after=None
[2026-06-13T17:01:38.188+0000] {processor.py:208} INFO - Processing /home/airflow/.local/lib/python3.12/site-packages/airflow/example_dags/example_trigger_target_dag.py took 0.112 seconds
[2026-06-13T17:02:08.351+0000] {processor.py:186} INFO - Started process (PID=1379) to work on /home/airflow/.local/lib/python3.12/site-packages/airflow/example_dags/example_trigger_target_dag.py
[2026-06-13T17:02:08.353+0000] {processor.py:914} INFO - Processing file /home/airflow/.local/lib/python3.12/site-packages/airflow/example_dags/example_trigger_target_dag.py for tasks to queue
[2026-06-13T17:02:08.357+0000] {logging_mixin.py:190} INFO - [2026-06-13T17:02:08.357+0000] {dagbag.py:588} INFO - Filling up the DagBag from /home/airflow/.local/lib/python3.12/site-packages/airflow/example_dags/example_trigger_target_dag.py
[2026-06-13T17:02:08.372+0000] {processor.py:925} INFO - DAG(s) 'example_trigger_target_dag' retrieved from /home/airflow/.local/lib/python3.12/site-packages/airflow/example_dags/example_trigger_target_dag.py
[2026-06-13T17:02:08.404+0000] {logging_mixin.py:190} INFO - [2026-06-13T17:02:08.404+0000] {dag.py:3239} INFO - Sync 1 DAGs
[2026-06-13T17:02:08.422+0000] {logging_mixin.py:190} INFO - [2026-06-13T17:02:08.422+0000] {dag.py:4180} INFO - Setting next_dagrun for example_trigger_target_dag to None, run_after=None
[2026-06-13T17:02:08.452+0000] {processor.py:208} INFO - Processing /home/airflow/.local/lib/python3.12/site-packages/airflow/example_dags/example_trigger_target_dag.py took 0.112 seconds
[2026-06-13T17:02:38.872+0000] {processor.py:186} INFO - Started process (PID=1441) to work on /home/airflow/.local/lib/python3.12/site-packages/airflow/example_dags/example_trigger_target_dag.py
[2026-06-13T17:02:38.873+0000] {processor.py:914} INFO - Processing file /home/airflow/.local/lib/python3.12/site-packages/airflow/example_dags/example_trigger_target_dag.py for tasks to queue
[2026-06-13T17:02:38.877+0000] {logging_mixin.py:190} INFO - [2026-06-13T17:02:38.877+0000] {dagbag.py:588} INFO - Filling up the DagBag from /home/airflow/.local/lib/python3.12/site-packages/airflow/example_dags/example_trigger_target_dag.py
[2026-06-13T17:02:38.891+0000] {processor.py:925} INFO - DAG(s) 'example_trigger_target_dag' retrieved from /home/airflow/.local/lib/python3.12/site-packages/airflow/example_dags/example_trigger_target_dag.py
[2026-06-13T17:02:38.922+0000] {logging_mixin.py:190} INFO - [2026-06-13T17:02:38.922+0000] {dag.py:3239} INFO - Sync 1 DAGs
[2026-06-13T17:02:38.947+0000] {logging_mixin.py:190} INFO - [2026-06-13T17:02:38.947+0000] {dag.py:4180} INFO - Setting next_dagrun for example_trigger_target_dag to None, run_after=None
[2026-06-13T17:02:38.980+0000] {processor.py:208} INFO - Processing /home/airflow/.local/lib/python3.12/site-packages/airflow/example_dags/example_trigger_target_dag.py took 0.119 seconds
[2026-06-13T17:03:09.133+0000] {processor.py:186} INFO - Started process (PID=1503) to work on /home/airflow/.local/lib/python3.12/site-packages/airflow/example_dags/example_trigger_target_dag.py
[2026-06-13T17:03:09.135+0000] {processor.py:914} INFO - Processing file /home/airflow/.local/lib/python3.12/site-packages/airflow/example_dags/example_trigger_target_dag.py for tasks to queue
[2026-06-13T17:03:09.141+0000] {logging_mixin.py:190} INFO - [2026-06-13T17:03:09.140+0000] {dagbag.py:588} INFO - Filling up the DagBag from /home/airflow/.local/lib/python3.12/site-packages/airflow/example_dags/example_trigger_target_dag.py
[2026-06-13T17:03:09.160+0000] {processor.py:925} INFO - DAG(s) 'example_trigger_target_dag' retrieved from /home/airflow/.local/lib/python3.12/site-packages/airflow/example_dags/example_trigger_target_dag.py
[2026-06-13T17:03:09.204+0000] {logging_mixin.py:190} INFO - [2026-06-13T17:03:09.204+0000] {dag.py:3239} INFO - Sync 1 DAGs
[2026-06-13T17:03:09.231+0000] {logging_mixin.py:190} INFO - [2026-06-13T17:03:09.231+0000] {dag.py:4180} INFO - Setting next_dagrun for example_trigger_target_dag to None, run_after=None
[2026-06-13T17:03:09.273+0000] {processor.py:208} INFO - Processing /home/airflow/.local/lib/python3.12/site-packages/airflow/example_dags/example_trigger_target_dag.py took 0.153 seconds
[2026-06-13T17:03:39.846+0000] {processor.py:186} INFO - Started process (PID=1565) to work on /home/airflow/.local/lib/python3.12/site-packages/airflow/example_dags/example_trigger_target_dag.py
[2026-06-13T17:03:39.848+0000] {processor.py:914} INFO - Processing file /home/airflow/.local/lib/python3.12/site-packages/airflow/example_dags/example_trigger_target_dag.py for tasks to queue
[2026-06-13T17:03:39.853+0000] {logging_mixin.py:190} INFO - [2026-06-13T17:03:39.852+0000] {dagbag.py:588} INFO - Filling up the DagBag from /home/airflow/.local/lib/python3.12/site-packages/airflow/example_dags/example_trigger_target_dag.py
[2026-06-13T17:03:39.868+0000] {processor.py:925} INFO - DAG(s) 'example_trigger_target_dag' retrieved from /home/airflow/.local/lib/python3.12/site-packages/airflow/example_dags/example_trigger_target_dag.py
[2026-06-13T17:03:39.903+0000] {logging_mixin.py:190} INFO - [2026-06-13T17:03:39.903+0000] {dag.py:3239} INFO - Sync 1 DAGs
[2026-06-13T17:03:39.931+0000] {logging_mixin.py:190} INFO - [2026-06-13T17:03:39.931+0000] {dag.py:4180} INFO - Setting next_dagrun for example_trigger_target_dag to None, run_after=None
[2026-06-13T17:03:39.968+0000] {processor.py:208} INFO - Processing /home/airflow/.local/lib/python3.12/site-packages/airflow/example_dags/example_trigger_target_dag.py took 0.132 seconds
[2026-06-13T17:04:10.645+0000] {processor.py:186} INFO - Started process (PID=1627) to work on /home/airflow/.local/lib/python3.12/site-packages/airflow/example_dags/example_trigger_target_dag.py
[2026-06-13T17:04:10.647+0000] {processor.py:914} INFO - Processing file /home/airflow/.local/lib/python3.12/site-packages/airflow/example_dags/example_trigger_target_dag.py for tasks to queue
[2026-06-13T17:04:10.651+0000] {logging_mixin.py:190} INFO - [2026-06-13T17:04:10.650+0000] {dagbag.py:588} INFO - Filling up the DagBag from /home/airflow/.local/lib/python3.12/site-packages/airflow/example_dags/example_trigger_target_dag.py
[2026-06-13T17:04:10.664+0000] {processor.py:925} INFO - DAG(s) 'example_trigger_target_dag' retrieved from /home/airflow/.local/lib/python3.12/site-packages/airflow/example_dags/example_trigger_target_dag.py
[2026-06-13T17:04:10.694+0000] {logging_mixin.py:190} INFO - [2026-06-13T17:04:10.694+0000] {dag.py:3239} INFO - Sync 1 DAGs
[2026-06-13T17:04:10.720+0000] {logging_mixin.py:190} INFO - [2026-06-13T17:04:10.719+0000] {dag.py:4180} INFO - Setting next_dagrun for example_trigger_target_dag to None, run_after=None
[2026-06-13T17:04:10.748+0000] {processor.py:208} INFO - Processing /home/airflow/.local/lib/python3.12/site-packages/airflow/example_dags/example_trigger_target_dag.py took 0.112 seconds
[2026-06-13T17:04:41.003+0000] {processor.py:186} INFO - Started process (PID=1689) to work on /home/airflow/.local/lib/python3.12/site-packages/airflow/example_dags/example_trigger_target_dag.py
[2026-06-13T17:04:41.004+0000] {processor.py:914} INFO - Processing file /home/airflow/.local/lib/python3.12/site-packages/airflow/example_dags/example_trigger_target_dag.py for tasks to queue
[2026-06-13T17:04:41.008+0000] {logging_mixin.py:190} INFO - [2026-06-13T17:04:41.007+0000] {dagbag.py:588} INFO - Filling up the DagBag from /home/airflow/.local/lib/python3.12/site-packages/airflow/example_dags/example_trigger_target_dag.py
[2026-06-13T17:04:41.020+0000] {processor.py:925} INFO - DAG(s) 'example_trigger_target_dag' retrieved from /home/airflow/.local/lib/python3.12/site-packages/airflow/example_dags/example_trigger_target_dag.py
[2026-06-13T17:04:41.049+0000] {logging_mixin.py:190} INFO - [2026-06-13T17:04:41.049+0000] {dag.py:3239} INFO - Sync 1 DAGs
[2026-06-13T17:04:41.069+0000] {logging_mixin.py:190} INFO - [2026-06-13T17:04:41.068+0000] {dag.py:4180} INFO - Setting next_dagrun for example_trigger_target_dag to None, run_after=None
[2026-06-13T17:04:41.098+0000] {processor.py:208} INFO - Processing /home/airflow/.local/lib/python3.12/site-packages/airflow/example_dags/example_trigger_target_dag.py took 0.106 seconds
[2026-06-13T17:05:11.469+0000] {processor.py:186} INFO - Started process (PID=1751) to work on /home/airflow/.local/lib/python3.12/site-packages/airflow/example_dags/example_trigger_target_dag.py
[2026-06-13T17:05:11.470+0000] {processor.py:914} INFO - Processing file /home/airflow/.local/lib/python3.12/site-packages/airflow/example_dags/example_trigger_target_dag.py for tasks to queue
[2026-06-13T17:05:11.474+0000] {logging_mixin.py:190} INFO - [2026-06-13T17:05:11.474+0000] {dagbag.py:588} INFO - Filling up the DagBag from /home/airflow/.local/lib/python3.12/site-packages/airflow/example_dags/example_trigger_target_dag.py
[2026-06-13T17:05:11.487+0000] {processor.py:925} INFO - DAG(s) 'example_trigger_target_dag' retrieved from /home/airflow/.local/lib/python3.12/site-packages/airflow/example_dags/example_trigger_target_dag.py
[2026-06-13T17:05:11.517+0000] {logging_mixin.py:190} INFO - [2026-06-13T17:05:11.517+0000] {dag.py:3239} INFO - Sync 1 DAGs
[2026-06-13T17:05:11.537+0000] {logging_mixin.py:190} INFO - [2026-06-13T17:05:11.537+0000] {dag.py:4180} INFO - Setting next_dagrun for example_trigger_target_dag to None, run_after=None
[2026-06-13T17:05:11.566+0000] {processor.py:208} INFO - Processing /home/airflow/.local/lib/python3.12/site-packages/airflow/example_dags/example_trigger_target_dag.py took 0.107 seconds
[2026-06-13T17:05:41.733+0000] {processor.py:186} INFO - Started process (PID=1813) to work on /home/airflow/.local/lib/python3.12/site-packages/airflow/example_dags/example_trigger_target_dag.py
[2026-06-13T17:05:41.735+0000] {processor.py:914} INFO - Processing file /home/airflow/.local/lib/python3.12/site-packages/airflow/example_dags/example_trigger_target_dag.py for tasks to queue
[2026-06-13T17:05:41.738+0000] {logging_mixin.py:190} INFO - [2026-06-13T17:05:41.738+0000] {dagbag.py:588} INFO - Filling up the DagBag from /home/airflow/.local/lib/python3.12/site-packages/airflow/example_dags/example_trigger_target_dag.py
[2026-06-13T17:05:41.748+0000] {processor.py:925} INFO - DAG(s) 'example_trigger_target_dag' retrieved from /home/airflow/.local/lib/python3.12/site-packages/airflow/example_dags/example_trigger_target_dag.py
[2026-06-13T17:05:41.774+0000] {logging_mixin.py:190} INFO - [2026-06-13T17:05:41.774+0000] {dag.py:3239} INFO - Sync 1 DAGs
[2026-06-13T17:05:41.792+0000] {logging_mixin.py:190} INFO - [2026-06-13T17:05:41.792+0000] {dag.py:4180} INFO - Setting next_dagrun for example_trigger_target_dag to None, run_after=None
[2026-06-13T17:05:41.818+0000] {processor.py:208} INFO - Processing /home/airflow/.local/lib/python3.12/site-packages/airflow/example_dags/example_trigger_target_dag.py took 0.094 seconds
[2026-06-13T17:06:12.041+0000] {processor.py:186} INFO - Started process (PID=1875) to work on /home/airflow/.local/lib/python3.12/site-packages/airflow/example_dags/example_trigger_target_dag.py
[2026-06-13T17:06:12.042+0000] {processor.py:914} INFO - Processing file /home/airflow/.local/lib/python3.12/site-packages/airflow/example_dags/example_trigger_target_dag.py for tasks to queue
[2026-06-13T17:06:12.045+0000] {logging_mixin.py:190} INFO - [2026-06-13T17:06:12.045+0000] {dagbag.py:588} INFO - Filling up the DagBag from /home/airflow/.local/lib/python3.12/site-packages/airflow/example_dags/example_trigger_target_dag.py
[2026-06-13T17:06:12.058+0000] {processor.py:925} INFO - DAG(s) 'example_trigger_target_dag' retrieved from /home/airflow/.local/lib/python3.12/site-packages/airflow/example_dags/example_trigger_target_dag.py
[2026-06-13T17:06:12.088+0000] {logging_mixin.py:190} INFO - [2026-06-13T17:06:12.087+0000] {dag.py:3239} INFO - Sync 1 DAGs
[2026-06-13T17:06:12.108+0000] {logging_mixin.py:190} INFO - [2026-06-13T17:06:12.107+0000] {dag.py:4180} INFO - Setting next_dagrun for example_trigger_target_dag to None, run_after=None
[2026-06-13T17:06:12.140+0000] {processor.py:208} INFO - Processing /home/airflow/.local/lib/python3.12/site-packages/airflow/example_dags/example_trigger_target_dag.py took 0.107 seconds
[2026-06-13T17:06:42.598+0000] {processor.py:186} INFO - Started process (PID=1938) to work on /home/airflow/.local/lib/python3.12/site-packages/airflow/example_dags/example_trigger_target_dag.py
[2026-06-13T17:06:42.599+0000] {processor.py:914} INFO - Processing file /home/airflow/.local/lib/python3.12/site-packages/airflow/example_dags/example_trigger_target_dag.py for tasks to queue
[2026-06-13T17:06:42.603+0000] {logging_mixin.py:190} INFO - [2026-06-13T17:06:42.603+0000] {dagbag.py:588} INFO - Filling up the DagBag from /home/airflow/.local/lib/python3.12/site-packages/airflow/example_dags/example_trigger_target_dag.py
[2026-06-13T17:06:42.618+0000] {processor.py:925} INFO - DAG(s) 'example_trigger_target_dag' retrieved from /home/airflow/.local/lib/python3.12/site-packages/airflow/example_dags/example_trigger_target_dag.py
[2026-06-13T17:06:42.645+0000] {logging_mixin.py:190} INFO - [2026-06-13T17:06:42.645+0000] {dag.py:3239} INFO - Sync 1 DAGs
[2026-06-13T17:06:42.663+0000] {logging_mixin.py:190} INFO - [2026-06-13T17:06:42.663+0000] {dag.py:4180} INFO - Setting next_dagrun for example_trigger_target_dag to None, run_after=None
[2026-06-13T17:06:42.705+0000] {processor.py:208} INFO - Processing /home/airflow/.local/lib/python3.12/site-packages/airflow/example_dags/example_trigger_target_dag.py took 0.118 seconds
[2026-06-13T17:07:13.562+0000] {processor.py:186} INFO - Started process (PID=2000) to work on /home/airflow/.local/lib/python3.12/site-packages/airflow/example_dags/example_trigger_target_dag.py
[2026-06-13T17:07:13.564+0000] {processor.py:914} INFO - Processing file /home/airflow/.local/lib/python3.12/site-packages/airflow/example_dags/example_trigger_target_dag.py for tasks to queue
[2026-06-13T17:07:13.566+0000] {logging_mixin.py:190} INFO - [2026-06-13T17:07:13.566+0000] {dagbag.py:588} INFO - Filling up the DagBag from /home/airflow/.local/lib/python3.12/site-packages/airflow/example_dags/example_trigger_target_dag.py
[2026-06-13T17:07:13.573+0000] {processor.py:925} INFO - DAG(s) 'example_trigger_target_dag' retrieved from /home/airflow/.local/lib/python3.12/site-packages/airflow/example_dags/example_trigger_target_dag.py
[2026-06-13T17:07:13.590+0000] {logging_mixin.py:190} INFO - [2026-06-13T17:07:13.590+0000] {dag.py:3239} INFO - Sync 1 DAGs
[2026-06-13T17:07:13.602+0000] {logging_mixin.py:190} INFO - [2026-06-13T17:07:13.602+0000] {dag.py:4180} INFO - Setting next_dagrun for example_trigger_target_dag to None, run_after=None
[2026-06-13T17:07:13.633+0000] {processor.py:208} INFO - Processing /home/airflow/.local/lib/python3.12/site-packages/airflow/example_dags/example_trigger_target_dag.py took 0.075 seconds
[2026-06-13T17:07:44.450+0000] {processor.py:186} INFO - Started process (PID=2062) to work on /home/airflow/.local/lib/python3.12/site-packages/airflow/example_dags/example_trigger_target_dag.py
[2026-06-13T17:07:44.451+0000] {processor.py:914} INFO - Processing file /home/airflow/.local/lib/python3.12/site-packages/airflow/example_dags/example_trigger_target_dag.py for tasks to queue
[2026-06-13T17:07:44.453+0000] {logging_mixin.py:190} INFO - [2026-06-13T17:07:44.453+0000] {dagbag.py:588} INFO - Filling up the DagBag from /home/airflow/.local/lib/python3.12/site-packages/airflow/example_dags/example_trigger_target_dag.py
[2026-06-13T17:07:44.460+0000] {processor.py:925} INFO - DAG(s) 'example_trigger_target_dag' retrieved from /home/airflow/.local/lib/python3.12/site-packages/airflow/example_dags/example_trigger_target_dag.py
[2026-06-13T17:07:44.475+0000] {logging_mixin.py:190} INFO - [2026-06-13T17:07:44.475+0000] {dag.py:3239} INFO - Sync 1 DAGs
[2026-06-13T17:07:44.486+0000] {logging_mixin.py:190} INFO - [2026-06-13T17:07:44.485+0000] {dag.py:4180} INFO - Setting next_dagrun for example_trigger_target_dag to None, run_after=None
[2026-06-13T17:07:44.513+0000] {processor.py:208} INFO - Processing /home/airflow/.local/lib/python3.12/site-packages/airflow/example_dags/example_trigger_target_dag.py took 0.068 seconds
[2026-06-13T17:08:14.782+0000] {processor.py:186} INFO - Started process (PID=2124) to work on /home/airflow/.local/lib/python3.12/site-packages/airflow/example_dags/example_trigger_target_dag.py
[2026-06-13T17:08:14.784+0000] {processor.py:914} INFO - Processing file /home/airflow/.local/lib/python3.12/site-packages/airflow/example_dags/example_trigger_target_dag.py for tasks to queue
[2026-06-13T17:08:14.786+0000] {logging_mixin.py:190} INFO - [2026-06-13T17:08:14.786+0000] {dagbag.py:588} INFO - Filling up the DagBag from /home/airflow/.local/lib/python3.12/site-packages/airflow/example_dags/example_trigger_target_dag.py
[2026-06-13T17:08:14.792+0000] {processor.py:925} INFO - DAG(s) 'example_trigger_target_dag' retrieved from /home/airflow/.local/lib/python3.12/site-packages/airflow/example_dags/example_trigger_target_dag.py
[2026-06-13T17:08:14.809+0000] {logging_mixin.py:190} INFO - [2026-06-13T17:08:14.808+0000] {dag.py:3239} INFO - Sync 1 DAGs
[2026-06-13T17:08:14.819+0000] {logging_mixin.py:190} INFO - [2026-06-13T17:08:14.819+0000] {dag.py:4180} INFO - Setting next_dagrun for example_trigger_target_dag to None, run_after=None
[2026-06-13T17:08:14.960+0000] {processor.py:208} INFO - Processing /home/airflow/.local/lib/python3.12/site-packages/airflow/example_dags/example_trigger_target_dag.py took 0.182 seconds
[2026-06-13T17:08:45.216+0000] {processor.py:186} INFO - Started process (PID=2186) to work on /home/airflow/.local/lib/python3.12/site-packages/airflow/example_dags/example_trigger_target_dag.py
[2026-06-13T17:08:45.217+0000] {processor.py:914} INFO - Processing file /home/airflow/.local/lib/python3.12/site-packages/airflow/example_dags/example_trigger_target_dag.py for tasks to queue
[2026-06-13T17:08:45.221+0000] {logging_mixin.py:190} INFO - [2026-06-13T17:08:45.220+0000] {dagbag.py:588} INFO - Filling up the DagBag from /home/airflow/.local/lib/python3.12/site-packages/airflow/example_dags/example_trigger_target_dag.py
[2026-06-13T17:08:45.231+0000] {processor.py:925} INFO - DAG(s) 'example_trigger_target_dag' retrieved from /home/airflow/.local/lib/python3.12/site-packages/airflow/example_dags/example_trigger_target_dag.py
[2026-06-13T17:08:45.258+0000] {logging_mixin.py:190} INFO - [2026-06-13T17:08:45.257+0000] {dag.py:3239} INFO - Sync 1 DAGs
[2026-06-13T17:08:45.277+0000] {logging_mixin.py:190} INFO - [2026-06-13T17:08:45.277+0000] {dag.py:4180} INFO - Setting next_dagrun for example_trigger_target_dag to None, run_after=None
[2026-06-13T17:08:45.312+0000] {processor.py:208} INFO - Processing /home/airflow/.local/lib/python3.12/site-packages/airflow/example_dags/example_trigger_target_dag.py took 0.102 seconds
[2026-06-13T17:09:15.767+0000] {processor.py:186} INFO - Started process (PID=2248) to work on /home/airflow/.local/lib/python3.12/site-packages/airflow/example_dags/example_trigger_target_dag.py
[2026-06-13T17:09:15.768+0000] {processor.py:914} INFO - Processing file /home/airflow/.local/lib/python3.12/site-packages/airflow/example_dags/example_trigger_target_dag.py for tasks to queue
[2026-06-13T17:09:15.772+0000] {logging_mixin.py:190} INFO - [2026-06-13T17:09:15.771+0000] {dagbag.py:588} INFO - Filling up the DagBag from /home/airflow/.local/lib/python3.12/site-packages/airflow/example_dags/example_trigger_target_dag.py
[2026-06-13T17:09:15.784+0000] {processor.py:925} INFO - DAG(s) 'example_trigger_target_dag' retrieved from /home/airflow/.local/lib/python3.12/site-packages/airflow/example_dags/example_trigger_target_dag.py
[2026-06-13T17:09:15.811+0000] {logging_mixin.py:190} INFO - [2026-06-13T17:09:15.811+0000] {dag.py:3239} INFO - Sync 1 DAGs
[2026-06-13T17:09:15.836+0000] {logging_mixin.py:190} INFO - [2026-06-13T17:09:15.836+0000] {dag.py:4180} INFO - Setting next_dagrun for example_trigger_target_dag to None, run_after=None
[2026-06-13T17:09:15.863+0000] {processor.py:208} INFO - Processing /home/airflow/.local/lib/python3.12/site-packages/airflow/example_dags/example_trigger_target_dag.py took 0.105 seconds
[2026-06-13T17:09:46.498+0000] {processor.py:186} INFO - Started process (PID=2310) to work on /home/airflow/.local/lib/python3.12/site-packages/airflow/example_dags/example_trigger_target_dag.py
[2026-06-13T17:09:46.499+0000] {processor.py:914} INFO - Processing file /home/airflow/.local/lib/python3.12/site-packages/airflow/example_dags/example_trigger_target_dag.py for tasks to queue
[2026-06-13T17:09:46.502+0000] {logging_mixin.py:190} INFO - [2026-06-13T17:09:46.502+0000] {dagbag.py:588} INFO - Filling up the DagBag from /home/airflow/.local/lib/python3.12/site-packages/airflow/example_dags/example_trigger_target_dag.py
[2026-06-13T17:09:46.509+0000] {processor.py:925} INFO - DAG(s) 'example_trigger_target_dag' retrieved from /home/airflow/.local/lib/python3.12/site-packages/airflow/example_dags/example_trigger_target_dag.py
[2026-06-13T17:09:46.528+0000] {logging_mixin.py:190} INFO - [2026-06-13T17:09:46.528+0000] {dag.py:3239} INFO - Sync 1 DAGs
[2026-06-13T17:09:46.538+0000] {logging_mixin.py:190} INFO - [2026-06-13T17:09:46.538+0000] {dag.py:4180} INFO - Setting next_dagrun for example_trigger_target_dag to None, run_after=None
[2026-06-13T17:09:46.554+0000] {processor.py:208} INFO - Processing /home/airflow/.local/lib/python3.12/site-packages/airflow/example_dags/example_trigger_target_dag.py took 0.061 seconds
[2026-06-13T17:10:16.798+0000] {processor.py:186} INFO - Started process (PID=2372) to work on /home/airflow/.local/lib/python3.12/site-packages/airflow/example_dags/example_trigger_target_dag.py
[2026-06-13T17:10:16.800+0000] {processor.py:914} INFO - Processing file /home/airflow/.local/lib/python3.12/site-packages/airflow/example_dags/example_trigger_target_dag.py for tasks to queue
[2026-06-13T17:10:16.803+0000] {logging_mixin.py:190} INFO - [2026-06-13T17:10:16.802+0000] {dagbag.py:588} INFO - Filling up the DagBag from /home/airflow/.local/lib/python3.12/site-packages/airflow/example_dags/example_trigger_target_dag.py
[2026-06-13T17:10:16.813+0000] {processor.py:925} INFO - DAG(s) 'example_trigger_target_dag' retrieved from /home/airflow/.local/lib/python3.12/site-packages/airflow/example_dags/example_trigger_target_dag.py
[2026-06-13T17:10:16.837+0000] {logging_mixin.py:190} INFO - [2026-06-13T17:10:16.837+0000] {dag.py:3239} INFO - Sync 1 DAGs
[2026-06-13T17:10:16.856+0000] {logging_mixin.py:190} INFO - [2026-06-13T17:10:16.855+0000] {dag.py:4180} INFO - Setting next_dagrun for example_trigger_target_dag to None, run_after=None
[2026-06-13T17:10:16.884+0000] {processor.py:208} INFO - Processing /home/airflow/.local/lib/python3.12/site-packages/airflow/example_dags/example_trigger_target_dag.py took 0.093 seconds
[2026-06-13T17:10:46.941+0000] {processor.py:186} INFO - Started process (PID=2434) to work on /home/airflow/.local/lib/python3.12/site-packages/airflow/example_dags/example_trigger_target_dag.py
[2026-06-13T17:10:46.943+0000] {processor.py:914} INFO - Processing file /home/airflow/.local/lib/python3.12/site-packages/airflow/example_dags/example_trigger_target_dag.py for tasks to queue
[2026-06-13T17:10:46.946+0000] {logging_mixin.py:190} INFO - [2026-06-13T17:10:46.945+0000] {dagbag.py:588} INFO - Filling up the DagBag from /home/airflow/.local/lib/python3.12/site-packages/airflow/example_dags/example_trigger_target_dag.py
[2026-06-13T17:10:46.952+0000] {processor.py:925} INFO - DAG(s) 'example_trigger_target_dag' retrieved from /home/airflow/.local/lib/python3.12/site-packages/airflow/example_dags/example_trigger_target_dag.py
[2026-06-13T17:10:46.969+0000] {logging_mixin.py:190} INFO - [2026-06-13T17:10:46.968+0000] {dag.py:3239} INFO - Sync 1 DAGs
[2026-06-13T17:10:46.983+0000] {logging_mixin.py:190} INFO - [2026-06-13T17:10:46.982+0000] {dag.py:4180} INFO - Setting next_dagrun for example_trigger_target_dag to None, run_after=None
[2026-06-13T17:10:47.003+0000] {processor.py:208} INFO - Processing /home/airflow/.local/lib/python3.12/site-packages/airflow/example_dags/example_trigger_target_dag.py took 0.067 seconds
[2026-06-13T17:11:17.252+0000] {processor.py:186} INFO - Started process (PID=2496) to work on /home/airflow/.local/lib/python3.12/site-packages/airflow/example_dags/example_trigger_target_dag.py
[2026-06-13T17:11:17.253+0000] {processor.py:914} INFO - Processing file /home/airflow/.local/lib/python3.12/site-packages/airflow/example_dags/example_trigger_target_dag.py for tasks to queue
[2026-06-13T17:11:17.257+0000] {logging_mixin.py:190} INFO - [2026-06-13T17:11:17.256+0000] {dagbag.py:588} INFO - Filling up the DagBag from /home/airflow/.local/lib/python3.12/site-packages/airflow/example_dags/example_trigger_target_dag.py
[2026-06-13T17:11:17.266+0000] {processor.py:925} INFO - DAG(s) 'example_trigger_target_dag' retrieved from /home/airflow/.local/lib/python3.12/site-packages/airflow/example_dags/example_trigger_target_dag.py
[2026-06-13T17:11:17.290+0000] {logging_mixin.py:190} INFO - [2026-06-13T17:11:17.289+0000] {dag.py:3239} INFO - Sync 1 DAGs
[2026-06-13T17:11:17.303+0000] {logging_mixin.py:190} INFO - [2026-06-13T17:11:17.303+0000] {dag.py:4180} INFO - Setting next_dagrun for example_trigger_target_dag to None, run_after=None
[2026-06-13T17:11:17.327+0000] {processor.py:208} INFO - Processing /home/airflow/.local/lib/python3.12/site-packages/airflow/example_dags/example_trigger_target_dag.py took 0.081 seconds
[2026-06-13T17:11:47.980+0000] {processor.py:186} INFO - Started process (PID=2558) to work on /home/airflow/.local/lib/python3.12/site-packages/airflow/example_dags/example_trigger_target_dag.py
[2026-06-13T17:11:47.982+0000] {processor.py:914} INFO - Processing file /home/airflow/.local/lib/python3.12/site-packages/airflow/example_dags/example_trigger_target_dag.py for tasks to queue
[2026-06-13T17:11:47.984+0000] {logging_mixin.py:190} INFO - [2026-06-13T17:11:47.984+0000] {dagbag.py:588} INFO - Filling up the DagBag from /home/airflow/.local/lib/python3.12/site-packages/airflow/example_dags/example_trigger_target_dag.py
[2026-06-13T17:11:47.992+0000] {processor.py:925} INFO - DAG(s) 'example_trigger_target_dag' retrieved from /home/airflow/.local/lib/python3.12/site-packages/airflow/example_dags/example_trigger_target_dag.py
[2026-06-13T17:11:48.008+0000] {logging_mixin.py:190} INFO - [2026-06-13T17:11:48.008+0000] {dag.py:3239} INFO - Sync 1 DAGs
[2026-06-13T17:11:48.020+0000] {logging_mixin.py:190} INFO - [2026-06-13T17:11:48.020+0000] {dag.py:4180} INFO - Setting next_dagrun for example_trigger_target_dag to None, run_after=None
[2026-06-13T17:11:48.039+0000] {processor.py:208} INFO - Processing /home/airflow/.local/lib/python3.12/site-packages/airflow/example_dags/example_trigger_target_dag.py took 0.063 seconds
[2026-06-13T17:12:18.842+0000] {processor.py:186} INFO - Started process (PID=2620) to work on /home/airflow/.local/lib/python3.12/site-packages/airflow/example_dags/example_trigger_target_dag.py
[2026-06-13T17:12:18.843+0000] {processor.py:914} INFO - Processing file /home/airflow/.local/lib/python3.12/site-packages/airflow/example_dags/example_trigger_target_dag.py for tasks to queue
[2026-06-13T17:12:18.845+0000] {logging_mixin.py:190} INFO - [2026-06-13T17:12:18.845+0000] {dagbag.py:588} INFO - Filling up the DagBag from /home/airflow/.local/lib/python3.12/site-packages/airflow/example_dags/example_trigger_target_dag.py
[2026-06-13T17:12:18.852+0000] {processor.py:925} INFO - DAG(s) 'example_trigger_target_dag' retrieved from /home/airflow/.local/lib/python3.12/site-packages/airflow/example_dags/example_trigger_target_dag.py
[2026-06-13T17:12:18.868+0000] {logging_mixin.py:190} INFO - [2026-06-13T17:12:18.868+0000] {dag.py:3239} INFO - Sync 1 DAGs
[2026-06-13T17:12:19.013+0000] {logging_mixin.py:190} INFO - [2026-06-13T17:12:19.013+0000] {dag.py:4180} INFO - Setting next_dagrun for example_trigger_target_dag to None, run_after=None
[2026-06-13T17:12:19.031+0000] {processor.py:208} INFO - Processing /home/airflow/.local/lib/python3.12/site-packages/airflow/example_dags/example_trigger_target_dag.py took 0.194 seconds
[2026-06-13T17:12:49.105+0000] {processor.py:186} INFO - Started process (PID=2682) to work on /home/airflow/.local/lib/python3.12/site-packages/airflow/example_dags/example_trigger_target_dag.py
[2026-06-13T17:12:49.107+0000] {processor.py:914} INFO - Processing file /home/airflow/.local/lib/python3.12/site-packages/airflow/example_dags/example_trigger_target_dag.py for tasks to queue
[2026-06-13T17:12:49.109+0000] {logging_mixin.py:190} INFO - [2026-06-13T17:12:49.109+0000] {dagbag.py:588} INFO - Filling up the DagBag from /home/airflow/.local/lib/python3.12/site-packages/airflow/example_dags/example_trigger_target_dag.py
[2026-06-13T17:12:49.115+0000] {processor.py:925} INFO - DAG(s) 'example_trigger_target_dag' retrieved from /home/airflow/.local/lib/python3.12/site-packages/airflow/example_dags/example_trigger_target_dag.py
[2026-06-13T17:12:49.131+0000] {logging_mixin.py:190} INFO - [2026-06-13T17:12:49.131+0000] {dag.py:3239} INFO - Sync 1 DAGs
[2026-06-13T17:12:49.276+0000] {logging_mixin.py:190} INFO - [2026-06-13T17:12:49.276+0000] {dag.py:4180} INFO - Setting next_dagrun for example_trigger_target_dag to None, run_after=None
[2026-06-13T17:12:49.293+0000] {processor.py:208} INFO - Processing /home/airflow/.local/lib/python3.12/site-packages/airflow/example_dags/example_trigger_target_dag.py took 0.192 seconds
[2026-06-13T17:13:20.166+0000] {processor.py:186} INFO - Started process (PID=2744) to work on /home/airflow/.local/lib/python3.12/site-packages/airflow/example_dags/example_trigger_target_dag.py
[2026-06-13T17:13:20.167+0000] {processor.py:914} INFO - Processing file /home/airflow/.local/lib/python3.12/site-packages/airflow/example_dags/example_trigger_target_dag.py for tasks to queue
[2026-06-13T17:13:20.170+0000] {logging_mixin.py:190} INFO - [2026-06-13T17:13:20.170+0000] {dagbag.py:588} INFO - Filling up the DagBag from /home/airflow/.local/lib/python3.12/site-packages/airflow/example_dags/example_trigger_target_dag.py
[2026-06-13T17:13:20.177+0000] {processor.py:925} INFO - DAG(s) 'example_trigger_target_dag' retrieved from /home/airflow/.local/lib/python3.12/site-packages/airflow/example_dags/example_trigger_target_dag.py
[2026-06-13T17:13:20.193+0000] {logging_mixin.py:190} INFO - [2026-06-13T17:13:20.193+0000] {dag.py:3239} INFO - Sync 1 DAGs
[2026-06-13T17:13:20.205+0000] {logging_mixin.py:190} INFO - [2026-06-13T17:13:20.205+0000] {dag.py:4180} INFO - Setting next_dagrun for example_trigger_target_dag to None, run_after=None
[2026-06-13T17:13:20.225+0000] {processor.py:208} INFO - Processing /home/airflow/.local/lib/python3.12/site-packages/airflow/example_dags/example_trigger_target_dag.py took 0.063 seconds
[2026-06-13T17:13:50.467+0000] {processor.py:186} INFO - Started process (PID=2806) to work on /home/airflow/.local/lib/python3.12/site-packages/airflow/example_dags/example_trigger_target_dag.py
[2026-06-13T17:13:50.468+0000] {processor.py:914} INFO - Processing file /home/airflow/.local/lib/python3.12/site-packages/airflow/example_dags/example_trigger_target_dag.py for tasks to queue
[2026-06-13T17:13:50.470+0000] {logging_mixin.py:190} INFO - [2026-06-13T17:13:50.470+0000] {dagbag.py:588} INFO - Filling up the DagBag from /home/airflow/.local/lib/python3.12/site-packages/airflow/example_dags/example_trigger_target_dag.py
[2026-06-13T17:13:50.476+0000] {processor.py:925} INFO - DAG(s) 'example_trigger_target_dag' retrieved from /home/airflow/.local/lib/python3.12/site-packages/airflow/example_dags/example_trigger_target_dag.py
[2026-06-13T17:13:50.492+0000] {logging_mixin.py:190} INFO - [2026-06-13T17:13:50.492+0000] {dag.py:3239} INFO - Sync 1 DAGs
[2026-06-13T17:13:50.503+0000] {logging_mixin.py:190} INFO - [2026-06-13T17:13:50.503+0000] {dag.py:4180} INFO - Setting next_dagrun for example_trigger_target_dag to None, run_after=None
[2026-06-13T17:13:50.522+0000] {processor.py:208} INFO - Processing /home/airflow/.local/lib/python3.12/site-packages/airflow/example_dags/example_trigger_target_dag.py took 0.060 seconds
[2026-06-13T17:14:21.142+0000] {processor.py:186} INFO - Started process (PID=2868) to work on /home/airflow/.local/lib/python3.12/site-packages/airflow/example_dags/example_trigger_target_dag.py
[2026-06-13T17:14:21.144+0000] {processor.py:914} INFO - Processing file /home/airflow/.local/lib/python3.12/site-packages/airflow/example_dags/example_trigger_target_dag.py for tasks to queue
[2026-06-13T17:14:21.147+0000] {logging_mixin.py:190} INFO - [2026-06-13T17:14:21.147+0000] {dagbag.py:588} INFO - Filling up the DagBag from /home/airflow/.local/lib/python3.12/site-packages/airflow/example_dags/example_trigger_target_dag.py
[2026-06-13T17:14:21.153+0000] {processor.py:925} INFO - DAG(s) 'example_trigger_target_dag' retrieved from /home/airflow/.local/lib/python3.12/site-packages/airflow/example_dags/example_trigger_target_dag.py
[2026-06-13T17:14:21.173+0000] {logging_mixin.py:190} INFO - [2026-06-13T17:14:21.172+0000] {dag.py:3239} INFO - Sync 1 DAGs
[2026-06-13T17:14:21.185+0000] {logging_mixin.py:190} INFO - [2026-06-13T17:14:21.185+0000] {dag.py:4180} INFO - Setting next_dagrun for example_trigger_target_dag to None, run_after=None
[2026-06-13T17:14:21.209+0000] {processor.py:208} INFO - Processing /home/airflow/.local/lib/python3.12/site-packages/airflow/example_dags/example_trigger_target_dag.py took 0.072 seconds
[2026-06-13T17:14:51.562+0000] {processor.py:186} INFO - Started process (PID=2930) to work on /home/airflow/.local/lib/python3.12/site-packages/airflow/example_dags/example_trigger_target_dag.py
[2026-06-13T17:14:51.563+0000] {processor.py:914} INFO - Processing file /home/airflow/.local/lib/python3.12/site-packages/airflow/example_dags/example_trigger_target_dag.py for tasks to queue
[2026-06-13T17:14:51.565+0000] {logging_mixin.py:190} INFO - [2026-06-13T17:14:51.565+0000] {dagbag.py:588} INFO - Filling up the DagBag from /home/airflow/.local/lib/python3.12/site-packages/airflow/example_dags/example_trigger_target_dag.py
[2026-06-13T17:14:51.576+0000] {processor.py:925} INFO - DAG(s) 'example_trigger_target_dag' retrieved from /home/airflow/.local/lib/python3.12/site-packages/airflow/example_dags/example_trigger_target_dag.py
[2026-06-13T17:14:51.594+0000] {logging_mixin.py:190} INFO - [2026-06-13T17:14:51.593+0000] {dag.py:3239} INFO - Sync 1 DAGs
[2026-06-13T17:14:51.604+0000] {logging_mixin.py:190} INFO - [2026-06-13T17:14:51.604+0000] {dag.py:4180} INFO - Setting next_dagrun for example_trigger_target_dag to None, run_after=None
[2026-06-13T17:14:51.624+0000] {processor.py:208} INFO - Processing /home/airflow/.local/lib/python3.12/site-packages/airflow/example_dags/example_trigger_target_dag.py took 0.067 seconds
[2026-06-13T17:15:21.926+0000] {processor.py:186} INFO - Started process (PID=2992) to work on /home/airflow/.local/lib/python3.12/site-packages/airflow/example_dags/example_trigger_target_dag.py
[2026-06-13T17:15:21.928+0000] {processor.py:914} INFO - Processing file /home/airflow/.local/lib/python3.12/site-packages/airflow/example_dags/example_trigger_target_dag.py for tasks to queue
[2026-06-13T17:15:21.930+0000] {logging_mixin.py:190} INFO - [2026-06-13T17:15:21.930+0000] {dagbag.py:588} INFO - Filling up the DagBag from /home/airflow/.local/lib/python3.12/site-packages/airflow/example_dags/example_trigger_target_dag.py
[2026-06-13T17:15:21.937+0000] {processor.py:925} INFO - DAG(s) 'example_trigger_target_dag' retrieved from /home/airflow/.local/lib/python3.12/site-packages/airflow/example_dags/example_trigger_target_dag.py
[2026-06-13T17:15:21.952+0000] {logging_mixin.py:190} INFO - [2026-06-13T17:15:21.952+0000] {dag.py:3239} INFO - Sync 1 DAGs
[2026-06-13T17:15:21.963+0000] {logging_mixin.py:190} INFO - [2026-06-13T17:15:21.963+0000] {dag.py:4180} INFO - Setting next_dagrun for example_trigger_target_dag to None, run_after=None
[2026-06-13T17:15:21.982+0000] {processor.py:208} INFO - Processing /home/airflow/.local/lib/python3.12/site-packages/airflow/example_dags/example_trigger_target_dag.py took 0.060 seconds
[2026-06-13T17:15:52.479+0000] {processor.py:186} INFO - Started process (PID=3054) to work on /home/airflow/.local/lib/python3.12/site-packages/airflow/example_dags/example_trigger_target_dag.py
[2026-06-13T17:15:52.480+0000] {processor.py:914} INFO - Processing file /home/airflow/.local/lib/python3.12/site-packages/airflow/example_dags/example_trigger_target_dag.py for tasks to queue
[2026-06-13T17:15:52.483+0000] {logging_mixin.py:190} INFO - [2026-06-13T17:15:52.482+0000] {dagbag.py:588} INFO - Filling up the DagBag from /home/airflow/.local/lib/python3.12/site-packages/airflow/example_dags/example_trigger_target_dag.py
[2026-06-13T17:15:52.489+0000] {processor.py:925} INFO - DAG(s) 'example_trigger_target_dag' retrieved from /home/airflow/.local/lib/python3.12/site-packages/airflow/example_dags/example_trigger_target_dag.py
[2026-06-13T17:15:52.506+0000] {logging_mixin.py:190} INFO - [2026-06-13T17:15:52.505+0000] {dag.py:3239} INFO - Sync 1 DAGs
[2026-06-13T17:15:52.516+0000] {logging_mixin.py:190} INFO - [2026-06-13T17:15:52.516+0000] {dag.py:4180} INFO - Setting next_dagrun for example_trigger_target_dag to None, run_after=None
[2026-06-13T17:15:52.534+0000] {processor.py:208} INFO - Processing /home/airflow/.local/lib/python3.12/site-packages/airflow/example_dags/example_trigger_target_dag.py took 0.059 seconds
[2026-06-13T17:16:22.948+0000] {processor.py:186} INFO - Started process (PID=3116) to work on /home/airflow/.local/lib/python3.12/site-packages/airflow/example_dags/example_trigger_target_dag.py
[2026-06-13T17:16:22.949+0000] {processor.py:914} INFO - Processing file /home/airflow/.local/lib/python3.12/site-packages/airflow/example_dags/example_trigger_target_dag.py for tasks to queue
[2026-06-13T17:16:22.953+0000] {logging_mixin.py:190} INFO - [2026-06-13T17:16:22.952+0000] {dagbag.py:588} INFO - Filling up the DagBag from /home/airflow/.local/lib/python3.12/site-packages/airflow/example_dags/example_trigger_target_dag.py
[2026-06-13T17:16:22.960+0000] {processor.py:925} INFO - DAG(s) 'example_trigger_target_dag' retrieved from /home/airflow/.local/lib/python3.12/site-packages/airflow/example_dags/example_trigger_target_dag.py
[2026-06-13T17:16:22.977+0000] {logging_mixin.py:190} INFO - [2026-06-13T17:16:22.976+0000] {dag.py:3239} INFO - Sync 1 DAGs
[2026-06-13T17:16:22.987+0000] {logging_mixin.py:190} INFO - [2026-06-13T17:16:22.987+0000] {dag.py:4180} INFO - Setting next_dagrun for example_trigger_target_dag to None, run_after=None
[2026-06-13T17:16:23.006+0000] {processor.py:208} INFO - Processing /home/airflow/.local/lib/python3.12/site-packages/airflow/example_dags/example_trigger_target_dag.py took 0.063 seconds
[2026-06-13T17:16:53.352+0000] {processor.py:186} INFO - Started process (PID=3178) to work on /home/airflow/.local/lib/python3.12/site-packages/airflow/example_dags/example_trigger_target_dag.py
[2026-06-13T17:16:53.353+0000] {processor.py:914} INFO - Processing file /home/airflow/.local/lib/python3.12/site-packages/airflow/example_dags/example_trigger_target_dag.py for tasks to queue
[2026-06-13T17:16:53.356+0000] {logging_mixin.py:190} INFO - [2026-06-13T17:16:53.355+0000] {dagbag.py:588} INFO - Filling up the DagBag from /home/airflow/.local/lib/python3.12/site-packages/airflow/example_dags/example_trigger_target_dag.py
[2026-06-13T17:16:53.362+0000] {processor.py:925} INFO - DAG(s) 'example_trigger_target_dag' retrieved from /home/airflow/.local/lib/python3.12/site-packages/airflow/example_dags/example_trigger_target_dag.py
[2026-06-13T17:16:53.380+0000] {logging_mixin.py:190} INFO - [2026-06-13T17:16:53.380+0000] {dag.py:3239} INFO - Sync 1 DAGs
[2026-06-13T17:16:53.394+0000] {logging_mixin.py:190} INFO - [2026-06-13T17:16:53.394+0000] {dag.py:4180} INFO - Setting next_dagrun for example_trigger_target_dag to None, run_after=None
[2026-06-13T17:16:53.413+0000] {processor.py:208} INFO - Processing /home/airflow/.local/lib/python3.12/site-packages/airflow/example_dags/example_trigger_target_dag.py took 0.065 seconds
[2026-06-13T17:17:23.763+0000] {processor.py:186} INFO - Started process (PID=3240) to work on /home/airflow/.local/lib/python3.12/site-packages/airflow/example_dags/example_trigger_target_dag.py
[2026-06-13T17:17:23.765+0000] {processor.py:914} INFO - Processing file /home/airflow/.local/lib/python3.12/site-packages/airflow/example_dags/example_trigger_target_dag.py for tasks to queue
[2026-06-13T17:17:23.767+0000] {logging_mixin.py:190} INFO - [2026-06-13T17:17:23.767+0000] {dagbag.py:588} INFO - Filling up the DagBag from /home/airflow/.local/lib/python3.12/site-packages/airflow/example_dags/example_trigger_target_dag.py
[2026-06-13T17:17:23.774+0000] {processor.py:925} INFO - DAG(s) 'example_trigger_target_dag' retrieved from /home/airflow/.local/lib/python3.12/site-packages/airflow/example_dags/example_trigger_target_dag.py
[2026-06-13T17:17:23.790+0000] {logging_mixin.py:190} INFO - [2026-06-13T17:17:23.790+0000] {dag.py:3239} INFO - Sync 1 DAGs
[2026-06-13T17:17:23.802+0000] {logging_mixin.py:190} INFO - [2026-06-13T17:17:23.802+0000] {dag.py:4180} INFO - Setting next_dagrun for example_trigger_target_dag to None, run_after=None
[2026-06-13T17:17:23.821+0000] {processor.py:208} INFO - Processing /home/airflow/.local/lib/python3.12/site-packages/airflow/example_dags/example_trigger_target_dag.py took 0.063 seconds
[2026-06-13T17:17:54.120+0000] {processor.py:186} INFO - Started process (PID=3302) to work on /home/airflow/.local/lib/python3.12/site-packages/airflow/example_dags/example_trigger_target_dag.py
[2026-06-13T17:17:54.122+0000] {processor.py:914} INFO - Processing file /home/airflow/.local/lib/python3.12/site-packages/airflow/example_dags/example_trigger_target_dag.py for tasks to queue
[2026-06-13T17:17:54.124+0000] {logging_mixin.py:190} INFO - [2026-06-13T17:17:54.124+0000] {dagbag.py:588} INFO - Filling up the DagBag from /home/airflow/.local/lib/python3.12/site-packages/airflow/example_dags/example_trigger_target_dag.py
[2026-06-13T17:17:54.131+0000] {processor.py:925} INFO - DAG(s) 'example_trigger_target_dag' retrieved from /home/airflow/.local/lib/python3.12/site-packages/airflow/example_dags/example_trigger_target_dag.py
[2026-06-13T17:17:54.146+0000] {logging_mixin.py:190} INFO - [2026-06-13T17:17:54.146+0000] {dag.py:3239} INFO - Sync 1 DAGs
[2026-06-13T17:17:54.159+0000] {logging_mixin.py:190} INFO - [2026-06-13T17:17:54.159+0000] {dag.py:4180} INFO - Setting next_dagrun for example_trigger_target_dag to None, run_after=None
[2026-06-13T17:17:54.178+0000] {processor.py:208} INFO - Processing /home/airflow/.local/lib/python3.12/site-packages/airflow/example_dags/example_trigger_target_dag.py took 0.062 seconds
[2026-06-13T17:18:24.671+0000] {processor.py:186} INFO - Started process (PID=3364) to work on /home/airflow/.local/lib/python3.12/site-packages/airflow/example_dags/example_trigger_target_dag.py
[2026-06-13T17:18:24.672+0000] {processor.py:914} INFO - Processing file /home/airflow/.local/lib/python3.12/site-packages/airflow/example_dags/example_trigger_target_dag.py for tasks to queue
[2026-06-13T17:18:24.674+0000] {logging_mixin.py:190} INFO - [2026-06-13T17:18:24.674+0000] {dagbag.py:588} INFO - Filling up the DagBag from /home/airflow/.local/lib/python3.12/site-packages/airflow/example_dags/example_trigger_target_dag.py
[2026-06-13T17:18:24.681+0000] {processor.py:925} INFO - DAG(s) 'example_trigger_target_dag' retrieved from /home/airflow/.local/lib/python3.12/site-packages/airflow/example_dags/example_trigger_target_dag.py
[2026-06-13T17:18:24.701+0000] {logging_mixin.py:190} INFO - [2026-06-13T17:18:24.701+0000] {dag.py:3239} INFO - Sync 1 DAGs
[2026-06-13T17:18:24.714+0000] {logging_mixin.py:190} INFO - [2026-06-13T17:18:24.714+0000] {dag.py:4180} INFO - Setting next_dagrun for example_trigger_target_dag to None, run_after=None
[2026-06-13T17:18:24.735+0000] {processor.py:208} INFO - Processing /home/airflow/.local/lib/python3.12/site-packages/airflow/example_dags/example_trigger_target_dag.py took 0.069 seconds
[2026-06-13T17:18:55.263+0000] {processor.py:186} INFO - Started process (PID=3426) to work on /home/airflow/.local/lib/python3.12/site-packages/airflow/example_dags/example_trigger_target_dag.py
[2026-06-13T17:18:55.264+0000] {processor.py:914} INFO - Processing file /home/airflow/.local/lib/python3.12/site-packages/airflow/example_dags/example_trigger_target_dag.py for tasks to queue
[2026-06-13T17:18:55.266+0000] {logging_mixin.py:190} INFO - [2026-06-13T17:18:55.266+0000] {dagbag.py:588} INFO - Filling up the DagBag from /home/airflow/.local/lib/python3.12/site-packages/airflow/example_dags/example_trigger_target_dag.py
[2026-06-13T17:18:55.273+0000] {processor.py:925} INFO - DAG(s) 'example_trigger_target_dag' retrieved from /home/airflow/.local/lib/python3.12/site-packages/airflow/example_dags/example_trigger_target_dag.py
[2026-06-13T17:18:55.289+0000] {logging_mixin.py:190} INFO - [2026-06-13T17:18:55.289+0000] {dag.py:3239} INFO - Sync 1 DAGs
[2026-06-13T17:18:55.299+0000] {logging_mixin.py:190} INFO - [2026-06-13T17:18:55.299+0000] {dag.py:4180} INFO - Setting next_dagrun for example_trigger_target_dag to None, run_after=None
[2026-06-13T17:18:55.319+0000] {processor.py:208} INFO - Processing /home/airflow/.local/lib/python3.12/site-packages/airflow/example_dags/example_trigger_target_dag.py took 0.060 seconds
[2026-06-13T17:19:25.849+0000] {processor.py:186} INFO - Started process (PID=3488) to work on /home/airflow/.local/lib/python3.12/site-packages/airflow/example_dags/example_trigger_target_dag.py
[2026-06-13T17:19:25.851+0000] {processor.py:914} INFO - Processing file /home/airflow/.local/lib/python3.12/site-packages/airflow/example_dags/example_trigger_target_dag.py for tasks to queue
[2026-06-13T17:19:25.855+0000] {logging_mixin.py:190} INFO - [2026-06-13T17:19:25.854+0000] {dagbag.py:588} INFO - Filling up the DagBag from /home/airflow/.local/lib/python3.12/site-packages/airflow/example_dags/example_trigger_target_dag.py
[2026-06-13T17:19:25.865+0000] {processor.py:925} INFO - DAG(s) 'example_trigger_target_dag' retrieved from /home/airflow/.local/lib/python3.12/site-packages/airflow/example_dags/example_trigger_target_dag.py
[2026-06-13T17:19:25.896+0000] {logging_mixin.py:190} INFO - [2026-06-13T17:19:25.895+0000] {dag.py:3239} INFO - Sync 1 DAGs
[2026-06-13T17:19:25.924+0000] {logging_mixin.py:190} INFO - [2026-06-13T17:19:25.923+0000] {dag.py:4180} INFO - Setting next_dagrun for example_trigger_target_dag to None, run_after=None
[2026-06-13T17:19:25.954+0000] {processor.py:208} INFO - Processing /home/airflow/.local/lib/python3.12/site-packages/airflow/example_dags/example_trigger_target_dag.py took 0.112 seconds
[2026-06-13T17:19:56.644+0000] {processor.py:186} INFO - Started process (PID=3550) to work on /home/airflow/.local/lib/python3.12/site-packages/airflow/example_dags/example_trigger_target_dag.py
[2026-06-13T17:19:56.646+0000] {processor.py:914} INFO - Processing file /home/airflow/.local/lib/python3.12/site-packages/airflow/example_dags/example_trigger_target_dag.py for tasks to queue
[2026-06-13T17:19:56.648+0000] {logging_mixin.py:190} INFO - [2026-06-13T17:19:56.648+0000] {dagbag.py:588} INFO - Filling up the DagBag from /home/airflow/.local/lib/python3.12/site-packages/airflow/example_dags/example_trigger_target_dag.py
[2026-06-13T17:19:56.657+0000] {processor.py:925} INFO - DAG(s) 'example_trigger_target_dag' retrieved from /home/airflow/.local/lib/python3.12/site-packages/airflow/example_dags/example_trigger_target_dag.py
[2026-06-13T17:19:56.676+0000] {logging_mixin.py:190} INFO - [2026-06-13T17:19:56.675+0000] {dag.py:3239} INFO - Sync 1 DAGs
[2026-06-13T17:19:56.688+0000] {logging_mixin.py:190} INFO - [2026-06-13T17:19:56.687+0000] {dag.py:4180} INFO - Setting next_dagrun for example_trigger_target_dag to None, run_after=None
[2026-06-13T17:19:56.710+0000] {processor.py:208} INFO - Processing /home/airflow/.local/lib/python3.12/site-packages/airflow/example_dags/example_trigger_target_dag.py took 0.073 seconds
[2026-06-13T17:20:27.318+0000] {processor.py:186} INFO - Started process (PID=3612) to work on /home/airflow/.local/lib/python3.12/site-packages/airflow/example_dags/example_trigger_target_dag.py
[2026-06-13T17:20:27.319+0000] {processor.py:914} INFO - Processing file /home/airflow/.local/lib/python3.12/site-packages/airflow/example_dags/example_trigger_target_dag.py for tasks to queue
[2026-06-13T17:20:27.322+0000] {logging_mixin.py:190} INFO - [2026-06-13T17:20:27.321+0000] {dagbag.py:588} INFO - Filling up the DagBag from /home/airflow/.local/lib/python3.12/site-packages/airflow/example_dags/example_trigger_target_dag.py
[2026-06-13T17:20:27.328+0000] {processor.py:925} INFO - DAG(s) 'example_trigger_target_dag' retrieved from /home/airflow/.local/lib/python3.12/site-packages/airflow/example_dags/example_trigger_target_dag.py
[2026-06-13T17:20:27.344+0000] {logging_mixin.py:190} INFO - [2026-06-13T17:20:27.344+0000] {dag.py:3239} INFO - Sync 1 DAGs
[2026-06-13T17:20:27.356+0000] {logging_mixin.py:190} INFO - [2026-06-13T17:20:27.356+0000] {dag.py:4180} INFO - Setting next_dagrun for example_trigger_target_dag to None, run_after=None
[2026-06-13T17:20:27.374+0000] {processor.py:208} INFO - Processing /home/airflow/.local/lib/python3.12/site-packages/airflow/example_dags/example_trigger_target_dag.py took 0.061 seconds
[2026-06-13T17:20:57.772+0000] {processor.py:186} INFO - Started process (PID=3674) to work on /home/airflow/.local/lib/python3.12/site-packages/airflow/example_dags/example_trigger_target_dag.py
[2026-06-13T17:20:57.773+0000] {processor.py:914} INFO - Processing file /home/airflow/.local/lib/python3.12/site-packages/airflow/example_dags/example_trigger_target_dag.py for tasks to queue
[2026-06-13T17:20:57.775+0000] {logging_mixin.py:190} INFO - [2026-06-13T17:20:57.775+0000] {dagbag.py:588} INFO - Filling up the DagBag from /home/airflow/.local/lib/python3.12/site-packages/airflow/example_dags/example_trigger_target_dag.py
[2026-06-13T17:20:57.782+0000] {processor.py:925} INFO - DAG(s) 'example_trigger_target_dag' retrieved from /home/airflow/.local/lib/python3.12/site-packages/airflow/example_dags/example_trigger_target_dag.py
[2026-06-13T17:20:57.807+0000] {logging_mixin.py:190} INFO - [2026-06-13T17:20:57.807+0000] {dag.py:3239} INFO - Sync 1 DAGs
[2026-06-13T17:20:57.824+0000] {logging_mixin.py:190} INFO - [2026-06-13T17:20:57.823+0000] {dag.py:4180} INFO - Setting next_dagrun for example_trigger_target_dag to None, run_after=None
[2026-06-13T17:20:57.845+0000] {processor.py:208} INFO - Processing /home/airflow/.local/lib/python3.12/site-packages/airflow/example_dags/example_trigger_target_dag.py took 0.078 seconds
[2026-06-13T17:21:28.400+0000] {processor.py:186} INFO - Started process (PID=3736) to work on /home/airflow/.local/lib/python3.12/site-packages/airflow/example_dags/example_trigger_target_dag.py
[2026-06-13T17:21:28.401+0000] {processor.py:914} INFO - Processing file /home/airflow/.local/lib/python3.12/site-packages/airflow/example_dags/example_trigger_target_dag.py for tasks to queue
[2026-06-13T17:21:28.403+0000] {logging_mixin.py:190} INFO - [2026-06-13T17:21:28.403+0000] {dagbag.py:588} INFO - Filling up the DagBag from /home/airflow/.local/lib/python3.12/site-packages/airflow/example_dags/example_trigger_target_dag.py
[2026-06-13T17:21:28.410+0000] {processor.py:925} INFO - DAG(s) 'example_trigger_target_dag' retrieved from /home/airflow/.local/lib/python3.12/site-packages/airflow/example_dags/example_trigger_target_dag.py
[2026-06-13T17:21:28.425+0000] {logging_mixin.py:190} INFO - [2026-06-13T17:21:28.425+0000] {dag.py:3239} INFO - Sync 1 DAGs
[2026-06-13T17:21:28.436+0000] {logging_mixin.py:190} INFO - [2026-06-13T17:21:28.436+0000] {dag.py:4180} INFO - Setting next_dagrun for example_trigger_target_dag to None, run_after=None
[2026-06-13T17:21:28.455+0000] {processor.py:208} INFO - Processing /home/airflow/.local/lib/python3.12/site-packages/airflow/example_dags/example_trigger_target_dag.py took 0.059 seconds
[2026-06-13T17:21:58.807+0000] {processor.py:186} INFO - Started process (PID=3798) to work on /home/airflow/.local/lib/python3.12/site-packages/airflow/example_dags/example_trigger_target_dag.py
[2026-06-13T17:21:58.809+0000] {processor.py:914} INFO - Processing file /home/airflow/.local/lib/python3.12/site-packages/airflow/example_dags/example_trigger_target_dag.py for tasks to queue
[2026-06-13T17:21:58.811+0000] {logging_mixin.py:190} INFO - [2026-06-13T17:21:58.811+0000] {dagbag.py:588} INFO - Filling up the DagBag from /home/airflow/.local/lib/python3.12/site-packages/airflow/example_dags/example_trigger_target_dag.py
[2026-06-13T17:21:58.818+0000] {processor.py:925} INFO - DAG(s) 'example_trigger_target_dag' retrieved from /home/airflow/.local/lib/python3.12/site-packages/airflow/example_dags/example_trigger_target_dag.py
[2026-06-13T17:21:58.836+0000] {logging_mixin.py:190} INFO - [2026-06-13T17:21:58.836+0000] {dag.py:3239} INFO - Sync 1 DAGs
[2026-06-13T17:21:58.848+0000] {logging_mixin.py:190} INFO - [2026-06-13T17:21:58.848+0000] {dag.py:4180} INFO - Setting next_dagrun for example_trigger_target_dag to None, run_after=None
[2026-06-13T17:21:58.865+0000] {processor.py:208} INFO - Processing /home/airflow/.local/lib/python3.12/site-packages/airflow/example_dags/example_trigger_target_dag.py took 0.062 seconds
[2026-06-13T17:22:29.213+0000] {processor.py:186} INFO - Started process (PID=3860) to work on /home/airflow/.local/lib/python3.12/site-packages/airflow/example_dags/example_trigger_target_dag.py
[2026-06-13T17:22:29.215+0000] {processor.py:914} INFO - Processing file /home/airflow/.local/lib/python3.12/site-packages/airflow/example_dags/example_trigger_target_dag.py for tasks to queue
[2026-06-13T17:22:29.217+0000] {logging_mixin.py:190} INFO - [2026-06-13T17:22:29.217+0000] {dagbag.py:588} INFO - Filling up the DagBag from /home/airflow/.local/lib/python3.12/site-packages/airflow/example_dags/example_trigger_target_dag.py
[2026-06-13T17:22:29.224+0000] {processor.py:925} INFO - DAG(s) 'example_trigger_target_dag' retrieved from /home/airflow/.local/lib/python3.12/site-packages/airflow/example_dags/example_trigger_target_dag.py
[2026-06-13T17:22:29.239+0000] {logging_mixin.py:190} INFO - [2026-06-13T17:22:29.239+0000] {dag.py:3239} INFO - Sync 1 DAGs
[2026-06-13T17:22:29.251+0000] {logging_mixin.py:190} INFO - [2026-06-13T17:22:29.251+0000] {dag.py:4180} INFO - Setting next_dagrun for example_trigger_target_dag to None, run_after=None
[2026-06-13T17:22:29.268+0000] {processor.py:208} INFO - Processing /home/airflow/.local/lib/python3.12/site-packages/airflow/example_dags/example_trigger_target_dag.py took 0.058 seconds
[2026-06-13T17:22:59.663+0000] {processor.py:186} INFO - Started process (PID=3922) to work on /home/airflow/.local/lib/python3.12/site-packages/airflow/example_dags/example_trigger_target_dag.py
[2026-06-13T17:22:59.664+0000] {processor.py:914} INFO - Processing file /home/airflow/.local/lib/python3.12/site-packages/airflow/example_dags/example_trigger_target_dag.py for tasks to queue
[2026-06-13T17:22:59.666+0000] {logging_mixin.py:190} INFO - [2026-06-13T17:22:59.666+0000] {dagbag.py:588} INFO - Filling up the DagBag from /home/airflow/.local/lib/python3.12/site-packages/airflow/example_dags/example_trigger_target_dag.py
[2026-06-13T17:22:59.674+0000] {processor.py:925} INFO - DAG(s) 'example_trigger_target_dag' retrieved from /home/airflow/.local/lib/python3.12/site-packages/airflow/example_dags/example_trigger_target_dag.py
[2026-06-13T17:22:59.692+0000] {logging_mixin.py:190} INFO - [2026-06-13T17:22:59.691+0000] {dag.py:3239} INFO - Sync 1 DAGs
[2026-06-13T17:22:59.702+0000] {logging_mixin.py:190} INFO - [2026-06-13T17:22:59.702+0000] {dag.py:4180} INFO - Setting next_dagrun for example_trigger_target_dag to None, run_after=None
[2026-06-13T17:22:59.725+0000] {processor.py:208} INFO - Processing /home/airflow/.local/lib/python3.12/site-packages/airflow/example_dags/example_trigger_target_dag.py took 0.067 seconds
[2026-06-13T17:23:30.138+0000] {processor.py:186} INFO - Started process (PID=3984) to work on /home/airflow/.local/lib/python3.12/site-packages/airflow/example_dags/example_trigger_target_dag.py
[2026-06-13T17:23:30.139+0000] {processor.py:914} INFO - Processing file /home/airflow/.local/lib/python3.12/site-packages/airflow/example_dags/example_trigger_target_dag.py for tasks to queue
[2026-06-13T17:23:30.142+0000] {logging_mixin.py:190} INFO - [2026-06-13T17:23:30.142+0000] {dagbag.py:588} INFO - Filling up the DagBag from /home/airflow/.local/lib/python3.12/site-packages/airflow/example_dags/example_trigger_target_dag.py
[2026-06-13T17:23:30.150+0000] {processor.py:925} INFO - DAG(s) 'example_trigger_target_dag' retrieved from /home/airflow/.local/lib/python3.12/site-packages/airflow/example_dags/example_trigger_target_dag.py
[2026-06-13T17:23:30.166+0000] {logging_mixin.py:190} INFO - [2026-06-13T17:23:30.166+0000] {dag.py:3239} INFO - Sync 1 DAGs
[2026-06-13T17:23:30.178+0000] {logging_mixin.py:190} INFO - [2026-06-13T17:23:30.177+0000] {dag.py:4180} INFO - Setting next_dagrun for example_trigger_target_dag to None, run_after=None
[2026-06-13T17:23:30.196+0000] {processor.py:208} INFO - Processing /home/airflow/.local/lib/python3.12/site-packages/airflow/example_dags/example_trigger_target_dag.py took 0.063 seconds
[2026-06-13T17:24:00.631+0000] {processor.py:186} INFO - Started process (PID=4047) to work on /home/airflow/.local/lib/python3.12/site-packages/airflow/example_dags/example_trigger_target_dag.py
[2026-06-13T17:24:00.632+0000] {processor.py:914} INFO - Processing file /home/airflow/.local/lib/python3.12/site-packages/airflow/example_dags/example_trigger_target_dag.py for tasks to queue
[2026-06-13T17:24:00.635+0000] {logging_mixin.py:190} INFO - [2026-06-13T17:24:00.634+0000] {dagbag.py:588} INFO - Filling up the DagBag from /home/airflow/.local/lib/python3.12/site-packages/airflow/example_dags/example_trigger_target_dag.py
[2026-06-13T17:24:00.642+0000] {processor.py:925} INFO - DAG(s) 'example_trigger_target_dag' retrieved from /home/airflow/.local/lib/python3.12/site-packages/airflow/example_dags/example_trigger_target_dag.py
[2026-06-13T17:24:00.659+0000] {logging_mixin.py:190} INFO - [2026-06-13T17:24:00.659+0000] {dag.py:3239} INFO - Sync 1 DAGs
[2026-06-13T17:24:00.670+0000] {logging_mixin.py:190} INFO - [2026-06-13T17:24:00.670+0000] {dag.py:4180} INFO - Setting next_dagrun for example_trigger_target_dag to None, run_after=None
[2026-06-13T17:24:00.693+0000] {processor.py:208} INFO - Processing /home/airflow/.local/lib/python3.12/site-packages/airflow/example_dags/example_trigger_target_dag.py took 0.067 seconds
[2026-06-13T17:24:31.050+0000] {processor.py:186} INFO - Started process (PID=4109) to work on /home/airflow/.local/lib/python3.12/site-packages/airflow/example_dags/example_trigger_target_dag.py
[2026-06-13T17:24:31.051+0000] {processor.py:914} INFO - Processing file /home/airflow/.local/lib/python3.12/site-packages/airflow/example_dags/example_trigger_target_dag.py for tasks to queue
[2026-06-13T17:24:31.053+0000] {logging_mixin.py:190} INFO - [2026-06-13T17:24:31.053+0000] {dagbag.py:588} INFO - Filling up the DagBag from /home/airflow/.local/lib/python3.12/site-packages/airflow/example_dags/example_trigger_target_dag.py
[2026-06-13T17:24:31.060+0000] {processor.py:925} INFO - DAG(s) 'example_trigger_target_dag' retrieved from /home/airflow/.local/lib/python3.12/site-packages/airflow/example_dags/example_trigger_target_dag.py
[2026-06-13T17:24:31.076+0000] {logging_mixin.py:190} INFO - [2026-06-13T17:24:31.076+0000] {dag.py:3239} INFO - Sync 1 DAGs
[2026-06-13T17:24:31.088+0000] {logging_mixin.py:190} INFO - [2026-06-13T17:24:31.087+0000] {dag.py:4180} INFO - Setting next_dagrun for example_trigger_target_dag to None, run_after=None
[2026-06-13T17:24:31.111+0000] {processor.py:208} INFO - Processing /home/airflow/.local/lib/python3.12/site-packages/airflow/example_dags/example_trigger_target_dag.py took 0.065 seconds
[2026-06-13T17:25:01.224+0000] {processor.py:186} INFO - Started process (PID=4171) to work on /home/airflow/.local/lib/python3.12/site-packages/airflow/example_dags/example_trigger_target_dag.py
[2026-06-13T17:25:01.226+0000] {processor.py:914} INFO - Processing file /home/airflow/.local/lib/python3.12/site-packages/airflow/example_dags/example_trigger_target_dag.py for tasks to queue
[2026-06-13T17:25:01.229+0000] {logging_mixin.py:190} INFO - [2026-06-13T17:25:01.228+0000] {dagbag.py:588} INFO - Filling up the DagBag from /home/airflow/.local/lib/python3.12/site-packages/airflow/example_dags/example_trigger_target_dag.py
[2026-06-13T17:25:01.236+0000] {processor.py:925} INFO - DAG(s) 'example_trigger_target_dag' retrieved from /home/airflow/.local/lib/python3.12/site-packages/airflow/example_dags/example_trigger_target_dag.py
[2026-06-13T17:25:01.253+0000] {logging_mixin.py:190} INFO - [2026-06-13T17:25:01.252+0000] {dag.py:3239} INFO - Sync 1 DAGs
[2026-06-13T17:25:01.263+0000] {logging_mixin.py:190} INFO - [2026-06-13T17:25:01.263+0000] {dag.py:4180} INFO - Setting next_dagrun for example_trigger_target_dag to None, run_after=None
[2026-06-13T17:25:01.281+0000] {processor.py:208} INFO - Processing /home/airflow/.local/lib/python3.12/site-packages/airflow/example_dags/example_trigger_target_dag.py took 0.061 seconds
[2026-06-13T17:25:31.475+0000] {processor.py:186} INFO - Started process (PID=4233) to work on /home/airflow/.local/lib/python3.12/site-packages/airflow/example_dags/example_trigger_target_dag.py
[2026-06-13T17:25:31.477+0000] {processor.py:914} INFO - Processing file /home/airflow/.local/lib/python3.12/site-packages/airflow/example_dags/example_trigger_target_dag.py for tasks to queue
[2026-06-13T17:25:31.479+0000] {logging_mixin.py:190} INFO - [2026-06-13T17:25:31.479+0000] {dagbag.py:588} INFO - Filling up the DagBag from /home/airflow/.local/lib/python3.12/site-packages/airflow/example_dags/example_trigger_target_dag.py
[2026-06-13T17:25:31.486+0000] {processor.py:925} INFO - DAG(s) 'example_trigger_target_dag' retrieved from /home/airflow/.local/lib/python3.12/site-packages/airflow/example_dags/example_trigger_target_dag.py
[2026-06-13T17:25:31.501+0000] {logging_mixin.py:190} INFO - [2026-06-13T17:25:31.501+0000] {dag.py:3239} INFO - Sync 1 DAGs
[2026-06-13T17:25:31.514+0000] {logging_mixin.py:190} INFO - [2026-06-13T17:25:31.514+0000] {dag.py:4180} INFO - Setting next_dagrun for example_trigger_target_dag to None, run_after=None
[2026-06-13T17:25:31.532+0000] {processor.py:208} INFO - Processing /home/airflow/.local/lib/python3.12/site-packages/airflow/example_dags/example_trigger_target_dag.py took 0.061 seconds
[2026-06-13T17:26:01.795+0000] {processor.py:186} INFO - Started process (PID=4295) to work on /home/airflow/.local/lib/python3.12/site-packages/airflow/example_dags/example_trigger_target_dag.py
[2026-06-13T17:26:01.796+0000] {processor.py:914} INFO - Processing file /home/airflow/.local/lib/python3.12/site-packages/airflow/example_dags/example_trigger_target_dag.py for tasks to queue
[2026-06-13T17:26:01.798+0000] {logging_mixin.py:190} INFO - [2026-06-13T17:26:01.798+0000] {dagbag.py:588} INFO - Filling up the DagBag from /home/airflow/.local/lib/python3.12/site-packages/airflow/example_dags/example_trigger_target_dag.py
[2026-06-13T17:26:01.806+0000] {processor.py:925} INFO - DAG(s) 'example_trigger_target_dag' retrieved from /home/airflow/.local/lib/python3.12/site-packages/airflow/example_dags/example_trigger_target_dag.py
[2026-06-13T17:26:01.821+0000] {logging_mixin.py:190} INFO - [2026-06-13T17:26:01.821+0000] {dag.py:3239} INFO - Sync 1 DAGs
[2026-06-13T17:26:01.832+0000] {logging_mixin.py:190} INFO - [2026-06-13T17:26:01.832+0000] {dag.py:4180} INFO - Setting next_dagrun for example_trigger_target_dag to None, run_after=None
[2026-06-13T17:26:01.847+0000] {processor.py:208} INFO - Processing /home/airflow/.local/lib/python3.12/site-packages/airflow/example_dags/example_trigger_target_dag.py took 0.056 seconds
[2026-06-13T17:26:32.121+0000] {processor.py:186} INFO - Started process (PID=4357) to work on /home/airflow/.local/lib/python3.12/site-packages/airflow/example_dags/example_trigger_target_dag.py
[2026-06-13T17:26:32.122+0000] {processor.py:914} INFO - Processing file /home/airflow/.local/lib/python3.12/site-packages/airflow/example_dags/example_trigger_target_dag.py for tasks to queue
[2026-06-13T17:26:32.124+0000] {logging_mixin.py:190} INFO - [2026-06-13T17:26:32.124+0000] {dagbag.py:588} INFO - Filling up the DagBag from /home/airflow/.local/lib/python3.12/site-packages/airflow/example_dags/example_trigger_target_dag.py
[2026-06-13T17:26:32.130+0000] {processor.py:925} INFO - DAG(s) 'example_trigger_target_dag' retrieved from /home/airflow/.local/lib/python3.12/site-packages/airflow/example_dags/example_trigger_target_dag.py
[2026-06-13T17:26:32.146+0000] {logging_mixin.py:190} INFO - [2026-06-13T17:26:32.146+0000] {dag.py:3239} INFO - Sync 1 DAGs
[2026-06-13T17:26:32.158+0000] {logging_mixin.py:190} INFO - [2026-06-13T17:26:32.158+0000] {dag.py:4180} INFO - Setting next_dagrun for example_trigger_target_dag to None, run_after=None
[2026-06-13T17:26:32.175+0000] {processor.py:208} INFO - Processing /home/airflow/.local/lib/python3.12/site-packages/airflow/example_dags/example_trigger_target_dag.py took 0.059 seconds
[2026-06-13T17:27:02.535+0000] {processor.py:186} INFO - Started process (PID=4419) to work on /home/airflow/.local/lib/python3.12/site-packages/airflow/example_dags/example_trigger_target_dag.py
[2026-06-13T17:27:02.536+0000] {processor.py:914} INFO - Processing file /home/airflow/.local/lib/python3.12/site-packages/airflow/example_dags/example_trigger_target_dag.py for tasks to queue
[2026-06-13T17:27:02.539+0000] {logging_mixin.py:190} INFO - [2026-06-13T17:27:02.538+0000] {dagbag.py:588} INFO - Filling up the DagBag from /home/airflow/.local/lib/python3.12/site-packages/airflow/example_dags/example_trigger_target_dag.py
[2026-06-13T17:27:02.545+0000] {processor.py:925} INFO - DAG(s) 'example_trigger_target_dag' retrieved from /home/airflow/.local/lib/python3.12/site-packages/airflow/example_dags/example_trigger_target_dag.py
[2026-06-13T17:27:02.561+0000] {logging_mixin.py:190} INFO - [2026-06-13T17:27:02.560+0000] {dag.py:3239} INFO - Sync 1 DAGs
[2026-06-13T17:27:02.573+0000] {logging_mixin.py:190} INFO - [2026-06-13T17:27:02.573+0000] {dag.py:4180} INFO - Setting next_dagrun for example_trigger_target_dag to None, run_after=None
[2026-06-13T17:27:02.595+0000] {processor.py:208} INFO - Processing /home/airflow/.local/lib/python3.12/site-packages/airflow/example_dags/example_trigger_target_dag.py took 0.065 seconds
[2026-06-13T17:27:32.993+0000] {processor.py:186} INFO - Started process (PID=4481) to work on /home/airflow/.local/lib/python3.12/site-packages/airflow/example_dags/example_trigger_target_dag.py
[2026-06-13T17:27:32.994+0000] {processor.py:914} INFO - Processing file /home/airflow/.local/lib/python3.12/site-packages/airflow/example_dags/example_trigger_target_dag.py for tasks to queue
[2026-06-13T17:27:32.997+0000] {logging_mixin.py:190} INFO - [2026-06-13T17:27:32.996+0000] {dagbag.py:588} INFO - Filling up the DagBag from /home/airflow/.local/lib/python3.12/site-packages/airflow/example_dags/example_trigger_target_dag.py
[2026-06-13T17:27:33.003+0000] {processor.py:925} INFO - DAG(s) 'example_trigger_target_dag' retrieved from /home/airflow/.local/lib/python3.12/site-packages/airflow/example_dags/example_trigger_target_dag.py
[2026-06-13T17:27:33.019+0000] {logging_mixin.py:190} INFO - [2026-06-13T17:27:33.018+0000] {dag.py:3239} INFO - Sync 1 DAGs
[2026-06-13T17:27:33.030+0000] {logging_mixin.py:190} INFO - [2026-06-13T17:27:33.030+0000] {dag.py:4180} INFO - Setting next_dagrun for example_trigger_target_dag to None, run_after=None
[2026-06-13T17:27:33.050+0000] {processor.py:208} INFO - Processing /home/airflow/.local/lib/python3.12/site-packages/airflow/example_dags/example_trigger_target_dag.py took 0.061 seconds
[2026-06-13T17:28:03.434+0000] {processor.py:186} INFO - Started process (PID=4543) to work on /home/airflow/.local/lib/python3.12/site-packages/airflow/example_dags/example_trigger_target_dag.py
[2026-06-13T17:28:03.435+0000] {processor.py:914} INFO - Processing file /home/airflow/.local/lib/python3.12/site-packages/airflow/example_dags/example_trigger_target_dag.py for tasks to queue
[2026-06-13T17:28:03.438+0000] {logging_mixin.py:190} INFO - [2026-06-13T17:28:03.437+0000] {dagbag.py:588} INFO - Filling up the DagBag from /home/airflow/.local/lib/python3.12/site-packages/airflow/example_dags/example_trigger_target_dag.py
[2026-06-13T17:28:03.444+0000] {processor.py:925} INFO - DAG(s) 'example_trigger_target_dag' retrieved from /home/airflow/.local/lib/python3.12/site-packages/airflow/example_dags/example_trigger_target_dag.py
[2026-06-13T17:28:03.460+0000] {logging_mixin.py:190} INFO - [2026-06-13T17:28:03.459+0000] {dag.py:3239} INFO - Sync 1 DAGs
[2026-06-13T17:28:03.470+0000] {logging_mixin.py:190} INFO - [2026-06-13T17:28:03.470+0000] {dag.py:4180} INFO - Setting next_dagrun for example_trigger_target_dag to None, run_after=None
[2026-06-13T17:28:03.489+0000] {processor.py:208} INFO - Processing /home/airflow/.local/lib/python3.12/site-packages/airflow/example_dags/example_trigger_target_dag.py took 0.059 seconds
[2026-06-13T17:28:33.668+0000] {processor.py:186} INFO - Started process (PID=4605) to work on /home/airflow/.local/lib/python3.12/site-packages/airflow/example_dags/example_trigger_target_dag.py
[2026-06-13T17:28:33.669+0000] {processor.py:914} INFO - Processing file /home/airflow/.local/lib/python3.12/site-packages/airflow/example_dags/example_trigger_target_dag.py for tasks to queue
[2026-06-13T17:28:33.672+0000] {logging_mixin.py:190} INFO - [2026-06-13T17:28:33.671+0000] {dagbag.py:588} INFO - Filling up the DagBag from /home/airflow/.local/lib/python3.12/site-packages/airflow/example_dags/example_trigger_target_dag.py
[2026-06-13T17:28:33.680+0000] {processor.py:925} INFO - DAG(s) 'example_trigger_target_dag' retrieved from /home/airflow/.local/lib/python3.12/site-packages/airflow/example_dags/example_trigger_target_dag.py
[2026-06-13T17:28:33.697+0000] {logging_mixin.py:190} INFO - [2026-06-13T17:28:33.697+0000] {dag.py:3239} INFO - Sync 1 DAGs
[2026-06-13T17:28:33.708+0000] {logging_mixin.py:190} INFO - [2026-06-13T17:28:33.708+0000] {dag.py:4180} INFO - Setting next_dagrun for example_trigger_target_dag to None, run_after=None
[2026-06-13T17:28:33.730+0000] {processor.py:208} INFO - Processing /home/airflow/.local/lib/python3.12/site-packages/airflow/example_dags/example_trigger_target_dag.py took 0.068 seconds
[2026-06-13T17:29:03.971+0000] {processor.py:186} INFO - Started process (PID=4667) to work on /home/airflow/.local/lib/python3.12/site-packages/airflow/example_dags/example_trigger_target_dag.py
[2026-06-13T17:29:03.973+0000] {processor.py:914} INFO - Processing file /home/airflow/.local/lib/python3.12/site-packages/airflow/example_dags/example_trigger_target_dag.py for tasks to queue
[2026-06-13T17:29:03.976+0000] {logging_mixin.py:190} INFO - [2026-06-13T17:29:03.975+0000] {dagbag.py:588} INFO - Filling up the DagBag from /home/airflow/.local/lib/python3.12/site-packages/airflow/example_dags/example_trigger_target_dag.py
[2026-06-13T17:29:03.984+0000] {processor.py:925} INFO - DAG(s) 'example_trigger_target_dag' retrieved from /home/airflow/.local/lib/python3.12/site-packages/airflow/example_dags/example_trigger_target_dag.py
[2026-06-13T17:29:04.006+0000] {logging_mixin.py:190} INFO - [2026-06-13T17:29:04.006+0000] {dag.py:3239} INFO - Sync 1 DAGs
[2026-06-13T17:29:04.022+0000] {logging_mixin.py:190} INFO - [2026-06-13T17:29:04.022+0000] {dag.py:4180} INFO - Setting next_dagrun for example_trigger_target_dag to None, run_after=None
[2026-06-13T17:29:04.045+0000] {processor.py:208} INFO - Processing /home/airflow/.local/lib/python3.12/site-packages/airflow/example_dags/example_trigger_target_dag.py took 0.079 seconds
[2026-06-13T17:29:34.473+0000] {processor.py:186} INFO - Started process (PID=4729) to work on /home/airflow/.local/lib/python3.12/site-packages/airflow/example_dags/example_trigger_target_dag.py
[2026-06-13T17:29:34.474+0000] {processor.py:914} INFO - Processing file /home/airflow/.local/lib/python3.12/site-packages/airflow/example_dags/example_trigger_target_dag.py for tasks to queue
[2026-06-13T17:29:34.477+0000] {logging_mixin.py:190} INFO - [2026-06-13T17:29:34.476+0000] {dagbag.py:588} INFO - Filling up the DagBag from /home/airflow/.local/lib/python3.12/site-packages/airflow/example_dags/example_trigger_target_dag.py
[2026-06-13T17:29:34.483+0000] {processor.py:925} INFO - DAG(s) 'example_trigger_target_dag' retrieved from /home/airflow/.local/lib/python3.12/site-packages/airflow/example_dags/example_trigger_target_dag.py
[2026-06-13T17:29:34.499+0000] {logging_mixin.py:190} INFO - [2026-06-13T17:29:34.499+0000] {dag.py:3239} INFO - Sync 1 DAGs
[2026-06-13T17:29:34.511+0000] {logging_mixin.py:190} INFO - [2026-06-13T17:29:34.510+0000] {dag.py:4180} INFO - Setting next_dagrun for example_trigger_target_dag to None, run_after=None
[2026-06-13T17:29:34.528+0000] {processor.py:208} INFO - Processing /home/airflow/.local/lib/python3.12/site-packages/airflow/example_dags/example_trigger_target_dag.py took 0.060 seconds
[2026-06-13T17:30:04.758+0000] {processor.py:186} INFO - Started process (PID=4791) to work on /home/airflow/.local/lib/python3.12/site-packages/airflow/example_dags/example_trigger_target_dag.py
[2026-06-13T17:30:04.759+0000] {processor.py:914} INFO - Processing file /home/airflow/.local/lib/python3.12/site-packages/airflow/example_dags/example_trigger_target_dag.py for tasks to queue
[2026-06-13T17:30:04.761+0000] {logging_mixin.py:190} INFO - [2026-06-13T17:30:04.761+0000] {dagbag.py:588} INFO - Filling up the DagBag from /home/airflow/.local/lib/python3.12/site-packages/airflow/example_dags/example_trigger_target_dag.py
[2026-06-13T17:30:04.768+0000] {processor.py:925} INFO - DAG(s) 'example_trigger_target_dag' retrieved from /home/airflow/.local/lib/python3.12/site-packages/airflow/example_dags/example_trigger_target_dag.py
[2026-06-13T17:30:04.784+0000] {logging_mixin.py:190} INFO - [2026-06-13T17:30:04.783+0000] {dag.py:3239} INFO - Sync 1 DAGs
[2026-06-13T17:30:04.795+0000] {logging_mixin.py:190} INFO - [2026-06-13T17:30:04.795+0000] {dag.py:4180} INFO - Setting next_dagrun for example_trigger_target_dag to None, run_after=None
[2026-06-13T17:30:04.813+0000] {processor.py:208} INFO - Processing /home/airflow/.local/lib/python3.12/site-packages/airflow/example_dags/example_trigger_target_dag.py took 0.059 seconds
[2026-06-13T17:30:35.150+0000] {processor.py:186} INFO - Started process (PID=4853) to work on /home/airflow/.local/lib/python3.12/site-packages/airflow/example_dags/example_trigger_target_dag.py
[2026-06-13T17:30:35.152+0000] {processor.py:914} INFO - Processing file /home/airflow/.local/lib/python3.12/site-packages/airflow/example_dags/example_trigger_target_dag.py for tasks to queue
[2026-06-13T17:30:35.154+0000] {logging_mixin.py:190} INFO - [2026-06-13T17:30:35.154+0000] {dagbag.py:588} INFO - Filling up the DagBag from /home/airflow/.local/lib/python3.12/site-packages/airflow/example_dags/example_trigger_target_dag.py
[2026-06-13T17:30:35.161+0000] {processor.py:925} INFO - DAG(s) 'example_trigger_target_dag' retrieved from /home/airflow/.local/lib/python3.12/site-packages/airflow/example_dags/example_trigger_target_dag.py
[2026-06-13T17:30:35.176+0000] {logging_mixin.py:190} INFO - [2026-06-13T17:30:35.176+0000] {dag.py:3239} INFO - Sync 1 DAGs
[2026-06-13T17:30:35.187+0000] {logging_mixin.py:190} INFO - [2026-06-13T17:30:35.187+0000] {dag.py:4180} INFO - Setting next_dagrun for example_trigger_target_dag to None, run_after=None
[2026-06-13T17:30:35.205+0000] {processor.py:208} INFO - Processing /home/airflow/.local/lib/python3.12/site-packages/airflow/example_dags/example_trigger_target_dag.py took 0.059 seconds
[2026-06-13T17:31:05.586+0000] {processor.py:186} INFO - Started process (PID=4916) to work on /home/airflow/.local/lib/python3.12/site-packages/airflow/example_dags/example_trigger_target_dag.py
[2026-06-13T17:31:05.588+0000] {processor.py:914} INFO - Processing file /home/airflow/.local/lib/python3.12/site-packages/airflow/example_dags/example_trigger_target_dag.py for tasks to queue
[2026-06-13T17:31:05.591+0000] {logging_mixin.py:190} INFO - [2026-06-13T17:31:05.590+0000] {dagbag.py:588} INFO - Filling up the DagBag from /home/airflow/.local/lib/python3.12/site-packages/airflow/example_dags/example_trigger_target_dag.py
[2026-06-13T17:31:05.597+0000] {processor.py:925} INFO - DAG(s) 'example_trigger_target_dag' retrieved from /home/airflow/.local/lib/python3.12/site-packages/airflow/example_dags/example_trigger_target_dag.py
[2026-06-13T17:31:05.612+0000] {logging_mixin.py:190} INFO - [2026-06-13T17:31:05.612+0000] {dag.py:3239} INFO - Sync 1 DAGs
[2026-06-13T17:31:05.624+0000] {logging_mixin.py:190} INFO - [2026-06-13T17:31:05.624+0000] {dag.py:4180} INFO - Setting next_dagrun for example_trigger_target_dag to None, run_after=None
[2026-06-13T17:31:05.643+0000] {processor.py:208} INFO - Processing /home/airflow/.local/lib/python3.12/site-packages/airflow/example_dags/example_trigger_target_dag.py took 0.061 seconds
[2026-06-13T17:31:35.977+0000] {processor.py:186} INFO - Started process (PID=4978) to work on /home/airflow/.local/lib/python3.12/site-packages/airflow/example_dags/example_trigger_target_dag.py
[2026-06-13T17:31:35.979+0000] {processor.py:914} INFO - Processing file /home/airflow/.local/lib/python3.12/site-packages/airflow/example_dags/example_trigger_target_dag.py for tasks to queue
[2026-06-13T17:31:35.981+0000] {logging_mixin.py:190} INFO - [2026-06-13T17:31:35.981+0000] {dagbag.py:588} INFO - Filling up the DagBag from /home/airflow/.local/lib/python3.12/site-packages/airflow/example_dags/example_trigger_target_dag.py
[2026-06-13T17:31:35.987+0000] {processor.py:925} INFO - DAG(s) 'example_trigger_target_dag' retrieved from /home/airflow/.local/lib/python3.12/site-packages/airflow/example_dags/example_trigger_target_dag.py
[2026-06-13T17:31:36.003+0000] {logging_mixin.py:190} INFO - [2026-06-13T17:31:36.003+0000] {dag.py:3239} INFO - Sync 1 DAGs
[2026-06-13T17:31:36.014+0000] {logging_mixin.py:190} INFO - [2026-06-13T17:31:36.013+0000] {dag.py:4180} INFO - Setting next_dagrun for example_trigger_target_dag to None, run_after=None
[2026-06-13T17:31:36.029+0000] {processor.py:208} INFO - Processing /home/airflow/.local/lib/python3.12/site-packages/airflow/example_dags/example_trigger_target_dag.py took 0.055 seconds
[2026-06-13T17:32:06.381+0000] {processor.py:186} INFO - Started process (PID=5040) to work on /home/airflow/.local/lib/python3.12/site-packages/airflow/example_dags/example_trigger_target_dag.py
[2026-06-13T17:32:06.383+0000] {processor.py:914} INFO - Processing file /home/airflow/.local/lib/python3.12/site-packages/airflow/example_dags/example_trigger_target_dag.py for tasks to queue
[2026-06-13T17:32:06.385+0000] {logging_mixin.py:190} INFO - [2026-06-13T17:32:06.385+0000] {dagbag.py:588} INFO - Filling up the DagBag from /home/airflow/.local/lib/python3.12/site-packages/airflow/example_dags/example_trigger_target_dag.py
[2026-06-13T17:32:06.392+0000] {processor.py:925} INFO - DAG(s) 'example_trigger_target_dag' retrieved from /home/airflow/.local/lib/python3.12/site-packages/airflow/example_dags/example_trigger_target_dag.py
[2026-06-13T17:32:06.409+0000] {logging_mixin.py:190} INFO - [2026-06-13T17:32:06.409+0000] {dag.py:3239} INFO - Sync 1 DAGs
[2026-06-13T17:32:06.421+0000] {logging_mixin.py:190} INFO - [2026-06-13T17:32:06.421+0000] {dag.py:4180} INFO - Setting next_dagrun for example_trigger_target_dag to None, run_after=None
[2026-06-13T17:32:06.440+0000] {processor.py:208} INFO - Processing /home/airflow/.local/lib/python3.12/site-packages/airflow/example_dags/example_trigger_target_dag.py took 0.064 seconds
[2026-06-13T17:32:36.727+0000] {processor.py:186} INFO - Started process (PID=5103) to work on /home/airflow/.local/lib/python3.12/site-packages/airflow/example_dags/example_trigger_target_dag.py
[2026-06-13T17:32:36.729+0000] {processor.py:914} INFO - Processing file /home/airflow/.local/lib/python3.12/site-packages/airflow/example_dags/example_trigger_target_dag.py for tasks to queue
[2026-06-13T17:32:36.732+0000] {logging_mixin.py:190} INFO - [2026-06-13T17:32:36.732+0000] {dagbag.py:588} INFO - Filling up the DagBag from /home/airflow/.local/lib/python3.12/site-packages/airflow/example_dags/example_trigger_target_dag.py
[2026-06-13T17:32:36.742+0000] {processor.py:925} INFO - DAG(s) 'example_trigger_target_dag' retrieved from /home/airflow/.local/lib/python3.12/site-packages/airflow/example_dags/example_trigger_target_dag.py
[2026-06-13T17:32:36.767+0000] {logging_mixin.py:190} INFO - [2026-06-13T17:32:36.767+0000] {dag.py:3239} INFO - Sync 1 DAGs
[2026-06-13T17:32:36.785+0000] {logging_mixin.py:190} INFO - [2026-06-13T17:32:36.785+0000] {dag.py:4180} INFO - Setting next_dagrun for example_trigger_target_dag to None, run_after=None
[2026-06-13T17:32:36.808+0000] {processor.py:208} INFO - Processing /home/airflow/.local/lib/python3.12/site-packages/airflow/example_dags/example_trigger_target_dag.py took 0.089 seconds
[2026-06-13T17:33:07.142+0000] {processor.py:186} INFO - Started process (PID=5170) to work on /home/airflow/.local/lib/python3.12/site-packages/airflow/example_dags/example_trigger_target_dag.py
[2026-06-13T17:33:07.143+0000] {processor.py:914} INFO - Processing file /home/airflow/.local/lib/python3.12/site-packages/airflow/example_dags/example_trigger_target_dag.py for tasks to queue
[2026-06-13T17:33:07.145+0000] {logging_mixin.py:190} INFO - [2026-06-13T17:33:07.145+0000] {dagbag.py:588} INFO - Filling up the DagBag from /home/airflow/.local/lib/python3.12/site-packages/airflow/example_dags/example_trigger_target_dag.py
[2026-06-13T17:33:07.152+0000] {processor.py:925} INFO - DAG(s) 'example_trigger_target_dag' retrieved from /home/airflow/.local/lib/python3.12/site-packages/airflow/example_dags/example_trigger_target_dag.py
[2026-06-13T17:33:07.168+0000] {logging_mixin.py:190} INFO - [2026-06-13T17:33:07.168+0000] {dag.py:3239} INFO - Sync 1 DAGs
[2026-06-13T17:33:07.180+0000] {logging_mixin.py:190} INFO - [2026-06-13T17:33:07.179+0000] {dag.py:4180} INFO - Setting next_dagrun for example_trigger_target_dag to None, run_after=None
[2026-06-13T17:33:07.199+0000] {processor.py:208} INFO - Processing /home/airflow/.local/lib/python3.12/site-packages/airflow/example_dags/example_trigger_target_dag.py took 0.061 seconds
[2026-06-13T17:33:37.595+0000] {processor.py:186} INFO - Started process (PID=5232) to work on /home/airflow/.local/lib/python3.12/site-packages/airflow/example_dags/example_trigger_target_dag.py
[2026-06-13T17:33:37.596+0000] {processor.py:914} INFO - Processing file /home/airflow/.local/lib/python3.12/site-packages/airflow/example_dags/example_trigger_target_dag.py for tasks to queue
[2026-06-13T17:33:37.598+0000] {logging_mixin.py:190} INFO - [2026-06-13T17:33:37.598+0000] {dagbag.py:588} INFO - Filling up the DagBag from /home/airflow/.local/lib/python3.12/site-packages/airflow/example_dags/example_trigger_target_dag.py
[2026-06-13T17:33:37.605+0000] {processor.py:925} INFO - DAG(s) 'example_trigger_target_dag' retrieved from /home/airflow/.local/lib/python3.12/site-packages/airflow/example_dags/example_trigger_target_dag.py
[2026-06-13T17:33:37.623+0000] {logging_mixin.py:190} INFO - [2026-06-13T17:33:37.622+0000] {dag.py:3239} INFO - Sync 1 DAGs
[2026-06-13T17:33:37.633+0000] {logging_mixin.py:190} INFO - [2026-06-13T17:33:37.633+0000] {dag.py:4180} INFO - Setting next_dagrun for example_trigger_target_dag to None, run_after=None
[2026-06-13T17:33:37.649+0000] {processor.py:208} INFO - Processing /home/airflow/.local/lib/python3.12/site-packages/airflow/example_dags/example_trigger_target_dag.py took 0.058 seconds
[2026-06-13T17:34:07.777+0000] {processor.py:186} INFO - Started process (PID=5294) to work on /home/airflow/.local/lib/python3.12/site-packages/airflow/example_dags/example_trigger_target_dag.py
[2026-06-13T17:34:07.778+0000] {processor.py:914} INFO - Processing file /home/airflow/.local/lib/python3.12/site-packages/airflow/example_dags/example_trigger_target_dag.py for tasks to queue
[2026-06-13T17:34:07.780+0000] {logging_mixin.py:190} INFO - [2026-06-13T17:34:07.780+0000] {dagbag.py:588} INFO - Filling up the DagBag from /home/airflow/.local/lib/python3.12/site-packages/airflow/example_dags/example_trigger_target_dag.py
[2026-06-13T17:34:07.786+0000] {processor.py:925} INFO - DAG(s) 'example_trigger_target_dag' retrieved from /home/airflow/.local/lib/python3.12/site-packages/airflow/example_dags/example_trigger_target_dag.py
[2026-06-13T17:34:07.802+0000] {logging_mixin.py:190} INFO - [2026-06-13T17:34:07.802+0000] {dag.py:3239} INFO - Sync 1 DAGs
[2026-06-13T17:34:07.814+0000] {logging_mixin.py:190} INFO - [2026-06-13T17:34:07.813+0000] {dag.py:4180} INFO - Setting next_dagrun for example_trigger_target_dag to None, run_after=None
[2026-06-13T17:34:07.831+0000] {processor.py:208} INFO - Processing /home/airflow/.local/lib/python3.12/site-packages/airflow/example_dags/example_trigger_target_dag.py took 0.059 seconds
[2026-06-13T17:34:38.202+0000] {processor.py:186} INFO - Started process (PID=5356) to work on /home/airflow/.local/lib/python3.12/site-packages/airflow/example_dags/example_trigger_target_dag.py
[2026-06-13T17:34:38.203+0000] {processor.py:914} INFO - Processing file /home/airflow/.local/lib/python3.12/site-packages/airflow/example_dags/example_trigger_target_dag.py for tasks to queue
[2026-06-13T17:34:38.206+0000] {logging_mixin.py:190} INFO - [2026-06-13T17:34:38.206+0000] {dagbag.py:588} INFO - Filling up the DagBag from /home/airflow/.local/lib/python3.12/site-packages/airflow/example_dags/example_trigger_target_dag.py
[2026-06-13T17:34:38.213+0000] {processor.py:925} INFO - DAG(s) 'example_trigger_target_dag' retrieved from /home/airflow/.local/lib/python3.12/site-packages/airflow/example_dags/example_trigger_target_dag.py
[2026-06-13T17:34:38.229+0000] {logging_mixin.py:190} INFO - [2026-06-13T17:34:38.229+0000] {dag.py:3239} INFO - Sync 1 DAGs
[2026-06-13T17:34:38.240+0000] {logging_mixin.py:190} INFO - [2026-06-13T17:34:38.240+0000] {dag.py:4180} INFO - Setting next_dagrun for example_trigger_target_dag to None, run_after=None
[2026-06-13T17:34:38.257+0000] {processor.py:208} INFO - Processing /home/airflow/.local/lib/python3.12/site-packages/airflow/example_dags/example_trigger_target_dag.py took 0.060 seconds
[2026-06-13T17:35:08.436+0000] {processor.py:186} INFO - Started process (PID=5418) to work on /home/airflow/.local/lib/python3.12/site-packages/airflow/example_dags/example_trigger_target_dag.py
[2026-06-13T17:35:08.437+0000] {processor.py:914} INFO - Processing file /home/airflow/.local/lib/python3.12/site-packages/airflow/example_dags/example_trigger_target_dag.py for tasks to queue
[2026-06-13T17:35:08.440+0000] {logging_mixin.py:190} INFO - [2026-06-13T17:35:08.439+0000] {dagbag.py:588} INFO - Filling up the DagBag from /home/airflow/.local/lib/python3.12/site-packages/airflow/example_dags/example_trigger_target_dag.py
[2026-06-13T17:35:08.446+0000] {processor.py:925} INFO - DAG(s) 'example_trigger_target_dag' retrieved from /home/airflow/.local/lib/python3.12/site-packages/airflow/example_dags/example_trigger_target_dag.py
[2026-06-13T17:35:08.463+0000] {logging_mixin.py:190} INFO - [2026-06-13T17:35:08.463+0000] {dag.py:3239} INFO - Sync 1 DAGs
[2026-06-13T17:35:08.474+0000] {logging_mixin.py:190} INFO - [2026-06-13T17:35:08.473+0000] {dag.py:4180} INFO - Setting next_dagrun for example_trigger_target_dag to None, run_after=None
[2026-06-13T17:35:08.492+0000] {processor.py:208} INFO - Processing /home/airflow/.local/lib/python3.12/site-packages/airflow/example_dags/example_trigger_target_dag.py took 0.061 seconds
[2026-06-13T17:35:38.907+0000] {processor.py:186} INFO - Started process (PID=5480) to work on /home/airflow/.local/lib/python3.12/site-packages/airflow/example_dags/example_trigger_target_dag.py
[2026-06-13T17:35:38.908+0000] {processor.py:914} INFO - Processing file /home/airflow/.local/lib/python3.12/site-packages/airflow/example_dags/example_trigger_target_dag.py for tasks to queue
[2026-06-13T17:35:38.910+0000] {logging_mixin.py:190} INFO - [2026-06-13T17:35:38.910+0000] {dagbag.py:588} INFO - Filling up the DagBag from /home/airflow/.local/lib/python3.12/site-packages/airflow/example_dags/example_trigger_target_dag.py
[2026-06-13T17:35:38.917+0000] {processor.py:925} INFO - DAG(s) 'example_trigger_target_dag' retrieved from /home/airflow/.local/lib/python3.12/site-packages/airflow/example_dags/example_trigger_target_dag.py
[2026-06-13T17:35:38.934+0000] {logging_mixin.py:190} INFO - [2026-06-13T17:35:38.933+0000] {dag.py:3239} INFO - Sync 1 DAGs
[2026-06-13T17:35:38.945+0000] {logging_mixin.py:190} INFO - [2026-06-13T17:35:38.945+0000] {dag.py:4180} INFO - Setting next_dagrun for example_trigger_target_dag to None, run_after=None
[2026-06-13T17:35:38.962+0000] {processor.py:208} INFO - Processing /home/airflow/.local/lib/python3.12/site-packages/airflow/example_dags/example_trigger_target_dag.py took 0.060 seconds
[2026-06-13T17:36:09.177+0000] {processor.py:186} INFO - Started process (PID=5542) to work on /home/airflow/.local/lib/python3.12/site-packages/airflow/example_dags/example_trigger_target_dag.py
[2026-06-13T17:36:09.178+0000] {processor.py:914} INFO - Processing file /home/airflow/.local/lib/python3.12/site-packages/airflow/example_dags/example_trigger_target_dag.py for tasks to queue
[2026-06-13T17:36:09.180+0000] {logging_mixin.py:190} INFO - [2026-06-13T17:36:09.180+0000] {dagbag.py:588} INFO - Filling up the DagBag from /home/airflow/.local/lib/python3.12/site-packages/airflow/example_dags/example_trigger_target_dag.py
[2026-06-13T17:36:09.187+0000] {processor.py:925} INFO - DAG(s) 'example_trigger_target_dag' retrieved from /home/airflow/.local/lib/python3.12/site-packages/airflow/example_dags/example_trigger_target_dag.py
[2026-06-13T17:36:09.204+0000] {logging_mixin.py:190} INFO - [2026-06-13T17:36:09.204+0000] {dag.py:3239} INFO - Sync 1 DAGs
[2026-06-13T17:36:09.215+0000] {logging_mixin.py:190} INFO - [2026-06-13T17:36:09.215+0000] {dag.py:4180} INFO - Setting next_dagrun for example_trigger_target_dag to None, run_after=None
[2026-06-13T17:36:09.231+0000] {processor.py:208} INFO - Processing /home/airflow/.local/lib/python3.12/site-packages/airflow/example_dags/example_trigger_target_dag.py took 0.059 seconds
[2026-06-13T17:36:39.414+0000] {processor.py:186} INFO - Started process (PID=5604) to work on /home/airflow/.local/lib/python3.12/site-packages/airflow/example_dags/example_trigger_target_dag.py
[2026-06-13T17:36:39.415+0000] {processor.py:914} INFO - Processing file /home/airflow/.local/lib/python3.12/site-packages/airflow/example_dags/example_trigger_target_dag.py for tasks to queue
[2026-06-13T17:36:39.417+0000] {logging_mixin.py:190} INFO - [2026-06-13T17:36:39.417+0000] {dagbag.py:588} INFO - Filling up the DagBag from /home/airflow/.local/lib/python3.12/site-packages/airflow/example_dags/example_trigger_target_dag.py
[2026-06-13T17:36:39.424+0000] {processor.py:925} INFO - DAG(s) 'example_trigger_target_dag' retrieved from /home/airflow/.local/lib/python3.12/site-packages/airflow/example_dags/example_trigger_target_dag.py
[2026-06-13T17:36:39.441+0000] {logging_mixin.py:190} INFO - [2026-06-13T17:36:39.441+0000] {dag.py:3239} INFO - Sync 1 DAGs
[2026-06-13T17:36:39.453+0000] {logging_mixin.py:190} INFO - [2026-06-13T17:36:39.453+0000] {dag.py:4180} INFO - Setting next_dagrun for example_trigger_target_dag to None, run_after=None
[2026-06-13T17:36:39.471+0000] {processor.py:208} INFO - Processing /home/airflow/.local/lib/python3.12/site-packages/airflow/example_dags/example_trigger_target_dag.py took 0.061 seconds
[2026-06-13T17:37:09.841+0000] {processor.py:186} INFO - Started process (PID=5665) to work on /home/airflow/.local/lib/python3.12/site-packages/airflow/example_dags/example_trigger_target_dag.py
[2026-06-13T17:37:09.842+0000] {processor.py:914} INFO - Processing file /home/airflow/.local/lib/python3.12/site-packages/airflow/example_dags/example_trigger_target_dag.py for tasks to queue
[2026-06-13T17:37:09.845+0000] {logging_mixin.py:190} INFO - [2026-06-13T17:37:09.844+0000] {dagbag.py:588} INFO - Filling up the DagBag from /home/airflow/.local/lib/python3.12/site-packages/airflow/example_dags/example_trigger_target_dag.py
[2026-06-13T17:37:09.851+0000] {processor.py:925} INFO - DAG(s) 'example_trigger_target_dag' retrieved from /home/airflow/.local/lib/python3.12/site-packages/airflow/example_dags/example_trigger_target_dag.py
[2026-06-13T17:37:09.870+0000] {logging_mixin.py:190} INFO - [2026-06-13T17:37:09.869+0000] {dag.py:3239} INFO - Sync 1 DAGs
[2026-06-13T17:37:09.881+0000] {logging_mixin.py:190} INFO - [2026-06-13T17:37:09.881+0000] {dag.py:4180} INFO - Setting next_dagrun for example_trigger_target_dag to None, run_after=None
[2026-06-13T17:37:09.901+0000] {processor.py:208} INFO - Processing /home/airflow/.local/lib/python3.12/site-packages/airflow/example_dags/example_trigger_target_dag.py took 0.066 seconds
[2026-06-13T17:37:40.041+0000] {processor.py:186} INFO - Started process (PID=5727) to work on /home/airflow/.local/lib/python3.12/site-packages/airflow/example_dags/example_trigger_target_dag.py
[2026-06-13T17:37:40.043+0000] {processor.py:914} INFO - Processing file /home/airflow/.local/lib/python3.12/site-packages/airflow/example_dags/example_trigger_target_dag.py for tasks to queue
[2026-06-13T17:37:40.046+0000] {logging_mixin.py:190} INFO - [2026-06-13T17:37:40.045+0000] {dagbag.py:588} INFO - Filling up the DagBag from /home/airflow/.local/lib/python3.12/site-packages/airflow/example_dags/example_trigger_target_dag.py
[2026-06-13T17:37:40.056+0000] {processor.py:925} INFO - DAG(s) 'example_trigger_target_dag' retrieved from /home/airflow/.local/lib/python3.12/site-packages/airflow/example_dags/example_trigger_target_dag.py
[2026-06-13T17:37:40.077+0000] {logging_mixin.py:190} INFO - [2026-06-13T17:37:40.077+0000] {dag.py:3239} INFO - Sync 1 DAGs
[2026-06-13T17:37:40.094+0000] {logging_mixin.py:190} INFO - [2026-06-13T17:37:40.094+0000] {dag.py:4180} INFO - Setting next_dagrun for example_trigger_target_dag to None, run_after=None
[2026-06-13T17:37:40.118+0000] {processor.py:208} INFO - Processing /home/airflow/.local/lib/python3.12/site-packages/airflow/example_dags/example_trigger_target_dag.py took 0.084 seconds
[2026-06-13T17:38:10.470+0000] {processor.py:186} INFO - Started process (PID=5789) to work on /home/airflow/.local/lib/python3.12/site-packages/airflow/example_dags/example_trigger_target_dag.py
[2026-06-13T17:38:10.472+0000] {processor.py:914} INFO - Processing file /home/airflow/.local/lib/python3.12/site-packages/airflow/example_dags/example_trigger_target_dag.py for tasks to queue
[2026-06-13T17:38:10.474+0000] {logging_mixin.py:190} INFO - [2026-06-13T17:38:10.474+0000] {dagbag.py:588} INFO - Filling up the DagBag from /home/airflow/.local/lib/python3.12/site-packages/airflow/example_dags/example_trigger_target_dag.py
[2026-06-13T17:38:10.480+0000] {processor.py:925} INFO - DAG(s) 'example_trigger_target_dag' retrieved from /home/airflow/.local/lib/python3.12/site-packages/airflow/example_dags/example_trigger_target_dag.py
[2026-06-13T17:38:10.497+0000] {logging_mixin.py:190} INFO - [2026-06-13T17:38:10.497+0000] {dag.py:3239} INFO - Sync 1 DAGs
[2026-06-13T17:38:10.508+0000] {logging_mixin.py:190} INFO - [2026-06-13T17:38:10.508+0000] {dag.py:4180} INFO - Setting next_dagrun for example_trigger_target_dag to None, run_after=None
[2026-06-13T17:38:10.527+0000] {processor.py:208} INFO - Processing /home/airflow/.local/lib/python3.12/site-packages/airflow/example_dags/example_trigger_target_dag.py took 0.062 seconds
[2026-06-13T17:38:40.845+0000] {processor.py:186} INFO - Started process (PID=5851) to work on /home/airflow/.local/lib/python3.12/site-packages/airflow/example_dags/example_trigger_target_dag.py
[2026-06-13T17:38:40.847+0000] {processor.py:914} INFO - Processing file /home/airflow/.local/lib/python3.12/site-packages/airflow/example_dags/example_trigger_target_dag.py for tasks to queue
[2026-06-13T17:38:40.849+0000] {logging_mixin.py:190} INFO - [2026-06-13T17:38:40.849+0000] {dagbag.py:588} INFO - Filling up the DagBag from /home/airflow/.local/lib/python3.12/site-packages/airflow/example_dags/example_trigger_target_dag.py
[2026-06-13T17:38:40.855+0000] {processor.py:925} INFO - DAG(s) 'example_trigger_target_dag' retrieved from /home/airflow/.local/lib/python3.12/site-packages/airflow/example_dags/example_trigger_target_dag.py
[2026-06-13T17:38:40.872+0000] {logging_mixin.py:190} INFO - [2026-06-13T17:38:40.872+0000] {dag.py:3239} INFO - Sync 1 DAGs
[2026-06-13T17:38:40.883+0000] {logging_mixin.py:190} INFO - [2026-06-13T17:38:40.882+0000] {dag.py:4180} INFO - Setting next_dagrun for example_trigger_target_dag to None, run_after=None
[2026-06-13T17:38:40.898+0000] {processor.py:208} INFO - Processing /home/airflow/.local/lib/python3.12/site-packages/airflow/example_dags/example_trigger_target_dag.py took 0.057 seconds
[2026-06-13T17:39:11.100+0000] {processor.py:186} INFO - Started process (PID=5913) to work on /home/airflow/.local/lib/python3.12/site-packages/airflow/example_dags/example_trigger_target_dag.py
[2026-06-13T17:39:11.101+0000] {processor.py:914} INFO - Processing file /home/airflow/.local/lib/python3.12/site-packages/airflow/example_dags/example_trigger_target_dag.py for tasks to queue
[2026-06-13T17:39:11.105+0000] {logging_mixin.py:190} INFO - [2026-06-13T17:39:11.104+0000] {dagbag.py:588} INFO - Filling up the DagBag from /home/airflow/.local/lib/python3.12/site-packages/airflow/example_dags/example_trigger_target_dag.py
[2026-06-13T17:39:11.117+0000] {processor.py:925} INFO - DAG(s) 'example_trigger_target_dag' retrieved from /home/airflow/.local/lib/python3.12/site-packages/airflow/example_dags/example_trigger_target_dag.py
[2026-06-13T17:39:11.151+0000] {logging_mixin.py:190} INFO - [2026-06-13T17:39:11.150+0000] {dag.py:3239} INFO - Sync 1 DAGs
[2026-06-13T17:39:11.175+0000] {logging_mixin.py:190} INFO - [2026-06-13T17:39:11.174+0000] {dag.py:4180} INFO - Setting next_dagrun for example_trigger_target_dag to None, run_after=None
[2026-06-13T17:39:11.204+0000] {processor.py:208} INFO - Processing /home/airflow/.local/lib/python3.12/site-packages/airflow/example_dags/example_trigger_target_dag.py took 0.112 seconds
[2026-06-13T17:39:41.580+0000] {processor.py:186} INFO - Started process (PID=5975) to work on /home/airflow/.local/lib/python3.12/site-packages/airflow/example_dags/example_trigger_target_dag.py
[2026-06-13T17:39:41.582+0000] {processor.py:914} INFO - Processing file /home/airflow/.local/lib/python3.12/site-packages/airflow/example_dags/example_trigger_target_dag.py for tasks to queue
[2026-06-13T17:39:41.584+0000] {logging_mixin.py:190} INFO - [2026-06-13T17:39:41.584+0000] {dagbag.py:588} INFO - Filling up the DagBag from /home/airflow/.local/lib/python3.12/site-packages/airflow/example_dags/example_trigger_target_dag.py
[2026-06-13T17:39:41.590+0000] {processor.py:925} INFO - DAG(s) 'example_trigger_target_dag' retrieved from /home/airflow/.local/lib/python3.12/site-packages/airflow/example_dags/example_trigger_target_dag.py
[2026-06-13T17:39:41.607+0000] {logging_mixin.py:190} INFO - [2026-06-13T17:39:41.607+0000] {dag.py:3239} INFO - Sync 1 DAGs
[2026-06-13T17:39:41.617+0000] {logging_mixin.py:190} INFO - [2026-06-13T17:39:41.617+0000] {dag.py:4180} INFO - Setting next_dagrun for example_trigger_target_dag to None, run_after=None
[2026-06-13T17:39:41.635+0000] {processor.py:208} INFO - Processing /home/airflow/.local/lib/python3.12/site-packages/airflow/example_dags/example_trigger_target_dag.py took 0.059 seconds
[2026-06-13T17:40:11.753+0000] {processor.py:186} INFO - Started process (PID=6037) to work on /home/airflow/.local/lib/python3.12/site-packages/airflow/example_dags/example_trigger_target_dag.py
[2026-06-13T17:40:11.754+0000] {processor.py:914} INFO - Processing file /home/airflow/.local/lib/python3.12/site-packages/airflow/example_dags/example_trigger_target_dag.py for tasks to queue
[2026-06-13T17:40:11.756+0000] {logging_mixin.py:190} INFO - [2026-06-13T17:40:11.756+0000] {dagbag.py:588} INFO - Filling up the DagBag from /home/airflow/.local/lib/python3.12/site-packages/airflow/example_dags/example_trigger_target_dag.py
[2026-06-13T17:40:11.762+0000] {processor.py:925} INFO - DAG(s) 'example_trigger_target_dag' retrieved from /home/airflow/.local/lib/python3.12/site-packages/airflow/example_dags/example_trigger_target_dag.py
[2026-06-13T17:40:11.778+0000] {logging_mixin.py:190} INFO - [2026-06-13T17:40:11.778+0000] {dag.py:3239} INFO - Sync 1 DAGs
[2026-06-13T17:40:11.790+0000] {logging_mixin.py:190} INFO - [2026-06-13T17:40:11.790+0000] {dag.py:4180} INFO - Setting next_dagrun for example_trigger_target_dag to None, run_after=None
[2026-06-13T17:40:11.809+0000] {processor.py:208} INFO - Processing /home/airflow/.local/lib/python3.12/site-packages/airflow/example_dags/example_trigger_target_dag.py took 0.061 seconds
[2026-06-13T17:40:42.146+0000] {processor.py:186} INFO - Started process (PID=6099) to work on /home/airflow/.local/lib/python3.12/site-packages/airflow/example_dags/example_trigger_target_dag.py
[2026-06-13T17:40:42.148+0000] {processor.py:914} INFO - Processing file /home/airflow/.local/lib/python3.12/site-packages/airflow/example_dags/example_trigger_target_dag.py for tasks to queue
[2026-06-13T17:40:42.150+0000] {logging_mixin.py:190} INFO - [2026-06-13T17:40:42.149+0000] {dagbag.py:588} INFO - Filling up the DagBag from /home/airflow/.local/lib/python3.12/site-packages/airflow/example_dags/example_trigger_target_dag.py
[2026-06-13T17:40:42.156+0000] {processor.py:925} INFO - DAG(s) 'example_trigger_target_dag' retrieved from /home/airflow/.local/lib/python3.12/site-packages/airflow/example_dags/example_trigger_target_dag.py
[2026-06-13T17:40:42.175+0000] {logging_mixin.py:190} INFO - [2026-06-13T17:40:42.174+0000] {dag.py:3239} INFO - Sync 1 DAGs
[2026-06-13T17:40:42.188+0000] {logging_mixin.py:190} INFO - [2026-06-13T17:40:42.188+0000] {dag.py:4180} INFO - Setting next_dagrun for example_trigger_target_dag to None, run_after=None
[2026-06-13T17:40:42.211+0000] {processor.py:208} INFO - Processing /home/airflow/.local/lib/python3.12/site-packages/airflow/example_dags/example_trigger_target_dag.py took 0.069 seconds
[2026-06-13T17:41:12.587+0000] {processor.py:186} INFO - Started process (PID=6161) to work on /home/airflow/.local/lib/python3.12/site-packages/airflow/example_dags/example_trigger_target_dag.py
[2026-06-13T17:41:12.588+0000] {processor.py:914} INFO - Processing file /home/airflow/.local/lib/python3.12/site-packages/airflow/example_dags/example_trigger_target_dag.py for tasks to queue
[2026-06-13T17:41:12.591+0000] {logging_mixin.py:190} INFO - [2026-06-13T17:41:12.590+0000] {dagbag.py:588} INFO - Filling up the DagBag from /home/airflow/.local/lib/python3.12/site-packages/airflow/example_dags/example_trigger_target_dag.py
[2026-06-13T17:41:12.598+0000] {processor.py:925} INFO - DAG(s) 'example_trigger_target_dag' retrieved from /home/airflow/.local/lib/python3.12/site-packages/airflow/example_dags/example_trigger_target_dag.py
[2026-06-13T17:41:12.614+0000] {logging_mixin.py:190} INFO - [2026-06-13T17:41:12.614+0000] {dag.py:3239} INFO - Sync 1 DAGs
[2026-06-13T17:41:12.625+0000] {logging_mixin.py:190} INFO - [2026-06-13T17:41:12.624+0000] {dag.py:4180} INFO - Setting next_dagrun for example_trigger_target_dag to None, run_after=None
[2026-06-13T17:41:12.643+0000] {processor.py:208} INFO - Processing /home/airflow/.local/lib/python3.12/site-packages/airflow/example_dags/example_trigger_target_dag.py took 0.060 seconds
[2026-06-13T17:41:42.844+0000] {processor.py:186} INFO - Started process (PID=6223) to work on /home/airflow/.local/lib/python3.12/site-packages/airflow/example_dags/example_trigger_target_dag.py
[2026-06-13T17:41:42.845+0000] {processor.py:914} INFO - Processing file /home/airflow/.local/lib/python3.12/site-packages/airflow/example_dags/example_trigger_target_dag.py for tasks to queue
[2026-06-13T17:41:42.847+0000] {logging_mixin.py:190} INFO - [2026-06-13T17:41:42.847+0000] {dagbag.py:588} INFO - Filling up the DagBag from /home/airflow/.local/lib/python3.12/site-packages/airflow/example_dags/example_trigger_target_dag.py
[2026-06-13T17:41:42.854+0000] {processor.py:925} INFO - DAG(s) 'example_trigger_target_dag' retrieved from /home/airflow/.local/lib/python3.12/site-packages/airflow/example_dags/example_trigger_target_dag.py
[2026-06-13T17:41:42.874+0000] {logging_mixin.py:190} INFO - [2026-06-13T17:41:42.873+0000] {dag.py:3239} INFO - Sync 1 DAGs
[2026-06-13T17:41:42.884+0000] {logging_mixin.py:190} INFO - [2026-06-13T17:41:42.883+0000] {dag.py:4180} INFO - Setting next_dagrun for example_trigger_target_dag to None, run_after=None
[2026-06-13T17:41:42.901+0000] {processor.py:208} INFO - Processing /home/airflow/.local/lib/python3.12/site-packages/airflow/example_dags/example_trigger_target_dag.py took 0.061 seconds
[2026-06-13T17:42:12.938+0000] {processor.py:186} INFO - Started process (PID=6284) to work on /home/airflow/.local/lib/python3.12/site-packages/airflow/example_dags/example_trigger_target_dag.py
[2026-06-13T17:42:12.939+0000] {processor.py:914} INFO - Processing file /home/airflow/.local/lib/python3.12/site-packages/airflow/example_dags/example_trigger_target_dag.py for tasks to queue
[2026-06-13T17:42:12.941+0000] {logging_mixin.py:190} INFO - [2026-06-13T17:42:12.941+0000] {dagbag.py:588} INFO - Filling up the DagBag from /home/airflow/.local/lib/python3.12/site-packages/airflow/example_dags/example_trigger_target_dag.py
[2026-06-13T17:42:12.947+0000] {processor.py:925} INFO - DAG(s) 'example_trigger_target_dag' retrieved from /home/airflow/.local/lib/python3.12/site-packages/airflow/example_dags/example_trigger_target_dag.py
[2026-06-13T17:42:12.964+0000] {logging_mixin.py:190} INFO - [2026-06-13T17:42:12.964+0000] {dag.py:3239} INFO - Sync 1 DAGs
[2026-06-13T17:42:12.975+0000] {logging_mixin.py:190} INFO - [2026-06-13T17:42:12.975+0000] {dag.py:4180} INFO - Setting next_dagrun for example_trigger_target_dag to None, run_after=None
[2026-06-13T17:42:12.990+0000] {processor.py:208} INFO - Processing /home/airflow/.local/lib/python3.12/site-packages/airflow/example_dags/example_trigger_target_dag.py took 0.056 seconds
[2026-06-13T17:42:43.439+0000] {processor.py:186} INFO - Started process (PID=6347) to work on /home/airflow/.local/lib/python3.12/site-packages/airflow/example_dags/example_trigger_target_dag.py
[2026-06-13T17:42:43.441+0000] {processor.py:914} INFO - Processing file /home/airflow/.local/lib/python3.12/site-packages/airflow/example_dags/example_trigger_target_dag.py for tasks to queue
[2026-06-13T17:42:43.443+0000] {logging_mixin.py:190} INFO - [2026-06-13T17:42:43.442+0000] {dagbag.py:588} INFO - Filling up the DagBag from /home/airflow/.local/lib/python3.12/site-packages/airflow/example_dags/example_trigger_target_dag.py
[2026-06-13T17:42:43.449+0000] {processor.py:925} INFO - DAG(s) 'example_trigger_target_dag' retrieved from /home/airflow/.local/lib/python3.12/site-packages/airflow/example_dags/example_trigger_target_dag.py
[2026-06-13T17:42:43.464+0000] {logging_mixin.py:190} INFO - [2026-06-13T17:42:43.464+0000] {dag.py:3239} INFO - Sync 1 DAGs
[2026-06-13T17:42:43.475+0000] {logging_mixin.py:190} INFO - [2026-06-13T17:42:43.475+0000] {dag.py:4180} INFO - Setting next_dagrun for example_trigger_target_dag to None, run_after=None
[2026-06-13T17:42:43.494+0000] {processor.py:208} INFO - Processing /home/airflow/.local/lib/python3.12/site-packages/airflow/example_dags/example_trigger_target_dag.py took 0.059 seconds
[2026-06-13T17:43:13.762+0000] {processor.py:186} INFO - Started process (PID=6409) to work on /home/airflow/.local/lib/python3.12/site-packages/airflow/example_dags/example_trigger_target_dag.py
[2026-06-13T17:43:13.764+0000] {processor.py:914} INFO - Processing file /home/airflow/.local/lib/python3.12/site-packages/airflow/example_dags/example_trigger_target_dag.py for tasks to queue
[2026-06-13T17:43:13.766+0000] {logging_mixin.py:190} INFO - [2026-06-13T17:43:13.766+0000] {dagbag.py:588} INFO - Filling up the DagBag from /home/airflow/.local/lib/python3.12/site-packages/airflow/example_dags/example_trigger_target_dag.py
[2026-06-13T17:43:13.773+0000] {processor.py:925} INFO - DAG(s) 'example_trigger_target_dag' retrieved from /home/airflow/.local/lib/python3.12/site-packages/airflow/example_dags/example_trigger_target_dag.py
[2026-06-13T17:43:13.789+0000] {logging_mixin.py:190} INFO - [2026-06-13T17:43:13.789+0000] {dag.py:3239} INFO - Sync 1 DAGs
[2026-06-13T17:43:13.801+0000] {logging_mixin.py:190} INFO - [2026-06-13T17:43:13.801+0000] {dag.py:4180} INFO - Setting next_dagrun for example_trigger_target_dag to None, run_after=None
[2026-06-13T17:43:13.820+0000] {processor.py:208} INFO - Processing /home/airflow/.local/lib/python3.12/site-packages/airflow/example_dags/example_trigger_target_dag.py took 0.063 seconds
[2026-06-13T17:43:44.150+0000] {processor.py:186} INFO - Started process (PID=6471) to work on /home/airflow/.local/lib/python3.12/site-packages/airflow/example_dags/example_trigger_target_dag.py
[2026-06-13T17:43:44.151+0000] {processor.py:914} INFO - Processing file /home/airflow/.local/lib/python3.12/site-packages/airflow/example_dags/example_trigger_target_dag.py for tasks to queue
[2026-06-13T17:43:44.153+0000] {logging_mixin.py:190} INFO - [2026-06-13T17:43:44.153+0000] {dagbag.py:588} INFO - Filling up the DagBag from /home/airflow/.local/lib/python3.12/site-packages/airflow/example_dags/example_trigger_target_dag.py
[2026-06-13T17:43:44.160+0000] {processor.py:925} INFO - DAG(s) 'example_trigger_target_dag' retrieved from /home/airflow/.local/lib/python3.12/site-packages/airflow/example_dags/example_trigger_target_dag.py
[2026-06-13T17:43:44.176+0000] {logging_mixin.py:190} INFO - [2026-06-13T17:43:44.176+0000] {dag.py:3239} INFO - Sync 1 DAGs
[2026-06-13T17:43:44.188+0000] {logging_mixin.py:190} INFO - [2026-06-13T17:43:44.188+0000] {dag.py:4180} INFO - Setting next_dagrun for example_trigger_target_dag to None, run_after=None
[2026-06-13T17:43:44.207+0000] {processor.py:208} INFO - Processing /home/airflow/.local/lib/python3.12/site-packages/airflow/example_dags/example_trigger_target_dag.py took 0.062 seconds
[2026-06-13T17:44:14.370+0000] {processor.py:186} INFO - Started process (PID=6533) to work on /home/airflow/.local/lib/python3.12/site-packages/airflow/example_dags/example_trigger_target_dag.py
[2026-06-13T17:44:14.371+0000] {processor.py:914} INFO - Processing file /home/airflow/.local/lib/python3.12/site-packages/airflow/example_dags/example_trigger_target_dag.py for tasks to queue
[2026-06-13T17:44:14.375+0000] {logging_mixin.py:190} INFO - [2026-06-13T17:44:14.374+0000] {dagbag.py:588} INFO - Filling up the DagBag from /home/airflow/.local/lib/python3.12/site-packages/airflow/example_dags/example_trigger_target_dag.py
[2026-06-13T17:44:14.381+0000] {processor.py:925} INFO - DAG(s) 'example_trigger_target_dag' retrieved from /home/airflow/.local/lib/python3.12/site-packages/airflow/example_dags/example_trigger_target_dag.py
[2026-06-13T17:44:14.399+0000] {logging_mixin.py:190} INFO - [2026-06-13T17:44:14.399+0000] {dag.py:3239} INFO - Sync 1 DAGs
[2026-06-13T17:44:14.412+0000] {logging_mixin.py:190} INFO - [2026-06-13T17:44:14.412+0000] {dag.py:4180} INFO - Setting next_dagrun for example_trigger_target_dag to None, run_after=None
[2026-06-13T17:44:14.431+0000] {processor.py:208} INFO - Processing /home/airflow/.local/lib/python3.12/site-packages/airflow/example_dags/example_trigger_target_dag.py took 0.067 seconds
[2026-06-13T17:44:44.503+0000] {processor.py:186} INFO - Started process (PID=6595) to work on /home/airflow/.local/lib/python3.12/site-packages/airflow/example_dags/example_trigger_target_dag.py
[2026-06-13T17:44:44.505+0000] {processor.py:914} INFO - Processing file /home/airflow/.local/lib/python3.12/site-packages/airflow/example_dags/example_trigger_target_dag.py for tasks to queue
[2026-06-13T17:44:44.507+0000] {logging_mixin.py:190} INFO - [2026-06-13T17:44:44.506+0000] {dagbag.py:588} INFO - Filling up the DagBag from /home/airflow/.local/lib/python3.12/site-packages/airflow/example_dags/example_trigger_target_dag.py
[2026-06-13T17:44:44.514+0000] {processor.py:925} INFO - DAG(s) 'example_trigger_target_dag' retrieved from /home/airflow/.local/lib/python3.12/site-packages/airflow/example_dags/example_trigger_target_dag.py
[2026-06-13T17:44:44.530+0000] {logging_mixin.py:190} INFO - [2026-06-13T17:44:44.530+0000] {dag.py:3239} INFO - Sync 1 DAGs
[2026-06-13T17:44:44.542+0000] {logging_mixin.py:190} INFO - [2026-06-13T17:44:44.542+0000] {dag.py:4180} INFO - Setting next_dagrun for example_trigger_target_dag to None, run_after=None
[2026-06-13T17:44:44.560+0000] {processor.py:208} INFO - Processing /home/airflow/.local/lib/python3.12/site-packages/airflow/example_dags/example_trigger_target_dag.py took 0.062 seconds
[2026-06-13T17:45:14.958+0000] {processor.py:186} INFO - Started process (PID=6657) to work on /home/airflow/.local/lib/python3.12/site-packages/airflow/example_dags/example_trigger_target_dag.py
[2026-06-13T17:45:14.959+0000] {processor.py:914} INFO - Processing file /home/airflow/.local/lib/python3.12/site-packages/airflow/example_dags/example_trigger_target_dag.py for tasks to queue
[2026-06-13T17:45:14.962+0000] {logging_mixin.py:190} INFO - [2026-06-13T17:45:14.962+0000] {dagbag.py:588} INFO - Filling up the DagBag from /home/airflow/.local/lib/python3.12/site-packages/airflow/example_dags/example_trigger_target_dag.py
[2026-06-13T17:45:14.968+0000] {processor.py:925} INFO - DAG(s) 'example_trigger_target_dag' retrieved from /home/airflow/.local/lib/python3.12/site-packages/airflow/example_dags/example_trigger_target_dag.py
[2026-06-13T17:45:14.984+0000] {logging_mixin.py:190} INFO - [2026-06-13T17:45:14.984+0000] {dag.py:3239} INFO - Sync 1 DAGs
[2026-06-13T17:45:14.996+0000] {logging_mixin.py:190} INFO - [2026-06-13T17:45:14.996+0000] {dag.py:4180} INFO - Setting next_dagrun for example_trigger_target_dag to None, run_after=None
[2026-06-13T17:45:15.014+0000] {processor.py:208} INFO - Processing /home/airflow/.local/lib/python3.12/site-packages/airflow/example_dags/example_trigger_target_dag.py took 0.060 seconds
[2026-06-13T17:45:45.705+0000] {processor.py:186} INFO - Started process (PID=6719) to work on /home/airflow/.local/lib/python3.12/site-packages/airflow/example_dags/example_trigger_target_dag.py
[2026-06-13T17:45:45.707+0000] {processor.py:914} INFO - Processing file /home/airflow/.local/lib/python3.12/site-packages/airflow/example_dags/example_trigger_target_dag.py for tasks to queue
[2026-06-13T17:45:45.710+0000] {logging_mixin.py:190} INFO - [2026-06-13T17:45:45.709+0000] {dagbag.py:588} INFO - Filling up the DagBag from /home/airflow/.local/lib/python3.12/site-packages/airflow/example_dags/example_trigger_target_dag.py
[2026-06-13T17:45:45.716+0000] {processor.py:925} INFO - DAG(s) 'example_trigger_target_dag' retrieved from /home/airflow/.local/lib/python3.12/site-packages/airflow/example_dags/example_trigger_target_dag.py
[2026-06-13T17:45:45.732+0000] {logging_mixin.py:190} INFO - [2026-06-13T17:45:45.732+0000] {dag.py:3239} INFO - Sync 1 DAGs
[2026-06-13T17:45:45.744+0000] {logging_mixin.py:190} INFO - [2026-06-13T17:45:45.744+0000] {dag.py:4180} INFO - Setting next_dagrun for example_trigger_target_dag to None, run_after=None
[2026-06-13T17:45:45.760+0000] {processor.py:208} INFO - Processing /home/airflow/.local/lib/python3.12/site-packages/airflow/example_dags/example_trigger_target_dag.py took 0.061 seconds
[2026-06-13T17:46:16.231+0000] {processor.py:186} INFO - Started process (PID=6781) to work on /home/airflow/.local/lib/python3.12/site-packages/airflow/example_dags/example_trigger_target_dag.py
[2026-06-13T17:46:16.232+0000] {processor.py:914} INFO - Processing file /home/airflow/.local/lib/python3.12/site-packages/airflow/example_dags/example_trigger_target_dag.py for tasks to queue
[2026-06-13T17:46:16.236+0000] {logging_mixin.py:190} INFO - [2026-06-13T17:46:16.235+0000] {dagbag.py:588} INFO - Filling up the DagBag from /home/airflow/.local/lib/python3.12/site-packages/airflow/example_dags/example_trigger_target_dag.py
[2026-06-13T17:46:16.242+0000] {processor.py:925} INFO - DAG(s) 'example_trigger_target_dag' retrieved from /home/airflow/.local/lib/python3.12/site-packages/airflow/example_dags/example_trigger_target_dag.py
[2026-06-13T17:46:16.258+0000] {logging_mixin.py:190} INFO - [2026-06-13T17:46:16.258+0000] {dag.py:3239} INFO - Sync 1 DAGs
[2026-06-13T17:46:16.269+0000] {logging_mixin.py:190} INFO - [2026-06-13T17:46:16.269+0000] {dag.py:4180} INFO - Setting next_dagrun for example_trigger_target_dag to None, run_after=None
[2026-06-13T17:46:16.288+0000] {processor.py:208} INFO - Processing /home/airflow/.local/lib/python3.12/site-packages/airflow/example_dags/example_trigger_target_dag.py took 0.062 seconds
[2026-06-13T17:46:46.752+0000] {processor.py:186} INFO - Started process (PID=6843) to work on /home/airflow/.local/lib/python3.12/site-packages/airflow/example_dags/example_trigger_target_dag.py
[2026-06-13T17:46:46.755+0000] {processor.py:914} INFO - Processing file /home/airflow/.local/lib/python3.12/site-packages/airflow/example_dags/example_trigger_target_dag.py for tasks to queue
[2026-06-13T17:46:46.759+0000] {logging_mixin.py:190} INFO - [2026-06-13T17:46:46.758+0000] {dagbag.py:588} INFO - Filling up the DagBag from /home/airflow/.local/lib/python3.12/site-packages/airflow/example_dags/example_trigger_target_dag.py
[2026-06-13T17:46:46.775+0000] {processor.py:925} INFO - DAG(s) 'example_trigger_target_dag' retrieved from /home/airflow/.local/lib/python3.12/site-packages/airflow/example_dags/example_trigger_target_dag.py
[2026-06-13T17:46:46.806+0000] {logging_mixin.py:190} INFO - [2026-06-13T17:46:46.805+0000] {dag.py:3239} INFO - Sync 1 DAGs
[2026-06-13T17:46:46.830+0000] {logging_mixin.py:190} INFO - [2026-06-13T17:46:46.829+0000] {dag.py:4180} INFO - Setting next_dagrun for example_trigger_target_dag to None, run_after=None
[2026-06-13T17:46:46.863+0000] {processor.py:208} INFO - Processing /home/airflow/.local/lib/python3.12/site-packages/airflow/example_dags/example_trigger_target_dag.py took 0.120 seconds
[2026-06-13T17:47:17.050+0000] {processor.py:186} INFO - Started process (PID=6905) to work on /home/airflow/.local/lib/python3.12/site-packages/airflow/example_dags/example_trigger_target_dag.py
[2026-06-13T17:47:17.051+0000] {processor.py:914} INFO - Processing file /home/airflow/.local/lib/python3.12/site-packages/airflow/example_dags/example_trigger_target_dag.py for tasks to queue
[2026-06-13T17:47:17.053+0000] {logging_mixin.py:190} INFO - [2026-06-13T17:47:17.053+0000] {dagbag.py:588} INFO - Filling up the DagBag from /home/airflow/.local/lib/python3.12/site-packages/airflow/example_dags/example_trigger_target_dag.py
[2026-06-13T17:47:17.060+0000] {processor.py:925} INFO - DAG(s) 'example_trigger_target_dag' retrieved from /home/airflow/.local/lib/python3.12/site-packages/airflow/example_dags/example_trigger_target_dag.py
[2026-06-13T17:47:17.077+0000] {logging_mixin.py:190} INFO - [2026-06-13T17:47:17.076+0000] {dag.py:3239} INFO - Sync 1 DAGs
[2026-06-13T17:47:17.091+0000] {logging_mixin.py:190} INFO - [2026-06-13T17:47:17.090+0000] {dag.py:4180} INFO - Setting next_dagrun for example_trigger_target_dag to None, run_after=None
[2026-06-13T17:47:17.123+0000] {processor.py:208} INFO - Processing /home/airflow/.local/lib/python3.12/site-packages/airflow/example_dags/example_trigger_target_dag.py took 0.078 seconds
[2026-06-13T17:47:47.494+0000] {processor.py:186} INFO - Started process (PID=6967) to work on /home/airflow/.local/lib/python3.12/site-packages/airflow/example_dags/example_trigger_target_dag.py
[2026-06-13T17:47:47.495+0000] {processor.py:914} INFO - Processing file /home/airflow/.local/lib/python3.12/site-packages/airflow/example_dags/example_trigger_target_dag.py for tasks to queue
[2026-06-13T17:47:47.498+0000] {logging_mixin.py:190} INFO - [2026-06-13T17:47:47.497+0000] {dagbag.py:588} INFO - Filling up the DagBag from /home/airflow/.local/lib/python3.12/site-packages/airflow/example_dags/example_trigger_target_dag.py
[2026-06-13T17:47:47.504+0000] {processor.py:925} INFO - DAG(s) 'example_trigger_target_dag' retrieved from /home/airflow/.local/lib/python3.12/site-packages/airflow/example_dags/example_trigger_target_dag.py
[2026-06-13T17:47:47.520+0000] {logging_mixin.py:190} INFO - [2026-06-13T17:47:47.520+0000] {dag.py:3239} INFO - Sync 1 DAGs
[2026-06-13T17:47:47.531+0000] {logging_mixin.py:190} INFO - [2026-06-13T17:47:47.531+0000] {dag.py:4180} INFO - Setting next_dagrun for example_trigger_target_dag to None, run_after=None
[2026-06-13T17:47:47.550+0000] {processor.py:208} INFO - Processing /home/airflow/.local/lib/python3.12/site-packages/airflow/example_dags/example_trigger_target_dag.py took 0.061 seconds
[2026-06-13T17:48:18.072+0000] {processor.py:186} INFO - Started process (PID=7029) to work on /home/airflow/.local/lib/python3.12/site-packages/airflow/example_dags/example_trigger_target_dag.py
[2026-06-13T17:48:18.073+0000] {processor.py:914} INFO - Processing file /home/airflow/.local/lib/python3.12/site-packages/airflow/example_dags/example_trigger_target_dag.py for tasks to queue
[2026-06-13T17:48:18.076+0000] {logging_mixin.py:190} INFO - [2026-06-13T17:48:18.075+0000] {dagbag.py:588} INFO - Filling up the DagBag from /home/airflow/.local/lib/python3.12/site-packages/airflow/example_dags/example_trigger_target_dag.py
[2026-06-13T17:48:18.083+0000] {processor.py:925} INFO - DAG(s) 'example_trigger_target_dag' retrieved from /home/airflow/.local/lib/python3.12/site-packages/airflow/example_dags/example_trigger_target_dag.py
[2026-06-13T17:48:18.101+0000] {logging_mixin.py:190} INFO - [2026-06-13T17:48:18.101+0000] {dag.py:3239} INFO - Sync 1 DAGs
[2026-06-13T17:48:18.113+0000] {logging_mixin.py:190} INFO - [2026-06-13T17:48:18.113+0000] {dag.py:4180} INFO - Setting next_dagrun for example_trigger_target_dag to None, run_after=None
[2026-06-13T17:48:18.137+0000] {processor.py:208} INFO - Processing /home/airflow/.local/lib/python3.12/site-packages/airflow/example_dags/example_trigger_target_dag.py took 0.070 seconds
[2026-06-13T17:48:48.723+0000] {processor.py:186} INFO - Started process (PID=7091) to work on /home/airflow/.local/lib/python3.12/site-packages/airflow/example_dags/example_trigger_target_dag.py
[2026-06-13T17:48:48.724+0000] {processor.py:914} INFO - Processing file /home/airflow/.local/lib/python3.12/site-packages/airflow/example_dags/example_trigger_target_dag.py for tasks to queue
[2026-06-13T17:48:48.727+0000] {logging_mixin.py:190} INFO - [2026-06-13T17:48:48.727+0000] {dagbag.py:588} INFO - Filling up the DagBag from /home/airflow/.local/lib/python3.12/site-packages/airflow/example_dags/example_trigger_target_dag.py
[2026-06-13T17:48:48.734+0000] {processor.py:925} INFO - DAG(s) 'example_trigger_target_dag' retrieved from /home/airflow/.local/lib/python3.12/site-packages/airflow/example_dags/example_trigger_target_dag.py
[2026-06-13T17:48:48.752+0000] {logging_mixin.py:190} INFO - [2026-06-13T17:48:48.751+0000] {dag.py:3239} INFO - Sync 1 DAGs
[2026-06-13T17:48:48.767+0000] {logging_mixin.py:190} INFO - [2026-06-13T17:48:48.767+0000] {dag.py:4180} INFO - Setting next_dagrun for example_trigger_target_dag to None, run_after=None
[2026-06-13T17:48:48.792+0000] {processor.py:208} INFO - Processing /home/airflow/.local/lib/python3.12/site-packages/airflow/example_dags/example_trigger_target_dag.py took 0.075 seconds
[2026-06-13T17:49:18.866+0000] {processor.py:186} INFO - Started process (PID=7153) to work on /home/airflow/.local/lib/python3.12/site-packages/airflow/example_dags/example_trigger_target_dag.py
[2026-06-13T17:49:18.867+0000] {processor.py:914} INFO - Processing file /home/airflow/.local/lib/python3.12/site-packages/airflow/example_dags/example_trigger_target_dag.py for tasks to queue
[2026-06-13T17:49:18.870+0000] {logging_mixin.py:190} INFO - [2026-06-13T17:49:18.869+0000] {dagbag.py:588} INFO - Filling up the DagBag from /home/airflow/.local/lib/python3.12/site-packages/airflow/example_dags/example_trigger_target_dag.py
[2026-06-13T17:49:18.878+0000] {processor.py:925} INFO - DAG(s) 'example_trigger_target_dag' retrieved from /home/airflow/.local/lib/python3.12/site-packages/airflow/example_dags/example_trigger_target_dag.py
[2026-06-13T17:49:18.904+0000] {logging_mixin.py:190} INFO - [2026-06-13T17:49:18.904+0000] {dag.py:3239} INFO - Sync 1 DAGs
[2026-06-13T17:49:18.924+0000] {logging_mixin.py:190} INFO - [2026-06-13T17:49:18.924+0000] {dag.py:4180} INFO - Setting next_dagrun for example_trigger_target_dag to None, run_after=None
[2026-06-13T17:49:18.954+0000] {processor.py:208} INFO - Processing /home/airflow/.local/lib/python3.12/site-packages/airflow/example_dags/example_trigger_target_dag.py took 0.095 seconds
[2026-06-13T17:49:49.387+0000] {processor.py:186} INFO - Started process (PID=7215) to work on /home/airflow/.local/lib/python3.12/site-packages/airflow/example_dags/example_trigger_target_dag.py
[2026-06-13T17:49:49.389+0000] {processor.py:914} INFO - Processing file /home/airflow/.local/lib/python3.12/site-packages/airflow/example_dags/example_trigger_target_dag.py for tasks to queue
[2026-06-13T17:49:49.395+0000] {logging_mixin.py:190} INFO - [2026-06-13T17:49:49.394+0000] {dagbag.py:588} INFO - Filling up the DagBag from /home/airflow/.local/lib/python3.12/site-packages/airflow/example_dags/example_trigger_target_dag.py
[2026-06-13T17:49:49.413+0000] {processor.py:925} INFO - DAG(s) 'example_trigger_target_dag' retrieved from /home/airflow/.local/lib/python3.12/site-packages/airflow/example_dags/example_trigger_target_dag.py
[2026-06-13T17:49:49.462+0000] {logging_mixin.py:190} INFO - [2026-06-13T17:49:49.461+0000] {dag.py:3239} INFO - Sync 1 DAGs
[2026-06-13T17:49:49.487+0000] {logging_mixin.py:190} INFO - [2026-06-13T17:49:49.487+0000] {dag.py:4180} INFO - Setting next_dagrun for example_trigger_target_dag to None, run_after=None
[2026-06-13T17:49:49.526+0000] {processor.py:208} INFO - Processing /home/airflow/.local/lib/python3.12/site-packages/airflow/example_dags/example_trigger_target_dag.py took 0.153 seconds
[2026-06-13T17:50:20.495+0000] {processor.py:186} INFO - Started process (PID=7278) to work on /home/airflow/.local/lib/python3.12/site-packages/airflow/example_dags/example_trigger_target_dag.py
[2026-06-13T17:50:20.499+0000] {processor.py:914} INFO - Processing file /home/airflow/.local/lib/python3.12/site-packages/airflow/example_dags/example_trigger_target_dag.py for tasks to queue
[2026-06-13T17:50:20.510+0000] {logging_mixin.py:190} INFO - [2026-06-13T17:50:20.508+0000] {dagbag.py:588} INFO - Filling up the DagBag from /home/airflow/.local/lib/python3.12/site-packages/airflow/example_dags/example_trigger_target_dag.py
[2026-06-13T17:50:20.549+0000] {processor.py:925} INFO - DAG(s) 'example_trigger_target_dag' retrieved from /home/airflow/.local/lib/python3.12/site-packages/airflow/example_dags/example_trigger_target_dag.py
[2026-06-13T17:50:20.627+0000] {logging_mixin.py:190} INFO - [2026-06-13T17:50:20.626+0000] {dag.py:3239} INFO - Sync 1 DAGs
[2026-06-13T17:50:20.684+0000] {logging_mixin.py:190} INFO - [2026-06-13T17:50:20.683+0000] {dag.py:4180} INFO - Setting next_dagrun for example_trigger_target_dag to None, run_after=None
[2026-06-13T17:50:20.771+0000] {processor.py:208} INFO - Processing /home/airflow/.local/lib/python3.12/site-packages/airflow/example_dags/example_trigger_target_dag.py took 0.293 seconds
[2026-06-13T17:50:51.192+0000] {processor.py:186} INFO - Started process (PID=7341) to work on /home/airflow/.local/lib/python3.12/site-packages/airflow/example_dags/example_trigger_target_dag.py
[2026-06-13T17:50:51.196+0000] {processor.py:914} INFO - Processing file /home/airflow/.local/lib/python3.12/site-packages/airflow/example_dags/example_trigger_target_dag.py for tasks to queue
[2026-06-13T17:50:51.206+0000] {logging_mixin.py:190} INFO - [2026-06-13T17:50:51.205+0000] {dagbag.py:588} INFO - Filling up the DagBag from /home/airflow/.local/lib/python3.12/site-packages/airflow/example_dags/example_trigger_target_dag.py
[2026-06-13T17:50:51.249+0000] {processor.py:925} INFO - DAG(s) 'example_trigger_target_dag' retrieved from /home/airflow/.local/lib/python3.12/site-packages/airflow/example_dags/example_trigger_target_dag.py
[2026-06-13T17:50:51.341+0000] {logging_mixin.py:190} INFO - [2026-06-13T17:50:51.341+0000] {dag.py:3239} INFO - Sync 1 DAGs
[2026-06-13T17:50:51.396+0000] {logging_mixin.py:190} INFO - [2026-06-13T17:50:51.395+0000] {dag.py:4180} INFO - Setting next_dagrun for example_trigger_target_dag to None, run_after=None
[2026-06-13T17:50:51.487+0000] {processor.py:208} INFO - Processing /home/airflow/.local/lib/python3.12/site-packages/airflow/example_dags/example_trigger_target_dag.py took 0.320 seconds
[2026-06-13T17:51:24.123+0000] {processor.py:186} INFO - Started process (PID=7403) to work on /home/airflow/.local/lib/python3.12/site-packages/airflow/example_dags/example_trigger_target_dag.py
[2026-06-13T17:51:24.128+0000] {processor.py:914} INFO - Processing file /home/airflow/.local/lib/python3.12/site-packages/airflow/example_dags/example_trigger_target_dag.py for tasks to queue
[2026-06-13T17:51:24.142+0000] {logging_mixin.py:190} INFO - [2026-06-13T17:51:24.140+0000] {dagbag.py:588} INFO - Filling up the DagBag from /home/airflow/.local/lib/python3.12/site-packages/airflow/example_dags/example_trigger_target_dag.py
[2026-06-13T17:51:24.176+0000] {processor.py:925} INFO - DAG(s) 'example_trigger_target_dag' retrieved from /home/airflow/.local/lib/python3.12/site-packages/airflow/example_dags/example_trigger_target_dag.py
[2026-06-13T17:51:24.269+0000] {logging_mixin.py:190} INFO - [2026-06-13T17:51:24.268+0000] {dag.py:3239} INFO - Sync 1 DAGs
[2026-06-13T17:51:24.320+0000] {logging_mixin.py:190} INFO - [2026-06-13T17:51:24.320+0000] {dag.py:4180} INFO - Setting next_dagrun for example_trigger_target_dag to None, run_after=None
[2026-06-13T17:51:24.401+0000] {processor.py:208} INFO - Processing /home/airflow/.local/lib/python3.12/site-packages/airflow/example_dags/example_trigger_target_dag.py took 0.308 seconds
[2026-06-13T17:51:54.736+0000] {processor.py:186} INFO - Started process (PID=7465) to work on /home/airflow/.local/lib/python3.12/site-packages/airflow/example_dags/example_trigger_target_dag.py
[2026-06-13T17:51:54.739+0000] {processor.py:914} INFO - Processing file /home/airflow/.local/lib/python3.12/site-packages/airflow/example_dags/example_trigger_target_dag.py for tasks to queue
[2026-06-13T17:51:54.751+0000] {logging_mixin.py:190} INFO - [2026-06-13T17:51:54.750+0000] {dagbag.py:588} INFO - Filling up the DagBag from /home/airflow/.local/lib/python3.12/site-packages/airflow/example_dags/example_trigger_target_dag.py
[2026-06-13T17:51:54.782+0000] {processor.py:925} INFO - DAG(s) 'example_trigger_target_dag' retrieved from /home/airflow/.local/lib/python3.12/site-packages/airflow/example_dags/example_trigger_target_dag.py
[2026-06-13T17:51:54.856+0000] {logging_mixin.py:190} INFO - [2026-06-13T17:51:54.855+0000] {dag.py:3239} INFO - Sync 1 DAGs
[2026-06-13T17:51:54.907+0000] {logging_mixin.py:190} INFO - [2026-06-13T17:51:54.906+0000] {dag.py:4180} INFO - Setting next_dagrun for example_trigger_target_dag to None, run_after=None
[2026-06-13T17:51:54.982+0000] {processor.py:208} INFO - Processing /home/airflow/.local/lib/python3.12/site-packages/airflow/example_dags/example_trigger_target_dag.py took 0.271 seconds
[2026-06-13T17:52:25.627+0000] {processor.py:186} INFO - Started process (PID=7527) to work on /home/airflow/.local/lib/python3.12/site-packages/airflow/example_dags/example_trigger_target_dag.py
[2026-06-13T17:52:25.628+0000] {processor.py:914} INFO - Processing file /home/airflow/.local/lib/python3.12/site-packages/airflow/example_dags/example_trigger_target_dag.py for tasks to queue
[2026-06-13T17:52:25.631+0000] {logging_mixin.py:190} INFO - [2026-06-13T17:52:25.630+0000] {dagbag.py:588} INFO - Filling up the DagBag from /home/airflow/.local/lib/python3.12/site-packages/airflow/example_dags/example_trigger_target_dag.py
[2026-06-13T17:52:25.638+0000] {processor.py:925} INFO - DAG(s) 'example_trigger_target_dag' retrieved from /home/airflow/.local/lib/python3.12/site-packages/airflow/example_dags/example_trigger_target_dag.py
[2026-06-13T17:52:25.662+0000] {logging_mixin.py:190} INFO - [2026-06-13T17:52:25.661+0000] {dag.py:3239} INFO - Sync 1 DAGs
[2026-06-13T17:52:25.675+0000] {logging_mixin.py:190} INFO - [2026-06-13T17:52:25.675+0000] {dag.py:4180} INFO - Setting next_dagrun for example_trigger_target_dag to None, run_after=None
[2026-06-13T17:52:25.693+0000] {processor.py:208} INFO - Processing /home/airflow/.local/lib/python3.12/site-packages/airflow/example_dags/example_trigger_target_dag.py took 0.072 seconds
[2026-06-13T17:52:55.893+0000] {processor.py:186} INFO - Started process (PID=7589) to work on /home/airflow/.local/lib/python3.12/site-packages/airflow/example_dags/example_trigger_target_dag.py
[2026-06-13T17:52:55.895+0000] {processor.py:914} INFO - Processing file /home/airflow/.local/lib/python3.12/site-packages/airflow/example_dags/example_trigger_target_dag.py for tasks to queue
[2026-06-13T17:52:55.898+0000] {logging_mixin.py:190} INFO - [2026-06-13T17:52:55.898+0000] {dagbag.py:588} INFO - Filling up the DagBag from /home/airflow/.local/lib/python3.12/site-packages/airflow/example_dags/example_trigger_target_dag.py
[2026-06-13T17:52:55.907+0000] {processor.py:925} INFO - DAG(s) 'example_trigger_target_dag' retrieved from /home/airflow/.local/lib/python3.12/site-packages/airflow/example_dags/example_trigger_target_dag.py
[2026-06-13T17:52:55.928+0000] {logging_mixin.py:190} INFO - [2026-06-13T17:52:55.928+0000] {dag.py:3239} INFO - Sync 1 DAGs
[2026-06-13T17:52:55.942+0000] {logging_mixin.py:190} INFO - [2026-06-13T17:52:55.942+0000] {dag.py:4180} INFO - Setting next_dagrun for example_trigger_target_dag to None, run_after=None
[2026-06-13T17:52:55.963+0000] {processor.py:208} INFO - Processing /home/airflow/.local/lib/python3.12/site-packages/airflow/example_dags/example_trigger_target_dag.py took 0.076 seconds
[2026-06-13T17:53:26.216+0000] {processor.py:186} INFO - Started process (PID=7650) to work on /home/airflow/.local/lib/python3.12/site-packages/airflow/example_dags/example_trigger_target_dag.py
[2026-06-13T17:53:26.218+0000] {processor.py:914} INFO - Processing file /home/airflow/.local/lib/python3.12/site-packages/airflow/example_dags/example_trigger_target_dag.py for tasks to queue
[2026-06-13T17:53:26.221+0000] {logging_mixin.py:190} INFO - [2026-06-13T17:53:26.221+0000] {dagbag.py:588} INFO - Filling up the DagBag from /home/airflow/.local/lib/python3.12/site-packages/airflow/example_dags/example_trigger_target_dag.py
[2026-06-13T17:53:26.231+0000] {processor.py:925} INFO - DAG(s) 'example_trigger_target_dag' retrieved from /home/airflow/.local/lib/python3.12/site-packages/airflow/example_dags/example_trigger_target_dag.py
[2026-06-13T17:53:26.257+0000] {logging_mixin.py:190} INFO - [2026-06-13T17:53:26.257+0000] {dag.py:3239} INFO - Sync 1 DAGs
[2026-06-13T17:53:26.273+0000] {logging_mixin.py:190} INFO - [2026-06-13T17:53:26.273+0000] {dag.py:4180} INFO - Setting next_dagrun for example_trigger_target_dag to None, run_after=None
[2026-06-13T17:53:26.295+0000] {processor.py:208} INFO - Processing /home/airflow/.local/lib/python3.12/site-packages/airflow/example_dags/example_trigger_target_dag.py took 0.084 seconds
[2026-06-13T17:53:57.011+0000] {processor.py:186} INFO - Started process (PID=7712) to work on /home/airflow/.local/lib/python3.12/site-packages/airflow/example_dags/example_trigger_target_dag.py
[2026-06-13T17:53:57.013+0000] {processor.py:914} INFO - Processing file /home/airflow/.local/lib/python3.12/site-packages/airflow/example_dags/example_trigger_target_dag.py for tasks to queue
[2026-06-13T17:53:57.015+0000] {logging_mixin.py:190} INFO - [2026-06-13T17:53:57.015+0000] {dagbag.py:588} INFO - Filling up the DagBag from /home/airflow/.local/lib/python3.12/site-packages/airflow/example_dags/example_trigger_target_dag.py
[2026-06-13T17:53:57.023+0000] {processor.py:925} INFO - DAG(s) 'example_trigger_target_dag' retrieved from /home/airflow/.local/lib/python3.12/site-packages/airflow/example_dags/example_trigger_target_dag.py
[2026-06-13T17:53:57.042+0000] {logging_mixin.py:190} INFO - [2026-06-13T17:53:57.041+0000] {dag.py:3239} INFO - Sync 1 DAGs
[2026-06-13T17:53:57.188+0000] {logging_mixin.py:190} INFO - [2026-06-13T17:53:57.188+0000] {dag.py:4180} INFO - Setting next_dagrun for example_trigger_target_dag to None, run_after=None
[2026-06-13T17:53:57.206+0000] {processor.py:208} INFO - Processing /home/airflow/.local/lib/python3.12/site-packages/airflow/example_dags/example_trigger_target_dag.py took 0.201 seconds
[2026-06-13T17:54:27.534+0000] {processor.py:186} INFO - Started process (PID=7774) to work on /home/airflow/.local/lib/python3.12/site-packages/airflow/example_dags/example_trigger_target_dag.py
[2026-06-13T17:54:27.535+0000] {processor.py:914} INFO - Processing file /home/airflow/.local/lib/python3.12/site-packages/airflow/example_dags/example_trigger_target_dag.py for tasks to queue
[2026-06-13T17:54:27.538+0000] {logging_mixin.py:190} INFO - [2026-06-13T17:54:27.537+0000] {dagbag.py:588} INFO - Filling up the DagBag from /home/airflow/.local/lib/python3.12/site-packages/airflow/example_dags/example_trigger_target_dag.py
[2026-06-13T17:54:27.546+0000] {processor.py:925} INFO - DAG(s) 'example_trigger_target_dag' retrieved from /home/airflow/.local/lib/python3.12/site-packages/airflow/example_dags/example_trigger_target_dag.py
[2026-06-13T17:54:27.563+0000] {logging_mixin.py:190} INFO - [2026-06-13T17:54:27.563+0000] {dag.py:3239} INFO - Sync 1 DAGs
[2026-06-13T17:54:27.574+0000] {logging_mixin.py:190} INFO - [2026-06-13T17:54:27.574+0000] {dag.py:4180} INFO - Setting next_dagrun for example_trigger_target_dag to None, run_after=None
[2026-06-13T17:54:27.736+0000] {processor.py:208} INFO - Processing /home/airflow/.local/lib/python3.12/site-packages/airflow/example_dags/example_trigger_target_dag.py took 0.207 seconds
[2026-06-13T17:54:58.536+0000] {processor.py:186} INFO - Started process (PID=7836) to work on /home/airflow/.local/lib/python3.12/site-packages/airflow/example_dags/example_trigger_target_dag.py
[2026-06-13T17:54:58.537+0000] {processor.py:914} INFO - Processing file /home/airflow/.local/lib/python3.12/site-packages/airflow/example_dags/example_trigger_target_dag.py for tasks to queue
[2026-06-13T17:54:58.540+0000] {logging_mixin.py:190} INFO - [2026-06-13T17:54:58.540+0000] {dagbag.py:588} INFO - Filling up the DagBag from /home/airflow/.local/lib/python3.12/site-packages/airflow/example_dags/example_trigger_target_dag.py
[2026-06-13T17:54:58.555+0000] {processor.py:925} INFO - DAG(s) 'example_trigger_target_dag' retrieved from /home/airflow/.local/lib/python3.12/site-packages/airflow/example_dags/example_trigger_target_dag.py
[2026-06-13T17:54:58.589+0000] {logging_mixin.py:190} INFO - [2026-06-13T17:54:58.589+0000] {dag.py:3239} INFO - Sync 1 DAGs
[2026-06-13T17:54:58.606+0000] {logging_mixin.py:190} INFO - [2026-06-13T17:54:58.605+0000] {dag.py:4180} INFO - Setting next_dagrun for example_trigger_target_dag to None, run_after=None
[2026-06-13T17:54:58.637+0000] {processor.py:208} INFO - Processing /home/airflow/.local/lib/python3.12/site-packages/airflow/example_dags/example_trigger_target_dag.py took 0.109 seconds
[2026-06-13T17:55:28.877+0000] {processor.py:186} INFO - Started process (PID=7898) to work on /home/airflow/.local/lib/python3.12/site-packages/airflow/example_dags/example_trigger_target_dag.py
[2026-06-13T17:55:28.878+0000] {processor.py:914} INFO - Processing file /home/airflow/.local/lib/python3.12/site-packages/airflow/example_dags/example_trigger_target_dag.py for tasks to queue
[2026-06-13T17:55:28.881+0000] {logging_mixin.py:190} INFO - [2026-06-13T17:55:28.880+0000] {dagbag.py:588} INFO - Filling up the DagBag from /home/airflow/.local/lib/python3.12/site-packages/airflow/example_dags/example_trigger_target_dag.py
[2026-06-13T17:55:28.887+0000] {processor.py:925} INFO - DAG(s) 'example_trigger_target_dag' retrieved from /home/airflow/.local/lib/python3.12/site-packages/airflow/example_dags/example_trigger_target_dag.py
[2026-06-13T17:55:28.904+0000] {logging_mixin.py:190} INFO - [2026-06-13T17:55:28.903+0000] {dag.py:3239} INFO - Sync 1 DAGs
[2026-06-13T17:55:28.916+0000] {logging_mixin.py:190} INFO - [2026-06-13T17:55:28.915+0000] {dag.py:4180} INFO - Setting next_dagrun for example_trigger_target_dag to None, run_after=None
[2026-06-13T17:55:28.932+0000] {processor.py:208} INFO - Processing /home/airflow/.local/lib/python3.12/site-packages/airflow/example_dags/example_trigger_target_dag.py took 0.060 seconds
[2026-06-13T17:55:59.855+0000] {processor.py:186} INFO - Started process (PID=7961) to work on /home/airflow/.local/lib/python3.12/site-packages/airflow/example_dags/example_trigger_target_dag.py
[2026-06-13T17:55:59.857+0000] {processor.py:914} INFO - Processing file /home/airflow/.local/lib/python3.12/site-packages/airflow/example_dags/example_trigger_target_dag.py for tasks to queue
[2026-06-13T17:55:59.860+0000] {logging_mixin.py:190} INFO - [2026-06-13T17:55:59.859+0000] {dagbag.py:588} INFO - Filling up the DagBag from /home/airflow/.local/lib/python3.12/site-packages/airflow/example_dags/example_trigger_target_dag.py
[2026-06-13T17:55:59.866+0000] {processor.py:925} INFO - DAG(s) 'example_trigger_target_dag' retrieved from /home/airflow/.local/lib/python3.12/site-packages/airflow/example_dags/example_trigger_target_dag.py
[2026-06-13T17:55:59.882+0000] {logging_mixin.py:190} INFO - [2026-06-13T17:55:59.882+0000] {dag.py:3239} INFO - Sync 1 DAGs
[2026-06-13T17:55:59.893+0000] {logging_mixin.py:190} INFO - [2026-06-13T17:55:59.893+0000] {dag.py:4180} INFO - Setting next_dagrun for example_trigger_target_dag to None, run_after=None
[2026-06-13T17:55:59.922+0000] {processor.py:208} INFO - Processing /home/airflow/.local/lib/python3.12/site-packages/airflow/example_dags/example_trigger_target_dag.py took 0.072 seconds
[2026-06-13T17:56:30.693+0000] {processor.py:186} INFO - Started process (PID=8023) to work on /home/airflow/.local/lib/python3.12/site-packages/airflow/example_dags/example_trigger_target_dag.py
[2026-06-13T17:56:30.694+0000] {processor.py:914} INFO - Processing file /home/airflow/.local/lib/python3.12/site-packages/airflow/example_dags/example_trigger_target_dag.py for tasks to queue
[2026-06-13T17:56:30.697+0000] {logging_mixin.py:190} INFO - [2026-06-13T17:56:30.696+0000] {dagbag.py:588} INFO - Filling up the DagBag from /home/airflow/.local/lib/python3.12/site-packages/airflow/example_dags/example_trigger_target_dag.py
[2026-06-13T17:56:30.703+0000] {processor.py:925} INFO - DAG(s) 'example_trigger_target_dag' retrieved from /home/airflow/.local/lib/python3.12/site-packages/airflow/example_dags/example_trigger_target_dag.py
[2026-06-13T17:56:30.720+0000] {logging_mixin.py:190} INFO - [2026-06-13T17:56:30.720+0000] {dag.py:3239} INFO - Sync 1 DAGs
[2026-06-13T17:56:30.732+0000] {logging_mixin.py:190} INFO - [2026-06-13T17:56:30.732+0000] {dag.py:4180} INFO - Setting next_dagrun for example_trigger_target_dag to None, run_after=None
[2026-06-13T17:56:30.749+0000] {processor.py:208} INFO - Processing /home/airflow/.local/lib/python3.12/site-packages/airflow/example_dags/example_trigger_target_dag.py took 0.061 seconds
[2026-06-13T17:57:01.013+0000] {processor.py:186} INFO - Started process (PID=8085) to work on /home/airflow/.local/lib/python3.12/site-packages/airflow/example_dags/example_trigger_target_dag.py
[2026-06-13T17:57:01.014+0000] {processor.py:914} INFO - Processing file /home/airflow/.local/lib/python3.12/site-packages/airflow/example_dags/example_trigger_target_dag.py for tasks to queue
[2026-06-13T17:57:01.017+0000] {logging_mixin.py:190} INFO - [2026-06-13T17:57:01.016+0000] {dagbag.py:588} INFO - Filling up the DagBag from /home/airflow/.local/lib/python3.12/site-packages/airflow/example_dags/example_trigger_target_dag.py
[2026-06-13T17:57:01.023+0000] {processor.py:925} INFO - DAG(s) 'example_trigger_target_dag' retrieved from /home/airflow/.local/lib/python3.12/site-packages/airflow/example_dags/example_trigger_target_dag.py
[2026-06-13T17:57:01.038+0000] {logging_mixin.py:190} INFO - [2026-06-13T17:57:01.038+0000] {dag.py:3239} INFO - Sync 1 DAGs
[2026-06-13T17:57:01.049+0000] {logging_mixin.py:190} INFO - [2026-06-13T17:57:01.048+0000] {dag.py:4180} INFO - Setting next_dagrun for example_trigger_target_dag to None, run_after=None
[2026-06-13T17:57:01.077+0000] {processor.py:208} INFO - Processing /home/airflow/.local/lib/python3.12/site-packages/airflow/example_dags/example_trigger_target_dag.py took 0.070 seconds
[2026-06-13T17:57:31.678+0000] {processor.py:186} INFO - Started process (PID=8147) to work on /home/airflow/.local/lib/python3.12/site-packages/airflow/example_dags/example_trigger_target_dag.py
[2026-06-13T17:57:31.680+0000] {processor.py:914} INFO - Processing file /home/airflow/.local/lib/python3.12/site-packages/airflow/example_dags/example_trigger_target_dag.py for tasks to queue
[2026-06-13T17:57:31.683+0000] {logging_mixin.py:190} INFO - [2026-06-13T17:57:31.682+0000] {dagbag.py:588} INFO - Filling up the DagBag from /home/airflow/.local/lib/python3.12/site-packages/airflow/example_dags/example_trigger_target_dag.py
[2026-06-13T17:57:31.691+0000] {processor.py:925} INFO - DAG(s) 'example_trigger_target_dag' retrieved from /home/airflow/.local/lib/python3.12/site-packages/airflow/example_dags/example_trigger_target_dag.py
[2026-06-13T17:57:31.710+0000] {logging_mixin.py:190} INFO - [2026-06-13T17:57:31.710+0000] {dag.py:3239} INFO - Sync 1 DAGs
[2026-06-13T17:57:31.723+0000] {logging_mixin.py:190} INFO - [2026-06-13T17:57:31.722+0000] {dag.py:4180} INFO - Setting next_dagrun for example_trigger_target_dag to None, run_after=None
[2026-06-13T17:57:31.746+0000] {processor.py:208} INFO - Processing /home/airflow/.local/lib/python3.12/site-packages/airflow/example_dags/example_trigger_target_dag.py took 0.075 seconds
[2026-06-13T17:58:02.665+0000] {processor.py:186} INFO - Started process (PID=8209) to work on /home/airflow/.local/lib/python3.12/site-packages/airflow/example_dags/example_trigger_target_dag.py
[2026-06-13T17:58:02.667+0000] {processor.py:914} INFO - Processing file /home/airflow/.local/lib/python3.12/site-packages/airflow/example_dags/example_trigger_target_dag.py for tasks to queue
[2026-06-13T17:58:02.670+0000] {logging_mixin.py:190} INFO - [2026-06-13T17:58:02.669+0000] {dagbag.py:588} INFO - Filling up the DagBag from /home/airflow/.local/lib/python3.12/site-packages/airflow/example_dags/example_trigger_target_dag.py
[2026-06-13T17:58:02.677+0000] {processor.py:925} INFO - DAG(s) 'example_trigger_target_dag' retrieved from /home/airflow/.local/lib/python3.12/site-packages/airflow/example_dags/example_trigger_target_dag.py
[2026-06-13T17:58:02.698+0000] {logging_mixin.py:190} INFO - [2026-06-13T17:58:02.698+0000] {dag.py:3239} INFO - Sync 1 DAGs
[2026-06-13T17:58:02.710+0000] {logging_mixin.py:190} INFO - [2026-06-13T17:58:02.710+0000] {dag.py:4180} INFO - Setting next_dagrun for example_trigger_target_dag to None, run_after=None
[2026-06-13T17:58:02.729+0000] {processor.py:208} INFO - Processing /home/airflow/.local/lib/python3.12/site-packages/airflow/example_dags/example_trigger_target_dag.py took 0.070 seconds
[2026-06-13T17:58:33.432+0000] {processor.py:186} INFO - Started process (PID=8271) to work on /home/airflow/.local/lib/python3.12/site-packages/airflow/example_dags/example_trigger_target_dag.py
[2026-06-13T17:58:33.433+0000] {processor.py:914} INFO - Processing file /home/airflow/.local/lib/python3.12/site-packages/airflow/example_dags/example_trigger_target_dag.py for tasks to queue
[2026-06-13T17:58:33.435+0000] {logging_mixin.py:190} INFO - [2026-06-13T17:58:33.435+0000] {dagbag.py:588} INFO - Filling up the DagBag from /home/airflow/.local/lib/python3.12/site-packages/airflow/example_dags/example_trigger_target_dag.py
[2026-06-13T17:58:33.442+0000] {processor.py:925} INFO - DAG(s) 'example_trigger_target_dag' retrieved from /home/airflow/.local/lib/python3.12/site-packages/airflow/example_dags/example_trigger_target_dag.py
[2026-06-13T17:58:33.458+0000] {logging_mixin.py:190} INFO - [2026-06-13T17:58:33.458+0000] {dag.py:3239} INFO - Sync 1 DAGs
[2026-06-13T17:58:33.470+0000] {logging_mixin.py:190} INFO - [2026-06-13T17:58:33.470+0000] {dag.py:4180} INFO - Setting next_dagrun for example_trigger_target_dag to None, run_after=None
[2026-06-13T17:58:33.490+0000] {processor.py:208} INFO - Processing /home/airflow/.local/lib/python3.12/site-packages/airflow/example_dags/example_trigger_target_dag.py took 0.063 seconds
[2026-06-13T17:59:04.077+0000] {processor.py:186} INFO - Started process (PID=8333) to work on /home/airflow/.local/lib/python3.12/site-packages/airflow/example_dags/example_trigger_target_dag.py
[2026-06-13T17:59:04.078+0000] {processor.py:914} INFO - Processing file /home/airflow/.local/lib/python3.12/site-packages/airflow/example_dags/example_trigger_target_dag.py for tasks to queue
[2026-06-13T17:59:04.081+0000] {logging_mixin.py:190} INFO - [2026-06-13T17:59:04.081+0000] {dagbag.py:588} INFO - Filling up the DagBag from /home/airflow/.local/lib/python3.12/site-packages/airflow/example_dags/example_trigger_target_dag.py
[2026-06-13T17:59:04.088+0000] {processor.py:925} INFO - DAG(s) 'example_trigger_target_dag' retrieved from /home/airflow/.local/lib/python3.12/site-packages/airflow/example_dags/example_trigger_target_dag.py
[2026-06-13T17:59:04.104+0000] {logging_mixin.py:190} INFO - [2026-06-13T17:59:04.104+0000] {dag.py:3239} INFO - Sync 1 DAGs
[2026-06-13T17:59:04.116+0000] {logging_mixin.py:190} INFO - [2026-06-13T17:59:04.116+0000] {dag.py:4180} INFO - Setting next_dagrun for example_trigger_target_dag to None, run_after=None
[2026-06-13T17:59:04.132+0000] {processor.py:208} INFO - Processing /home/airflow/.local/lib/python3.12/site-packages/airflow/example_dags/example_trigger_target_dag.py took 0.062 seconds
[2026-06-13T17:59:34.828+0000] {processor.py:186} INFO - Started process (PID=8395) to work on /home/airflow/.local/lib/python3.12/site-packages/airflow/example_dags/example_trigger_target_dag.py
[2026-06-13T17:59:34.829+0000] {processor.py:914} INFO - Processing file /home/airflow/.local/lib/python3.12/site-packages/airflow/example_dags/example_trigger_target_dag.py for tasks to queue
[2026-06-13T17:59:34.832+0000] {logging_mixin.py:190} INFO - [2026-06-13T17:59:34.832+0000] {dagbag.py:588} INFO - Filling up the DagBag from /home/airflow/.local/lib/python3.12/site-packages/airflow/example_dags/example_trigger_target_dag.py
[2026-06-13T17:59:34.839+0000] {processor.py:925} INFO - DAG(s) 'example_trigger_target_dag' retrieved from /home/airflow/.local/lib/python3.12/site-packages/airflow/example_dags/example_trigger_target_dag.py
[2026-06-13T17:59:34.861+0000] {logging_mixin.py:190} INFO - [2026-06-13T17:59:34.861+0000] {dag.py:3239} INFO - Sync 1 DAGs
[2026-06-13T17:59:34.873+0000] {logging_mixin.py:190} INFO - [2026-06-13T17:59:34.873+0000] {dag.py:4180} INFO - Setting next_dagrun for example_trigger_target_dag to None, run_after=None
[2026-06-13T17:59:34.894+0000] {processor.py:208} INFO - Processing /home/airflow/.local/lib/python3.12/site-packages/airflow/example_dags/example_trigger_target_dag.py took 0.072 seconds
[2026-06-13T18:00:05.063+0000] {processor.py:186} INFO - Started process (PID=8457) to work on /home/airflow/.local/lib/python3.12/site-packages/airflow/example_dags/example_trigger_target_dag.py
[2026-06-13T18:00:05.064+0000] {processor.py:914} INFO - Processing file /home/airflow/.local/lib/python3.12/site-packages/airflow/example_dags/example_trigger_target_dag.py for tasks to queue
[2026-06-13T18:00:05.066+0000] {logging_mixin.py:190} INFO - [2026-06-13T18:00:05.066+0000] {dagbag.py:588} INFO - Filling up the DagBag from /home/airflow/.local/lib/python3.12/site-packages/airflow/example_dags/example_trigger_target_dag.py
[2026-06-13T18:00:05.074+0000] {processor.py:925} INFO - DAG(s) 'example_trigger_target_dag' retrieved from /home/airflow/.local/lib/python3.12/site-packages/airflow/example_dags/example_trigger_target_dag.py
[2026-06-13T18:00:05.099+0000] {logging_mixin.py:190} INFO - [2026-06-13T18:00:05.099+0000] {dag.py:3239} INFO - Sync 1 DAGs
[2026-06-13T18:00:05.113+0000] {logging_mixin.py:190} INFO - [2026-06-13T18:00:05.113+0000] {dag.py:4180} INFO - Setting next_dagrun for example_trigger_target_dag to None, run_after=None
[2026-06-13T18:00:05.133+0000] {processor.py:208} INFO - Processing /home/airflow/.local/lib/python3.12/site-packages/airflow/example_dags/example_trigger_target_dag.py took 0.077 seconds
[2026-06-13T18:00:35.623+0000] {processor.py:186} INFO - Started process (PID=8520) to work on /home/airflow/.local/lib/python3.12/site-packages/airflow/example_dags/example_trigger_target_dag.py
[2026-06-13T18:00:35.625+0000] {processor.py:914} INFO - Processing file /home/airflow/.local/lib/python3.12/site-packages/airflow/example_dags/example_trigger_target_dag.py for tasks to queue
[2026-06-13T18:00:35.628+0000] {logging_mixin.py:190} INFO - [2026-06-13T18:00:35.628+0000] {dagbag.py:588} INFO - Filling up the DagBag from /home/airflow/.local/lib/python3.12/site-packages/airflow/example_dags/example_trigger_target_dag.py
[2026-06-13T18:00:35.637+0000] {processor.py:925} INFO - DAG(s) 'example_trigger_target_dag' retrieved from /home/airflow/.local/lib/python3.12/site-packages/airflow/example_dags/example_trigger_target_dag.py
[2026-06-13T18:00:35.654+0000] {logging_mixin.py:190} INFO - [2026-06-13T18:00:35.654+0000] {dag.py:3239} INFO - Sync 1 DAGs
[2026-06-13T18:00:35.665+0000] {logging_mixin.py:190} INFO - [2026-06-13T18:00:35.665+0000] {dag.py:4180} INFO - Setting next_dagrun for example_trigger_target_dag to None, run_after=None
[2026-06-13T18:00:35.682+0000] {processor.py:208} INFO - Processing /home/airflow/.local/lib/python3.12/site-packages/airflow/example_dags/example_trigger_target_dag.py took 0.065 seconds
[2026-06-13T18:01:06.045+0000] {processor.py:186} INFO - Started process (PID=8582) to work on /home/airflow/.local/lib/python3.12/site-packages/airflow/example_dags/example_trigger_target_dag.py
[2026-06-13T18:01:06.046+0000] {processor.py:914} INFO - Processing file /home/airflow/.local/lib/python3.12/site-packages/airflow/example_dags/example_trigger_target_dag.py for tasks to queue
[2026-06-13T18:01:06.049+0000] {logging_mixin.py:190} INFO - [2026-06-13T18:01:06.048+0000] {dagbag.py:588} INFO - Filling up the DagBag from /home/airflow/.local/lib/python3.12/site-packages/airflow/example_dags/example_trigger_target_dag.py
[2026-06-13T18:01:06.055+0000] {processor.py:925} INFO - DAG(s) 'example_trigger_target_dag' retrieved from /home/airflow/.local/lib/python3.12/site-packages/airflow/example_dags/example_trigger_target_dag.py
[2026-06-13T18:01:06.072+0000] {logging_mixin.py:190} INFO - [2026-06-13T18:01:06.071+0000] {dag.py:3239} INFO - Sync 1 DAGs
[2026-06-13T18:01:06.083+0000] {logging_mixin.py:190} INFO - [2026-06-13T18:01:06.083+0000] {dag.py:4180} INFO - Setting next_dagrun for example_trigger_target_dag to None, run_after=None
[2026-06-13T18:01:06.099+0000] {processor.py:208} INFO - Processing /home/airflow/.local/lib/python3.12/site-packages/airflow/example_dags/example_trigger_target_dag.py took 0.061 seconds
[2026-06-13T18:01:36.629+0000] {processor.py:186} INFO - Started process (PID=8644) to work on /home/airflow/.local/lib/python3.12/site-packages/airflow/example_dags/example_trigger_target_dag.py
[2026-06-13T18:01:36.631+0000] {processor.py:914} INFO - Processing file /home/airflow/.local/lib/python3.12/site-packages/airflow/example_dags/example_trigger_target_dag.py for tasks to queue
[2026-06-13T18:01:36.633+0000] {logging_mixin.py:190} INFO - [2026-06-13T18:01:36.633+0000] {dagbag.py:588} INFO - Filling up the DagBag from /home/airflow/.local/lib/python3.12/site-packages/airflow/example_dags/example_trigger_target_dag.py
[2026-06-13T18:01:36.640+0000] {processor.py:925} INFO - DAG(s) 'example_trigger_target_dag' retrieved from /home/airflow/.local/lib/python3.12/site-packages/airflow/example_dags/example_trigger_target_dag.py
[2026-06-13T18:01:36.659+0000] {logging_mixin.py:190} INFO - [2026-06-13T18:01:36.659+0000] {dag.py:3239} INFO - Sync 1 DAGs
[2026-06-13T18:01:36.671+0000] {logging_mixin.py:190} INFO - [2026-06-13T18:01:36.670+0000] {dag.py:4180} INFO - Setting next_dagrun for example_trigger_target_dag to None, run_after=None
[2026-06-13T18:01:36.694+0000] {processor.py:208} INFO - Processing /home/airflow/.local/lib/python3.12/site-packages/airflow/example_dags/example_trigger_target_dag.py took 0.071 seconds
[2026-06-13T18:02:07.397+0000] {processor.py:186} INFO - Started process (PID=8706) to work on /home/airflow/.local/lib/python3.12/site-packages/airflow/example_dags/example_trigger_target_dag.py
[2026-06-13T18:02:07.399+0000] {processor.py:914} INFO - Processing file /home/airflow/.local/lib/python3.12/site-packages/airflow/example_dags/example_trigger_target_dag.py for tasks to queue
[2026-06-13T18:02:07.402+0000] {logging_mixin.py:190} INFO - [2026-06-13T18:02:07.401+0000] {dagbag.py:588} INFO - Filling up the DagBag from /home/airflow/.local/lib/python3.12/site-packages/airflow/example_dags/example_trigger_target_dag.py
[2026-06-13T18:02:07.411+0000] {processor.py:925} INFO - DAG(s) 'example_trigger_target_dag' retrieved from /home/airflow/.local/lib/python3.12/site-packages/airflow/example_dags/example_trigger_target_dag.py
[2026-06-13T18:02:07.432+0000] {logging_mixin.py:190} INFO - [2026-06-13T18:02:07.432+0000] {dag.py:3239} INFO - Sync 1 DAGs
[2026-06-13T18:02:07.447+0000] {logging_mixin.py:190} INFO - [2026-06-13T18:02:07.447+0000] {dag.py:4180} INFO - Setting next_dagrun for example_trigger_target_dag to None, run_after=None
[2026-06-13T18:02:07.468+0000] {processor.py:208} INFO - Processing /home/airflow/.local/lib/python3.12/site-packages/airflow/example_dags/example_trigger_target_dag.py took 0.079 seconds
[2026-06-13T18:02:37.695+0000] {processor.py:186} INFO - Started process (PID=8768) to work on /home/airflow/.local/lib/python3.12/site-packages/airflow/example_dags/example_trigger_target_dag.py
[2026-06-13T18:02:37.696+0000] {processor.py:914} INFO - Processing file /home/airflow/.local/lib/python3.12/site-packages/airflow/example_dags/example_trigger_target_dag.py for tasks to queue
[2026-06-13T18:02:37.698+0000] {logging_mixin.py:190} INFO - [2026-06-13T18:02:37.698+0000] {dagbag.py:588} INFO - Filling up the DagBag from /home/airflow/.local/lib/python3.12/site-packages/airflow/example_dags/example_trigger_target_dag.py
[2026-06-13T18:02:37.704+0000] {processor.py:925} INFO - DAG(s) 'example_trigger_target_dag' retrieved from /home/airflow/.local/lib/python3.12/site-packages/airflow/example_dags/example_trigger_target_dag.py
[2026-06-13T18:02:37.720+0000] {logging_mixin.py:190} INFO - [2026-06-13T18:02:37.720+0000] {dag.py:3239} INFO - Sync 1 DAGs
[2026-06-13T18:02:37.731+0000] {logging_mixin.py:190} INFO - [2026-06-13T18:02:37.730+0000] {dag.py:4180} INFO - Setting next_dagrun for example_trigger_target_dag to None, run_after=None
[2026-06-13T18:02:37.748+0000] {processor.py:208} INFO - Processing /home/airflow/.local/lib/python3.12/site-packages/airflow/example_dags/example_trigger_target_dag.py took 0.058 seconds
[2026-06-13T18:03:08.094+0000] {processor.py:186} INFO - Started process (PID=8829) to work on /home/airflow/.local/lib/python3.12/site-packages/airflow/example_dags/example_trigger_target_dag.py
[2026-06-13T18:03:08.096+0000] {processor.py:914} INFO - Processing file /home/airflow/.local/lib/python3.12/site-packages/airflow/example_dags/example_trigger_target_dag.py for tasks to queue
[2026-06-13T18:03:08.100+0000] {logging_mixin.py:190} INFO - [2026-06-13T18:03:08.099+0000] {dagbag.py:588} INFO - Filling up the DagBag from /home/airflow/.local/lib/python3.12/site-packages/airflow/example_dags/example_trigger_target_dag.py
[2026-06-13T18:03:08.111+0000] {processor.py:925} INFO - DAG(s) 'example_trigger_target_dag' retrieved from /home/airflow/.local/lib/python3.12/site-packages/airflow/example_dags/example_trigger_target_dag.py
[2026-06-13T18:03:08.137+0000] {logging_mixin.py:190} INFO - [2026-06-13T18:03:08.136+0000] {dag.py:3239} INFO - Sync 1 DAGs
[2026-06-13T18:03:08.154+0000] {logging_mixin.py:190} INFO - [2026-06-13T18:03:08.153+0000] {dag.py:4180} INFO - Setting next_dagrun for example_trigger_target_dag to None, run_after=None
[2026-06-13T18:03:08.177+0000] {processor.py:208} INFO - Processing /home/airflow/.local/lib/python3.12/site-packages/airflow/example_dags/example_trigger_target_dag.py took 0.089 seconds
[2026-06-13T18:03:38.270+0000] {processor.py:186} INFO - Started process (PID=8891) to work on /home/airflow/.local/lib/python3.12/site-packages/airflow/example_dags/example_trigger_target_dag.py
[2026-06-13T18:03:38.271+0000] {processor.py:914} INFO - Processing file /home/airflow/.local/lib/python3.12/site-packages/airflow/example_dags/example_trigger_target_dag.py for tasks to queue
[2026-06-13T18:03:38.273+0000] {logging_mixin.py:190} INFO - [2026-06-13T18:03:38.273+0000] {dagbag.py:588} INFO - Filling up the DagBag from /home/airflow/.local/lib/python3.12/site-packages/airflow/example_dags/example_trigger_target_dag.py
[2026-06-13T18:03:38.282+0000] {processor.py:925} INFO - DAG(s) 'example_trigger_target_dag' retrieved from /home/airflow/.local/lib/python3.12/site-packages/airflow/example_dags/example_trigger_target_dag.py
[2026-06-13T18:03:38.305+0000] {logging_mixin.py:190} INFO - [2026-06-13T18:03:38.304+0000] {dag.py:3239} INFO - Sync 1 DAGs
[2026-06-13T18:03:38.324+0000] {logging_mixin.py:190} INFO - [2026-06-13T18:03:38.324+0000] {dag.py:4180} INFO - Setting next_dagrun for example_trigger_target_dag to None, run_after=None
[2026-06-13T18:03:38.352+0000] {processor.py:208} INFO - Processing /home/airflow/.local/lib/python3.12/site-packages/airflow/example_dags/example_trigger_target_dag.py took 0.088 seconds
[2026-06-13T18:04:08.639+0000] {processor.py:186} INFO - Started process (PID=8953) to work on /home/airflow/.local/lib/python3.12/site-packages/airflow/example_dags/example_trigger_target_dag.py
[2026-06-13T18:04:08.641+0000] {processor.py:914} INFO - Processing file /home/airflow/.local/lib/python3.12/site-packages/airflow/example_dags/example_trigger_target_dag.py for tasks to queue
[2026-06-13T18:04:08.643+0000] {logging_mixin.py:190} INFO - [2026-06-13T18:04:08.643+0000] {dagbag.py:588} INFO - Filling up the DagBag from /home/airflow/.local/lib/python3.12/site-packages/airflow/example_dags/example_trigger_target_dag.py
[2026-06-13T18:04:08.650+0000] {processor.py:925} INFO - DAG(s) 'example_trigger_target_dag' retrieved from /home/airflow/.local/lib/python3.12/site-packages/airflow/example_dags/example_trigger_target_dag.py
[2026-06-13T18:04:08.668+0000] {logging_mixin.py:190} INFO - [2026-06-13T18:04:08.668+0000] {dag.py:3239} INFO - Sync 1 DAGs
[2026-06-13T18:04:08.679+0000] {logging_mixin.py:190} INFO - [2026-06-13T18:04:08.679+0000] {dag.py:4180} INFO - Setting next_dagrun for example_trigger_target_dag to None, run_after=None
[2026-06-13T18:04:08.697+0000] {processor.py:208} INFO - Processing /home/airflow/.local/lib/python3.12/site-packages/airflow/example_dags/example_trigger_target_dag.py took 0.063 seconds
[2026-06-13T18:04:39.199+0000] {processor.py:186} INFO - Started process (PID=9015) to work on /home/airflow/.local/lib/python3.12/site-packages/airflow/example_dags/example_trigger_target_dag.py
[2026-06-13T18:04:39.201+0000] {processor.py:914} INFO - Processing file /home/airflow/.local/lib/python3.12/site-packages/airflow/example_dags/example_trigger_target_dag.py for tasks to queue
[2026-06-13T18:04:39.203+0000] {logging_mixin.py:190} INFO - [2026-06-13T18:04:39.203+0000] {dagbag.py:588} INFO - Filling up the DagBag from /home/airflow/.local/lib/python3.12/site-packages/airflow/example_dags/example_trigger_target_dag.py
[2026-06-13T18:04:39.213+0000] {processor.py:925} INFO - DAG(s) 'example_trigger_target_dag' retrieved from /home/airflow/.local/lib/python3.12/site-packages/airflow/example_dags/example_trigger_target_dag.py
[2026-06-13T18:04:39.234+0000] {logging_mixin.py:190} INFO - [2026-06-13T18:04:39.233+0000] {dag.py:3239} INFO - Sync 1 DAGs
[2026-06-13T18:04:39.248+0000] {logging_mixin.py:190} INFO - [2026-06-13T18:04:39.247+0000] {dag.py:4180} INFO - Setting next_dagrun for example_trigger_target_dag to None, run_after=None
[2026-06-13T18:04:39.267+0000] {processor.py:208} INFO - Processing /home/airflow/.local/lib/python3.12/site-packages/airflow/example_dags/example_trigger_target_dag.py took 0.075 seconds
[2026-06-13T18:05:09.476+0000] {processor.py:186} INFO - Started process (PID=9077) to work on /home/airflow/.local/lib/python3.12/site-packages/airflow/example_dags/example_trigger_target_dag.py
[2026-06-13T18:05:09.478+0000] {processor.py:914} INFO - Processing file /home/airflow/.local/lib/python3.12/site-packages/airflow/example_dags/example_trigger_target_dag.py for tasks to queue
[2026-06-13T18:05:09.481+0000] {logging_mixin.py:190} INFO - [2026-06-13T18:05:09.481+0000] {dagbag.py:588} INFO - Filling up the DagBag from /home/airflow/.local/lib/python3.12/site-packages/airflow/example_dags/example_trigger_target_dag.py
[2026-06-13T18:05:09.488+0000] {processor.py:925} INFO - DAG(s) 'example_trigger_target_dag' retrieved from /home/airflow/.local/lib/python3.12/site-packages/airflow/example_dags/example_trigger_target_dag.py
[2026-06-13T18:05:09.507+0000] {logging_mixin.py:190} INFO - [2026-06-13T18:05:09.507+0000] {dag.py:3239} INFO - Sync 1 DAGs
[2026-06-13T18:05:09.520+0000] {logging_mixin.py:190} INFO - [2026-06-13T18:05:09.520+0000] {dag.py:4180} INFO - Setting next_dagrun for example_trigger_target_dag to None, run_after=None
[2026-06-13T18:05:09.540+0000] {processor.py:208} INFO - Processing /home/airflow/.local/lib/python3.12/site-packages/airflow/example_dags/example_trigger_target_dag.py took 0.070 seconds
[2026-06-13T18:05:39.711+0000] {processor.py:186} INFO - Started process (PID=9139) to work on /home/airflow/.local/lib/python3.12/site-packages/airflow/example_dags/example_trigger_target_dag.py
[2026-06-13T18:05:39.712+0000] {processor.py:914} INFO - Processing file /home/airflow/.local/lib/python3.12/site-packages/airflow/example_dags/example_trigger_target_dag.py for tasks to queue
[2026-06-13T18:05:39.714+0000] {logging_mixin.py:190} INFO - [2026-06-13T18:05:39.714+0000] {dagbag.py:588} INFO - Filling up the DagBag from /home/airflow/.local/lib/python3.12/site-packages/airflow/example_dags/example_trigger_target_dag.py
[2026-06-13T18:05:39.727+0000] {processor.py:925} INFO - DAG(s) 'example_trigger_target_dag' retrieved from /home/airflow/.local/lib/python3.12/site-packages/airflow/example_dags/example_trigger_target_dag.py
[2026-06-13T18:05:39.772+0000] {logging_mixin.py:190} INFO - [2026-06-13T18:05:39.772+0000] {dag.py:3239} INFO - Sync 1 DAGs
[2026-06-13T18:05:39.787+0000] {logging_mixin.py:190} INFO - [2026-06-13T18:05:39.787+0000] {dag.py:4180} INFO - Setting next_dagrun for example_trigger_target_dag to None, run_after=None
[2026-06-13T18:05:39.804+0000] {processor.py:208} INFO - Processing /home/airflow/.local/lib/python3.12/site-packages/airflow/example_dags/example_trigger_target_dag.py took 0.098 seconds
[2026-06-13T18:06:10.141+0000] {processor.py:186} INFO - Started process (PID=9202) to work on /home/airflow/.local/lib/python3.12/site-packages/airflow/example_dags/example_trigger_target_dag.py
[2026-06-13T18:06:10.142+0000] {processor.py:914} INFO - Processing file /home/airflow/.local/lib/python3.12/site-packages/airflow/example_dags/example_trigger_target_dag.py for tasks to queue
[2026-06-13T18:06:10.145+0000] {logging_mixin.py:190} INFO - [2026-06-13T18:06:10.144+0000] {dagbag.py:588} INFO - Filling up the DagBag from /home/airflow/.local/lib/python3.12/site-packages/airflow/example_dags/example_trigger_target_dag.py
[2026-06-13T18:06:10.152+0000] {processor.py:925} INFO - DAG(s) 'example_trigger_target_dag' retrieved from /home/airflow/.local/lib/python3.12/site-packages/airflow/example_dags/example_trigger_target_dag.py
[2026-06-13T18:06:10.170+0000] {logging_mixin.py:190} INFO - [2026-06-13T18:06:10.169+0000] {dag.py:3239} INFO - Sync 1 DAGs
[2026-06-13T18:06:10.182+0000] {logging_mixin.py:190} INFO - [2026-06-13T18:06:10.182+0000] {dag.py:4180} INFO - Setting next_dagrun for example_trigger_target_dag to None, run_after=None
[2026-06-13T18:06:10.201+0000] {processor.py:208} INFO - Processing /home/airflow/.local/lib/python3.12/site-packages/airflow/example_dags/example_trigger_target_dag.py took 0.065 seconds
[2026-06-13T18:06:40.553+0000] {processor.py:186} INFO - Started process (PID=9264) to work on /home/airflow/.local/lib/python3.12/site-packages/airflow/example_dags/example_trigger_target_dag.py
[2026-06-13T18:06:40.554+0000] {processor.py:914} INFO - Processing file /home/airflow/.local/lib/python3.12/site-packages/airflow/example_dags/example_trigger_target_dag.py for tasks to queue
[2026-06-13T18:06:40.557+0000] {logging_mixin.py:190} INFO - [2026-06-13T18:06:40.556+0000] {dagbag.py:588} INFO - Filling up the DagBag from /home/airflow/.local/lib/python3.12/site-packages/airflow/example_dags/example_trigger_target_dag.py
[2026-06-13T18:06:40.564+0000] {processor.py:925} INFO - DAG(s) 'example_trigger_target_dag' retrieved from /home/airflow/.local/lib/python3.12/site-packages/airflow/example_dags/example_trigger_target_dag.py
[2026-06-13T18:06:40.581+0000] {logging_mixin.py:190} INFO - [2026-06-13T18:06:40.581+0000] {dag.py:3239} INFO - Sync 1 DAGs
[2026-06-13T18:06:40.599+0000] {logging_mixin.py:190} INFO - [2026-06-13T18:06:40.598+0000] {dag.py:4180} INFO - Setting next_dagrun for example_trigger_target_dag to None, run_after=None
[2026-06-13T18:06:40.621+0000] {processor.py:208} INFO - Processing /home/airflow/.local/lib/python3.12/site-packages/airflow/example_dags/example_trigger_target_dag.py took 0.073 seconds
[2026-06-13T18:07:10.827+0000] {processor.py:186} INFO - Started process (PID=9326) to work on /home/airflow/.local/lib/python3.12/site-packages/airflow/example_dags/example_trigger_target_dag.py
[2026-06-13T18:07:10.828+0000] {processor.py:914} INFO - Processing file /home/airflow/.local/lib/python3.12/site-packages/airflow/example_dags/example_trigger_target_dag.py for tasks to queue
[2026-06-13T18:07:10.831+0000] {logging_mixin.py:190} INFO - [2026-06-13T18:07:10.830+0000] {dagbag.py:588} INFO - Filling up the DagBag from /home/airflow/.local/lib/python3.12/site-packages/airflow/example_dags/example_trigger_target_dag.py
[2026-06-13T18:07:10.837+0000] {processor.py:925} INFO - DAG(s) 'example_trigger_target_dag' retrieved from /home/airflow/.local/lib/python3.12/site-packages/airflow/example_dags/example_trigger_target_dag.py
[2026-06-13T18:07:10.854+0000] {logging_mixin.py:190} INFO - [2026-06-13T18:07:10.854+0000] {dag.py:3239} INFO - Sync 1 DAGs
[2026-06-13T18:07:10.866+0000] {logging_mixin.py:190} INFO - [2026-06-13T18:07:10.865+0000] {dag.py:4180} INFO - Setting next_dagrun for example_trigger_target_dag to None, run_after=None
[2026-06-13T18:07:10.882+0000] {processor.py:208} INFO - Processing /home/airflow/.local/lib/python3.12/site-packages/airflow/example_dags/example_trigger_target_dag.py took 0.061 seconds
[2026-06-13T18:07:41.081+0000] {processor.py:186} INFO - Started process (PID=9387) to work on /home/airflow/.local/lib/python3.12/site-packages/airflow/example_dags/example_trigger_target_dag.py
[2026-06-13T18:07:41.082+0000] {processor.py:914} INFO - Processing file /home/airflow/.local/lib/python3.12/site-packages/airflow/example_dags/example_trigger_target_dag.py for tasks to queue
[2026-06-13T18:07:41.085+0000] {logging_mixin.py:190} INFO - [2026-06-13T18:07:41.084+0000] {dagbag.py:588} INFO - Filling up the DagBag from /home/airflow/.local/lib/python3.12/site-packages/airflow/example_dags/example_trigger_target_dag.py
[2026-06-13T18:07:41.092+0000] {processor.py:925} INFO - DAG(s) 'example_trigger_target_dag' retrieved from /home/airflow/.local/lib/python3.12/site-packages/airflow/example_dags/example_trigger_target_dag.py
[2026-06-13T18:07:41.108+0000] {logging_mixin.py:190} INFO - [2026-06-13T18:07:41.108+0000] {dag.py:3239} INFO - Sync 1 DAGs
[2026-06-13T18:07:41.120+0000] {logging_mixin.py:190} INFO - [2026-06-13T18:07:41.120+0000] {dag.py:4180} INFO - Setting next_dagrun for example_trigger_target_dag to None, run_after=None
[2026-06-13T18:07:41.137+0000] {processor.py:208} INFO - Processing /home/airflow/.local/lib/python3.12/site-packages/airflow/example_dags/example_trigger_target_dag.py took 0.062 seconds
[2026-06-13T18:08:11.586+0000] {processor.py:186} INFO - Started process (PID=9449) to work on /home/airflow/.local/lib/python3.12/site-packages/airflow/example_dags/example_trigger_target_dag.py
[2026-06-13T18:08:11.587+0000] {processor.py:914} INFO - Processing file /home/airflow/.local/lib/python3.12/site-packages/airflow/example_dags/example_trigger_target_dag.py for tasks to queue
[2026-06-13T18:08:11.590+0000] {logging_mixin.py:190} INFO - [2026-06-13T18:08:11.589+0000] {dagbag.py:588} INFO - Filling up the DagBag from /home/airflow/.local/lib/python3.12/site-packages/airflow/example_dags/example_trigger_target_dag.py
[2026-06-13T18:08:11.598+0000] {processor.py:925} INFO - DAG(s) 'example_trigger_target_dag' retrieved from /home/airflow/.local/lib/python3.12/site-packages/airflow/example_dags/example_trigger_target_dag.py
[2026-06-13T18:08:11.619+0000] {logging_mixin.py:190} INFO - [2026-06-13T18:08:11.619+0000] {dag.py:3239} INFO - Sync 1 DAGs
[2026-06-13T18:08:11.634+0000] {logging_mixin.py:190} INFO - [2026-06-13T18:08:11.633+0000] {dag.py:4180} INFO - Setting next_dagrun for example_trigger_target_dag to None, run_after=None
[2026-06-13T18:08:11.654+0000] {processor.py:208} INFO - Processing /home/airflow/.local/lib/python3.12/site-packages/airflow/example_dags/example_trigger_target_dag.py took 0.073 seconds
