[2026-06-13T16:50:35.223+0000] {processor.py:186} INFO - Started process (PID=80) to work on /home/airflow/.local/lib/python3.12/site-packages/airflow/example_dags/example_sensor_decorator.py
[2026-06-13T16:50:35.226+0000] {processor.py:914} INFO - Processing file /home/airflow/.local/lib/python3.12/site-packages/airflow/example_dags/example_sensor_decorator.py for tasks to queue
[2026-06-13T16:50:35.231+0000] {logging_mixin.py:190} INFO - [2026-06-13T16:50:35.230+0000] {dagbag.py:588} INFO - Filling up the DagBag from /home/airflow/.local/lib/python3.12/site-packages/airflow/example_dags/example_sensor_decorator.py
[2026-06-13T16:50:35.249+0000] {processor.py:925} INFO - DAG(s) 'example_sensor_decorator' retrieved from /home/airflow/.local/lib/python3.12/site-packages/airflow/example_dags/example_sensor_decorator.py
[2026-06-13T16:50:35.418+0000] {logging_mixin.py:190} INFO - [2026-06-13T16:50:35.417+0000] {override.py:1900} INFO - Created Permission View: can edit on DAG:example_sensor_decorator
[2026-06-13T16:50:35.438+0000] {logging_mixin.py:190} INFO - [2026-06-13T16:50:35.437+0000] {override.py:1900} INFO - Created Permission View: can read on DAG:example_sensor_decorator
[2026-06-13T16:50:35.451+0000] {logging_mixin.py:190} INFO - [2026-06-13T16:50:35.451+0000] {override.py:1900} INFO - Created Permission View: can delete on DAG:example_sensor_decorator
[2026-06-13T16:50:35.468+0000] {logging_mixin.py:190} INFO - [2026-06-13T16:50:35.468+0000] {override.py:1900} INFO - Created Permission View: can read on DAG Run:example_sensor_decorator
[2026-06-13T16:50:35.484+0000] {logging_mixin.py:190} INFO - [2026-06-13T16:50:35.483+0000] {override.py:1900} INFO - Created Permission View: can create on DAG Run:example_sensor_decorator
[2026-06-13T16:50:35.498+0000] {logging_mixin.py:190} INFO - [2026-06-13T16:50:35.497+0000] {override.py:1900} INFO - Created Permission View: menu access on DAG Run:example_sensor_decorator
[2026-06-13T16:50:35.511+0000] {logging_mixin.py:190} INFO - [2026-06-13T16:50:35.510+0000] {override.py:1900} INFO - Created Permission View: can delete on DAG Run:example_sensor_decorator
[2026-06-13T16:50:35.512+0000] {logging_mixin.py:190} INFO - [2026-06-13T16:50:35.512+0000] {dag.py:3239} INFO - Sync 1 DAGs
[2026-06-13T16:50:35.529+0000] {logging_mixin.py:190} INFO - [2026-06-13T16:50:35.529+0000] {dag.py:3262} INFO - Creating ORM DAG for example_sensor_decorator
[2026-06-13T16:50:35.531+0000] {logging_mixin.py:190} INFO - [2026-06-13T16:50:35.530+0000] {dag.py:4180} INFO - Setting next_dagrun for example_sensor_decorator to None, run_after=None
[2026-06-13T16:50:35.559+0000] {processor.py:208} INFO - Processing /home/airflow/.local/lib/python3.12/site-packages/airflow/example_dags/example_sensor_decorator.py took 0.349 seconds
[2026-06-13T16:51:06.386+0000] {processor.py:186} INFO - Started process (PID=142) to work on /home/airflow/.local/lib/python3.12/site-packages/airflow/example_dags/example_sensor_decorator.py
[2026-06-13T16:51:06.388+0000] {processor.py:914} INFO - Processing file /home/airflow/.local/lib/python3.12/site-packages/airflow/example_dags/example_sensor_decorator.py for tasks to queue
[2026-06-13T16:51:06.392+0000] {logging_mixin.py:190} INFO - [2026-06-13T16:51:06.391+0000] {dagbag.py:588} INFO - Filling up the DagBag from /home/airflow/.local/lib/python3.12/site-packages/airflow/example_dags/example_sensor_decorator.py
[2026-06-13T16:51:06.402+0000] {processor.py:925} INFO - DAG(s) 'example_sensor_decorator' retrieved from /home/airflow/.local/lib/python3.12/site-packages/airflow/example_dags/example_sensor_decorator.py
[2026-06-13T16:51:06.430+0000] {logging_mixin.py:190} INFO - [2026-06-13T16:51:06.430+0000] {dag.py:3239} INFO - Sync 1 DAGs
[2026-06-13T16:51:06.451+0000] {logging_mixin.py:190} INFO - [2026-06-13T16:51:06.451+0000] {dag.py:4180} INFO - Setting next_dagrun for example_sensor_decorator to None, run_after=None
[2026-06-13T16:51:06.485+0000] {processor.py:208} INFO - Processing /home/airflow/.local/lib/python3.12/site-packages/airflow/example_dags/example_sensor_decorator.py took 0.106 seconds
[2026-06-13T16:51:36.685+0000] {processor.py:186} INFO - Started process (PID=204) to work on /home/airflow/.local/lib/python3.12/site-packages/airflow/example_dags/example_sensor_decorator.py
[2026-06-13T16:51:36.686+0000] {processor.py:914} INFO - Processing file /home/airflow/.local/lib/python3.12/site-packages/airflow/example_dags/example_sensor_decorator.py for tasks to queue
[2026-06-13T16:51:36.689+0000] {logging_mixin.py:190} INFO - [2026-06-13T16:51:36.688+0000] {dagbag.py:588} INFO - Filling up the DagBag from /home/airflow/.local/lib/python3.12/site-packages/airflow/example_dags/example_sensor_decorator.py
[2026-06-13T16:51:36.700+0000] {processor.py:925} INFO - DAG(s) 'example_sensor_decorator' retrieved from /home/airflow/.local/lib/python3.12/site-packages/airflow/example_dags/example_sensor_decorator.py
[2026-06-13T16:51:36.727+0000] {logging_mixin.py:190} INFO - [2026-06-13T16:51:36.727+0000] {dag.py:3239} INFO - Sync 1 DAGs
[2026-06-13T16:51:36.745+0000] {logging_mixin.py:190} INFO - [2026-06-13T16:51:36.744+0000] {dag.py:4180} INFO - Setting next_dagrun for example_sensor_decorator to None, run_after=None
[2026-06-13T16:51:36.768+0000] {processor.py:208} INFO - Processing /home/airflow/.local/lib/python3.12/site-packages/airflow/example_dags/example_sensor_decorator.py took 0.091 seconds
[2026-06-13T16:52:07.256+0000] {processor.py:186} INFO - Started process (PID=266) to work on /home/airflow/.local/lib/python3.12/site-packages/airflow/example_dags/example_sensor_decorator.py
[2026-06-13T16:52:07.259+0000] {processor.py:914} INFO - Processing file /home/airflow/.local/lib/python3.12/site-packages/airflow/example_dags/example_sensor_decorator.py for tasks to queue
[2026-06-13T16:52:07.264+0000] {logging_mixin.py:190} INFO - [2026-06-13T16:52:07.263+0000] {dagbag.py:588} INFO - Filling up the DagBag from /home/airflow/.local/lib/python3.12/site-packages/airflow/example_dags/example_sensor_decorator.py
[2026-06-13T16:52:07.278+0000] {processor.py:925} INFO - DAG(s) 'example_sensor_decorator' retrieved from /home/airflow/.local/lib/python3.12/site-packages/airflow/example_dags/example_sensor_decorator.py
[2026-06-13T16:52:07.313+0000] {logging_mixin.py:190} INFO - [2026-06-13T16:52:07.312+0000] {dag.py:3239} INFO - Sync 1 DAGs
[2026-06-13T16:52:07.338+0000] {logging_mixin.py:190} INFO - [2026-06-13T16:52:07.337+0000] {dag.py:4180} INFO - Setting next_dagrun for example_sensor_decorator to None, run_after=None
[2026-06-13T16:52:07.365+0000] {processor.py:208} INFO - Processing /home/airflow/.local/lib/python3.12/site-packages/airflow/example_dags/example_sensor_decorator.py took 0.120 seconds
[2026-06-13T16:53:30.030+0000] {processor.py:186} INFO - Started process (PID=321) to work on /home/airflow/.local/lib/python3.12/site-packages/airflow/example_dags/example_sensor_decorator.py
[2026-06-13T16:53:30.031+0000] {processor.py:914} INFO - Processing file /home/airflow/.local/lib/python3.12/site-packages/airflow/example_dags/example_sensor_decorator.py for tasks to queue
[2026-06-13T16:53:30.035+0000] {logging_mixin.py:190} INFO - [2026-06-13T16:53:30.034+0000] {dagbag.py:588} INFO - Filling up the DagBag from /home/airflow/.local/lib/python3.12/site-packages/airflow/example_dags/example_sensor_decorator.py
[2026-06-13T16:53:30.046+0000] {processor.py:925} INFO - DAG(s) 'example_sensor_decorator' retrieved from /home/airflow/.local/lib/python3.12/site-packages/airflow/example_dags/example_sensor_decorator.py
[2026-06-13T16:53:30.070+0000] {logging_mixin.py:190} INFO - [2026-06-13T16:53:30.070+0000] {dag.py:3239} INFO - Sync 1 DAGs
[2026-06-13T16:53:30.084+0000] {logging_mixin.py:190} INFO - [2026-06-13T16:53:30.084+0000] {dag.py:4180} INFO - Setting next_dagrun for example_sensor_decorator to None, run_after=None
[2026-06-13T16:53:30.104+0000] {processor.py:208} INFO - Processing /home/airflow/.local/lib/python3.12/site-packages/airflow/example_dags/example_sensor_decorator.py took 0.080 seconds
[2026-06-13T16:54:00.340+0000] {processor.py:186} INFO - Started process (PID=383) to work on /home/airflow/.local/lib/python3.12/site-packages/airflow/example_dags/example_sensor_decorator.py
[2026-06-13T16:54:00.342+0000] {processor.py:914} INFO - Processing file /home/airflow/.local/lib/python3.12/site-packages/airflow/example_dags/example_sensor_decorator.py for tasks to queue
[2026-06-13T16:54:00.345+0000] {logging_mixin.py:190} INFO - [2026-06-13T16:54:00.345+0000] {dagbag.py:588} INFO - Filling up the DagBag from /home/airflow/.local/lib/python3.12/site-packages/airflow/example_dags/example_sensor_decorator.py
[2026-06-13T16:54:00.356+0000] {processor.py:925} INFO - DAG(s) 'example_sensor_decorator' retrieved from /home/airflow/.local/lib/python3.12/site-packages/airflow/example_dags/example_sensor_decorator.py
[2026-06-13T16:54:00.383+0000] {logging_mixin.py:190} INFO - [2026-06-13T16:54:00.383+0000] {dag.py:3239} INFO - Sync 1 DAGs
[2026-06-13T16:54:00.401+0000] {logging_mixin.py:190} INFO - [2026-06-13T16:54:00.401+0000] {dag.py:4180} INFO - Setting next_dagrun for example_sensor_decorator to None, run_after=None
[2026-06-13T16:54:00.435+0000] {processor.py:208} INFO - Processing /home/airflow/.local/lib/python3.12/site-packages/airflow/example_dags/example_sensor_decorator.py took 0.103 seconds
[2026-06-13T16:54:30.599+0000] {processor.py:186} INFO - Started process (PID=445) to work on /home/airflow/.local/lib/python3.12/site-packages/airflow/example_dags/example_sensor_decorator.py
[2026-06-13T16:54:30.601+0000] {processor.py:914} INFO - Processing file /home/airflow/.local/lib/python3.12/site-packages/airflow/example_dags/example_sensor_decorator.py for tasks to queue
[2026-06-13T16:54:30.603+0000] {logging_mixin.py:190} INFO - [2026-06-13T16:54:30.603+0000] {dagbag.py:588} INFO - Filling up the DagBag from /home/airflow/.local/lib/python3.12/site-packages/airflow/example_dags/example_sensor_decorator.py
[2026-06-13T16:54:30.613+0000] {processor.py:925} INFO - DAG(s) 'example_sensor_decorator' retrieved from /home/airflow/.local/lib/python3.12/site-packages/airflow/example_dags/example_sensor_decorator.py
[2026-06-13T16:54:30.636+0000] {logging_mixin.py:190} INFO - [2026-06-13T16:54:30.636+0000] {dag.py:3239} INFO - Sync 1 DAGs
[2026-06-13T16:54:30.651+0000] {logging_mixin.py:190} INFO - [2026-06-13T16:54:30.651+0000] {dag.py:4180} INFO - Setting next_dagrun for example_sensor_decorator to None, run_after=None
[2026-06-13T16:54:30.673+0000] {processor.py:208} INFO - Processing /home/airflow/.local/lib/python3.12/site-packages/airflow/example_dags/example_sensor_decorator.py took 0.081 seconds
[2026-06-13T16:55:00.997+0000] {processor.py:186} INFO - Started process (PID=507) to work on /home/airflow/.local/lib/python3.12/site-packages/airflow/example_dags/example_sensor_decorator.py
[2026-06-13T16:55:00.999+0000] {processor.py:914} INFO - Processing file /home/airflow/.local/lib/python3.12/site-packages/airflow/example_dags/example_sensor_decorator.py for tasks to queue
[2026-06-13T16:55:01.002+0000] {logging_mixin.py:190} INFO - [2026-06-13T16:55:01.001+0000] {dagbag.py:588} INFO - Filling up the DagBag from /home/airflow/.local/lib/python3.12/site-packages/airflow/example_dags/example_sensor_decorator.py
[2026-06-13T16:55:01.010+0000] {processor.py:925} INFO - DAG(s) 'example_sensor_decorator' retrieved from /home/airflow/.local/lib/python3.12/site-packages/airflow/example_dags/example_sensor_decorator.py
[2026-06-13T16:55:01.034+0000] {logging_mixin.py:190} INFO - [2026-06-13T16:55:01.033+0000] {dag.py:3239} INFO - Sync 1 DAGs
[2026-06-13T16:55:01.048+0000] {logging_mixin.py:190} INFO - [2026-06-13T16:55:01.047+0000] {dag.py:4180} INFO - Setting next_dagrun for example_sensor_decorator to None, run_after=None
[2026-06-13T16:55:01.072+0000] {processor.py:208} INFO - Processing /home/airflow/.local/lib/python3.12/site-packages/airflow/example_dags/example_sensor_decorator.py took 0.081 seconds
[2026-06-13T16:55:31.429+0000] {processor.py:186} INFO - Started process (PID=570) to work on /home/airflow/.local/lib/python3.12/site-packages/airflow/example_dags/example_sensor_decorator.py
[2026-06-13T16:55:31.431+0000] {processor.py:914} INFO - Processing file /home/airflow/.local/lib/python3.12/site-packages/airflow/example_dags/example_sensor_decorator.py for tasks to queue
[2026-06-13T16:55:31.434+0000] {logging_mixin.py:190} INFO - [2026-06-13T16:55:31.434+0000] {dagbag.py:588} INFO - Filling up the DagBag from /home/airflow/.local/lib/python3.12/site-packages/airflow/example_dags/example_sensor_decorator.py
[2026-06-13T16:55:31.444+0000] {processor.py:925} INFO - DAG(s) 'example_sensor_decorator' retrieved from /home/airflow/.local/lib/python3.12/site-packages/airflow/example_dags/example_sensor_decorator.py
[2026-06-13T16:55:31.467+0000] {logging_mixin.py:190} INFO - [2026-06-13T16:55:31.466+0000] {dag.py:3239} INFO - Sync 1 DAGs
[2026-06-13T16:55:31.481+0000] {logging_mixin.py:190} INFO - [2026-06-13T16:55:31.480+0000] {dag.py:4180} INFO - Setting next_dagrun for example_sensor_decorator to None, run_after=None
[2026-06-13T16:55:31.506+0000] {processor.py:208} INFO - Processing /home/airflow/.local/lib/python3.12/site-packages/airflow/example_dags/example_sensor_decorator.py took 0.084 seconds
[2026-06-13T16:56:01.764+0000] {processor.py:186} INFO - Started process (PID=632) to work on /home/airflow/.local/lib/python3.12/site-packages/airflow/example_dags/example_sensor_decorator.py
[2026-06-13T16:56:01.765+0000] {processor.py:914} INFO - Processing file /home/airflow/.local/lib/python3.12/site-packages/airflow/example_dags/example_sensor_decorator.py for tasks to queue
[2026-06-13T16:56:01.768+0000] {logging_mixin.py:190} INFO - [2026-06-13T16:56:01.767+0000] {dagbag.py:588} INFO - Filling up the DagBag from /home/airflow/.local/lib/python3.12/site-packages/airflow/example_dags/example_sensor_decorator.py
[2026-06-13T16:56:01.777+0000] {processor.py:925} INFO - DAG(s) 'example_sensor_decorator' retrieved from /home/airflow/.local/lib/python3.12/site-packages/airflow/example_dags/example_sensor_decorator.py
[2026-06-13T16:56:01.799+0000] {logging_mixin.py:190} INFO - [2026-06-13T16:56:01.798+0000] {dag.py:3239} INFO - Sync 1 DAGs
[2026-06-13T16:56:01.812+0000] {logging_mixin.py:190} INFO - [2026-06-13T16:56:01.811+0000] {dag.py:4180} INFO - Setting next_dagrun for example_sensor_decorator to None, run_after=None
[2026-06-13T16:56:01.831+0000] {processor.py:208} INFO - Processing /home/airflow/.local/lib/python3.12/site-packages/airflow/example_dags/example_sensor_decorator.py took 0.074 seconds
[2026-06-13T16:56:32.094+0000] {processor.py:186} INFO - Started process (PID=694) to work on /home/airflow/.local/lib/python3.12/site-packages/airflow/example_dags/example_sensor_decorator.py
[2026-06-13T16:56:32.095+0000] {processor.py:914} INFO - Processing file /home/airflow/.local/lib/python3.12/site-packages/airflow/example_dags/example_sensor_decorator.py for tasks to queue
[2026-06-13T16:56:32.097+0000] {logging_mixin.py:190} INFO - [2026-06-13T16:56:32.097+0000] {dagbag.py:588} INFO - Filling up the DagBag from /home/airflow/.local/lib/python3.12/site-packages/airflow/example_dags/example_sensor_decorator.py
[2026-06-13T16:56:32.106+0000] {processor.py:925} INFO - DAG(s) 'example_sensor_decorator' retrieved from /home/airflow/.local/lib/python3.12/site-packages/airflow/example_dags/example_sensor_decorator.py
[2026-06-13T16:56:32.129+0000] {logging_mixin.py:190} INFO - [2026-06-13T16:56:32.129+0000] {dag.py:3239} INFO - Sync 1 DAGs
[2026-06-13T16:56:32.147+0000] {logging_mixin.py:190} INFO - [2026-06-13T16:56:32.147+0000] {dag.py:4180} INFO - Setting next_dagrun for example_sensor_decorator to None, run_after=None
[2026-06-13T16:56:32.172+0000] {processor.py:208} INFO - Processing /home/airflow/.local/lib/python3.12/site-packages/airflow/example_dags/example_sensor_decorator.py took 0.084 seconds
[2026-06-13T16:57:02.395+0000] {processor.py:186} INFO - Started process (PID=756) to work on /home/airflow/.local/lib/python3.12/site-packages/airflow/example_dags/example_sensor_decorator.py
[2026-06-13T16:57:02.396+0000] {processor.py:914} INFO - Processing file /home/airflow/.local/lib/python3.12/site-packages/airflow/example_dags/example_sensor_decorator.py for tasks to queue
[2026-06-13T16:57:02.398+0000] {logging_mixin.py:190} INFO - [2026-06-13T16:57:02.398+0000] {dagbag.py:588} INFO - Filling up the DagBag from /home/airflow/.local/lib/python3.12/site-packages/airflow/example_dags/example_sensor_decorator.py
[2026-06-13T16:57:02.408+0000] {processor.py:925} INFO - DAG(s) 'example_sensor_decorator' retrieved from /home/airflow/.local/lib/python3.12/site-packages/airflow/example_dags/example_sensor_decorator.py
[2026-06-13T16:57:02.430+0000] {logging_mixin.py:190} INFO - [2026-06-13T16:57:02.430+0000] {dag.py:3239} INFO - Sync 1 DAGs
[2026-06-13T16:57:02.445+0000] {logging_mixin.py:190} INFO - [2026-06-13T16:57:02.444+0000] {dag.py:4180} INFO - Setting next_dagrun for example_sensor_decorator to None, run_after=None
[2026-06-13T16:57:02.471+0000] {processor.py:208} INFO - Processing /home/airflow/.local/lib/python3.12/site-packages/airflow/example_dags/example_sensor_decorator.py took 0.083 seconds
[2026-06-13T16:57:32.900+0000] {processor.py:186} INFO - Started process (PID=818) to work on /home/airflow/.local/lib/python3.12/site-packages/airflow/example_dags/example_sensor_decorator.py
[2026-06-13T16:57:32.902+0000] {processor.py:914} INFO - Processing file /home/airflow/.local/lib/python3.12/site-packages/airflow/example_dags/example_sensor_decorator.py for tasks to queue
[2026-06-13T16:57:32.905+0000] {logging_mixin.py:190} INFO - [2026-06-13T16:57:32.905+0000] {dagbag.py:588} INFO - Filling up the DagBag from /home/airflow/.local/lib/python3.12/site-packages/airflow/example_dags/example_sensor_decorator.py
[2026-06-13T16:57:32.918+0000] {processor.py:925} INFO - DAG(s) 'example_sensor_decorator' retrieved from /home/airflow/.local/lib/python3.12/site-packages/airflow/example_dags/example_sensor_decorator.py
[2026-06-13T16:57:32.944+0000] {logging_mixin.py:190} INFO - [2026-06-13T16:57:32.944+0000] {dag.py:3239} INFO - Sync 1 DAGs
[2026-06-13T16:57:32.965+0000] {logging_mixin.py:190} INFO - [2026-06-13T16:57:32.965+0000] {dag.py:4180} INFO - Setting next_dagrun for example_sensor_decorator to None, run_after=None
[2026-06-13T16:57:32.992+0000] {processor.py:208} INFO - Processing /home/airflow/.local/lib/python3.12/site-packages/airflow/example_dags/example_sensor_decorator.py took 0.100 seconds
[2026-06-13T16:58:03.958+0000] {processor.py:186} INFO - Started process (PID=880) to work on /home/airflow/.local/lib/python3.12/site-packages/airflow/example_dags/example_sensor_decorator.py
[2026-06-13T16:58:03.960+0000] {processor.py:914} INFO - Processing file /home/airflow/.local/lib/python3.12/site-packages/airflow/example_dags/example_sensor_decorator.py for tasks to queue
[2026-06-13T16:58:03.967+0000] {logging_mixin.py:190} INFO - [2026-06-13T16:58:03.965+0000] {dagbag.py:588} INFO - Filling up the DagBag from /home/airflow/.local/lib/python3.12/site-packages/airflow/example_dags/example_sensor_decorator.py
[2026-06-13T16:58:03.980+0000] {processor.py:925} INFO - DAG(s) 'example_sensor_decorator' retrieved from /home/airflow/.local/lib/python3.12/site-packages/airflow/example_dags/example_sensor_decorator.py
[2026-06-13T16:58:04.015+0000] {logging_mixin.py:190} INFO - [2026-06-13T16:58:04.015+0000] {dag.py:3239} INFO - Sync 1 DAGs
[2026-06-13T16:58:04.040+0000] {logging_mixin.py:190} INFO - [2026-06-13T16:58:04.040+0000] {dag.py:4180} INFO - Setting next_dagrun for example_sensor_decorator to None, run_after=None
[2026-06-13T16:58:04.074+0000] {processor.py:208} INFO - Processing /home/airflow/.local/lib/python3.12/site-packages/airflow/example_dags/example_sensor_decorator.py took 0.125 seconds
[2026-06-13T16:58:34.250+0000] {processor.py:186} INFO - Started process (PID=942) to work on /home/airflow/.local/lib/python3.12/site-packages/airflow/example_dags/example_sensor_decorator.py
[2026-06-13T16:58:34.251+0000] {processor.py:914} INFO - Processing file /home/airflow/.local/lib/python3.12/site-packages/airflow/example_dags/example_sensor_decorator.py for tasks to queue
[2026-06-13T16:58:34.256+0000] {logging_mixin.py:190} INFO - [2026-06-13T16:58:34.255+0000] {dagbag.py:588} INFO - Filling up the DagBag from /home/airflow/.local/lib/python3.12/site-packages/airflow/example_dags/example_sensor_decorator.py
[2026-06-13T16:58:34.269+0000] {processor.py:925} INFO - DAG(s) 'example_sensor_decorator' retrieved from /home/airflow/.local/lib/python3.12/site-packages/airflow/example_dags/example_sensor_decorator.py
[2026-06-13T16:58:34.301+0000] {logging_mixin.py:190} INFO - [2026-06-13T16:58:34.301+0000] {dag.py:3239} INFO - Sync 1 DAGs
[2026-06-13T16:58:34.325+0000] {logging_mixin.py:190} INFO - [2026-06-13T16:58:34.324+0000] {dag.py:4180} INFO - Setting next_dagrun for example_sensor_decorator to None, run_after=None
[2026-06-13T16:58:34.354+0000] {processor.py:208} INFO - Processing /home/airflow/.local/lib/python3.12/site-packages/airflow/example_dags/example_sensor_decorator.py took 0.115 seconds
[2026-06-13T16:59:04.645+0000] {processor.py:186} INFO - Started process (PID=1004) to work on /home/airflow/.local/lib/python3.12/site-packages/airflow/example_dags/example_sensor_decorator.py
[2026-06-13T16:59:04.647+0000] {processor.py:914} INFO - Processing file /home/airflow/.local/lib/python3.12/site-packages/airflow/example_dags/example_sensor_decorator.py for tasks to queue
[2026-06-13T16:59:04.652+0000] {logging_mixin.py:190} INFO - [2026-06-13T16:59:04.651+0000] {dagbag.py:588} INFO - Filling up the DagBag from /home/airflow/.local/lib/python3.12/site-packages/airflow/example_dags/example_sensor_decorator.py
[2026-06-13T16:59:04.671+0000] {processor.py:925} INFO - DAG(s) 'example_sensor_decorator' retrieved from /home/airflow/.local/lib/python3.12/site-packages/airflow/example_dags/example_sensor_decorator.py
[2026-06-13T16:59:04.726+0000] {logging_mixin.py:190} INFO - [2026-06-13T16:59:04.725+0000] {dag.py:3239} INFO - Sync 1 DAGs
[2026-06-13T16:59:04.758+0000] {logging_mixin.py:190} INFO - [2026-06-13T16:59:04.757+0000] {dag.py:4180} INFO - Setting next_dagrun for example_sensor_decorator to None, run_after=None
[2026-06-13T16:59:04.806+0000] {processor.py:208} INFO - Processing /home/airflow/.local/lib/python3.12/site-packages/airflow/example_dags/example_sensor_decorator.py took 0.171 seconds
[2026-06-13T16:59:34.910+0000] {processor.py:186} INFO - Started process (PID=1066) to work on /home/airflow/.local/lib/python3.12/site-packages/airflow/example_dags/example_sensor_decorator.py
[2026-06-13T16:59:34.912+0000] {processor.py:914} INFO - Processing file /home/airflow/.local/lib/python3.12/site-packages/airflow/example_dags/example_sensor_decorator.py for tasks to queue
[2026-06-13T16:59:34.918+0000] {logging_mixin.py:190} INFO - [2026-06-13T16:59:34.917+0000] {dagbag.py:588} INFO - Filling up the DagBag from /home/airflow/.local/lib/python3.12/site-packages/airflow/example_dags/example_sensor_decorator.py
[2026-06-13T16:59:34.938+0000] {processor.py:925} INFO - DAG(s) 'example_sensor_decorator' retrieved from /home/airflow/.local/lib/python3.12/site-packages/airflow/example_dags/example_sensor_decorator.py
[2026-06-13T16:59:34.986+0000] {logging_mixin.py:190} INFO - [2026-06-13T16:59:34.986+0000] {dag.py:3239} INFO - Sync 1 DAGs
[2026-06-13T16:59:35.011+0000] {logging_mixin.py:190} INFO - [2026-06-13T16:59:35.010+0000] {dag.py:4180} INFO - Setting next_dagrun for example_sensor_decorator to None, run_after=None
[2026-06-13T16:59:35.038+0000] {processor.py:208} INFO - Processing /home/airflow/.local/lib/python3.12/site-packages/airflow/example_dags/example_sensor_decorator.py took 0.138 seconds
[2026-06-13T17:00:05.717+0000] {processor.py:186} INFO - Started process (PID=1128) to work on /home/airflow/.local/lib/python3.12/site-packages/airflow/example_dags/example_sensor_decorator.py
[2026-06-13T17:00:05.719+0000] {processor.py:914} INFO - Processing file /home/airflow/.local/lib/python3.12/site-packages/airflow/example_dags/example_sensor_decorator.py for tasks to queue
[2026-06-13T17:00:05.723+0000] {logging_mixin.py:190} INFO - [2026-06-13T17:00:05.722+0000] {dagbag.py:588} INFO - Filling up the DagBag from /home/airflow/.local/lib/python3.12/site-packages/airflow/example_dags/example_sensor_decorator.py
[2026-06-13T17:00:05.736+0000] {processor.py:925} INFO - DAG(s) 'example_sensor_decorator' retrieved from /home/airflow/.local/lib/python3.12/site-packages/airflow/example_dags/example_sensor_decorator.py
[2026-06-13T17:00:05.768+0000] {logging_mixin.py:190} INFO - [2026-06-13T17:00:05.768+0000] {dag.py:3239} INFO - Sync 1 DAGs
[2026-06-13T17:00:05.792+0000] {logging_mixin.py:190} INFO - [2026-06-13T17:00:05.792+0000] {dag.py:4180} INFO - Setting next_dagrun for example_sensor_decorator to None, run_after=None
[2026-06-13T17:00:05.820+0000] {processor.py:208} INFO - Processing /home/airflow/.local/lib/python3.12/site-packages/airflow/example_dags/example_sensor_decorator.py took 0.114 seconds
[2026-06-13T17:00:35.911+0000] {processor.py:186} INFO - Started process (PID=1190) to work on /home/airflow/.local/lib/python3.12/site-packages/airflow/example_dags/example_sensor_decorator.py
[2026-06-13T17:00:35.912+0000] {processor.py:914} INFO - Processing file /home/airflow/.local/lib/python3.12/site-packages/airflow/example_dags/example_sensor_decorator.py for tasks to queue
[2026-06-13T17:00:35.917+0000] {logging_mixin.py:190} INFO - [2026-06-13T17:00:35.916+0000] {dagbag.py:588} INFO - Filling up the DagBag from /home/airflow/.local/lib/python3.12/site-packages/airflow/example_dags/example_sensor_decorator.py
[2026-06-13T17:00:35.930+0000] {processor.py:925} INFO - DAG(s) 'example_sensor_decorator' retrieved from /home/airflow/.local/lib/python3.12/site-packages/airflow/example_dags/example_sensor_decorator.py
[2026-06-13T17:00:35.964+0000] {logging_mixin.py:190} INFO - [2026-06-13T17:00:35.964+0000] {dag.py:3239} INFO - Sync 1 DAGs
[2026-06-13T17:00:35.996+0000] {logging_mixin.py:190} INFO - [2026-06-13T17:00:35.996+0000] {dag.py:4180} INFO - Setting next_dagrun for example_sensor_decorator to None, run_after=None
[2026-06-13T17:00:36.027+0000] {processor.py:208} INFO - Processing /home/airflow/.local/lib/python3.12/site-packages/airflow/example_dags/example_sensor_decorator.py took 0.126 seconds
[2026-06-13T17:01:06.363+0000] {processor.py:186} INFO - Started process (PID=1252) to work on /home/airflow/.local/lib/python3.12/site-packages/airflow/example_dags/example_sensor_decorator.py
[2026-06-13T17:01:06.364+0000] {processor.py:914} INFO - Processing file /home/airflow/.local/lib/python3.12/site-packages/airflow/example_dags/example_sensor_decorator.py for tasks to queue
[2026-06-13T17:01:06.368+0000] {logging_mixin.py:190} INFO - [2026-06-13T17:01:06.368+0000] {dagbag.py:588} INFO - Filling up the DagBag from /home/airflow/.local/lib/python3.12/site-packages/airflow/example_dags/example_sensor_decorator.py
[2026-06-13T17:01:06.380+0000] {processor.py:925} INFO - DAG(s) 'example_sensor_decorator' retrieved from /home/airflow/.local/lib/python3.12/site-packages/airflow/example_dags/example_sensor_decorator.py
[2026-06-13T17:01:06.407+0000] {logging_mixin.py:190} INFO - [2026-06-13T17:01:06.407+0000] {dag.py:3239} INFO - Sync 1 DAGs
[2026-06-13T17:01:06.429+0000] {logging_mixin.py:190} INFO - [2026-06-13T17:01:06.429+0000] {dag.py:4180} INFO - Setting next_dagrun for example_sensor_decorator to None, run_after=None
[2026-06-13T17:01:06.461+0000] {processor.py:208} INFO - Processing /home/airflow/.local/lib/python3.12/site-packages/airflow/example_dags/example_sensor_decorator.py took 0.107 seconds
[2026-06-13T17:01:36.914+0000] {processor.py:186} INFO - Started process (PID=1314) to work on /home/airflow/.local/lib/python3.12/site-packages/airflow/example_dags/example_sensor_decorator.py
[2026-06-13T17:01:36.916+0000] {processor.py:914} INFO - Processing file /home/airflow/.local/lib/python3.12/site-packages/airflow/example_dags/example_sensor_decorator.py for tasks to queue
[2026-06-13T17:01:36.919+0000] {logging_mixin.py:190} INFO - [2026-06-13T17:01:36.919+0000] {dagbag.py:588} INFO - Filling up the DagBag from /home/airflow/.local/lib/python3.12/site-packages/airflow/example_dags/example_sensor_decorator.py
[2026-06-13T17:01:36.930+0000] {processor.py:925} INFO - DAG(s) 'example_sensor_decorator' retrieved from /home/airflow/.local/lib/python3.12/site-packages/airflow/example_dags/example_sensor_decorator.py
[2026-06-13T17:01:36.959+0000] {logging_mixin.py:190} INFO - [2026-06-13T17:01:36.959+0000] {dag.py:3239} INFO - Sync 1 DAGs
[2026-06-13T17:01:36.979+0000] {logging_mixin.py:190} INFO - [2026-06-13T17:01:36.978+0000] {dag.py:4180} INFO - Setting next_dagrun for example_sensor_decorator to None, run_after=None
[2026-06-13T17:01:37.005+0000] {processor.py:208} INFO - Processing /home/airflow/.local/lib/python3.12/site-packages/airflow/example_dags/example_sensor_decorator.py took 0.100 seconds
[2026-06-13T17:02:07.153+0000] {processor.py:186} INFO - Started process (PID=1376) to work on /home/airflow/.local/lib/python3.12/site-packages/airflow/example_dags/example_sensor_decorator.py
[2026-06-13T17:02:07.155+0000] {processor.py:914} INFO - Processing file /home/airflow/.local/lib/python3.12/site-packages/airflow/example_dags/example_sensor_decorator.py for tasks to queue
[2026-06-13T17:02:07.159+0000] {logging_mixin.py:190} INFO - [2026-06-13T17:02:07.158+0000] {dagbag.py:588} INFO - Filling up the DagBag from /home/airflow/.local/lib/python3.12/site-packages/airflow/example_dags/example_sensor_decorator.py
[2026-06-13T17:02:07.172+0000] {processor.py:925} INFO - DAG(s) 'example_sensor_decorator' retrieved from /home/airflow/.local/lib/python3.12/site-packages/airflow/example_dags/example_sensor_decorator.py
[2026-06-13T17:02:07.208+0000] {logging_mixin.py:190} INFO - [2026-06-13T17:02:07.208+0000] {dag.py:3239} INFO - Sync 1 DAGs
[2026-06-13T17:02:07.231+0000] {logging_mixin.py:190} INFO - [2026-06-13T17:02:07.230+0000] {dag.py:4180} INFO - Setting next_dagrun for example_sensor_decorator to None, run_after=None
[2026-06-13T17:02:07.263+0000] {processor.py:208} INFO - Processing /home/airflow/.local/lib/python3.12/site-packages/airflow/example_dags/example_sensor_decorator.py took 0.118 seconds
[2026-06-13T17:02:37.678+0000] {processor.py:186} INFO - Started process (PID=1438) to work on /home/airflow/.local/lib/python3.12/site-packages/airflow/example_dags/example_sensor_decorator.py
[2026-06-13T17:02:37.680+0000] {processor.py:914} INFO - Processing file /home/airflow/.local/lib/python3.12/site-packages/airflow/example_dags/example_sensor_decorator.py for tasks to queue
[2026-06-13T17:02:37.685+0000] {logging_mixin.py:190} INFO - [2026-06-13T17:02:37.685+0000] {dagbag.py:588} INFO - Filling up the DagBag from /home/airflow/.local/lib/python3.12/site-packages/airflow/example_dags/example_sensor_decorator.py
[2026-06-13T17:02:37.698+0000] {processor.py:925} INFO - DAG(s) 'example_sensor_decorator' retrieved from /home/airflow/.local/lib/python3.12/site-packages/airflow/example_dags/example_sensor_decorator.py
[2026-06-13T17:02:37.736+0000] {logging_mixin.py:190} INFO - [2026-06-13T17:02:37.735+0000] {dag.py:3239} INFO - Sync 1 DAGs
[2026-06-13T17:02:37.757+0000] {logging_mixin.py:190} INFO - [2026-06-13T17:02:37.756+0000] {dag.py:4180} INFO - Setting next_dagrun for example_sensor_decorator to None, run_after=None
[2026-06-13T17:02:37.793+0000] {processor.py:208} INFO - Processing /home/airflow/.local/lib/python3.12/site-packages/airflow/example_dags/example_sensor_decorator.py took 0.125 seconds
[2026-06-13T17:03:07.935+0000] {processor.py:186} INFO - Started process (PID=1500) to work on /home/airflow/.local/lib/python3.12/site-packages/airflow/example_dags/example_sensor_decorator.py
[2026-06-13T17:03:07.937+0000] {processor.py:914} INFO - Processing file /home/airflow/.local/lib/python3.12/site-packages/airflow/example_dags/example_sensor_decorator.py for tasks to queue
[2026-06-13T17:03:07.941+0000] {logging_mixin.py:190} INFO - [2026-06-13T17:03:07.941+0000] {dagbag.py:588} INFO - Filling up the DagBag from /home/airflow/.local/lib/python3.12/site-packages/airflow/example_dags/example_sensor_decorator.py
[2026-06-13T17:03:07.955+0000] {processor.py:925} INFO - DAG(s) 'example_sensor_decorator' retrieved from /home/airflow/.local/lib/python3.12/site-packages/airflow/example_dags/example_sensor_decorator.py
[2026-06-13T17:03:07.985+0000] {logging_mixin.py:190} INFO - [2026-06-13T17:03:07.985+0000] {dag.py:3239} INFO - Sync 1 DAGs
[2026-06-13T17:03:08.012+0000] {logging_mixin.py:190} INFO - [2026-06-13T17:03:08.011+0000] {dag.py:4180} INFO - Setting next_dagrun for example_sensor_decorator to None, run_after=None
[2026-06-13T17:03:08.047+0000] {processor.py:208} INFO - Processing /home/airflow/.local/lib/python3.12/site-packages/airflow/example_dags/example_sensor_decorator.py took 0.121 seconds
[2026-06-13T17:03:38.659+0000] {processor.py:186} INFO - Started process (PID=1562) to work on /home/airflow/.local/lib/python3.12/site-packages/airflow/example_dags/example_sensor_decorator.py
[2026-06-13T17:03:38.661+0000] {processor.py:914} INFO - Processing file /home/airflow/.local/lib/python3.12/site-packages/airflow/example_dags/example_sensor_decorator.py for tasks to queue
[2026-06-13T17:03:38.665+0000] {logging_mixin.py:190} INFO - [2026-06-13T17:03:38.664+0000] {dagbag.py:588} INFO - Filling up the DagBag from /home/airflow/.local/lib/python3.12/site-packages/airflow/example_dags/example_sensor_decorator.py
[2026-06-13T17:03:38.678+0000] {processor.py:925} INFO - DAG(s) 'example_sensor_decorator' retrieved from /home/airflow/.local/lib/python3.12/site-packages/airflow/example_dags/example_sensor_decorator.py
[2026-06-13T17:03:38.712+0000] {logging_mixin.py:190} INFO - [2026-06-13T17:03:38.712+0000] {dag.py:3239} INFO - Sync 1 DAGs
[2026-06-13T17:03:38.736+0000] {logging_mixin.py:190} INFO - [2026-06-13T17:03:38.736+0000] {dag.py:4180} INFO - Setting next_dagrun for example_sensor_decorator to None, run_after=None
[2026-06-13T17:03:38.774+0000] {processor.py:208} INFO - Processing /home/airflow/.local/lib/python3.12/site-packages/airflow/example_dags/example_sensor_decorator.py took 0.125 seconds
[2026-06-13T17:04:09.471+0000] {processor.py:186} INFO - Started process (PID=1624) to work on /home/airflow/.local/lib/python3.12/site-packages/airflow/example_dags/example_sensor_decorator.py
[2026-06-13T17:04:09.473+0000] {processor.py:914} INFO - Processing file /home/airflow/.local/lib/python3.12/site-packages/airflow/example_dags/example_sensor_decorator.py for tasks to queue
[2026-06-13T17:04:09.477+0000] {logging_mixin.py:190} INFO - [2026-06-13T17:04:09.477+0000] {dagbag.py:588} INFO - Filling up the DagBag from /home/airflow/.local/lib/python3.12/site-packages/airflow/example_dags/example_sensor_decorator.py
[2026-06-13T17:04:09.488+0000] {processor.py:925} INFO - DAG(s) 'example_sensor_decorator' retrieved from /home/airflow/.local/lib/python3.12/site-packages/airflow/example_dags/example_sensor_decorator.py
[2026-06-13T17:04:09.519+0000] {logging_mixin.py:190} INFO - [2026-06-13T17:04:09.519+0000] {dag.py:3239} INFO - Sync 1 DAGs
[2026-06-13T17:04:09.543+0000] {logging_mixin.py:190} INFO - [2026-06-13T17:04:09.542+0000] {dag.py:4180} INFO - Setting next_dagrun for example_sensor_decorator to None, run_after=None
[2026-06-13T17:04:09.577+0000] {processor.py:208} INFO - Processing /home/airflow/.local/lib/python3.12/site-packages/airflow/example_dags/example_sensor_decorator.py took 0.115 seconds
[2026-06-13T17:04:39.816+0000] {processor.py:186} INFO - Started process (PID=1686) to work on /home/airflow/.local/lib/python3.12/site-packages/airflow/example_dags/example_sensor_decorator.py
[2026-06-13T17:04:39.818+0000] {processor.py:914} INFO - Processing file /home/airflow/.local/lib/python3.12/site-packages/airflow/example_dags/example_sensor_decorator.py for tasks to queue
[2026-06-13T17:04:39.821+0000] {logging_mixin.py:190} INFO - [2026-06-13T17:04:39.821+0000] {dagbag.py:588} INFO - Filling up the DagBag from /home/airflow/.local/lib/python3.12/site-packages/airflow/example_dags/example_sensor_decorator.py
[2026-06-13T17:04:39.836+0000] {processor.py:925} INFO - DAG(s) 'example_sensor_decorator' retrieved from /home/airflow/.local/lib/python3.12/site-packages/airflow/example_dags/example_sensor_decorator.py
[2026-06-13T17:04:39.870+0000] {logging_mixin.py:190} INFO - [2026-06-13T17:04:39.870+0000] {dag.py:3239} INFO - Sync 1 DAGs
[2026-06-13T17:04:39.891+0000] {logging_mixin.py:190} INFO - [2026-06-13T17:04:39.890+0000] {dag.py:4180} INFO - Setting next_dagrun for example_sensor_decorator to None, run_after=None
[2026-06-13T17:04:39.921+0000] {processor.py:208} INFO - Processing /home/airflow/.local/lib/python3.12/site-packages/airflow/example_dags/example_sensor_decorator.py took 0.115 seconds
[2026-06-13T17:05:10.294+0000] {processor.py:186} INFO - Started process (PID=1748) to work on /home/airflow/.local/lib/python3.12/site-packages/airflow/example_dags/example_sensor_decorator.py
[2026-06-13T17:05:10.296+0000] {processor.py:914} INFO - Processing file /home/airflow/.local/lib/python3.12/site-packages/airflow/example_dags/example_sensor_decorator.py for tasks to queue
[2026-06-13T17:05:10.300+0000] {logging_mixin.py:190} INFO - [2026-06-13T17:05:10.299+0000] {dagbag.py:588} INFO - Filling up the DagBag from /home/airflow/.local/lib/python3.12/site-packages/airflow/example_dags/example_sensor_decorator.py
[2026-06-13T17:05:10.311+0000] {processor.py:925} INFO - DAG(s) 'example_sensor_decorator' retrieved from /home/airflow/.local/lib/python3.12/site-packages/airflow/example_dags/example_sensor_decorator.py
[2026-06-13T17:05:10.340+0000] {logging_mixin.py:190} INFO - [2026-06-13T17:05:10.340+0000] {dag.py:3239} INFO - Sync 1 DAGs
[2026-06-13T17:05:10.361+0000] {logging_mixin.py:190} INFO - [2026-06-13T17:05:10.360+0000] {dag.py:4180} INFO - Setting next_dagrun for example_sensor_decorator to None, run_after=None
[2026-06-13T17:05:10.390+0000] {processor.py:208} INFO - Processing /home/airflow/.local/lib/python3.12/site-packages/airflow/example_dags/example_sensor_decorator.py took 0.105 seconds
[2026-06-13T17:05:40.568+0000] {processor.py:186} INFO - Started process (PID=1810) to work on /home/airflow/.local/lib/python3.12/site-packages/airflow/example_dags/example_sensor_decorator.py
[2026-06-13T17:05:40.570+0000] {processor.py:914} INFO - Processing file /home/airflow/.local/lib/python3.12/site-packages/airflow/example_dags/example_sensor_decorator.py for tasks to queue
[2026-06-13T17:05:40.578+0000] {logging_mixin.py:190} INFO - [2026-06-13T17:05:40.578+0000] {dagbag.py:588} INFO - Filling up the DagBag from /home/airflow/.local/lib/python3.12/site-packages/airflow/example_dags/example_sensor_decorator.py
[2026-06-13T17:05:40.590+0000] {processor.py:925} INFO - DAG(s) 'example_sensor_decorator' retrieved from /home/airflow/.local/lib/python3.12/site-packages/airflow/example_dags/example_sensor_decorator.py
[2026-06-13T17:05:40.614+0000] {logging_mixin.py:190} INFO - [2026-06-13T17:05:40.614+0000] {dag.py:3239} INFO - Sync 1 DAGs
[2026-06-13T17:05:40.632+0000] {logging_mixin.py:190} INFO - [2026-06-13T17:05:40.632+0000] {dag.py:4180} INFO - Setting next_dagrun for example_sensor_decorator to None, run_after=None
[2026-06-13T17:05:40.657+0000] {processor.py:208} INFO - Processing /home/airflow/.local/lib/python3.12/site-packages/airflow/example_dags/example_sensor_decorator.py took 0.097 seconds
[2026-06-13T17:06:10.869+0000] {processor.py:186} INFO - Started process (PID=1872) to work on /home/airflow/.local/lib/python3.12/site-packages/airflow/example_dags/example_sensor_decorator.py
[2026-06-13T17:06:10.871+0000] {processor.py:914} INFO - Processing file /home/airflow/.local/lib/python3.12/site-packages/airflow/example_dags/example_sensor_decorator.py for tasks to queue
[2026-06-13T17:06:10.874+0000] {logging_mixin.py:190} INFO - [2026-06-13T17:06:10.874+0000] {dagbag.py:588} INFO - Filling up the DagBag from /home/airflow/.local/lib/python3.12/site-packages/airflow/example_dags/example_sensor_decorator.py
[2026-06-13T17:06:10.885+0000] {processor.py:925} INFO - DAG(s) 'example_sensor_decorator' retrieved from /home/airflow/.local/lib/python3.12/site-packages/airflow/example_dags/example_sensor_decorator.py
[2026-06-13T17:06:10.913+0000] {logging_mixin.py:190} INFO - [2026-06-13T17:06:10.912+0000] {dag.py:3239} INFO - Sync 1 DAGs
[2026-06-13T17:06:10.930+0000] {logging_mixin.py:190} INFO - [2026-06-13T17:06:10.930+0000] {dag.py:4180} INFO - Setting next_dagrun for example_sensor_decorator to None, run_after=None
[2026-06-13T17:06:10.974+0000] {processor.py:208} INFO - Processing /home/airflow/.local/lib/python3.12/site-packages/airflow/example_dags/example_sensor_decorator.py took 0.114 seconds
[2026-06-13T17:06:41.410+0000] {processor.py:186} INFO - Started process (PID=1935) to work on /home/airflow/.local/lib/python3.12/site-packages/airflow/example_dags/example_sensor_decorator.py
[2026-06-13T17:06:41.411+0000] {processor.py:914} INFO - Processing file /home/airflow/.local/lib/python3.12/site-packages/airflow/example_dags/example_sensor_decorator.py for tasks to queue
[2026-06-13T17:06:41.415+0000] {logging_mixin.py:190} INFO - [2026-06-13T17:06:41.414+0000] {dagbag.py:588} INFO - Filling up the DagBag from /home/airflow/.local/lib/python3.12/site-packages/airflow/example_dags/example_sensor_decorator.py
[2026-06-13T17:06:41.428+0000] {processor.py:925} INFO - DAG(s) 'example_sensor_decorator' retrieved from /home/airflow/.local/lib/python3.12/site-packages/airflow/example_dags/example_sensor_decorator.py
[2026-06-13T17:06:41.458+0000] {logging_mixin.py:190} INFO - [2026-06-13T17:06:41.458+0000] {dag.py:3239} INFO - Sync 1 DAGs
[2026-06-13T17:06:41.481+0000] {logging_mixin.py:190} INFO - [2026-06-13T17:06:41.480+0000] {dag.py:4180} INFO - Setting next_dagrun for example_sensor_decorator to None, run_after=None
[2026-06-13T17:06:41.517+0000] {processor.py:208} INFO - Processing /home/airflow/.local/lib/python3.12/site-packages/airflow/example_dags/example_sensor_decorator.py took 0.118 seconds
[2026-06-13T17:07:12.417+0000] {processor.py:186} INFO - Started process (PID=1997) to work on /home/airflow/.local/lib/python3.12/site-packages/airflow/example_dags/example_sensor_decorator.py
[2026-06-13T17:07:12.420+0000] {processor.py:914} INFO - Processing file /home/airflow/.local/lib/python3.12/site-packages/airflow/example_dags/example_sensor_decorator.py for tasks to queue
[2026-06-13T17:07:12.424+0000] {logging_mixin.py:190} INFO - [2026-06-13T17:07:12.423+0000] {dagbag.py:588} INFO - Filling up the DagBag from /home/airflow/.local/lib/python3.12/site-packages/airflow/example_dags/example_sensor_decorator.py
[2026-06-13T17:07:12.437+0000] {processor.py:925} INFO - DAG(s) 'example_sensor_decorator' retrieved from /home/airflow/.local/lib/python3.12/site-packages/airflow/example_dags/example_sensor_decorator.py
[2026-06-13T17:07:12.466+0000] {logging_mixin.py:190} INFO - [2026-06-13T17:07:12.466+0000] {dag.py:3239} INFO - Sync 1 DAGs
[2026-06-13T17:07:12.483+0000] {logging_mixin.py:190} INFO - [2026-06-13T17:07:12.483+0000] {dag.py:4180} INFO - Setting next_dagrun for example_sensor_decorator to None, run_after=None
[2026-06-13T17:07:12.515+0000] {processor.py:208} INFO - Processing /home/airflow/.local/lib/python3.12/site-packages/airflow/example_dags/example_sensor_decorator.py took 0.107 seconds
[2026-06-13T17:07:43.289+0000] {processor.py:186} INFO - Started process (PID=2059) to work on /home/airflow/.local/lib/python3.12/site-packages/airflow/example_dags/example_sensor_decorator.py
[2026-06-13T17:07:43.291+0000] {processor.py:914} INFO - Processing file /home/airflow/.local/lib/python3.12/site-packages/airflow/example_dags/example_sensor_decorator.py for tasks to queue
[2026-06-13T17:07:43.296+0000] {logging_mixin.py:190} INFO - [2026-06-13T17:07:43.295+0000] {dagbag.py:588} INFO - Filling up the DagBag from /home/airflow/.local/lib/python3.12/site-packages/airflow/example_dags/example_sensor_decorator.py
[2026-06-13T17:07:43.315+0000] {processor.py:925} INFO - DAG(s) 'example_sensor_decorator' retrieved from /home/airflow/.local/lib/python3.12/site-packages/airflow/example_dags/example_sensor_decorator.py
[2026-06-13T17:07:43.349+0000] {logging_mixin.py:190} INFO - [2026-06-13T17:07:43.349+0000] {dag.py:3239} INFO - Sync 1 DAGs
[2026-06-13T17:07:43.368+0000] {logging_mixin.py:190} INFO - [2026-06-13T17:07:43.367+0000] {dag.py:4180} INFO - Setting next_dagrun for example_sensor_decorator to None, run_after=None
[2026-06-13T17:07:43.395+0000] {processor.py:208} INFO - Processing /home/airflow/.local/lib/python3.12/site-packages/airflow/example_dags/example_sensor_decorator.py took 0.115 seconds
[2026-06-13T17:08:13.686+0000] {processor.py:186} INFO - Started process (PID=2121) to work on /home/airflow/.local/lib/python3.12/site-packages/airflow/example_dags/example_sensor_decorator.py
[2026-06-13T17:08:13.687+0000] {processor.py:914} INFO - Processing file /home/airflow/.local/lib/python3.12/site-packages/airflow/example_dags/example_sensor_decorator.py for tasks to queue
[2026-06-13T17:08:13.690+0000] {logging_mixin.py:190} INFO - [2026-06-13T17:08:13.689+0000] {dagbag.py:588} INFO - Filling up the DagBag from /home/airflow/.local/lib/python3.12/site-packages/airflow/example_dags/example_sensor_decorator.py
[2026-06-13T17:08:13.696+0000] {processor.py:925} INFO - DAG(s) 'example_sensor_decorator' retrieved from /home/airflow/.local/lib/python3.12/site-packages/airflow/example_dags/example_sensor_decorator.py
[2026-06-13T17:08:13.713+0000] {logging_mixin.py:190} INFO - [2026-06-13T17:08:13.713+0000] {dag.py:3239} INFO - Sync 1 DAGs
[2026-06-13T17:08:13.726+0000] {logging_mixin.py:190} INFO - [2026-06-13T17:08:13.726+0000] {dag.py:4180} INFO - Setting next_dagrun for example_sensor_decorator to None, run_after=None
[2026-06-13T17:08:13.747+0000] {processor.py:208} INFO - Processing /home/airflow/.local/lib/python3.12/site-packages/airflow/example_dags/example_sensor_decorator.py took 0.066 seconds
[2026-06-13T17:08:44.088+0000] {processor.py:186} INFO - Started process (PID=2183) to work on /home/airflow/.local/lib/python3.12/site-packages/airflow/example_dags/example_sensor_decorator.py
[2026-06-13T17:08:44.089+0000] {processor.py:914} INFO - Processing file /home/airflow/.local/lib/python3.12/site-packages/airflow/example_dags/example_sensor_decorator.py for tasks to queue
[2026-06-13T17:08:44.092+0000] {logging_mixin.py:190} INFO - [2026-06-13T17:08:44.092+0000] {dagbag.py:588} INFO - Filling up the DagBag from /home/airflow/.local/lib/python3.12/site-packages/airflow/example_dags/example_sensor_decorator.py
[2026-06-13T17:08:44.102+0000] {processor.py:925} INFO - DAG(s) 'example_sensor_decorator' retrieved from /home/airflow/.local/lib/python3.12/site-packages/airflow/example_dags/example_sensor_decorator.py
[2026-06-13T17:08:44.127+0000] {logging_mixin.py:190} INFO - [2026-06-13T17:08:44.127+0000] {dag.py:3239} INFO - Sync 1 DAGs
[2026-06-13T17:08:44.141+0000] {logging_mixin.py:190} INFO - [2026-06-13T17:08:44.141+0000] {dag.py:4180} INFO - Setting next_dagrun for example_sensor_decorator to None, run_after=None
[2026-06-13T17:08:44.162+0000] {processor.py:208} INFO - Processing /home/airflow/.local/lib/python3.12/site-packages/airflow/example_dags/example_sensor_decorator.py took 0.080 seconds
[2026-06-13T17:09:14.638+0000] {processor.py:186} INFO - Started process (PID=2245) to work on /home/airflow/.local/lib/python3.12/site-packages/airflow/example_dags/example_sensor_decorator.py
[2026-06-13T17:09:14.639+0000] {processor.py:914} INFO - Processing file /home/airflow/.local/lib/python3.12/site-packages/airflow/example_dags/example_sensor_decorator.py for tasks to queue
[2026-06-13T17:09:14.642+0000] {logging_mixin.py:190} INFO - [2026-06-13T17:09:14.642+0000] {dagbag.py:588} INFO - Filling up the DagBag from /home/airflow/.local/lib/python3.12/site-packages/airflow/example_dags/example_sensor_decorator.py
[2026-06-13T17:09:14.651+0000] {processor.py:925} INFO - DAG(s) 'example_sensor_decorator' retrieved from /home/airflow/.local/lib/python3.12/site-packages/airflow/example_dags/example_sensor_decorator.py
[2026-06-13T17:09:14.677+0000] {logging_mixin.py:190} INFO - [2026-06-13T17:09:14.677+0000] {dag.py:3239} INFO - Sync 1 DAGs
[2026-06-13T17:09:14.693+0000] {logging_mixin.py:190} INFO - [2026-06-13T17:09:14.693+0000] {dag.py:4180} INFO - Setting next_dagrun for example_sensor_decorator to None, run_after=None
[2026-06-13T17:09:14.714+0000] {processor.py:208} INFO - Processing /home/airflow/.local/lib/python3.12/site-packages/airflow/example_dags/example_sensor_decorator.py took 0.082 seconds
[2026-06-13T17:09:45.398+0000] {processor.py:186} INFO - Started process (PID=2307) to work on /home/airflow/.local/lib/python3.12/site-packages/airflow/example_dags/example_sensor_decorator.py
[2026-06-13T17:09:45.399+0000] {processor.py:914} INFO - Processing file /home/airflow/.local/lib/python3.12/site-packages/airflow/example_dags/example_sensor_decorator.py for tasks to queue
[2026-06-13T17:09:45.401+0000] {logging_mixin.py:190} INFO - [2026-06-13T17:09:45.401+0000] {dagbag.py:588} INFO - Filling up the DagBag from /home/airflow/.local/lib/python3.12/site-packages/airflow/example_dags/example_sensor_decorator.py
[2026-06-13T17:09:45.409+0000] {processor.py:925} INFO - DAG(s) 'example_sensor_decorator' retrieved from /home/airflow/.local/lib/python3.12/site-packages/airflow/example_dags/example_sensor_decorator.py
[2026-06-13T17:09:45.433+0000] {logging_mixin.py:190} INFO - [2026-06-13T17:09:45.432+0000] {dag.py:3239} INFO - Sync 1 DAGs
[2026-06-13T17:09:45.445+0000] {logging_mixin.py:190} INFO - [2026-06-13T17:09:45.445+0000] {dag.py:4180} INFO - Setting next_dagrun for example_sensor_decorator to None, run_after=None
[2026-06-13T17:09:45.467+0000] {processor.py:208} INFO - Processing /home/airflow/.local/lib/python3.12/site-packages/airflow/example_dags/example_sensor_decorator.py took 0.076 seconds
[2026-06-13T17:10:15.684+0000] {processor.py:186} INFO - Started process (PID=2369) to work on /home/airflow/.local/lib/python3.12/site-packages/airflow/example_dags/example_sensor_decorator.py
[2026-06-13T17:10:15.685+0000] {processor.py:914} INFO - Processing file /home/airflow/.local/lib/python3.12/site-packages/airflow/example_dags/example_sensor_decorator.py for tasks to queue
[2026-06-13T17:10:15.688+0000] {logging_mixin.py:190} INFO - [2026-06-13T17:10:15.688+0000] {dagbag.py:588} INFO - Filling up the DagBag from /home/airflow/.local/lib/python3.12/site-packages/airflow/example_dags/example_sensor_decorator.py
[2026-06-13T17:10:15.697+0000] {processor.py:925} INFO - DAG(s) 'example_sensor_decorator' retrieved from /home/airflow/.local/lib/python3.12/site-packages/airflow/example_dags/example_sensor_decorator.py
[2026-06-13T17:10:15.723+0000] {logging_mixin.py:190} INFO - [2026-06-13T17:10:15.723+0000] {dag.py:3239} INFO - Sync 1 DAGs
[2026-06-13T17:10:15.740+0000] {logging_mixin.py:190} INFO - [2026-06-13T17:10:15.740+0000] {dag.py:4180} INFO - Setting next_dagrun for example_sensor_decorator to None, run_after=None
[2026-06-13T17:10:15.762+0000] {processor.py:208} INFO - Processing /home/airflow/.local/lib/python3.12/site-packages/airflow/example_dags/example_sensor_decorator.py took 0.083 seconds
[2026-06-13T17:10:45.847+0000] {processor.py:186} INFO - Started process (PID=2431) to work on /home/airflow/.local/lib/python3.12/site-packages/airflow/example_dags/example_sensor_decorator.py
[2026-06-13T17:10:45.849+0000] {processor.py:914} INFO - Processing file /home/airflow/.local/lib/python3.12/site-packages/airflow/example_dags/example_sensor_decorator.py for tasks to queue
[2026-06-13T17:10:45.851+0000] {logging_mixin.py:190} INFO - [2026-06-13T17:10:45.851+0000] {dagbag.py:588} INFO - Filling up the DagBag from /home/airflow/.local/lib/python3.12/site-packages/airflow/example_dags/example_sensor_decorator.py
[2026-06-13T17:10:45.864+0000] {processor.py:925} INFO - DAG(s) 'example_sensor_decorator' retrieved from /home/airflow/.local/lib/python3.12/site-packages/airflow/example_dags/example_sensor_decorator.py
[2026-06-13T17:10:45.882+0000] {logging_mixin.py:190} INFO - [2026-06-13T17:10:45.882+0000] {dag.py:3239} INFO - Sync 1 DAGs
[2026-06-13T17:10:45.893+0000] {logging_mixin.py:190} INFO - [2026-06-13T17:10:45.893+0000] {dag.py:4180} INFO - Setting next_dagrun for example_sensor_decorator to None, run_after=None
[2026-06-13T17:10:45.914+0000] {processor.py:208} INFO - Processing /home/airflow/.local/lib/python3.12/site-packages/airflow/example_dags/example_sensor_decorator.py took 0.073 seconds
[2026-06-13T17:11:16.142+0000] {processor.py:186} INFO - Started process (PID=2493) to work on /home/airflow/.local/lib/python3.12/site-packages/airflow/example_dags/example_sensor_decorator.py
[2026-06-13T17:11:16.144+0000] {processor.py:914} INFO - Processing file /home/airflow/.local/lib/python3.12/site-packages/airflow/example_dags/example_sensor_decorator.py for tasks to queue
[2026-06-13T17:11:16.146+0000] {logging_mixin.py:190} INFO - [2026-06-13T17:11:16.146+0000] {dagbag.py:588} INFO - Filling up the DagBag from /home/airflow/.local/lib/python3.12/site-packages/airflow/example_dags/example_sensor_decorator.py
[2026-06-13T17:11:16.153+0000] {processor.py:925} INFO - DAG(s) 'example_sensor_decorator' retrieved from /home/airflow/.local/lib/python3.12/site-packages/airflow/example_dags/example_sensor_decorator.py
[2026-06-13T17:11:16.172+0000] {logging_mixin.py:190} INFO - [2026-06-13T17:11:16.171+0000] {dag.py:3239} INFO - Sync 1 DAGs
[2026-06-13T17:11:16.184+0000] {logging_mixin.py:190} INFO - [2026-06-13T17:11:16.184+0000] {dag.py:4180} INFO - Setting next_dagrun for example_sensor_decorator to None, run_after=None
[2026-06-13T17:11:16.212+0000] {processor.py:208} INFO - Processing /home/airflow/.local/lib/python3.12/site-packages/airflow/example_dags/example_sensor_decorator.py took 0.075 seconds
[2026-06-13T17:11:46.872+0000] {processor.py:186} INFO - Started process (PID=2555) to work on /home/airflow/.local/lib/python3.12/site-packages/airflow/example_dags/example_sensor_decorator.py
[2026-06-13T17:11:46.873+0000] {processor.py:914} INFO - Processing file /home/airflow/.local/lib/python3.12/site-packages/airflow/example_dags/example_sensor_decorator.py for tasks to queue
[2026-06-13T17:11:46.876+0000] {logging_mixin.py:190} INFO - [2026-06-13T17:11:46.876+0000] {dagbag.py:588} INFO - Filling up the DagBag from /home/airflow/.local/lib/python3.12/site-packages/airflow/example_dags/example_sensor_decorator.py
[2026-06-13T17:11:46.884+0000] {processor.py:925} INFO - DAG(s) 'example_sensor_decorator' retrieved from /home/airflow/.local/lib/python3.12/site-packages/airflow/example_dags/example_sensor_decorator.py
[2026-06-13T17:11:46.906+0000] {logging_mixin.py:190} INFO - [2026-06-13T17:11:46.906+0000] {dag.py:3239} INFO - Sync 1 DAGs
[2026-06-13T17:11:46.919+0000] {logging_mixin.py:190} INFO - [2026-06-13T17:11:46.919+0000] {dag.py:4180} INFO - Setting next_dagrun for example_sensor_decorator to None, run_after=None
[2026-06-13T17:11:46.937+0000] {processor.py:208} INFO - Processing /home/airflow/.local/lib/python3.12/site-packages/airflow/example_dags/example_sensor_decorator.py took 0.070 seconds
[2026-06-13T17:12:17.771+0000] {processor.py:186} INFO - Started process (PID=2617) to work on /home/airflow/.local/lib/python3.12/site-packages/airflow/example_dags/example_sensor_decorator.py
[2026-06-13T17:12:17.772+0000] {processor.py:914} INFO - Processing file /home/airflow/.local/lib/python3.12/site-packages/airflow/example_dags/example_sensor_decorator.py for tasks to queue
[2026-06-13T17:12:17.774+0000] {logging_mixin.py:190} INFO - [2026-06-13T17:12:17.774+0000] {dagbag.py:588} INFO - Filling up the DagBag from /home/airflow/.local/lib/python3.12/site-packages/airflow/example_dags/example_sensor_decorator.py
[2026-06-13T17:12:17.781+0000] {processor.py:925} INFO - DAG(s) 'example_sensor_decorator' retrieved from /home/airflow/.local/lib/python3.12/site-packages/airflow/example_dags/example_sensor_decorator.py
[2026-06-13T17:12:17.802+0000] {logging_mixin.py:190} INFO - [2026-06-13T17:12:17.802+0000] {dag.py:3239} INFO - Sync 1 DAGs
[2026-06-13T17:12:17.956+0000] {logging_mixin.py:190} INFO - [2026-06-13T17:12:17.955+0000] {dag.py:4180} INFO - Setting next_dagrun for example_sensor_decorator to None, run_after=None
[2026-06-13T17:12:17.976+0000] {processor.py:208} INFO - Processing /home/airflow/.local/lib/python3.12/site-packages/airflow/example_dags/example_sensor_decorator.py took 0.211 seconds
[2026-06-13T17:12:48.597+0000] {processor.py:186} INFO - Started process (PID=2679) to work on /home/airflow/.local/lib/python3.12/site-packages/airflow/example_dags/example_sensor_decorator.py
[2026-06-13T17:12:48.599+0000] {processor.py:914} INFO - Processing file /home/airflow/.local/lib/python3.12/site-packages/airflow/example_dags/example_sensor_decorator.py for tasks to queue
[2026-06-13T17:12:48.601+0000] {logging_mixin.py:190} INFO - [2026-06-13T17:12:48.601+0000] {dagbag.py:588} INFO - Filling up the DagBag from /home/airflow/.local/lib/python3.12/site-packages/airflow/example_dags/example_sensor_decorator.py
[2026-06-13T17:12:48.607+0000] {processor.py:925} INFO - DAG(s) 'example_sensor_decorator' retrieved from /home/airflow/.local/lib/python3.12/site-packages/airflow/example_dags/example_sensor_decorator.py
[2026-06-13T17:12:48.624+0000] {logging_mixin.py:190} INFO - [2026-06-13T17:12:48.624+0000] {dag.py:3239} INFO - Sync 1 DAGs
[2026-06-13T17:12:48.796+0000] {logging_mixin.py:190} INFO - [2026-06-13T17:12:48.796+0000] {dag.py:4180} INFO - Setting next_dagrun for example_sensor_decorator to None, run_after=None
[2026-06-13T17:12:48.938+0000] {processor.py:208} INFO - Processing /home/airflow/.local/lib/python3.12/site-packages/airflow/example_dags/example_sensor_decorator.py took 0.345 seconds
[2026-06-13T17:13:19.059+0000] {processor.py:186} INFO - Started process (PID=2741) to work on /home/airflow/.local/lib/python3.12/site-packages/airflow/example_dags/example_sensor_decorator.py
[2026-06-13T17:13:19.060+0000] {processor.py:914} INFO - Processing file /home/airflow/.local/lib/python3.12/site-packages/airflow/example_dags/example_sensor_decorator.py for tasks to queue
[2026-06-13T17:13:19.063+0000] {logging_mixin.py:190} INFO - [2026-06-13T17:13:19.063+0000] {dagbag.py:588} INFO - Filling up the DagBag from /home/airflow/.local/lib/python3.12/site-packages/airflow/example_dags/example_sensor_decorator.py
[2026-06-13T17:13:19.069+0000] {processor.py:925} INFO - DAG(s) 'example_sensor_decorator' retrieved from /home/airflow/.local/lib/python3.12/site-packages/airflow/example_dags/example_sensor_decorator.py
[2026-06-13T17:13:19.085+0000] {logging_mixin.py:190} INFO - [2026-06-13T17:13:19.085+0000] {dag.py:3239} INFO - Sync 1 DAGs
[2026-06-13T17:13:19.097+0000] {logging_mixin.py:190} INFO - [2026-06-13T17:13:19.097+0000] {dag.py:4180} INFO - Setting next_dagrun for example_sensor_decorator to None, run_after=None
[2026-06-13T17:13:19.115+0000] {processor.py:208} INFO - Processing /home/airflow/.local/lib/python3.12/site-packages/airflow/example_dags/example_sensor_decorator.py took 0.063 seconds
[2026-06-13T17:13:49.351+0000] {processor.py:186} INFO - Started process (PID=2803) to work on /home/airflow/.local/lib/python3.12/site-packages/airflow/example_dags/example_sensor_decorator.py
[2026-06-13T17:13:49.352+0000] {processor.py:914} INFO - Processing file /home/airflow/.local/lib/python3.12/site-packages/airflow/example_dags/example_sensor_decorator.py for tasks to queue
[2026-06-13T17:13:49.354+0000] {logging_mixin.py:190} INFO - [2026-06-13T17:13:49.354+0000] {dagbag.py:588} INFO - Filling up the DagBag from /home/airflow/.local/lib/python3.12/site-packages/airflow/example_dags/example_sensor_decorator.py
[2026-06-13T17:13:49.360+0000] {processor.py:925} INFO - DAG(s) 'example_sensor_decorator' retrieved from /home/airflow/.local/lib/python3.12/site-packages/airflow/example_dags/example_sensor_decorator.py
[2026-06-13T17:13:49.380+0000] {logging_mixin.py:190} INFO - [2026-06-13T17:13:49.380+0000] {dag.py:3239} INFO - Sync 1 DAGs
[2026-06-13T17:13:49.392+0000] {logging_mixin.py:190} INFO - [2026-06-13T17:13:49.392+0000] {dag.py:4180} INFO - Setting next_dagrun for example_sensor_decorator to None, run_after=None
[2026-06-13T17:13:49.408+0000] {processor.py:208} INFO - Processing /home/airflow/.local/lib/python3.12/site-packages/airflow/example_dags/example_sensor_decorator.py took 0.062 seconds
[2026-06-13T17:14:19.926+0000] {processor.py:186} INFO - Started process (PID=2864) to work on /home/airflow/.local/lib/python3.12/site-packages/airflow/example_dags/example_sensor_decorator.py
[2026-06-13T17:14:19.927+0000] {processor.py:914} INFO - Processing file /home/airflow/.local/lib/python3.12/site-packages/airflow/example_dags/example_sensor_decorator.py for tasks to queue
[2026-06-13T17:14:19.930+0000] {logging_mixin.py:190} INFO - [2026-06-13T17:14:19.930+0000] {dagbag.py:588} INFO - Filling up the DagBag from /home/airflow/.local/lib/python3.12/site-packages/airflow/example_dags/example_sensor_decorator.py
[2026-06-13T17:14:19.938+0000] {processor.py:925} INFO - DAG(s) 'example_sensor_decorator' retrieved from /home/airflow/.local/lib/python3.12/site-packages/airflow/example_dags/example_sensor_decorator.py
[2026-06-13T17:14:19.958+0000] {logging_mixin.py:190} INFO - [2026-06-13T17:14:19.957+0000] {dag.py:3239} INFO - Sync 1 DAGs
[2026-06-13T17:14:19.970+0000] {logging_mixin.py:190} INFO - [2026-06-13T17:14:19.970+0000] {dag.py:4180} INFO - Setting next_dagrun for example_sensor_decorator to None, run_after=None
[2026-06-13T17:14:19.987+0000] {processor.py:208} INFO - Processing /home/airflow/.local/lib/python3.12/site-packages/airflow/example_dags/example_sensor_decorator.py took 0.068 seconds
[2026-06-13T17:14:50.365+0000] {processor.py:186} INFO - Started process (PID=2926) to work on /home/airflow/.local/lib/python3.12/site-packages/airflow/example_dags/example_sensor_decorator.py
[2026-06-13T17:14:50.366+0000] {processor.py:914} INFO - Processing file /home/airflow/.local/lib/python3.12/site-packages/airflow/example_dags/example_sensor_decorator.py for tasks to queue
[2026-06-13T17:14:50.368+0000] {logging_mixin.py:190} INFO - [2026-06-13T17:14:50.368+0000] {dagbag.py:588} INFO - Filling up the DagBag from /home/airflow/.local/lib/python3.12/site-packages/airflow/example_dags/example_sensor_decorator.py
[2026-06-13T17:14:50.375+0000] {processor.py:925} INFO - DAG(s) 'example_sensor_decorator' retrieved from /home/airflow/.local/lib/python3.12/site-packages/airflow/example_dags/example_sensor_decorator.py
[2026-06-13T17:14:50.391+0000] {logging_mixin.py:190} INFO - [2026-06-13T17:14:50.391+0000] {dag.py:3239} INFO - Sync 1 DAGs
[2026-06-13T17:14:50.402+0000] {logging_mixin.py:190} INFO - [2026-06-13T17:14:50.402+0000] {dag.py:4180} INFO - Setting next_dagrun for example_sensor_decorator to None, run_after=None
[2026-06-13T17:14:50.419+0000] {processor.py:208} INFO - Processing /home/airflow/.local/lib/python3.12/site-packages/airflow/example_dags/example_sensor_decorator.py took 0.059 seconds
[2026-06-13T17:15:20.732+0000] {processor.py:186} INFO - Started process (PID=2988) to work on /home/airflow/.local/lib/python3.12/site-packages/airflow/example_dags/example_sensor_decorator.py
[2026-06-13T17:15:20.733+0000] {processor.py:914} INFO - Processing file /home/airflow/.local/lib/python3.12/site-packages/airflow/example_dags/example_sensor_decorator.py for tasks to queue
[2026-06-13T17:15:20.735+0000] {logging_mixin.py:190} INFO - [2026-06-13T17:15:20.735+0000] {dagbag.py:588} INFO - Filling up the DagBag from /home/airflow/.local/lib/python3.12/site-packages/airflow/example_dags/example_sensor_decorator.py
[2026-06-13T17:15:20.742+0000] {processor.py:925} INFO - DAG(s) 'example_sensor_decorator' retrieved from /home/airflow/.local/lib/python3.12/site-packages/airflow/example_dags/example_sensor_decorator.py
[2026-06-13T17:15:20.758+0000] {logging_mixin.py:190} INFO - [2026-06-13T17:15:20.758+0000] {dag.py:3239} INFO - Sync 1 DAGs
[2026-06-13T17:15:20.769+0000] {logging_mixin.py:190} INFO - [2026-06-13T17:15:20.769+0000] {dag.py:4180} INFO - Setting next_dagrun for example_sensor_decorator to None, run_after=None
[2026-06-13T17:15:20.786+0000] {processor.py:208} INFO - Processing /home/airflow/.local/lib/python3.12/site-packages/airflow/example_dags/example_sensor_decorator.py took 0.060 seconds
[2026-06-13T17:15:51.263+0000] {processor.py:186} INFO - Started process (PID=3050) to work on /home/airflow/.local/lib/python3.12/site-packages/airflow/example_dags/example_sensor_decorator.py
[2026-06-13T17:15:51.264+0000] {processor.py:914} INFO - Processing file /home/airflow/.local/lib/python3.12/site-packages/airflow/example_dags/example_sensor_decorator.py for tasks to queue
[2026-06-13T17:15:51.267+0000] {logging_mixin.py:190} INFO - [2026-06-13T17:15:51.266+0000] {dagbag.py:588} INFO - Filling up the DagBag from /home/airflow/.local/lib/python3.12/site-packages/airflow/example_dags/example_sensor_decorator.py
[2026-06-13T17:15:51.274+0000] {processor.py:925} INFO - DAG(s) 'example_sensor_decorator' retrieved from /home/airflow/.local/lib/python3.12/site-packages/airflow/example_dags/example_sensor_decorator.py
[2026-06-13T17:15:51.298+0000] {logging_mixin.py:190} INFO - [2026-06-13T17:15:51.298+0000] {dag.py:3239} INFO - Sync 1 DAGs
[2026-06-13T17:15:51.311+0000] {logging_mixin.py:190} INFO - [2026-06-13T17:15:51.311+0000] {dag.py:4180} INFO - Setting next_dagrun for example_sensor_decorator to None, run_after=None
[2026-06-13T17:15:51.337+0000] {processor.py:208} INFO - Processing /home/airflow/.local/lib/python3.12/site-packages/airflow/example_dags/example_sensor_decorator.py took 0.079 seconds
[2026-06-13T17:16:21.760+0000] {processor.py:186} INFO - Started process (PID=3112) to work on /home/airflow/.local/lib/python3.12/site-packages/airflow/example_dags/example_sensor_decorator.py
[2026-06-13T17:16:21.761+0000] {processor.py:914} INFO - Processing file /home/airflow/.local/lib/python3.12/site-packages/airflow/example_dags/example_sensor_decorator.py for tasks to queue
[2026-06-13T17:16:21.764+0000] {logging_mixin.py:190} INFO - [2026-06-13T17:16:21.763+0000] {dagbag.py:588} INFO - Filling up the DagBag from /home/airflow/.local/lib/python3.12/site-packages/airflow/example_dags/example_sensor_decorator.py
[2026-06-13T17:16:21.770+0000] {processor.py:925} INFO - DAG(s) 'example_sensor_decorator' retrieved from /home/airflow/.local/lib/python3.12/site-packages/airflow/example_dags/example_sensor_decorator.py
[2026-06-13T17:16:21.789+0000] {logging_mixin.py:190} INFO - [2026-06-13T17:16:21.789+0000] {dag.py:3239} INFO - Sync 1 DAGs
[2026-06-13T17:16:21.799+0000] {logging_mixin.py:190} INFO - [2026-06-13T17:16:21.799+0000] {dag.py:4180} INFO - Setting next_dagrun for example_sensor_decorator to None, run_after=None
[2026-06-13T17:16:21.815+0000] {processor.py:208} INFO - Processing /home/airflow/.local/lib/python3.12/site-packages/airflow/example_dags/example_sensor_decorator.py took 0.060 seconds
[2026-06-13T17:16:52.178+0000] {processor.py:186} INFO - Started process (PID=3174) to work on /home/airflow/.local/lib/python3.12/site-packages/airflow/example_dags/example_sensor_decorator.py
[2026-06-13T17:16:52.179+0000] {processor.py:914} INFO - Processing file /home/airflow/.local/lib/python3.12/site-packages/airflow/example_dags/example_sensor_decorator.py for tasks to queue
[2026-06-13T17:16:52.182+0000] {logging_mixin.py:190} INFO - [2026-06-13T17:16:52.181+0000] {dagbag.py:588} INFO - Filling up the DagBag from /home/airflow/.local/lib/python3.12/site-packages/airflow/example_dags/example_sensor_decorator.py
[2026-06-13T17:16:52.188+0000] {processor.py:925} INFO - DAG(s) 'example_sensor_decorator' retrieved from /home/airflow/.local/lib/python3.12/site-packages/airflow/example_dags/example_sensor_decorator.py
[2026-06-13T17:16:52.204+0000] {logging_mixin.py:190} INFO - [2026-06-13T17:16:52.204+0000] {dag.py:3239} INFO - Sync 1 DAGs
[2026-06-13T17:16:52.215+0000] {logging_mixin.py:190} INFO - [2026-06-13T17:16:52.215+0000] {dag.py:4180} INFO - Setting next_dagrun for example_sensor_decorator to None, run_after=None
[2026-06-13T17:16:52.232+0000] {processor.py:208} INFO - Processing /home/airflow/.local/lib/python3.12/site-packages/airflow/example_dags/example_sensor_decorator.py took 0.058 seconds
[2026-06-13T17:17:22.585+0000] {processor.py:186} INFO - Started process (PID=3236) to work on /home/airflow/.local/lib/python3.12/site-packages/airflow/example_dags/example_sensor_decorator.py
[2026-06-13T17:17:22.586+0000] {processor.py:914} INFO - Processing file /home/airflow/.local/lib/python3.12/site-packages/airflow/example_dags/example_sensor_decorator.py for tasks to queue
[2026-06-13T17:17:22.588+0000] {logging_mixin.py:190} INFO - [2026-06-13T17:17:22.588+0000] {dagbag.py:588} INFO - Filling up the DagBag from /home/airflow/.local/lib/python3.12/site-packages/airflow/example_dags/example_sensor_decorator.py
[2026-06-13T17:17:22.595+0000] {processor.py:925} INFO - DAG(s) 'example_sensor_decorator' retrieved from /home/airflow/.local/lib/python3.12/site-packages/airflow/example_dags/example_sensor_decorator.py
[2026-06-13T17:17:22.611+0000] {logging_mixin.py:190} INFO - [2026-06-13T17:17:22.610+0000] {dag.py:3239} INFO - Sync 1 DAGs
[2026-06-13T17:17:22.621+0000] {logging_mixin.py:190} INFO - [2026-06-13T17:17:22.621+0000] {dag.py:4180} INFO - Setting next_dagrun for example_sensor_decorator to None, run_after=None
[2026-06-13T17:17:22.639+0000] {processor.py:208} INFO - Processing /home/airflow/.local/lib/python3.12/site-packages/airflow/example_dags/example_sensor_decorator.py took 0.060 seconds
[2026-06-13T17:17:52.913+0000] {processor.py:186} INFO - Started process (PID=3298) to work on /home/airflow/.local/lib/python3.12/site-packages/airflow/example_dags/example_sensor_decorator.py
[2026-06-13T17:17:52.914+0000] {processor.py:914} INFO - Processing file /home/airflow/.local/lib/python3.12/site-packages/airflow/example_dags/example_sensor_decorator.py for tasks to queue
[2026-06-13T17:17:52.917+0000] {logging_mixin.py:190} INFO - [2026-06-13T17:17:52.916+0000] {dagbag.py:588} INFO - Filling up the DagBag from /home/airflow/.local/lib/python3.12/site-packages/airflow/example_dags/example_sensor_decorator.py
[2026-06-13T17:17:52.924+0000] {processor.py:925} INFO - DAG(s) 'example_sensor_decorator' retrieved from /home/airflow/.local/lib/python3.12/site-packages/airflow/example_dags/example_sensor_decorator.py
[2026-06-13T17:17:52.940+0000] {logging_mixin.py:190} INFO - [2026-06-13T17:17:52.940+0000] {dag.py:3239} INFO - Sync 1 DAGs
[2026-06-13T17:17:52.952+0000] {logging_mixin.py:190} INFO - [2026-06-13T17:17:52.951+0000] {dag.py:4180} INFO - Setting next_dagrun for example_sensor_decorator to None, run_after=None
[2026-06-13T17:17:52.967+0000] {processor.py:208} INFO - Processing /home/airflow/.local/lib/python3.12/site-packages/airflow/example_dags/example_sensor_decorator.py took 0.059 seconds
[2026-06-13T17:18:23.489+0000] {processor.py:186} INFO - Started process (PID=3360) to work on /home/airflow/.local/lib/python3.12/site-packages/airflow/example_dags/example_sensor_decorator.py
[2026-06-13T17:18:23.490+0000] {processor.py:914} INFO - Processing file /home/airflow/.local/lib/python3.12/site-packages/airflow/example_dags/example_sensor_decorator.py for tasks to queue
[2026-06-13T17:18:23.493+0000] {logging_mixin.py:190} INFO - [2026-06-13T17:18:23.492+0000] {dagbag.py:588} INFO - Filling up the DagBag from /home/airflow/.local/lib/python3.12/site-packages/airflow/example_dags/example_sensor_decorator.py
[2026-06-13T17:18:23.501+0000] {processor.py:925} INFO - DAG(s) 'example_sensor_decorator' retrieved from /home/airflow/.local/lib/python3.12/site-packages/airflow/example_dags/example_sensor_decorator.py
[2026-06-13T17:18:23.519+0000] {logging_mixin.py:190} INFO - [2026-06-13T17:18:23.519+0000] {dag.py:3239} INFO - Sync 1 DAGs
[2026-06-13T17:18:23.531+0000] {logging_mixin.py:190} INFO - [2026-06-13T17:18:23.531+0000] {dag.py:4180} INFO - Setting next_dagrun for example_sensor_decorator to None, run_after=None
[2026-06-13T17:18:23.549+0000] {processor.py:208} INFO - Processing /home/airflow/.local/lib/python3.12/site-packages/airflow/example_dags/example_sensor_decorator.py took 0.067 seconds
[2026-06-13T17:18:54.129+0000] {processor.py:186} INFO - Started process (PID=3422) to work on /home/airflow/.local/lib/python3.12/site-packages/airflow/example_dags/example_sensor_decorator.py
[2026-06-13T17:18:54.131+0000] {processor.py:914} INFO - Processing file /home/airflow/.local/lib/python3.12/site-packages/airflow/example_dags/example_sensor_decorator.py for tasks to queue
[2026-06-13T17:18:54.133+0000] {logging_mixin.py:190} INFO - [2026-06-13T17:18:54.133+0000] {dagbag.py:588} INFO - Filling up the DagBag from /home/airflow/.local/lib/python3.12/site-packages/airflow/example_dags/example_sensor_decorator.py
[2026-06-13T17:18:54.141+0000] {processor.py:925} INFO - DAG(s) 'example_sensor_decorator' retrieved from /home/airflow/.local/lib/python3.12/site-packages/airflow/example_dags/example_sensor_decorator.py
[2026-06-13T17:18:54.162+0000] {logging_mixin.py:190} INFO - [2026-06-13T17:18:54.162+0000] {dag.py:3239} INFO - Sync 1 DAGs
[2026-06-13T17:18:54.176+0000] {logging_mixin.py:190} INFO - [2026-06-13T17:18:54.176+0000] {dag.py:4180} INFO - Setting next_dagrun for example_sensor_decorator to None, run_after=None
[2026-06-13T17:18:54.199+0000] {processor.py:208} INFO - Processing /home/airflow/.local/lib/python3.12/site-packages/airflow/example_dags/example_sensor_decorator.py took 0.075 seconds
[2026-06-13T17:19:24.584+0000] {processor.py:186} INFO - Started process (PID=3484) to work on /home/airflow/.local/lib/python3.12/site-packages/airflow/example_dags/example_sensor_decorator.py
[2026-06-13T17:19:24.585+0000] {processor.py:914} INFO - Processing file /home/airflow/.local/lib/python3.12/site-packages/airflow/example_dags/example_sensor_decorator.py for tasks to queue
[2026-06-13T17:19:24.588+0000] {logging_mixin.py:190} INFO - [2026-06-13T17:19:24.588+0000] {dagbag.py:588} INFO - Filling up the DagBag from /home/airflow/.local/lib/python3.12/site-packages/airflow/example_dags/example_sensor_decorator.py
[2026-06-13T17:19:24.599+0000] {processor.py:925} INFO - DAG(s) 'example_sensor_decorator' retrieved from /home/airflow/.local/lib/python3.12/site-packages/airflow/example_dags/example_sensor_decorator.py
[2026-06-13T17:19:24.627+0000] {logging_mixin.py:190} INFO - [2026-06-13T17:19:24.627+0000] {dag.py:3239} INFO - Sync 1 DAGs
[2026-06-13T17:19:24.650+0000] {logging_mixin.py:190} INFO - [2026-06-13T17:19:24.650+0000] {dag.py:4180} INFO - Setting next_dagrun for example_sensor_decorator to None, run_after=None
[2026-06-13T17:19:24.678+0000] {processor.py:208} INFO - Processing /home/airflow/.local/lib/python3.12/site-packages/airflow/example_dags/example_sensor_decorator.py took 0.102 seconds
[2026-06-13T17:19:55.444+0000] {processor.py:186} INFO - Started process (PID=3546) to work on /home/airflow/.local/lib/python3.12/site-packages/airflow/example_dags/example_sensor_decorator.py
[2026-06-13T17:19:55.445+0000] {processor.py:914} INFO - Processing file /home/airflow/.local/lib/python3.12/site-packages/airflow/example_dags/example_sensor_decorator.py for tasks to queue
[2026-06-13T17:19:55.448+0000] {logging_mixin.py:190} INFO - [2026-06-13T17:19:55.447+0000] {dagbag.py:588} INFO - Filling up the DagBag from /home/airflow/.local/lib/python3.12/site-packages/airflow/example_dags/example_sensor_decorator.py
[2026-06-13T17:19:55.454+0000] {processor.py:925} INFO - DAG(s) 'example_sensor_decorator' retrieved from /home/airflow/.local/lib/python3.12/site-packages/airflow/example_dags/example_sensor_decorator.py
[2026-06-13T17:19:55.471+0000] {logging_mixin.py:190} INFO - [2026-06-13T17:19:55.471+0000] {dag.py:3239} INFO - Sync 1 DAGs
[2026-06-13T17:19:55.484+0000] {logging_mixin.py:190} INFO - [2026-06-13T17:19:55.483+0000] {dag.py:4180} INFO - Setting next_dagrun for example_sensor_decorator to None, run_after=None
[2026-06-13T17:19:55.503+0000] {processor.py:208} INFO - Processing /home/airflow/.local/lib/python3.12/site-packages/airflow/example_dags/example_sensor_decorator.py took 0.065 seconds
[2026-06-13T17:20:26.130+0000] {processor.py:186} INFO - Started process (PID=3608) to work on /home/airflow/.local/lib/python3.12/site-packages/airflow/example_dags/example_sensor_decorator.py
[2026-06-13T17:20:26.132+0000] {processor.py:914} INFO - Processing file /home/airflow/.local/lib/python3.12/site-packages/airflow/example_dags/example_sensor_decorator.py for tasks to queue
[2026-06-13T17:20:26.134+0000] {logging_mixin.py:190} INFO - [2026-06-13T17:20:26.134+0000] {dagbag.py:588} INFO - Filling up the DagBag from /home/airflow/.local/lib/python3.12/site-packages/airflow/example_dags/example_sensor_decorator.py
[2026-06-13T17:20:26.141+0000] {processor.py:925} INFO - DAG(s) 'example_sensor_decorator' retrieved from /home/airflow/.local/lib/python3.12/site-packages/airflow/example_dags/example_sensor_decorator.py
[2026-06-13T17:20:26.157+0000] {logging_mixin.py:190} INFO - [2026-06-13T17:20:26.157+0000] {dag.py:3239} INFO - Sync 1 DAGs
[2026-06-13T17:20:26.169+0000] {logging_mixin.py:190} INFO - [2026-06-13T17:20:26.169+0000] {dag.py:4180} INFO - Setting next_dagrun for example_sensor_decorator to None, run_after=None
[2026-06-13T17:20:26.186+0000] {processor.py:208} INFO - Processing /home/airflow/.local/lib/python3.12/site-packages/airflow/example_dags/example_sensor_decorator.py took 0.061 seconds
[2026-06-13T17:20:56.580+0000] {processor.py:186} INFO - Started process (PID=3670) to work on /home/airflow/.local/lib/python3.12/site-packages/airflow/example_dags/example_sensor_decorator.py
[2026-06-13T17:20:56.581+0000] {processor.py:914} INFO - Processing file /home/airflow/.local/lib/python3.12/site-packages/airflow/example_dags/example_sensor_decorator.py for tasks to queue
[2026-06-13T17:20:56.584+0000] {logging_mixin.py:190} INFO - [2026-06-13T17:20:56.583+0000] {dagbag.py:588} INFO - Filling up the DagBag from /home/airflow/.local/lib/python3.12/site-packages/airflow/example_dags/example_sensor_decorator.py
[2026-06-13T17:20:56.590+0000] {processor.py:925} INFO - DAG(s) 'example_sensor_decorator' retrieved from /home/airflow/.local/lib/python3.12/site-packages/airflow/example_dags/example_sensor_decorator.py
[2026-06-13T17:20:56.607+0000] {logging_mixin.py:190} INFO - [2026-06-13T17:20:56.607+0000] {dag.py:3239} INFO - Sync 1 DAGs
[2026-06-13T17:20:56.618+0000] {logging_mixin.py:190} INFO - [2026-06-13T17:20:56.618+0000] {dag.py:4180} INFO - Setting next_dagrun for example_sensor_decorator to None, run_after=None
[2026-06-13T17:20:56.634+0000] {processor.py:208} INFO - Processing /home/airflow/.local/lib/python3.12/site-packages/airflow/example_dags/example_sensor_decorator.py took 0.059 seconds
[2026-06-13T17:21:27.205+0000] {processor.py:186} INFO - Started process (PID=3732) to work on /home/airflow/.local/lib/python3.12/site-packages/airflow/example_dags/example_sensor_decorator.py
[2026-06-13T17:21:27.206+0000] {processor.py:914} INFO - Processing file /home/airflow/.local/lib/python3.12/site-packages/airflow/example_dags/example_sensor_decorator.py for tasks to queue
[2026-06-13T17:21:27.208+0000] {logging_mixin.py:190} INFO - [2026-06-13T17:21:27.208+0000] {dagbag.py:588} INFO - Filling up the DagBag from /home/airflow/.local/lib/python3.12/site-packages/airflow/example_dags/example_sensor_decorator.py
[2026-06-13T17:21:27.214+0000] {processor.py:925} INFO - DAG(s) 'example_sensor_decorator' retrieved from /home/airflow/.local/lib/python3.12/site-packages/airflow/example_dags/example_sensor_decorator.py
[2026-06-13T17:21:27.229+0000] {logging_mixin.py:190} INFO - [2026-06-13T17:21:27.229+0000] {dag.py:3239} INFO - Sync 1 DAGs
[2026-06-13T17:21:27.239+0000] {logging_mixin.py:190} INFO - [2026-06-13T17:21:27.239+0000] {dag.py:4180} INFO - Setting next_dagrun for example_sensor_decorator to None, run_after=None
[2026-06-13T17:21:27.253+0000] {processor.py:208} INFO - Processing /home/airflow/.local/lib/python3.12/site-packages/airflow/example_dags/example_sensor_decorator.py took 0.052 seconds
[2026-06-13T17:21:57.577+0000] {processor.py:186} INFO - Started process (PID=3794) to work on /home/airflow/.local/lib/python3.12/site-packages/airflow/example_dags/example_sensor_decorator.py
[2026-06-13T17:21:57.578+0000] {processor.py:914} INFO - Processing file /home/airflow/.local/lib/python3.12/site-packages/airflow/example_dags/example_sensor_decorator.py for tasks to queue
[2026-06-13T17:21:57.580+0000] {logging_mixin.py:190} INFO - [2026-06-13T17:21:57.580+0000] {dagbag.py:588} INFO - Filling up the DagBag from /home/airflow/.local/lib/python3.12/site-packages/airflow/example_dags/example_sensor_decorator.py
[2026-06-13T17:21:57.588+0000] {processor.py:925} INFO - DAG(s) 'example_sensor_decorator' retrieved from /home/airflow/.local/lib/python3.12/site-packages/airflow/example_dags/example_sensor_decorator.py
[2026-06-13T17:21:57.606+0000] {logging_mixin.py:190} INFO - [2026-06-13T17:21:57.606+0000] {dag.py:3239} INFO - Sync 1 DAGs
[2026-06-13T17:21:57.623+0000] {logging_mixin.py:190} INFO - [2026-06-13T17:21:57.623+0000] {dag.py:4180} INFO - Setting next_dagrun for example_sensor_decorator to None, run_after=None
[2026-06-13T17:21:57.646+0000] {processor.py:208} INFO - Processing /home/airflow/.local/lib/python3.12/site-packages/airflow/example_dags/example_sensor_decorator.py took 0.075 seconds
[2026-06-13T17:22:28.008+0000] {processor.py:186} INFO - Started process (PID=3856) to work on /home/airflow/.local/lib/python3.12/site-packages/airflow/example_dags/example_sensor_decorator.py
[2026-06-13T17:22:28.010+0000] {processor.py:914} INFO - Processing file /home/airflow/.local/lib/python3.12/site-packages/airflow/example_dags/example_sensor_decorator.py for tasks to queue
[2026-06-13T17:22:28.012+0000] {logging_mixin.py:190} INFO - [2026-06-13T17:22:28.012+0000] {dagbag.py:588} INFO - Filling up the DagBag from /home/airflow/.local/lib/python3.12/site-packages/airflow/example_dags/example_sensor_decorator.py
[2026-06-13T17:22:28.020+0000] {processor.py:925} INFO - DAG(s) 'example_sensor_decorator' retrieved from /home/airflow/.local/lib/python3.12/site-packages/airflow/example_dags/example_sensor_decorator.py
[2026-06-13T17:22:28.039+0000] {logging_mixin.py:190} INFO - [2026-06-13T17:22:28.038+0000] {dag.py:3239} INFO - Sync 1 DAGs
[2026-06-13T17:22:28.050+0000] {logging_mixin.py:190} INFO - [2026-06-13T17:22:28.050+0000] {dag.py:4180} INFO - Setting next_dagrun for example_sensor_decorator to None, run_after=None
[2026-06-13T17:22:28.069+0000] {processor.py:208} INFO - Processing /home/airflow/.local/lib/python3.12/site-packages/airflow/example_dags/example_sensor_decorator.py took 0.066 seconds
[2026-06-13T17:22:58.461+0000] {processor.py:186} INFO - Started process (PID=3918) to work on /home/airflow/.local/lib/python3.12/site-packages/airflow/example_dags/example_sensor_decorator.py
[2026-06-13T17:22:58.463+0000] {processor.py:914} INFO - Processing file /home/airflow/.local/lib/python3.12/site-packages/airflow/example_dags/example_sensor_decorator.py for tasks to queue
[2026-06-13T17:22:58.465+0000] {logging_mixin.py:190} INFO - [2026-06-13T17:22:58.465+0000] {dagbag.py:588} INFO - Filling up the DagBag from /home/airflow/.local/lib/python3.12/site-packages/airflow/example_dags/example_sensor_decorator.py
[2026-06-13T17:22:58.472+0000] {processor.py:925} INFO - DAG(s) 'example_sensor_decorator' retrieved from /home/airflow/.local/lib/python3.12/site-packages/airflow/example_dags/example_sensor_decorator.py
[2026-06-13T17:22:58.487+0000] {logging_mixin.py:190} INFO - [2026-06-13T17:22:58.487+0000] {dag.py:3239} INFO - Sync 1 DAGs
[2026-06-13T17:22:58.497+0000] {logging_mixin.py:190} INFO - [2026-06-13T17:22:58.497+0000] {dag.py:4180} INFO - Setting next_dagrun for example_sensor_decorator to None, run_after=None
[2026-06-13T17:22:58.515+0000] {processor.py:208} INFO - Processing /home/airflow/.local/lib/python3.12/site-packages/airflow/example_dags/example_sensor_decorator.py took 0.059 seconds
[2026-06-13T17:23:28.958+0000] {processor.py:186} INFO - Started process (PID=3980) to work on /home/airflow/.local/lib/python3.12/site-packages/airflow/example_dags/example_sensor_decorator.py
[2026-06-13T17:23:28.959+0000] {processor.py:914} INFO - Processing file /home/airflow/.local/lib/python3.12/site-packages/airflow/example_dags/example_sensor_decorator.py for tasks to queue
[2026-06-13T17:23:28.964+0000] {logging_mixin.py:190} INFO - [2026-06-13T17:23:28.963+0000] {dagbag.py:588} INFO - Filling up the DagBag from /home/airflow/.local/lib/python3.12/site-packages/airflow/example_dags/example_sensor_decorator.py
[2026-06-13T17:23:28.972+0000] {processor.py:925} INFO - DAG(s) 'example_sensor_decorator' retrieved from /home/airflow/.local/lib/python3.12/site-packages/airflow/example_dags/example_sensor_decorator.py
[2026-06-13T17:23:28.992+0000] {logging_mixin.py:190} INFO - [2026-06-13T17:23:28.991+0000] {dag.py:3239} INFO - Sync 1 DAGs
[2026-06-13T17:23:29.004+0000] {logging_mixin.py:190} INFO - [2026-06-13T17:23:29.004+0000] {dag.py:4180} INFO - Setting next_dagrun for example_sensor_decorator to None, run_after=None
[2026-06-13T17:23:29.023+0000] {processor.py:208} INFO - Processing /home/airflow/.local/lib/python3.12/site-packages/airflow/example_dags/example_sensor_decorator.py took 0.071 seconds
[2026-06-13T17:23:59.456+0000] {processor.py:186} INFO - Started process (PID=4043) to work on /home/airflow/.local/lib/python3.12/site-packages/airflow/example_dags/example_sensor_decorator.py
[2026-06-13T17:23:59.457+0000] {processor.py:914} INFO - Processing file /home/airflow/.local/lib/python3.12/site-packages/airflow/example_dags/example_sensor_decorator.py for tasks to queue
[2026-06-13T17:23:59.460+0000] {logging_mixin.py:190} INFO - [2026-06-13T17:23:59.459+0000] {dagbag.py:588} INFO - Filling up the DagBag from /home/airflow/.local/lib/python3.12/site-packages/airflow/example_dags/example_sensor_decorator.py
[2026-06-13T17:23:59.466+0000] {processor.py:925} INFO - DAG(s) 'example_sensor_decorator' retrieved from /home/airflow/.local/lib/python3.12/site-packages/airflow/example_dags/example_sensor_decorator.py
[2026-06-13T17:23:59.484+0000] {logging_mixin.py:190} INFO - [2026-06-13T17:23:59.483+0000] {dag.py:3239} INFO - Sync 1 DAGs
[2026-06-13T17:23:59.494+0000] {logging_mixin.py:190} INFO - [2026-06-13T17:23:59.494+0000] {dag.py:4180} INFO - Setting next_dagrun for example_sensor_decorator to None, run_after=None
[2026-06-13T17:23:59.511+0000] {processor.py:208} INFO - Processing /home/airflow/.local/lib/python3.12/site-packages/airflow/example_dags/example_sensor_decorator.py took 0.060 seconds
[2026-06-13T17:24:29.853+0000] {processor.py:186} INFO - Started process (PID=4105) to work on /home/airflow/.local/lib/python3.12/site-packages/airflow/example_dags/example_sensor_decorator.py
[2026-06-13T17:24:29.854+0000] {processor.py:914} INFO - Processing file /home/airflow/.local/lib/python3.12/site-packages/airflow/example_dags/example_sensor_decorator.py for tasks to queue
[2026-06-13T17:24:29.857+0000] {logging_mixin.py:190} INFO - [2026-06-13T17:24:29.856+0000] {dagbag.py:588} INFO - Filling up the DagBag from /home/airflow/.local/lib/python3.12/site-packages/airflow/example_dags/example_sensor_decorator.py
[2026-06-13T17:24:29.863+0000] {processor.py:925} INFO - DAG(s) 'example_sensor_decorator' retrieved from /home/airflow/.local/lib/python3.12/site-packages/airflow/example_dags/example_sensor_decorator.py
[2026-06-13T17:24:29.879+0000] {logging_mixin.py:190} INFO - [2026-06-13T17:24:29.879+0000] {dag.py:3239} INFO - Sync 1 DAGs
[2026-06-13T17:24:29.893+0000] {logging_mixin.py:190} INFO - [2026-06-13T17:24:29.893+0000] {dag.py:4180} INFO - Setting next_dagrun for example_sensor_decorator to None, run_after=None
[2026-06-13T17:24:29.913+0000] {processor.py:208} INFO - Processing /home/airflow/.local/lib/python3.12/site-packages/airflow/example_dags/example_sensor_decorator.py took 0.065 seconds
[2026-06-13T17:25:00.027+0000] {processor.py:186} INFO - Started process (PID=4167) to work on /home/airflow/.local/lib/python3.12/site-packages/airflow/example_dags/example_sensor_decorator.py
[2026-06-13T17:25:00.028+0000] {processor.py:914} INFO - Processing file /home/airflow/.local/lib/python3.12/site-packages/airflow/example_dags/example_sensor_decorator.py for tasks to queue
[2026-06-13T17:25:00.031+0000] {logging_mixin.py:190} INFO - [2026-06-13T17:25:00.030+0000] {dagbag.py:588} INFO - Filling up the DagBag from /home/airflow/.local/lib/python3.12/site-packages/airflow/example_dags/example_sensor_decorator.py
[2026-06-13T17:25:00.039+0000] {processor.py:925} INFO - DAG(s) 'example_sensor_decorator' retrieved from /home/airflow/.local/lib/python3.12/site-packages/airflow/example_dags/example_sensor_decorator.py
[2026-06-13T17:25:00.056+0000] {logging_mixin.py:190} INFO - [2026-06-13T17:25:00.056+0000] {dag.py:3239} INFO - Sync 1 DAGs
[2026-06-13T17:25:00.067+0000] {logging_mixin.py:190} INFO - [2026-06-13T17:25:00.067+0000] {dag.py:4180} INFO - Setting next_dagrun for example_sensor_decorator to None, run_after=None
[2026-06-13T17:25:00.084+0000] {processor.py:208} INFO - Processing /home/airflow/.local/lib/python3.12/site-packages/airflow/example_dags/example_sensor_decorator.py took 0.065 seconds
[2026-06-13T17:25:30.366+0000] {processor.py:186} INFO - Started process (PID=4229) to work on /home/airflow/.local/lib/python3.12/site-packages/airflow/example_dags/example_sensor_decorator.py
[2026-06-13T17:25:30.367+0000] {processor.py:914} INFO - Processing file /home/airflow/.local/lib/python3.12/site-packages/airflow/example_dags/example_sensor_decorator.py for tasks to queue
[2026-06-13T17:25:30.369+0000] {logging_mixin.py:190} INFO - [2026-06-13T17:25:30.369+0000] {dagbag.py:588} INFO - Filling up the DagBag from /home/airflow/.local/lib/python3.12/site-packages/airflow/example_dags/example_sensor_decorator.py
[2026-06-13T17:25:30.376+0000] {processor.py:925} INFO - DAG(s) 'example_sensor_decorator' retrieved from /home/airflow/.local/lib/python3.12/site-packages/airflow/example_dags/example_sensor_decorator.py
[2026-06-13T17:25:30.392+0000] {logging_mixin.py:190} INFO - [2026-06-13T17:25:30.392+0000] {dag.py:3239} INFO - Sync 1 DAGs
[2026-06-13T17:25:30.403+0000] {logging_mixin.py:190} INFO - [2026-06-13T17:25:30.403+0000] {dag.py:4180} INFO - Setting next_dagrun for example_sensor_decorator to None, run_after=None
[2026-06-13T17:25:30.418+0000] {processor.py:208} INFO - Processing /home/airflow/.local/lib/python3.12/site-packages/airflow/example_dags/example_sensor_decorator.py took 0.057 seconds
[2026-06-13T17:26:00.614+0000] {processor.py:186} INFO - Started process (PID=4291) to work on /home/airflow/.local/lib/python3.12/site-packages/airflow/example_dags/example_sensor_decorator.py
[2026-06-13T17:26:00.615+0000] {processor.py:914} INFO - Processing file /home/airflow/.local/lib/python3.12/site-packages/airflow/example_dags/example_sensor_decorator.py for tasks to queue
[2026-06-13T17:26:00.618+0000] {logging_mixin.py:190} INFO - [2026-06-13T17:26:00.617+0000] {dagbag.py:588} INFO - Filling up the DagBag from /home/airflow/.local/lib/python3.12/site-packages/airflow/example_dags/example_sensor_decorator.py
[2026-06-13T17:26:00.624+0000] {processor.py:925} INFO - DAG(s) 'example_sensor_decorator' retrieved from /home/airflow/.local/lib/python3.12/site-packages/airflow/example_dags/example_sensor_decorator.py
[2026-06-13T17:26:00.640+0000] {logging_mixin.py:190} INFO - [2026-06-13T17:26:00.640+0000] {dag.py:3239} INFO - Sync 1 DAGs
[2026-06-13T17:26:00.651+0000] {logging_mixin.py:190} INFO - [2026-06-13T17:26:00.650+0000] {dag.py:4180} INFO - Setting next_dagrun for example_sensor_decorator to None, run_after=None
[2026-06-13T17:26:00.668+0000] {processor.py:208} INFO - Processing /home/airflow/.local/lib/python3.12/site-packages/airflow/example_dags/example_sensor_decorator.py took 0.058 seconds
[2026-06-13T17:26:31.015+0000] {processor.py:186} INFO - Started process (PID=4353) to work on /home/airflow/.local/lib/python3.12/site-packages/airflow/example_dags/example_sensor_decorator.py
[2026-06-13T17:26:31.016+0000] {processor.py:914} INFO - Processing file /home/airflow/.local/lib/python3.12/site-packages/airflow/example_dags/example_sensor_decorator.py for tasks to queue
[2026-06-13T17:26:31.018+0000] {logging_mixin.py:190} INFO - [2026-06-13T17:26:31.018+0000] {dagbag.py:588} INFO - Filling up the DagBag from /home/airflow/.local/lib/python3.12/site-packages/airflow/example_dags/example_sensor_decorator.py
[2026-06-13T17:26:31.024+0000] {processor.py:925} INFO - DAG(s) 'example_sensor_decorator' retrieved from /home/airflow/.local/lib/python3.12/site-packages/airflow/example_dags/example_sensor_decorator.py
[2026-06-13T17:26:31.041+0000] {logging_mixin.py:190} INFO - [2026-06-13T17:26:31.041+0000] {dag.py:3239} INFO - Sync 1 DAGs
[2026-06-13T17:26:31.052+0000] {logging_mixin.py:190} INFO - [2026-06-13T17:26:31.052+0000] {dag.py:4180} INFO - Setting next_dagrun for example_sensor_decorator to None, run_after=None
[2026-06-13T17:26:31.069+0000] {processor.py:208} INFO - Processing /home/airflow/.local/lib/python3.12/site-packages/airflow/example_dags/example_sensor_decorator.py took 0.059 seconds
[2026-06-13T17:27:01.363+0000] {processor.py:186} INFO - Started process (PID=4415) to work on /home/airflow/.local/lib/python3.12/site-packages/airflow/example_dags/example_sensor_decorator.py
[2026-06-13T17:27:01.365+0000] {processor.py:914} INFO - Processing file /home/airflow/.local/lib/python3.12/site-packages/airflow/example_dags/example_sensor_decorator.py for tasks to queue
[2026-06-13T17:27:01.367+0000] {logging_mixin.py:190} INFO - [2026-06-13T17:27:01.366+0000] {dagbag.py:588} INFO - Filling up the DagBag from /home/airflow/.local/lib/python3.12/site-packages/airflow/example_dags/example_sensor_decorator.py
[2026-06-13T17:27:01.373+0000] {processor.py:925} INFO - DAG(s) 'example_sensor_decorator' retrieved from /home/airflow/.local/lib/python3.12/site-packages/airflow/example_dags/example_sensor_decorator.py
[2026-06-13T17:27:01.389+0000] {logging_mixin.py:190} INFO - [2026-06-13T17:27:01.388+0000] {dag.py:3239} INFO - Sync 1 DAGs
[2026-06-13T17:27:01.399+0000] {logging_mixin.py:190} INFO - [2026-06-13T17:27:01.399+0000] {dag.py:4180} INFO - Setting next_dagrun for example_sensor_decorator to None, run_after=None
[2026-06-13T17:27:01.415+0000] {processor.py:208} INFO - Processing /home/airflow/.local/lib/python3.12/site-packages/airflow/example_dags/example_sensor_decorator.py took 0.056 seconds
[2026-06-13T17:27:31.791+0000] {processor.py:186} INFO - Started process (PID=4477) to work on /home/airflow/.local/lib/python3.12/site-packages/airflow/example_dags/example_sensor_decorator.py
[2026-06-13T17:27:31.793+0000] {processor.py:914} INFO - Processing file /home/airflow/.local/lib/python3.12/site-packages/airflow/example_dags/example_sensor_decorator.py for tasks to queue
[2026-06-13T17:27:31.795+0000] {logging_mixin.py:190} INFO - [2026-06-13T17:27:31.795+0000] {dagbag.py:588} INFO - Filling up the DagBag from /home/airflow/.local/lib/python3.12/site-packages/airflow/example_dags/example_sensor_decorator.py
[2026-06-13T17:27:31.801+0000] {processor.py:925} INFO - DAG(s) 'example_sensor_decorator' retrieved from /home/airflow/.local/lib/python3.12/site-packages/airflow/example_dags/example_sensor_decorator.py
[2026-06-13T17:27:31.817+0000] {logging_mixin.py:190} INFO - [2026-06-13T17:27:31.817+0000] {dag.py:3239} INFO - Sync 1 DAGs
[2026-06-13T17:27:31.829+0000] {logging_mixin.py:190} INFO - [2026-06-13T17:27:31.828+0000] {dag.py:4180} INFO - Setting next_dagrun for example_sensor_decorator to None, run_after=None
[2026-06-13T17:27:31.846+0000] {processor.py:208} INFO - Processing /home/airflow/.local/lib/python3.12/site-packages/airflow/example_dags/example_sensor_decorator.py took 0.059 seconds
[2026-06-13T17:28:02.223+0000] {processor.py:186} INFO - Started process (PID=4539) to work on /home/airflow/.local/lib/python3.12/site-packages/airflow/example_dags/example_sensor_decorator.py
[2026-06-13T17:28:02.224+0000] {processor.py:914} INFO - Processing file /home/airflow/.local/lib/python3.12/site-packages/airflow/example_dags/example_sensor_decorator.py for tasks to queue
[2026-06-13T17:28:02.227+0000] {logging_mixin.py:190} INFO - [2026-06-13T17:28:02.227+0000] {dagbag.py:588} INFO - Filling up the DagBag from /home/airflow/.local/lib/python3.12/site-packages/airflow/example_dags/example_sensor_decorator.py
[2026-06-13T17:28:02.234+0000] {processor.py:925} INFO - DAG(s) 'example_sensor_decorator' retrieved from /home/airflow/.local/lib/python3.12/site-packages/airflow/example_dags/example_sensor_decorator.py
[2026-06-13T17:28:02.255+0000] {logging_mixin.py:190} INFO - [2026-06-13T17:28:02.255+0000] {dag.py:3239} INFO - Sync 1 DAGs
[2026-06-13T17:28:02.266+0000] {logging_mixin.py:190} INFO - [2026-06-13T17:28:02.266+0000] {dag.py:4180} INFO - Setting next_dagrun for example_sensor_decorator to None, run_after=None
[2026-06-13T17:28:02.284+0000] {processor.py:208} INFO - Processing /home/airflow/.local/lib/python3.12/site-packages/airflow/example_dags/example_sensor_decorator.py took 0.068 seconds
[2026-06-13T17:28:32.476+0000] {processor.py:186} INFO - Started process (PID=4601) to work on /home/airflow/.local/lib/python3.12/site-packages/airflow/example_dags/example_sensor_decorator.py
[2026-06-13T17:28:32.477+0000] {processor.py:914} INFO - Processing file /home/airflow/.local/lib/python3.12/site-packages/airflow/example_dags/example_sensor_decorator.py for tasks to queue
[2026-06-13T17:28:32.479+0000] {logging_mixin.py:190} INFO - [2026-06-13T17:28:32.479+0000] {dagbag.py:588} INFO - Filling up the DagBag from /home/airflow/.local/lib/python3.12/site-packages/airflow/example_dags/example_sensor_decorator.py
[2026-06-13T17:28:32.486+0000] {processor.py:925} INFO - DAG(s) 'example_sensor_decorator' retrieved from /home/airflow/.local/lib/python3.12/site-packages/airflow/example_dags/example_sensor_decorator.py
[2026-06-13T17:28:32.506+0000] {logging_mixin.py:190} INFO - [2026-06-13T17:28:32.505+0000] {dag.py:3239} INFO - Sync 1 DAGs
[2026-06-13T17:28:32.517+0000] {logging_mixin.py:190} INFO - [2026-06-13T17:28:32.517+0000] {dag.py:4180} INFO - Setting next_dagrun for example_sensor_decorator to None, run_after=None
[2026-06-13T17:28:32.539+0000] {processor.py:208} INFO - Processing /home/airflow/.local/lib/python3.12/site-packages/airflow/example_dags/example_sensor_decorator.py took 0.070 seconds
[2026-06-13T17:29:02.764+0000] {processor.py:186} INFO - Started process (PID=4663) to work on /home/airflow/.local/lib/python3.12/site-packages/airflow/example_dags/example_sensor_decorator.py
[2026-06-13T17:29:02.766+0000] {processor.py:914} INFO - Processing file /home/airflow/.local/lib/python3.12/site-packages/airflow/example_dags/example_sensor_decorator.py for tasks to queue
[2026-06-13T17:29:02.768+0000] {logging_mixin.py:190} INFO - [2026-06-13T17:29:02.768+0000] {dagbag.py:588} INFO - Filling up the DagBag from /home/airflow/.local/lib/python3.12/site-packages/airflow/example_dags/example_sensor_decorator.py
[2026-06-13T17:29:02.776+0000] {processor.py:925} INFO - DAG(s) 'example_sensor_decorator' retrieved from /home/airflow/.local/lib/python3.12/site-packages/airflow/example_dags/example_sensor_decorator.py
[2026-06-13T17:29:02.793+0000] {logging_mixin.py:190} INFO - [2026-06-13T17:29:02.793+0000] {dag.py:3239} INFO - Sync 1 DAGs
[2026-06-13T17:29:02.804+0000] {logging_mixin.py:190} INFO - [2026-06-13T17:29:02.804+0000] {dag.py:4180} INFO - Setting next_dagrun for example_sensor_decorator to None, run_after=None
[2026-06-13T17:29:02.821+0000] {processor.py:208} INFO - Processing /home/airflow/.local/lib/python3.12/site-packages/airflow/example_dags/example_sensor_decorator.py took 0.062 seconds
[2026-06-13T17:29:33.295+0000] {processor.py:186} INFO - Started process (PID=4725) to work on /home/airflow/.local/lib/python3.12/site-packages/airflow/example_dags/example_sensor_decorator.py
[2026-06-13T17:29:33.297+0000] {processor.py:914} INFO - Processing file /home/airflow/.local/lib/python3.12/site-packages/airflow/example_dags/example_sensor_decorator.py for tasks to queue
[2026-06-13T17:29:33.299+0000] {logging_mixin.py:190} INFO - [2026-06-13T17:29:33.299+0000] {dagbag.py:588} INFO - Filling up the DagBag from /home/airflow/.local/lib/python3.12/site-packages/airflow/example_dags/example_sensor_decorator.py
[2026-06-13T17:29:33.306+0000] {processor.py:925} INFO - DAG(s) 'example_sensor_decorator' retrieved from /home/airflow/.local/lib/python3.12/site-packages/airflow/example_dags/example_sensor_decorator.py
[2026-06-13T17:29:33.323+0000] {logging_mixin.py:190} INFO - [2026-06-13T17:29:33.323+0000] {dag.py:3239} INFO - Sync 1 DAGs
[2026-06-13T17:29:33.334+0000] {logging_mixin.py:190} INFO - [2026-06-13T17:29:33.334+0000] {dag.py:4180} INFO - Setting next_dagrun for example_sensor_decorator to None, run_after=None
[2026-06-13T17:29:33.352+0000] {processor.py:208} INFO - Processing /home/airflow/.local/lib/python3.12/site-packages/airflow/example_dags/example_sensor_decorator.py took 0.061 seconds
[2026-06-13T17:30:03.576+0000] {processor.py:186} INFO - Started process (PID=4787) to work on /home/airflow/.local/lib/python3.12/site-packages/airflow/example_dags/example_sensor_decorator.py
[2026-06-13T17:30:03.577+0000] {processor.py:914} INFO - Processing file /home/airflow/.local/lib/python3.12/site-packages/airflow/example_dags/example_sensor_decorator.py for tasks to queue
[2026-06-13T17:30:03.580+0000] {logging_mixin.py:190} INFO - [2026-06-13T17:30:03.579+0000] {dagbag.py:588} INFO - Filling up the DagBag from /home/airflow/.local/lib/python3.12/site-packages/airflow/example_dags/example_sensor_decorator.py
[2026-06-13T17:30:03.586+0000] {processor.py:925} INFO - DAG(s) 'example_sensor_decorator' retrieved from /home/airflow/.local/lib/python3.12/site-packages/airflow/example_dags/example_sensor_decorator.py
[2026-06-13T17:30:03.601+0000] {logging_mixin.py:190} INFO - [2026-06-13T17:30:03.601+0000] {dag.py:3239} INFO - Sync 1 DAGs
[2026-06-13T17:30:03.612+0000] {logging_mixin.py:190} INFO - [2026-06-13T17:30:03.612+0000] {dag.py:4180} INFO - Setting next_dagrun for example_sensor_decorator to None, run_after=None
[2026-06-13T17:30:03.628+0000] {processor.py:208} INFO - Processing /home/airflow/.local/lib/python3.12/site-packages/airflow/example_dags/example_sensor_decorator.py took 0.057 seconds
[2026-06-13T17:30:33.954+0000] {processor.py:186} INFO - Started process (PID=4849) to work on /home/airflow/.local/lib/python3.12/site-packages/airflow/example_dags/example_sensor_decorator.py
[2026-06-13T17:30:33.955+0000] {processor.py:914} INFO - Processing file /home/airflow/.local/lib/python3.12/site-packages/airflow/example_dags/example_sensor_decorator.py for tasks to queue
[2026-06-13T17:30:33.957+0000] {logging_mixin.py:190} INFO - [2026-06-13T17:30:33.957+0000] {dagbag.py:588} INFO - Filling up the DagBag from /home/airflow/.local/lib/python3.12/site-packages/airflow/example_dags/example_sensor_decorator.py
[2026-06-13T17:30:33.964+0000] {processor.py:925} INFO - DAG(s) 'example_sensor_decorator' retrieved from /home/airflow/.local/lib/python3.12/site-packages/airflow/example_dags/example_sensor_decorator.py
[2026-06-13T17:30:33.980+0000] {logging_mixin.py:190} INFO - [2026-06-13T17:30:33.980+0000] {dag.py:3239} INFO - Sync 1 DAGs
[2026-06-13T17:30:33.991+0000] {logging_mixin.py:190} INFO - [2026-06-13T17:30:33.991+0000] {dag.py:4180} INFO - Setting next_dagrun for example_sensor_decorator to None, run_after=None
[2026-06-13T17:30:34.009+0000] {processor.py:208} INFO - Processing /home/airflow/.local/lib/python3.12/site-packages/airflow/example_dags/example_sensor_decorator.py took 0.060 seconds
[2026-06-13T17:31:04.479+0000] {processor.py:186} INFO - Started process (PID=4912) to work on /home/airflow/.local/lib/python3.12/site-packages/airflow/example_dags/example_sensor_decorator.py
[2026-06-13T17:31:04.480+0000] {processor.py:914} INFO - Processing file /home/airflow/.local/lib/python3.12/site-packages/airflow/example_dags/example_sensor_decorator.py for tasks to queue
[2026-06-13T17:31:04.483+0000] {logging_mixin.py:190} INFO - [2026-06-13T17:31:04.482+0000] {dagbag.py:588} INFO - Filling up the DagBag from /home/airflow/.local/lib/python3.12/site-packages/airflow/example_dags/example_sensor_decorator.py
[2026-06-13T17:31:04.490+0000] {processor.py:925} INFO - DAG(s) 'example_sensor_decorator' retrieved from /home/airflow/.local/lib/python3.12/site-packages/airflow/example_dags/example_sensor_decorator.py
[2026-06-13T17:31:04.507+0000] {logging_mixin.py:190} INFO - [2026-06-13T17:31:04.506+0000] {dag.py:3239} INFO - Sync 1 DAGs
[2026-06-13T17:31:04.517+0000] {logging_mixin.py:190} INFO - [2026-06-13T17:31:04.517+0000] {dag.py:4180} INFO - Setting next_dagrun for example_sensor_decorator to None, run_after=None
[2026-06-13T17:31:04.535+0000] {processor.py:208} INFO - Processing /home/airflow/.local/lib/python3.12/site-packages/airflow/example_dags/example_sensor_decorator.py took 0.061 seconds
[2026-06-13T17:31:34.767+0000] {processor.py:186} INFO - Started process (PID=4974) to work on /home/airflow/.local/lib/python3.12/site-packages/airflow/example_dags/example_sensor_decorator.py
[2026-06-13T17:31:34.768+0000] {processor.py:914} INFO - Processing file /home/airflow/.local/lib/python3.12/site-packages/airflow/example_dags/example_sensor_decorator.py for tasks to queue
[2026-06-13T17:31:34.771+0000] {logging_mixin.py:190} INFO - [2026-06-13T17:31:34.770+0000] {dagbag.py:588} INFO - Filling up the DagBag from /home/airflow/.local/lib/python3.12/site-packages/airflow/example_dags/example_sensor_decorator.py
[2026-06-13T17:31:34.777+0000] {processor.py:925} INFO - DAG(s) 'example_sensor_decorator' retrieved from /home/airflow/.local/lib/python3.12/site-packages/airflow/example_dags/example_sensor_decorator.py
[2026-06-13T17:31:34.793+0000] {logging_mixin.py:190} INFO - [2026-06-13T17:31:34.793+0000] {dag.py:3239} INFO - Sync 1 DAGs
[2026-06-13T17:31:34.804+0000] {logging_mixin.py:190} INFO - [2026-06-13T17:31:34.804+0000] {dag.py:4180} INFO - Setting next_dagrun for example_sensor_decorator to None, run_after=None
[2026-06-13T17:31:34.819+0000] {processor.py:208} INFO - Processing /home/airflow/.local/lib/python3.12/site-packages/airflow/example_dags/example_sensor_decorator.py took 0.056 seconds
[2026-06-13T17:32:05.199+0000] {processor.py:186} INFO - Started process (PID=5036) to work on /home/airflow/.local/lib/python3.12/site-packages/airflow/example_dags/example_sensor_decorator.py
[2026-06-13T17:32:05.201+0000] {processor.py:914} INFO - Processing file /home/airflow/.local/lib/python3.12/site-packages/airflow/example_dags/example_sensor_decorator.py for tasks to queue
[2026-06-13T17:32:05.203+0000] {logging_mixin.py:190} INFO - [2026-06-13T17:32:05.203+0000] {dagbag.py:588} INFO - Filling up the DagBag from /home/airflow/.local/lib/python3.12/site-packages/airflow/example_dags/example_sensor_decorator.py
[2026-06-13T17:32:05.211+0000] {processor.py:925} INFO - DAG(s) 'example_sensor_decorator' retrieved from /home/airflow/.local/lib/python3.12/site-packages/airflow/example_dags/example_sensor_decorator.py
[2026-06-13T17:32:05.228+0000] {logging_mixin.py:190} INFO - [2026-06-13T17:32:05.228+0000] {dag.py:3239} INFO - Sync 1 DAGs
[2026-06-13T17:32:05.239+0000] {logging_mixin.py:190} INFO - [2026-06-13T17:32:05.239+0000] {dag.py:4180} INFO - Setting next_dagrun for example_sensor_decorator to None, run_after=None
[2026-06-13T17:32:05.256+0000] {processor.py:208} INFO - Processing /home/airflow/.local/lib/python3.12/site-packages/airflow/example_dags/example_sensor_decorator.py took 0.062 seconds
[2026-06-13T17:32:35.621+0000] {processor.py:186} INFO - Started process (PID=5098) to work on /home/airflow/.local/lib/python3.12/site-packages/airflow/example_dags/example_sensor_decorator.py
[2026-06-13T17:32:35.623+0000] {processor.py:914} INFO - Processing file /home/airflow/.local/lib/python3.12/site-packages/airflow/example_dags/example_sensor_decorator.py for tasks to queue
[2026-06-13T17:32:35.625+0000] {logging_mixin.py:190} INFO - [2026-06-13T17:32:35.625+0000] {dagbag.py:588} INFO - Filling up the DagBag from /home/airflow/.local/lib/python3.12/site-packages/airflow/example_dags/example_sensor_decorator.py
[2026-06-13T17:32:35.631+0000] {processor.py:925} INFO - DAG(s) 'example_sensor_decorator' retrieved from /home/airflow/.local/lib/python3.12/site-packages/airflow/example_dags/example_sensor_decorator.py
[2026-06-13T17:32:35.649+0000] {logging_mixin.py:190} INFO - [2026-06-13T17:32:35.648+0000] {dag.py:3239} INFO - Sync 1 DAGs
[2026-06-13T17:32:35.660+0000] {logging_mixin.py:190} INFO - [2026-06-13T17:32:35.660+0000] {dag.py:4180} INFO - Setting next_dagrun for example_sensor_decorator to None, run_after=None
[2026-06-13T17:32:35.678+0000] {processor.py:208} INFO - Processing /home/airflow/.local/lib/python3.12/site-packages/airflow/example_dags/example_sensor_decorator.py took 0.062 seconds
[2026-06-13T17:33:05.939+0000] {processor.py:186} INFO - Started process (PID=5160) to work on /home/airflow/.local/lib/python3.12/site-packages/airflow/example_dags/example_sensor_decorator.py
[2026-06-13T17:33:05.940+0000] {processor.py:914} INFO - Processing file /home/airflow/.local/lib/python3.12/site-packages/airflow/example_dags/example_sensor_decorator.py for tasks to queue
[2026-06-13T17:33:05.943+0000] {logging_mixin.py:190} INFO - [2026-06-13T17:33:05.942+0000] {dagbag.py:588} INFO - Filling up the DagBag from /home/airflow/.local/lib/python3.12/site-packages/airflow/example_dags/example_sensor_decorator.py
[2026-06-13T17:33:05.949+0000] {processor.py:925} INFO - DAG(s) 'example_sensor_decorator' retrieved from /home/airflow/.local/lib/python3.12/site-packages/airflow/example_dags/example_sensor_decorator.py
[2026-06-13T17:33:05.965+0000] {logging_mixin.py:190} INFO - [2026-06-13T17:33:05.965+0000] {dag.py:3239} INFO - Sync 1 DAGs
[2026-06-13T17:33:05.976+0000] {logging_mixin.py:190} INFO - [2026-06-13T17:33:05.976+0000] {dag.py:4180} INFO - Setting next_dagrun for example_sensor_decorator to None, run_after=None
[2026-06-13T17:33:05.991+0000] {processor.py:208} INFO - Processing /home/airflow/.local/lib/python3.12/site-packages/airflow/example_dags/example_sensor_decorator.py took 0.056 seconds
[2026-06-13T17:33:36.396+0000] {processor.py:186} INFO - Started process (PID=5222) to work on /home/airflow/.local/lib/python3.12/site-packages/airflow/example_dags/example_sensor_decorator.py
[2026-06-13T17:33:36.397+0000] {processor.py:914} INFO - Processing file /home/airflow/.local/lib/python3.12/site-packages/airflow/example_dags/example_sensor_decorator.py for tasks to queue
[2026-06-13T17:33:36.400+0000] {logging_mixin.py:190} INFO - [2026-06-13T17:33:36.400+0000] {dagbag.py:588} INFO - Filling up the DagBag from /home/airflow/.local/lib/python3.12/site-packages/airflow/example_dags/example_sensor_decorator.py
[2026-06-13T17:33:36.409+0000] {processor.py:925} INFO - DAG(s) 'example_sensor_decorator' retrieved from /home/airflow/.local/lib/python3.12/site-packages/airflow/example_dags/example_sensor_decorator.py
[2026-06-13T17:33:36.430+0000] {logging_mixin.py:190} INFO - [2026-06-13T17:33:36.429+0000] {dag.py:3239} INFO - Sync 1 DAGs
[2026-06-13T17:33:36.441+0000] {logging_mixin.py:190} INFO - [2026-06-13T17:33:36.441+0000] {dag.py:4180} INFO - Setting next_dagrun for example_sensor_decorator to None, run_after=None
[2026-06-13T17:33:36.459+0000] {processor.py:208} INFO - Processing /home/airflow/.local/lib/python3.12/site-packages/airflow/example_dags/example_sensor_decorator.py took 0.068 seconds
[2026-06-13T17:34:06.603+0000] {processor.py:186} INFO - Started process (PID=5284) to work on /home/airflow/.local/lib/python3.12/site-packages/airflow/example_dags/example_sensor_decorator.py
[2026-06-13T17:34:06.604+0000] {processor.py:914} INFO - Processing file /home/airflow/.local/lib/python3.12/site-packages/airflow/example_dags/example_sensor_decorator.py for tasks to queue
[2026-06-13T17:34:06.606+0000] {logging_mixin.py:190} INFO - [2026-06-13T17:34:06.606+0000] {dagbag.py:588} INFO - Filling up the DagBag from /home/airflow/.local/lib/python3.12/site-packages/airflow/example_dags/example_sensor_decorator.py
[2026-06-13T17:34:06.613+0000] {processor.py:925} INFO - DAG(s) 'example_sensor_decorator' retrieved from /home/airflow/.local/lib/python3.12/site-packages/airflow/example_dags/example_sensor_decorator.py
[2026-06-13T17:34:06.629+0000] {logging_mixin.py:190} INFO - [2026-06-13T17:34:06.629+0000] {dag.py:3239} INFO - Sync 1 DAGs
[2026-06-13T17:34:06.640+0000] {logging_mixin.py:190} INFO - [2026-06-13T17:34:06.640+0000] {dag.py:4180} INFO - Setting next_dagrun for example_sensor_decorator to None, run_after=None
[2026-06-13T17:34:06.658+0000] {processor.py:208} INFO - Processing /home/airflow/.local/lib/python3.12/site-packages/airflow/example_dags/example_sensor_decorator.py took 0.059 seconds
[2026-06-13T17:34:36.951+0000] {processor.py:186} INFO - Started process (PID=5346) to work on /home/airflow/.local/lib/python3.12/site-packages/airflow/example_dags/example_sensor_decorator.py
[2026-06-13T17:34:36.952+0000] {processor.py:914} INFO - Processing file /home/airflow/.local/lib/python3.12/site-packages/airflow/example_dags/example_sensor_decorator.py for tasks to queue
[2026-06-13T17:34:36.955+0000] {logging_mixin.py:190} INFO - [2026-06-13T17:34:36.954+0000] {dagbag.py:588} INFO - Filling up the DagBag from /home/airflow/.local/lib/python3.12/site-packages/airflow/example_dags/example_sensor_decorator.py
[2026-06-13T17:34:36.962+0000] {processor.py:925} INFO - DAG(s) 'example_sensor_decorator' retrieved from /home/airflow/.local/lib/python3.12/site-packages/airflow/example_dags/example_sensor_decorator.py
[2026-06-13T17:34:36.979+0000] {logging_mixin.py:190} INFO - [2026-06-13T17:34:36.979+0000] {dag.py:3239} INFO - Sync 1 DAGs
[2026-06-13T17:34:36.990+0000] {logging_mixin.py:190} INFO - [2026-06-13T17:34:36.990+0000] {dag.py:4180} INFO - Setting next_dagrun for example_sensor_decorator to None, run_after=None
[2026-06-13T17:34:37.008+0000] {processor.py:208} INFO - Processing /home/airflow/.local/lib/python3.12/site-packages/airflow/example_dags/example_sensor_decorator.py took 0.061 seconds
[2026-06-13T17:35:07.327+0000] {processor.py:186} INFO - Started process (PID=5414) to work on /home/airflow/.local/lib/python3.12/site-packages/airflow/example_dags/example_sensor_decorator.py
[2026-06-13T17:35:07.328+0000] {processor.py:914} INFO - Processing file /home/airflow/.local/lib/python3.12/site-packages/airflow/example_dags/example_sensor_decorator.py for tasks to queue
[2026-06-13T17:35:07.331+0000] {logging_mixin.py:190} INFO - [2026-06-13T17:35:07.330+0000] {dagbag.py:588} INFO - Filling up the DagBag from /home/airflow/.local/lib/python3.12/site-packages/airflow/example_dags/example_sensor_decorator.py
[2026-06-13T17:35:07.340+0000] {processor.py:925} INFO - DAG(s) 'example_sensor_decorator' retrieved from /home/airflow/.local/lib/python3.12/site-packages/airflow/example_dags/example_sensor_decorator.py
[2026-06-13T17:35:07.359+0000] {logging_mixin.py:190} INFO - [2026-06-13T17:35:07.358+0000] {dag.py:3239} INFO - Sync 1 DAGs
[2026-06-13T17:35:07.369+0000] {logging_mixin.py:190} INFO - [2026-06-13T17:35:07.369+0000] {dag.py:4180} INFO - Setting next_dagrun for example_sensor_decorator to None, run_after=None
[2026-06-13T17:35:07.384+0000] {processor.py:208} INFO - Processing /home/airflow/.local/lib/python3.12/site-packages/airflow/example_dags/example_sensor_decorator.py took 0.062 seconds
[2026-06-13T17:35:37.680+0000] {processor.py:186} INFO - Started process (PID=5476) to work on /home/airflow/.local/lib/python3.12/site-packages/airflow/example_dags/example_sensor_decorator.py
[2026-06-13T17:35:37.682+0000] {processor.py:914} INFO - Processing file /home/airflow/.local/lib/python3.12/site-packages/airflow/example_dags/example_sensor_decorator.py for tasks to queue
[2026-06-13T17:35:37.684+0000] {logging_mixin.py:190} INFO - [2026-06-13T17:35:37.684+0000] {dagbag.py:588} INFO - Filling up the DagBag from /home/airflow/.local/lib/python3.12/site-packages/airflow/example_dags/example_sensor_decorator.py
[2026-06-13T17:35:37.696+0000] {processor.py:925} INFO - DAG(s) 'example_sensor_decorator' retrieved from /home/airflow/.local/lib/python3.12/site-packages/airflow/example_dags/example_sensor_decorator.py
[2026-06-13T17:35:37.717+0000] {logging_mixin.py:190} INFO - [2026-06-13T17:35:37.716+0000] {dag.py:3239} INFO - Sync 1 DAGs
[2026-06-13T17:35:37.734+0000] {logging_mixin.py:190} INFO - [2026-06-13T17:35:37.733+0000] {dag.py:4180} INFO - Setting next_dagrun for example_sensor_decorator to None, run_after=None
[2026-06-13T17:35:37.762+0000] {processor.py:208} INFO - Processing /home/airflow/.local/lib/python3.12/site-packages/airflow/example_dags/example_sensor_decorator.py took 0.088 seconds
[2026-06-13T17:36:07.977+0000] {processor.py:186} INFO - Started process (PID=5538) to work on /home/airflow/.local/lib/python3.12/site-packages/airflow/example_dags/example_sensor_decorator.py
[2026-06-13T17:36:07.978+0000] {processor.py:914} INFO - Processing file /home/airflow/.local/lib/python3.12/site-packages/airflow/example_dags/example_sensor_decorator.py for tasks to queue
[2026-06-13T17:36:07.980+0000] {logging_mixin.py:190} INFO - [2026-06-13T17:36:07.980+0000] {dagbag.py:588} INFO - Filling up the DagBag from /home/airflow/.local/lib/python3.12/site-packages/airflow/example_dags/example_sensor_decorator.py
[2026-06-13T17:36:07.987+0000] {processor.py:925} INFO - DAG(s) 'example_sensor_decorator' retrieved from /home/airflow/.local/lib/python3.12/site-packages/airflow/example_dags/example_sensor_decorator.py
[2026-06-13T17:36:08.002+0000] {logging_mixin.py:190} INFO - [2026-06-13T17:36:08.002+0000] {dag.py:3239} INFO - Sync 1 DAGs
[2026-06-13T17:36:08.013+0000] {logging_mixin.py:190} INFO - [2026-06-13T17:36:08.013+0000] {dag.py:4180} INFO - Setting next_dagrun for example_sensor_decorator to None, run_after=None
[2026-06-13T17:36:08.028+0000] {processor.py:208} INFO - Processing /home/airflow/.local/lib/python3.12/site-packages/airflow/example_dags/example_sensor_decorator.py took 0.055 seconds
[2026-06-13T17:36:38.141+0000] {processor.py:186} INFO - Started process (PID=5600) to work on /home/airflow/.local/lib/python3.12/site-packages/airflow/example_dags/example_sensor_decorator.py
[2026-06-13T17:36:38.143+0000] {processor.py:914} INFO - Processing file /home/airflow/.local/lib/python3.12/site-packages/airflow/example_dags/example_sensor_decorator.py for tasks to queue
[2026-06-13T17:36:38.145+0000] {logging_mixin.py:190} INFO - [2026-06-13T17:36:38.144+0000] {dagbag.py:588} INFO - Filling up the DagBag from /home/airflow/.local/lib/python3.12/site-packages/airflow/example_dags/example_sensor_decorator.py
[2026-06-13T17:36:38.152+0000] {processor.py:925} INFO - DAG(s) 'example_sensor_decorator' retrieved from /home/airflow/.local/lib/python3.12/site-packages/airflow/example_dags/example_sensor_decorator.py
[2026-06-13T17:36:38.168+0000] {logging_mixin.py:190} INFO - [2026-06-13T17:36:38.168+0000] {dag.py:3239} INFO - Sync 1 DAGs
[2026-06-13T17:36:38.179+0000] {logging_mixin.py:190} INFO - [2026-06-13T17:36:38.179+0000] {dag.py:4180} INFO - Setting next_dagrun for example_sensor_decorator to None, run_after=None
[2026-06-13T17:36:38.195+0000] {processor.py:208} INFO - Processing /home/airflow/.local/lib/python3.12/site-packages/airflow/example_dags/example_sensor_decorator.py took 0.058 seconds
[2026-06-13T17:37:08.726+0000] {processor.py:186} INFO - Started process (PID=5662) to work on /home/airflow/.local/lib/python3.12/site-packages/airflow/example_dags/example_sensor_decorator.py
[2026-06-13T17:37:08.727+0000] {processor.py:914} INFO - Processing file /home/airflow/.local/lib/python3.12/site-packages/airflow/example_dags/example_sensor_decorator.py for tasks to queue
[2026-06-13T17:37:08.730+0000] {logging_mixin.py:190} INFO - [2026-06-13T17:37:08.729+0000] {dagbag.py:588} INFO - Filling up the DagBag from /home/airflow/.local/lib/python3.12/site-packages/airflow/example_dags/example_sensor_decorator.py
[2026-06-13T17:37:08.738+0000] {processor.py:925} INFO - DAG(s) 'example_sensor_decorator' retrieved from /home/airflow/.local/lib/python3.12/site-packages/airflow/example_dags/example_sensor_decorator.py
[2026-06-13T17:37:08.756+0000] {logging_mixin.py:190} INFO - [2026-06-13T17:37:08.755+0000] {dag.py:3239} INFO - Sync 1 DAGs
[2026-06-13T17:37:08.768+0000] {logging_mixin.py:190} INFO - [2026-06-13T17:37:08.768+0000] {dag.py:4180} INFO - Setting next_dagrun for example_sensor_decorator to None, run_after=None
[2026-06-13T17:37:08.785+0000] {processor.py:208} INFO - Processing /home/airflow/.local/lib/python3.12/site-packages/airflow/example_dags/example_sensor_decorator.py took 0.066 seconds
[2026-06-13T17:37:38.938+0000] {processor.py:186} INFO - Started process (PID=5724) to work on /home/airflow/.local/lib/python3.12/site-packages/airflow/example_dags/example_sensor_decorator.py
[2026-06-13T17:37:38.939+0000] {processor.py:914} INFO - Processing file /home/airflow/.local/lib/python3.12/site-packages/airflow/example_dags/example_sensor_decorator.py for tasks to queue
[2026-06-13T17:37:38.941+0000] {logging_mixin.py:190} INFO - [2026-06-13T17:37:38.941+0000] {dagbag.py:588} INFO - Filling up the DagBag from /home/airflow/.local/lib/python3.12/site-packages/airflow/example_dags/example_sensor_decorator.py
[2026-06-13T17:37:38.948+0000] {processor.py:925} INFO - DAG(s) 'example_sensor_decorator' retrieved from /home/airflow/.local/lib/python3.12/site-packages/airflow/example_dags/example_sensor_decorator.py
[2026-06-13T17:37:38.965+0000] {logging_mixin.py:190} INFO - [2026-06-13T17:37:38.964+0000] {dag.py:3239} INFO - Sync 1 DAGs
[2026-06-13T17:37:38.975+0000] {logging_mixin.py:190} INFO - [2026-06-13T17:37:38.975+0000] {dag.py:4180} INFO - Setting next_dagrun for example_sensor_decorator to None, run_after=None
[2026-06-13T17:37:38.993+0000] {processor.py:208} INFO - Processing /home/airflow/.local/lib/python3.12/site-packages/airflow/example_dags/example_sensor_decorator.py took 0.061 seconds
[2026-06-13T17:38:09.446+0000] {processor.py:186} INFO - Started process (PID=5786) to work on /home/airflow/.local/lib/python3.12/site-packages/airflow/example_dags/example_sensor_decorator.py
[2026-06-13T17:38:09.448+0000] {processor.py:914} INFO - Processing file /home/airflow/.local/lib/python3.12/site-packages/airflow/example_dags/example_sensor_decorator.py for tasks to queue
[2026-06-13T17:38:09.450+0000] {logging_mixin.py:190} INFO - [2026-06-13T17:38:09.449+0000] {dagbag.py:588} INFO - Filling up the DagBag from /home/airflow/.local/lib/python3.12/site-packages/airflow/example_dags/example_sensor_decorator.py
[2026-06-13T17:38:09.456+0000] {processor.py:925} INFO - DAG(s) 'example_sensor_decorator' retrieved from /home/airflow/.local/lib/python3.12/site-packages/airflow/example_dags/example_sensor_decorator.py
[2026-06-13T17:38:09.473+0000] {logging_mixin.py:190} INFO - [2026-06-13T17:38:09.473+0000] {dag.py:3239} INFO - Sync 1 DAGs
[2026-06-13T17:38:09.484+0000] {logging_mixin.py:190} INFO - [2026-06-13T17:38:09.484+0000] {dag.py:4180} INFO - Setting next_dagrun for example_sensor_decorator to None, run_after=None
[2026-06-13T17:38:09.499+0000] {processor.py:208} INFO - Processing /home/airflow/.local/lib/python3.12/site-packages/airflow/example_dags/example_sensor_decorator.py took 0.057 seconds
[2026-06-13T17:38:39.700+0000] {processor.py:186} INFO - Started process (PID=5848) to work on /home/airflow/.local/lib/python3.12/site-packages/airflow/example_dags/example_sensor_decorator.py
[2026-06-13T17:38:39.701+0000] {processor.py:914} INFO - Processing file /home/airflow/.local/lib/python3.12/site-packages/airflow/example_dags/example_sensor_decorator.py for tasks to queue
[2026-06-13T17:38:39.704+0000] {logging_mixin.py:190} INFO - [2026-06-13T17:38:39.704+0000] {dagbag.py:588} INFO - Filling up the DagBag from /home/airflow/.local/lib/python3.12/site-packages/airflow/example_dags/example_sensor_decorator.py
[2026-06-13T17:38:39.712+0000] {processor.py:925} INFO - DAG(s) 'example_sensor_decorator' retrieved from /home/airflow/.local/lib/python3.12/site-packages/airflow/example_dags/example_sensor_decorator.py
[2026-06-13T17:38:39.740+0000] {logging_mixin.py:190} INFO - [2026-06-13T17:38:39.740+0000] {dag.py:3239} INFO - Sync 1 DAGs
[2026-06-13T17:38:39.760+0000] {logging_mixin.py:190} INFO - [2026-06-13T17:38:39.760+0000] {dag.py:4180} INFO - Setting next_dagrun for example_sensor_decorator to None, run_after=None
[2026-06-13T17:38:39.793+0000] {processor.py:208} INFO - Processing /home/airflow/.local/lib/python3.12/site-packages/airflow/example_dags/example_sensor_decorator.py took 0.098 seconds
[2026-06-13T17:39:09.945+0000] {processor.py:186} INFO - Started process (PID=5910) to work on /home/airflow/.local/lib/python3.12/site-packages/airflow/example_dags/example_sensor_decorator.py
[2026-06-13T17:39:09.946+0000] {processor.py:914} INFO - Processing file /home/airflow/.local/lib/python3.12/site-packages/airflow/example_dags/example_sensor_decorator.py for tasks to queue
[2026-06-13T17:39:09.949+0000] {logging_mixin.py:190} INFO - [2026-06-13T17:39:09.948+0000] {dagbag.py:588} INFO - Filling up the DagBag from /home/airflow/.local/lib/python3.12/site-packages/airflow/example_dags/example_sensor_decorator.py
[2026-06-13T17:39:09.958+0000] {processor.py:925} INFO - DAG(s) 'example_sensor_decorator' retrieved from /home/airflow/.local/lib/python3.12/site-packages/airflow/example_dags/example_sensor_decorator.py
[2026-06-13T17:39:09.981+0000] {logging_mixin.py:190} INFO - [2026-06-13T17:39:09.981+0000] {dag.py:3239} INFO - Sync 1 DAGs
[2026-06-13T17:39:09.996+0000] {logging_mixin.py:190} INFO - [2026-06-13T17:39:09.995+0000] {dag.py:4180} INFO - Setting next_dagrun for example_sensor_decorator to None, run_after=None
[2026-06-13T17:39:10.027+0000] {processor.py:208} INFO - Processing /home/airflow/.local/lib/python3.12/site-packages/airflow/example_dags/example_sensor_decorator.py took 0.088 seconds
[2026-06-13T17:39:40.558+0000] {processor.py:186} INFO - Started process (PID=5972) to work on /home/airflow/.local/lib/python3.12/site-packages/airflow/example_dags/example_sensor_decorator.py
[2026-06-13T17:39:40.560+0000] {processor.py:914} INFO - Processing file /home/airflow/.local/lib/python3.12/site-packages/airflow/example_dags/example_sensor_decorator.py for tasks to queue
[2026-06-13T17:39:40.562+0000] {logging_mixin.py:190} INFO - [2026-06-13T17:39:40.562+0000] {dagbag.py:588} INFO - Filling up the DagBag from /home/airflow/.local/lib/python3.12/site-packages/airflow/example_dags/example_sensor_decorator.py
[2026-06-13T17:39:40.568+0000] {processor.py:925} INFO - DAG(s) 'example_sensor_decorator' retrieved from /home/airflow/.local/lib/python3.12/site-packages/airflow/example_dags/example_sensor_decorator.py
[2026-06-13T17:39:40.585+0000] {logging_mixin.py:190} INFO - [2026-06-13T17:39:40.585+0000] {dag.py:3239} INFO - Sync 1 DAGs
[2026-06-13T17:39:40.596+0000] {logging_mixin.py:190} INFO - [2026-06-13T17:39:40.596+0000] {dag.py:4180} INFO - Setting next_dagrun for example_sensor_decorator to None, run_after=None
[2026-06-13T17:39:40.615+0000] {processor.py:208} INFO - Processing /home/airflow/.local/lib/python3.12/site-packages/airflow/example_dags/example_sensor_decorator.py took 0.061 seconds
[2026-06-13T17:40:10.731+0000] {processor.py:186} INFO - Started process (PID=6034) to work on /home/airflow/.local/lib/python3.12/site-packages/airflow/example_dags/example_sensor_decorator.py
[2026-06-13T17:40:10.733+0000] {processor.py:914} INFO - Processing file /home/airflow/.local/lib/python3.12/site-packages/airflow/example_dags/example_sensor_decorator.py for tasks to queue
[2026-06-13T17:40:10.735+0000] {logging_mixin.py:190} INFO - [2026-06-13T17:40:10.734+0000] {dagbag.py:588} INFO - Filling up the DagBag from /home/airflow/.local/lib/python3.12/site-packages/airflow/example_dags/example_sensor_decorator.py
[2026-06-13T17:40:10.741+0000] {processor.py:925} INFO - DAG(s) 'example_sensor_decorator' retrieved from /home/airflow/.local/lib/python3.12/site-packages/airflow/example_dags/example_sensor_decorator.py
[2026-06-13T17:40:10.759+0000] {logging_mixin.py:190} INFO - [2026-06-13T17:40:10.759+0000] {dag.py:3239} INFO - Sync 1 DAGs
[2026-06-13T17:40:10.770+0000] {logging_mixin.py:190} INFO - [2026-06-13T17:40:10.770+0000] {dag.py:4180} INFO - Setting next_dagrun for example_sensor_decorator to None, run_after=None
[2026-06-13T17:40:10.788+0000] {processor.py:208} INFO - Processing /home/airflow/.local/lib/python3.12/site-packages/airflow/example_dags/example_sensor_decorator.py took 0.062 seconds
[2026-06-13T17:40:41.042+0000] {processor.py:186} INFO - Started process (PID=6096) to work on /home/airflow/.local/lib/python3.12/site-packages/airflow/example_dags/example_sensor_decorator.py
[2026-06-13T17:40:41.043+0000] {processor.py:914} INFO - Processing file /home/airflow/.local/lib/python3.12/site-packages/airflow/example_dags/example_sensor_decorator.py for tasks to queue
[2026-06-13T17:40:41.045+0000] {logging_mixin.py:190} INFO - [2026-06-13T17:40:41.044+0000] {dagbag.py:588} INFO - Filling up the DagBag from /home/airflow/.local/lib/python3.12/site-packages/airflow/example_dags/example_sensor_decorator.py
[2026-06-13T17:40:41.052+0000] {processor.py:925} INFO - DAG(s) 'example_sensor_decorator' retrieved from /home/airflow/.local/lib/python3.12/site-packages/airflow/example_dags/example_sensor_decorator.py
[2026-06-13T17:40:41.067+0000] {logging_mixin.py:190} INFO - [2026-06-13T17:40:41.067+0000] {dag.py:3239} INFO - Sync 1 DAGs
[2026-06-13T17:40:41.078+0000] {logging_mixin.py:190} INFO - [2026-06-13T17:40:41.078+0000] {dag.py:4180} INFO - Setting next_dagrun for example_sensor_decorator to None, run_after=None
[2026-06-13T17:40:41.093+0000] {processor.py:208} INFO - Processing /home/airflow/.local/lib/python3.12/site-packages/airflow/example_dags/example_sensor_decorator.py took 0.057 seconds
[2026-06-13T17:41:11.480+0000] {processor.py:186} INFO - Started process (PID=6158) to work on /home/airflow/.local/lib/python3.12/site-packages/airflow/example_dags/example_sensor_decorator.py
[2026-06-13T17:41:11.481+0000] {processor.py:914} INFO - Processing file /home/airflow/.local/lib/python3.12/site-packages/airflow/example_dags/example_sensor_decorator.py for tasks to queue
[2026-06-13T17:41:11.483+0000] {logging_mixin.py:190} INFO - [2026-06-13T17:41:11.483+0000] {dagbag.py:588} INFO - Filling up the DagBag from /home/airflow/.local/lib/python3.12/site-packages/airflow/example_dags/example_sensor_decorator.py
[2026-06-13T17:41:11.490+0000] {processor.py:925} INFO - DAG(s) 'example_sensor_decorator' retrieved from /home/airflow/.local/lib/python3.12/site-packages/airflow/example_dags/example_sensor_decorator.py
[2026-06-13T17:41:11.506+0000] {logging_mixin.py:190} INFO - [2026-06-13T17:41:11.506+0000] {dag.py:3239} INFO - Sync 1 DAGs
[2026-06-13T17:41:11.516+0000] {logging_mixin.py:190} INFO - [2026-06-13T17:41:11.516+0000] {dag.py:4180} INFO - Setting next_dagrun for example_sensor_decorator to None, run_after=None
[2026-06-13T17:41:11.532+0000] {processor.py:208} INFO - Processing /home/airflow/.local/lib/python3.12/site-packages/airflow/example_dags/example_sensor_decorator.py took 0.057 seconds
[2026-06-13T17:41:41.736+0000] {processor.py:186} INFO - Started process (PID=6220) to work on /home/airflow/.local/lib/python3.12/site-packages/airflow/example_dags/example_sensor_decorator.py
[2026-06-13T17:41:41.737+0000] {processor.py:914} INFO - Processing file /home/airflow/.local/lib/python3.12/site-packages/airflow/example_dags/example_sensor_decorator.py for tasks to queue
[2026-06-13T17:41:41.739+0000] {logging_mixin.py:190} INFO - [2026-06-13T17:41:41.739+0000] {dagbag.py:588} INFO - Filling up the DagBag from /home/airflow/.local/lib/python3.12/site-packages/airflow/example_dags/example_sensor_decorator.py
[2026-06-13T17:41:41.746+0000] {processor.py:925} INFO - DAG(s) 'example_sensor_decorator' retrieved from /home/airflow/.local/lib/python3.12/site-packages/airflow/example_dags/example_sensor_decorator.py
[2026-06-13T17:41:41.762+0000] {logging_mixin.py:190} INFO - [2026-06-13T17:41:41.762+0000] {dag.py:3239} INFO - Sync 1 DAGs
[2026-06-13T17:41:41.776+0000] {logging_mixin.py:190} INFO - [2026-06-13T17:41:41.776+0000] {dag.py:4180} INFO - Setting next_dagrun for example_sensor_decorator to None, run_after=None
[2026-06-13T17:41:41.793+0000] {processor.py:208} INFO - Processing /home/airflow/.local/lib/python3.12/site-packages/airflow/example_dags/example_sensor_decorator.py took 0.062 seconds
[2026-06-13T17:42:11.840+0000] {processor.py:186} INFO - Started process (PID=6282) to work on /home/airflow/.local/lib/python3.12/site-packages/airflow/example_dags/example_sensor_decorator.py
[2026-06-13T17:42:11.841+0000] {processor.py:914} INFO - Processing file /home/airflow/.local/lib/python3.12/site-packages/airflow/example_dags/example_sensor_decorator.py for tasks to queue
[2026-06-13T17:42:11.843+0000] {logging_mixin.py:190} INFO - [2026-06-13T17:42:11.843+0000] {dagbag.py:588} INFO - Filling up the DagBag from /home/airflow/.local/lib/python3.12/site-packages/airflow/example_dags/example_sensor_decorator.py
[2026-06-13T17:42:11.849+0000] {processor.py:925} INFO - DAG(s) 'example_sensor_decorator' retrieved from /home/airflow/.local/lib/python3.12/site-packages/airflow/example_dags/example_sensor_decorator.py
[2026-06-13T17:42:11.865+0000] {logging_mixin.py:190} INFO - [2026-06-13T17:42:11.865+0000] {dag.py:3239} INFO - Sync 1 DAGs
[2026-06-13T17:42:11.876+0000] {logging_mixin.py:190} INFO - [2026-06-13T17:42:11.875+0000] {dag.py:4180} INFO - Setting next_dagrun for example_sensor_decorator to None, run_after=None
[2026-06-13T17:42:11.891+0000] {processor.py:208} INFO - Processing /home/airflow/.local/lib/python3.12/site-packages/airflow/example_dags/example_sensor_decorator.py took 0.057 seconds
[2026-06-13T17:42:42.420+0000] {processor.py:186} INFO - Started process (PID=6344) to work on /home/airflow/.local/lib/python3.12/site-packages/airflow/example_dags/example_sensor_decorator.py
[2026-06-13T17:42:42.421+0000] {processor.py:914} INFO - Processing file /home/airflow/.local/lib/python3.12/site-packages/airflow/example_dags/example_sensor_decorator.py for tasks to queue
[2026-06-13T17:42:42.423+0000] {logging_mixin.py:190} INFO - [2026-06-13T17:42:42.423+0000] {dagbag.py:588} INFO - Filling up the DagBag from /home/airflow/.local/lib/python3.12/site-packages/airflow/example_dags/example_sensor_decorator.py
[2026-06-13T17:42:42.429+0000] {processor.py:925} INFO - DAG(s) 'example_sensor_decorator' retrieved from /home/airflow/.local/lib/python3.12/site-packages/airflow/example_dags/example_sensor_decorator.py
[2026-06-13T17:42:42.446+0000] {logging_mixin.py:190} INFO - [2026-06-13T17:42:42.446+0000] {dag.py:3239} INFO - Sync 1 DAGs
[2026-06-13T17:42:42.457+0000] {logging_mixin.py:190} INFO - [2026-06-13T17:42:42.457+0000] {dag.py:4180} INFO - Setting next_dagrun for example_sensor_decorator to None, run_after=None
[2026-06-13T17:42:42.473+0000] {processor.py:208} INFO - Processing /home/airflow/.local/lib/python3.12/site-packages/airflow/example_dags/example_sensor_decorator.py took 0.058 seconds
[2026-06-13T17:43:12.658+0000] {processor.py:186} INFO - Started process (PID=6406) to work on /home/airflow/.local/lib/python3.12/site-packages/airflow/example_dags/example_sensor_decorator.py
[2026-06-13T17:43:12.660+0000] {processor.py:914} INFO - Processing file /home/airflow/.local/lib/python3.12/site-packages/airflow/example_dags/example_sensor_decorator.py for tasks to queue
[2026-06-13T17:43:12.662+0000] {logging_mixin.py:190} INFO - [2026-06-13T17:43:12.661+0000] {dagbag.py:588} INFO - Filling up the DagBag from /home/airflow/.local/lib/python3.12/site-packages/airflow/example_dags/example_sensor_decorator.py
[2026-06-13T17:43:12.668+0000] {processor.py:925} INFO - DAG(s) 'example_sensor_decorator' retrieved from /home/airflow/.local/lib/python3.12/site-packages/airflow/example_dags/example_sensor_decorator.py
[2026-06-13T17:43:12.684+0000] {logging_mixin.py:190} INFO - [2026-06-13T17:43:12.684+0000] {dag.py:3239} INFO - Sync 1 DAGs
[2026-06-13T17:43:12.695+0000] {logging_mixin.py:190} INFO - [2026-06-13T17:43:12.695+0000] {dag.py:4180} INFO - Setting next_dagrun for example_sensor_decorator to None, run_after=None
[2026-06-13T17:43:12.711+0000] {processor.py:208} INFO - Processing /home/airflow/.local/lib/python3.12/site-packages/airflow/example_dags/example_sensor_decorator.py took 0.057 seconds
[2026-06-13T17:43:43.127+0000] {processor.py:186} INFO - Started process (PID=6468) to work on /home/airflow/.local/lib/python3.12/site-packages/airflow/example_dags/example_sensor_decorator.py
[2026-06-13T17:43:43.128+0000] {processor.py:914} INFO - Processing file /home/airflow/.local/lib/python3.12/site-packages/airflow/example_dags/example_sensor_decorator.py for tasks to queue
[2026-06-13T17:43:43.130+0000] {logging_mixin.py:190} INFO - [2026-06-13T17:43:43.130+0000] {dagbag.py:588} INFO - Filling up the DagBag from /home/airflow/.local/lib/python3.12/site-packages/airflow/example_dags/example_sensor_decorator.py
[2026-06-13T17:43:43.137+0000] {processor.py:925} INFO - DAG(s) 'example_sensor_decorator' retrieved from /home/airflow/.local/lib/python3.12/site-packages/airflow/example_dags/example_sensor_decorator.py
[2026-06-13T17:43:43.154+0000] {logging_mixin.py:190} INFO - [2026-06-13T17:43:43.154+0000] {dag.py:3239} INFO - Sync 1 DAGs
[2026-06-13T17:43:43.165+0000] {logging_mixin.py:190} INFO - [2026-06-13T17:43:43.165+0000] {dag.py:4180} INFO - Setting next_dagrun for example_sensor_decorator to None, run_after=None
[2026-06-13T17:43:43.183+0000] {processor.py:208} INFO - Processing /home/airflow/.local/lib/python3.12/site-packages/airflow/example_dags/example_sensor_decorator.py took 0.061 seconds
[2026-06-13T17:44:13.347+0000] {processor.py:186} INFO - Started process (PID=6530) to work on /home/airflow/.local/lib/python3.12/site-packages/airflow/example_dags/example_sensor_decorator.py
[2026-06-13T17:44:13.348+0000] {processor.py:914} INFO - Processing file /home/airflow/.local/lib/python3.12/site-packages/airflow/example_dags/example_sensor_decorator.py for tasks to queue
[2026-06-13T17:44:13.350+0000] {logging_mixin.py:190} INFO - [2026-06-13T17:44:13.350+0000] {dagbag.py:588} INFO - Filling up the DagBag from /home/airflow/.local/lib/python3.12/site-packages/airflow/example_dags/example_sensor_decorator.py
[2026-06-13T17:44:13.357+0000] {processor.py:925} INFO - DAG(s) 'example_sensor_decorator' retrieved from /home/airflow/.local/lib/python3.12/site-packages/airflow/example_dags/example_sensor_decorator.py
[2026-06-13T17:44:13.374+0000] {logging_mixin.py:190} INFO - [2026-06-13T17:44:13.374+0000] {dag.py:3239} INFO - Sync 1 DAGs
[2026-06-13T17:44:13.386+0000] {logging_mixin.py:190} INFO - [2026-06-13T17:44:13.385+0000] {dag.py:4180} INFO - Setting next_dagrun for example_sensor_decorator to None, run_after=None
[2026-06-13T17:44:13.401+0000] {processor.py:208} INFO - Processing /home/airflow/.local/lib/python3.12/site-packages/airflow/example_dags/example_sensor_decorator.py took 0.058 seconds
[2026-06-13T17:44:43.481+0000] {processor.py:186} INFO - Started process (PID=6592) to work on /home/airflow/.local/lib/python3.12/site-packages/airflow/example_dags/example_sensor_decorator.py
[2026-06-13T17:44:43.483+0000] {processor.py:914} INFO - Processing file /home/airflow/.local/lib/python3.12/site-packages/airflow/example_dags/example_sensor_decorator.py for tasks to queue
[2026-06-13T17:44:43.485+0000] {logging_mixin.py:190} INFO - [2026-06-13T17:44:43.484+0000] {dagbag.py:588} INFO - Filling up the DagBag from /home/airflow/.local/lib/python3.12/site-packages/airflow/example_dags/example_sensor_decorator.py
[2026-06-13T17:44:43.492+0000] {processor.py:925} INFO - DAG(s) 'example_sensor_decorator' retrieved from /home/airflow/.local/lib/python3.12/site-packages/airflow/example_dags/example_sensor_decorator.py
[2026-06-13T17:44:43.511+0000] {logging_mixin.py:190} INFO - [2026-06-13T17:44:43.510+0000] {dag.py:3239} INFO - Sync 1 DAGs
[2026-06-13T17:44:43.524+0000] {logging_mixin.py:190} INFO - [2026-06-13T17:44:43.524+0000] {dag.py:4180} INFO - Setting next_dagrun for example_sensor_decorator to None, run_after=None
[2026-06-13T17:44:43.546+0000] {processor.py:208} INFO - Processing /home/airflow/.local/lib/python3.12/site-packages/airflow/example_dags/example_sensor_decorator.py took 0.070 seconds
[2026-06-13T17:45:13.831+0000] {processor.py:186} INFO - Started process (PID=6654) to work on /home/airflow/.local/lib/python3.12/site-packages/airflow/example_dags/example_sensor_decorator.py
[2026-06-13T17:45:13.831+0000] {processor.py:914} INFO - Processing file /home/airflow/.local/lib/python3.12/site-packages/airflow/example_dags/example_sensor_decorator.py for tasks to queue
[2026-06-13T17:45:13.834+0000] {logging_mixin.py:190} INFO - [2026-06-13T17:45:13.833+0000] {dagbag.py:588} INFO - Filling up the DagBag from /home/airflow/.local/lib/python3.12/site-packages/airflow/example_dags/example_sensor_decorator.py
[2026-06-13T17:45:13.841+0000] {processor.py:925} INFO - DAG(s) 'example_sensor_decorator' retrieved from /home/airflow/.local/lib/python3.12/site-packages/airflow/example_dags/example_sensor_decorator.py
[2026-06-13T17:45:13.856+0000] {logging_mixin.py:190} INFO - [2026-06-13T17:45:13.856+0000] {dag.py:3239} INFO - Sync 1 DAGs
[2026-06-13T17:45:13.867+0000] {logging_mixin.py:190} INFO - [2026-06-13T17:45:13.867+0000] {dag.py:4180} INFO - Setting next_dagrun for example_sensor_decorator to None, run_after=None
[2026-06-13T17:45:13.883+0000] {processor.py:208} INFO - Processing /home/airflow/.local/lib/python3.12/site-packages/airflow/example_dags/example_sensor_decorator.py took 0.057 seconds
[2026-06-13T17:45:44.601+0000] {processor.py:186} INFO - Started process (PID=6716) to work on /home/airflow/.local/lib/python3.12/site-packages/airflow/example_dags/example_sensor_decorator.py
[2026-06-13T17:45:44.602+0000] {processor.py:914} INFO - Processing file /home/airflow/.local/lib/python3.12/site-packages/airflow/example_dags/example_sensor_decorator.py for tasks to queue
[2026-06-13T17:45:44.605+0000] {logging_mixin.py:190} INFO - [2026-06-13T17:45:44.604+0000] {dagbag.py:588} INFO - Filling up the DagBag from /home/airflow/.local/lib/python3.12/site-packages/airflow/example_dags/example_sensor_decorator.py
[2026-06-13T17:45:44.611+0000] {processor.py:925} INFO - DAG(s) 'example_sensor_decorator' retrieved from /home/airflow/.local/lib/python3.12/site-packages/airflow/example_dags/example_sensor_decorator.py
[2026-06-13T17:45:44.627+0000] {logging_mixin.py:190} INFO - [2026-06-13T17:45:44.627+0000] {dag.py:3239} INFO - Sync 1 DAGs
[2026-06-13T17:45:44.638+0000] {logging_mixin.py:190} INFO - [2026-06-13T17:45:44.638+0000] {dag.py:4180} INFO - Setting next_dagrun for example_sensor_decorator to None, run_after=None
[2026-06-13T17:45:44.655+0000] {processor.py:208} INFO - Processing /home/airflow/.local/lib/python3.12/site-packages/airflow/example_dags/example_sensor_decorator.py took 0.059 seconds
[2026-06-13T17:46:15.205+0000] {processor.py:186} INFO - Started process (PID=6778) to work on /home/airflow/.local/lib/python3.12/site-packages/airflow/example_dags/example_sensor_decorator.py
[2026-06-13T17:46:15.206+0000] {processor.py:914} INFO - Processing file /home/airflow/.local/lib/python3.12/site-packages/airflow/example_dags/example_sensor_decorator.py for tasks to queue
[2026-06-13T17:46:15.209+0000] {logging_mixin.py:190} INFO - [2026-06-13T17:46:15.208+0000] {dagbag.py:588} INFO - Filling up the DagBag from /home/airflow/.local/lib/python3.12/site-packages/airflow/example_dags/example_sensor_decorator.py
[2026-06-13T17:46:15.216+0000] {processor.py:925} INFO - DAG(s) 'example_sensor_decorator' retrieved from /home/airflow/.local/lib/python3.12/site-packages/airflow/example_dags/example_sensor_decorator.py
[2026-06-13T17:46:15.237+0000] {logging_mixin.py:190} INFO - [2026-06-13T17:46:15.236+0000] {dag.py:3239} INFO - Sync 1 DAGs
[2026-06-13T17:46:15.248+0000] {logging_mixin.py:190} INFO - [2026-06-13T17:46:15.248+0000] {dag.py:4180} INFO - Setting next_dagrun for example_sensor_decorator to None, run_after=None
[2026-06-13T17:46:15.266+0000] {processor.py:208} INFO - Processing /home/airflow/.local/lib/python3.12/site-packages/airflow/example_dags/example_sensor_decorator.py took 0.067 seconds
[2026-06-13T17:46:45.623+0000] {processor.py:186} INFO - Started process (PID=6840) to work on /home/airflow/.local/lib/python3.12/site-packages/airflow/example_dags/example_sensor_decorator.py
[2026-06-13T17:46:45.625+0000] {processor.py:914} INFO - Processing file /home/airflow/.local/lib/python3.12/site-packages/airflow/example_dags/example_sensor_decorator.py for tasks to queue
[2026-06-13T17:46:45.627+0000] {logging_mixin.py:190} INFO - [2026-06-13T17:46:45.627+0000] {dagbag.py:588} INFO - Filling up the DagBag from /home/airflow/.local/lib/python3.12/site-packages/airflow/example_dags/example_sensor_decorator.py
[2026-06-13T17:46:45.634+0000] {processor.py:925} INFO - DAG(s) 'example_sensor_decorator' retrieved from /home/airflow/.local/lib/python3.12/site-packages/airflow/example_dags/example_sensor_decorator.py
[2026-06-13T17:46:45.653+0000] {logging_mixin.py:190} INFO - [2026-06-13T17:46:45.653+0000] {dag.py:3239} INFO - Sync 1 DAGs
[2026-06-13T17:46:45.665+0000] {logging_mixin.py:190} INFO - [2026-06-13T17:46:45.665+0000] {dag.py:4180} INFO - Setting next_dagrun for example_sensor_decorator to None, run_after=None
[2026-06-13T17:46:45.685+0000] {processor.py:208} INFO - Processing /home/airflow/.local/lib/python3.12/site-packages/airflow/example_dags/example_sensor_decorator.py took 0.067 seconds
[2026-06-13T17:47:15.936+0000] {processor.py:186} INFO - Started process (PID=6902) to work on /home/airflow/.local/lib/python3.12/site-packages/airflow/example_dags/example_sensor_decorator.py
[2026-06-13T17:47:15.937+0000] {processor.py:914} INFO - Processing file /home/airflow/.local/lib/python3.12/site-packages/airflow/example_dags/example_sensor_decorator.py for tasks to queue
[2026-06-13T17:47:15.939+0000] {logging_mixin.py:190} INFO - [2026-06-13T17:47:15.939+0000] {dagbag.py:588} INFO - Filling up the DagBag from /home/airflow/.local/lib/python3.12/site-packages/airflow/example_dags/example_sensor_decorator.py
[2026-06-13T17:47:15.946+0000] {processor.py:925} INFO - DAG(s) 'example_sensor_decorator' retrieved from /home/airflow/.local/lib/python3.12/site-packages/airflow/example_dags/example_sensor_decorator.py
[2026-06-13T17:47:15.964+0000] {logging_mixin.py:190} INFO - [2026-06-13T17:47:15.964+0000] {dag.py:3239} INFO - Sync 1 DAGs
[2026-06-13T17:47:15.975+0000] {logging_mixin.py:190} INFO - [2026-06-13T17:47:15.975+0000] {dag.py:4180} INFO - Setting next_dagrun for example_sensor_decorator to None, run_after=None
[2026-06-13T17:47:16.008+0000] {processor.py:208} INFO - Processing /home/airflow/.local/lib/python3.12/site-packages/airflow/example_dags/example_sensor_decorator.py took 0.076 seconds
[2026-06-13T17:47:46.395+0000] {processor.py:186} INFO - Started process (PID=6964) to work on /home/airflow/.local/lib/python3.12/site-packages/airflow/example_dags/example_sensor_decorator.py
[2026-06-13T17:47:46.396+0000] {processor.py:914} INFO - Processing file /home/airflow/.local/lib/python3.12/site-packages/airflow/example_dags/example_sensor_decorator.py for tasks to queue
[2026-06-13T17:47:46.398+0000] {logging_mixin.py:190} INFO - [2026-06-13T17:47:46.398+0000] {dagbag.py:588} INFO - Filling up the DagBag from /home/airflow/.local/lib/python3.12/site-packages/airflow/example_dags/example_sensor_decorator.py
[2026-06-13T17:47:46.405+0000] {processor.py:925} INFO - DAG(s) 'example_sensor_decorator' retrieved from /home/airflow/.local/lib/python3.12/site-packages/airflow/example_dags/example_sensor_decorator.py
[2026-06-13T17:47:46.421+0000] {logging_mixin.py:190} INFO - [2026-06-13T17:47:46.420+0000] {dag.py:3239} INFO - Sync 1 DAGs
[2026-06-13T17:47:46.431+0000] {logging_mixin.py:190} INFO - [2026-06-13T17:47:46.431+0000] {dag.py:4180} INFO - Setting next_dagrun for example_sensor_decorator to None, run_after=None
[2026-06-13T17:47:46.448+0000] {processor.py:208} INFO - Processing /home/airflow/.local/lib/python3.12/site-packages/airflow/example_dags/example_sensor_decorator.py took 0.058 seconds
[2026-06-13T17:48:16.963+0000] {processor.py:186} INFO - Started process (PID=7026) to work on /home/airflow/.local/lib/python3.12/site-packages/airflow/example_dags/example_sensor_decorator.py
[2026-06-13T17:48:16.965+0000] {processor.py:914} INFO - Processing file /home/airflow/.local/lib/python3.12/site-packages/airflow/example_dags/example_sensor_decorator.py for tasks to queue
[2026-06-13T17:48:16.967+0000] {logging_mixin.py:190} INFO - [2026-06-13T17:48:16.967+0000] {dagbag.py:588} INFO - Filling up the DagBag from /home/airflow/.local/lib/python3.12/site-packages/airflow/example_dags/example_sensor_decorator.py
[2026-06-13T17:48:16.976+0000] {processor.py:925} INFO - DAG(s) 'example_sensor_decorator' retrieved from /home/airflow/.local/lib/python3.12/site-packages/airflow/example_dags/example_sensor_decorator.py
[2026-06-13T17:48:16.996+0000] {logging_mixin.py:190} INFO - [2026-06-13T17:48:16.996+0000] {dag.py:3239} INFO - Sync 1 DAGs
[2026-06-13T17:48:17.007+0000] {logging_mixin.py:190} INFO - [2026-06-13T17:48:17.007+0000] {dag.py:4180} INFO - Setting next_dagrun for example_sensor_decorator to None, run_after=None
[2026-06-13T17:48:17.023+0000] {processor.py:208} INFO - Processing /home/airflow/.local/lib/python3.12/site-packages/airflow/example_dags/example_sensor_decorator.py took 0.065 seconds
[2026-06-13T17:48:47.586+0000] {processor.py:186} INFO - Started process (PID=7088) to work on /home/airflow/.local/lib/python3.12/site-packages/airflow/example_dags/example_sensor_decorator.py
[2026-06-13T17:48:47.588+0000] {processor.py:914} INFO - Processing file /home/airflow/.local/lib/python3.12/site-packages/airflow/example_dags/example_sensor_decorator.py for tasks to queue
[2026-06-13T17:48:47.591+0000] {logging_mixin.py:190} INFO - [2026-06-13T17:48:47.591+0000] {dagbag.py:588} INFO - Filling up the DagBag from /home/airflow/.local/lib/python3.12/site-packages/airflow/example_dags/example_sensor_decorator.py
[2026-06-13T17:48:47.601+0000] {processor.py:925} INFO - DAG(s) 'example_sensor_decorator' retrieved from /home/airflow/.local/lib/python3.12/site-packages/airflow/example_dags/example_sensor_decorator.py
[2026-06-13T17:48:47.627+0000] {logging_mixin.py:190} INFO - [2026-06-13T17:48:47.627+0000] {dag.py:3239} INFO - Sync 1 DAGs
[2026-06-13T17:48:47.642+0000] {logging_mixin.py:190} INFO - [2026-06-13T17:48:47.642+0000] {dag.py:4180} INFO - Setting next_dagrun for example_sensor_decorator to None, run_after=None
[2026-06-13T17:48:47.668+0000] {processor.py:208} INFO - Processing /home/airflow/.local/lib/python3.12/site-packages/airflow/example_dags/example_sensor_decorator.py took 0.088 seconds
[2026-06-13T17:49:17.740+0000] {processor.py:186} INFO - Started process (PID=7150) to work on /home/airflow/.local/lib/python3.12/site-packages/airflow/example_dags/example_sensor_decorator.py
[2026-06-13T17:49:17.742+0000] {processor.py:914} INFO - Processing file /home/airflow/.local/lib/python3.12/site-packages/airflow/example_dags/example_sensor_decorator.py for tasks to queue
[2026-06-13T17:49:17.745+0000] {logging_mixin.py:190} INFO - [2026-06-13T17:49:17.744+0000] {dagbag.py:588} INFO - Filling up the DagBag from /home/airflow/.local/lib/python3.12/site-packages/airflow/example_dags/example_sensor_decorator.py
[2026-06-13T17:49:17.752+0000] {processor.py:925} INFO - DAG(s) 'example_sensor_decorator' retrieved from /home/airflow/.local/lib/python3.12/site-packages/airflow/example_dags/example_sensor_decorator.py
[2026-06-13T17:49:17.773+0000] {logging_mixin.py:190} INFO - [2026-06-13T17:49:17.773+0000] {dag.py:3239} INFO - Sync 1 DAGs
[2026-06-13T17:49:17.786+0000] {logging_mixin.py:190} INFO - [2026-06-13T17:49:17.786+0000] {dag.py:4180} INFO - Setting next_dagrun for example_sensor_decorator to None, run_after=None
[2026-06-13T17:49:17.814+0000] {processor.py:208} INFO - Processing /home/airflow/.local/lib/python3.12/site-packages/airflow/example_dags/example_sensor_decorator.py took 0.080 seconds
[2026-06-13T17:49:48.805+0000] {processor.py:186} INFO - Started process (PID=7212) to work on /home/airflow/.local/lib/python3.12/site-packages/airflow/example_dags/example_sensor_decorator.py
[2026-06-13T17:49:48.807+0000] {processor.py:914} INFO - Processing file /home/airflow/.local/lib/python3.12/site-packages/airflow/example_dags/example_sensor_decorator.py for tasks to queue
[2026-06-13T17:49:48.813+0000] {logging_mixin.py:190} INFO - [2026-06-13T17:49:48.813+0000] {dagbag.py:588} INFO - Filling up the DagBag from /home/airflow/.local/lib/python3.12/site-packages/airflow/example_dags/example_sensor_decorator.py
[2026-06-13T17:49:48.830+0000] {processor.py:925} INFO - DAG(s) 'example_sensor_decorator' retrieved from /home/airflow/.local/lib/python3.12/site-packages/airflow/example_dags/example_sensor_decorator.py
[2026-06-13T17:49:48.878+0000] {logging_mixin.py:190} INFO - [2026-06-13T17:49:48.878+0000] {dag.py:3239} INFO - Sync 1 DAGs
[2026-06-13T17:49:48.918+0000] {logging_mixin.py:190} INFO - [2026-06-13T17:49:48.917+0000] {dag.py:4180} INFO - Setting next_dagrun for example_sensor_decorator to None, run_after=None
[2026-06-13T17:49:48.984+0000] {processor.py:208} INFO - Processing /home/airflow/.local/lib/python3.12/site-packages/airflow/example_dags/example_sensor_decorator.py took 0.190 seconds
[2026-06-13T17:50:19.907+0000] {processor.py:186} INFO - Started process (PID=7275) to work on /home/airflow/.local/lib/python3.12/site-packages/airflow/example_dags/example_sensor_decorator.py
[2026-06-13T17:50:19.912+0000] {processor.py:914} INFO - Processing file /home/airflow/.local/lib/python3.12/site-packages/airflow/example_dags/example_sensor_decorator.py for tasks to queue
[2026-06-13T17:50:19.923+0000] {logging_mixin.py:190} INFO - [2026-06-13T17:50:19.921+0000] {dagbag.py:588} INFO - Filling up the DagBag from /home/airflow/.local/lib/python3.12/site-packages/airflow/example_dags/example_sensor_decorator.py
[2026-06-13T17:50:19.993+0000] {processor.py:925} INFO - DAG(s) 'example_sensor_decorator' retrieved from /home/airflow/.local/lib/python3.12/site-packages/airflow/example_dags/example_sensor_decorator.py
[2026-06-13T17:50:20.102+0000] {logging_mixin.py:190} INFO - [2026-06-13T17:50:20.100+0000] {dag.py:3239} INFO - Sync 1 DAGs
[2026-06-13T17:50:20.158+0000] {logging_mixin.py:190} INFO - [2026-06-13T17:50:20.157+0000] {dag.py:4180} INFO - Setting next_dagrun for example_sensor_decorator to None, run_after=None
[2026-06-13T17:50:20.268+0000] {processor.py:208} INFO - Processing /home/airflow/.local/lib/python3.12/site-packages/airflow/example_dags/example_sensor_decorator.py took 0.384 seconds
[2026-06-13T17:50:50.709+0000] {processor.py:186} INFO - Started process (PID=7338) to work on /home/airflow/.local/lib/python3.12/site-packages/airflow/example_dags/example_sensor_decorator.py
[2026-06-13T17:50:50.712+0000] {processor.py:914} INFO - Processing file /home/airflow/.local/lib/python3.12/site-packages/airflow/example_dags/example_sensor_decorator.py for tasks to queue
[2026-06-13T17:50:50.721+0000] {logging_mixin.py:190} INFO - [2026-06-13T17:50:50.720+0000] {dagbag.py:588} INFO - Filling up the DagBag from /home/airflow/.local/lib/python3.12/site-packages/airflow/example_dags/example_sensor_decorator.py
[2026-06-13T17:50:50.755+0000] {processor.py:925} INFO - DAG(s) 'example_sensor_decorator' retrieved from /home/airflow/.local/lib/python3.12/site-packages/airflow/example_dags/example_sensor_decorator.py
[2026-06-13T17:50:50.826+0000] {logging_mixin.py:190} INFO - [2026-06-13T17:50:50.825+0000] {dag.py:3239} INFO - Sync 1 DAGs
[2026-06-13T17:50:50.889+0000] {logging_mixin.py:190} INFO - [2026-06-13T17:50:50.888+0000] {dag.py:4180} INFO - Setting next_dagrun for example_sensor_decorator to None, run_after=None
[2026-06-13T17:50:50.966+0000] {processor.py:208} INFO - Processing /home/airflow/.local/lib/python3.12/site-packages/airflow/example_dags/example_sensor_decorator.py took 0.277 seconds
[2026-06-13T17:51:23.238+0000] {processor.py:186} INFO - Started process (PID=7400) to work on /home/airflow/.local/lib/python3.12/site-packages/airflow/example_dags/example_sensor_decorator.py
[2026-06-13T17:51:23.242+0000] {processor.py:914} INFO - Processing file /home/airflow/.local/lib/python3.12/site-packages/airflow/example_dags/example_sensor_decorator.py for tasks to queue
[2026-06-13T17:51:23.253+0000] {logging_mixin.py:190} INFO - [2026-06-13T17:51:23.251+0000] {dagbag.py:588} INFO - Filling up the DagBag from /home/airflow/.local/lib/python3.12/site-packages/airflow/example_dags/example_sensor_decorator.py
[2026-06-13T17:51:23.289+0000] {processor.py:925} INFO - DAG(s) 'example_sensor_decorator' retrieved from /home/airflow/.local/lib/python3.12/site-packages/airflow/example_dags/example_sensor_decorator.py
[2026-06-13T17:51:23.364+0000] {logging_mixin.py:190} INFO - [2026-06-13T17:51:23.363+0000] {dag.py:3239} INFO - Sync 1 DAGs
[2026-06-13T17:51:23.413+0000] {logging_mixin.py:190} INFO - [2026-06-13T17:51:23.413+0000] {dag.py:4180} INFO - Setting next_dagrun for example_sensor_decorator to None, run_after=None
[2026-06-13T17:51:23.493+0000] {processor.py:208} INFO - Processing /home/airflow/.local/lib/python3.12/site-packages/airflow/example_dags/example_sensor_decorator.py took 0.277 seconds
[2026-06-13T17:51:54.171+0000] {processor.py:186} INFO - Started process (PID=7462) to work on /home/airflow/.local/lib/python3.12/site-packages/airflow/example_dags/example_sensor_decorator.py
[2026-06-13T17:51:54.176+0000] {processor.py:914} INFO - Processing file /home/airflow/.local/lib/python3.12/site-packages/airflow/example_dags/example_sensor_decorator.py for tasks to queue
[2026-06-13T17:51:54.185+0000] {logging_mixin.py:190} INFO - [2026-06-13T17:51:54.184+0000] {dagbag.py:588} INFO - Filling up the DagBag from /home/airflow/.local/lib/python3.12/site-packages/airflow/example_dags/example_sensor_decorator.py
[2026-06-13T17:51:54.216+0000] {processor.py:925} INFO - DAG(s) 'example_sensor_decorator' retrieved from /home/airflow/.local/lib/python3.12/site-packages/airflow/example_dags/example_sensor_decorator.py
[2026-06-13T17:51:54.297+0000] {logging_mixin.py:190} INFO - [2026-06-13T17:51:54.296+0000] {dag.py:3239} INFO - Sync 1 DAGs
[2026-06-13T17:51:54.351+0000] {logging_mixin.py:190} INFO - [2026-06-13T17:51:54.350+0000] {dag.py:4180} INFO - Setting next_dagrun for example_sensor_decorator to None, run_after=None
[2026-06-13T17:51:54.416+0000] {processor.py:208} INFO - Processing /home/airflow/.local/lib/python3.12/site-packages/airflow/example_dags/example_sensor_decorator.py took 0.265 seconds
[2026-06-13T17:52:24.481+0000] {processor.py:186} INFO - Started process (PID=7524) to work on /home/airflow/.local/lib/python3.12/site-packages/airflow/example_dags/example_sensor_decorator.py
[2026-06-13T17:52:24.482+0000] {processor.py:914} INFO - Processing file /home/airflow/.local/lib/python3.12/site-packages/airflow/example_dags/example_sensor_decorator.py for tasks to queue
[2026-06-13T17:52:24.485+0000] {logging_mixin.py:190} INFO - [2026-06-13T17:52:24.484+0000] {dagbag.py:588} INFO - Filling up the DagBag from /home/airflow/.local/lib/python3.12/site-packages/airflow/example_dags/example_sensor_decorator.py
[2026-06-13T17:52:24.495+0000] {processor.py:925} INFO - DAG(s) 'example_sensor_decorator' retrieved from /home/airflow/.local/lib/python3.12/site-packages/airflow/example_dags/example_sensor_decorator.py
[2026-06-13T17:52:24.521+0000] {logging_mixin.py:190} INFO - [2026-06-13T17:52:24.520+0000] {dag.py:3239} INFO - Sync 1 DAGs
[2026-06-13T17:52:24.538+0000] {logging_mixin.py:190} INFO - [2026-06-13T17:52:24.537+0000] {dag.py:4180} INFO - Setting next_dagrun for example_sensor_decorator to None, run_after=None
[2026-06-13T17:52:24.570+0000] {processor.py:208} INFO - Processing /home/airflow/.local/lib/python3.12/site-packages/airflow/example_dags/example_sensor_decorator.py took 0.096 seconds
[2026-06-13T17:52:54.730+0000] {processor.py:186} INFO - Started process (PID=7585) to work on /home/airflow/.local/lib/python3.12/site-packages/airflow/example_dags/example_sensor_decorator.py
[2026-06-13T17:52:54.732+0000] {processor.py:914} INFO - Processing file /home/airflow/.local/lib/python3.12/site-packages/airflow/example_dags/example_sensor_decorator.py for tasks to queue
[2026-06-13T17:52:54.736+0000] {logging_mixin.py:190} INFO - [2026-06-13T17:52:54.735+0000] {dagbag.py:588} INFO - Filling up the DagBag from /home/airflow/.local/lib/python3.12/site-packages/airflow/example_dags/example_sensor_decorator.py
[2026-06-13T17:52:54.750+0000] {processor.py:925} INFO - DAG(s) 'example_sensor_decorator' retrieved from /home/airflow/.local/lib/python3.12/site-packages/airflow/example_dags/example_sensor_decorator.py
[2026-06-13T17:52:54.781+0000] {logging_mixin.py:190} INFO - [2026-06-13T17:52:54.780+0000] {dag.py:3239} INFO - Sync 1 DAGs
[2026-06-13T17:52:54.806+0000] {logging_mixin.py:190} INFO - [2026-06-13T17:52:54.805+0000] {dag.py:4180} INFO - Setting next_dagrun for example_sensor_decorator to None, run_after=None
[2026-06-13T17:52:54.834+0000] {processor.py:208} INFO - Processing /home/airflow/.local/lib/python3.12/site-packages/airflow/example_dags/example_sensor_decorator.py took 0.115 seconds
[2026-06-13T17:53:25.045+0000] {processor.py:186} INFO - Started process (PID=7647) to work on /home/airflow/.local/lib/python3.12/site-packages/airflow/example_dags/example_sensor_decorator.py
[2026-06-13T17:53:25.047+0000] {processor.py:914} INFO - Processing file /home/airflow/.local/lib/python3.12/site-packages/airflow/example_dags/example_sensor_decorator.py for tasks to queue
[2026-06-13T17:53:25.049+0000] {logging_mixin.py:190} INFO - [2026-06-13T17:53:25.049+0000] {dagbag.py:588} INFO - Filling up the DagBag from /home/airflow/.local/lib/python3.12/site-packages/airflow/example_dags/example_sensor_decorator.py
[2026-06-13T17:53:25.056+0000] {processor.py:925} INFO - DAG(s) 'example_sensor_decorator' retrieved from /home/airflow/.local/lib/python3.12/site-packages/airflow/example_dags/example_sensor_decorator.py
[2026-06-13T17:53:25.071+0000] {logging_mixin.py:190} INFO - [2026-06-13T17:53:25.071+0000] {dag.py:3239} INFO - Sync 1 DAGs
[2026-06-13T17:53:25.083+0000] {logging_mixin.py:190} INFO - [2026-06-13T17:53:25.082+0000] {dag.py:4180} INFO - Setting next_dagrun for example_sensor_decorator to None, run_after=None
[2026-06-13T17:53:25.101+0000] {processor.py:208} INFO - Processing /home/airflow/.local/lib/python3.12/site-packages/airflow/example_dags/example_sensor_decorator.py took 0.060 seconds
[2026-06-13T17:53:55.545+0000] {processor.py:186} INFO - Started process (PID=7709) to work on /home/airflow/.local/lib/python3.12/site-packages/airflow/example_dags/example_sensor_decorator.py
[2026-06-13T17:53:55.546+0000] {processor.py:914} INFO - Processing file /home/airflow/.local/lib/python3.12/site-packages/airflow/example_dags/example_sensor_decorator.py for tasks to queue
[2026-06-13T17:53:55.550+0000] {logging_mixin.py:190} INFO - [2026-06-13T17:53:55.549+0000] {dagbag.py:588} INFO - Filling up the DagBag from /home/airflow/.local/lib/python3.12/site-packages/airflow/example_dags/example_sensor_decorator.py
[2026-06-13T17:53:55.560+0000] {processor.py:925} INFO - DAG(s) 'example_sensor_decorator' retrieved from /home/airflow/.local/lib/python3.12/site-packages/airflow/example_dags/example_sensor_decorator.py
[2026-06-13T17:53:55.581+0000] {logging_mixin.py:190} INFO - [2026-06-13T17:53:55.581+0000] {dag.py:3239} INFO - Sync 1 DAGs
[2026-06-13T17:53:55.729+0000] {logging_mixin.py:190} INFO - [2026-06-13T17:53:55.729+0000] {dag.py:4180} INFO - Setting next_dagrun for example_sensor_decorator to None, run_after=None
[2026-06-13T17:53:55.750+0000] {processor.py:208} INFO - Processing /home/airflow/.local/lib/python3.12/site-packages/airflow/example_dags/example_sensor_decorator.py took 0.211 seconds
[2026-06-13T17:54:26.227+0000] {processor.py:186} INFO - Started process (PID=7771) to work on /home/airflow/.local/lib/python3.12/site-packages/airflow/example_dags/example_sensor_decorator.py
[2026-06-13T17:54:26.228+0000] {processor.py:914} INFO - Processing file /home/airflow/.local/lib/python3.12/site-packages/airflow/example_dags/example_sensor_decorator.py for tasks to queue
[2026-06-13T17:54:26.231+0000] {logging_mixin.py:190} INFO - [2026-06-13T17:54:26.231+0000] {dagbag.py:588} INFO - Filling up the DagBag from /home/airflow/.local/lib/python3.12/site-packages/airflow/example_dags/example_sensor_decorator.py
[2026-06-13T17:54:26.238+0000] {processor.py:925} INFO - DAG(s) 'example_sensor_decorator' retrieved from /home/airflow/.local/lib/python3.12/site-packages/airflow/example_dags/example_sensor_decorator.py
[2026-06-13T17:54:26.254+0000] {logging_mixin.py:190} INFO - [2026-06-13T17:54:26.254+0000] {dag.py:3239} INFO - Sync 1 DAGs
[2026-06-13T17:54:26.265+0000] {logging_mixin.py:190} INFO - [2026-06-13T17:54:26.265+0000] {dag.py:4180} INFO - Setting next_dagrun for example_sensor_decorator to None, run_after=None
[2026-06-13T17:54:26.293+0000] {processor.py:208} INFO - Processing /home/airflow/.local/lib/python3.12/site-packages/airflow/example_dags/example_sensor_decorator.py took 0.072 seconds
[2026-06-13T17:54:57.279+0000] {processor.py:186} INFO - Started process (PID=7833) to work on /home/airflow/.local/lib/python3.12/site-packages/airflow/example_dags/example_sensor_decorator.py
[2026-06-13T17:54:57.280+0000] {processor.py:914} INFO - Processing file /home/airflow/.local/lib/python3.12/site-packages/airflow/example_dags/example_sensor_decorator.py for tasks to queue
[2026-06-13T17:54:57.283+0000] {logging_mixin.py:190} INFO - [2026-06-13T17:54:57.282+0000] {dagbag.py:588} INFO - Filling up the DagBag from /home/airflow/.local/lib/python3.12/site-packages/airflow/example_dags/example_sensor_decorator.py
[2026-06-13T17:54:57.291+0000] {processor.py:925} INFO - DAG(s) 'example_sensor_decorator' retrieved from /home/airflow/.local/lib/python3.12/site-packages/airflow/example_dags/example_sensor_decorator.py
[2026-06-13T17:54:57.313+0000] {logging_mixin.py:190} INFO - [2026-06-13T17:54:57.313+0000] {dag.py:3239} INFO - Sync 1 DAGs
[2026-06-13T17:54:57.325+0000] {logging_mixin.py:190} INFO - [2026-06-13T17:54:57.325+0000] {dag.py:4180} INFO - Setting next_dagrun for example_sensor_decorator to None, run_after=None
[2026-06-13T17:54:57.344+0000] {processor.py:208} INFO - Processing /home/airflow/.local/lib/python3.12/site-packages/airflow/example_dags/example_sensor_decorator.py took 0.071 seconds
[2026-06-13T17:55:27.746+0000] {processor.py:186} INFO - Started process (PID=7895) to work on /home/airflow/.local/lib/python3.12/site-packages/airflow/example_dags/example_sensor_decorator.py
[2026-06-13T17:55:27.747+0000] {processor.py:914} INFO - Processing file /home/airflow/.local/lib/python3.12/site-packages/airflow/example_dags/example_sensor_decorator.py for tasks to queue
[2026-06-13T17:55:27.750+0000] {logging_mixin.py:190} INFO - [2026-06-13T17:55:27.750+0000] {dagbag.py:588} INFO - Filling up the DagBag from /home/airflow/.local/lib/python3.12/site-packages/airflow/example_dags/example_sensor_decorator.py
[2026-06-13T17:55:27.759+0000] {processor.py:925} INFO - DAG(s) 'example_sensor_decorator' retrieved from /home/airflow/.local/lib/python3.12/site-packages/airflow/example_dags/example_sensor_decorator.py
[2026-06-13T17:55:27.776+0000] {logging_mixin.py:190} INFO - [2026-06-13T17:55:27.775+0000] {dag.py:3239} INFO - Sync 1 DAGs
[2026-06-13T17:55:27.788+0000] {logging_mixin.py:190} INFO - [2026-06-13T17:55:27.787+0000] {dag.py:4180} INFO - Setting next_dagrun for example_sensor_decorator to None, run_after=None
[2026-06-13T17:55:27.804+0000] {processor.py:208} INFO - Processing /home/airflow/.local/lib/python3.12/site-packages/airflow/example_dags/example_sensor_decorator.py took 0.065 seconds
[2026-06-13T17:55:58.734+0000] {processor.py:186} INFO - Started process (PID=7958) to work on /home/airflow/.local/lib/python3.12/site-packages/airflow/example_dags/example_sensor_decorator.py
[2026-06-13T17:55:58.735+0000] {processor.py:914} INFO - Processing file /home/airflow/.local/lib/python3.12/site-packages/airflow/example_dags/example_sensor_decorator.py for tasks to queue
[2026-06-13T17:55:58.738+0000] {logging_mixin.py:190} INFO - [2026-06-13T17:55:58.738+0000] {dagbag.py:588} INFO - Filling up the DagBag from /home/airflow/.local/lib/python3.12/site-packages/airflow/example_dags/example_sensor_decorator.py
[2026-06-13T17:55:58.746+0000] {processor.py:925} INFO - DAG(s) 'example_sensor_decorator' retrieved from /home/airflow/.local/lib/python3.12/site-packages/airflow/example_dags/example_sensor_decorator.py
[2026-06-13T17:55:58.764+0000] {logging_mixin.py:190} INFO - [2026-06-13T17:55:58.764+0000] {dag.py:3239} INFO - Sync 1 DAGs
[2026-06-13T17:55:58.777+0000] {logging_mixin.py:190} INFO - [2026-06-13T17:55:58.777+0000] {dag.py:4180} INFO - Setting next_dagrun for example_sensor_decorator to None, run_after=None
[2026-06-13T17:55:58.794+0000] {processor.py:208} INFO - Processing /home/airflow/.local/lib/python3.12/site-packages/airflow/example_dags/example_sensor_decorator.py took 0.066 seconds
[2026-06-13T17:56:29.582+0000] {processor.py:186} INFO - Started process (PID=8020) to work on /home/airflow/.local/lib/python3.12/site-packages/airflow/example_dags/example_sensor_decorator.py
[2026-06-13T17:56:29.583+0000] {processor.py:914} INFO - Processing file /home/airflow/.local/lib/python3.12/site-packages/airflow/example_dags/example_sensor_decorator.py for tasks to queue
[2026-06-13T17:56:29.585+0000] {logging_mixin.py:190} INFO - [2026-06-13T17:56:29.585+0000] {dagbag.py:588} INFO - Filling up the DagBag from /home/airflow/.local/lib/python3.12/site-packages/airflow/example_dags/example_sensor_decorator.py
[2026-06-13T17:56:29.593+0000] {processor.py:925} INFO - DAG(s) 'example_sensor_decorator' retrieved from /home/airflow/.local/lib/python3.12/site-packages/airflow/example_dags/example_sensor_decorator.py
[2026-06-13T17:56:29.609+0000] {logging_mixin.py:190} INFO - [2026-06-13T17:56:29.609+0000] {dag.py:3239} INFO - Sync 1 DAGs
[2026-06-13T17:56:29.620+0000] {logging_mixin.py:190} INFO - [2026-06-13T17:56:29.620+0000] {dag.py:4180} INFO - Setting next_dagrun for example_sensor_decorator to None, run_after=None
[2026-06-13T17:56:29.642+0000] {processor.py:208} INFO - Processing /home/airflow/.local/lib/python3.12/site-packages/airflow/example_dags/example_sensor_decorator.py took 0.066 seconds
[2026-06-13T17:56:59.881+0000] {processor.py:186} INFO - Started process (PID=8082) to work on /home/airflow/.local/lib/python3.12/site-packages/airflow/example_dags/example_sensor_decorator.py
[2026-06-13T17:56:59.882+0000] {processor.py:914} INFO - Processing file /home/airflow/.local/lib/python3.12/site-packages/airflow/example_dags/example_sensor_decorator.py for tasks to queue
[2026-06-13T17:56:59.885+0000] {logging_mixin.py:190} INFO - [2026-06-13T17:56:59.885+0000] {dagbag.py:588} INFO - Filling up the DagBag from /home/airflow/.local/lib/python3.12/site-packages/airflow/example_dags/example_sensor_decorator.py
[2026-06-13T17:56:59.893+0000] {processor.py:925} INFO - DAG(s) 'example_sensor_decorator' retrieved from /home/airflow/.local/lib/python3.12/site-packages/airflow/example_dags/example_sensor_decorator.py
[2026-06-13T17:56:59.909+0000] {logging_mixin.py:190} INFO - [2026-06-13T17:56:59.908+0000] {dag.py:3239} INFO - Sync 1 DAGs
[2026-06-13T17:56:59.919+0000] {logging_mixin.py:190} INFO - [2026-06-13T17:56:59.919+0000] {dag.py:4180} INFO - Setting next_dagrun for example_sensor_decorator to None, run_after=None
[2026-06-13T17:56:59.941+0000] {processor.py:208} INFO - Processing /home/airflow/.local/lib/python3.12/site-packages/airflow/example_dags/example_sensor_decorator.py took 0.066 seconds
[2026-06-13T17:57:30.539+0000] {processor.py:186} INFO - Started process (PID=8144) to work on /home/airflow/.local/lib/python3.12/site-packages/airflow/example_dags/example_sensor_decorator.py
[2026-06-13T17:57:30.541+0000] {processor.py:914} INFO - Processing file /home/airflow/.local/lib/python3.12/site-packages/airflow/example_dags/example_sensor_decorator.py for tasks to queue
[2026-06-13T17:57:30.546+0000] {logging_mixin.py:190} INFO - [2026-06-13T17:57:30.546+0000] {dagbag.py:588} INFO - Filling up the DagBag from /home/airflow/.local/lib/python3.12/site-packages/airflow/example_dags/example_sensor_decorator.py
[2026-06-13T17:57:30.556+0000] {processor.py:925} INFO - DAG(s) 'example_sensor_decorator' retrieved from /home/airflow/.local/lib/python3.12/site-packages/airflow/example_dags/example_sensor_decorator.py
[2026-06-13T17:57:30.581+0000] {logging_mixin.py:190} INFO - [2026-06-13T17:57:30.580+0000] {dag.py:3239} INFO - Sync 1 DAGs
[2026-06-13T17:57:30.596+0000] {logging_mixin.py:190} INFO - [2026-06-13T17:57:30.595+0000] {dag.py:4180} INFO - Setting next_dagrun for example_sensor_decorator to None, run_after=None
[2026-06-13T17:57:30.618+0000] {processor.py:208} INFO - Processing /home/airflow/.local/lib/python3.12/site-packages/airflow/example_dags/example_sensor_decorator.py took 0.086 seconds
[2026-06-13T17:58:01.532+0000] {processor.py:186} INFO - Started process (PID=8206) to work on /home/airflow/.local/lib/python3.12/site-packages/airflow/example_dags/example_sensor_decorator.py
[2026-06-13T17:58:01.533+0000] {processor.py:914} INFO - Processing file /home/airflow/.local/lib/python3.12/site-packages/airflow/example_dags/example_sensor_decorator.py for tasks to queue
[2026-06-13T17:58:01.536+0000] {logging_mixin.py:190} INFO - [2026-06-13T17:58:01.536+0000] {dagbag.py:588} INFO - Filling up the DagBag from /home/airflow/.local/lib/python3.12/site-packages/airflow/example_dags/example_sensor_decorator.py
[2026-06-13T17:58:01.545+0000] {processor.py:925} INFO - DAG(s) 'example_sensor_decorator' retrieved from /home/airflow/.local/lib/python3.12/site-packages/airflow/example_dags/example_sensor_decorator.py
[2026-06-13T17:58:01.567+0000] {logging_mixin.py:190} INFO - [2026-06-13T17:58:01.567+0000] {dag.py:3239} INFO - Sync 1 DAGs
[2026-06-13T17:58:01.580+0000] {logging_mixin.py:190} INFO - [2026-06-13T17:58:01.580+0000] {dag.py:4180} INFO - Setting next_dagrun for example_sensor_decorator to None, run_after=None
[2026-06-13T17:58:01.602+0000] {processor.py:208} INFO - Processing /home/airflow/.local/lib/python3.12/site-packages/airflow/example_dags/example_sensor_decorator.py took 0.076 seconds
[2026-06-13T17:58:32.281+0000] {processor.py:186} INFO - Started process (PID=8268) to work on /home/airflow/.local/lib/python3.12/site-packages/airflow/example_dags/example_sensor_decorator.py
[2026-06-13T17:58:32.282+0000] {processor.py:914} INFO - Processing file /home/airflow/.local/lib/python3.12/site-packages/airflow/example_dags/example_sensor_decorator.py for tasks to queue
[2026-06-13T17:58:32.285+0000] {logging_mixin.py:190} INFO - [2026-06-13T17:58:32.284+0000] {dagbag.py:588} INFO - Filling up the DagBag from /home/airflow/.local/lib/python3.12/site-packages/airflow/example_dags/example_sensor_decorator.py
[2026-06-13T17:58:32.292+0000] {processor.py:925} INFO - DAG(s) 'example_sensor_decorator' retrieved from /home/airflow/.local/lib/python3.12/site-packages/airflow/example_dags/example_sensor_decorator.py
[2026-06-13T17:58:32.312+0000] {logging_mixin.py:190} INFO - [2026-06-13T17:58:32.312+0000] {dag.py:3239} INFO - Sync 1 DAGs
[2026-06-13T17:58:32.328+0000] {logging_mixin.py:190} INFO - [2026-06-13T17:58:32.328+0000] {dag.py:4180} INFO - Setting next_dagrun for example_sensor_decorator to None, run_after=None
[2026-06-13T17:58:32.348+0000] {processor.py:208} INFO - Processing /home/airflow/.local/lib/python3.12/site-packages/airflow/example_dags/example_sensor_decorator.py took 0.073 seconds
[2026-06-13T17:59:02.967+0000] {processor.py:186} INFO - Started process (PID=8330) to work on /home/airflow/.local/lib/python3.12/site-packages/airflow/example_dags/example_sensor_decorator.py
[2026-06-13T17:59:02.968+0000] {processor.py:914} INFO - Processing file /home/airflow/.local/lib/python3.12/site-packages/airflow/example_dags/example_sensor_decorator.py for tasks to queue
[2026-06-13T17:59:02.971+0000] {logging_mixin.py:190} INFO - [2026-06-13T17:59:02.971+0000] {dagbag.py:588} INFO - Filling up the DagBag from /home/airflow/.local/lib/python3.12/site-packages/airflow/example_dags/example_sensor_decorator.py
[2026-06-13T17:59:02.980+0000] {processor.py:925} INFO - DAG(s) 'example_sensor_decorator' retrieved from /home/airflow/.local/lib/python3.12/site-packages/airflow/example_dags/example_sensor_decorator.py
[2026-06-13T17:59:03.000+0000] {logging_mixin.py:190} INFO - [2026-06-13T17:59:02.999+0000] {dag.py:3239} INFO - Sync 1 DAGs
[2026-06-13T17:59:03.015+0000] {logging_mixin.py:190} INFO - [2026-06-13T17:59:03.015+0000] {dag.py:4180} INFO - Setting next_dagrun for example_sensor_decorator to None, run_after=None
[2026-06-13T17:59:03.034+0000] {processor.py:208} INFO - Processing /home/airflow/.local/lib/python3.12/site-packages/airflow/example_dags/example_sensor_decorator.py took 0.075 seconds
[2026-06-13T17:59:33.665+0000] {processor.py:186} INFO - Started process (PID=8392) to work on /home/airflow/.local/lib/python3.12/site-packages/airflow/example_dags/example_sensor_decorator.py
[2026-06-13T17:59:33.666+0000] {processor.py:914} INFO - Processing file /home/airflow/.local/lib/python3.12/site-packages/airflow/example_dags/example_sensor_decorator.py for tasks to queue
[2026-06-13T17:59:33.668+0000] {logging_mixin.py:190} INFO - [2026-06-13T17:59:33.668+0000] {dagbag.py:588} INFO - Filling up the DagBag from /home/airflow/.local/lib/python3.12/site-packages/airflow/example_dags/example_sensor_decorator.py
[2026-06-13T17:59:33.675+0000] {processor.py:925} INFO - DAG(s) 'example_sensor_decorator' retrieved from /home/airflow/.local/lib/python3.12/site-packages/airflow/example_dags/example_sensor_decorator.py
[2026-06-13T17:59:33.693+0000] {logging_mixin.py:190} INFO - [2026-06-13T17:59:33.693+0000] {dag.py:3239} INFO - Sync 1 DAGs
[2026-06-13T17:59:33.704+0000] {logging_mixin.py:190} INFO - [2026-06-13T17:59:33.703+0000] {dag.py:4180} INFO - Setting next_dagrun for example_sensor_decorator to None, run_after=None
[2026-06-13T17:59:33.721+0000] {processor.py:208} INFO - Processing /home/airflow/.local/lib/python3.12/site-packages/airflow/example_dags/example_sensor_decorator.py took 0.061 seconds
[2026-06-13T18:00:03.944+0000] {processor.py:186} INFO - Started process (PID=8454) to work on /home/airflow/.local/lib/python3.12/site-packages/airflow/example_dags/example_sensor_decorator.py
[2026-06-13T18:00:03.946+0000] {processor.py:914} INFO - Processing file /home/airflow/.local/lib/python3.12/site-packages/airflow/example_dags/example_sensor_decorator.py for tasks to queue
[2026-06-13T18:00:03.948+0000] {logging_mixin.py:190} INFO - [2026-06-13T18:00:03.948+0000] {dagbag.py:588} INFO - Filling up the DagBag from /home/airflow/.local/lib/python3.12/site-packages/airflow/example_dags/example_sensor_decorator.py
[2026-06-13T18:00:03.955+0000] {processor.py:925} INFO - DAG(s) 'example_sensor_decorator' retrieved from /home/airflow/.local/lib/python3.12/site-packages/airflow/example_dags/example_sensor_decorator.py
[2026-06-13T18:00:03.973+0000] {logging_mixin.py:190} INFO - [2026-06-13T18:00:03.973+0000] {dag.py:3239} INFO - Sync 1 DAGs
[2026-06-13T18:00:03.984+0000] {logging_mixin.py:190} INFO - [2026-06-13T18:00:03.984+0000] {dag.py:4180} INFO - Setting next_dagrun for example_sensor_decorator to None, run_after=None
[2026-06-13T18:00:04.003+0000] {processor.py:208} INFO - Processing /home/airflow/.local/lib/python3.12/site-packages/airflow/example_dags/example_sensor_decorator.py took 0.064 seconds
[2026-06-13T18:00:34.479+0000] {processor.py:186} INFO - Started process (PID=8517) to work on /home/airflow/.local/lib/python3.12/site-packages/airflow/example_dags/example_sensor_decorator.py
[2026-06-13T18:00:34.481+0000] {processor.py:914} INFO - Processing file /home/airflow/.local/lib/python3.12/site-packages/airflow/example_dags/example_sensor_decorator.py for tasks to queue
[2026-06-13T18:00:34.483+0000] {logging_mixin.py:190} INFO - [2026-06-13T18:00:34.483+0000] {dagbag.py:588} INFO - Filling up the DagBag from /home/airflow/.local/lib/python3.12/site-packages/airflow/example_dags/example_sensor_decorator.py
[2026-06-13T18:00:34.489+0000] {processor.py:925} INFO - DAG(s) 'example_sensor_decorator' retrieved from /home/airflow/.local/lib/python3.12/site-packages/airflow/example_dags/example_sensor_decorator.py
[2026-06-13T18:00:34.507+0000] {logging_mixin.py:190} INFO - [2026-06-13T18:00:34.507+0000] {dag.py:3239} INFO - Sync 1 DAGs
[2026-06-13T18:00:34.518+0000] {logging_mixin.py:190} INFO - [2026-06-13T18:00:34.518+0000] {dag.py:4180} INFO - Setting next_dagrun for example_sensor_decorator to None, run_after=None
[2026-06-13T18:00:34.534+0000] {processor.py:208} INFO - Processing /home/airflow/.local/lib/python3.12/site-packages/airflow/example_dags/example_sensor_decorator.py took 0.060 seconds
[2026-06-13T18:01:04.921+0000] {processor.py:186} INFO - Started process (PID=8579) to work on /home/airflow/.local/lib/python3.12/site-packages/airflow/example_dags/example_sensor_decorator.py
[2026-06-13T18:01:04.922+0000] {processor.py:914} INFO - Processing file /home/airflow/.local/lib/python3.12/site-packages/airflow/example_dags/example_sensor_decorator.py for tasks to queue
[2026-06-13T18:01:04.925+0000] {logging_mixin.py:190} INFO - [2026-06-13T18:01:04.925+0000] {dagbag.py:588} INFO - Filling up the DagBag from /home/airflow/.local/lib/python3.12/site-packages/airflow/example_dags/example_sensor_decorator.py
[2026-06-13T18:01:04.932+0000] {processor.py:925} INFO - DAG(s) 'example_sensor_decorator' retrieved from /home/airflow/.local/lib/python3.12/site-packages/airflow/example_dags/example_sensor_decorator.py
[2026-06-13T18:01:04.949+0000] {logging_mixin.py:190} INFO - [2026-06-13T18:01:04.949+0000] {dag.py:3239} INFO - Sync 1 DAGs
[2026-06-13T18:01:04.960+0000] {logging_mixin.py:190} INFO - [2026-06-13T18:01:04.960+0000] {dag.py:4180} INFO - Setting next_dagrun for example_sensor_decorator to None, run_after=None
[2026-06-13T18:01:04.977+0000] {processor.py:208} INFO - Processing /home/airflow/.local/lib/python3.12/site-packages/airflow/example_dags/example_sensor_decorator.py took 0.061 seconds
[2026-06-13T18:01:35.491+0000] {processor.py:186} INFO - Started process (PID=8641) to work on /home/airflow/.local/lib/python3.12/site-packages/airflow/example_dags/example_sensor_decorator.py
[2026-06-13T18:01:35.492+0000] {processor.py:914} INFO - Processing file /home/airflow/.local/lib/python3.12/site-packages/airflow/example_dags/example_sensor_decorator.py for tasks to queue
[2026-06-13T18:01:35.495+0000] {logging_mixin.py:190} INFO - [2026-06-13T18:01:35.495+0000] {dagbag.py:588} INFO - Filling up the DagBag from /home/airflow/.local/lib/python3.12/site-packages/airflow/example_dags/example_sensor_decorator.py
[2026-06-13T18:01:35.502+0000] {processor.py:925} INFO - DAG(s) 'example_sensor_decorator' retrieved from /home/airflow/.local/lib/python3.12/site-packages/airflow/example_dags/example_sensor_decorator.py
[2026-06-13T18:01:35.519+0000] {logging_mixin.py:190} INFO - [2026-06-13T18:01:35.519+0000] {dag.py:3239} INFO - Sync 1 DAGs
[2026-06-13T18:01:35.530+0000] {logging_mixin.py:190} INFO - [2026-06-13T18:01:35.530+0000] {dag.py:4180} INFO - Setting next_dagrun for example_sensor_decorator to None, run_after=None
[2026-06-13T18:01:35.549+0000] {processor.py:208} INFO - Processing /home/airflow/.local/lib/python3.12/site-packages/airflow/example_dags/example_sensor_decorator.py took 0.064 seconds
[2026-06-13T18:02:06.234+0000] {processor.py:186} INFO - Started process (PID=8703) to work on /home/airflow/.local/lib/python3.12/site-packages/airflow/example_dags/example_sensor_decorator.py
[2026-06-13T18:02:06.235+0000] {processor.py:914} INFO - Processing file /home/airflow/.local/lib/python3.12/site-packages/airflow/example_dags/example_sensor_decorator.py for tasks to queue
[2026-06-13T18:02:06.239+0000] {logging_mixin.py:190} INFO - [2026-06-13T18:02:06.239+0000] {dagbag.py:588} INFO - Filling up the DagBag from /home/airflow/.local/lib/python3.12/site-packages/airflow/example_dags/example_sensor_decorator.py
[2026-06-13T18:02:06.248+0000] {processor.py:925} INFO - DAG(s) 'example_sensor_decorator' retrieved from /home/airflow/.local/lib/python3.12/site-packages/airflow/example_dags/example_sensor_decorator.py
[2026-06-13T18:02:06.269+0000] {logging_mixin.py:190} INFO - [2026-06-13T18:02:06.269+0000] {dag.py:3239} INFO - Sync 1 DAGs
[2026-06-13T18:02:06.284+0000] {logging_mixin.py:190} INFO - [2026-06-13T18:02:06.284+0000] {dag.py:4180} INFO - Setting next_dagrun for example_sensor_decorator to None, run_after=None
[2026-06-13T18:02:06.303+0000] {processor.py:208} INFO - Processing /home/airflow/.local/lib/python3.12/site-packages/airflow/example_dags/example_sensor_decorator.py took 0.075 seconds
[2026-06-13T18:02:36.570+0000] {processor.py:186} INFO - Started process (PID=8765) to work on /home/airflow/.local/lib/python3.12/site-packages/airflow/example_dags/example_sensor_decorator.py
[2026-06-13T18:02:36.571+0000] {processor.py:914} INFO - Processing file /home/airflow/.local/lib/python3.12/site-packages/airflow/example_dags/example_sensor_decorator.py for tasks to queue
[2026-06-13T18:02:36.574+0000] {logging_mixin.py:190} INFO - [2026-06-13T18:02:36.574+0000] {dagbag.py:588} INFO - Filling up the DagBag from /home/airflow/.local/lib/python3.12/site-packages/airflow/example_dags/example_sensor_decorator.py
[2026-06-13T18:02:36.582+0000] {processor.py:925} INFO - DAG(s) 'example_sensor_decorator' retrieved from /home/airflow/.local/lib/python3.12/site-packages/airflow/example_dags/example_sensor_decorator.py
[2026-06-13T18:02:36.600+0000] {logging_mixin.py:190} INFO - [2026-06-13T18:02:36.600+0000] {dag.py:3239} INFO - Sync 1 DAGs
[2026-06-13T18:02:36.611+0000] {logging_mixin.py:190} INFO - [2026-06-13T18:02:36.611+0000] {dag.py:4180} INFO - Setting next_dagrun for example_sensor_decorator to None, run_after=None
[2026-06-13T18:02:36.629+0000] {processor.py:208} INFO - Processing /home/airflow/.local/lib/python3.12/site-packages/airflow/example_dags/example_sensor_decorator.py took 0.065 seconds
[2026-06-13T18:03:06.904+0000] {processor.py:186} INFO - Started process (PID=8826) to work on /home/airflow/.local/lib/python3.12/site-packages/airflow/example_dags/example_sensor_decorator.py
[2026-06-13T18:03:06.905+0000] {processor.py:914} INFO - Processing file /home/airflow/.local/lib/python3.12/site-packages/airflow/example_dags/example_sensor_decorator.py for tasks to queue
[2026-06-13T18:03:06.910+0000] {logging_mixin.py:190} INFO - [2026-06-13T18:03:06.909+0000] {dagbag.py:588} INFO - Filling up the DagBag from /home/airflow/.local/lib/python3.12/site-packages/airflow/example_dags/example_sensor_decorator.py
[2026-06-13T18:03:06.924+0000] {processor.py:925} INFO - DAG(s) 'example_sensor_decorator' retrieved from /home/airflow/.local/lib/python3.12/site-packages/airflow/example_dags/example_sensor_decorator.py
[2026-06-13T18:03:06.951+0000] {logging_mixin.py:190} INFO - [2026-06-13T18:03:06.951+0000] {dag.py:3239} INFO - Sync 1 DAGs
[2026-06-13T18:03:06.967+0000] {logging_mixin.py:190} INFO - [2026-06-13T18:03:06.966+0000] {dag.py:4180} INFO - Setting next_dagrun for example_sensor_decorator to None, run_after=None
[2026-06-13T18:03:06.991+0000] {processor.py:208} INFO - Processing /home/airflow/.local/lib/python3.12/site-packages/airflow/example_dags/example_sensor_decorator.py took 0.098 seconds
[2026-06-13T18:03:37.137+0000] {processor.py:186} INFO - Started process (PID=8888) to work on /home/airflow/.local/lib/python3.12/site-packages/airflow/example_dags/example_sensor_decorator.py
[2026-06-13T18:03:37.139+0000] {processor.py:914} INFO - Processing file /home/airflow/.local/lib/python3.12/site-packages/airflow/example_dags/example_sensor_decorator.py for tasks to queue
[2026-06-13T18:03:37.141+0000] {logging_mixin.py:190} INFO - [2026-06-13T18:03:37.141+0000] {dagbag.py:588} INFO - Filling up the DagBag from /home/airflow/.local/lib/python3.12/site-packages/airflow/example_dags/example_sensor_decorator.py
[2026-06-13T18:03:37.149+0000] {processor.py:925} INFO - DAG(s) 'example_sensor_decorator' retrieved from /home/airflow/.local/lib/python3.12/site-packages/airflow/example_dags/example_sensor_decorator.py
[2026-06-13T18:03:37.166+0000] {logging_mixin.py:190} INFO - [2026-06-13T18:03:37.166+0000] {dag.py:3239} INFO - Sync 1 DAGs
[2026-06-13T18:03:37.177+0000] {logging_mixin.py:190} INFO - [2026-06-13T18:03:37.177+0000] {dag.py:4180} INFO - Setting next_dagrun for example_sensor_decorator to None, run_after=None
[2026-06-13T18:03:37.197+0000] {processor.py:208} INFO - Processing /home/airflow/.local/lib/python3.12/site-packages/airflow/example_dags/example_sensor_decorator.py took 0.065 seconds
[2026-06-13T18:04:07.514+0000] {processor.py:186} INFO - Started process (PID=8950) to work on /home/airflow/.local/lib/python3.12/site-packages/airflow/example_dags/example_sensor_decorator.py
[2026-06-13T18:04:07.515+0000] {processor.py:914} INFO - Processing file /home/airflow/.local/lib/python3.12/site-packages/airflow/example_dags/example_sensor_decorator.py for tasks to queue
[2026-06-13T18:04:07.517+0000] {logging_mixin.py:190} INFO - [2026-06-13T18:04:07.517+0000] {dagbag.py:588} INFO - Filling up the DagBag from /home/airflow/.local/lib/python3.12/site-packages/airflow/example_dags/example_sensor_decorator.py
[2026-06-13T18:04:07.524+0000] {processor.py:925} INFO - DAG(s) 'example_sensor_decorator' retrieved from /home/airflow/.local/lib/python3.12/site-packages/airflow/example_dags/example_sensor_decorator.py
[2026-06-13T18:04:07.541+0000] {logging_mixin.py:190} INFO - [2026-06-13T18:04:07.540+0000] {dag.py:3239} INFO - Sync 1 DAGs
[2026-06-13T18:04:07.552+0000] {logging_mixin.py:190} INFO - [2026-06-13T18:04:07.552+0000] {dag.py:4180} INFO - Setting next_dagrun for example_sensor_decorator to None, run_after=None
[2026-06-13T18:04:07.569+0000] {processor.py:208} INFO - Processing /home/airflow/.local/lib/python3.12/site-packages/airflow/example_dags/example_sensor_decorator.py took 0.061 seconds
[2026-06-13T18:04:38.019+0000] {processor.py:186} INFO - Started process (PID=9012) to work on /home/airflow/.local/lib/python3.12/site-packages/airflow/example_dags/example_sensor_decorator.py
[2026-06-13T18:04:38.021+0000] {processor.py:914} INFO - Processing file /home/airflow/.local/lib/python3.12/site-packages/airflow/example_dags/example_sensor_decorator.py for tasks to queue
[2026-06-13T18:04:38.024+0000] {logging_mixin.py:190} INFO - [2026-06-13T18:04:38.024+0000] {dagbag.py:588} INFO - Filling up the DagBag from /home/airflow/.local/lib/python3.12/site-packages/airflow/example_dags/example_sensor_decorator.py
[2026-06-13T18:04:38.033+0000] {processor.py:925} INFO - DAG(s) 'example_sensor_decorator' retrieved from /home/airflow/.local/lib/python3.12/site-packages/airflow/example_dags/example_sensor_decorator.py
[2026-06-13T18:04:38.053+0000] {logging_mixin.py:190} INFO - [2026-06-13T18:04:38.052+0000] {dag.py:3239} INFO - Sync 1 DAGs
[2026-06-13T18:04:38.066+0000] {logging_mixin.py:190} INFO - [2026-06-13T18:04:38.066+0000] {dag.py:4180} INFO - Setting next_dagrun for example_sensor_decorator to None, run_after=None
[2026-06-13T18:04:38.086+0000] {processor.py:208} INFO - Processing /home/airflow/.local/lib/python3.12/site-packages/airflow/example_dags/example_sensor_decorator.py took 0.072 seconds
[2026-06-13T18:05:08.230+0000] {processor.py:186} INFO - Started process (PID=9074) to work on /home/airflow/.local/lib/python3.12/site-packages/airflow/example_dags/example_sensor_decorator.py
[2026-06-13T18:05:08.232+0000] {processor.py:914} INFO - Processing file /home/airflow/.local/lib/python3.12/site-packages/airflow/example_dags/example_sensor_decorator.py for tasks to queue
[2026-06-13T18:05:08.235+0000] {logging_mixin.py:190} INFO - [2026-06-13T18:05:08.234+0000] {dagbag.py:588} INFO - Filling up the DagBag from /home/airflow/.local/lib/python3.12/site-packages/airflow/example_dags/example_sensor_decorator.py
[2026-06-13T18:05:08.243+0000] {processor.py:925} INFO - DAG(s) 'example_sensor_decorator' retrieved from /home/airflow/.local/lib/python3.12/site-packages/airflow/example_dags/example_sensor_decorator.py
[2026-06-13T18:05:08.265+0000] {logging_mixin.py:190} INFO - [2026-06-13T18:05:08.265+0000] {dag.py:3239} INFO - Sync 1 DAGs
[2026-06-13T18:05:08.276+0000] {logging_mixin.py:190} INFO - [2026-06-13T18:05:08.276+0000] {dag.py:4180} INFO - Setting next_dagrun for example_sensor_decorator to None, run_after=None
[2026-06-13T18:05:08.292+0000] {processor.py:208} INFO - Processing /home/airflow/.local/lib/python3.12/site-packages/airflow/example_dags/example_sensor_decorator.py took 0.068 seconds
[2026-06-13T18:05:38.486+0000] {processor.py:186} INFO - Started process (PID=9135) to work on /home/airflow/.local/lib/python3.12/site-packages/airflow/example_dags/example_sensor_decorator.py
[2026-06-13T18:05:38.488+0000] {processor.py:914} INFO - Processing file /home/airflow/.local/lib/python3.12/site-packages/airflow/example_dags/example_sensor_decorator.py for tasks to queue
[2026-06-13T18:05:38.491+0000] {logging_mixin.py:190} INFO - [2026-06-13T18:05:38.490+0000] {dagbag.py:588} INFO - Filling up the DagBag from /home/airflow/.local/lib/python3.12/site-packages/airflow/example_dags/example_sensor_decorator.py
[2026-06-13T18:05:38.499+0000] {processor.py:925} INFO - DAG(s) 'example_sensor_decorator' retrieved from /home/airflow/.local/lib/python3.12/site-packages/airflow/example_dags/example_sensor_decorator.py
[2026-06-13T18:05:38.515+0000] {logging_mixin.py:190} INFO - [2026-06-13T18:05:38.515+0000] {dag.py:3239} INFO - Sync 1 DAGs
[2026-06-13T18:05:38.528+0000] {logging_mixin.py:190} INFO - [2026-06-13T18:05:38.528+0000] {dag.py:4180} INFO - Setting next_dagrun for example_sensor_decorator to None, run_after=None
[2026-06-13T18:05:38.551+0000] {processor.py:208} INFO - Processing /home/airflow/.local/lib/python3.12/site-packages/airflow/example_dags/example_sensor_decorator.py took 0.070 seconds
[2026-06-13T18:06:08.884+0000] {processor.py:186} INFO - Started process (PID=9198) to work on /home/airflow/.local/lib/python3.12/site-packages/airflow/example_dags/example_sensor_decorator.py
[2026-06-13T18:06:08.885+0000] {processor.py:914} INFO - Processing file /home/airflow/.local/lib/python3.12/site-packages/airflow/example_dags/example_sensor_decorator.py for tasks to queue
[2026-06-13T18:06:08.887+0000] {logging_mixin.py:190} INFO - [2026-06-13T18:06:08.887+0000] {dagbag.py:588} INFO - Filling up the DagBag from /home/airflow/.local/lib/python3.12/site-packages/airflow/example_dags/example_sensor_decorator.py
[2026-06-13T18:06:08.894+0000] {processor.py:925} INFO - DAG(s) 'example_sensor_decorator' retrieved from /home/airflow/.local/lib/python3.12/site-packages/airflow/example_dags/example_sensor_decorator.py
[2026-06-13T18:06:08.911+0000] {logging_mixin.py:190} INFO - [2026-06-13T18:06:08.911+0000] {dag.py:3239} INFO - Sync 1 DAGs
[2026-06-13T18:06:08.922+0000] {logging_mixin.py:190} INFO - [2026-06-13T18:06:08.922+0000] {dag.py:4180} INFO - Setting next_dagrun for example_sensor_decorator to None, run_after=None
[2026-06-13T18:06:08.946+0000] {processor.py:208} INFO - Processing /home/airflow/.local/lib/python3.12/site-packages/airflow/example_dags/example_sensor_decorator.py took 0.067 seconds
[2026-06-13T18:06:39.169+0000] {processor.py:186} INFO - Started process (PID=9260) to work on /home/airflow/.local/lib/python3.12/site-packages/airflow/example_dags/example_sensor_decorator.py
[2026-06-13T18:06:39.171+0000] {processor.py:914} INFO - Processing file /home/airflow/.local/lib/python3.12/site-packages/airflow/example_dags/example_sensor_decorator.py for tasks to queue
[2026-06-13T18:06:39.174+0000] {logging_mixin.py:190} INFO - [2026-06-13T18:06:39.173+0000] {dagbag.py:588} INFO - Filling up the DagBag from /home/airflow/.local/lib/python3.12/site-packages/airflow/example_dags/example_sensor_decorator.py
[2026-06-13T18:06:39.184+0000] {processor.py:925} INFO - DAG(s) 'example_sensor_decorator' retrieved from /home/airflow/.local/lib/python3.12/site-packages/airflow/example_dags/example_sensor_decorator.py
[2026-06-13T18:06:39.204+0000] {logging_mixin.py:190} INFO - [2026-06-13T18:06:39.204+0000] {dag.py:3239} INFO - Sync 1 DAGs
[2026-06-13T18:06:39.216+0000] {logging_mixin.py:190} INFO - [2026-06-13T18:06:39.216+0000] {dag.py:4180} INFO - Setting next_dagrun for example_sensor_decorator to None, run_after=None
[2026-06-13T18:06:39.233+0000] {processor.py:208} INFO - Processing /home/airflow/.local/lib/python3.12/site-packages/airflow/example_dags/example_sensor_decorator.py took 0.070 seconds
[2026-06-13T18:07:09.455+0000] {processor.py:186} INFO - Started process (PID=9322) to work on /home/airflow/.local/lib/python3.12/site-packages/airflow/example_dags/example_sensor_decorator.py
[2026-06-13T18:07:09.456+0000] {processor.py:914} INFO - Processing file /home/airflow/.local/lib/python3.12/site-packages/airflow/example_dags/example_sensor_decorator.py for tasks to queue
[2026-06-13T18:07:09.459+0000] {logging_mixin.py:190} INFO - [2026-06-13T18:07:09.458+0000] {dagbag.py:588} INFO - Filling up the DagBag from /home/airflow/.local/lib/python3.12/site-packages/airflow/example_dags/example_sensor_decorator.py
[2026-06-13T18:07:09.466+0000] {processor.py:925} INFO - DAG(s) 'example_sensor_decorator' retrieved from /home/airflow/.local/lib/python3.12/site-packages/airflow/example_dags/example_sensor_decorator.py
[2026-06-13T18:07:09.484+0000] {logging_mixin.py:190} INFO - [2026-06-13T18:07:09.484+0000] {dag.py:3239} INFO - Sync 1 DAGs
[2026-06-13T18:07:09.495+0000] {logging_mixin.py:190} INFO - [2026-06-13T18:07:09.495+0000] {dag.py:4180} INFO - Setting next_dagrun for example_sensor_decorator to None, run_after=None
[2026-06-13T18:07:09.512+0000] {processor.py:208} INFO - Processing /home/airflow/.local/lib/python3.12/site-packages/airflow/example_dags/example_sensor_decorator.py took 0.062 seconds
[2026-06-13T18:07:39.930+0000] {processor.py:186} INFO - Started process (PID=9384) to work on /home/airflow/.local/lib/python3.12/site-packages/airflow/example_dags/example_sensor_decorator.py
[2026-06-13T18:07:39.932+0000] {processor.py:914} INFO - Processing file /home/airflow/.local/lib/python3.12/site-packages/airflow/example_dags/example_sensor_decorator.py for tasks to queue
[2026-06-13T18:07:39.934+0000] {logging_mixin.py:190} INFO - [2026-06-13T18:07:39.934+0000] {dagbag.py:588} INFO - Filling up the DagBag from /home/airflow/.local/lib/python3.12/site-packages/airflow/example_dags/example_sensor_decorator.py
[2026-06-13T18:07:39.942+0000] {processor.py:925} INFO - DAG(s) 'example_sensor_decorator' retrieved from /home/airflow/.local/lib/python3.12/site-packages/airflow/example_dags/example_sensor_decorator.py
[2026-06-13T18:07:39.958+0000] {logging_mixin.py:190} INFO - [2026-06-13T18:07:39.958+0000] {dag.py:3239} INFO - Sync 1 DAGs
[2026-06-13T18:07:39.968+0000] {logging_mixin.py:190} INFO - [2026-06-13T18:07:39.968+0000] {dag.py:4180} INFO - Setting next_dagrun for example_sensor_decorator to None, run_after=None
[2026-06-13T18:07:39.983+0000] {processor.py:208} INFO - Processing /home/airflow/.local/lib/python3.12/site-packages/airflow/example_dags/example_sensor_decorator.py took 0.057 seconds
[2026-06-13T18:08:10.471+0000] {processor.py:186} INFO - Started process (PID=9446) to work on /home/airflow/.local/lib/python3.12/site-packages/airflow/example_dags/example_sensor_decorator.py
[2026-06-13T18:08:10.473+0000] {processor.py:914} INFO - Processing file /home/airflow/.local/lib/python3.12/site-packages/airflow/example_dags/example_sensor_decorator.py for tasks to queue
[2026-06-13T18:08:10.476+0000] {logging_mixin.py:190} INFO - [2026-06-13T18:08:10.475+0000] {dagbag.py:588} INFO - Filling up the DagBag from /home/airflow/.local/lib/python3.12/site-packages/airflow/example_dags/example_sensor_decorator.py
[2026-06-13T18:08:10.483+0000] {processor.py:925} INFO - DAG(s) 'example_sensor_decorator' retrieved from /home/airflow/.local/lib/python3.12/site-packages/airflow/example_dags/example_sensor_decorator.py
[2026-06-13T18:08:10.501+0000] {logging_mixin.py:190} INFO - [2026-06-13T18:08:10.501+0000] {dag.py:3239} INFO - Sync 1 DAGs
[2026-06-13T18:08:10.512+0000] {logging_mixin.py:190} INFO - [2026-06-13T18:08:10.512+0000] {dag.py:4180} INFO - Setting next_dagrun for example_sensor_decorator to None, run_after=None
[2026-06-13T18:08:10.530+0000] {processor.py:208} INFO - Processing /home/airflow/.local/lib/python3.12/site-packages/airflow/example_dags/example_sensor_decorator.py took 0.064 seconds
