[2026-06-13T16:50:43.384+0000] {processor.py:186} INFO - Started process (PID=111) to work on /home/airflow/.local/lib/python3.12/site-packages/airflow/example_dags/example_branch_operator.py
[2026-06-13T16:50:43.387+0000] {processor.py:914} INFO - Processing file /home/airflow/.local/lib/python3.12/site-packages/airflow/example_dags/example_branch_operator.py for tasks to queue
[2026-06-13T16:50:43.392+0000] {logging_mixin.py:190} INFO - [2026-06-13T16:50:43.392+0000] {dagbag.py:588} INFO - Filling up the DagBag from /home/airflow/.local/lib/python3.12/site-packages/airflow/example_dags/example_branch_operator.py
[2026-06-13T16:50:43.431+0000] {processor.py:925} INFO - DAG(s) 'example_branch_operator' retrieved from /home/airflow/.local/lib/python3.12/site-packages/airflow/example_dags/example_branch_operator.py
[2026-06-13T16:50:43.603+0000] {logging_mixin.py:190} INFO - [2026-06-13T16:50:43.601+0000] {override.py:1900} INFO - Created Permission View: can edit on DAG:example_branch_operator
[2026-06-13T16:50:43.625+0000] {logging_mixin.py:190} INFO - [2026-06-13T16:50:43.624+0000] {override.py:1900} INFO - Created Permission View: can read on DAG:example_branch_operator
[2026-06-13T16:50:43.646+0000] {logging_mixin.py:190} INFO - [2026-06-13T16:50:43.646+0000] {override.py:1900} INFO - Created Permission View: can delete on DAG:example_branch_operator
[2026-06-13T16:50:43.687+0000] {logging_mixin.py:190} INFO - [2026-06-13T16:50:43.687+0000] {override.py:1900} INFO - Created Permission View: can read on DAG Run:example_branch_operator
[2026-06-13T16:50:43.707+0000] {logging_mixin.py:190} INFO - [2026-06-13T16:50:43.707+0000] {override.py:1900} INFO - Created Permission View: can create on DAG Run:example_branch_operator
[2026-06-13T16:50:43.737+0000] {logging_mixin.py:190} INFO - [2026-06-13T16:50:43.736+0000] {override.py:1900} INFO - Created Permission View: menu access on DAG Run:example_branch_operator
[2026-06-13T16:50:43.762+0000] {logging_mixin.py:190} INFO - [2026-06-13T16:50:43.762+0000] {override.py:1900} INFO - Created Permission View: can delete on DAG Run:example_branch_operator
[2026-06-13T16:50:43.764+0000] {logging_mixin.py:190} INFO - [2026-06-13T16:50:43.764+0000] {dag.py:3239} INFO - Sync 1 DAGs
[2026-06-13T16:50:43.801+0000] {logging_mixin.py:190} INFO - [2026-06-13T16:50:43.799+0000] {dag.py:3262} INFO - Creating ORM DAG for example_branch_operator
[2026-06-13T16:50:43.826+0000] {logging_mixin.py:190} INFO - [2026-06-13T16:50:43.826+0000] {dag.py:4180} INFO - Setting next_dagrun for example_branch_operator to 2026-06-12 00:00:00+00:00, run_after=2026-06-13 00:00:00+00:00
[2026-06-13T16:50:43.871+0000] {processor.py:208} INFO - Processing /home/airflow/.local/lib/python3.12/site-packages/airflow/example_dags/example_branch_operator.py took 0.496 seconds
[2026-06-13T16:51:14.642+0000] {processor.py:186} INFO - Started process (PID=172) to work on /home/airflow/.local/lib/python3.12/site-packages/airflow/example_dags/example_branch_operator.py
[2026-06-13T16:51:14.644+0000] {processor.py:914} INFO - Processing file /home/airflow/.local/lib/python3.12/site-packages/airflow/example_dags/example_branch_operator.py for tasks to queue
[2026-06-13T16:51:14.647+0000] {logging_mixin.py:190} INFO - [2026-06-13T16:51:14.647+0000] {dagbag.py:588} INFO - Filling up the DagBag from /home/airflow/.local/lib/python3.12/site-packages/airflow/example_dags/example_branch_operator.py
[2026-06-13T16:51:14.673+0000] {processor.py:925} INFO - DAG(s) 'example_branch_operator' retrieved from /home/airflow/.local/lib/python3.12/site-packages/airflow/example_dags/example_branch_operator.py
[2026-06-13T16:51:14.712+0000] {logging_mixin.py:190} INFO - [2026-06-13T16:51:14.712+0000] {dag.py:3239} INFO - Sync 1 DAGs
[2026-06-13T16:51:14.746+0000] {logging_mixin.py:190} INFO - [2026-06-13T16:51:14.746+0000] {dag.py:4180} INFO - Setting next_dagrun for example_branch_operator to 2026-06-12 00:00:00+00:00, run_after=2026-06-13 00:00:00+00:00
[2026-06-13T16:51:14.776+0000] {processor.py:208} INFO - Processing /home/airflow/.local/lib/python3.12/site-packages/airflow/example_dags/example_branch_operator.py took 0.140 seconds
[2026-06-13T16:51:44.945+0000] {processor.py:186} INFO - Started process (PID=234) to work on /home/airflow/.local/lib/python3.12/site-packages/airflow/example_dags/example_branch_operator.py
[2026-06-13T16:51:44.947+0000] {processor.py:914} INFO - Processing file /home/airflow/.local/lib/python3.12/site-packages/airflow/example_dags/example_branch_operator.py for tasks to queue
[2026-06-13T16:51:44.951+0000] {logging_mixin.py:190} INFO - [2026-06-13T16:51:44.951+0000] {dagbag.py:588} INFO - Filling up the DagBag from /home/airflow/.local/lib/python3.12/site-packages/airflow/example_dags/example_branch_operator.py
[2026-06-13T16:51:44.970+0000] {processor.py:925} INFO - DAG(s) 'example_branch_operator' retrieved from /home/airflow/.local/lib/python3.12/site-packages/airflow/example_dags/example_branch_operator.py
[2026-06-13T16:51:45.002+0000] {logging_mixin.py:190} INFO - [2026-06-13T16:51:45.002+0000] {dag.py:3239} INFO - Sync 1 DAGs
[2026-06-13T16:51:45.031+0000] {logging_mixin.py:190} INFO - [2026-06-13T16:51:45.030+0000] {dag.py:4180} INFO - Setting next_dagrun for example_branch_operator to 2026-06-12 00:00:00+00:00, run_after=2026-06-13 00:00:00+00:00
[2026-06-13T16:51:45.054+0000] {processor.py:208} INFO - Processing /home/airflow/.local/lib/python3.12/site-packages/airflow/example_dags/example_branch_operator.py took 0.117 seconds
[2026-06-13T16:52:15.494+0000] {processor.py:186} INFO - Started process (PID=296) to work on /home/airflow/.local/lib/python3.12/site-packages/airflow/example_dags/example_branch_operator.py
[2026-06-13T16:52:15.497+0000] {processor.py:914} INFO - Processing file /home/airflow/.local/lib/python3.12/site-packages/airflow/example_dags/example_branch_operator.py for tasks to queue
[2026-06-13T16:52:15.501+0000] {logging_mixin.py:190} INFO - [2026-06-13T16:52:15.500+0000] {dagbag.py:588} INFO - Filling up the DagBag from /home/airflow/.local/lib/python3.12/site-packages/airflow/example_dags/example_branch_operator.py
[2026-06-13T16:52:15.523+0000] {processor.py:925} INFO - DAG(s) 'example_branch_operator' retrieved from /home/airflow/.local/lib/python3.12/site-packages/airflow/example_dags/example_branch_operator.py
[2026-06-13T16:52:15.551+0000] {logging_mixin.py:190} INFO - [2026-06-13T16:52:15.551+0000] {dag.py:3239} INFO - Sync 1 DAGs
[2026-06-13T16:52:15.574+0000] {logging_mixin.py:190} INFO - [2026-06-13T16:52:15.573+0000] {dag.py:4180} INFO - Setting next_dagrun for example_branch_operator to 2026-06-12 00:00:00+00:00, run_after=2026-06-13 00:00:00+00:00
[2026-06-13T16:52:15.601+0000] {processor.py:208} INFO - Processing /home/airflow/.local/lib/python3.12/site-packages/airflow/example_dags/example_branch_operator.py took 0.116 seconds
[2026-06-13T16:53:32.312+0000] {processor.py:186} INFO - Started process (PID=352) to work on /home/airflow/.local/lib/python3.12/site-packages/airflow/example_dags/example_branch_operator.py
[2026-06-13T16:53:32.314+0000] {processor.py:914} INFO - Processing file /home/airflow/.local/lib/python3.12/site-packages/airflow/example_dags/example_branch_operator.py for tasks to queue
[2026-06-13T16:53:32.317+0000] {logging_mixin.py:190} INFO - [2026-06-13T16:53:32.316+0000] {dagbag.py:588} INFO - Filling up the DagBag from /home/airflow/.local/lib/python3.12/site-packages/airflow/example_dags/example_branch_operator.py
[2026-06-13T16:53:32.334+0000] {processor.py:925} INFO - DAG(s) 'example_branch_operator' retrieved from /home/airflow/.local/lib/python3.12/site-packages/airflow/example_dags/example_branch_operator.py
[2026-06-13T16:53:32.364+0000] {logging_mixin.py:190} INFO - [2026-06-13T16:53:32.364+0000] {dag.py:3239} INFO - Sync 1 DAGs
[2026-06-13T16:53:32.389+0000] {logging_mixin.py:190} INFO - [2026-06-13T16:53:32.389+0000] {dag.py:4180} INFO - Setting next_dagrun for example_branch_operator to 2026-06-12 00:00:00+00:00, run_after=2026-06-13 00:00:00+00:00
[2026-06-13T16:53:32.412+0000] {processor.py:208} INFO - Processing /home/airflow/.local/lib/python3.12/site-packages/airflow/example_dags/example_branch_operator.py took 0.105 seconds
[2026-06-13T16:54:03.890+0000] {processor.py:186} INFO - Started process (PID=414) to work on /home/airflow/.local/lib/python3.12/site-packages/airflow/example_dags/example_branch_operator.py
[2026-06-13T16:54:03.892+0000] {processor.py:914} INFO - Processing file /home/airflow/.local/lib/python3.12/site-packages/airflow/example_dags/example_branch_operator.py for tasks to queue
[2026-06-13T16:54:03.897+0000] {logging_mixin.py:190} INFO - [2026-06-13T16:54:03.897+0000] {dagbag.py:588} INFO - Filling up the DagBag from /home/airflow/.local/lib/python3.12/site-packages/airflow/example_dags/example_branch_operator.py
[2026-06-13T16:54:03.923+0000] {processor.py:925} INFO - DAG(s) 'example_branch_operator' retrieved from /home/airflow/.local/lib/python3.12/site-packages/airflow/example_dags/example_branch_operator.py
[2026-06-13T16:54:03.966+0000] {logging_mixin.py:190} INFO - [2026-06-13T16:54:03.966+0000] {dag.py:3239} INFO - Sync 1 DAGs
[2026-06-13T16:54:03.997+0000] {logging_mixin.py:190} INFO - [2026-06-13T16:54:03.997+0000] {dag.py:4180} INFO - Setting next_dagrun for example_branch_operator to 2026-06-12 00:00:00+00:00, run_after=2026-06-13 00:00:00+00:00
[2026-06-13T16:54:04.044+0000] {processor.py:208} INFO - Processing /home/airflow/.local/lib/python3.12/site-packages/airflow/example_dags/example_branch_operator.py took 0.164 seconds
[2026-06-13T16:54:34.418+0000] {processor.py:186} INFO - Started process (PID=476) to work on /home/airflow/.local/lib/python3.12/site-packages/airflow/example_dags/example_branch_operator.py
[2026-06-13T16:54:34.420+0000] {processor.py:914} INFO - Processing file /home/airflow/.local/lib/python3.12/site-packages/airflow/example_dags/example_branch_operator.py for tasks to queue
[2026-06-13T16:54:34.424+0000] {logging_mixin.py:190} INFO - [2026-06-13T16:54:34.423+0000] {dagbag.py:588} INFO - Filling up the DagBag from /home/airflow/.local/lib/python3.12/site-packages/airflow/example_dags/example_branch_operator.py
[2026-06-13T16:54:34.465+0000] {processor.py:925} INFO - DAG(s) 'example_branch_operator' retrieved from /home/airflow/.local/lib/python3.12/site-packages/airflow/example_dags/example_branch_operator.py
[2026-06-13T16:54:34.535+0000] {logging_mixin.py:190} INFO - [2026-06-13T16:54:34.534+0000] {dag.py:3239} INFO - Sync 1 DAGs
[2026-06-13T16:54:34.602+0000] {logging_mixin.py:190} INFO - [2026-06-13T16:54:34.602+0000] {dag.py:4180} INFO - Setting next_dagrun for example_branch_operator to 2026-06-12 00:00:00+00:00, run_after=2026-06-13 00:00:00+00:00
[2026-06-13T16:54:34.648+0000] {processor.py:208} INFO - Processing /home/airflow/.local/lib/python3.12/site-packages/airflow/example_dags/example_branch_operator.py took 0.239 seconds
[2026-06-13T16:55:05.429+0000] {processor.py:186} INFO - Started process (PID=538) to work on /home/airflow/.local/lib/python3.12/site-packages/airflow/example_dags/example_branch_operator.py
[2026-06-13T16:55:05.430+0000] {processor.py:914} INFO - Processing file /home/airflow/.local/lib/python3.12/site-packages/airflow/example_dags/example_branch_operator.py for tasks to queue
[2026-06-13T16:55:05.434+0000] {logging_mixin.py:190} INFO - [2026-06-13T16:55:05.433+0000] {dagbag.py:588} INFO - Filling up the DagBag from /home/airflow/.local/lib/python3.12/site-packages/airflow/example_dags/example_branch_operator.py
[2026-06-13T16:55:05.459+0000] {processor.py:925} INFO - DAG(s) 'example_branch_operator' retrieved from /home/airflow/.local/lib/python3.12/site-packages/airflow/example_dags/example_branch_operator.py
[2026-06-13T16:55:05.491+0000] {logging_mixin.py:190} INFO - [2026-06-13T16:55:05.491+0000] {dag.py:3239} INFO - Sync 1 DAGs
[2026-06-13T16:55:05.515+0000] {logging_mixin.py:190} INFO - [2026-06-13T16:55:05.514+0000] {dag.py:4180} INFO - Setting next_dagrun for example_branch_operator to 2026-06-12 00:00:00+00:00, run_after=2026-06-13 00:00:00+00:00
[2026-06-13T16:55:05.538+0000] {processor.py:208} INFO - Processing /home/airflow/.local/lib/python3.12/site-packages/airflow/example_dags/example_branch_operator.py took 0.117 seconds
[2026-06-13T16:55:35.710+0000] {processor.py:186} INFO - Started process (PID=600) to work on /home/airflow/.local/lib/python3.12/site-packages/airflow/example_dags/example_branch_operator.py
[2026-06-13T16:55:35.711+0000] {processor.py:914} INFO - Processing file /home/airflow/.local/lib/python3.12/site-packages/airflow/example_dags/example_branch_operator.py for tasks to queue
[2026-06-13T16:55:35.715+0000] {logging_mixin.py:190} INFO - [2026-06-13T16:55:35.714+0000] {dagbag.py:588} INFO - Filling up the DagBag from /home/airflow/.local/lib/python3.12/site-packages/airflow/example_dags/example_branch_operator.py
[2026-06-13T16:55:35.734+0000] {processor.py:925} INFO - DAG(s) 'example_branch_operator' retrieved from /home/airflow/.local/lib/python3.12/site-packages/airflow/example_dags/example_branch_operator.py
[2026-06-13T16:55:35.769+0000] {logging_mixin.py:190} INFO - [2026-06-13T16:55:35.769+0000] {dag.py:3239} INFO - Sync 1 DAGs
[2026-06-13T16:55:35.798+0000] {logging_mixin.py:190} INFO - [2026-06-13T16:55:35.798+0000] {dag.py:4180} INFO - Setting next_dagrun for example_branch_operator to 2026-06-12 00:00:00+00:00, run_after=2026-06-13 00:00:00+00:00
[2026-06-13T16:55:35.825+0000] {processor.py:208} INFO - Processing /home/airflow/.local/lib/python3.12/site-packages/airflow/example_dags/example_branch_operator.py took 0.122 seconds
[2026-06-13T16:56:06.045+0000] {processor.py:186} INFO - Started process (PID=662) to work on /home/airflow/.local/lib/python3.12/site-packages/airflow/example_dags/example_branch_operator.py
[2026-06-13T16:56:06.046+0000] {processor.py:914} INFO - Processing file /home/airflow/.local/lib/python3.12/site-packages/airflow/example_dags/example_branch_operator.py for tasks to queue
[2026-06-13T16:56:06.049+0000] {logging_mixin.py:190} INFO - [2026-06-13T16:56:06.049+0000] {dagbag.py:588} INFO - Filling up the DagBag from /home/airflow/.local/lib/python3.12/site-packages/airflow/example_dags/example_branch_operator.py
[2026-06-13T16:56:06.074+0000] {processor.py:925} INFO - DAG(s) 'example_branch_operator' retrieved from /home/airflow/.local/lib/python3.12/site-packages/airflow/example_dags/example_branch_operator.py
[2026-06-13T16:56:06.111+0000] {logging_mixin.py:190} INFO - [2026-06-13T16:56:06.111+0000] {dag.py:3239} INFO - Sync 1 DAGs
[2026-06-13T16:56:06.141+0000] {logging_mixin.py:190} INFO - [2026-06-13T16:56:06.140+0000] {dag.py:4180} INFO - Setting next_dagrun for example_branch_operator to 2026-06-12 00:00:00+00:00, run_after=2026-06-13 00:00:00+00:00
[2026-06-13T16:56:06.166+0000] {processor.py:208} INFO - Processing /home/airflow/.local/lib/python3.12/site-packages/airflow/example_dags/example_branch_operator.py took 0.130 seconds
[2026-06-13T16:56:36.328+0000] {processor.py:186} INFO - Started process (PID=724) to work on /home/airflow/.local/lib/python3.12/site-packages/airflow/example_dags/example_branch_operator.py
[2026-06-13T16:56:36.330+0000] {processor.py:914} INFO - Processing file /home/airflow/.local/lib/python3.12/site-packages/airflow/example_dags/example_branch_operator.py for tasks to queue
[2026-06-13T16:56:36.333+0000] {logging_mixin.py:190} INFO - [2026-06-13T16:56:36.332+0000] {dagbag.py:588} INFO - Filling up the DagBag from /home/airflow/.local/lib/python3.12/site-packages/airflow/example_dags/example_branch_operator.py
[2026-06-13T16:56:36.356+0000] {processor.py:925} INFO - DAG(s) 'example_branch_operator' retrieved from /home/airflow/.local/lib/python3.12/site-packages/airflow/example_dags/example_branch_operator.py
[2026-06-13T16:56:36.390+0000] {logging_mixin.py:190} INFO - [2026-06-13T16:56:36.390+0000] {dag.py:3239} INFO - Sync 1 DAGs
[2026-06-13T16:56:36.416+0000] {logging_mixin.py:190} INFO - [2026-06-13T16:56:36.415+0000] {dag.py:4180} INFO - Setting next_dagrun for example_branch_operator to 2026-06-12 00:00:00+00:00, run_after=2026-06-13 00:00:00+00:00
[2026-06-13T16:56:36.440+0000] {processor.py:208} INFO - Processing /home/airflow/.local/lib/python3.12/site-packages/airflow/example_dags/example_branch_operator.py took 0.118 seconds
[2026-06-13T16:57:06.622+0000] {processor.py:186} INFO - Started process (PID=786) to work on /home/airflow/.local/lib/python3.12/site-packages/airflow/example_dags/example_branch_operator.py
[2026-06-13T16:57:06.624+0000] {processor.py:914} INFO - Processing file /home/airflow/.local/lib/python3.12/site-packages/airflow/example_dags/example_branch_operator.py for tasks to queue
[2026-06-13T16:57:06.627+0000] {logging_mixin.py:190} INFO - [2026-06-13T16:57:06.627+0000] {dagbag.py:588} INFO - Filling up the DagBag from /home/airflow/.local/lib/python3.12/site-packages/airflow/example_dags/example_branch_operator.py
[2026-06-13T16:57:06.649+0000] {processor.py:925} INFO - DAG(s) 'example_branch_operator' retrieved from /home/airflow/.local/lib/python3.12/site-packages/airflow/example_dags/example_branch_operator.py
[2026-06-13T16:57:06.688+0000] {logging_mixin.py:190} INFO - [2026-06-13T16:57:06.688+0000] {dag.py:3239} INFO - Sync 1 DAGs
[2026-06-13T16:57:06.724+0000] {logging_mixin.py:190} INFO - [2026-06-13T16:57:06.724+0000] {dag.py:4180} INFO - Setting next_dagrun for example_branch_operator to 2026-06-12 00:00:00+00:00, run_after=2026-06-13 00:00:00+00:00
[2026-06-13T16:57:06.753+0000] {processor.py:208} INFO - Processing /home/airflow/.local/lib/python3.12/site-packages/airflow/example_dags/example_branch_operator.py took 0.138 seconds
[2026-06-13T16:57:37.946+0000] {processor.py:186} INFO - Started process (PID=848) to work on /home/airflow/.local/lib/python3.12/site-packages/airflow/example_dags/example_branch_operator.py
[2026-06-13T16:57:37.948+0000] {processor.py:914} INFO - Processing file /home/airflow/.local/lib/python3.12/site-packages/airflow/example_dags/example_branch_operator.py for tasks to queue
[2026-06-13T16:57:37.953+0000] {logging_mixin.py:190} INFO - [2026-06-13T16:57:37.952+0000] {dagbag.py:588} INFO - Filling up the DagBag from /home/airflow/.local/lib/python3.12/site-packages/airflow/example_dags/example_branch_operator.py
[2026-06-13T16:57:37.981+0000] {processor.py:925} INFO - DAG(s) 'example_branch_operator' retrieved from /home/airflow/.local/lib/python3.12/site-packages/airflow/example_dags/example_branch_operator.py
[2026-06-13T16:57:38.033+0000] {logging_mixin.py:190} INFO - [2026-06-13T16:57:38.033+0000] {dag.py:3239} INFO - Sync 1 DAGs
[2026-06-13T16:57:38.065+0000] {logging_mixin.py:190} INFO - [2026-06-13T16:57:38.065+0000] {dag.py:4180} INFO - Setting next_dagrun for example_branch_operator to 2026-06-12 00:00:00+00:00, run_after=2026-06-13 00:00:00+00:00
[2026-06-13T16:57:38.102+0000] {processor.py:208} INFO - Processing /home/airflow/.local/lib/python3.12/site-packages/airflow/example_dags/example_branch_operator.py took 0.172 seconds
[2026-06-13T16:58:08.979+0000] {processor.py:186} INFO - Started process (PID=910) to work on /home/airflow/.local/lib/python3.12/site-packages/airflow/example_dags/example_branch_operator.py
[2026-06-13T16:58:08.981+0000] {processor.py:914} INFO - Processing file /home/airflow/.local/lib/python3.12/site-packages/airflow/example_dags/example_branch_operator.py for tasks to queue
[2026-06-13T16:58:08.984+0000] {logging_mixin.py:190} INFO - [2026-06-13T16:58:08.984+0000] {dagbag.py:588} INFO - Filling up the DagBag from /home/airflow/.local/lib/python3.12/site-packages/airflow/example_dags/example_branch_operator.py
[2026-06-13T16:58:09.009+0000] {processor.py:925} INFO - DAG(s) 'example_branch_operator' retrieved from /home/airflow/.local/lib/python3.12/site-packages/airflow/example_dags/example_branch_operator.py
[2026-06-13T16:58:09.049+0000] {logging_mixin.py:190} INFO - [2026-06-13T16:58:09.048+0000] {dag.py:3239} INFO - Sync 1 DAGs
[2026-06-13T16:58:09.091+0000] {logging_mixin.py:190} INFO - [2026-06-13T16:58:09.091+0000] {dag.py:4180} INFO - Setting next_dagrun for example_branch_operator to 2026-06-12 00:00:00+00:00, run_after=2026-06-13 00:00:00+00:00
[2026-06-13T16:58:09.123+0000] {processor.py:208} INFO - Processing /home/airflow/.local/lib/python3.12/site-packages/airflow/example_dags/example_branch_operator.py took 0.152 seconds
[2026-06-13T16:58:39.541+0000] {processor.py:186} INFO - Started process (PID=972) to work on /home/airflow/.local/lib/python3.12/site-packages/airflow/example_dags/example_branch_operator.py
[2026-06-13T16:58:39.543+0000] {processor.py:914} INFO - Processing file /home/airflow/.local/lib/python3.12/site-packages/airflow/example_dags/example_branch_operator.py for tasks to queue
[2026-06-13T16:58:39.547+0000] {logging_mixin.py:190} INFO - [2026-06-13T16:58:39.547+0000] {dagbag.py:588} INFO - Filling up the DagBag from /home/airflow/.local/lib/python3.12/site-packages/airflow/example_dags/example_branch_operator.py
[2026-06-13T16:58:39.572+0000] {processor.py:925} INFO - DAG(s) 'example_branch_operator' retrieved from /home/airflow/.local/lib/python3.12/site-packages/airflow/example_dags/example_branch_operator.py
[2026-06-13T16:58:39.612+0000] {logging_mixin.py:190} INFO - [2026-06-13T16:58:39.611+0000] {dag.py:3239} INFO - Sync 1 DAGs
[2026-06-13T16:58:39.643+0000] {logging_mixin.py:190} INFO - [2026-06-13T16:58:39.643+0000] {dag.py:4180} INFO - Setting next_dagrun for example_branch_operator to 2026-06-12 00:00:00+00:00, run_after=2026-06-13 00:00:00+00:00
[2026-06-13T16:58:39.675+0000] {processor.py:208} INFO - Processing /home/airflow/.local/lib/python3.12/site-packages/airflow/example_dags/example_branch_operator.py took 0.142 seconds
[2026-06-13T16:59:10.800+0000] {processor.py:186} INFO - Started process (PID=1034) to work on /home/airflow/.local/lib/python3.12/site-packages/airflow/example_dags/example_branch_operator.py
[2026-06-13T16:59:10.802+0000] {processor.py:914} INFO - Processing file /home/airflow/.local/lib/python3.12/site-packages/airflow/example_dags/example_branch_operator.py for tasks to queue
[2026-06-13T16:59:10.806+0000] {logging_mixin.py:190} INFO - [2026-06-13T16:59:10.805+0000] {dagbag.py:588} INFO - Filling up the DagBag from /home/airflow/.local/lib/python3.12/site-packages/airflow/example_dags/example_branch_operator.py
[2026-06-13T16:59:10.830+0000] {processor.py:925} INFO - DAG(s) 'example_branch_operator' retrieved from /home/airflow/.local/lib/python3.12/site-packages/airflow/example_dags/example_branch_operator.py
[2026-06-13T16:59:10.875+0000] {logging_mixin.py:190} INFO - [2026-06-13T16:59:10.875+0000] {dag.py:3239} INFO - Sync 1 DAGs
[2026-06-13T16:59:10.918+0000] {logging_mixin.py:190} INFO - [2026-06-13T16:59:10.917+0000] {dag.py:4180} INFO - Setting next_dagrun for example_branch_operator to 2026-06-12 00:00:00+00:00, run_after=2026-06-13 00:00:00+00:00
[2026-06-13T16:59:10.954+0000] {processor.py:208} INFO - Processing /home/airflow/.local/lib/python3.12/site-packages/airflow/example_dags/example_branch_operator.py took 0.161 seconds
[2026-06-13T16:59:41.310+0000] {processor.py:186} INFO - Started process (PID=1096) to work on /home/airflow/.local/lib/python3.12/site-packages/airflow/example_dags/example_branch_operator.py
[2026-06-13T16:59:41.312+0000] {processor.py:914} INFO - Processing file /home/airflow/.local/lib/python3.12/site-packages/airflow/example_dags/example_branch_operator.py for tasks to queue
[2026-06-13T16:59:41.316+0000] {logging_mixin.py:190} INFO - [2026-06-13T16:59:41.316+0000] {dagbag.py:588} INFO - Filling up the DagBag from /home/airflow/.local/lib/python3.12/site-packages/airflow/example_dags/example_branch_operator.py
[2026-06-13T16:59:41.338+0000] {processor.py:925} INFO - DAG(s) 'example_branch_operator' retrieved from /home/airflow/.local/lib/python3.12/site-packages/airflow/example_dags/example_branch_operator.py
[2026-06-13T16:59:41.374+0000] {logging_mixin.py:190} INFO - [2026-06-13T16:59:41.374+0000] {dag.py:3239} INFO - Sync 1 DAGs
[2026-06-13T16:59:41.409+0000] {logging_mixin.py:190} INFO - [2026-06-13T16:59:41.409+0000] {dag.py:4180} INFO - Setting next_dagrun for example_branch_operator to 2026-06-12 00:00:00+00:00, run_after=2026-06-13 00:00:00+00:00
[2026-06-13T16:59:41.437+0000] {processor.py:208} INFO - Processing /home/airflow/.local/lib/python3.12/site-packages/airflow/example_dags/example_branch_operator.py took 0.135 seconds
[2026-06-13T17:00:11.652+0000] {processor.py:186} INFO - Started process (PID=1158) to work on /home/airflow/.local/lib/python3.12/site-packages/airflow/example_dags/example_branch_operator.py
[2026-06-13T17:00:11.655+0000] {processor.py:914} INFO - Processing file /home/airflow/.local/lib/python3.12/site-packages/airflow/example_dags/example_branch_operator.py for tasks to queue
[2026-06-13T17:00:11.659+0000] {logging_mixin.py:190} INFO - [2026-06-13T17:00:11.659+0000] {dagbag.py:588} INFO - Filling up the DagBag from /home/airflow/.local/lib/python3.12/site-packages/airflow/example_dags/example_branch_operator.py
[2026-06-13T17:00:11.682+0000] {processor.py:925} INFO - DAG(s) 'example_branch_operator' retrieved from /home/airflow/.local/lib/python3.12/site-packages/airflow/example_dags/example_branch_operator.py
[2026-06-13T17:00:11.729+0000] {logging_mixin.py:190} INFO - [2026-06-13T17:00:11.728+0000] {dag.py:3239} INFO - Sync 1 DAGs
[2026-06-13T17:00:11.770+0000] {logging_mixin.py:190} INFO - [2026-06-13T17:00:11.770+0000] {dag.py:4180} INFO - Setting next_dagrun for example_branch_operator to 2026-06-12 00:00:00+00:00, run_after=2026-06-13 00:00:00+00:00
[2026-06-13T17:00:11.804+0000] {processor.py:208} INFO - Processing /home/airflow/.local/lib/python3.12/site-packages/airflow/example_dags/example_branch_operator.py took 0.162 seconds
[2026-06-13T17:00:42.118+0000] {processor.py:186} INFO - Started process (PID=1220) to work on /home/airflow/.local/lib/python3.12/site-packages/airflow/example_dags/example_branch_operator.py
[2026-06-13T17:00:42.120+0000] {processor.py:914} INFO - Processing file /home/airflow/.local/lib/python3.12/site-packages/airflow/example_dags/example_branch_operator.py for tasks to queue
[2026-06-13T17:00:42.125+0000] {logging_mixin.py:190} INFO - [2026-06-13T17:00:42.124+0000] {dagbag.py:588} INFO - Filling up the DagBag from /home/airflow/.local/lib/python3.12/site-packages/airflow/example_dags/example_branch_operator.py
[2026-06-13T17:00:42.157+0000] {processor.py:925} INFO - DAG(s) 'example_branch_operator' retrieved from /home/airflow/.local/lib/python3.12/site-packages/airflow/example_dags/example_branch_operator.py
[2026-06-13T17:00:42.199+0000] {logging_mixin.py:190} INFO - [2026-06-13T17:00:42.199+0000] {dag.py:3239} INFO - Sync 1 DAGs
[2026-06-13T17:00:42.235+0000] {logging_mixin.py:190} INFO - [2026-06-13T17:00:42.235+0000] {dag.py:4180} INFO - Setting next_dagrun for example_branch_operator to 2026-06-12 00:00:00+00:00, run_after=2026-06-13 00:00:00+00:00
[2026-06-13T17:00:42.264+0000] {processor.py:208} INFO - Processing /home/airflow/.local/lib/python3.12/site-packages/airflow/example_dags/example_branch_operator.py took 0.155 seconds
[2026-06-13T17:01:12.735+0000] {processor.py:186} INFO - Started process (PID=1282) to work on /home/airflow/.local/lib/python3.12/site-packages/airflow/example_dags/example_branch_operator.py
[2026-06-13T17:01:12.737+0000] {processor.py:914} INFO - Processing file /home/airflow/.local/lib/python3.12/site-packages/airflow/example_dags/example_branch_operator.py for tasks to queue
[2026-06-13T17:01:12.745+0000] {logging_mixin.py:190} INFO - [2026-06-13T17:01:12.744+0000] {dagbag.py:588} INFO - Filling up the DagBag from /home/airflow/.local/lib/python3.12/site-packages/airflow/example_dags/example_branch_operator.py
[2026-06-13T17:01:12.783+0000] {processor.py:925} INFO - DAG(s) 'example_branch_operator' retrieved from /home/airflow/.local/lib/python3.12/site-packages/airflow/example_dags/example_branch_operator.py
[2026-06-13T17:01:12.825+0000] {logging_mixin.py:190} INFO - [2026-06-13T17:01:12.824+0000] {dag.py:3239} INFO - Sync 1 DAGs
[2026-06-13T17:01:12.860+0000] {logging_mixin.py:190} INFO - [2026-06-13T17:01:12.860+0000] {dag.py:4180} INFO - Setting next_dagrun for example_branch_operator to 2026-06-12 00:00:00+00:00, run_after=2026-06-13 00:00:00+00:00
[2026-06-13T17:01:12.894+0000] {processor.py:208} INFO - Processing /home/airflow/.local/lib/python3.12/site-packages/airflow/example_dags/example_branch_operator.py took 0.168 seconds
[2026-06-13T17:01:43.740+0000] {processor.py:186} INFO - Started process (PID=1344) to work on /home/airflow/.local/lib/python3.12/site-packages/airflow/example_dags/example_branch_operator.py
[2026-06-13T17:01:43.742+0000] {processor.py:914} INFO - Processing file /home/airflow/.local/lib/python3.12/site-packages/airflow/example_dags/example_branch_operator.py for tasks to queue
[2026-06-13T17:01:43.745+0000] {logging_mixin.py:190} INFO - [2026-06-13T17:01:43.745+0000] {dagbag.py:588} INFO - Filling up the DagBag from /home/airflow/.local/lib/python3.12/site-packages/airflow/example_dags/example_branch_operator.py
[2026-06-13T17:01:43.767+0000] {processor.py:925} INFO - DAG(s) 'example_branch_operator' retrieved from /home/airflow/.local/lib/python3.12/site-packages/airflow/example_dags/example_branch_operator.py
[2026-06-13T17:01:43.811+0000] {logging_mixin.py:190} INFO - [2026-06-13T17:01:43.810+0000] {dag.py:3239} INFO - Sync 1 DAGs
[2026-06-13T17:01:43.844+0000] {logging_mixin.py:190} INFO - [2026-06-13T17:01:43.843+0000] {dag.py:4180} INFO - Setting next_dagrun for example_branch_operator to 2026-06-12 00:00:00+00:00, run_after=2026-06-13 00:00:00+00:00
[2026-06-13T17:01:43.871+0000] {processor.py:208} INFO - Processing /home/airflow/.local/lib/python3.12/site-packages/airflow/example_dags/example_branch_operator.py took 0.138 seconds
[2026-06-13T17:02:14.185+0000] {processor.py:186} INFO - Started process (PID=1406) to work on /home/airflow/.local/lib/python3.12/site-packages/airflow/example_dags/example_branch_operator.py
[2026-06-13T17:02:14.187+0000] {processor.py:914} INFO - Processing file /home/airflow/.local/lib/python3.12/site-packages/airflow/example_dags/example_branch_operator.py for tasks to queue
[2026-06-13T17:02:14.191+0000] {logging_mixin.py:190} INFO - [2026-06-13T17:02:14.190+0000] {dagbag.py:588} INFO - Filling up the DagBag from /home/airflow/.local/lib/python3.12/site-packages/airflow/example_dags/example_branch_operator.py
[2026-06-13T17:02:14.220+0000] {processor.py:925} INFO - DAG(s) 'example_branch_operator' retrieved from /home/airflow/.local/lib/python3.12/site-packages/airflow/example_dags/example_branch_operator.py
[2026-06-13T17:02:14.256+0000] {logging_mixin.py:190} INFO - [2026-06-13T17:02:14.256+0000] {dag.py:3239} INFO - Sync 1 DAGs
[2026-06-13T17:02:14.295+0000] {logging_mixin.py:190} INFO - [2026-06-13T17:02:14.295+0000] {dag.py:4180} INFO - Setting next_dagrun for example_branch_operator to 2026-06-12 00:00:00+00:00, run_after=2026-06-13 00:00:00+00:00
[2026-06-13T17:02:14.334+0000] {processor.py:208} INFO - Processing /home/airflow/.local/lib/python3.12/site-packages/airflow/example_dags/example_branch_operator.py took 0.161 seconds
[2026-06-13T17:02:44.790+0000] {processor.py:186} INFO - Started process (PID=1468) to work on /home/airflow/.local/lib/python3.12/site-packages/airflow/example_dags/example_branch_operator.py
[2026-06-13T17:02:44.792+0000] {processor.py:914} INFO - Processing file /home/airflow/.local/lib/python3.12/site-packages/airflow/example_dags/example_branch_operator.py for tasks to queue
[2026-06-13T17:02:44.795+0000] {logging_mixin.py:190} INFO - [2026-06-13T17:02:44.795+0000] {dagbag.py:588} INFO - Filling up the DagBag from /home/airflow/.local/lib/python3.12/site-packages/airflow/example_dags/example_branch_operator.py
[2026-06-13T17:02:44.814+0000] {processor.py:925} INFO - DAG(s) 'example_branch_operator' retrieved from /home/airflow/.local/lib/python3.12/site-packages/airflow/example_dags/example_branch_operator.py
[2026-06-13T17:02:44.868+0000] {logging_mixin.py:190} INFO - [2026-06-13T17:02:44.868+0000] {dag.py:3239} INFO - Sync 1 DAGs
[2026-06-13T17:02:44.910+0000] {logging_mixin.py:190} INFO - [2026-06-13T17:02:44.910+0000] {dag.py:4180} INFO - Setting next_dagrun for example_branch_operator to 2026-06-12 00:00:00+00:00, run_after=2026-06-13 00:00:00+00:00
[2026-06-13T17:02:44.947+0000] {processor.py:208} INFO - Processing /home/airflow/.local/lib/python3.12/site-packages/airflow/example_dags/example_branch_operator.py took 0.163 seconds
[2026-06-13T17:03:15.271+0000] {processor.py:186} INFO - Started process (PID=1530) to work on /home/airflow/.local/lib/python3.12/site-packages/airflow/example_dags/example_branch_operator.py
[2026-06-13T17:03:15.273+0000] {processor.py:914} INFO - Processing file /home/airflow/.local/lib/python3.12/site-packages/airflow/example_dags/example_branch_operator.py for tasks to queue
[2026-06-13T17:03:15.277+0000] {logging_mixin.py:190} INFO - [2026-06-13T17:03:15.277+0000] {dagbag.py:588} INFO - Filling up the DagBag from /home/airflow/.local/lib/python3.12/site-packages/airflow/example_dags/example_branch_operator.py
[2026-06-13T17:03:15.301+0000] {processor.py:925} INFO - DAG(s) 'example_branch_operator' retrieved from /home/airflow/.local/lib/python3.12/site-packages/airflow/example_dags/example_branch_operator.py
[2026-06-13T17:03:15.341+0000] {logging_mixin.py:190} INFO - [2026-06-13T17:03:15.341+0000] {dag.py:3239} INFO - Sync 1 DAGs
[2026-06-13T17:03:15.375+0000] {logging_mixin.py:190} INFO - [2026-06-13T17:03:15.375+0000] {dag.py:4180} INFO - Setting next_dagrun for example_branch_operator to 2026-06-12 00:00:00+00:00, run_after=2026-06-13 00:00:00+00:00
[2026-06-13T17:03:15.404+0000] {processor.py:208} INFO - Processing /home/airflow/.local/lib/python3.12/site-packages/airflow/example_dags/example_branch_operator.py took 0.141 seconds
[2026-06-13T17:03:45.648+0000] {processor.py:186} INFO - Started process (PID=1592) to work on /home/airflow/.local/lib/python3.12/site-packages/airflow/example_dags/example_branch_operator.py
[2026-06-13T17:03:45.649+0000] {processor.py:914} INFO - Processing file /home/airflow/.local/lib/python3.12/site-packages/airflow/example_dags/example_branch_operator.py for tasks to queue
[2026-06-13T17:03:45.653+0000] {logging_mixin.py:190} INFO - [2026-06-13T17:03:45.653+0000] {dagbag.py:588} INFO - Filling up the DagBag from /home/airflow/.local/lib/python3.12/site-packages/airflow/example_dags/example_branch_operator.py
[2026-06-13T17:03:45.677+0000] {processor.py:925} INFO - DAG(s) 'example_branch_operator' retrieved from /home/airflow/.local/lib/python3.12/site-packages/airflow/example_dags/example_branch_operator.py
[2026-06-13T17:03:45.716+0000] {logging_mixin.py:190} INFO - [2026-06-13T17:03:45.715+0000] {dag.py:3239} INFO - Sync 1 DAGs
[2026-06-13T17:03:45.755+0000] {logging_mixin.py:190} INFO - [2026-06-13T17:03:45.754+0000] {dag.py:4180} INFO - Setting next_dagrun for example_branch_operator to 2026-06-12 00:00:00+00:00, run_after=2026-06-13 00:00:00+00:00
[2026-06-13T17:03:45.783+0000] {processor.py:208} INFO - Processing /home/airflow/.local/lib/python3.12/site-packages/airflow/example_dags/example_branch_operator.py took 0.144 seconds
[2026-06-13T17:04:16.539+0000] {processor.py:186} INFO - Started process (PID=1654) to work on /home/airflow/.local/lib/python3.12/site-packages/airflow/example_dags/example_branch_operator.py
[2026-06-13T17:04:16.541+0000] {processor.py:914} INFO - Processing file /home/airflow/.local/lib/python3.12/site-packages/airflow/example_dags/example_branch_operator.py for tasks to queue
[2026-06-13T17:04:16.546+0000] {logging_mixin.py:190} INFO - [2026-06-13T17:04:16.545+0000] {dagbag.py:588} INFO - Filling up the DagBag from /home/airflow/.local/lib/python3.12/site-packages/airflow/example_dags/example_branch_operator.py
[2026-06-13T17:04:16.575+0000] {processor.py:925} INFO - DAG(s) 'example_branch_operator' retrieved from /home/airflow/.local/lib/python3.12/site-packages/airflow/example_dags/example_branch_operator.py
[2026-06-13T17:04:16.623+0000] {logging_mixin.py:190} INFO - [2026-06-13T17:04:16.622+0000] {dag.py:3239} INFO - Sync 1 DAGs
[2026-06-13T17:04:16.664+0000] {logging_mixin.py:190} INFO - [2026-06-13T17:04:16.663+0000] {dag.py:4180} INFO - Setting next_dagrun for example_branch_operator to 2026-06-12 00:00:00+00:00, run_after=2026-06-13 00:00:00+00:00
[2026-06-13T17:04:16.694+0000] {processor.py:208} INFO - Processing /home/airflow/.local/lib/python3.12/site-packages/airflow/example_dags/example_branch_operator.py took 0.162 seconds
[2026-06-13T17:04:46.979+0000] {processor.py:186} INFO - Started process (PID=1716) to work on /home/airflow/.local/lib/python3.12/site-packages/airflow/example_dags/example_branch_operator.py
[2026-06-13T17:04:46.981+0000] {processor.py:914} INFO - Processing file /home/airflow/.local/lib/python3.12/site-packages/airflow/example_dags/example_branch_operator.py for tasks to queue
[2026-06-13T17:04:46.985+0000] {logging_mixin.py:190} INFO - [2026-06-13T17:04:46.984+0000] {dagbag.py:588} INFO - Filling up the DagBag from /home/airflow/.local/lib/python3.12/site-packages/airflow/example_dags/example_branch_operator.py
[2026-06-13T17:04:47.017+0000] {processor.py:925} INFO - DAG(s) 'example_branch_operator' retrieved from /home/airflow/.local/lib/python3.12/site-packages/airflow/example_dags/example_branch_operator.py
[2026-06-13T17:04:47.061+0000] {logging_mixin.py:190} INFO - [2026-06-13T17:04:47.061+0000] {dag.py:3239} INFO - Sync 1 DAGs
[2026-06-13T17:04:47.113+0000] {logging_mixin.py:190} INFO - [2026-06-13T17:04:47.113+0000] {dag.py:4180} INFO - Setting next_dagrun for example_branch_operator to 2026-06-12 00:00:00+00:00, run_after=2026-06-13 00:00:00+00:00
[2026-06-13T17:04:47.144+0000] {processor.py:208} INFO - Processing /home/airflow/.local/lib/python3.12/site-packages/airflow/example_dags/example_branch_operator.py took 0.177 seconds
[2026-06-13T17:05:17.214+0000] {processor.py:186} INFO - Started process (PID=1777) to work on /home/airflow/.local/lib/python3.12/site-packages/airflow/example_dags/example_branch_operator.py
[2026-06-13T17:05:17.216+0000] {processor.py:914} INFO - Processing file /home/airflow/.local/lib/python3.12/site-packages/airflow/example_dags/example_branch_operator.py for tasks to queue
[2026-06-13T17:05:17.220+0000] {logging_mixin.py:190} INFO - [2026-06-13T17:05:17.220+0000] {dagbag.py:588} INFO - Filling up the DagBag from /home/airflow/.local/lib/python3.12/site-packages/airflow/example_dags/example_branch_operator.py
[2026-06-13T17:05:17.253+0000] {processor.py:925} INFO - DAG(s) 'example_branch_operator' retrieved from /home/airflow/.local/lib/python3.12/site-packages/airflow/example_dags/example_branch_operator.py
[2026-06-13T17:05:17.292+0000] {logging_mixin.py:190} INFO - [2026-06-13T17:05:17.291+0000] {dag.py:3239} INFO - Sync 1 DAGs
[2026-06-13T17:05:17.323+0000] {logging_mixin.py:190} INFO - [2026-06-13T17:05:17.323+0000] {dag.py:4180} INFO - Setting next_dagrun for example_branch_operator to 2026-06-12 00:00:00+00:00, run_after=2026-06-13 00:00:00+00:00
[2026-06-13T17:05:17.357+0000] {processor.py:208} INFO - Processing /home/airflow/.local/lib/python3.12/site-packages/airflow/example_dags/example_branch_operator.py took 0.158 seconds
[2026-06-13T17:05:47.478+0000] {processor.py:186} INFO - Started process (PID=1839) to work on /home/airflow/.local/lib/python3.12/site-packages/airflow/example_dags/example_branch_operator.py
[2026-06-13T17:05:47.480+0000] {processor.py:914} INFO - Processing file /home/airflow/.local/lib/python3.12/site-packages/airflow/example_dags/example_branch_operator.py for tasks to queue
[2026-06-13T17:05:47.483+0000] {logging_mixin.py:190} INFO - [2026-06-13T17:05:47.482+0000] {dagbag.py:588} INFO - Filling up the DagBag from /home/airflow/.local/lib/python3.12/site-packages/airflow/example_dags/example_branch_operator.py
[2026-06-13T17:05:47.506+0000] {processor.py:925} INFO - DAG(s) 'example_branch_operator' retrieved from /home/airflow/.local/lib/python3.12/site-packages/airflow/example_dags/example_branch_operator.py
[2026-06-13T17:05:47.546+0000] {logging_mixin.py:190} INFO - [2026-06-13T17:05:47.546+0000] {dag.py:3239} INFO - Sync 1 DAGs
[2026-06-13T17:05:47.575+0000] {logging_mixin.py:190} INFO - [2026-06-13T17:05:47.574+0000] {dag.py:4180} INFO - Setting next_dagrun for example_branch_operator to 2026-06-12 00:00:00+00:00, run_after=2026-06-13 00:00:00+00:00
[2026-06-13T17:05:47.613+0000] {processor.py:208} INFO - Processing /home/airflow/.local/lib/python3.12/site-packages/airflow/example_dags/example_branch_operator.py took 0.145 seconds
[2026-06-13T17:06:17.678+0000] {processor.py:186} INFO - Started process (PID=1901) to work on /home/airflow/.local/lib/python3.12/site-packages/airflow/example_dags/example_branch_operator.py
[2026-06-13T17:06:17.680+0000] {processor.py:914} INFO - Processing file /home/airflow/.local/lib/python3.12/site-packages/airflow/example_dags/example_branch_operator.py for tasks to queue
[2026-06-13T17:06:17.683+0000] {logging_mixin.py:190} INFO - [2026-06-13T17:06:17.682+0000] {dagbag.py:588} INFO - Filling up the DagBag from /home/airflow/.local/lib/python3.12/site-packages/airflow/example_dags/example_branch_operator.py
[2026-06-13T17:06:17.707+0000] {processor.py:925} INFO - DAG(s) 'example_branch_operator' retrieved from /home/airflow/.local/lib/python3.12/site-packages/airflow/example_dags/example_branch_operator.py
[2026-06-13T17:06:17.745+0000] {logging_mixin.py:190} INFO - [2026-06-13T17:06:17.744+0000] {dag.py:3239} INFO - Sync 1 DAGs
[2026-06-13T17:06:17.777+0000] {logging_mixin.py:190} INFO - [2026-06-13T17:06:17.777+0000] {dag.py:4180} INFO - Setting next_dagrun for example_branch_operator to 2026-06-12 00:00:00+00:00, run_after=2026-06-13 00:00:00+00:00
[2026-06-13T17:06:17.821+0000] {processor.py:208} INFO - Processing /home/airflow/.local/lib/python3.12/site-packages/airflow/example_dags/example_branch_operator.py took 0.151 seconds
[2026-06-13T17:06:48.126+0000] {processor.py:186} INFO - Started process (PID=1964) to work on /home/airflow/.local/lib/python3.12/site-packages/airflow/example_dags/example_branch_operator.py
[2026-06-13T17:06:48.127+0000] {processor.py:914} INFO - Processing file /home/airflow/.local/lib/python3.12/site-packages/airflow/example_dags/example_branch_operator.py for tasks to queue
[2026-06-13T17:06:48.131+0000] {logging_mixin.py:190} INFO - [2026-06-13T17:06:48.130+0000] {dagbag.py:588} INFO - Filling up the DagBag from /home/airflow/.local/lib/python3.12/site-packages/airflow/example_dags/example_branch_operator.py
[2026-06-13T17:06:48.161+0000] {processor.py:925} INFO - DAG(s) 'example_branch_operator' retrieved from /home/airflow/.local/lib/python3.12/site-packages/airflow/example_dags/example_branch_operator.py
[2026-06-13T17:06:48.202+0000] {logging_mixin.py:190} INFO - [2026-06-13T17:06:48.202+0000] {dag.py:3239} INFO - Sync 1 DAGs
[2026-06-13T17:06:48.237+0000] {logging_mixin.py:190} INFO - [2026-06-13T17:06:48.236+0000] {dag.py:4180} INFO - Setting next_dagrun for example_branch_operator to 2026-06-12 00:00:00+00:00, run_after=2026-06-13 00:00:00+00:00
[2026-06-13T17:06:48.277+0000] {processor.py:208} INFO - Processing /home/airflow/.local/lib/python3.12/site-packages/airflow/example_dags/example_branch_operator.py took 0.160 seconds
[2026-06-13T17:07:18.331+0000] {processor.py:186} INFO - Started process (PID=2026) to work on /home/airflow/.local/lib/python3.12/site-packages/airflow/example_dags/example_branch_operator.py
[2026-06-13T17:07:18.334+0000] {processor.py:914} INFO - Processing file /home/airflow/.local/lib/python3.12/site-packages/airflow/example_dags/example_branch_operator.py for tasks to queue
[2026-06-13T17:07:18.338+0000] {logging_mixin.py:190} INFO - [2026-06-13T17:07:18.337+0000] {dagbag.py:588} INFO - Filling up the DagBag from /home/airflow/.local/lib/python3.12/site-packages/airflow/example_dags/example_branch_operator.py
[2026-06-13T17:07:18.354+0000] {processor.py:925} INFO - DAG(s) 'example_branch_operator' retrieved from /home/airflow/.local/lib/python3.12/site-packages/airflow/example_dags/example_branch_operator.py
[2026-06-13T17:07:18.383+0000] {logging_mixin.py:190} INFO - [2026-06-13T17:07:18.382+0000] {dag.py:3239} INFO - Sync 1 DAGs
[2026-06-13T17:07:18.412+0000] {logging_mixin.py:190} INFO - [2026-06-13T17:07:18.412+0000] {dag.py:4180} INFO - Setting next_dagrun for example_branch_operator to 2026-06-12 00:00:00+00:00, run_after=2026-06-13 00:00:00+00:00
[2026-06-13T17:07:18.441+0000] {processor.py:208} INFO - Processing /home/airflow/.local/lib/python3.12/site-packages/airflow/example_dags/example_branch_operator.py took 0.115 seconds
[2026-06-13T17:07:48.795+0000] {processor.py:186} INFO - Started process (PID=2088) to work on /home/airflow/.local/lib/python3.12/site-packages/airflow/example_dags/example_branch_operator.py
[2026-06-13T17:07:48.796+0000] {processor.py:914} INFO - Processing file /home/airflow/.local/lib/python3.12/site-packages/airflow/example_dags/example_branch_operator.py for tasks to queue
[2026-06-13T17:07:48.800+0000] {logging_mixin.py:190} INFO - [2026-06-13T17:07:48.800+0000] {dagbag.py:588} INFO - Filling up the DagBag from /home/airflow/.local/lib/python3.12/site-packages/airflow/example_dags/example_branch_operator.py
[2026-06-13T17:07:48.820+0000] {processor.py:925} INFO - DAG(s) 'example_branch_operator' retrieved from /home/airflow/.local/lib/python3.12/site-packages/airflow/example_dags/example_branch_operator.py
[2026-06-13T17:07:48.859+0000] {logging_mixin.py:190} INFO - [2026-06-13T17:07:48.858+0000] {dag.py:3239} INFO - Sync 1 DAGs
[2026-06-13T17:07:48.884+0000] {logging_mixin.py:190} INFO - [2026-06-13T17:07:48.884+0000] {dag.py:4180} INFO - Setting next_dagrun for example_branch_operator to 2026-06-12 00:00:00+00:00, run_after=2026-06-13 00:00:00+00:00
[2026-06-13T17:07:48.909+0000] {processor.py:208} INFO - Processing /home/airflow/.local/lib/python3.12/site-packages/airflow/example_dags/example_branch_operator.py took 0.121 seconds
[2026-06-13T17:08:18.967+0000] {processor.py:186} INFO - Started process (PID=2150) to work on /home/airflow/.local/lib/python3.12/site-packages/airflow/example_dags/example_branch_operator.py
[2026-06-13T17:08:18.968+0000] {processor.py:914} INFO - Processing file /home/airflow/.local/lib/python3.12/site-packages/airflow/example_dags/example_branch_operator.py for tasks to queue
[2026-06-13T17:08:18.971+0000] {logging_mixin.py:190} INFO - [2026-06-13T17:08:18.971+0000] {dagbag.py:588} INFO - Filling up the DagBag from /home/airflow/.local/lib/python3.12/site-packages/airflow/example_dags/example_branch_operator.py
[2026-06-13T17:08:18.986+0000] {processor.py:925} INFO - DAG(s) 'example_branch_operator' retrieved from /home/airflow/.local/lib/python3.12/site-packages/airflow/example_dags/example_branch_operator.py
[2026-06-13T17:08:19.014+0000] {logging_mixin.py:190} INFO - [2026-06-13T17:08:19.013+0000] {dag.py:3239} INFO - Sync 1 DAGs
[2026-06-13T17:08:19.034+0000] {logging_mixin.py:190} INFO - [2026-06-13T17:08:19.034+0000] {dag.py:4180} INFO - Setting next_dagrun for example_branch_operator to 2026-06-12 00:00:00+00:00, run_after=2026-06-13 00:00:00+00:00
[2026-06-13T17:08:19.049+0000] {processor.py:208} INFO - Processing /home/airflow/.local/lib/python3.12/site-packages/airflow/example_dags/example_branch_operator.py took 0.089 seconds
[2026-06-13T17:08:49.195+0000] {processor.py:186} INFO - Started process (PID=2212) to work on /home/airflow/.local/lib/python3.12/site-packages/airflow/example_dags/example_branch_operator.py
[2026-06-13T17:08:49.197+0000] {processor.py:914} INFO - Processing file /home/airflow/.local/lib/python3.12/site-packages/airflow/example_dags/example_branch_operator.py for tasks to queue
[2026-06-13T17:08:49.199+0000] {logging_mixin.py:190} INFO - [2026-06-13T17:08:49.199+0000] {dagbag.py:588} INFO - Filling up the DagBag from /home/airflow/.local/lib/python3.12/site-packages/airflow/example_dags/example_branch_operator.py
[2026-06-13T17:08:49.212+0000] {processor.py:925} INFO - DAG(s) 'example_branch_operator' retrieved from /home/airflow/.local/lib/python3.12/site-packages/airflow/example_dags/example_branch_operator.py
[2026-06-13T17:08:49.233+0000] {logging_mixin.py:190} INFO - [2026-06-13T17:08:49.232+0000] {dag.py:3239} INFO - Sync 1 DAGs
[2026-06-13T17:08:49.251+0000] {logging_mixin.py:190} INFO - [2026-06-13T17:08:49.251+0000] {dag.py:4180} INFO - Setting next_dagrun for example_branch_operator to 2026-06-12 00:00:00+00:00, run_after=2026-06-13 00:00:00+00:00
[2026-06-13T17:08:49.269+0000] {processor.py:208} INFO - Processing /home/airflow/.local/lib/python3.12/site-packages/airflow/example_dags/example_branch_operator.py took 0.079 seconds
[2026-06-13T17:09:19.660+0000] {processor.py:186} INFO - Started process (PID=2274) to work on /home/airflow/.local/lib/python3.12/site-packages/airflow/example_dags/example_branch_operator.py
[2026-06-13T17:09:19.662+0000] {processor.py:914} INFO - Processing file /home/airflow/.local/lib/python3.12/site-packages/airflow/example_dags/example_branch_operator.py for tasks to queue
[2026-06-13T17:09:19.664+0000] {logging_mixin.py:190} INFO - [2026-06-13T17:09:19.664+0000] {dagbag.py:588} INFO - Filling up the DagBag from /home/airflow/.local/lib/python3.12/site-packages/airflow/example_dags/example_branch_operator.py
[2026-06-13T17:09:19.678+0000] {processor.py:925} INFO - DAG(s) 'example_branch_operator' retrieved from /home/airflow/.local/lib/python3.12/site-packages/airflow/example_dags/example_branch_operator.py
[2026-06-13T17:09:19.700+0000] {logging_mixin.py:190} INFO - [2026-06-13T17:09:19.699+0000] {dag.py:3239} INFO - Sync 1 DAGs
[2026-06-13T17:09:19.717+0000] {logging_mixin.py:190} INFO - [2026-06-13T17:09:19.717+0000] {dag.py:4180} INFO - Setting next_dagrun for example_branch_operator to 2026-06-12 00:00:00+00:00, run_after=2026-06-13 00:00:00+00:00
[2026-06-13T17:09:19.734+0000] {processor.py:208} INFO - Processing /home/airflow/.local/lib/python3.12/site-packages/airflow/example_dags/example_branch_operator.py took 0.080 seconds
[2026-06-13T17:09:50.457+0000] {processor.py:186} INFO - Started process (PID=2336) to work on /home/airflow/.local/lib/python3.12/site-packages/airflow/example_dags/example_branch_operator.py
[2026-06-13T17:09:50.458+0000] {processor.py:914} INFO - Processing file /home/airflow/.local/lib/python3.12/site-packages/airflow/example_dags/example_branch_operator.py for tasks to queue
[2026-06-13T17:09:50.461+0000] {logging_mixin.py:190} INFO - [2026-06-13T17:09:50.460+0000] {dagbag.py:588} INFO - Filling up the DagBag from /home/airflow/.local/lib/python3.12/site-packages/airflow/example_dags/example_branch_operator.py
[2026-06-13T17:09:50.477+0000] {processor.py:925} INFO - DAG(s) 'example_branch_operator' retrieved from /home/airflow/.local/lib/python3.12/site-packages/airflow/example_dags/example_branch_operator.py
[2026-06-13T17:09:50.509+0000] {logging_mixin.py:190} INFO - [2026-06-13T17:09:50.509+0000] {dag.py:3239} INFO - Sync 1 DAGs
[2026-06-13T17:09:50.532+0000] {logging_mixin.py:190} INFO - [2026-06-13T17:09:50.531+0000] {dag.py:4180} INFO - Setting next_dagrun for example_branch_operator to 2026-06-12 00:00:00+00:00, run_after=2026-06-13 00:00:00+00:00
[2026-06-13T17:09:50.559+0000] {processor.py:208} INFO - Processing /home/airflow/.local/lib/python3.12/site-packages/airflow/example_dags/example_branch_operator.py took 0.107 seconds
[2026-06-13T17:10:20.802+0000] {processor.py:186} INFO - Started process (PID=2398) to work on /home/airflow/.local/lib/python3.12/site-packages/airflow/example_dags/example_branch_operator.py
[2026-06-13T17:10:20.803+0000] {processor.py:914} INFO - Processing file /home/airflow/.local/lib/python3.12/site-packages/airflow/example_dags/example_branch_operator.py for tasks to queue
[2026-06-13T17:10:20.805+0000] {logging_mixin.py:190} INFO - [2026-06-13T17:10:20.805+0000] {dagbag.py:588} INFO - Filling up the DagBag from /home/airflow/.local/lib/python3.12/site-packages/airflow/example_dags/example_branch_operator.py
[2026-06-13T17:10:20.819+0000] {processor.py:925} INFO - DAG(s) 'example_branch_operator' retrieved from /home/airflow/.local/lib/python3.12/site-packages/airflow/example_dags/example_branch_operator.py
[2026-06-13T17:10:20.847+0000] {logging_mixin.py:190} INFO - [2026-06-13T17:10:20.847+0000] {dag.py:3239} INFO - Sync 1 DAGs
[2026-06-13T17:10:21.032+0000] {logging_mixin.py:190} INFO - [2026-06-13T17:10:21.031+0000] {dag.py:4180} INFO - Setting next_dagrun for example_branch_operator to 2026-06-12 00:00:00+00:00, run_after=2026-06-13 00:00:00+00:00
[2026-06-13T17:10:21.056+0000] {processor.py:208} INFO - Processing /home/airflow/.local/lib/python3.12/site-packages/airflow/example_dags/example_branch_operator.py took 0.261 seconds
[2026-06-13T17:10:51.698+0000] {processor.py:186} INFO - Started process (PID=2460) to work on /home/airflow/.local/lib/python3.12/site-packages/airflow/example_dags/example_branch_operator.py
[2026-06-13T17:10:51.700+0000] {processor.py:914} INFO - Processing file /home/airflow/.local/lib/python3.12/site-packages/airflow/example_dags/example_branch_operator.py for tasks to queue
[2026-06-13T17:10:51.703+0000] {logging_mixin.py:190} INFO - [2026-06-13T17:10:51.703+0000] {dagbag.py:588} INFO - Filling up the DagBag from /home/airflow/.local/lib/python3.12/site-packages/airflow/example_dags/example_branch_operator.py
[2026-06-13T17:10:51.723+0000] {processor.py:925} INFO - DAG(s) 'example_branch_operator' retrieved from /home/airflow/.local/lib/python3.12/site-packages/airflow/example_dags/example_branch_operator.py
[2026-06-13T17:10:51.756+0000] {logging_mixin.py:190} INFO - [2026-06-13T17:10:51.755+0000] {dag.py:3239} INFO - Sync 1 DAGs
[2026-06-13T17:10:51.933+0000] {logging_mixin.py:190} INFO - [2026-06-13T17:10:51.933+0000] {dag.py:4180} INFO - Setting next_dagrun for example_branch_operator to 2026-06-12 00:00:00+00:00, run_after=2026-06-13 00:00:00+00:00
[2026-06-13T17:10:51.951+0000] {processor.py:208} INFO - Processing /home/airflow/.local/lib/python3.12/site-packages/airflow/example_dags/example_branch_operator.py took 0.259 seconds
[2026-06-13T17:11:22.096+0000] {processor.py:186} INFO - Started process (PID=2522) to work on /home/airflow/.local/lib/python3.12/site-packages/airflow/example_dags/example_branch_operator.py
[2026-06-13T17:11:22.098+0000] {processor.py:914} INFO - Processing file /home/airflow/.local/lib/python3.12/site-packages/airflow/example_dags/example_branch_operator.py for tasks to queue
[2026-06-13T17:11:22.101+0000] {logging_mixin.py:190} INFO - [2026-06-13T17:11:22.100+0000] {dagbag.py:588} INFO - Filling up the DagBag from /home/airflow/.local/lib/python3.12/site-packages/airflow/example_dags/example_branch_operator.py
[2026-06-13T17:11:22.119+0000] {processor.py:925} INFO - DAG(s) 'example_branch_operator' retrieved from /home/airflow/.local/lib/python3.12/site-packages/airflow/example_dags/example_branch_operator.py
[2026-06-13T17:11:22.151+0000] {logging_mixin.py:190} INFO - [2026-06-13T17:11:22.151+0000] {dag.py:3239} INFO - Sync 1 DAGs
[2026-06-13T17:11:22.381+0000] {logging_mixin.py:190} INFO - [2026-06-13T17:11:22.381+0000] {dag.py:4180} INFO - Setting next_dagrun for example_branch_operator to 2026-06-12 00:00:00+00:00, run_after=2026-06-13 00:00:00+00:00
[2026-06-13T17:11:22.408+0000] {processor.py:208} INFO - Processing /home/airflow/.local/lib/python3.12/site-packages/airflow/example_dags/example_branch_operator.py took 0.318 seconds
[2026-06-13T17:11:52.525+0000] {processor.py:186} INFO - Started process (PID=2584) to work on /home/airflow/.local/lib/python3.12/site-packages/airflow/example_dags/example_branch_operator.py
[2026-06-13T17:11:52.527+0000] {processor.py:914} INFO - Processing file /home/airflow/.local/lib/python3.12/site-packages/airflow/example_dags/example_branch_operator.py for tasks to queue
[2026-06-13T17:11:52.530+0000] {logging_mixin.py:190} INFO - [2026-06-13T17:11:52.530+0000] {dagbag.py:588} INFO - Filling up the DagBag from /home/airflow/.local/lib/python3.12/site-packages/airflow/example_dags/example_branch_operator.py
[2026-06-13T17:11:52.549+0000] {processor.py:925} INFO - DAG(s) 'example_branch_operator' retrieved from /home/airflow/.local/lib/python3.12/site-packages/airflow/example_dags/example_branch_operator.py
[2026-06-13T17:11:52.588+0000] {logging_mixin.py:190} INFO - [2026-06-13T17:11:52.588+0000] {dag.py:3239} INFO - Sync 1 DAGs
[2026-06-13T17:11:52.625+0000] {logging_mixin.py:190} INFO - [2026-06-13T17:11:52.625+0000] {dag.py:4180} INFO - Setting next_dagrun for example_branch_operator to 2026-06-12 00:00:00+00:00, run_after=2026-06-13 00:00:00+00:00
[2026-06-13T17:11:52.866+0000] {processor.py:208} INFO - Processing /home/airflow/.local/lib/python3.12/site-packages/airflow/example_dags/example_branch_operator.py took 0.349 seconds
[2026-06-13T17:12:23.542+0000] {processor.py:186} INFO - Started process (PID=2646) to work on /home/airflow/.local/lib/python3.12/site-packages/airflow/example_dags/example_branch_operator.py
[2026-06-13T17:12:23.543+0000] {processor.py:914} INFO - Processing file /home/airflow/.local/lib/python3.12/site-packages/airflow/example_dags/example_branch_operator.py for tasks to queue
[2026-06-13T17:12:23.546+0000] {logging_mixin.py:190} INFO - [2026-06-13T17:12:23.545+0000] {dagbag.py:588} INFO - Filling up the DagBag from /home/airflow/.local/lib/python3.12/site-packages/airflow/example_dags/example_branch_operator.py
[2026-06-13T17:12:23.558+0000] {processor.py:925} INFO - DAG(s) 'example_branch_operator' retrieved from /home/airflow/.local/lib/python3.12/site-packages/airflow/example_dags/example_branch_operator.py
[2026-06-13T17:12:23.579+0000] {logging_mixin.py:190} INFO - [2026-06-13T17:12:23.579+0000] {dag.py:3239} INFO - Sync 1 DAGs
[2026-06-13T17:12:23.596+0000] {logging_mixin.py:190} INFO - [2026-06-13T17:12:23.595+0000] {dag.py:4180} INFO - Setting next_dagrun for example_branch_operator to 2026-06-12 00:00:00+00:00, run_after=2026-06-13 00:00:00+00:00
[2026-06-13T17:12:23.742+0000] {processor.py:208} INFO - Processing /home/airflow/.local/lib/python3.12/site-packages/airflow/example_dags/example_branch_operator.py took 0.205 seconds
[2026-06-13T17:12:54.288+0000] {processor.py:186} INFO - Started process (PID=2708) to work on /home/airflow/.local/lib/python3.12/site-packages/airflow/example_dags/example_branch_operator.py
[2026-06-13T17:12:54.290+0000] {processor.py:914} INFO - Processing file /home/airflow/.local/lib/python3.12/site-packages/airflow/example_dags/example_branch_operator.py for tasks to queue
[2026-06-13T17:12:54.292+0000] {logging_mixin.py:190} INFO - [2026-06-13T17:12:54.291+0000] {dagbag.py:588} INFO - Filling up the DagBag from /home/airflow/.local/lib/python3.12/site-packages/airflow/example_dags/example_branch_operator.py
[2026-06-13T17:12:54.304+0000] {processor.py:925} INFO - DAG(s) 'example_branch_operator' retrieved from /home/airflow/.local/lib/python3.12/site-packages/airflow/example_dags/example_branch_operator.py
[2026-06-13T17:12:54.324+0000] {logging_mixin.py:190} INFO - [2026-06-13T17:12:54.324+0000] {dag.py:3239} INFO - Sync 1 DAGs
[2026-06-13T17:12:54.340+0000] {logging_mixin.py:190} INFO - [2026-06-13T17:12:54.340+0000] {dag.py:4180} INFO - Setting next_dagrun for example_branch_operator to 2026-06-12 00:00:00+00:00, run_after=2026-06-13 00:00:00+00:00
[2026-06-13T17:12:54.358+0000] {processor.py:208} INFO - Processing /home/airflow/.local/lib/python3.12/site-packages/airflow/example_dags/example_branch_operator.py took 0.074 seconds
[2026-06-13T17:13:24.787+0000] {processor.py:186} INFO - Started process (PID=2770) to work on /home/airflow/.local/lib/python3.12/site-packages/airflow/example_dags/example_branch_operator.py
[2026-06-13T17:13:24.788+0000] {processor.py:914} INFO - Processing file /home/airflow/.local/lib/python3.12/site-packages/airflow/example_dags/example_branch_operator.py for tasks to queue
[2026-06-13T17:13:24.791+0000] {logging_mixin.py:190} INFO - [2026-06-13T17:13:24.791+0000] {dagbag.py:588} INFO - Filling up the DagBag from /home/airflow/.local/lib/python3.12/site-packages/airflow/example_dags/example_branch_operator.py
[2026-06-13T17:13:24.803+0000] {processor.py:925} INFO - DAG(s) 'example_branch_operator' retrieved from /home/airflow/.local/lib/python3.12/site-packages/airflow/example_dags/example_branch_operator.py
[2026-06-13T17:13:24.823+0000] {logging_mixin.py:190} INFO - [2026-06-13T17:13:24.823+0000] {dag.py:3239} INFO - Sync 1 DAGs
[2026-06-13T17:13:24.839+0000] {logging_mixin.py:190} INFO - [2026-06-13T17:13:24.839+0000] {dag.py:4180} INFO - Setting next_dagrun for example_branch_operator to 2026-06-12 00:00:00+00:00, run_after=2026-06-13 00:00:00+00:00
[2026-06-13T17:13:24.858+0000] {processor.py:208} INFO - Processing /home/airflow/.local/lib/python3.12/site-packages/airflow/example_dags/example_branch_operator.py took 0.075 seconds
[2026-06-13T17:13:55.081+0000] {processor.py:186} INFO - Started process (PID=2832) to work on /home/airflow/.local/lib/python3.12/site-packages/airflow/example_dags/example_branch_operator.py
[2026-06-13T17:13:55.082+0000] {processor.py:914} INFO - Processing file /home/airflow/.local/lib/python3.12/site-packages/airflow/example_dags/example_branch_operator.py for tasks to queue
[2026-06-13T17:13:55.084+0000] {logging_mixin.py:190} INFO - [2026-06-13T17:13:55.084+0000] {dagbag.py:588} INFO - Filling up the DagBag from /home/airflow/.local/lib/python3.12/site-packages/airflow/example_dags/example_branch_operator.py
[2026-06-13T17:13:55.098+0000] {processor.py:925} INFO - DAG(s) 'example_branch_operator' retrieved from /home/airflow/.local/lib/python3.12/site-packages/airflow/example_dags/example_branch_operator.py
[2026-06-13T17:13:55.118+0000] {logging_mixin.py:190} INFO - [2026-06-13T17:13:55.117+0000] {dag.py:3239} INFO - Sync 1 DAGs
[2026-06-13T17:13:55.135+0000] {logging_mixin.py:190} INFO - [2026-06-13T17:13:55.134+0000] {dag.py:4180} INFO - Setting next_dagrun for example_branch_operator to 2026-06-12 00:00:00+00:00, run_after=2026-06-13 00:00:00+00:00
[2026-06-13T17:13:55.151+0000] {processor.py:208} INFO - Processing /home/airflow/.local/lib/python3.12/site-packages/airflow/example_dags/example_branch_operator.py took 0.075 seconds
[2026-06-13T17:14:25.854+0000] {processor.py:186} INFO - Started process (PID=2894) to work on /home/airflow/.local/lib/python3.12/site-packages/airflow/example_dags/example_branch_operator.py
[2026-06-13T17:14:25.855+0000] {processor.py:914} INFO - Processing file /home/airflow/.local/lib/python3.12/site-packages/airflow/example_dags/example_branch_operator.py for tasks to queue
[2026-06-13T17:14:25.857+0000] {logging_mixin.py:190} INFO - [2026-06-13T17:14:25.857+0000] {dagbag.py:588} INFO - Filling up the DagBag from /home/airflow/.local/lib/python3.12/site-packages/airflow/example_dags/example_branch_operator.py
[2026-06-13T17:14:25.870+0000] {processor.py:925} INFO - DAG(s) 'example_branch_operator' retrieved from /home/airflow/.local/lib/python3.12/site-packages/airflow/example_dags/example_branch_operator.py
[2026-06-13T17:14:25.896+0000] {logging_mixin.py:190} INFO - [2026-06-13T17:14:25.895+0000] {dag.py:3239} INFO - Sync 1 DAGs
[2026-06-13T17:14:25.913+0000] {logging_mixin.py:190} INFO - [2026-06-13T17:14:25.912+0000] {dag.py:4180} INFO - Setting next_dagrun for example_branch_operator to 2026-06-12 00:00:00+00:00, run_after=2026-06-13 00:00:00+00:00
[2026-06-13T17:14:25.930+0000] {processor.py:208} INFO - Processing /home/airflow/.local/lib/python3.12/site-packages/airflow/example_dags/example_branch_operator.py took 0.081 seconds
[2026-06-13T17:14:56.227+0000] {processor.py:186} INFO - Started process (PID=2956) to work on /home/airflow/.local/lib/python3.12/site-packages/airflow/example_dags/example_branch_operator.py
[2026-06-13T17:14:56.228+0000] {processor.py:914} INFO - Processing file /home/airflow/.local/lib/python3.12/site-packages/airflow/example_dags/example_branch_operator.py for tasks to queue
[2026-06-13T17:14:56.230+0000] {logging_mixin.py:190} INFO - [2026-06-13T17:14:56.230+0000] {dagbag.py:588} INFO - Filling up the DagBag from /home/airflow/.local/lib/python3.12/site-packages/airflow/example_dags/example_branch_operator.py
[2026-06-13T17:14:56.243+0000] {processor.py:925} INFO - DAG(s) 'example_branch_operator' retrieved from /home/airflow/.local/lib/python3.12/site-packages/airflow/example_dags/example_branch_operator.py
[2026-06-13T17:14:56.264+0000] {logging_mixin.py:190} INFO - [2026-06-13T17:14:56.264+0000] {dag.py:3239} INFO - Sync 1 DAGs
[2026-06-13T17:14:56.282+0000] {logging_mixin.py:190} INFO - [2026-06-13T17:14:56.281+0000] {dag.py:4180} INFO - Setting next_dagrun for example_branch_operator to 2026-06-12 00:00:00+00:00, run_after=2026-06-13 00:00:00+00:00
[2026-06-13T17:14:56.298+0000] {processor.py:208} INFO - Processing /home/airflow/.local/lib/python3.12/site-packages/airflow/example_dags/example_branch_operator.py took 0.076 seconds
[2026-06-13T17:15:26.571+0000] {processor.py:186} INFO - Started process (PID=3018) to work on /home/airflow/.local/lib/python3.12/site-packages/airflow/example_dags/example_branch_operator.py
[2026-06-13T17:15:26.572+0000] {processor.py:914} INFO - Processing file /home/airflow/.local/lib/python3.12/site-packages/airflow/example_dags/example_branch_operator.py for tasks to queue
[2026-06-13T17:15:26.574+0000] {logging_mixin.py:190} INFO - [2026-06-13T17:15:26.574+0000] {dagbag.py:588} INFO - Filling up the DagBag from /home/airflow/.local/lib/python3.12/site-packages/airflow/example_dags/example_branch_operator.py
[2026-06-13T17:15:26.590+0000] {processor.py:925} INFO - DAG(s) 'example_branch_operator' retrieved from /home/airflow/.local/lib/python3.12/site-packages/airflow/example_dags/example_branch_operator.py
[2026-06-13T17:15:26.610+0000] {logging_mixin.py:190} INFO - [2026-06-13T17:15:26.610+0000] {dag.py:3239} INFO - Sync 1 DAGs
[2026-06-13T17:15:26.626+0000] {logging_mixin.py:190} INFO - [2026-06-13T17:15:26.626+0000] {dag.py:4180} INFO - Setting next_dagrun for example_branch_operator to 2026-06-12 00:00:00+00:00, run_after=2026-06-13 00:00:00+00:00
[2026-06-13T17:15:26.642+0000] {processor.py:208} INFO - Processing /home/airflow/.local/lib/python3.12/site-packages/airflow/example_dags/example_branch_operator.py took 0.076 seconds
[2026-06-13T17:15:56.909+0000] {processor.py:186} INFO - Started process (PID=3080) to work on /home/airflow/.local/lib/python3.12/site-packages/airflow/example_dags/example_branch_operator.py
[2026-06-13T17:15:56.911+0000] {processor.py:914} INFO - Processing file /home/airflow/.local/lib/python3.12/site-packages/airflow/example_dags/example_branch_operator.py for tasks to queue
[2026-06-13T17:15:56.913+0000] {logging_mixin.py:190} INFO - [2026-06-13T17:15:56.913+0000] {dagbag.py:588} INFO - Filling up the DagBag from /home/airflow/.local/lib/python3.12/site-packages/airflow/example_dags/example_branch_operator.py
[2026-06-13T17:15:56.925+0000] {processor.py:925} INFO - DAG(s) 'example_branch_operator' retrieved from /home/airflow/.local/lib/python3.12/site-packages/airflow/example_dags/example_branch_operator.py
[2026-06-13T17:15:56.946+0000] {logging_mixin.py:190} INFO - [2026-06-13T17:15:56.945+0000] {dag.py:3239} INFO - Sync 1 DAGs
[2026-06-13T17:15:56.961+0000] {logging_mixin.py:190} INFO - [2026-06-13T17:15:56.961+0000] {dag.py:4180} INFO - Setting next_dagrun for example_branch_operator to 2026-06-12 00:00:00+00:00, run_after=2026-06-13 00:00:00+00:00
[2026-06-13T17:15:56.978+0000] {processor.py:208} INFO - Processing /home/airflow/.local/lib/python3.12/site-packages/airflow/example_dags/example_branch_operator.py took 0.073 seconds
[2026-06-13T17:16:27.631+0000] {processor.py:186} INFO - Started process (PID=3142) to work on /home/airflow/.local/lib/python3.12/site-packages/airflow/example_dags/example_branch_operator.py
[2026-06-13T17:16:27.633+0000] {processor.py:914} INFO - Processing file /home/airflow/.local/lib/python3.12/site-packages/airflow/example_dags/example_branch_operator.py for tasks to queue
[2026-06-13T17:16:27.636+0000] {logging_mixin.py:190} INFO - [2026-06-13T17:16:27.636+0000] {dagbag.py:588} INFO - Filling up the DagBag from /home/airflow/.local/lib/python3.12/site-packages/airflow/example_dags/example_branch_operator.py
[2026-06-13T17:16:27.654+0000] {processor.py:925} INFO - DAG(s) 'example_branch_operator' retrieved from /home/airflow/.local/lib/python3.12/site-packages/airflow/example_dags/example_branch_operator.py
[2026-06-13T17:16:27.678+0000] {logging_mixin.py:190} INFO - [2026-06-13T17:16:27.678+0000] {dag.py:3239} INFO - Sync 1 DAGs
[2026-06-13T17:16:27.699+0000] {logging_mixin.py:190} INFO - [2026-06-13T17:16:27.699+0000] {dag.py:4180} INFO - Setting next_dagrun for example_branch_operator to 2026-06-12 00:00:00+00:00, run_after=2026-06-13 00:00:00+00:00
[2026-06-13T17:16:27.717+0000] {processor.py:208} INFO - Processing /home/airflow/.local/lib/python3.12/site-packages/airflow/example_dags/example_branch_operator.py took 0.096 seconds
[2026-06-13T17:16:58.112+0000] {processor.py:186} INFO - Started process (PID=3204) to work on /home/airflow/.local/lib/python3.12/site-packages/airflow/example_dags/example_branch_operator.py
[2026-06-13T17:16:58.113+0000] {processor.py:914} INFO - Processing file /home/airflow/.local/lib/python3.12/site-packages/airflow/example_dags/example_branch_operator.py for tasks to queue
[2026-06-13T17:16:58.115+0000] {logging_mixin.py:190} INFO - [2026-06-13T17:16:58.115+0000] {dagbag.py:588} INFO - Filling up the DagBag from /home/airflow/.local/lib/python3.12/site-packages/airflow/example_dags/example_branch_operator.py
[2026-06-13T17:16:58.131+0000] {processor.py:925} INFO - DAG(s) 'example_branch_operator' retrieved from /home/airflow/.local/lib/python3.12/site-packages/airflow/example_dags/example_branch_operator.py
[2026-06-13T17:16:58.156+0000] {logging_mixin.py:190} INFO - [2026-06-13T17:16:58.156+0000] {dag.py:3239} INFO - Sync 1 DAGs
[2026-06-13T17:16:58.173+0000] {logging_mixin.py:190} INFO - [2026-06-13T17:16:58.172+0000] {dag.py:4180} INFO - Setting next_dagrun for example_branch_operator to 2026-06-12 00:00:00+00:00, run_after=2026-06-13 00:00:00+00:00
[2026-06-13T17:16:58.188+0000] {processor.py:208} INFO - Processing /home/airflow/.local/lib/python3.12/site-packages/airflow/example_dags/example_branch_operator.py took 0.082 seconds
[2026-06-13T17:17:28.379+0000] {processor.py:186} INFO - Started process (PID=3266) to work on /home/airflow/.local/lib/python3.12/site-packages/airflow/example_dags/example_branch_operator.py
[2026-06-13T17:17:28.380+0000] {processor.py:914} INFO - Processing file /home/airflow/.local/lib/python3.12/site-packages/airflow/example_dags/example_branch_operator.py for tasks to queue
[2026-06-13T17:17:28.383+0000] {logging_mixin.py:190} INFO - [2026-06-13T17:17:28.382+0000] {dagbag.py:588} INFO - Filling up the DagBag from /home/airflow/.local/lib/python3.12/site-packages/airflow/example_dags/example_branch_operator.py
[2026-06-13T17:17:28.396+0000] {processor.py:925} INFO - DAG(s) 'example_branch_operator' retrieved from /home/airflow/.local/lib/python3.12/site-packages/airflow/example_dags/example_branch_operator.py
[2026-06-13T17:17:28.415+0000] {logging_mixin.py:190} INFO - [2026-06-13T17:17:28.415+0000] {dag.py:3239} INFO - Sync 1 DAGs
[2026-06-13T17:17:28.431+0000] {logging_mixin.py:190} INFO - [2026-06-13T17:17:28.431+0000] {dag.py:4180} INFO - Setting next_dagrun for example_branch_operator to 2026-06-12 00:00:00+00:00, run_after=2026-06-13 00:00:00+00:00
[2026-06-13T17:17:28.447+0000] {processor.py:208} INFO - Processing /home/airflow/.local/lib/python3.12/site-packages/airflow/example_dags/example_branch_operator.py took 0.072 seconds
[2026-06-13T17:17:58.784+0000] {processor.py:186} INFO - Started process (PID=3328) to work on /home/airflow/.local/lib/python3.12/site-packages/airflow/example_dags/example_branch_operator.py
[2026-06-13T17:17:58.786+0000] {processor.py:914} INFO - Processing file /home/airflow/.local/lib/python3.12/site-packages/airflow/example_dags/example_branch_operator.py for tasks to queue
[2026-06-13T17:17:58.789+0000] {logging_mixin.py:190} INFO - [2026-06-13T17:17:58.788+0000] {dagbag.py:588} INFO - Filling up the DagBag from /home/airflow/.local/lib/python3.12/site-packages/airflow/example_dags/example_branch_operator.py
[2026-06-13T17:17:58.804+0000] {processor.py:925} INFO - DAG(s) 'example_branch_operator' retrieved from /home/airflow/.local/lib/python3.12/site-packages/airflow/example_dags/example_branch_operator.py
[2026-06-13T17:17:58.827+0000] {logging_mixin.py:190} INFO - [2026-06-13T17:17:58.826+0000] {dag.py:3239} INFO - Sync 1 DAGs
[2026-06-13T17:17:58.842+0000] {logging_mixin.py:190} INFO - [2026-06-13T17:17:58.842+0000] {dag.py:4180} INFO - Setting next_dagrun for example_branch_operator to 2026-06-12 00:00:00+00:00, run_after=2026-06-13 00:00:00+00:00
[2026-06-13T17:17:58.857+0000] {processor.py:208} INFO - Processing /home/airflow/.local/lib/python3.12/site-packages/airflow/example_dags/example_branch_operator.py took 0.079 seconds
[2026-06-13T17:18:29.270+0000] {processor.py:186} INFO - Started process (PID=3390) to work on /home/airflow/.local/lib/python3.12/site-packages/airflow/example_dags/example_branch_operator.py
[2026-06-13T17:18:29.272+0000] {processor.py:914} INFO - Processing file /home/airflow/.local/lib/python3.12/site-packages/airflow/example_dags/example_branch_operator.py for tasks to queue
[2026-06-13T17:18:29.274+0000] {logging_mixin.py:190} INFO - [2026-06-13T17:18:29.274+0000] {dagbag.py:588} INFO - Filling up the DagBag from /home/airflow/.local/lib/python3.12/site-packages/airflow/example_dags/example_branch_operator.py
[2026-06-13T17:18:29.287+0000] {processor.py:925} INFO - DAG(s) 'example_branch_operator' retrieved from /home/airflow/.local/lib/python3.12/site-packages/airflow/example_dags/example_branch_operator.py
[2026-06-13T17:18:29.307+0000] {logging_mixin.py:190} INFO - [2026-06-13T17:18:29.307+0000] {dag.py:3239} INFO - Sync 1 DAGs
[2026-06-13T17:18:29.324+0000] {logging_mixin.py:190} INFO - [2026-06-13T17:18:29.323+0000] {dag.py:4180} INFO - Setting next_dagrun for example_branch_operator to 2026-06-12 00:00:00+00:00, run_after=2026-06-13 00:00:00+00:00
[2026-06-13T17:18:29.342+0000] {processor.py:208} INFO - Processing /home/airflow/.local/lib/python3.12/site-packages/airflow/example_dags/example_branch_operator.py took 0.076 seconds
[2026-06-13T17:18:59.914+0000] {processor.py:186} INFO - Started process (PID=3452) to work on /home/airflow/.local/lib/python3.12/site-packages/airflow/example_dags/example_branch_operator.py
[2026-06-13T17:18:59.915+0000] {processor.py:914} INFO - Processing file /home/airflow/.local/lib/python3.12/site-packages/airflow/example_dags/example_branch_operator.py for tasks to queue
[2026-06-13T17:18:59.917+0000] {logging_mixin.py:190} INFO - [2026-06-13T17:18:59.917+0000] {dagbag.py:588} INFO - Filling up the DagBag from /home/airflow/.local/lib/python3.12/site-packages/airflow/example_dags/example_branch_operator.py
[2026-06-13T17:18:59.931+0000] {processor.py:925} INFO - DAG(s) 'example_branch_operator' retrieved from /home/airflow/.local/lib/python3.12/site-packages/airflow/example_dags/example_branch_operator.py
[2026-06-13T17:18:59.952+0000] {logging_mixin.py:190} INFO - [2026-06-13T17:18:59.952+0000] {dag.py:3239} INFO - Sync 1 DAGs
[2026-06-13T17:18:59.969+0000] {logging_mixin.py:190} INFO - [2026-06-13T17:18:59.969+0000] {dag.py:4180} INFO - Setting next_dagrun for example_branch_operator to 2026-06-12 00:00:00+00:00, run_after=2026-06-13 00:00:00+00:00
[2026-06-13T17:18:59.987+0000] {processor.py:208} INFO - Processing /home/airflow/.local/lib/python3.12/site-packages/airflow/example_dags/example_branch_operator.py took 0.078 seconds
[2026-06-13T17:19:30.846+0000] {processor.py:186} INFO - Started process (PID=3514) to work on /home/airflow/.local/lib/python3.12/site-packages/airflow/example_dags/example_branch_operator.py
[2026-06-13T17:19:30.847+0000] {processor.py:914} INFO - Processing file /home/airflow/.local/lib/python3.12/site-packages/airflow/example_dags/example_branch_operator.py for tasks to queue
[2026-06-13T17:19:30.850+0000] {logging_mixin.py:190} INFO - [2026-06-13T17:19:30.849+0000] {dagbag.py:588} INFO - Filling up the DagBag from /home/airflow/.local/lib/python3.12/site-packages/airflow/example_dags/example_branch_operator.py
[2026-06-13T17:19:30.864+0000] {processor.py:925} INFO - DAG(s) 'example_branch_operator' retrieved from /home/airflow/.local/lib/python3.12/site-packages/airflow/example_dags/example_branch_operator.py
[2026-06-13T17:19:30.888+0000] {logging_mixin.py:190} INFO - [2026-06-13T17:19:30.888+0000] {dag.py:3239} INFO - Sync 1 DAGs
[2026-06-13T17:19:30.913+0000] {logging_mixin.py:190} INFO - [2026-06-13T17:19:30.913+0000] {dag.py:4180} INFO - Setting next_dagrun for example_branch_operator to 2026-06-12 00:00:00+00:00, run_after=2026-06-13 00:00:00+00:00
[2026-06-13T17:19:30.937+0000] {processor.py:208} INFO - Processing /home/airflow/.local/lib/python3.12/site-packages/airflow/example_dags/example_branch_operator.py took 0.097 seconds
[2026-06-13T17:20:01.397+0000] {processor.py:186} INFO - Started process (PID=3576) to work on /home/airflow/.local/lib/python3.12/site-packages/airflow/example_dags/example_branch_operator.py
[2026-06-13T17:20:01.398+0000] {processor.py:914} INFO - Processing file /home/airflow/.local/lib/python3.12/site-packages/airflow/example_dags/example_branch_operator.py for tasks to queue
[2026-06-13T17:20:01.400+0000] {logging_mixin.py:190} INFO - [2026-06-13T17:20:01.400+0000] {dagbag.py:588} INFO - Filling up the DagBag from /home/airflow/.local/lib/python3.12/site-packages/airflow/example_dags/example_branch_operator.py
[2026-06-13T17:20:01.413+0000] {processor.py:925} INFO - DAG(s) 'example_branch_operator' retrieved from /home/airflow/.local/lib/python3.12/site-packages/airflow/example_dags/example_branch_operator.py
[2026-06-13T17:20:01.433+0000] {logging_mixin.py:190} INFO - [2026-06-13T17:20:01.433+0000] {dag.py:3239} INFO - Sync 1 DAGs
[2026-06-13T17:20:01.450+0000] {logging_mixin.py:190} INFO - [2026-06-13T17:20:01.450+0000] {dag.py:4180} INFO - Setting next_dagrun for example_branch_operator to 2026-06-12 00:00:00+00:00, run_after=2026-06-13 00:00:00+00:00
[2026-06-13T17:20:01.469+0000] {processor.py:208} INFO - Processing /home/airflow/.local/lib/python3.12/site-packages/airflow/example_dags/example_branch_operator.py took 0.077 seconds
[2026-06-13T17:20:32.043+0000] {processor.py:186} INFO - Started process (PID=3638) to work on /home/airflow/.local/lib/python3.12/site-packages/airflow/example_dags/example_branch_operator.py
[2026-06-13T17:20:32.045+0000] {processor.py:914} INFO - Processing file /home/airflow/.local/lib/python3.12/site-packages/airflow/example_dags/example_branch_operator.py for tasks to queue
[2026-06-13T17:20:32.047+0000] {logging_mixin.py:190} INFO - [2026-06-13T17:20:32.047+0000] {dagbag.py:588} INFO - Filling up the DagBag from /home/airflow/.local/lib/python3.12/site-packages/airflow/example_dags/example_branch_operator.py
[2026-06-13T17:20:32.062+0000] {processor.py:925} INFO - DAG(s) 'example_branch_operator' retrieved from /home/airflow/.local/lib/python3.12/site-packages/airflow/example_dags/example_branch_operator.py
[2026-06-13T17:20:32.084+0000] {logging_mixin.py:190} INFO - [2026-06-13T17:20:32.084+0000] {dag.py:3239} INFO - Sync 1 DAGs
[2026-06-13T17:20:32.102+0000] {logging_mixin.py:190} INFO - [2026-06-13T17:20:32.101+0000] {dag.py:4180} INFO - Setting next_dagrun for example_branch_operator to 2026-06-12 00:00:00+00:00, run_after=2026-06-13 00:00:00+00:00
[2026-06-13T17:20:32.122+0000] {processor.py:208} INFO - Processing /home/airflow/.local/lib/python3.12/site-packages/airflow/example_dags/example_branch_operator.py took 0.083 seconds
[2026-06-13T17:21:02.494+0000] {processor.py:186} INFO - Started process (PID=3700) to work on /home/airflow/.local/lib/python3.12/site-packages/airflow/example_dags/example_branch_operator.py
[2026-06-13T17:21:02.495+0000] {processor.py:914} INFO - Processing file /home/airflow/.local/lib/python3.12/site-packages/airflow/example_dags/example_branch_operator.py for tasks to queue
[2026-06-13T17:21:02.498+0000] {logging_mixin.py:190} INFO - [2026-06-13T17:21:02.498+0000] {dagbag.py:588} INFO - Filling up the DagBag from /home/airflow/.local/lib/python3.12/site-packages/airflow/example_dags/example_branch_operator.py
[2026-06-13T17:21:02.520+0000] {processor.py:925} INFO - DAG(s) 'example_branch_operator' retrieved from /home/airflow/.local/lib/python3.12/site-packages/airflow/example_dags/example_branch_operator.py
[2026-06-13T17:21:02.552+0000] {logging_mixin.py:190} INFO - [2026-06-13T17:21:02.552+0000] {dag.py:3239} INFO - Sync 1 DAGs
[2026-06-13T17:21:02.575+0000] {logging_mixin.py:190} INFO - [2026-06-13T17:21:02.574+0000] {dag.py:4180} INFO - Setting next_dagrun for example_branch_operator to 2026-06-12 00:00:00+00:00, run_after=2026-06-13 00:00:00+00:00
[2026-06-13T17:21:02.603+0000] {processor.py:208} INFO - Processing /home/airflow/.local/lib/python3.12/site-packages/airflow/example_dags/example_branch_operator.py took 0.116 seconds
[2026-06-13T17:21:33.055+0000] {processor.py:186} INFO - Started process (PID=3762) to work on /home/airflow/.local/lib/python3.12/site-packages/airflow/example_dags/example_branch_operator.py
[2026-06-13T17:21:33.056+0000] {processor.py:914} INFO - Processing file /home/airflow/.local/lib/python3.12/site-packages/airflow/example_dags/example_branch_operator.py for tasks to queue
[2026-06-13T17:21:33.058+0000] {logging_mixin.py:190} INFO - [2026-06-13T17:21:33.058+0000] {dagbag.py:588} INFO - Filling up the DagBag from /home/airflow/.local/lib/python3.12/site-packages/airflow/example_dags/example_branch_operator.py
[2026-06-13T17:21:33.070+0000] {processor.py:925} INFO - DAG(s) 'example_branch_operator' retrieved from /home/airflow/.local/lib/python3.12/site-packages/airflow/example_dags/example_branch_operator.py
[2026-06-13T17:21:33.090+0000] {logging_mixin.py:190} INFO - [2026-06-13T17:21:33.090+0000] {dag.py:3239} INFO - Sync 1 DAGs
[2026-06-13T17:21:33.108+0000] {logging_mixin.py:190} INFO - [2026-06-13T17:21:33.108+0000] {dag.py:4180} INFO - Setting next_dagrun for example_branch_operator to 2026-06-12 00:00:00+00:00, run_after=2026-06-13 00:00:00+00:00
[2026-06-13T17:21:33.124+0000] {processor.py:208} INFO - Processing /home/airflow/.local/lib/python3.12/site-packages/airflow/example_dags/example_branch_operator.py took 0.074 seconds
[2026-06-13T17:22:03.396+0000] {processor.py:186} INFO - Started process (PID=3824) to work on /home/airflow/.local/lib/python3.12/site-packages/airflow/example_dags/example_branch_operator.py
[2026-06-13T17:22:03.397+0000] {processor.py:914} INFO - Processing file /home/airflow/.local/lib/python3.12/site-packages/airflow/example_dags/example_branch_operator.py for tasks to queue
[2026-06-13T17:22:03.399+0000] {logging_mixin.py:190} INFO - [2026-06-13T17:22:03.399+0000] {dagbag.py:588} INFO - Filling up the DagBag from /home/airflow/.local/lib/python3.12/site-packages/airflow/example_dags/example_branch_operator.py
[2026-06-13T17:22:03.412+0000] {processor.py:925} INFO - DAG(s) 'example_branch_operator' retrieved from /home/airflow/.local/lib/python3.12/site-packages/airflow/example_dags/example_branch_operator.py
[2026-06-13T17:22:03.432+0000] {logging_mixin.py:190} INFO - [2026-06-13T17:22:03.432+0000] {dag.py:3239} INFO - Sync 1 DAGs
[2026-06-13T17:22:03.449+0000] {logging_mixin.py:190} INFO - [2026-06-13T17:22:03.449+0000] {dag.py:4180} INFO - Setting next_dagrun for example_branch_operator to 2026-06-12 00:00:00+00:00, run_after=2026-06-13 00:00:00+00:00
[2026-06-13T17:22:03.464+0000] {processor.py:208} INFO - Processing /home/airflow/.local/lib/python3.12/site-packages/airflow/example_dags/example_branch_operator.py took 0.073 seconds
[2026-06-13T17:22:33.699+0000] {processor.py:186} INFO - Started process (PID=3886) to work on /home/airflow/.local/lib/python3.12/site-packages/airflow/example_dags/example_branch_operator.py
[2026-06-13T17:22:33.700+0000] {processor.py:914} INFO - Processing file /home/airflow/.local/lib/python3.12/site-packages/airflow/example_dags/example_branch_operator.py for tasks to queue
[2026-06-13T17:22:33.703+0000] {logging_mixin.py:190} INFO - [2026-06-13T17:22:33.703+0000] {dagbag.py:588} INFO - Filling up the DagBag from /home/airflow/.local/lib/python3.12/site-packages/airflow/example_dags/example_branch_operator.py
[2026-06-13T17:22:33.718+0000] {processor.py:925} INFO - DAG(s) 'example_branch_operator' retrieved from /home/airflow/.local/lib/python3.12/site-packages/airflow/example_dags/example_branch_operator.py
[2026-06-13T17:22:33.738+0000] {logging_mixin.py:190} INFO - [2026-06-13T17:22:33.737+0000] {dag.py:3239} INFO - Sync 1 DAGs
[2026-06-13T17:22:33.754+0000] {logging_mixin.py:190} INFO - [2026-06-13T17:22:33.754+0000] {dag.py:4180} INFO - Setting next_dagrun for example_branch_operator to 2026-06-12 00:00:00+00:00, run_after=2026-06-13 00:00:00+00:00
[2026-06-13T17:22:33.769+0000] {processor.py:208} INFO - Processing /home/airflow/.local/lib/python3.12/site-packages/airflow/example_dags/example_branch_operator.py took 0.076 seconds
[2026-06-13T17:23:04.383+0000] {processor.py:186} INFO - Started process (PID=3948) to work on /home/airflow/.local/lib/python3.12/site-packages/airflow/example_dags/example_branch_operator.py
[2026-06-13T17:23:04.384+0000] {processor.py:914} INFO - Processing file /home/airflow/.local/lib/python3.12/site-packages/airflow/example_dags/example_branch_operator.py for tasks to queue
[2026-06-13T17:23:04.386+0000] {logging_mixin.py:190} INFO - [2026-06-13T17:23:04.386+0000] {dagbag.py:588} INFO - Filling up the DagBag from /home/airflow/.local/lib/python3.12/site-packages/airflow/example_dags/example_branch_operator.py
[2026-06-13T17:23:04.399+0000] {processor.py:925} INFO - DAG(s) 'example_branch_operator' retrieved from /home/airflow/.local/lib/python3.12/site-packages/airflow/example_dags/example_branch_operator.py
[2026-06-13T17:23:04.419+0000] {logging_mixin.py:190} INFO - [2026-06-13T17:23:04.419+0000] {dag.py:3239} INFO - Sync 1 DAGs
[2026-06-13T17:23:04.439+0000] {logging_mixin.py:190} INFO - [2026-06-13T17:23:04.439+0000] {dag.py:4180} INFO - Setting next_dagrun for example_branch_operator to 2026-06-12 00:00:00+00:00, run_after=2026-06-13 00:00:00+00:00
[2026-06-13T17:23:04.454+0000] {processor.py:208} INFO - Processing /home/airflow/.local/lib/python3.12/site-packages/airflow/example_dags/example_branch_operator.py took 0.077 seconds
[2026-06-13T17:23:34.983+0000] {processor.py:186} INFO - Started process (PID=4010) to work on /home/airflow/.local/lib/python3.12/site-packages/airflow/example_dags/example_branch_operator.py
[2026-06-13T17:23:34.984+0000] {processor.py:914} INFO - Processing file /home/airflow/.local/lib/python3.12/site-packages/airflow/example_dags/example_branch_operator.py for tasks to queue
[2026-06-13T17:23:34.987+0000] {logging_mixin.py:190} INFO - [2026-06-13T17:23:34.986+0000] {dagbag.py:588} INFO - Filling up the DagBag from /home/airflow/.local/lib/python3.12/site-packages/airflow/example_dags/example_branch_operator.py
[2026-06-13T17:23:35.004+0000] {processor.py:925} INFO - DAG(s) 'example_branch_operator' retrieved from /home/airflow/.local/lib/python3.12/site-packages/airflow/example_dags/example_branch_operator.py
[2026-06-13T17:23:35.032+0000] {logging_mixin.py:190} INFO - [2026-06-13T17:23:35.031+0000] {dag.py:3239} INFO - Sync 1 DAGs
[2026-06-13T17:23:35.050+0000] {logging_mixin.py:190} INFO - [2026-06-13T17:23:35.050+0000] {dag.py:4180} INFO - Setting next_dagrun for example_branch_operator to 2026-06-12 00:00:00+00:00, run_after=2026-06-13 00:00:00+00:00
[2026-06-13T17:23:35.073+0000] {processor.py:208} INFO - Processing /home/airflow/.local/lib/python3.12/site-packages/airflow/example_dags/example_branch_operator.py took 0.095 seconds
[2026-06-13T17:24:05.277+0000] {processor.py:186} INFO - Started process (PID=4079) to work on /home/airflow/.local/lib/python3.12/site-packages/airflow/example_dags/example_branch_operator.py
[2026-06-13T17:24:05.279+0000] {processor.py:914} INFO - Processing file /home/airflow/.local/lib/python3.12/site-packages/airflow/example_dags/example_branch_operator.py for tasks to queue
[2026-06-13T17:24:05.281+0000] {logging_mixin.py:190} INFO - [2026-06-13T17:24:05.281+0000] {dagbag.py:588} INFO - Filling up the DagBag from /home/airflow/.local/lib/python3.12/site-packages/airflow/example_dags/example_branch_operator.py
[2026-06-13T17:24:05.295+0000] {processor.py:925} INFO - DAG(s) 'example_branch_operator' retrieved from /home/airflow/.local/lib/python3.12/site-packages/airflow/example_dags/example_branch_operator.py
[2026-06-13T17:24:05.316+0000] {logging_mixin.py:190} INFO - [2026-06-13T17:24:05.316+0000] {dag.py:3239} INFO - Sync 1 DAGs
[2026-06-13T17:24:05.334+0000] {logging_mixin.py:190} INFO - [2026-06-13T17:24:05.334+0000] {dag.py:4180} INFO - Setting next_dagrun for example_branch_operator to 2026-06-12 00:00:00+00:00, run_after=2026-06-13 00:00:00+00:00
[2026-06-13T17:24:05.350+0000] {processor.py:208} INFO - Processing /home/airflow/.local/lib/python3.12/site-packages/airflow/example_dags/example_branch_operator.py took 0.079 seconds
[2026-06-13T17:24:35.676+0000] {processor.py:186} INFO - Started process (PID=4141) to work on /home/airflow/.local/lib/python3.12/site-packages/airflow/example_dags/example_branch_operator.py
[2026-06-13T17:24:35.678+0000] {processor.py:914} INFO - Processing file /home/airflow/.local/lib/python3.12/site-packages/airflow/example_dags/example_branch_operator.py for tasks to queue
[2026-06-13T17:24:35.680+0000] {logging_mixin.py:190} INFO - [2026-06-13T17:24:35.680+0000] {dagbag.py:588} INFO - Filling up the DagBag from /home/airflow/.local/lib/python3.12/site-packages/airflow/example_dags/example_branch_operator.py
[2026-06-13T17:24:35.694+0000] {processor.py:925} INFO - DAG(s) 'example_branch_operator' retrieved from /home/airflow/.local/lib/python3.12/site-packages/airflow/example_dags/example_branch_operator.py
[2026-06-13T17:24:35.719+0000] {logging_mixin.py:190} INFO - [2026-06-13T17:24:35.719+0000] {dag.py:3239} INFO - Sync 1 DAGs
[2026-06-13T17:24:35.736+0000] {logging_mixin.py:190} INFO - [2026-06-13T17:24:35.736+0000] {dag.py:4180} INFO - Setting next_dagrun for example_branch_operator to 2026-06-12 00:00:00+00:00, run_after=2026-06-13 00:00:00+00:00
[2026-06-13T17:24:35.751+0000] {processor.py:208} INFO - Processing /home/airflow/.local/lib/python3.12/site-packages/airflow/example_dags/example_branch_operator.py took 0.080 seconds
[2026-06-13T17:25:05.836+0000] {processor.py:186} INFO - Started process (PID=4203) to work on /home/airflow/.local/lib/python3.12/site-packages/airflow/example_dags/example_branch_operator.py
[2026-06-13T17:25:05.838+0000] {processor.py:914} INFO - Processing file /home/airflow/.local/lib/python3.12/site-packages/airflow/example_dags/example_branch_operator.py for tasks to queue
[2026-06-13T17:25:05.843+0000] {logging_mixin.py:190} INFO - [2026-06-13T17:25:05.842+0000] {dagbag.py:588} INFO - Filling up the DagBag from /home/airflow/.local/lib/python3.12/site-packages/airflow/example_dags/example_branch_operator.py
[2026-06-13T17:25:05.864+0000] {processor.py:925} INFO - DAG(s) 'example_branch_operator' retrieved from /home/airflow/.local/lib/python3.12/site-packages/airflow/example_dags/example_branch_operator.py
[2026-06-13T17:25:05.906+0000] {logging_mixin.py:190} INFO - [2026-06-13T17:25:05.905+0000] {dag.py:3239} INFO - Sync 1 DAGs
[2026-06-13T17:25:05.938+0000] {logging_mixin.py:190} INFO - [2026-06-13T17:25:05.938+0000] {dag.py:4180} INFO - Setting next_dagrun for example_branch_operator to 2026-06-12 00:00:00+00:00, run_after=2026-06-13 00:00:00+00:00
[2026-06-13T17:25:05.964+0000] {processor.py:208} INFO - Processing /home/airflow/.local/lib/python3.12/site-packages/airflow/example_dags/example_branch_operator.py took 0.134 seconds
[2026-06-13T17:25:36.126+0000] {processor.py:186} INFO - Started process (PID=4265) to work on /home/airflow/.local/lib/python3.12/site-packages/airflow/example_dags/example_branch_operator.py
[2026-06-13T17:25:36.127+0000] {processor.py:914} INFO - Processing file /home/airflow/.local/lib/python3.12/site-packages/airflow/example_dags/example_branch_operator.py for tasks to queue
[2026-06-13T17:25:36.129+0000] {logging_mixin.py:190} INFO - [2026-06-13T17:25:36.129+0000] {dagbag.py:588} INFO - Filling up the DagBag from /home/airflow/.local/lib/python3.12/site-packages/airflow/example_dags/example_branch_operator.py
[2026-06-13T17:25:36.143+0000] {processor.py:925} INFO - DAG(s) 'example_branch_operator' retrieved from /home/airflow/.local/lib/python3.12/site-packages/airflow/example_dags/example_branch_operator.py
[2026-06-13T17:25:36.166+0000] {logging_mixin.py:190} INFO - [2026-06-13T17:25:36.166+0000] {dag.py:3239} INFO - Sync 1 DAGs
[2026-06-13T17:25:36.186+0000] {logging_mixin.py:190} INFO - [2026-06-13T17:25:36.185+0000] {dag.py:4180} INFO - Setting next_dagrun for example_branch_operator to 2026-06-12 00:00:00+00:00, run_after=2026-06-13 00:00:00+00:00
[2026-06-13T17:25:36.206+0000] {processor.py:208} INFO - Processing /home/airflow/.local/lib/python3.12/site-packages/airflow/example_dags/example_branch_operator.py took 0.085 seconds
[2026-06-13T17:26:06.260+0000] {processor.py:186} INFO - Started process (PID=4327) to work on /home/airflow/.local/lib/python3.12/site-packages/airflow/example_dags/example_branch_operator.py
[2026-06-13T17:26:06.261+0000] {processor.py:914} INFO - Processing file /home/airflow/.local/lib/python3.12/site-packages/airflow/example_dags/example_branch_operator.py for tasks to queue
[2026-06-13T17:26:06.263+0000] {logging_mixin.py:190} INFO - [2026-06-13T17:26:06.263+0000] {dagbag.py:588} INFO - Filling up the DagBag from /home/airflow/.local/lib/python3.12/site-packages/airflow/example_dags/example_branch_operator.py
[2026-06-13T17:26:06.276+0000] {processor.py:925} INFO - DAG(s) 'example_branch_operator' retrieved from /home/airflow/.local/lib/python3.12/site-packages/airflow/example_dags/example_branch_operator.py
[2026-06-13T17:26:06.296+0000] {logging_mixin.py:190} INFO - [2026-06-13T17:26:06.296+0000] {dag.py:3239} INFO - Sync 1 DAGs
[2026-06-13T17:26:06.313+0000] {logging_mixin.py:190} INFO - [2026-06-13T17:26:06.313+0000] {dag.py:4180} INFO - Setting next_dagrun for example_branch_operator to 2026-06-12 00:00:00+00:00, run_after=2026-06-13 00:00:00+00:00
[2026-06-13T17:26:06.330+0000] {processor.py:208} INFO - Processing /home/airflow/.local/lib/python3.12/site-packages/airflow/example_dags/example_branch_operator.py took 0.075 seconds
[2026-06-13T17:26:36.680+0000] {processor.py:186} INFO - Started process (PID=4389) to work on /home/airflow/.local/lib/python3.12/site-packages/airflow/example_dags/example_branch_operator.py
[2026-06-13T17:26:36.681+0000] {processor.py:914} INFO - Processing file /home/airflow/.local/lib/python3.12/site-packages/airflow/example_dags/example_branch_operator.py for tasks to queue
[2026-06-13T17:26:36.683+0000] {logging_mixin.py:190} INFO - [2026-06-13T17:26:36.683+0000] {dagbag.py:588} INFO - Filling up the DagBag from /home/airflow/.local/lib/python3.12/site-packages/airflow/example_dags/example_branch_operator.py
[2026-06-13T17:26:36.699+0000] {processor.py:925} INFO - DAG(s) 'example_branch_operator' retrieved from /home/airflow/.local/lib/python3.12/site-packages/airflow/example_dags/example_branch_operator.py
[2026-06-13T17:26:36.722+0000] {logging_mixin.py:190} INFO - [2026-06-13T17:26:36.722+0000] {dag.py:3239} INFO - Sync 1 DAGs
[2026-06-13T17:26:36.742+0000] {logging_mixin.py:190} INFO - [2026-06-13T17:26:36.742+0000] {dag.py:4180} INFO - Setting next_dagrun for example_branch_operator to 2026-06-12 00:00:00+00:00, run_after=2026-06-13 00:00:00+00:00
[2026-06-13T17:26:36.760+0000] {processor.py:208} INFO - Processing /home/airflow/.local/lib/python3.12/site-packages/airflow/example_dags/example_branch_operator.py took 0.084 seconds
[2026-06-13T17:27:07.250+0000] {processor.py:186} INFO - Started process (PID=4451) to work on /home/airflow/.local/lib/python3.12/site-packages/airflow/example_dags/example_branch_operator.py
[2026-06-13T17:27:07.252+0000] {processor.py:914} INFO - Processing file /home/airflow/.local/lib/python3.12/site-packages/airflow/example_dags/example_branch_operator.py for tasks to queue
[2026-06-13T17:27:07.254+0000] {logging_mixin.py:190} INFO - [2026-06-13T17:27:07.254+0000] {dagbag.py:588} INFO - Filling up the DagBag from /home/airflow/.local/lib/python3.12/site-packages/airflow/example_dags/example_branch_operator.py
[2026-06-13T17:27:07.268+0000] {processor.py:925} INFO - DAG(s) 'example_branch_operator' retrieved from /home/airflow/.local/lib/python3.12/site-packages/airflow/example_dags/example_branch_operator.py
[2026-06-13T17:27:07.289+0000] {logging_mixin.py:190} INFO - [2026-06-13T17:27:07.289+0000] {dag.py:3239} INFO - Sync 1 DAGs
[2026-06-13T17:27:07.307+0000] {logging_mixin.py:190} INFO - [2026-06-13T17:27:07.306+0000] {dag.py:4180} INFO - Setting next_dagrun for example_branch_operator to 2026-06-12 00:00:00+00:00, run_after=2026-06-13 00:00:00+00:00
[2026-06-13T17:27:07.328+0000] {processor.py:208} INFO - Processing /home/airflow/.local/lib/python3.12/site-packages/airflow/example_dags/example_branch_operator.py took 0.082 seconds
[2026-06-13T17:27:37.505+0000] {processor.py:186} INFO - Started process (PID=4514) to work on /home/airflow/.local/lib/python3.12/site-packages/airflow/example_dags/example_branch_operator.py
[2026-06-13T17:27:37.507+0000] {processor.py:914} INFO - Processing file /home/airflow/.local/lib/python3.12/site-packages/airflow/example_dags/example_branch_operator.py for tasks to queue
[2026-06-13T17:27:37.510+0000] {logging_mixin.py:190} INFO - [2026-06-13T17:27:37.509+0000] {dagbag.py:588} INFO - Filling up the DagBag from /home/airflow/.local/lib/python3.12/site-packages/airflow/example_dags/example_branch_operator.py
[2026-06-13T17:27:37.523+0000] {processor.py:925} INFO - DAG(s) 'example_branch_operator' retrieved from /home/airflow/.local/lib/python3.12/site-packages/airflow/example_dags/example_branch_operator.py
[2026-06-13T17:27:37.544+0000] {logging_mixin.py:190} INFO - [2026-06-13T17:27:37.544+0000] {dag.py:3239} INFO - Sync 1 DAGs
[2026-06-13T17:27:37.561+0000] {logging_mixin.py:190} INFO - [2026-06-13T17:27:37.561+0000] {dag.py:4180} INFO - Setting next_dagrun for example_branch_operator to 2026-06-12 00:00:00+00:00, run_after=2026-06-13 00:00:00+00:00
[2026-06-13T17:27:37.578+0000] {processor.py:208} INFO - Processing /home/airflow/.local/lib/python3.12/site-packages/airflow/example_dags/example_branch_operator.py took 0.077 seconds
[2026-06-13T17:28:07.996+0000] {processor.py:186} INFO - Started process (PID=4575) to work on /home/airflow/.local/lib/python3.12/site-packages/airflow/example_dags/example_branch_operator.py
[2026-06-13T17:28:07.997+0000] {processor.py:914} INFO - Processing file /home/airflow/.local/lib/python3.12/site-packages/airflow/example_dags/example_branch_operator.py for tasks to queue
[2026-06-13T17:28:07.999+0000] {logging_mixin.py:190} INFO - [2026-06-13T17:28:07.999+0000] {dagbag.py:588} INFO - Filling up the DagBag from /home/airflow/.local/lib/python3.12/site-packages/airflow/example_dags/example_branch_operator.py
[2026-06-13T17:28:08.011+0000] {processor.py:925} INFO - DAG(s) 'example_branch_operator' retrieved from /home/airflow/.local/lib/python3.12/site-packages/airflow/example_dags/example_branch_operator.py
[2026-06-13T17:28:08.032+0000] {logging_mixin.py:190} INFO - [2026-06-13T17:28:08.032+0000] {dag.py:3239} INFO - Sync 1 DAGs
[2026-06-13T17:28:08.048+0000] {logging_mixin.py:190} INFO - [2026-06-13T17:28:08.048+0000] {dag.py:4180} INFO - Setting next_dagrun for example_branch_operator to 2026-06-12 00:00:00+00:00, run_after=2026-06-13 00:00:00+00:00
[2026-06-13T17:28:08.065+0000] {processor.py:208} INFO - Processing /home/airflow/.local/lib/python3.12/site-packages/airflow/example_dags/example_branch_operator.py took 0.074 seconds
[2026-06-13T17:28:38.215+0000] {processor.py:186} INFO - Started process (PID=4637) to work on /home/airflow/.local/lib/python3.12/site-packages/airflow/example_dags/example_branch_operator.py
[2026-06-13T17:28:38.217+0000] {processor.py:914} INFO - Processing file /home/airflow/.local/lib/python3.12/site-packages/airflow/example_dags/example_branch_operator.py for tasks to queue
[2026-06-13T17:28:38.220+0000] {logging_mixin.py:190} INFO - [2026-06-13T17:28:38.220+0000] {dagbag.py:588} INFO - Filling up the DagBag from /home/airflow/.local/lib/python3.12/site-packages/airflow/example_dags/example_branch_operator.py
[2026-06-13T17:28:38.233+0000] {processor.py:925} INFO - DAG(s) 'example_branch_operator' retrieved from /home/airflow/.local/lib/python3.12/site-packages/airflow/example_dags/example_branch_operator.py
[2026-06-13T17:28:38.256+0000] {logging_mixin.py:190} INFO - [2026-06-13T17:28:38.255+0000] {dag.py:3239} INFO - Sync 1 DAGs
[2026-06-13T17:28:38.273+0000] {logging_mixin.py:190} INFO - [2026-06-13T17:28:38.272+0000] {dag.py:4180} INFO - Setting next_dagrun for example_branch_operator to 2026-06-12 00:00:00+00:00, run_after=2026-06-13 00:00:00+00:00
[2026-06-13T17:28:38.290+0000] {processor.py:208} INFO - Processing /home/airflow/.local/lib/python3.12/site-packages/airflow/example_dags/example_branch_operator.py took 0.086 seconds
[2026-06-13T17:29:08.874+0000] {processor.py:186} INFO - Started process (PID=4699) to work on /home/airflow/.local/lib/python3.12/site-packages/airflow/example_dags/example_branch_operator.py
[2026-06-13T17:29:08.875+0000] {processor.py:914} INFO - Processing file /home/airflow/.local/lib/python3.12/site-packages/airflow/example_dags/example_branch_operator.py for tasks to queue
[2026-06-13T17:29:08.877+0000] {logging_mixin.py:190} INFO - [2026-06-13T17:29:08.877+0000] {dagbag.py:588} INFO - Filling up the DagBag from /home/airflow/.local/lib/python3.12/site-packages/airflow/example_dags/example_branch_operator.py
[2026-06-13T17:29:08.890+0000] {processor.py:925} INFO - DAG(s) 'example_branch_operator' retrieved from /home/airflow/.local/lib/python3.12/site-packages/airflow/example_dags/example_branch_operator.py
[2026-06-13T17:29:08.910+0000] {logging_mixin.py:190} INFO - [2026-06-13T17:29:08.910+0000] {dag.py:3239} INFO - Sync 1 DAGs
[2026-06-13T17:29:08.928+0000] {logging_mixin.py:190} INFO - [2026-06-13T17:29:08.928+0000] {dag.py:4180} INFO - Setting next_dagrun for example_branch_operator to 2026-06-12 00:00:00+00:00, run_after=2026-06-13 00:00:00+00:00
[2026-06-13T17:29:08.946+0000] {processor.py:208} INFO - Processing /home/airflow/.local/lib/python3.12/site-packages/airflow/example_dags/example_branch_operator.py took 0.077 seconds
[2026-06-13T17:29:39.222+0000] {processor.py:186} INFO - Started process (PID=4761) to work on /home/airflow/.local/lib/python3.12/site-packages/airflow/example_dags/example_branch_operator.py
[2026-06-13T17:29:39.223+0000] {processor.py:914} INFO - Processing file /home/airflow/.local/lib/python3.12/site-packages/airflow/example_dags/example_branch_operator.py for tasks to queue
[2026-06-13T17:29:39.225+0000] {logging_mixin.py:190} INFO - [2026-06-13T17:29:39.225+0000] {dagbag.py:588} INFO - Filling up the DagBag from /home/airflow/.local/lib/python3.12/site-packages/airflow/example_dags/example_branch_operator.py
[2026-06-13T17:29:39.241+0000] {processor.py:925} INFO - DAG(s) 'example_branch_operator' retrieved from /home/airflow/.local/lib/python3.12/site-packages/airflow/example_dags/example_branch_operator.py
[2026-06-13T17:29:39.264+0000] {logging_mixin.py:190} INFO - [2026-06-13T17:29:39.264+0000] {dag.py:3239} INFO - Sync 1 DAGs
[2026-06-13T17:29:39.282+0000] {logging_mixin.py:190} INFO - [2026-06-13T17:29:39.282+0000] {dag.py:4180} INFO - Setting next_dagrun for example_branch_operator to 2026-06-12 00:00:00+00:00, run_after=2026-06-13 00:00:00+00:00
[2026-06-13T17:29:39.300+0000] {processor.py:208} INFO - Processing /home/airflow/.local/lib/python3.12/site-packages/airflow/example_dags/example_branch_operator.py took 0.083 seconds
[2026-06-13T17:30:09.525+0000] {processor.py:186} INFO - Started process (PID=4823) to work on /home/airflow/.local/lib/python3.12/site-packages/airflow/example_dags/example_branch_operator.py
[2026-06-13T17:30:09.526+0000] {processor.py:914} INFO - Processing file /home/airflow/.local/lib/python3.12/site-packages/airflow/example_dags/example_branch_operator.py for tasks to queue
[2026-06-13T17:30:09.528+0000] {logging_mixin.py:190} INFO - [2026-06-13T17:30:09.528+0000] {dagbag.py:588} INFO - Filling up the DagBag from /home/airflow/.local/lib/python3.12/site-packages/airflow/example_dags/example_branch_operator.py
[2026-06-13T17:30:09.541+0000] {processor.py:925} INFO - DAG(s) 'example_branch_operator' retrieved from /home/airflow/.local/lib/python3.12/site-packages/airflow/example_dags/example_branch_operator.py
[2026-06-13T17:30:09.561+0000] {logging_mixin.py:190} INFO - [2026-06-13T17:30:09.561+0000] {dag.py:3239} INFO - Sync 1 DAGs
[2026-06-13T17:30:09.578+0000] {logging_mixin.py:190} INFO - [2026-06-13T17:30:09.578+0000] {dag.py:4180} INFO - Setting next_dagrun for example_branch_operator to 2026-06-12 00:00:00+00:00, run_after=2026-06-13 00:00:00+00:00
[2026-06-13T17:30:09.597+0000] {processor.py:208} INFO - Processing /home/airflow/.local/lib/python3.12/site-packages/airflow/example_dags/example_branch_operator.py took 0.077 seconds
[2026-06-13T17:30:39.844+0000] {processor.py:186} INFO - Started process (PID=4886) to work on /home/airflow/.local/lib/python3.12/site-packages/airflow/example_dags/example_branch_operator.py
[2026-06-13T17:30:39.846+0000] {processor.py:914} INFO - Processing file /home/airflow/.local/lib/python3.12/site-packages/airflow/example_dags/example_branch_operator.py for tasks to queue
[2026-06-13T17:30:39.849+0000] {logging_mixin.py:190} INFO - [2026-06-13T17:30:39.848+0000] {dagbag.py:588} INFO - Filling up the DagBag from /home/airflow/.local/lib/python3.12/site-packages/airflow/example_dags/example_branch_operator.py
[2026-06-13T17:30:39.862+0000] {processor.py:925} INFO - DAG(s) 'example_branch_operator' retrieved from /home/airflow/.local/lib/python3.12/site-packages/airflow/example_dags/example_branch_operator.py
[2026-06-13T17:30:39.884+0000] {logging_mixin.py:190} INFO - [2026-06-13T17:30:39.884+0000] {dag.py:3239} INFO - Sync 1 DAGs
[2026-06-13T17:30:39.905+0000] {logging_mixin.py:190} INFO - [2026-06-13T17:30:39.905+0000] {dag.py:4180} INFO - Setting next_dagrun for example_branch_operator to 2026-06-12 00:00:00+00:00, run_after=2026-06-13 00:00:00+00:00
[2026-06-13T17:30:39.921+0000] {processor.py:208} INFO - Processing /home/airflow/.local/lib/python3.12/site-packages/airflow/example_dags/example_branch_operator.py took 0.082 seconds
[2026-06-13T17:31:10.191+0000] {processor.py:186} INFO - Started process (PID=4948) to work on /home/airflow/.local/lib/python3.12/site-packages/airflow/example_dags/example_branch_operator.py
[2026-06-13T17:31:10.193+0000] {processor.py:914} INFO - Processing file /home/airflow/.local/lib/python3.12/site-packages/airflow/example_dags/example_branch_operator.py for tasks to queue
[2026-06-13T17:31:10.195+0000] {logging_mixin.py:190} INFO - [2026-06-13T17:31:10.195+0000] {dagbag.py:588} INFO - Filling up the DagBag from /home/airflow/.local/lib/python3.12/site-packages/airflow/example_dags/example_branch_operator.py
[2026-06-13T17:31:10.208+0000] {processor.py:925} INFO - DAG(s) 'example_branch_operator' retrieved from /home/airflow/.local/lib/python3.12/site-packages/airflow/example_dags/example_branch_operator.py
[2026-06-13T17:31:10.229+0000] {logging_mixin.py:190} INFO - [2026-06-13T17:31:10.229+0000] {dag.py:3239} INFO - Sync 1 DAGs
[2026-06-13T17:31:10.246+0000] {logging_mixin.py:190} INFO - [2026-06-13T17:31:10.246+0000] {dag.py:4180} INFO - Setting next_dagrun for example_branch_operator to 2026-06-12 00:00:00+00:00, run_after=2026-06-13 00:00:00+00:00
[2026-06-13T17:31:10.264+0000] {processor.py:208} INFO - Processing /home/airflow/.local/lib/python3.12/site-packages/airflow/example_dags/example_branch_operator.py took 0.077 seconds
[2026-06-13T17:31:40.705+0000] {processor.py:186} INFO - Started process (PID=5010) to work on /home/airflow/.local/lib/python3.12/site-packages/airflow/example_dags/example_branch_operator.py
[2026-06-13T17:31:40.706+0000] {processor.py:914} INFO - Processing file /home/airflow/.local/lib/python3.12/site-packages/airflow/example_dags/example_branch_operator.py for tasks to queue
[2026-06-13T17:31:40.708+0000] {logging_mixin.py:190} INFO - [2026-06-13T17:31:40.708+0000] {dagbag.py:588} INFO - Filling up the DagBag from /home/airflow/.local/lib/python3.12/site-packages/airflow/example_dags/example_branch_operator.py
[2026-06-13T17:31:40.724+0000] {processor.py:925} INFO - DAG(s) 'example_branch_operator' retrieved from /home/airflow/.local/lib/python3.12/site-packages/airflow/example_dags/example_branch_operator.py
[2026-06-13T17:31:40.747+0000] {logging_mixin.py:190} INFO - [2026-06-13T17:31:40.747+0000] {dag.py:3239} INFO - Sync 1 DAGs
[2026-06-13T17:31:40.765+0000] {logging_mixin.py:190} INFO - [2026-06-13T17:31:40.765+0000] {dag.py:4180} INFO - Setting next_dagrun for example_branch_operator to 2026-06-12 00:00:00+00:00, run_after=2026-06-13 00:00:00+00:00
[2026-06-13T17:31:40.790+0000] {processor.py:208} INFO - Processing /home/airflow/.local/lib/python3.12/site-packages/airflow/example_dags/example_branch_operator.py took 0.092 seconds
[2026-06-13T17:32:11.077+0000] {processor.py:186} INFO - Started process (PID=5072) to work on /home/airflow/.local/lib/python3.12/site-packages/airflow/example_dags/example_branch_operator.py
[2026-06-13T17:32:11.079+0000] {processor.py:914} INFO - Processing file /home/airflow/.local/lib/python3.12/site-packages/airflow/example_dags/example_branch_operator.py for tasks to queue
[2026-06-13T17:32:11.081+0000] {logging_mixin.py:190} INFO - [2026-06-13T17:32:11.081+0000] {dagbag.py:588} INFO - Filling up the DagBag from /home/airflow/.local/lib/python3.12/site-packages/airflow/example_dags/example_branch_operator.py
[2026-06-13T17:32:11.095+0000] {processor.py:925} INFO - DAG(s) 'example_branch_operator' retrieved from /home/airflow/.local/lib/python3.12/site-packages/airflow/example_dags/example_branch_operator.py
[2026-06-13T17:32:11.117+0000] {logging_mixin.py:190} INFO - [2026-06-13T17:32:11.117+0000] {dag.py:3239} INFO - Sync 1 DAGs
[2026-06-13T17:32:11.138+0000] {logging_mixin.py:190} INFO - [2026-06-13T17:32:11.137+0000] {dag.py:4180} INFO - Setting next_dagrun for example_branch_operator to 2026-06-12 00:00:00+00:00, run_after=2026-06-13 00:00:00+00:00
[2026-06-13T17:32:11.158+0000] {processor.py:208} INFO - Processing /home/airflow/.local/lib/python3.12/site-packages/airflow/example_dags/example_branch_operator.py took 0.086 seconds
[2026-06-13T17:32:41.453+0000] {processor.py:186} INFO - Started process (PID=5134) to work on /home/airflow/.local/lib/python3.12/site-packages/airflow/example_dags/example_branch_operator.py
[2026-06-13T17:32:41.454+0000] {processor.py:914} INFO - Processing file /home/airflow/.local/lib/python3.12/site-packages/airflow/example_dags/example_branch_operator.py for tasks to queue
[2026-06-13T17:32:41.456+0000] {logging_mixin.py:190} INFO - [2026-06-13T17:32:41.456+0000] {dagbag.py:588} INFO - Filling up the DagBag from /home/airflow/.local/lib/python3.12/site-packages/airflow/example_dags/example_branch_operator.py
[2026-06-13T17:32:41.469+0000] {processor.py:925} INFO - DAG(s) 'example_branch_operator' retrieved from /home/airflow/.local/lib/python3.12/site-packages/airflow/example_dags/example_branch_operator.py
[2026-06-13T17:32:41.498+0000] {logging_mixin.py:190} INFO - [2026-06-13T17:32:41.498+0000] {dag.py:3239} INFO - Sync 1 DAGs
[2026-06-13T17:32:41.520+0000] {logging_mixin.py:190} INFO - [2026-06-13T17:32:41.520+0000] {dag.py:4180} INFO - Setting next_dagrun for example_branch_operator to 2026-06-12 00:00:00+00:00, run_after=2026-06-13 00:00:00+00:00
[2026-06-13T17:32:41.538+0000] {processor.py:208} INFO - Processing /home/airflow/.local/lib/python3.12/site-packages/airflow/example_dags/example_branch_operator.py took 0.090 seconds
[2026-06-13T17:33:11.874+0000] {processor.py:186} INFO - Started process (PID=5196) to work on /home/airflow/.local/lib/python3.12/site-packages/airflow/example_dags/example_branch_operator.py
[2026-06-13T17:33:11.875+0000] {processor.py:914} INFO - Processing file /home/airflow/.local/lib/python3.12/site-packages/airflow/example_dags/example_branch_operator.py for tasks to queue
[2026-06-13T17:33:11.877+0000] {logging_mixin.py:190} INFO - [2026-06-13T17:33:11.877+0000] {dagbag.py:588} INFO - Filling up the DagBag from /home/airflow/.local/lib/python3.12/site-packages/airflow/example_dags/example_branch_operator.py
[2026-06-13T17:33:11.890+0000] {processor.py:925} INFO - DAG(s) 'example_branch_operator' retrieved from /home/airflow/.local/lib/python3.12/site-packages/airflow/example_dags/example_branch_operator.py
[2026-06-13T17:33:11.912+0000] {logging_mixin.py:190} INFO - [2026-06-13T17:33:11.912+0000] {dag.py:3239} INFO - Sync 1 DAGs
[2026-06-13T17:33:11.930+0000] {logging_mixin.py:190} INFO - [2026-06-13T17:33:11.930+0000] {dag.py:4180} INFO - Setting next_dagrun for example_branch_operator to 2026-06-12 00:00:00+00:00, run_after=2026-06-13 00:00:00+00:00
[2026-06-13T17:33:11.947+0000] {processor.py:208} INFO - Processing /home/airflow/.local/lib/python3.12/site-packages/airflow/example_dags/example_branch_operator.py took 0.078 seconds
[2026-06-13T17:33:42.212+0000] {processor.py:186} INFO - Started process (PID=5258) to work on /home/airflow/.local/lib/python3.12/site-packages/airflow/example_dags/example_branch_operator.py
[2026-06-13T17:33:42.213+0000] {processor.py:914} INFO - Processing file /home/airflow/.local/lib/python3.12/site-packages/airflow/example_dags/example_branch_operator.py for tasks to queue
[2026-06-13T17:33:42.215+0000] {logging_mixin.py:190} INFO - [2026-06-13T17:33:42.215+0000] {dagbag.py:588} INFO - Filling up the DagBag from /home/airflow/.local/lib/python3.12/site-packages/airflow/example_dags/example_branch_operator.py
[2026-06-13T17:33:42.229+0000] {processor.py:925} INFO - DAG(s) 'example_branch_operator' retrieved from /home/airflow/.local/lib/python3.12/site-packages/airflow/example_dags/example_branch_operator.py
[2026-06-13T17:33:42.251+0000] {logging_mixin.py:190} INFO - [2026-06-13T17:33:42.251+0000] {dag.py:3239} INFO - Sync 1 DAGs
[2026-06-13T17:33:42.269+0000] {logging_mixin.py:190} INFO - [2026-06-13T17:33:42.269+0000] {dag.py:4180} INFO - Setting next_dagrun for example_branch_operator to 2026-06-12 00:00:00+00:00, run_after=2026-06-13 00:00:00+00:00
[2026-06-13T17:33:42.287+0000] {processor.py:208} INFO - Processing /home/airflow/.local/lib/python3.12/site-packages/airflow/example_dags/example_branch_operator.py took 0.081 seconds
[2026-06-13T17:34:12.560+0000] {processor.py:186} INFO - Started process (PID=5320) to work on /home/airflow/.local/lib/python3.12/site-packages/airflow/example_dags/example_branch_operator.py
[2026-06-13T17:34:12.561+0000] {processor.py:914} INFO - Processing file /home/airflow/.local/lib/python3.12/site-packages/airflow/example_dags/example_branch_operator.py for tasks to queue
[2026-06-13T17:34:12.564+0000] {logging_mixin.py:190} INFO - [2026-06-13T17:34:12.563+0000] {dagbag.py:588} INFO - Filling up the DagBag from /home/airflow/.local/lib/python3.12/site-packages/airflow/example_dags/example_branch_operator.py
[2026-06-13T17:34:12.576+0000] {processor.py:925} INFO - DAG(s) 'example_branch_operator' retrieved from /home/airflow/.local/lib/python3.12/site-packages/airflow/example_dags/example_branch_operator.py
[2026-06-13T17:34:12.596+0000] {logging_mixin.py:190} INFO - [2026-06-13T17:34:12.596+0000] {dag.py:3239} INFO - Sync 1 DAGs
[2026-06-13T17:34:12.612+0000] {logging_mixin.py:190} INFO - [2026-06-13T17:34:12.612+0000] {dag.py:4180} INFO - Setting next_dagrun for example_branch_operator to 2026-06-12 00:00:00+00:00, run_after=2026-06-13 00:00:00+00:00
[2026-06-13T17:34:12.629+0000] {processor.py:208} INFO - Processing /home/airflow/.local/lib/python3.12/site-packages/airflow/example_dags/example_branch_operator.py took 0.074 seconds
[2026-06-13T17:34:42.783+0000] {processor.py:186} INFO - Started process (PID=5382) to work on /home/airflow/.local/lib/python3.12/site-packages/airflow/example_dags/example_branch_operator.py
[2026-06-13T17:34:42.784+0000] {processor.py:914} INFO - Processing file /home/airflow/.local/lib/python3.12/site-packages/airflow/example_dags/example_branch_operator.py for tasks to queue
[2026-06-13T17:34:42.788+0000] {logging_mixin.py:190} INFO - [2026-06-13T17:34:42.787+0000] {dagbag.py:588} INFO - Filling up the DagBag from /home/airflow/.local/lib/python3.12/site-packages/airflow/example_dags/example_branch_operator.py
[2026-06-13T17:34:42.802+0000] {processor.py:925} INFO - DAG(s) 'example_branch_operator' retrieved from /home/airflow/.local/lib/python3.12/site-packages/airflow/example_dags/example_branch_operator.py
[2026-06-13T17:34:42.823+0000] {logging_mixin.py:190} INFO - [2026-06-13T17:34:42.823+0000] {dag.py:3239} INFO - Sync 1 DAGs
[2026-06-13T17:34:42.842+0000] {logging_mixin.py:190} INFO - [2026-06-13T17:34:42.841+0000] {dag.py:4180} INFO - Setting next_dagrun for example_branch_operator to 2026-06-12 00:00:00+00:00, run_after=2026-06-13 00:00:00+00:00
[2026-06-13T17:34:42.858+0000] {processor.py:208} INFO - Processing /home/airflow/.local/lib/python3.12/site-packages/airflow/example_dags/example_branch_operator.py took 0.080 seconds
[2026-06-13T17:35:13.010+0000] {processor.py:186} INFO - Started process (PID=5444) to work on /home/airflow/.local/lib/python3.12/site-packages/airflow/example_dags/example_branch_operator.py
[2026-06-13T17:35:13.011+0000] {processor.py:914} INFO - Processing file /home/airflow/.local/lib/python3.12/site-packages/airflow/example_dags/example_branch_operator.py for tasks to queue
[2026-06-13T17:35:13.014+0000] {logging_mixin.py:190} INFO - [2026-06-13T17:35:13.014+0000] {dagbag.py:588} INFO - Filling up the DagBag from /home/airflow/.local/lib/python3.12/site-packages/airflow/example_dags/example_branch_operator.py
[2026-06-13T17:35:13.029+0000] {processor.py:925} INFO - DAG(s) 'example_branch_operator' retrieved from /home/airflow/.local/lib/python3.12/site-packages/airflow/example_dags/example_branch_operator.py
[2026-06-13T17:35:13.052+0000] {logging_mixin.py:190} INFO - [2026-06-13T17:35:13.051+0000] {dag.py:3239} INFO - Sync 1 DAGs
[2026-06-13T17:35:13.071+0000] {logging_mixin.py:190} INFO - [2026-06-13T17:35:13.071+0000] {dag.py:4180} INFO - Setting next_dagrun for example_branch_operator to 2026-06-12 00:00:00+00:00, run_after=2026-06-13 00:00:00+00:00
[2026-06-13T17:35:13.086+0000] {processor.py:208} INFO - Processing /home/airflow/.local/lib/python3.12/site-packages/airflow/example_dags/example_branch_operator.py took 0.082 seconds
[2026-06-13T17:35:43.526+0000] {processor.py:186} INFO - Started process (PID=5506) to work on /home/airflow/.local/lib/python3.12/site-packages/airflow/example_dags/example_branch_operator.py
[2026-06-13T17:35:43.527+0000] {processor.py:914} INFO - Processing file /home/airflow/.local/lib/python3.12/site-packages/airflow/example_dags/example_branch_operator.py for tasks to queue
[2026-06-13T17:35:43.530+0000] {logging_mixin.py:190} INFO - [2026-06-13T17:35:43.530+0000] {dagbag.py:588} INFO - Filling up the DagBag from /home/airflow/.local/lib/python3.12/site-packages/airflow/example_dags/example_branch_operator.py
[2026-06-13T17:35:43.547+0000] {processor.py:925} INFO - DAG(s) 'example_branch_operator' retrieved from /home/airflow/.local/lib/python3.12/site-packages/airflow/example_dags/example_branch_operator.py
[2026-06-13T17:35:43.568+0000] {logging_mixin.py:190} INFO - [2026-06-13T17:35:43.568+0000] {dag.py:3239} INFO - Sync 1 DAGs
[2026-06-13T17:35:43.590+0000] {logging_mixin.py:190} INFO - [2026-06-13T17:35:43.589+0000] {dag.py:4180} INFO - Setting next_dagrun for example_branch_operator to 2026-06-12 00:00:00+00:00, run_after=2026-06-13 00:00:00+00:00
[2026-06-13T17:35:43.612+0000] {processor.py:208} INFO - Processing /home/airflow/.local/lib/python3.12/site-packages/airflow/example_dags/example_branch_operator.py took 0.091 seconds
[2026-06-13T17:36:13.709+0000] {processor.py:186} INFO - Started process (PID=5568) to work on /home/airflow/.local/lib/python3.12/site-packages/airflow/example_dags/example_branch_operator.py
[2026-06-13T17:36:13.710+0000] {processor.py:914} INFO - Processing file /home/airflow/.local/lib/python3.12/site-packages/airflow/example_dags/example_branch_operator.py for tasks to queue
[2026-06-13T17:36:13.712+0000] {logging_mixin.py:190} INFO - [2026-06-13T17:36:13.712+0000] {dagbag.py:588} INFO - Filling up the DagBag from /home/airflow/.local/lib/python3.12/site-packages/airflow/example_dags/example_branch_operator.py
[2026-06-13T17:36:13.726+0000] {processor.py:925} INFO - DAG(s) 'example_branch_operator' retrieved from /home/airflow/.local/lib/python3.12/site-packages/airflow/example_dags/example_branch_operator.py
[2026-06-13T17:36:13.746+0000] {logging_mixin.py:190} INFO - [2026-06-13T17:36:13.746+0000] {dag.py:3239} INFO - Sync 1 DAGs
[2026-06-13T17:36:13.763+0000] {logging_mixin.py:190} INFO - [2026-06-13T17:36:13.763+0000] {dag.py:4180} INFO - Setting next_dagrun for example_branch_operator to 2026-06-12 00:00:00+00:00, run_after=2026-06-13 00:00:00+00:00
[2026-06-13T17:36:13.779+0000] {processor.py:208} INFO - Processing /home/airflow/.local/lib/python3.12/site-packages/airflow/example_dags/example_branch_operator.py took 0.076 seconds
[2026-06-13T17:36:43.913+0000] {processor.py:186} INFO - Started process (PID=5630) to work on /home/airflow/.local/lib/python3.12/site-packages/airflow/example_dags/example_branch_operator.py
[2026-06-13T17:36:43.915+0000] {processor.py:914} INFO - Processing file /home/airflow/.local/lib/python3.12/site-packages/airflow/example_dags/example_branch_operator.py for tasks to queue
[2026-06-13T17:36:43.917+0000] {logging_mixin.py:190} INFO - [2026-06-13T17:36:43.916+0000] {dagbag.py:588} INFO - Filling up the DagBag from /home/airflow/.local/lib/python3.12/site-packages/airflow/example_dags/example_branch_operator.py
[2026-06-13T17:36:43.929+0000] {processor.py:925} INFO - DAG(s) 'example_branch_operator' retrieved from /home/airflow/.local/lib/python3.12/site-packages/airflow/example_dags/example_branch_operator.py
[2026-06-13T17:36:43.949+0000] {logging_mixin.py:190} INFO - [2026-06-13T17:36:43.949+0000] {dag.py:3239} INFO - Sync 1 DAGs
[2026-06-13T17:36:43.968+0000] {logging_mixin.py:190} INFO - [2026-06-13T17:36:43.967+0000] {dag.py:4180} INFO - Setting next_dagrun for example_branch_operator to 2026-06-12 00:00:00+00:00, run_after=2026-06-13 00:00:00+00:00
[2026-06-13T17:36:43.981+0000] {processor.py:208} INFO - Processing /home/airflow/.local/lib/python3.12/site-packages/airflow/example_dags/example_branch_operator.py took 0.073 seconds
[2026-06-13T17:37:14.579+0000] {processor.py:186} INFO - Started process (PID=5692) to work on /home/airflow/.local/lib/python3.12/site-packages/airflow/example_dags/example_branch_operator.py
[2026-06-13T17:37:14.581+0000] {processor.py:914} INFO - Processing file /home/airflow/.local/lib/python3.12/site-packages/airflow/example_dags/example_branch_operator.py for tasks to queue
[2026-06-13T17:37:14.583+0000] {logging_mixin.py:190} INFO - [2026-06-13T17:37:14.582+0000] {dagbag.py:588} INFO - Filling up the DagBag from /home/airflow/.local/lib/python3.12/site-packages/airflow/example_dags/example_branch_operator.py
[2026-06-13T17:37:14.595+0000] {processor.py:925} INFO - DAG(s) 'example_branch_operator' retrieved from /home/airflow/.local/lib/python3.12/site-packages/airflow/example_dags/example_branch_operator.py
[2026-06-13T17:37:14.615+0000] {logging_mixin.py:190} INFO - [2026-06-13T17:37:14.615+0000] {dag.py:3239} INFO - Sync 1 DAGs
[2026-06-13T17:37:14.631+0000] {logging_mixin.py:190} INFO - [2026-06-13T17:37:14.631+0000] {dag.py:4180} INFO - Setting next_dagrun for example_branch_operator to 2026-06-12 00:00:00+00:00, run_after=2026-06-13 00:00:00+00:00
[2026-06-13T17:37:14.659+0000] {processor.py:208} INFO - Processing /home/airflow/.local/lib/python3.12/site-packages/airflow/example_dags/example_branch_operator.py took 0.085 seconds
[2026-06-13T17:37:44.973+0000] {processor.py:186} INFO - Started process (PID=5754) to work on /home/airflow/.local/lib/python3.12/site-packages/airflow/example_dags/example_branch_operator.py
[2026-06-13T17:37:44.974+0000] {processor.py:914} INFO - Processing file /home/airflow/.local/lib/python3.12/site-packages/airflow/example_dags/example_branch_operator.py for tasks to queue
[2026-06-13T17:37:44.977+0000] {logging_mixin.py:190} INFO - [2026-06-13T17:37:44.977+0000] {dagbag.py:588} INFO - Filling up the DagBag from /home/airflow/.local/lib/python3.12/site-packages/airflow/example_dags/example_branch_operator.py
[2026-06-13T17:37:44.989+0000] {processor.py:925} INFO - DAG(s) 'example_branch_operator' retrieved from /home/airflow/.local/lib/python3.12/site-packages/airflow/example_dags/example_branch_operator.py
[2026-06-13T17:37:45.010+0000] {logging_mixin.py:190} INFO - [2026-06-13T17:37:45.009+0000] {dag.py:3239} INFO - Sync 1 DAGs
[2026-06-13T17:37:45.026+0000] {logging_mixin.py:190} INFO - [2026-06-13T17:37:45.026+0000] {dag.py:4180} INFO - Setting next_dagrun for example_branch_operator to 2026-06-12 00:00:00+00:00, run_after=2026-06-13 00:00:00+00:00
[2026-06-13T17:37:45.044+0000] {processor.py:208} INFO - Processing /home/airflow/.local/lib/python3.12/site-packages/airflow/example_dags/example_branch_operator.py took 0.076 seconds
[2026-06-13T17:38:15.954+0000] {processor.py:186} INFO - Started process (PID=5816) to work on /home/airflow/.local/lib/python3.12/site-packages/airflow/example_dags/example_branch_operator.py
[2026-06-13T17:38:15.955+0000] {processor.py:914} INFO - Processing file /home/airflow/.local/lib/python3.12/site-packages/airflow/example_dags/example_branch_operator.py for tasks to queue
[2026-06-13T17:38:15.958+0000] {logging_mixin.py:190} INFO - [2026-06-13T17:38:15.957+0000] {dagbag.py:588} INFO - Filling up the DagBag from /home/airflow/.local/lib/python3.12/site-packages/airflow/example_dags/example_branch_operator.py
[2026-06-13T17:38:15.970+0000] {processor.py:925} INFO - DAG(s) 'example_branch_operator' retrieved from /home/airflow/.local/lib/python3.12/site-packages/airflow/example_dags/example_branch_operator.py
[2026-06-13T17:38:15.990+0000] {logging_mixin.py:190} INFO - [2026-06-13T17:38:15.990+0000] {dag.py:3239} INFO - Sync 1 DAGs
[2026-06-13T17:38:16.006+0000] {logging_mixin.py:190} INFO - [2026-06-13T17:38:16.006+0000] {dag.py:4180} INFO - Setting next_dagrun for example_branch_operator to 2026-06-12 00:00:00+00:00, run_after=2026-06-13 00:00:00+00:00
[2026-06-13T17:38:16.023+0000] {processor.py:208} INFO - Processing /home/airflow/.local/lib/python3.12/site-packages/airflow/example_dags/example_branch_operator.py took 0.074 seconds
[2026-06-13T17:38:46.483+0000] {processor.py:186} INFO - Started process (PID=5878) to work on /home/airflow/.local/lib/python3.12/site-packages/airflow/example_dags/example_branch_operator.py
[2026-06-13T17:38:46.484+0000] {processor.py:914} INFO - Processing file /home/airflow/.local/lib/python3.12/site-packages/airflow/example_dags/example_branch_operator.py for tasks to queue
[2026-06-13T17:38:46.488+0000] {logging_mixin.py:190} INFO - [2026-06-13T17:38:46.487+0000] {dagbag.py:588} INFO - Filling up the DagBag from /home/airflow/.local/lib/python3.12/site-packages/airflow/example_dags/example_branch_operator.py
[2026-06-13T17:38:46.507+0000] {processor.py:925} INFO - DAG(s) 'example_branch_operator' retrieved from /home/airflow/.local/lib/python3.12/site-packages/airflow/example_dags/example_branch_operator.py
[2026-06-13T17:38:46.533+0000] {logging_mixin.py:190} INFO - [2026-06-13T17:38:46.533+0000] {dag.py:3239} INFO - Sync 1 DAGs
[2026-06-13T17:38:46.554+0000] {logging_mixin.py:190} INFO - [2026-06-13T17:38:46.554+0000] {dag.py:4180} INFO - Setting next_dagrun for example_branch_operator to 2026-06-12 00:00:00+00:00, run_after=2026-06-13 00:00:00+00:00
[2026-06-13T17:38:46.570+0000] {processor.py:208} INFO - Processing /home/airflow/.local/lib/python3.12/site-packages/airflow/example_dags/example_branch_operator.py took 0.094 seconds
[2026-06-13T17:39:17.013+0000] {processor.py:186} INFO - Started process (PID=5940) to work on /home/airflow/.local/lib/python3.12/site-packages/airflow/example_dags/example_branch_operator.py
[2026-06-13T17:39:17.014+0000] {processor.py:914} INFO - Processing file /home/airflow/.local/lib/python3.12/site-packages/airflow/example_dags/example_branch_operator.py for tasks to queue
[2026-06-13T17:39:17.017+0000] {logging_mixin.py:190} INFO - [2026-06-13T17:39:17.016+0000] {dagbag.py:588} INFO - Filling up the DagBag from /home/airflow/.local/lib/python3.12/site-packages/airflow/example_dags/example_branch_operator.py
[2026-06-13T17:39:17.032+0000] {processor.py:925} INFO - DAG(s) 'example_branch_operator' retrieved from /home/airflow/.local/lib/python3.12/site-packages/airflow/example_dags/example_branch_operator.py
[2026-06-13T17:39:17.062+0000] {logging_mixin.py:190} INFO - [2026-06-13T17:39:17.062+0000] {dag.py:3239} INFO - Sync 1 DAGs
[2026-06-13T17:39:17.086+0000] {logging_mixin.py:190} INFO - [2026-06-13T17:39:17.085+0000] {dag.py:4180} INFO - Setting next_dagrun for example_branch_operator to 2026-06-12 00:00:00+00:00, run_after=2026-06-13 00:00:00+00:00
[2026-06-13T17:39:17.105+0000] {processor.py:208} INFO - Processing /home/airflow/.local/lib/python3.12/site-packages/airflow/example_dags/example_branch_operator.py took 0.097 seconds
[2026-06-13T17:39:47.259+0000] {processor.py:186} INFO - Started process (PID=6002) to work on /home/airflow/.local/lib/python3.12/site-packages/airflow/example_dags/example_branch_operator.py
[2026-06-13T17:39:47.260+0000] {processor.py:914} INFO - Processing file /home/airflow/.local/lib/python3.12/site-packages/airflow/example_dags/example_branch_operator.py for tasks to queue
[2026-06-13T17:39:47.262+0000] {logging_mixin.py:190} INFO - [2026-06-13T17:39:47.262+0000] {dagbag.py:588} INFO - Filling up the DagBag from /home/airflow/.local/lib/python3.12/site-packages/airflow/example_dags/example_branch_operator.py
[2026-06-13T17:39:47.275+0000] {processor.py:925} INFO - DAG(s) 'example_branch_operator' retrieved from /home/airflow/.local/lib/python3.12/site-packages/airflow/example_dags/example_branch_operator.py
[2026-06-13T17:39:47.296+0000] {logging_mixin.py:190} INFO - [2026-06-13T17:39:47.295+0000] {dag.py:3239} INFO - Sync 1 DAGs
[2026-06-13T17:39:47.312+0000] {logging_mixin.py:190} INFO - [2026-06-13T17:39:47.311+0000] {dag.py:4180} INFO - Setting next_dagrun for example_branch_operator to 2026-06-12 00:00:00+00:00, run_after=2026-06-13 00:00:00+00:00
[2026-06-13T17:39:47.328+0000] {processor.py:208} INFO - Processing /home/airflow/.local/lib/python3.12/site-packages/airflow/example_dags/example_branch_operator.py took 0.074 seconds
[2026-06-13T17:40:17.462+0000] {processor.py:186} INFO - Started process (PID=6064) to work on /home/airflow/.local/lib/python3.12/site-packages/airflow/example_dags/example_branch_operator.py
[2026-06-13T17:40:17.463+0000] {processor.py:914} INFO - Processing file /home/airflow/.local/lib/python3.12/site-packages/airflow/example_dags/example_branch_operator.py for tasks to queue
[2026-06-13T17:40:17.465+0000] {logging_mixin.py:190} INFO - [2026-06-13T17:40:17.465+0000] {dagbag.py:588} INFO - Filling up the DagBag from /home/airflow/.local/lib/python3.12/site-packages/airflow/example_dags/example_branch_operator.py
[2026-06-13T17:40:17.478+0000] {processor.py:925} INFO - DAG(s) 'example_branch_operator' retrieved from /home/airflow/.local/lib/python3.12/site-packages/airflow/example_dags/example_branch_operator.py
[2026-06-13T17:40:17.498+0000] {logging_mixin.py:190} INFO - [2026-06-13T17:40:17.498+0000] {dag.py:3239} INFO - Sync 1 DAGs
[2026-06-13T17:40:17.518+0000] {logging_mixin.py:190} INFO - [2026-06-13T17:40:17.518+0000] {dag.py:4180} INFO - Setting next_dagrun for example_branch_operator to 2026-06-12 00:00:00+00:00, run_after=2026-06-13 00:00:00+00:00
[2026-06-13T17:40:17.534+0000] {processor.py:208} INFO - Processing /home/airflow/.local/lib/python3.12/site-packages/airflow/example_dags/example_branch_operator.py took 0.077 seconds
[2026-06-13T17:40:47.643+0000] {processor.py:186} INFO - Started process (PID=6126) to work on /home/airflow/.local/lib/python3.12/site-packages/airflow/example_dags/example_branch_operator.py
[2026-06-13T17:40:47.644+0000] {processor.py:914} INFO - Processing file /home/airflow/.local/lib/python3.12/site-packages/airflow/example_dags/example_branch_operator.py for tasks to queue
[2026-06-13T17:40:47.647+0000] {logging_mixin.py:190} INFO - [2026-06-13T17:40:47.646+0000] {dagbag.py:588} INFO - Filling up the DagBag from /home/airflow/.local/lib/python3.12/site-packages/airflow/example_dags/example_branch_operator.py
[2026-06-13T17:40:47.660+0000] {processor.py:925} INFO - DAG(s) 'example_branch_operator' retrieved from /home/airflow/.local/lib/python3.12/site-packages/airflow/example_dags/example_branch_operator.py
[2026-06-13T17:40:47.683+0000] {logging_mixin.py:190} INFO - [2026-06-13T17:40:47.683+0000] {dag.py:3239} INFO - Sync 1 DAGs
[2026-06-13T17:40:47.700+0000] {logging_mixin.py:190} INFO - [2026-06-13T17:40:47.700+0000] {dag.py:4180} INFO - Setting next_dagrun for example_branch_operator to 2026-06-12 00:00:00+00:00, run_after=2026-06-13 00:00:00+00:00
[2026-06-13T17:40:47.716+0000] {processor.py:208} INFO - Processing /home/airflow/.local/lib/python3.12/site-packages/airflow/example_dags/example_branch_operator.py took 0.078 seconds
[2026-06-13T17:41:18.205+0000] {processor.py:186} INFO - Started process (PID=6188) to work on /home/airflow/.local/lib/python3.12/site-packages/airflow/example_dags/example_branch_operator.py
[2026-06-13T17:41:18.207+0000] {processor.py:914} INFO - Processing file /home/airflow/.local/lib/python3.12/site-packages/airflow/example_dags/example_branch_operator.py for tasks to queue
[2026-06-13T17:41:18.209+0000] {logging_mixin.py:190} INFO - [2026-06-13T17:41:18.209+0000] {dagbag.py:588} INFO - Filling up the DagBag from /home/airflow/.local/lib/python3.12/site-packages/airflow/example_dags/example_branch_operator.py
[2026-06-13T17:41:18.221+0000] {processor.py:925} INFO - DAG(s) 'example_branch_operator' retrieved from /home/airflow/.local/lib/python3.12/site-packages/airflow/example_dags/example_branch_operator.py
[2026-06-13T17:41:18.241+0000] {logging_mixin.py:190} INFO - [2026-06-13T17:41:18.241+0000] {dag.py:3239} INFO - Sync 1 DAGs
[2026-06-13T17:41:18.256+0000] {logging_mixin.py:190} INFO - [2026-06-13T17:41:18.256+0000] {dag.py:4180} INFO - Setting next_dagrun for example_branch_operator to 2026-06-12 00:00:00+00:00, run_after=2026-06-13 00:00:00+00:00
[2026-06-13T17:41:18.274+0000] {processor.py:208} INFO - Processing /home/airflow/.local/lib/python3.12/site-packages/airflow/example_dags/example_branch_operator.py took 0.073 seconds
[2026-06-13T17:41:48.366+0000] {processor.py:186} INFO - Started process (PID=6250) to work on /home/airflow/.local/lib/python3.12/site-packages/airflow/example_dags/example_branch_operator.py
[2026-06-13T17:41:48.367+0000] {processor.py:914} INFO - Processing file /home/airflow/.local/lib/python3.12/site-packages/airflow/example_dags/example_branch_operator.py for tasks to queue
[2026-06-13T17:41:48.370+0000] {logging_mixin.py:190} INFO - [2026-06-13T17:41:48.369+0000] {dagbag.py:588} INFO - Filling up the DagBag from /home/airflow/.local/lib/python3.12/site-packages/airflow/example_dags/example_branch_operator.py
[2026-06-13T17:41:48.383+0000] {processor.py:925} INFO - DAG(s) 'example_branch_operator' retrieved from /home/airflow/.local/lib/python3.12/site-packages/airflow/example_dags/example_branch_operator.py
[2026-06-13T17:41:48.404+0000] {logging_mixin.py:190} INFO - [2026-06-13T17:41:48.404+0000] {dag.py:3239} INFO - Sync 1 DAGs
[2026-06-13T17:41:48.421+0000] {logging_mixin.py:190} INFO - [2026-06-13T17:41:48.421+0000] {dag.py:4180} INFO - Setting next_dagrun for example_branch_operator to 2026-06-12 00:00:00+00:00, run_after=2026-06-13 00:00:00+00:00
[2026-06-13T17:41:48.436+0000] {processor.py:208} INFO - Processing /home/airflow/.local/lib/python3.12/site-packages/airflow/example_dags/example_branch_operator.py took 0.075 seconds
[2026-06-13T17:42:18.560+0000] {processor.py:186} INFO - Started process (PID=6312) to work on /home/airflow/.local/lib/python3.12/site-packages/airflow/example_dags/example_branch_operator.py
[2026-06-13T17:42:18.561+0000] {processor.py:914} INFO - Processing file /home/airflow/.local/lib/python3.12/site-packages/airflow/example_dags/example_branch_operator.py for tasks to queue
[2026-06-13T17:42:18.563+0000] {logging_mixin.py:190} INFO - [2026-06-13T17:42:18.563+0000] {dagbag.py:588} INFO - Filling up the DagBag from /home/airflow/.local/lib/python3.12/site-packages/airflow/example_dags/example_branch_operator.py
[2026-06-13T17:42:18.575+0000] {processor.py:925} INFO - DAG(s) 'example_branch_operator' retrieved from /home/airflow/.local/lib/python3.12/site-packages/airflow/example_dags/example_branch_operator.py
[2026-06-13T17:42:18.596+0000] {logging_mixin.py:190} INFO - [2026-06-13T17:42:18.596+0000] {dag.py:3239} INFO - Sync 1 DAGs
[2026-06-13T17:42:18.623+0000] {logging_mixin.py:190} INFO - [2026-06-13T17:42:18.623+0000] {dag.py:4180} INFO - Setting next_dagrun for example_branch_operator to 2026-06-12 00:00:00+00:00, run_after=2026-06-13 00:00:00+00:00
[2026-06-13T17:42:18.646+0000] {processor.py:208} INFO - Processing /home/airflow/.local/lib/python3.12/site-packages/airflow/example_dags/example_branch_operator.py took 0.090 seconds
[2026-06-13T17:42:48.961+0000] {processor.py:186} INFO - Started process (PID=6374) to work on /home/airflow/.local/lib/python3.12/site-packages/airflow/example_dags/example_branch_operator.py
[2026-06-13T17:42:48.963+0000] {processor.py:914} INFO - Processing file /home/airflow/.local/lib/python3.12/site-packages/airflow/example_dags/example_branch_operator.py for tasks to queue
[2026-06-13T17:42:48.965+0000] {logging_mixin.py:190} INFO - [2026-06-13T17:42:48.965+0000] {dagbag.py:588} INFO - Filling up the DagBag from /home/airflow/.local/lib/python3.12/site-packages/airflow/example_dags/example_branch_operator.py
[2026-06-13T17:42:48.980+0000] {processor.py:925} INFO - DAG(s) 'example_branch_operator' retrieved from /home/airflow/.local/lib/python3.12/site-packages/airflow/example_dags/example_branch_operator.py
[2026-06-13T17:42:49.003+0000] {logging_mixin.py:190} INFO - [2026-06-13T17:42:49.003+0000] {dag.py:3239} INFO - Sync 1 DAGs
[2026-06-13T17:42:49.021+0000] {logging_mixin.py:190} INFO - [2026-06-13T17:42:49.021+0000] {dag.py:4180} INFO - Setting next_dagrun for example_branch_operator to 2026-06-12 00:00:00+00:00, run_after=2026-06-13 00:00:00+00:00
[2026-06-13T17:42:49.040+0000] {processor.py:208} INFO - Processing /home/airflow/.local/lib/python3.12/site-packages/airflow/example_dags/example_branch_operator.py took 0.084 seconds
[2026-06-13T17:43:19.490+0000] {processor.py:186} INFO - Started process (PID=6436) to work on /home/airflow/.local/lib/python3.12/site-packages/airflow/example_dags/example_branch_operator.py
[2026-06-13T17:43:19.491+0000] {processor.py:914} INFO - Processing file /home/airflow/.local/lib/python3.12/site-packages/airflow/example_dags/example_branch_operator.py for tasks to queue
[2026-06-13T17:43:19.493+0000] {logging_mixin.py:190} INFO - [2026-06-13T17:43:19.492+0000] {dagbag.py:588} INFO - Filling up the DagBag from /home/airflow/.local/lib/python3.12/site-packages/airflow/example_dags/example_branch_operator.py
[2026-06-13T17:43:19.508+0000] {processor.py:925} INFO - DAG(s) 'example_branch_operator' retrieved from /home/airflow/.local/lib/python3.12/site-packages/airflow/example_dags/example_branch_operator.py
[2026-06-13T17:43:19.530+0000] {logging_mixin.py:190} INFO - [2026-06-13T17:43:19.530+0000] {dag.py:3239} INFO - Sync 1 DAGs
[2026-06-13T17:43:19.550+0000] {logging_mixin.py:190} INFO - [2026-06-13T17:43:19.550+0000] {dag.py:4180} INFO - Setting next_dagrun for example_branch_operator to 2026-06-12 00:00:00+00:00, run_after=2026-06-13 00:00:00+00:00
[2026-06-13T17:43:19.568+0000] {processor.py:208} INFO - Processing /home/airflow/.local/lib/python3.12/site-packages/airflow/example_dags/example_branch_operator.py took 0.084 seconds
[2026-06-13T17:43:49.619+0000] {processor.py:186} INFO - Started process (PID=6498) to work on /home/airflow/.local/lib/python3.12/site-packages/airflow/example_dags/example_branch_operator.py
[2026-06-13T17:43:49.620+0000] {processor.py:914} INFO - Processing file /home/airflow/.local/lib/python3.12/site-packages/airflow/example_dags/example_branch_operator.py for tasks to queue
[2026-06-13T17:43:49.622+0000] {logging_mixin.py:190} INFO - [2026-06-13T17:43:49.622+0000] {dagbag.py:588} INFO - Filling up the DagBag from /home/airflow/.local/lib/python3.12/site-packages/airflow/example_dags/example_branch_operator.py
[2026-06-13T17:43:49.634+0000] {processor.py:925} INFO - DAG(s) 'example_branch_operator' retrieved from /home/airflow/.local/lib/python3.12/site-packages/airflow/example_dags/example_branch_operator.py
[2026-06-13T17:43:49.654+0000] {logging_mixin.py:190} INFO - [2026-06-13T17:43:49.654+0000] {dag.py:3239} INFO - Sync 1 DAGs
[2026-06-13T17:43:49.671+0000] {logging_mixin.py:190} INFO - [2026-06-13T17:43:49.671+0000] {dag.py:4180} INFO - Setting next_dagrun for example_branch_operator to 2026-06-12 00:00:00+00:00, run_after=2026-06-13 00:00:00+00:00
[2026-06-13T17:43:49.686+0000] {processor.py:208} INFO - Processing /home/airflow/.local/lib/python3.12/site-packages/airflow/example_dags/example_branch_operator.py took 0.072 seconds
[2026-06-13T17:44:19.752+0000] {processor.py:186} INFO - Started process (PID=6560) to work on /home/airflow/.local/lib/python3.12/site-packages/airflow/example_dags/example_branch_operator.py
[2026-06-13T17:44:19.753+0000] {processor.py:914} INFO - Processing file /home/airflow/.local/lib/python3.12/site-packages/airflow/example_dags/example_branch_operator.py for tasks to queue
[2026-06-13T17:44:19.755+0000] {logging_mixin.py:190} INFO - [2026-06-13T17:44:19.755+0000] {dagbag.py:588} INFO - Filling up the DagBag from /home/airflow/.local/lib/python3.12/site-packages/airflow/example_dags/example_branch_operator.py
[2026-06-13T17:44:19.769+0000] {processor.py:925} INFO - DAG(s) 'example_branch_operator' retrieved from /home/airflow/.local/lib/python3.12/site-packages/airflow/example_dags/example_branch_operator.py
[2026-06-13T17:44:19.791+0000] {logging_mixin.py:190} INFO - [2026-06-13T17:44:19.790+0000] {dag.py:3239} INFO - Sync 1 DAGs
[2026-06-13T17:44:19.810+0000] {logging_mixin.py:190} INFO - [2026-06-13T17:44:19.809+0000] {dag.py:4180} INFO - Setting next_dagrun for example_branch_operator to 2026-06-12 00:00:00+00:00, run_after=2026-06-13 00:00:00+00:00
[2026-06-13T17:44:19.832+0000] {processor.py:208} INFO - Processing /home/airflow/.local/lib/python3.12/site-packages/airflow/example_dags/example_branch_operator.py took 0.085 seconds
[2026-06-13T17:44:50.119+0000] {processor.py:186} INFO - Started process (PID=6622) to work on /home/airflow/.local/lib/python3.12/site-packages/airflow/example_dags/example_branch_operator.py
[2026-06-13T17:44:50.120+0000] {processor.py:914} INFO - Processing file /home/airflow/.local/lib/python3.12/site-packages/airflow/example_dags/example_branch_operator.py for tasks to queue
[2026-06-13T17:44:50.123+0000] {logging_mixin.py:190} INFO - [2026-06-13T17:44:50.122+0000] {dagbag.py:588} INFO - Filling up the DagBag from /home/airflow/.local/lib/python3.12/site-packages/airflow/example_dags/example_branch_operator.py
[2026-06-13T17:44:50.135+0000] {processor.py:925} INFO - DAG(s) 'example_branch_operator' retrieved from /home/airflow/.local/lib/python3.12/site-packages/airflow/example_dags/example_branch_operator.py
[2026-06-13T17:44:50.155+0000] {logging_mixin.py:190} INFO - [2026-06-13T17:44:50.155+0000] {dag.py:3239} INFO - Sync 1 DAGs
[2026-06-13T17:44:50.171+0000] {logging_mixin.py:190} INFO - [2026-06-13T17:44:50.171+0000] {dag.py:4180} INFO - Setting next_dagrun for example_branch_operator to 2026-06-12 00:00:00+00:00, run_after=2026-06-13 00:00:00+00:00
[2026-06-13T17:44:50.189+0000] {processor.py:208} INFO - Processing /home/airflow/.local/lib/python3.12/site-packages/airflow/example_dags/example_branch_operator.py took 0.074 seconds
[2026-06-13T17:45:20.865+0000] {processor.py:186} INFO - Started process (PID=6684) to work on /home/airflow/.local/lib/python3.12/site-packages/airflow/example_dags/example_branch_operator.py
[2026-06-13T17:45:20.867+0000] {processor.py:914} INFO - Processing file /home/airflow/.local/lib/python3.12/site-packages/airflow/example_dags/example_branch_operator.py for tasks to queue
[2026-06-13T17:45:20.869+0000] {logging_mixin.py:190} INFO - [2026-06-13T17:45:20.869+0000] {dagbag.py:588} INFO - Filling up the DagBag from /home/airflow/.local/lib/python3.12/site-packages/airflow/example_dags/example_branch_operator.py
[2026-06-13T17:45:20.881+0000] {processor.py:925} INFO - DAG(s) 'example_branch_operator' retrieved from /home/airflow/.local/lib/python3.12/site-packages/airflow/example_dags/example_branch_operator.py
[2026-06-13T17:45:20.901+0000] {logging_mixin.py:190} INFO - [2026-06-13T17:45:20.901+0000] {dag.py:3239} INFO - Sync 1 DAGs
[2026-06-13T17:45:20.917+0000] {logging_mixin.py:190} INFO - [2026-06-13T17:45:20.917+0000] {dag.py:4180} INFO - Setting next_dagrun for example_branch_operator to 2026-06-12 00:00:00+00:00, run_after=2026-06-13 00:00:00+00:00
[2026-06-13T17:45:20.931+0000] {processor.py:208} INFO - Processing /home/airflow/.local/lib/python3.12/site-packages/airflow/example_dags/example_branch_operator.py took 0.070 seconds
[2026-06-13T17:45:51.324+0000] {processor.py:186} INFO - Started process (PID=6746) to work on /home/airflow/.local/lib/python3.12/site-packages/airflow/example_dags/example_branch_operator.py
[2026-06-13T17:45:51.325+0000] {processor.py:914} INFO - Processing file /home/airflow/.local/lib/python3.12/site-packages/airflow/example_dags/example_branch_operator.py for tasks to queue
[2026-06-13T17:45:51.328+0000] {logging_mixin.py:190} INFO - [2026-06-13T17:45:51.327+0000] {dagbag.py:588} INFO - Filling up the DagBag from /home/airflow/.local/lib/python3.12/site-packages/airflow/example_dags/example_branch_operator.py
[2026-06-13T17:45:51.342+0000] {processor.py:925} INFO - DAG(s) 'example_branch_operator' retrieved from /home/airflow/.local/lib/python3.12/site-packages/airflow/example_dags/example_branch_operator.py
[2026-06-13T17:45:51.362+0000] {logging_mixin.py:190} INFO - [2026-06-13T17:45:51.362+0000] {dag.py:3239} INFO - Sync 1 DAGs
[2026-06-13T17:45:51.378+0000] {logging_mixin.py:190} INFO - [2026-06-13T17:45:51.378+0000] {dag.py:4180} INFO - Setting next_dagrun for example_branch_operator to 2026-06-12 00:00:00+00:00, run_after=2026-06-13 00:00:00+00:00
[2026-06-13T17:45:51.396+0000] {processor.py:208} INFO - Processing /home/airflow/.local/lib/python3.12/site-packages/airflow/example_dags/example_branch_operator.py took 0.076 seconds
[2026-06-13T17:46:21.932+0000] {processor.py:186} INFO - Started process (PID=6808) to work on /home/airflow/.local/lib/python3.12/site-packages/airflow/example_dags/example_branch_operator.py
[2026-06-13T17:46:21.933+0000] {processor.py:914} INFO - Processing file /home/airflow/.local/lib/python3.12/site-packages/airflow/example_dags/example_branch_operator.py for tasks to queue
[2026-06-13T17:46:21.935+0000] {logging_mixin.py:190} INFO - [2026-06-13T17:46:21.935+0000] {dagbag.py:588} INFO - Filling up the DagBag from /home/airflow/.local/lib/python3.12/site-packages/airflow/example_dags/example_branch_operator.py
[2026-06-13T17:46:21.947+0000] {processor.py:925} INFO - DAG(s) 'example_branch_operator' retrieved from /home/airflow/.local/lib/python3.12/site-packages/airflow/example_dags/example_branch_operator.py
[2026-06-13T17:46:21.969+0000] {logging_mixin.py:190} INFO - [2026-06-13T17:46:21.969+0000] {dag.py:3239} INFO - Sync 1 DAGs
[2026-06-13T17:46:21.985+0000] {logging_mixin.py:190} INFO - [2026-06-13T17:46:21.985+0000] {dag.py:4180} INFO - Setting next_dagrun for example_branch_operator to 2026-06-12 00:00:00+00:00, run_after=2026-06-13 00:00:00+00:00
[2026-06-13T17:46:22.003+0000] {processor.py:208} INFO - Processing /home/airflow/.local/lib/python3.12/site-packages/airflow/example_dags/example_branch_operator.py took 0.076 seconds
[2026-06-13T17:46:53.211+0000] {processor.py:186} INFO - Started process (PID=6870) to work on /home/airflow/.local/lib/python3.12/site-packages/airflow/example_dags/example_branch_operator.py
[2026-06-13T17:46:53.212+0000] {processor.py:914} INFO - Processing file /home/airflow/.local/lib/python3.12/site-packages/airflow/example_dags/example_branch_operator.py for tasks to queue
[2026-06-13T17:46:53.215+0000] {logging_mixin.py:190} INFO - [2026-06-13T17:46:53.214+0000] {dagbag.py:588} INFO - Filling up the DagBag from /home/airflow/.local/lib/python3.12/site-packages/airflow/example_dags/example_branch_operator.py
[2026-06-13T17:46:53.228+0000] {processor.py:925} INFO - DAG(s) 'example_branch_operator' retrieved from /home/airflow/.local/lib/python3.12/site-packages/airflow/example_dags/example_branch_operator.py
[2026-06-13T17:46:53.249+0000] {logging_mixin.py:190} INFO - [2026-06-13T17:46:53.249+0000] {dag.py:3239} INFO - Sync 1 DAGs
[2026-06-13T17:46:53.266+0000] {logging_mixin.py:190} INFO - [2026-06-13T17:46:53.265+0000] {dag.py:4180} INFO - Setting next_dagrun for example_branch_operator to 2026-06-12 00:00:00+00:00, run_after=2026-06-13 00:00:00+00:00
[2026-06-13T17:46:53.282+0000] {processor.py:208} INFO - Processing /home/airflow/.local/lib/python3.12/site-packages/airflow/example_dags/example_branch_operator.py took 0.076 seconds
[2026-06-13T17:47:23.613+0000] {processor.py:186} INFO - Started process (PID=6932) to work on /home/airflow/.local/lib/python3.12/site-packages/airflow/example_dags/example_branch_operator.py
[2026-06-13T17:47:23.615+0000] {processor.py:914} INFO - Processing file /home/airflow/.local/lib/python3.12/site-packages/airflow/example_dags/example_branch_operator.py for tasks to queue
[2026-06-13T17:47:23.617+0000] {logging_mixin.py:190} INFO - [2026-06-13T17:47:23.617+0000] {dagbag.py:588} INFO - Filling up the DagBag from /home/airflow/.local/lib/python3.12/site-packages/airflow/example_dags/example_branch_operator.py
[2026-06-13T17:47:23.630+0000] {processor.py:925} INFO - DAG(s) 'example_branch_operator' retrieved from /home/airflow/.local/lib/python3.12/site-packages/airflow/example_dags/example_branch_operator.py
[2026-06-13T17:47:23.654+0000] {logging_mixin.py:190} INFO - [2026-06-13T17:47:23.654+0000] {dag.py:3239} INFO - Sync 1 DAGs
[2026-06-13T17:47:23.671+0000] {logging_mixin.py:190} INFO - [2026-06-13T17:47:23.671+0000] {dag.py:4180} INFO - Setting next_dagrun for example_branch_operator to 2026-06-12 00:00:00+00:00, run_after=2026-06-13 00:00:00+00:00
[2026-06-13T17:47:23.697+0000] {processor.py:208} INFO - Processing /home/airflow/.local/lib/python3.12/site-packages/airflow/example_dags/example_branch_operator.py took 0.088 seconds
[2026-06-13T17:47:54.001+0000] {processor.py:186} INFO - Started process (PID=6994) to work on /home/airflow/.local/lib/python3.12/site-packages/airflow/example_dags/example_branch_operator.py
[2026-06-13T17:47:54.002+0000] {processor.py:914} INFO - Processing file /home/airflow/.local/lib/python3.12/site-packages/airflow/example_dags/example_branch_operator.py for tasks to queue
[2026-06-13T17:47:54.004+0000] {logging_mixin.py:190} INFO - [2026-06-13T17:47:54.004+0000] {dagbag.py:588} INFO - Filling up the DagBag from /home/airflow/.local/lib/python3.12/site-packages/airflow/example_dags/example_branch_operator.py
[2026-06-13T17:47:54.017+0000] {processor.py:925} INFO - DAG(s) 'example_branch_operator' retrieved from /home/airflow/.local/lib/python3.12/site-packages/airflow/example_dags/example_branch_operator.py
[2026-06-13T17:47:54.040+0000] {logging_mixin.py:190} INFO - [2026-06-13T17:47:54.039+0000] {dag.py:3239} INFO - Sync 1 DAGs
[2026-06-13T17:47:54.058+0000] {logging_mixin.py:190} INFO - [2026-06-13T17:47:54.057+0000] {dag.py:4180} INFO - Setting next_dagrun for example_branch_operator to 2026-06-12 00:00:00+00:00, run_after=2026-06-13 00:00:00+00:00
[2026-06-13T17:47:54.075+0000] {processor.py:208} INFO - Processing /home/airflow/.local/lib/python3.12/site-packages/airflow/example_dags/example_branch_operator.py took 0.079 seconds
[2026-06-13T17:48:24.585+0000] {processor.py:186} INFO - Started process (PID=7056) to work on /home/airflow/.local/lib/python3.12/site-packages/airflow/example_dags/example_branch_operator.py
[2026-06-13T17:48:24.586+0000] {processor.py:914} INFO - Processing file /home/airflow/.local/lib/python3.12/site-packages/airflow/example_dags/example_branch_operator.py for tasks to queue
[2026-06-13T17:48:24.588+0000] {logging_mixin.py:190} INFO - [2026-06-13T17:48:24.588+0000] {dagbag.py:588} INFO - Filling up the DagBag from /home/airflow/.local/lib/python3.12/site-packages/airflow/example_dags/example_branch_operator.py
[2026-06-13T17:48:24.602+0000] {processor.py:925} INFO - DAG(s) 'example_branch_operator' retrieved from /home/airflow/.local/lib/python3.12/site-packages/airflow/example_dags/example_branch_operator.py
[2026-06-13T17:48:24.628+0000] {logging_mixin.py:190} INFO - [2026-06-13T17:48:24.628+0000] {dag.py:3239} INFO - Sync 1 DAGs
[2026-06-13T17:48:24.645+0000] {logging_mixin.py:190} INFO - [2026-06-13T17:48:24.645+0000] {dag.py:4180} INFO - Setting next_dagrun for example_branch_operator to 2026-06-12 00:00:00+00:00, run_after=2026-06-13 00:00:00+00:00
[2026-06-13T17:48:24.662+0000] {processor.py:208} INFO - Processing /home/airflow/.local/lib/python3.12/site-packages/airflow/example_dags/example_branch_operator.py took 0.082 seconds
[2026-06-13T17:48:54.724+0000] {processor.py:186} INFO - Started process (PID=7118) to work on /home/airflow/.local/lib/python3.12/site-packages/airflow/example_dags/example_branch_operator.py
[2026-06-13T17:48:54.726+0000] {processor.py:914} INFO - Processing file /home/airflow/.local/lib/python3.12/site-packages/airflow/example_dags/example_branch_operator.py for tasks to queue
[2026-06-13T17:48:54.730+0000] {logging_mixin.py:190} INFO - [2026-06-13T17:48:54.729+0000] {dagbag.py:588} INFO - Filling up the DagBag from /home/airflow/.local/lib/python3.12/site-packages/airflow/example_dags/example_branch_operator.py
[2026-06-13T17:48:54.751+0000] {processor.py:925} INFO - DAG(s) 'example_branch_operator' retrieved from /home/airflow/.local/lib/python3.12/site-packages/airflow/example_dags/example_branch_operator.py
[2026-06-13T17:48:54.789+0000] {logging_mixin.py:190} INFO - [2026-06-13T17:48:54.788+0000] {dag.py:3239} INFO - Sync 1 DAGs
[2026-06-13T17:48:54.819+0000] {logging_mixin.py:190} INFO - [2026-06-13T17:48:54.819+0000] {dag.py:4180} INFO - Setting next_dagrun for example_branch_operator to 2026-06-12 00:00:00+00:00, run_after=2026-06-13 00:00:00+00:00
[2026-06-13T17:48:54.843+0000] {processor.py:208} INFO - Processing /home/airflow/.local/lib/python3.12/site-packages/airflow/example_dags/example_branch_operator.py took 0.129 seconds
[2026-06-13T17:49:25.109+0000] {processor.py:186} INFO - Started process (PID=7180) to work on /home/airflow/.local/lib/python3.12/site-packages/airflow/example_dags/example_branch_operator.py
[2026-06-13T17:49:25.110+0000] {processor.py:914} INFO - Processing file /home/airflow/.local/lib/python3.12/site-packages/airflow/example_dags/example_branch_operator.py for tasks to queue
[2026-06-13T17:49:25.114+0000] {logging_mixin.py:190} INFO - [2026-06-13T17:49:25.114+0000] {dagbag.py:588} INFO - Filling up the DagBag from /home/airflow/.local/lib/python3.12/site-packages/airflow/example_dags/example_branch_operator.py
[2026-06-13T17:49:25.131+0000] {processor.py:925} INFO - DAG(s) 'example_branch_operator' retrieved from /home/airflow/.local/lib/python3.12/site-packages/airflow/example_dags/example_branch_operator.py
[2026-06-13T17:49:25.162+0000] {logging_mixin.py:190} INFO - [2026-06-13T17:49:25.161+0000] {dag.py:3239} INFO - Sync 1 DAGs
[2026-06-13T17:49:25.193+0000] {logging_mixin.py:190} INFO - [2026-06-13T17:49:25.193+0000] {dag.py:4180} INFO - Setting next_dagrun for example_branch_operator to 2026-06-12 00:00:00+00:00, run_after=2026-06-13 00:00:00+00:00
[2026-06-13T17:49:25.221+0000] {processor.py:208} INFO - Processing /home/airflow/.local/lib/python3.12/site-packages/airflow/example_dags/example_branch_operator.py took 0.119 seconds
[2026-06-13T17:49:55.656+0000] {processor.py:186} INFO - Started process (PID=7242) to work on /home/airflow/.local/lib/python3.12/site-packages/airflow/example_dags/example_branch_operator.py
[2026-06-13T17:49:55.658+0000] {processor.py:914} INFO - Processing file /home/airflow/.local/lib/python3.12/site-packages/airflow/example_dags/example_branch_operator.py for tasks to queue
[2026-06-13T17:49:55.663+0000] {logging_mixin.py:190} INFO - [2026-06-13T17:49:55.662+0000] {dagbag.py:588} INFO - Filling up the DagBag from /home/airflow/.local/lib/python3.12/site-packages/airflow/example_dags/example_branch_operator.py
[2026-06-13T17:49:55.691+0000] {processor.py:925} INFO - DAG(s) 'example_branch_operator' retrieved from /home/airflow/.local/lib/python3.12/site-packages/airflow/example_dags/example_branch_operator.py
[2026-06-13T17:49:55.751+0000] {logging_mixin.py:190} INFO - [2026-06-13T17:49:55.750+0000] {dag.py:3239} INFO - Sync 1 DAGs
[2026-06-13T17:49:55.788+0000] {logging_mixin.py:190} INFO - [2026-06-13T17:49:55.788+0000] {dag.py:4180} INFO - Setting next_dagrun for example_branch_operator to 2026-06-12 00:00:00+00:00, run_after=2026-06-13 00:00:00+00:00
[2026-06-13T17:49:55.824+0000] {processor.py:208} INFO - Processing /home/airflow/.local/lib/python3.12/site-packages/airflow/example_dags/example_branch_operator.py took 0.177 seconds
[2026-06-13T17:50:30.099+0000] {processor.py:186} INFO - Started process (PID=7304) to work on /home/airflow/.local/lib/python3.12/site-packages/airflow/example_dags/example_branch_operator.py
[2026-06-13T17:50:30.102+0000] {processor.py:914} INFO - Processing file /home/airflow/.local/lib/python3.12/site-packages/airflow/example_dags/example_branch_operator.py for tasks to queue
[2026-06-13T17:50:30.113+0000] {logging_mixin.py:190} INFO - [2026-06-13T17:50:30.111+0000] {dagbag.py:588} INFO - Filling up the DagBag from /home/airflow/.local/lib/python3.12/site-packages/airflow/example_dags/example_branch_operator.py
[2026-06-13T17:50:30.186+0000] {processor.py:925} INFO - DAG(s) 'example_branch_operator' retrieved from /home/airflow/.local/lib/python3.12/site-packages/airflow/example_dags/example_branch_operator.py
[2026-06-13T17:50:30.314+0000] {logging_mixin.py:190} INFO - [2026-06-13T17:50:30.312+0000] {dag.py:3239} INFO - Sync 1 DAGs
[2026-06-13T17:50:30.416+0000] {logging_mixin.py:190} INFO - [2026-06-13T17:50:30.415+0000] {dag.py:4180} INFO - Setting next_dagrun for example_branch_operator to 2026-06-12 00:00:00+00:00, run_after=2026-06-13 00:00:00+00:00
[2026-06-13T17:50:30.511+0000] {processor.py:208} INFO - Processing /home/airflow/.local/lib/python3.12/site-packages/airflow/example_dags/example_branch_operator.py took 0.434 seconds
[2026-06-13T17:51:00.829+0000] {processor.py:186} INFO - Started process (PID=7367) to work on /home/airflow/.local/lib/python3.12/site-packages/airflow/example_dags/example_branch_operator.py
[2026-06-13T17:51:00.835+0000] {processor.py:914} INFO - Processing file /home/airflow/.local/lib/python3.12/site-packages/airflow/example_dags/example_branch_operator.py for tasks to queue
[2026-06-13T17:51:00.848+0000] {logging_mixin.py:190} INFO - [2026-06-13T17:51:00.846+0000] {dagbag.py:588} INFO - Filling up the DagBag from /home/airflow/.local/lib/python3.12/site-packages/airflow/example_dags/example_branch_operator.py
[2026-06-13T17:51:00.941+0000] {processor.py:925} INFO - DAG(s) 'example_branch_operator' retrieved from /home/airflow/.local/lib/python3.12/site-packages/airflow/example_dags/example_branch_operator.py
[2026-06-13T17:51:01.059+0000] {logging_mixin.py:190} INFO - [2026-06-13T17:51:01.058+0000] {dag.py:3239} INFO - Sync 1 DAGs
[2026-06-13T17:51:01.138+0000] {logging_mixin.py:190} INFO - [2026-06-13T17:51:01.137+0000] {dag.py:4180} INFO - Setting next_dagrun for example_branch_operator to 2026-06-12 00:00:00+00:00, run_after=2026-06-13 00:00:00+00:00
[2026-06-13T17:51:01.191+0000] {processor.py:208} INFO - Processing /home/airflow/.local/lib/python3.12/site-packages/airflow/example_dags/example_branch_operator.py took 0.386 seconds
[2026-06-13T17:51:31.856+0000] {processor.py:186} INFO - Started process (PID=7428) to work on /home/airflow/.local/lib/python3.12/site-packages/airflow/example_dags/example_branch_operator.py
[2026-06-13T17:51:31.860+0000] {processor.py:914} INFO - Processing file /home/airflow/.local/lib/python3.12/site-packages/airflow/example_dags/example_branch_operator.py for tasks to queue
[2026-06-13T17:51:31.866+0000] {logging_mixin.py:190} INFO - [2026-06-13T17:51:31.865+0000] {dagbag.py:588} INFO - Filling up the DagBag from /home/airflow/.local/lib/python3.12/site-packages/airflow/example_dags/example_branch_operator.py
[2026-06-13T17:51:31.914+0000] {processor.py:925} INFO - DAG(s) 'example_branch_operator' retrieved from /home/airflow/.local/lib/python3.12/site-packages/airflow/example_dags/example_branch_operator.py
[2026-06-13T17:51:31.988+0000] {logging_mixin.py:190} INFO - [2026-06-13T17:51:31.987+0000] {dag.py:3239} INFO - Sync 1 DAGs
[2026-06-13T17:51:32.047+0000] {logging_mixin.py:190} INFO - [2026-06-13T17:51:32.046+0000] {dag.py:4180} INFO - Setting next_dagrun for example_branch_operator to 2026-06-12 00:00:00+00:00, run_after=2026-06-13 00:00:00+00:00
[2026-06-13T17:51:32.104+0000] {processor.py:208} INFO - Processing /home/airflow/.local/lib/python3.12/site-packages/airflow/example_dags/example_branch_operator.py took 0.271 seconds
[2026-06-13T17:52:03.673+0000] {processor.py:186} INFO - Started process (PID=7490) to work on /home/airflow/.local/lib/python3.12/site-packages/airflow/example_dags/example_branch_operator.py
[2026-06-13T17:52:03.675+0000] {processor.py:914} INFO - Processing file /home/airflow/.local/lib/python3.12/site-packages/airflow/example_dags/example_branch_operator.py for tasks to queue
[2026-06-13T17:52:03.679+0000] {logging_mixin.py:190} INFO - [2026-06-13T17:52:03.678+0000] {dagbag.py:588} INFO - Filling up the DagBag from /home/airflow/.local/lib/python3.12/site-packages/airflow/example_dags/example_branch_operator.py
[2026-06-13T17:52:03.700+0000] {processor.py:925} INFO - DAG(s) 'example_branch_operator' retrieved from /home/airflow/.local/lib/python3.12/site-packages/airflow/example_dags/example_branch_operator.py
[2026-06-13T17:52:03.747+0000] {logging_mixin.py:190} INFO - [2026-06-13T17:52:03.746+0000] {dag.py:3239} INFO - Sync 1 DAGs
[2026-06-13T17:52:03.783+0000] {logging_mixin.py:190} INFO - [2026-06-13T17:52:03.782+0000] {dag.py:4180} INFO - Setting next_dagrun for example_branch_operator to 2026-06-12 00:00:00+00:00, run_after=2026-06-13 00:00:00+00:00
[2026-06-13T17:52:03.821+0000] {processor.py:208} INFO - Processing /home/airflow/.local/lib/python3.12/site-packages/airflow/example_dags/example_branch_operator.py took 0.155 seconds
[2026-06-13T17:52:34.525+0000] {processor.py:186} INFO - Started process (PID=7553) to work on /home/airflow/.local/lib/python3.12/site-packages/airflow/example_dags/example_branch_operator.py
[2026-06-13T17:52:34.527+0000] {processor.py:914} INFO - Processing file /home/airflow/.local/lib/python3.12/site-packages/airflow/example_dags/example_branch_operator.py for tasks to queue
[2026-06-13T17:52:34.530+0000] {logging_mixin.py:190} INFO - [2026-06-13T17:52:34.530+0000] {dagbag.py:588} INFO - Filling up the DagBag from /home/airflow/.local/lib/python3.12/site-packages/airflow/example_dags/example_branch_operator.py
[2026-06-13T17:52:34.558+0000] {processor.py:925} INFO - DAG(s) 'example_branch_operator' retrieved from /home/airflow/.local/lib/python3.12/site-packages/airflow/example_dags/example_branch_operator.py
[2026-06-13T17:52:34.597+0000] {logging_mixin.py:190} INFO - [2026-06-13T17:52:34.597+0000] {dag.py:3239} INFO - Sync 1 DAGs
[2026-06-13T17:52:34.639+0000] {logging_mixin.py:190} INFO - [2026-06-13T17:52:34.638+0000] {dag.py:4180} INFO - Setting next_dagrun for example_branch_operator to 2026-06-12 00:00:00+00:00, run_after=2026-06-13 00:00:00+00:00
[2026-06-13T17:52:34.671+0000] {processor.py:208} INFO - Processing /home/airflow/.local/lib/python3.12/site-packages/airflow/example_dags/example_branch_operator.py took 0.152 seconds
[2026-06-13T17:53:05.045+0000] {processor.py:186} INFO - Started process (PID=7615) to work on /home/airflow/.local/lib/python3.12/site-packages/airflow/example_dags/example_branch_operator.py
[2026-06-13T17:53:05.047+0000] {processor.py:914} INFO - Processing file /home/airflow/.local/lib/python3.12/site-packages/airflow/example_dags/example_branch_operator.py for tasks to queue
[2026-06-13T17:53:05.050+0000] {logging_mixin.py:190} INFO - [2026-06-13T17:53:05.049+0000] {dagbag.py:588} INFO - Filling up the DagBag from /home/airflow/.local/lib/python3.12/site-packages/airflow/example_dags/example_branch_operator.py
[2026-06-13T17:53:05.066+0000] {processor.py:925} INFO - DAG(s) 'example_branch_operator' retrieved from /home/airflow/.local/lib/python3.12/site-packages/airflow/example_dags/example_branch_operator.py
[2026-06-13T17:53:05.093+0000] {logging_mixin.py:190} INFO - [2026-06-13T17:53:05.093+0000] {dag.py:3239} INFO - Sync 1 DAGs
[2026-06-13T17:53:05.119+0000] {logging_mixin.py:190} INFO - [2026-06-13T17:53:05.119+0000] {dag.py:4180} INFO - Setting next_dagrun for example_branch_operator to 2026-06-12 00:00:00+00:00, run_after=2026-06-13 00:00:00+00:00
[2026-06-13T17:53:05.339+0000] {processor.py:208} INFO - Processing /home/airflow/.local/lib/python3.12/site-packages/airflow/example_dags/example_branch_operator.py took 0.300 seconds
[2026-06-13T17:53:35.486+0000] {processor.py:186} INFO - Started process (PID=7677) to work on /home/airflow/.local/lib/python3.12/site-packages/airflow/example_dags/example_branch_operator.py
[2026-06-13T17:53:35.488+0000] {processor.py:914} INFO - Processing file /home/airflow/.local/lib/python3.12/site-packages/airflow/example_dags/example_branch_operator.py for tasks to queue
[2026-06-13T17:53:35.490+0000] {logging_mixin.py:190} INFO - [2026-06-13T17:53:35.490+0000] {dagbag.py:588} INFO - Filling up the DagBag from /home/airflow/.local/lib/python3.12/site-packages/airflow/example_dags/example_branch_operator.py
[2026-06-13T17:53:35.506+0000] {processor.py:925} INFO - DAG(s) 'example_branch_operator' retrieved from /home/airflow/.local/lib/python3.12/site-packages/airflow/example_dags/example_branch_operator.py
[2026-06-13T17:53:35.530+0000] {logging_mixin.py:190} INFO - [2026-06-13T17:53:35.530+0000] {dag.py:3239} INFO - Sync 1 DAGs
[2026-06-13T17:53:35.551+0000] {logging_mixin.py:190} INFO - [2026-06-13T17:53:35.550+0000] {dag.py:4180} INFO - Setting next_dagrun for example_branch_operator to 2026-06-12 00:00:00+00:00, run_after=2026-06-13 00:00:00+00:00
[2026-06-13T17:53:35.715+0000] {processor.py:208} INFO - Processing /home/airflow/.local/lib/python3.12/site-packages/airflow/example_dags/example_branch_operator.py took 0.234 seconds
[2026-06-13T17:54:05.985+0000] {processor.py:186} INFO - Started process (PID=7739) to work on /home/airflow/.local/lib/python3.12/site-packages/airflow/example_dags/example_branch_operator.py
[2026-06-13T17:54:05.986+0000] {processor.py:914} INFO - Processing file /home/airflow/.local/lib/python3.12/site-packages/airflow/example_dags/example_branch_operator.py for tasks to queue
[2026-06-13T17:54:05.989+0000] {logging_mixin.py:190} INFO - [2026-06-13T17:54:05.989+0000] {dagbag.py:588} INFO - Filling up the DagBag from /home/airflow/.local/lib/python3.12/site-packages/airflow/example_dags/example_branch_operator.py
[2026-06-13T17:54:06.004+0000] {processor.py:925} INFO - DAG(s) 'example_branch_operator' retrieved from /home/airflow/.local/lib/python3.12/site-packages/airflow/example_dags/example_branch_operator.py
[2026-06-13T17:54:06.032+0000] {logging_mixin.py:190} INFO - [2026-06-13T17:54:06.031+0000] {dag.py:3239} INFO - Sync 1 DAGs
[2026-06-13T17:54:06.053+0000] {logging_mixin.py:190} INFO - [2026-06-13T17:54:06.052+0000] {dag.py:4180} INFO - Setting next_dagrun for example_branch_operator to 2026-06-12 00:00:00+00:00, run_after=2026-06-13 00:00:00+00:00
[2026-06-13T17:54:06.074+0000] {processor.py:208} INFO - Processing /home/airflow/.local/lib/python3.12/site-packages/airflow/example_dags/example_branch_operator.py took 0.095 seconds
[2026-06-13T17:54:36.321+0000] {processor.py:186} INFO - Started process (PID=7801) to work on /home/airflow/.local/lib/python3.12/site-packages/airflow/example_dags/example_branch_operator.py
[2026-06-13T17:54:36.322+0000] {processor.py:914} INFO - Processing file /home/airflow/.local/lib/python3.12/site-packages/airflow/example_dags/example_branch_operator.py for tasks to queue
[2026-06-13T17:54:36.325+0000] {logging_mixin.py:190} INFO - [2026-06-13T17:54:36.324+0000] {dagbag.py:588} INFO - Filling up the DagBag from /home/airflow/.local/lib/python3.12/site-packages/airflow/example_dags/example_branch_operator.py
[2026-06-13T17:54:36.343+0000] {processor.py:925} INFO - DAG(s) 'example_branch_operator' retrieved from /home/airflow/.local/lib/python3.12/site-packages/airflow/example_dags/example_branch_operator.py
[2026-06-13T17:54:36.376+0000] {logging_mixin.py:190} INFO - [2026-06-13T17:54:36.375+0000] {dag.py:3239} INFO - Sync 1 DAGs
[2026-06-13T17:54:36.404+0000] {logging_mixin.py:190} INFO - [2026-06-13T17:54:36.403+0000] {dag.py:4180} INFO - Setting next_dagrun for example_branch_operator to 2026-06-12 00:00:00+00:00, run_after=2026-06-13 00:00:00+00:00
[2026-06-13T17:54:36.435+0000] {processor.py:208} INFO - Processing /home/airflow/.local/lib/python3.12/site-packages/airflow/example_dags/example_branch_operator.py took 0.120 seconds
[2026-06-13T17:55:08.111+0000] {processor.py:186} INFO - Started process (PID=7863) to work on /home/airflow/.local/lib/python3.12/site-packages/airflow/example_dags/example_branch_operator.py
[2026-06-13T17:55:08.112+0000] {processor.py:914} INFO - Processing file /home/airflow/.local/lib/python3.12/site-packages/airflow/example_dags/example_branch_operator.py for tasks to queue
[2026-06-13T17:55:08.115+0000] {logging_mixin.py:190} INFO - [2026-06-13T17:55:08.115+0000] {dagbag.py:588} INFO - Filling up the DagBag from /home/airflow/.local/lib/python3.12/site-packages/airflow/example_dags/example_branch_operator.py
[2026-06-13T17:55:08.135+0000] {processor.py:925} INFO - DAG(s) 'example_branch_operator' retrieved from /home/airflow/.local/lib/python3.12/site-packages/airflow/example_dags/example_branch_operator.py
[2026-06-13T17:55:08.352+0000] {logging_mixin.py:190} INFO - [2026-06-13T17:55:08.352+0000] {dag.py:3239} INFO - Sync 1 DAGs
[2026-06-13T17:55:08.374+0000] {logging_mixin.py:190} INFO - [2026-06-13T17:55:08.374+0000] {dag.py:4180} INFO - Setting next_dagrun for example_branch_operator to 2026-06-12 00:00:00+00:00, run_after=2026-06-13 00:00:00+00:00
[2026-06-13T17:55:08.395+0000] {processor.py:208} INFO - Processing /home/airflow/.local/lib/python3.12/site-packages/airflow/example_dags/example_branch_operator.py took 0.291 seconds
[2026-06-13T17:55:39.450+0000] {processor.py:186} INFO - Started process (PID=7925) to work on /home/airflow/.local/lib/python3.12/site-packages/airflow/example_dags/example_branch_operator.py
[2026-06-13T17:55:39.452+0000] {processor.py:914} INFO - Processing file /home/airflow/.local/lib/python3.12/site-packages/airflow/example_dags/example_branch_operator.py for tasks to queue
[2026-06-13T17:55:39.456+0000] {logging_mixin.py:190} INFO - [2026-06-13T17:55:39.455+0000] {dagbag.py:588} INFO - Filling up the DagBag from /home/airflow/.local/lib/python3.12/site-packages/airflow/example_dags/example_branch_operator.py
[2026-06-13T17:55:39.478+0000] {processor.py:925} INFO - DAG(s) 'example_branch_operator' retrieved from /home/airflow/.local/lib/python3.12/site-packages/airflow/example_dags/example_branch_operator.py
[2026-06-13T17:55:39.778+0000] {logging_mixin.py:190} INFO - [2026-06-13T17:55:39.778+0000] {dag.py:3239} INFO - Sync 1 DAGs
[2026-06-13T17:55:39.818+0000] {logging_mixin.py:190} INFO - [2026-06-13T17:55:39.818+0000] {dag.py:4180} INFO - Setting next_dagrun for example_branch_operator to 2026-06-12 00:00:00+00:00, run_after=2026-06-13 00:00:00+00:00
[2026-06-13T17:55:39.866+0000] {processor.py:208} INFO - Processing /home/airflow/.local/lib/python3.12/site-packages/airflow/example_dags/example_branch_operator.py took 0.424 seconds
[2026-06-13T17:56:10.632+0000] {processor.py:186} INFO - Started process (PID=7988) to work on /home/airflow/.local/lib/python3.12/site-packages/airflow/example_dags/example_branch_operator.py
[2026-06-13T17:56:10.633+0000] {processor.py:914} INFO - Processing file /home/airflow/.local/lib/python3.12/site-packages/airflow/example_dags/example_branch_operator.py for tasks to queue
[2026-06-13T17:56:10.636+0000] {logging_mixin.py:190} INFO - [2026-06-13T17:56:10.635+0000] {dagbag.py:588} INFO - Filling up the DagBag from /home/airflow/.local/lib/python3.12/site-packages/airflow/example_dags/example_branch_operator.py
[2026-06-13T17:56:10.650+0000] {processor.py:925} INFO - DAG(s) 'example_branch_operator' retrieved from /home/airflow/.local/lib/python3.12/site-packages/airflow/example_dags/example_branch_operator.py
[2026-06-13T17:56:10.674+0000] {logging_mixin.py:190} INFO - [2026-06-13T17:56:10.674+0000] {dag.py:3239} INFO - Sync 1 DAGs
[2026-06-13T17:56:10.694+0000] {logging_mixin.py:190} INFO - [2026-06-13T17:56:10.694+0000] {dag.py:4180} INFO - Setting next_dagrun for example_branch_operator to 2026-06-12 00:00:00+00:00, run_after=2026-06-13 00:00:00+00:00
[2026-06-13T17:56:10.731+0000] {processor.py:208} INFO - Processing /home/airflow/.local/lib/python3.12/site-packages/airflow/example_dags/example_branch_operator.py took 0.104 seconds
[2026-06-13T17:56:41.227+0000] {processor.py:186} INFO - Started process (PID=8050) to work on /home/airflow/.local/lib/python3.12/site-packages/airflow/example_dags/example_branch_operator.py
[2026-06-13T17:56:41.228+0000] {processor.py:914} INFO - Processing file /home/airflow/.local/lib/python3.12/site-packages/airflow/example_dags/example_branch_operator.py for tasks to queue
[2026-06-13T17:56:41.232+0000] {logging_mixin.py:190} INFO - [2026-06-13T17:56:41.231+0000] {dagbag.py:588} INFO - Filling up the DagBag from /home/airflow/.local/lib/python3.12/site-packages/airflow/example_dags/example_branch_operator.py
[2026-06-13T17:56:41.248+0000] {processor.py:925} INFO - DAG(s) 'example_branch_operator' retrieved from /home/airflow/.local/lib/python3.12/site-packages/airflow/example_dags/example_branch_operator.py
[2026-06-13T17:56:41.273+0000] {logging_mixin.py:190} INFO - [2026-06-13T17:56:41.273+0000] {dag.py:3239} INFO - Sync 1 DAGs
[2026-06-13T17:56:41.297+0000] {logging_mixin.py:190} INFO - [2026-06-13T17:56:41.297+0000] {dag.py:4180} INFO - Setting next_dagrun for example_branch_operator to 2026-06-12 00:00:00+00:00, run_after=2026-06-13 00:00:00+00:00
[2026-06-13T17:56:41.335+0000] {processor.py:208} INFO - Processing /home/airflow/.local/lib/python3.12/site-packages/airflow/example_dags/example_branch_operator.py took 0.113 seconds
[2026-06-13T17:57:11.823+0000] {processor.py:186} INFO - Started process (PID=8118) to work on /home/airflow/.local/lib/python3.12/site-packages/airflow/example_dags/example_branch_operator.py
[2026-06-13T17:57:11.825+0000] {processor.py:914} INFO - Processing file /home/airflow/.local/lib/python3.12/site-packages/airflow/example_dags/example_branch_operator.py for tasks to queue
[2026-06-13T17:57:11.828+0000] {logging_mixin.py:190} INFO - [2026-06-13T17:57:11.827+0000] {dagbag.py:588} INFO - Filling up the DagBag from /home/airflow/.local/lib/python3.12/site-packages/airflow/example_dags/example_branch_operator.py
[2026-06-13T17:57:11.850+0000] {processor.py:925} INFO - DAG(s) 'example_branch_operator' retrieved from /home/airflow/.local/lib/python3.12/site-packages/airflow/example_dags/example_branch_operator.py
[2026-06-13T17:57:11.885+0000] {logging_mixin.py:190} INFO - [2026-06-13T17:57:11.885+0000] {dag.py:3239} INFO - Sync 1 DAGs
[2026-06-13T17:57:11.915+0000] {logging_mixin.py:190} INFO - [2026-06-13T17:57:11.915+0000] {dag.py:4180} INFO - Setting next_dagrun for example_branch_operator to 2026-06-12 00:00:00+00:00, run_after=2026-06-13 00:00:00+00:00
[2026-06-13T17:57:11.951+0000] {processor.py:208} INFO - Processing /home/airflow/.local/lib/python3.12/site-packages/airflow/example_dags/example_branch_operator.py took 0.135 seconds
[2026-06-13T17:57:42.518+0000] {processor.py:186} INFO - Started process (PID=8180) to work on /home/airflow/.local/lib/python3.12/site-packages/airflow/example_dags/example_branch_operator.py
[2026-06-13T17:57:42.519+0000] {processor.py:914} INFO - Processing file /home/airflow/.local/lib/python3.12/site-packages/airflow/example_dags/example_branch_operator.py for tasks to queue
[2026-06-13T17:57:42.522+0000] {logging_mixin.py:190} INFO - [2026-06-13T17:57:42.521+0000] {dagbag.py:588} INFO - Filling up the DagBag from /home/airflow/.local/lib/python3.12/site-packages/airflow/example_dags/example_branch_operator.py
[2026-06-13T17:57:42.544+0000] {processor.py:925} INFO - DAG(s) 'example_branch_operator' retrieved from /home/airflow/.local/lib/python3.12/site-packages/airflow/example_dags/example_branch_operator.py
[2026-06-13T17:57:42.572+0000] {logging_mixin.py:190} INFO - [2026-06-13T17:57:42.572+0000] {dag.py:3239} INFO - Sync 1 DAGs
[2026-06-13T17:57:42.598+0000] {logging_mixin.py:190} INFO - [2026-06-13T17:57:42.598+0000] {dag.py:4180} INFO - Setting next_dagrun for example_branch_operator to 2026-06-12 00:00:00+00:00, run_after=2026-06-13 00:00:00+00:00
[2026-06-13T17:57:42.621+0000] {processor.py:208} INFO - Processing /home/airflow/.local/lib/python3.12/site-packages/airflow/example_dags/example_branch_operator.py took 0.109 seconds
[2026-06-13T17:58:13.448+0000] {processor.py:186} INFO - Started process (PID=8242) to work on /home/airflow/.local/lib/python3.12/site-packages/airflow/example_dags/example_branch_operator.py
[2026-06-13T17:58:13.450+0000] {processor.py:914} INFO - Processing file /home/airflow/.local/lib/python3.12/site-packages/airflow/example_dags/example_branch_operator.py for tasks to queue
[2026-06-13T17:58:13.453+0000] {logging_mixin.py:190} INFO - [2026-06-13T17:58:13.452+0000] {dagbag.py:588} INFO - Filling up the DagBag from /home/airflow/.local/lib/python3.12/site-packages/airflow/example_dags/example_branch_operator.py
[2026-06-13T17:58:13.468+0000] {processor.py:925} INFO - DAG(s) 'example_branch_operator' retrieved from /home/airflow/.local/lib/python3.12/site-packages/airflow/example_dags/example_branch_operator.py
[2026-06-13T17:58:13.495+0000] {logging_mixin.py:190} INFO - [2026-06-13T17:58:13.494+0000] {dag.py:3239} INFO - Sync 1 DAGs
[2026-06-13T17:58:13.519+0000] {logging_mixin.py:190} INFO - [2026-06-13T17:58:13.519+0000] {dag.py:4180} INFO - Setting next_dagrun for example_branch_operator to 2026-06-12 00:00:00+00:00, run_after=2026-06-13 00:00:00+00:00
[2026-06-13T17:58:13.541+0000] {processor.py:208} INFO - Processing /home/airflow/.local/lib/python3.12/site-packages/airflow/example_dags/example_branch_operator.py took 0.101 seconds
[2026-06-13T17:58:43.946+0000] {processor.py:186} INFO - Started process (PID=8304) to work on /home/airflow/.local/lib/python3.12/site-packages/airflow/example_dags/example_branch_operator.py
[2026-06-13T17:58:43.948+0000] {processor.py:914} INFO - Processing file /home/airflow/.local/lib/python3.12/site-packages/airflow/example_dags/example_branch_operator.py for tasks to queue
[2026-06-13T17:58:43.951+0000] {logging_mixin.py:190} INFO - [2026-06-13T17:58:43.950+0000] {dagbag.py:588} INFO - Filling up the DagBag from /home/airflow/.local/lib/python3.12/site-packages/airflow/example_dags/example_branch_operator.py
[2026-06-13T17:58:43.968+0000] {processor.py:925} INFO - DAG(s) 'example_branch_operator' retrieved from /home/airflow/.local/lib/python3.12/site-packages/airflow/example_dags/example_branch_operator.py
[2026-06-13T17:58:43.992+0000] {logging_mixin.py:190} INFO - [2026-06-13T17:58:43.992+0000] {dag.py:3239} INFO - Sync 1 DAGs
[2026-06-13T17:58:44.016+0000] {logging_mixin.py:190} INFO - [2026-06-13T17:58:44.016+0000] {dag.py:4180} INFO - Setting next_dagrun for example_branch_operator to 2026-06-12 00:00:00+00:00, run_after=2026-06-13 00:00:00+00:00
[2026-06-13T17:58:44.042+0000] {processor.py:208} INFO - Processing /home/airflow/.local/lib/python3.12/site-packages/airflow/example_dags/example_branch_operator.py took 0.103 seconds
[2026-06-13T17:59:14.726+0000] {processor.py:186} INFO - Started process (PID=8366) to work on /home/airflow/.local/lib/python3.12/site-packages/airflow/example_dags/example_branch_operator.py
[2026-06-13T17:59:14.728+0000] {processor.py:914} INFO - Processing file /home/airflow/.local/lib/python3.12/site-packages/airflow/example_dags/example_branch_operator.py for tasks to queue
[2026-06-13T17:59:14.730+0000] {logging_mixin.py:190} INFO - [2026-06-13T17:59:14.730+0000] {dagbag.py:588} INFO - Filling up the DagBag from /home/airflow/.local/lib/python3.12/site-packages/airflow/example_dags/example_branch_operator.py
[2026-06-13T17:59:14.745+0000] {processor.py:925} INFO - DAG(s) 'example_branch_operator' retrieved from /home/airflow/.local/lib/python3.12/site-packages/airflow/example_dags/example_branch_operator.py
[2026-06-13T17:59:14.767+0000] {logging_mixin.py:190} INFO - [2026-06-13T17:59:14.767+0000] {dag.py:3239} INFO - Sync 1 DAGs
[2026-06-13T17:59:14.788+0000] {logging_mixin.py:190} INFO - [2026-06-13T17:59:14.788+0000] {dag.py:4180} INFO - Setting next_dagrun for example_branch_operator to 2026-06-12 00:00:00+00:00, run_after=2026-06-13 00:00:00+00:00
[2026-06-13T17:59:14.811+0000] {processor.py:208} INFO - Processing /home/airflow/.local/lib/python3.12/site-packages/airflow/example_dags/example_branch_operator.py took 0.090 seconds
[2026-06-13T17:59:45.056+0000] {processor.py:186} INFO - Started process (PID=8428) to work on /home/airflow/.local/lib/python3.12/site-packages/airflow/example_dags/example_branch_operator.py
[2026-06-13T17:59:45.057+0000] {processor.py:914} INFO - Processing file /home/airflow/.local/lib/python3.12/site-packages/airflow/example_dags/example_branch_operator.py for tasks to queue
[2026-06-13T17:59:45.061+0000] {logging_mixin.py:190} INFO - [2026-06-13T17:59:45.060+0000] {dagbag.py:588} INFO - Filling up the DagBag from /home/airflow/.local/lib/python3.12/site-packages/airflow/example_dags/example_branch_operator.py
[2026-06-13T17:59:45.080+0000] {processor.py:925} INFO - DAG(s) 'example_branch_operator' retrieved from /home/airflow/.local/lib/python3.12/site-packages/airflow/example_dags/example_branch_operator.py
[2026-06-13T17:59:45.106+0000] {logging_mixin.py:190} INFO - [2026-06-13T17:59:45.106+0000] {dag.py:3239} INFO - Sync 1 DAGs
[2026-06-13T17:59:45.130+0000] {logging_mixin.py:190} INFO - [2026-06-13T17:59:45.130+0000] {dag.py:4180} INFO - Setting next_dagrun for example_branch_operator to 2026-06-12 00:00:00+00:00, run_after=2026-06-13 00:00:00+00:00
[2026-06-13T17:59:45.151+0000] {processor.py:208} INFO - Processing /home/airflow/.local/lib/python3.12/site-packages/airflow/example_dags/example_branch_operator.py took 0.100 seconds
[2026-06-13T18:00:15.707+0000] {processor.py:186} INFO - Started process (PID=8491) to work on /home/airflow/.local/lib/python3.12/site-packages/airflow/example_dags/example_branch_operator.py
[2026-06-13T18:00:15.709+0000] {processor.py:914} INFO - Processing file /home/airflow/.local/lib/python3.12/site-packages/airflow/example_dags/example_branch_operator.py for tasks to queue
[2026-06-13T18:00:15.712+0000] {logging_mixin.py:190} INFO - [2026-06-13T18:00:15.711+0000] {dagbag.py:588} INFO - Filling up the DagBag from /home/airflow/.local/lib/python3.12/site-packages/airflow/example_dags/example_branch_operator.py
[2026-06-13T18:00:15.730+0000] {processor.py:925} INFO - DAG(s) 'example_branch_operator' retrieved from /home/airflow/.local/lib/python3.12/site-packages/airflow/example_dags/example_branch_operator.py
[2026-06-13T18:00:15.756+0000] {logging_mixin.py:190} INFO - [2026-06-13T18:00:15.755+0000] {dag.py:3239} INFO - Sync 1 DAGs
[2026-06-13T18:00:15.779+0000] {logging_mixin.py:190} INFO - [2026-06-13T18:00:15.779+0000] {dag.py:4180} INFO - Setting next_dagrun for example_branch_operator to 2026-06-12 00:00:00+00:00, run_after=2026-06-13 00:00:00+00:00
[2026-06-13T18:00:15.800+0000] {processor.py:208} INFO - Processing /home/airflow/.local/lib/python3.12/site-packages/airflow/example_dags/example_branch_operator.py took 0.098 seconds
[2026-06-13T18:00:45.988+0000] {processor.py:186} INFO - Started process (PID=8553) to work on /home/airflow/.local/lib/python3.12/site-packages/airflow/example_dags/example_branch_operator.py
[2026-06-13T18:00:45.990+0000] {processor.py:914} INFO - Processing file /home/airflow/.local/lib/python3.12/site-packages/airflow/example_dags/example_branch_operator.py for tasks to queue
[2026-06-13T18:00:45.992+0000] {logging_mixin.py:190} INFO - [2026-06-13T18:00:45.992+0000] {dagbag.py:588} INFO - Filling up the DagBag from /home/airflow/.local/lib/python3.12/site-packages/airflow/example_dags/example_branch_operator.py
[2026-06-13T18:00:46.007+0000] {processor.py:925} INFO - DAG(s) 'example_branch_operator' retrieved from /home/airflow/.local/lib/python3.12/site-packages/airflow/example_dags/example_branch_operator.py
[2026-06-13T18:00:46.034+0000] {logging_mixin.py:190} INFO - [2026-06-13T18:00:46.033+0000] {dag.py:3239} INFO - Sync 1 DAGs
[2026-06-13T18:00:46.054+0000] {logging_mixin.py:190} INFO - [2026-06-13T18:00:46.053+0000] {dag.py:4180} INFO - Setting next_dagrun for example_branch_operator to 2026-06-12 00:00:00+00:00, run_after=2026-06-13 00:00:00+00:00
[2026-06-13T18:00:46.072+0000] {processor.py:208} INFO - Processing /home/airflow/.local/lib/python3.12/site-packages/airflow/example_dags/example_branch_operator.py took 0.089 seconds
[2026-06-13T18:01:16.926+0000] {processor.py:186} INFO - Started process (PID=8615) to work on /home/airflow/.local/lib/python3.12/site-packages/airflow/example_dags/example_branch_operator.py
[2026-06-13T18:01:16.928+0000] {processor.py:914} INFO - Processing file /home/airflow/.local/lib/python3.12/site-packages/airflow/example_dags/example_branch_operator.py for tasks to queue
[2026-06-13T18:01:16.930+0000] {logging_mixin.py:190} INFO - [2026-06-13T18:01:16.930+0000] {dagbag.py:588} INFO - Filling up the DagBag from /home/airflow/.local/lib/python3.12/site-packages/airflow/example_dags/example_branch_operator.py
[2026-06-13T18:01:16.945+0000] {processor.py:925} INFO - DAG(s) 'example_branch_operator' retrieved from /home/airflow/.local/lib/python3.12/site-packages/airflow/example_dags/example_branch_operator.py
[2026-06-13T18:01:16.970+0000] {logging_mixin.py:190} INFO - [2026-06-13T18:01:16.970+0000] {dag.py:3239} INFO - Sync 1 DAGs
[2026-06-13T18:01:16.990+0000] {logging_mixin.py:190} INFO - [2026-06-13T18:01:16.990+0000] {dag.py:4180} INFO - Setting next_dagrun for example_branch_operator to 2026-06-12 00:00:00+00:00, run_after=2026-06-13 00:00:00+00:00
[2026-06-13T18:01:17.009+0000] {processor.py:208} INFO - Processing /home/airflow/.local/lib/python3.12/site-packages/airflow/example_dags/example_branch_operator.py took 0.087 seconds
[2026-06-13T18:01:47.218+0000] {processor.py:186} INFO - Started process (PID=8677) to work on /home/airflow/.local/lib/python3.12/site-packages/airflow/example_dags/example_branch_operator.py
[2026-06-13T18:01:47.220+0000] {processor.py:914} INFO - Processing file /home/airflow/.local/lib/python3.12/site-packages/airflow/example_dags/example_branch_operator.py for tasks to queue
[2026-06-13T18:01:47.224+0000] {logging_mixin.py:190} INFO - [2026-06-13T18:01:47.223+0000] {dagbag.py:588} INFO - Filling up the DagBag from /home/airflow/.local/lib/python3.12/site-packages/airflow/example_dags/example_branch_operator.py
[2026-06-13T18:01:47.244+0000] {processor.py:925} INFO - DAG(s) 'example_branch_operator' retrieved from /home/airflow/.local/lib/python3.12/site-packages/airflow/example_dags/example_branch_operator.py
[2026-06-13T18:01:47.278+0000] {logging_mixin.py:190} INFO - [2026-06-13T18:01:47.277+0000] {dag.py:3239} INFO - Sync 1 DAGs
[2026-06-13T18:01:47.306+0000] {logging_mixin.py:190} INFO - [2026-06-13T18:01:47.306+0000] {dag.py:4180} INFO - Setting next_dagrun for example_branch_operator to 2026-06-12 00:00:00+00:00, run_after=2026-06-13 00:00:00+00:00
[2026-06-13T18:01:47.338+0000] {processor.py:208} INFO - Processing /home/airflow/.local/lib/python3.12/site-packages/airflow/example_dags/example_branch_operator.py took 0.128 seconds
[2026-06-13T18:02:17.938+0000] {processor.py:186} INFO - Started process (PID=8739) to work on /home/airflow/.local/lib/python3.12/site-packages/airflow/example_dags/example_branch_operator.py
[2026-06-13T18:02:17.939+0000] {processor.py:914} INFO - Processing file /home/airflow/.local/lib/python3.12/site-packages/airflow/example_dags/example_branch_operator.py for tasks to queue
[2026-06-13T18:02:17.945+0000] {logging_mixin.py:190} INFO - [2026-06-13T18:02:17.944+0000] {dagbag.py:588} INFO - Filling up the DagBag from /home/airflow/.local/lib/python3.12/site-packages/airflow/example_dags/example_branch_operator.py
[2026-06-13T18:02:17.964+0000] {processor.py:925} INFO - DAG(s) 'example_branch_operator' retrieved from /home/airflow/.local/lib/python3.12/site-packages/airflow/example_dags/example_branch_operator.py
[2026-06-13T18:02:17.997+0000] {logging_mixin.py:190} INFO - [2026-06-13T18:02:17.997+0000] {dag.py:3239} INFO - Sync 1 DAGs
[2026-06-13T18:02:18.028+0000] {logging_mixin.py:190} INFO - [2026-06-13T18:02:18.028+0000] {dag.py:4180} INFO - Setting next_dagrun for example_branch_operator to 2026-06-12 00:00:00+00:00, run_after=2026-06-13 00:00:00+00:00
[2026-06-13T18:02:18.059+0000] {processor.py:208} INFO - Processing /home/airflow/.local/lib/python3.12/site-packages/airflow/example_dags/example_branch_operator.py took 0.128 seconds
[2026-06-13T18:02:48.410+0000] {processor.py:186} INFO - Started process (PID=8800) to work on /home/airflow/.local/lib/python3.12/site-packages/airflow/example_dags/example_branch_operator.py
[2026-06-13T18:02:48.411+0000] {processor.py:914} INFO - Processing file /home/airflow/.local/lib/python3.12/site-packages/airflow/example_dags/example_branch_operator.py for tasks to queue
[2026-06-13T18:02:48.415+0000] {logging_mixin.py:190} INFO - [2026-06-13T18:02:48.414+0000] {dagbag.py:588} INFO - Filling up the DagBag from /home/airflow/.local/lib/python3.12/site-packages/airflow/example_dags/example_branch_operator.py
[2026-06-13T18:02:48.431+0000] {processor.py:925} INFO - DAG(s) 'example_branch_operator' retrieved from /home/airflow/.local/lib/python3.12/site-packages/airflow/example_dags/example_branch_operator.py
[2026-06-13T18:02:48.458+0000] {logging_mixin.py:190} INFO - [2026-06-13T18:02:48.457+0000] {dag.py:3239} INFO - Sync 1 DAGs
[2026-06-13T18:02:48.480+0000] {logging_mixin.py:190} INFO - [2026-06-13T18:02:48.479+0000] {dag.py:4180} INFO - Setting next_dagrun for example_branch_operator to 2026-06-12 00:00:00+00:00, run_after=2026-06-13 00:00:00+00:00
[2026-06-13T18:02:48.500+0000] {processor.py:208} INFO - Processing /home/airflow/.local/lib/python3.12/site-packages/airflow/example_dags/example_branch_operator.py took 0.096 seconds
[2026-06-13T18:03:18.645+0000] {processor.py:186} INFO - Started process (PID=8862) to work on /home/airflow/.local/lib/python3.12/site-packages/airflow/example_dags/example_branch_operator.py
[2026-06-13T18:03:18.646+0000] {processor.py:914} INFO - Processing file /home/airflow/.local/lib/python3.12/site-packages/airflow/example_dags/example_branch_operator.py for tasks to queue
[2026-06-13T18:03:18.648+0000] {logging_mixin.py:190} INFO - [2026-06-13T18:03:18.648+0000] {dagbag.py:588} INFO - Filling up the DagBag from /home/airflow/.local/lib/python3.12/site-packages/airflow/example_dags/example_branch_operator.py
[2026-06-13T18:03:18.663+0000] {processor.py:925} INFO - DAG(s) 'example_branch_operator' retrieved from /home/airflow/.local/lib/python3.12/site-packages/airflow/example_dags/example_branch_operator.py
[2026-06-13T18:03:18.686+0000] {logging_mixin.py:190} INFO - [2026-06-13T18:03:18.685+0000] {dag.py:3239} INFO - Sync 1 DAGs
[2026-06-13T18:03:18.706+0000] {logging_mixin.py:190} INFO - [2026-06-13T18:03:18.706+0000] {dag.py:4180} INFO - Setting next_dagrun for example_branch_operator to 2026-06-12 00:00:00+00:00, run_after=2026-06-13 00:00:00+00:00
[2026-06-13T18:03:18.726+0000] {processor.py:208} INFO - Processing /home/airflow/.local/lib/python3.12/site-packages/airflow/example_dags/example_branch_operator.py took 0.087 seconds
[2026-06-13T18:03:49.044+0000] {processor.py:186} INFO - Started process (PID=8924) to work on /home/airflow/.local/lib/python3.12/site-packages/airflow/example_dags/example_branch_operator.py
[2026-06-13T18:03:49.045+0000] {processor.py:914} INFO - Processing file /home/airflow/.local/lib/python3.12/site-packages/airflow/example_dags/example_branch_operator.py for tasks to queue
[2026-06-13T18:03:49.048+0000] {logging_mixin.py:190} INFO - [2026-06-13T18:03:49.047+0000] {dagbag.py:588} INFO - Filling up the DagBag from /home/airflow/.local/lib/python3.12/site-packages/airflow/example_dags/example_branch_operator.py
[2026-06-13T18:03:49.062+0000] {processor.py:925} INFO - DAG(s) 'example_branch_operator' retrieved from /home/airflow/.local/lib/python3.12/site-packages/airflow/example_dags/example_branch_operator.py
[2026-06-13T18:03:49.086+0000] {logging_mixin.py:190} INFO - [2026-06-13T18:03:49.086+0000] {dag.py:3239} INFO - Sync 1 DAGs
[2026-06-13T18:03:49.105+0000] {logging_mixin.py:190} INFO - [2026-06-13T18:03:49.105+0000] {dag.py:4180} INFO - Setting next_dagrun for example_branch_operator to 2026-06-12 00:00:00+00:00, run_after=2026-06-13 00:00:00+00:00
[2026-06-13T18:03:49.126+0000] {processor.py:208} INFO - Processing /home/airflow/.local/lib/python3.12/site-packages/airflow/example_dags/example_branch_operator.py took 0.088 seconds
[2026-06-13T18:04:19.296+0000] {processor.py:186} INFO - Started process (PID=8986) to work on /home/airflow/.local/lib/python3.12/site-packages/airflow/example_dags/example_branch_operator.py
[2026-06-13T18:04:19.298+0000] {processor.py:914} INFO - Processing file /home/airflow/.local/lib/python3.12/site-packages/airflow/example_dags/example_branch_operator.py for tasks to queue
[2026-06-13T18:04:19.300+0000] {logging_mixin.py:190} INFO - [2026-06-13T18:04:19.300+0000] {dagbag.py:588} INFO - Filling up the DagBag from /home/airflow/.local/lib/python3.12/site-packages/airflow/example_dags/example_branch_operator.py
[2026-06-13T18:04:19.316+0000] {processor.py:925} INFO - DAG(s) 'example_branch_operator' retrieved from /home/airflow/.local/lib/python3.12/site-packages/airflow/example_dags/example_branch_operator.py
[2026-06-13T18:04:19.340+0000] {logging_mixin.py:190} INFO - [2026-06-13T18:04:19.340+0000] {dag.py:3239} INFO - Sync 1 DAGs
[2026-06-13T18:04:19.362+0000] {logging_mixin.py:190} INFO - [2026-06-13T18:04:19.362+0000] {dag.py:4180} INFO - Setting next_dagrun for example_branch_operator to 2026-06-12 00:00:00+00:00, run_after=2026-06-13 00:00:00+00:00
[2026-06-13T18:04:19.380+0000] {processor.py:208} INFO - Processing /home/airflow/.local/lib/python3.12/site-packages/airflow/example_dags/example_branch_operator.py took 0.089 seconds
[2026-06-13T18:04:49.717+0000] {processor.py:186} INFO - Started process (PID=9048) to work on /home/airflow/.local/lib/python3.12/site-packages/airflow/example_dags/example_branch_operator.py
[2026-06-13T18:04:49.719+0000] {processor.py:914} INFO - Processing file /home/airflow/.local/lib/python3.12/site-packages/airflow/example_dags/example_branch_operator.py for tasks to queue
[2026-06-13T18:04:49.722+0000] {logging_mixin.py:190} INFO - [2026-06-13T18:04:49.721+0000] {dagbag.py:588} INFO - Filling up the DagBag from /home/airflow/.local/lib/python3.12/site-packages/airflow/example_dags/example_branch_operator.py
[2026-06-13T18:04:49.736+0000] {processor.py:925} INFO - DAG(s) 'example_branch_operator' retrieved from /home/airflow/.local/lib/python3.12/site-packages/airflow/example_dags/example_branch_operator.py
[2026-06-13T18:04:49.760+0000] {logging_mixin.py:190} INFO - [2026-06-13T18:04:49.760+0000] {dag.py:3239} INFO - Sync 1 DAGs
[2026-06-13T18:04:49.782+0000] {logging_mixin.py:190} INFO - [2026-06-13T18:04:49.781+0000] {dag.py:4180} INFO - Setting next_dagrun for example_branch_operator to 2026-06-12 00:00:00+00:00, run_after=2026-06-13 00:00:00+00:00
[2026-06-13T18:04:49.800+0000] {processor.py:208} INFO - Processing /home/airflow/.local/lib/python3.12/site-packages/airflow/example_dags/example_branch_operator.py took 0.088 seconds
[2026-06-13T18:05:19.992+0000] {processor.py:186} INFO - Started process (PID=9110) to work on /home/airflow/.local/lib/python3.12/site-packages/airflow/example_dags/example_branch_operator.py
[2026-06-13T18:05:19.994+0000] {processor.py:914} INFO - Processing file /home/airflow/.local/lib/python3.12/site-packages/airflow/example_dags/example_branch_operator.py for tasks to queue
[2026-06-13T18:05:19.996+0000] {logging_mixin.py:190} INFO - [2026-06-13T18:05:19.996+0000] {dagbag.py:588} INFO - Filling up the DagBag from /home/airflow/.local/lib/python3.12/site-packages/airflow/example_dags/example_branch_operator.py
[2026-06-13T18:05:20.011+0000] {processor.py:925} INFO - DAG(s) 'example_branch_operator' retrieved from /home/airflow/.local/lib/python3.12/site-packages/airflow/example_dags/example_branch_operator.py
[2026-06-13T18:05:20.040+0000] {logging_mixin.py:190} INFO - [2026-06-13T18:05:20.039+0000] {dag.py:3239} INFO - Sync 1 DAGs
[2026-06-13T18:05:20.067+0000] {logging_mixin.py:190} INFO - [2026-06-13T18:05:20.066+0000] {dag.py:4180} INFO - Setting next_dagrun for example_branch_operator to 2026-06-12 00:00:00+00:00, run_after=2026-06-13 00:00:00+00:00
[2026-06-13T18:05:20.091+0000] {processor.py:208} INFO - Processing /home/airflow/.local/lib/python3.12/site-packages/airflow/example_dags/example_branch_operator.py took 0.105 seconds
[2026-06-13T18:05:50.388+0000] {processor.py:186} INFO - Started process (PID=9173) to work on /home/airflow/.local/lib/python3.12/site-packages/airflow/example_dags/example_branch_operator.py
[2026-06-13T18:05:50.390+0000] {processor.py:914} INFO - Processing file /home/airflow/.local/lib/python3.12/site-packages/airflow/example_dags/example_branch_operator.py for tasks to queue
[2026-06-13T18:05:50.394+0000] {logging_mixin.py:190} INFO - [2026-06-13T18:05:50.393+0000] {dagbag.py:588} INFO - Filling up the DagBag from /home/airflow/.local/lib/python3.12/site-packages/airflow/example_dags/example_branch_operator.py
[2026-06-13T18:05:50.412+0000] {processor.py:925} INFO - DAG(s) 'example_branch_operator' retrieved from /home/airflow/.local/lib/python3.12/site-packages/airflow/example_dags/example_branch_operator.py
[2026-06-13T18:05:50.444+0000] {logging_mixin.py:190} INFO - [2026-06-13T18:05:50.443+0000] {dag.py:3239} INFO - Sync 1 DAGs
[2026-06-13T18:05:50.468+0000] {logging_mixin.py:190} INFO - [2026-06-13T18:05:50.468+0000] {dag.py:4180} INFO - Setting next_dagrun for example_branch_operator to 2026-06-12 00:00:00+00:00, run_after=2026-06-13 00:00:00+00:00
[2026-06-13T18:05:50.493+0000] {processor.py:208} INFO - Processing /home/airflow/.local/lib/python3.12/site-packages/airflow/example_dags/example_branch_operator.py took 0.113 seconds
[2026-06-13T18:06:20.635+0000] {processor.py:186} INFO - Started process (PID=9235) to work on /home/airflow/.local/lib/python3.12/site-packages/airflow/example_dags/example_branch_operator.py
[2026-06-13T18:06:20.636+0000] {processor.py:914} INFO - Processing file /home/airflow/.local/lib/python3.12/site-packages/airflow/example_dags/example_branch_operator.py for tasks to queue
[2026-06-13T18:06:20.639+0000] {logging_mixin.py:190} INFO - [2026-06-13T18:06:20.639+0000] {dagbag.py:588} INFO - Filling up the DagBag from /home/airflow/.local/lib/python3.12/site-packages/airflow/example_dags/example_branch_operator.py
[2026-06-13T18:06:20.652+0000] {processor.py:925} INFO - DAG(s) 'example_branch_operator' retrieved from /home/airflow/.local/lib/python3.12/site-packages/airflow/example_dags/example_branch_operator.py
[2026-06-13T18:06:20.673+0000] {logging_mixin.py:190} INFO - [2026-06-13T18:06:20.673+0000] {dag.py:3239} INFO - Sync 1 DAGs
[2026-06-13T18:06:20.691+0000] {logging_mixin.py:190} INFO - [2026-06-13T18:06:20.691+0000] {dag.py:4180} INFO - Setting next_dagrun for example_branch_operator to 2026-06-12 00:00:00+00:00, run_after=2026-06-13 00:00:00+00:00
[2026-06-13T18:06:20.707+0000] {processor.py:208} INFO - Processing /home/airflow/.local/lib/python3.12/site-packages/airflow/example_dags/example_branch_operator.py took 0.077 seconds
[2026-06-13T18:06:50.909+0000] {processor.py:186} INFO - Started process (PID=9297) to work on /home/airflow/.local/lib/python3.12/site-packages/airflow/example_dags/example_branch_operator.py
[2026-06-13T18:06:50.910+0000] {processor.py:914} INFO - Processing file /home/airflow/.local/lib/python3.12/site-packages/airflow/example_dags/example_branch_operator.py for tasks to queue
[2026-06-13T18:06:50.912+0000] {logging_mixin.py:190} INFO - [2026-06-13T18:06:50.912+0000] {dagbag.py:588} INFO - Filling up the DagBag from /home/airflow/.local/lib/python3.12/site-packages/airflow/example_dags/example_branch_operator.py
[2026-06-13T18:06:50.925+0000] {processor.py:925} INFO - DAG(s) 'example_branch_operator' retrieved from /home/airflow/.local/lib/python3.12/site-packages/airflow/example_dags/example_branch_operator.py
[2026-06-13T18:06:50.947+0000] {logging_mixin.py:190} INFO - [2026-06-13T18:06:50.946+0000] {dag.py:3239} INFO - Sync 1 DAGs
[2026-06-13T18:06:50.965+0000] {logging_mixin.py:190} INFO - [2026-06-13T18:06:50.965+0000] {dag.py:4180} INFO - Setting next_dagrun for example_branch_operator to 2026-06-12 00:00:00+00:00, run_after=2026-06-13 00:00:00+00:00
[2026-06-13T18:06:50.987+0000] {processor.py:208} INFO - Processing /home/airflow/.local/lib/python3.12/site-packages/airflow/example_dags/example_branch_operator.py took 0.082 seconds
[2026-06-13T18:07:21.445+0000] {processor.py:186} INFO - Started process (PID=9359) to work on /home/airflow/.local/lib/python3.12/site-packages/airflow/example_dags/example_branch_operator.py
[2026-06-13T18:07:21.446+0000] {processor.py:914} INFO - Processing file /home/airflow/.local/lib/python3.12/site-packages/airflow/example_dags/example_branch_operator.py for tasks to queue
[2026-06-13T18:07:21.448+0000] {logging_mixin.py:190} INFO - [2026-06-13T18:07:21.448+0000] {dagbag.py:588} INFO - Filling up the DagBag from /home/airflow/.local/lib/python3.12/site-packages/airflow/example_dags/example_branch_operator.py
[2026-06-13T18:07:21.461+0000] {processor.py:925} INFO - DAG(s) 'example_branch_operator' retrieved from /home/airflow/.local/lib/python3.12/site-packages/airflow/example_dags/example_branch_operator.py
[2026-06-13T18:07:21.486+0000] {logging_mixin.py:190} INFO - [2026-06-13T18:07:21.486+0000] {dag.py:3239} INFO - Sync 1 DAGs
[2026-06-13T18:07:21.504+0000] {logging_mixin.py:190} INFO - [2026-06-13T18:07:21.504+0000] {dag.py:4180} INFO - Setting next_dagrun for example_branch_operator to 2026-06-12 00:00:00+00:00, run_after=2026-06-13 00:00:00+00:00
[2026-06-13T18:07:21.521+0000] {processor.py:208} INFO - Processing /home/airflow/.local/lib/python3.12/site-packages/airflow/example_dags/example_branch_operator.py took 0.081 seconds
[2026-06-13T18:07:51.914+0000] {processor.py:186} INFO - Started process (PID=9421) to work on /home/airflow/.local/lib/python3.12/site-packages/airflow/example_dags/example_branch_operator.py
[2026-06-13T18:07:51.915+0000] {processor.py:914} INFO - Processing file /home/airflow/.local/lib/python3.12/site-packages/airflow/example_dags/example_branch_operator.py for tasks to queue
[2026-06-13T18:07:51.917+0000] {logging_mixin.py:190} INFO - [2026-06-13T18:07:51.917+0000] {dagbag.py:588} INFO - Filling up the DagBag from /home/airflow/.local/lib/python3.12/site-packages/airflow/example_dags/example_branch_operator.py
[2026-06-13T18:07:51.934+0000] {processor.py:925} INFO - DAG(s) 'example_branch_operator' retrieved from /home/airflow/.local/lib/python3.12/site-packages/airflow/example_dags/example_branch_operator.py
[2026-06-13T18:07:51.963+0000] {logging_mixin.py:190} INFO - [2026-06-13T18:07:51.963+0000] {dag.py:3239} INFO - Sync 1 DAGs
[2026-06-13T18:07:51.987+0000] {logging_mixin.py:190} INFO - [2026-06-13T18:07:51.986+0000] {dag.py:4180} INFO - Setting next_dagrun for example_branch_operator to 2026-06-12 00:00:00+00:00, run_after=2026-06-13 00:00:00+00:00
[2026-06-13T18:07:52.010+0000] {processor.py:208} INFO - Processing /home/airflow/.local/lib/python3.12/site-packages/airflow/example_dags/example_branch_operator.py took 0.102 seconds
