[2026-06-13T16:50:38.893+0000] {processor.py:186} INFO - Started process (PID=96) to work on /home/airflow/.local/lib/python3.12/site-packages/airflow/example_dags/tutorial.py
[2026-06-13T16:50:38.894+0000] {processor.py:914} INFO - Processing file /home/airflow/.local/lib/python3.12/site-packages/airflow/example_dags/tutorial.py for tasks to queue
[2026-06-13T16:50:38.898+0000] {logging_mixin.py:190} INFO - [2026-06-13T16:50:38.898+0000] {dagbag.py:588} INFO - Filling up the DagBag from /home/airflow/.local/lib/python3.12/site-packages/airflow/example_dags/tutorial.py
[2026-06-13T16:50:38.912+0000] {processor.py:925} INFO - DAG(s) 'tutorial' retrieved from /home/airflow/.local/lib/python3.12/site-packages/airflow/example_dags/tutorial.py
[2026-06-13T16:50:39.045+0000] {logging_mixin.py:190} INFO - [2026-06-13T16:50:39.044+0000] {override.py:1900} INFO - Created Permission View: can edit on DAG:tutorial
[2026-06-13T16:50:39.063+0000] {logging_mixin.py:190} INFO - [2026-06-13T16:50:39.063+0000] {override.py:1900} INFO - Created Permission View: can read on DAG:tutorial
[2026-06-13T16:50:39.075+0000] {logging_mixin.py:190} INFO - [2026-06-13T16:50:39.074+0000] {override.py:1900} INFO - Created Permission View: can delete on DAG:tutorial
[2026-06-13T16:50:39.094+0000] {logging_mixin.py:190} INFO - [2026-06-13T16:50:39.093+0000] {override.py:1900} INFO - Created Permission View: can read on DAG Run:tutorial
[2026-06-13T16:50:39.104+0000] {logging_mixin.py:190} INFO - [2026-06-13T16:50:39.104+0000] {override.py:1900} INFO - Created Permission View: can create on DAG Run:tutorial
[2026-06-13T16:50:39.116+0000] {logging_mixin.py:190} INFO - [2026-06-13T16:50:39.115+0000] {override.py:1900} INFO - Created Permission View: menu access on DAG Run:tutorial
[2026-06-13T16:50:39.127+0000] {logging_mixin.py:190} INFO - [2026-06-13T16:50:39.126+0000] {override.py:1900} INFO - Created Permission View: can delete on DAG Run:tutorial
[2026-06-13T16:50:39.127+0000] {logging_mixin.py:190} INFO - [2026-06-13T16:50:39.127+0000] {dag.py:3239} INFO - Sync 1 DAGs
[2026-06-13T16:50:39.139+0000] {logging_mixin.py:190} INFO - [2026-06-13T16:50:39.139+0000] {dag.py:3262} INFO - Creating ORM DAG for tutorial
[2026-06-13T16:50:39.151+0000] {logging_mixin.py:190} INFO - [2026-06-13T16:50:39.151+0000] {dag.py:4180} INFO - Setting next_dagrun for tutorial to 2026-06-12 00:00:00+00:00, run_after=2026-06-13 00:00:00+00:00
[2026-06-13T16:50:39.179+0000] {processor.py:208} INFO - Processing /home/airflow/.local/lib/python3.12/site-packages/airflow/example_dags/tutorial.py took 0.292 seconds
[2026-06-13T16:51:09.434+0000] {processor.py:186} INFO - Started process (PID=158) to work on /home/airflow/.local/lib/python3.12/site-packages/airflow/example_dags/tutorial.py
[2026-06-13T16:51:09.435+0000] {processor.py:914} INFO - Processing file /home/airflow/.local/lib/python3.12/site-packages/airflow/example_dags/tutorial.py for tasks to queue
[2026-06-13T16:51:09.438+0000] {logging_mixin.py:190} INFO - [2026-06-13T16:51:09.437+0000] {dagbag.py:588} INFO - Filling up the DagBag from /home/airflow/.local/lib/python3.12/site-packages/airflow/example_dags/tutorial.py
[2026-06-13T16:51:09.447+0000] {processor.py:925} INFO - DAG(s) 'tutorial' retrieved from /home/airflow/.local/lib/python3.12/site-packages/airflow/example_dags/tutorial.py
[2026-06-13T16:51:09.474+0000] {logging_mixin.py:190} INFO - [2026-06-13T16:51:09.473+0000] {dag.py:3239} INFO - Sync 1 DAGs
[2026-06-13T16:51:09.504+0000] {logging_mixin.py:190} INFO - [2026-06-13T16:51:09.504+0000] {dag.py:4180} INFO - Setting next_dagrun for tutorial to 2026-06-12 00:00:00+00:00, run_after=2026-06-13 00:00:00+00:00
[2026-06-13T16:51:09.526+0000] {processor.py:208} INFO - Processing /home/airflow/.local/lib/python3.12/site-packages/airflow/example_dags/tutorial.py took 0.099 seconds
[2026-06-13T16:51:39.765+0000] {processor.py:186} INFO - Started process (PID=220) to work on /home/airflow/.local/lib/python3.12/site-packages/airflow/example_dags/tutorial.py
[2026-06-13T16:51:39.767+0000] {processor.py:914} INFO - Processing file /home/airflow/.local/lib/python3.12/site-packages/airflow/example_dags/tutorial.py for tasks to queue
[2026-06-13T16:51:39.771+0000] {logging_mixin.py:190} INFO - [2026-06-13T16:51:39.770+0000] {dagbag.py:588} INFO - Filling up the DagBag from /home/airflow/.local/lib/python3.12/site-packages/airflow/example_dags/tutorial.py
[2026-06-13T16:51:39.784+0000] {processor.py:925} INFO - DAG(s) 'tutorial' retrieved from /home/airflow/.local/lib/python3.12/site-packages/airflow/example_dags/tutorial.py
[2026-06-13T16:51:39.806+0000] {logging_mixin.py:190} INFO - [2026-06-13T16:51:39.805+0000] {dag.py:3239} INFO - Sync 1 DAGs
[2026-06-13T16:51:39.833+0000] {logging_mixin.py:190} INFO - [2026-06-13T16:51:39.833+0000] {dag.py:4180} INFO - Setting next_dagrun for tutorial to 2026-06-12 00:00:00+00:00, run_after=2026-06-13 00:00:00+00:00
[2026-06-13T16:51:39.853+0000] {processor.py:208} INFO - Processing /home/airflow/.local/lib/python3.12/site-packages/airflow/example_dags/tutorial.py took 0.096 seconds
[2026-06-13T16:52:10.394+0000] {processor.py:186} INFO - Started process (PID=282) to work on /home/airflow/.local/lib/python3.12/site-packages/airflow/example_dags/tutorial.py
[2026-06-13T16:52:10.396+0000] {processor.py:914} INFO - Processing file /home/airflow/.local/lib/python3.12/site-packages/airflow/example_dags/tutorial.py for tasks to queue
[2026-06-13T16:52:10.399+0000] {logging_mixin.py:190} INFO - [2026-06-13T16:52:10.398+0000] {dagbag.py:588} INFO - Filling up the DagBag from /home/airflow/.local/lib/python3.12/site-packages/airflow/example_dags/tutorial.py
[2026-06-13T16:52:10.409+0000] {processor.py:925} INFO - DAG(s) 'tutorial' retrieved from /home/airflow/.local/lib/python3.12/site-packages/airflow/example_dags/tutorial.py
[2026-06-13T16:52:10.437+0000] {logging_mixin.py:190} INFO - [2026-06-13T16:52:10.436+0000] {dag.py:3239} INFO - Sync 1 DAGs
[2026-06-13T16:52:10.470+0000] {logging_mixin.py:190} INFO - [2026-06-13T16:52:10.470+0000] {dag.py:4180} INFO - Setting next_dagrun for tutorial to 2026-06-12 00:00:00+00:00, run_after=2026-06-13 00:00:00+00:00
[2026-06-13T16:52:10.493+0000] {processor.py:208} INFO - Processing /home/airflow/.local/lib/python3.12/site-packages/airflow/example_dags/tutorial.py took 0.107 seconds
[2026-06-13T16:53:31.198+0000] {processor.py:186} INFO - Started process (PID=337) to work on /home/airflow/.local/lib/python3.12/site-packages/airflow/example_dags/tutorial.py
[2026-06-13T16:53:31.199+0000] {processor.py:914} INFO - Processing file /home/airflow/.local/lib/python3.12/site-packages/airflow/example_dags/tutorial.py for tasks to queue
[2026-06-13T16:53:31.201+0000] {logging_mixin.py:190} INFO - [2026-06-13T16:53:31.201+0000] {dagbag.py:588} INFO - Filling up the DagBag from /home/airflow/.local/lib/python3.12/site-packages/airflow/example_dags/tutorial.py
[2026-06-13T16:53:31.209+0000] {processor.py:925} INFO - DAG(s) 'tutorial' retrieved from /home/airflow/.local/lib/python3.12/site-packages/airflow/example_dags/tutorial.py
[2026-06-13T16:53:31.231+0000] {logging_mixin.py:190} INFO - [2026-06-13T16:53:31.231+0000] {dag.py:3239} INFO - Sync 1 DAGs
[2026-06-13T16:53:31.251+0000] {logging_mixin.py:190} INFO - [2026-06-13T16:53:31.251+0000] {dag.py:4180} INFO - Setting next_dagrun for tutorial to 2026-06-12 00:00:00+00:00, run_after=2026-06-13 00:00:00+00:00
[2026-06-13T16:53:31.269+0000] {processor.py:208} INFO - Processing /home/airflow/.local/lib/python3.12/site-packages/airflow/example_dags/tutorial.py took 0.076 seconds
[2026-06-13T16:54:01.638+0000] {processor.py:186} INFO - Started process (PID=399) to work on /home/airflow/.local/lib/python3.12/site-packages/airflow/example_dags/tutorial.py
[2026-06-13T16:54:01.640+0000] {processor.py:914} INFO - Processing file /home/airflow/.local/lib/python3.12/site-packages/airflow/example_dags/tutorial.py for tasks to queue
[2026-06-13T16:54:01.647+0000] {logging_mixin.py:190} INFO - [2026-06-13T16:54:01.646+0000] {dagbag.py:588} INFO - Filling up the DagBag from /home/airflow/.local/lib/python3.12/site-packages/airflow/example_dags/tutorial.py
[2026-06-13T16:54:01.658+0000] {processor.py:925} INFO - DAG(s) 'tutorial' retrieved from /home/airflow/.local/lib/python3.12/site-packages/airflow/example_dags/tutorial.py
[2026-06-13T16:54:01.701+0000] {logging_mixin.py:190} INFO - [2026-06-13T16:54:01.701+0000] {dag.py:3239} INFO - Sync 1 DAGs
[2026-06-13T16:54:01.741+0000] {logging_mixin.py:190} INFO - [2026-06-13T16:54:01.740+0000] {dag.py:4180} INFO - Setting next_dagrun for tutorial to 2026-06-12 00:00:00+00:00, run_after=2026-06-13 00:00:00+00:00
[2026-06-13T16:54:01.778+0000] {processor.py:208} INFO - Processing /home/airflow/.local/lib/python3.12/site-packages/airflow/example_dags/tutorial.py took 0.148 seconds
[2026-06-13T16:54:31.954+0000] {processor.py:186} INFO - Started process (PID=461) to work on /home/airflow/.local/lib/python3.12/site-packages/airflow/example_dags/tutorial.py
[2026-06-13T16:54:31.955+0000] {processor.py:914} INFO - Processing file /home/airflow/.local/lib/python3.12/site-packages/airflow/example_dags/tutorial.py for tasks to queue
[2026-06-13T16:54:31.959+0000] {logging_mixin.py:190} INFO - [2026-06-13T16:54:31.958+0000] {dagbag.py:588} INFO - Filling up the DagBag from /home/airflow/.local/lib/python3.12/site-packages/airflow/example_dags/tutorial.py
[2026-06-13T16:54:31.968+0000] {processor.py:925} INFO - DAG(s) 'tutorial' retrieved from /home/airflow/.local/lib/python3.12/site-packages/airflow/example_dags/tutorial.py
[2026-06-13T16:54:31.995+0000] {logging_mixin.py:190} INFO - [2026-06-13T16:54:31.995+0000] {dag.py:3239} INFO - Sync 1 DAGs
[2026-06-13T16:54:32.023+0000] {logging_mixin.py:190} INFO - [2026-06-13T16:54:32.023+0000] {dag.py:4180} INFO - Setting next_dagrun for tutorial to 2026-06-12 00:00:00+00:00, run_after=2026-06-13 00:00:00+00:00
[2026-06-13T16:54:32.049+0000] {processor.py:208} INFO - Processing /home/airflow/.local/lib/python3.12/site-packages/airflow/example_dags/tutorial.py took 0.103 seconds
[2026-06-13T16:55:02.302+0000] {processor.py:186} INFO - Started process (PID=523) to work on /home/airflow/.local/lib/python3.12/site-packages/airflow/example_dags/tutorial.py
[2026-06-13T16:55:02.304+0000] {processor.py:914} INFO - Processing file /home/airflow/.local/lib/python3.12/site-packages/airflow/example_dags/tutorial.py for tasks to queue
[2026-06-13T16:55:02.307+0000] {logging_mixin.py:190} INFO - [2026-06-13T16:55:02.307+0000] {dagbag.py:588} INFO - Filling up the DagBag from /home/airflow/.local/lib/python3.12/site-packages/airflow/example_dags/tutorial.py
[2026-06-13T16:55:02.317+0000] {processor.py:925} INFO - DAG(s) 'tutorial' retrieved from /home/airflow/.local/lib/python3.12/site-packages/airflow/example_dags/tutorial.py
[2026-06-13T16:55:02.342+0000] {logging_mixin.py:190} INFO - [2026-06-13T16:55:02.342+0000] {dag.py:3239} INFO - Sync 1 DAGs
[2026-06-13T16:55:02.373+0000] {logging_mixin.py:190} INFO - [2026-06-13T16:55:02.372+0000] {dag.py:4180} INFO - Setting next_dagrun for tutorial to 2026-06-12 00:00:00+00:00, run_after=2026-06-13 00:00:00+00:00
[2026-06-13T16:55:02.395+0000] {processor.py:208} INFO - Processing /home/airflow/.local/lib/python3.12/site-packages/airflow/example_dags/tutorial.py took 0.100 seconds
[2026-06-13T16:55:32.527+0000] {processor.py:186} INFO - Started process (PID=586) to work on /home/airflow/.local/lib/python3.12/site-packages/airflow/example_dags/tutorial.py
[2026-06-13T16:55:32.529+0000] {processor.py:914} INFO - Processing file /home/airflow/.local/lib/python3.12/site-packages/airflow/example_dags/tutorial.py for tasks to queue
[2026-06-13T16:55:32.532+0000] {logging_mixin.py:190} INFO - [2026-06-13T16:55:32.532+0000] {dagbag.py:588} INFO - Filling up the DagBag from /home/airflow/.local/lib/python3.12/site-packages/airflow/example_dags/tutorial.py
[2026-06-13T16:55:32.543+0000] {processor.py:925} INFO - DAG(s) 'tutorial' retrieved from /home/airflow/.local/lib/python3.12/site-packages/airflow/example_dags/tutorial.py
[2026-06-13T16:55:32.570+0000] {logging_mixin.py:190} INFO - [2026-06-13T16:55:32.569+0000] {dag.py:3239} INFO - Sync 1 DAGs
[2026-06-13T16:55:32.601+0000] {logging_mixin.py:190} INFO - [2026-06-13T16:55:32.601+0000] {dag.py:4180} INFO - Setting next_dagrun for tutorial to 2026-06-12 00:00:00+00:00, run_after=2026-06-13 00:00:00+00:00
[2026-06-13T16:55:32.623+0000] {processor.py:208} INFO - Processing /home/airflow/.local/lib/python3.12/site-packages/airflow/example_dags/tutorial.py took 0.102 seconds
[2026-06-13T16:56:02.787+0000] {processor.py:186} INFO - Started process (PID=648) to work on /home/airflow/.local/lib/python3.12/site-packages/airflow/example_dags/tutorial.py
[2026-06-13T16:56:02.789+0000] {processor.py:914} INFO - Processing file /home/airflow/.local/lib/python3.12/site-packages/airflow/example_dags/tutorial.py for tasks to queue
[2026-06-13T16:56:02.792+0000] {logging_mixin.py:190} INFO - [2026-06-13T16:56:02.792+0000] {dagbag.py:588} INFO - Filling up the DagBag from /home/airflow/.local/lib/python3.12/site-packages/airflow/example_dags/tutorial.py
[2026-06-13T16:56:02.802+0000] {processor.py:925} INFO - DAG(s) 'tutorial' retrieved from /home/airflow/.local/lib/python3.12/site-packages/airflow/example_dags/tutorial.py
[2026-06-13T16:56:02.825+0000] {logging_mixin.py:190} INFO - [2026-06-13T16:56:02.825+0000] {dag.py:3239} INFO - Sync 1 DAGs
[2026-06-13T16:56:02.859+0000] {logging_mixin.py:190} INFO - [2026-06-13T16:56:02.859+0000] {dag.py:4180} INFO - Setting next_dagrun for tutorial to 2026-06-12 00:00:00+00:00, run_after=2026-06-13 00:00:00+00:00
[2026-06-13T16:56:02.885+0000] {processor.py:208} INFO - Processing /home/airflow/.local/lib/python3.12/site-packages/airflow/example_dags/tutorial.py took 0.103 seconds
[2026-06-13T16:56:33.138+0000] {processor.py:186} INFO - Started process (PID=710) to work on /home/airflow/.local/lib/python3.12/site-packages/airflow/example_dags/tutorial.py
[2026-06-13T16:56:33.140+0000] {processor.py:914} INFO - Processing file /home/airflow/.local/lib/python3.12/site-packages/airflow/example_dags/tutorial.py for tasks to queue
[2026-06-13T16:56:33.143+0000] {logging_mixin.py:190} INFO - [2026-06-13T16:56:33.142+0000] {dagbag.py:588} INFO - Filling up the DagBag from /home/airflow/.local/lib/python3.12/site-packages/airflow/example_dags/tutorial.py
[2026-06-13T16:56:33.154+0000] {processor.py:925} INFO - DAG(s) 'tutorial' retrieved from /home/airflow/.local/lib/python3.12/site-packages/airflow/example_dags/tutorial.py
[2026-06-13T16:56:33.178+0000] {logging_mixin.py:190} INFO - [2026-06-13T16:56:33.178+0000] {dag.py:3239} INFO - Sync 1 DAGs
[2026-06-13T16:56:33.207+0000] {logging_mixin.py:190} INFO - [2026-06-13T16:56:33.206+0000] {dag.py:4180} INFO - Setting next_dagrun for tutorial to 2026-06-12 00:00:00+00:00, run_after=2026-06-13 00:00:00+00:00
[2026-06-13T16:56:33.231+0000] {processor.py:208} INFO - Processing /home/airflow/.local/lib/python3.12/site-packages/airflow/example_dags/tutorial.py took 0.100 seconds
[2026-06-13T16:57:03.427+0000] {processor.py:186} INFO - Started process (PID=772) to work on /home/airflow/.local/lib/python3.12/site-packages/airflow/example_dags/tutorial.py
[2026-06-13T16:57:03.429+0000] {processor.py:914} INFO - Processing file /home/airflow/.local/lib/python3.12/site-packages/airflow/example_dags/tutorial.py for tasks to queue
[2026-06-13T16:57:03.432+0000] {logging_mixin.py:190} INFO - [2026-06-13T16:57:03.432+0000] {dagbag.py:588} INFO - Filling up the DagBag from /home/airflow/.local/lib/python3.12/site-packages/airflow/example_dags/tutorial.py
[2026-06-13T16:57:03.442+0000] {processor.py:925} INFO - DAG(s) 'tutorial' retrieved from /home/airflow/.local/lib/python3.12/site-packages/airflow/example_dags/tutorial.py
[2026-06-13T16:57:03.467+0000] {logging_mixin.py:190} INFO - [2026-06-13T16:57:03.467+0000] {dag.py:3239} INFO - Sync 1 DAGs
[2026-06-13T16:57:03.497+0000] {logging_mixin.py:190} INFO - [2026-06-13T16:57:03.496+0000] {dag.py:4180} INFO - Setting next_dagrun for tutorial to 2026-06-12 00:00:00+00:00, run_after=2026-06-13 00:00:00+00:00
[2026-06-13T16:57:03.523+0000] {processor.py:208} INFO - Processing /home/airflow/.local/lib/python3.12/site-packages/airflow/example_dags/tutorial.py took 0.103 seconds
[2026-06-13T16:57:34.479+0000] {processor.py:186} INFO - Started process (PID=834) to work on /home/airflow/.local/lib/python3.12/site-packages/airflow/example_dags/tutorial.py
[2026-06-13T16:57:34.481+0000] {processor.py:914} INFO - Processing file /home/airflow/.local/lib/python3.12/site-packages/airflow/example_dags/tutorial.py for tasks to queue
[2026-06-13T16:57:34.484+0000] {logging_mixin.py:190} INFO - [2026-06-13T16:57:34.484+0000] {dagbag.py:588} INFO - Filling up the DagBag from /home/airflow/.local/lib/python3.12/site-packages/airflow/example_dags/tutorial.py
[2026-06-13T16:57:34.498+0000] {processor.py:925} INFO - DAG(s) 'tutorial' retrieved from /home/airflow/.local/lib/python3.12/site-packages/airflow/example_dags/tutorial.py
[2026-06-13T16:57:34.527+0000] {logging_mixin.py:190} INFO - [2026-06-13T16:57:34.526+0000] {dag.py:3239} INFO - Sync 1 DAGs
[2026-06-13T16:57:34.565+0000] {logging_mixin.py:190} INFO - [2026-06-13T16:57:34.565+0000] {dag.py:4180} INFO - Setting next_dagrun for tutorial to 2026-06-12 00:00:00+00:00, run_after=2026-06-13 00:00:00+00:00
[2026-06-13T16:57:34.593+0000] {processor.py:208} INFO - Processing /home/airflow/.local/lib/python3.12/site-packages/airflow/example_dags/tutorial.py took 0.122 seconds
[2026-06-13T16:58:05.640+0000] {processor.py:186} INFO - Started process (PID=896) to work on /home/airflow/.local/lib/python3.12/site-packages/airflow/example_dags/tutorial.py
[2026-06-13T16:58:05.642+0000] {processor.py:914} INFO - Processing file /home/airflow/.local/lib/python3.12/site-packages/airflow/example_dags/tutorial.py for tasks to queue
[2026-06-13T16:58:05.646+0000] {logging_mixin.py:190} INFO - [2026-06-13T16:58:05.645+0000] {dagbag.py:588} INFO - Filling up the DagBag from /home/airflow/.local/lib/python3.12/site-packages/airflow/example_dags/tutorial.py
[2026-06-13T16:58:05.660+0000] {processor.py:925} INFO - DAG(s) 'tutorial' retrieved from /home/airflow/.local/lib/python3.12/site-packages/airflow/example_dags/tutorial.py
[2026-06-13T16:58:05.694+0000] {logging_mixin.py:190} INFO - [2026-06-13T16:58:05.694+0000] {dag.py:3239} INFO - Sync 1 DAGs
[2026-06-13T16:58:05.734+0000] {logging_mixin.py:190} INFO - [2026-06-13T16:58:05.734+0000] {dag.py:4180} INFO - Setting next_dagrun for tutorial to 2026-06-12 00:00:00+00:00, run_after=2026-06-13 00:00:00+00:00
[2026-06-13T16:58:05.759+0000] {processor.py:208} INFO - Processing /home/airflow/.local/lib/python3.12/site-packages/airflow/example_dags/tutorial.py took 0.128 seconds
[2026-06-13T16:58:36.061+0000] {processor.py:186} INFO - Started process (PID=958) to work on /home/airflow/.local/lib/python3.12/site-packages/airflow/example_dags/tutorial.py
[2026-06-13T16:58:36.063+0000] {processor.py:914} INFO - Processing file /home/airflow/.local/lib/python3.12/site-packages/airflow/example_dags/tutorial.py for tasks to queue
[2026-06-13T16:58:36.068+0000] {logging_mixin.py:190} INFO - [2026-06-13T16:58:36.067+0000] {dagbag.py:588} INFO - Filling up the DagBag from /home/airflow/.local/lib/python3.12/site-packages/airflow/example_dags/tutorial.py
[2026-06-13T16:58:36.083+0000] {processor.py:925} INFO - DAG(s) 'tutorial' retrieved from /home/airflow/.local/lib/python3.12/site-packages/airflow/example_dags/tutorial.py
[2026-06-13T16:58:36.118+0000] {logging_mixin.py:190} INFO - [2026-06-13T16:58:36.117+0000] {dag.py:3239} INFO - Sync 1 DAGs
[2026-06-13T16:58:36.161+0000] {logging_mixin.py:190} INFO - [2026-06-13T16:58:36.160+0000] {dag.py:4180} INFO - Setting next_dagrun for tutorial to 2026-06-12 00:00:00+00:00, run_after=2026-06-13 00:00:00+00:00
[2026-06-13T16:58:36.196+0000] {processor.py:208} INFO - Processing /home/airflow/.local/lib/python3.12/site-packages/airflow/example_dags/tutorial.py took 0.144 seconds
[2026-06-13T16:59:07.230+0000] {processor.py:186} INFO - Started process (PID=1020) to work on /home/airflow/.local/lib/python3.12/site-packages/airflow/example_dags/tutorial.py
[2026-06-13T16:59:07.232+0000] {processor.py:914} INFO - Processing file /home/airflow/.local/lib/python3.12/site-packages/airflow/example_dags/tutorial.py for tasks to queue
[2026-06-13T16:59:07.235+0000] {logging_mixin.py:190} INFO - [2026-06-13T16:59:07.235+0000] {dagbag.py:588} INFO - Filling up the DagBag from /home/airflow/.local/lib/python3.12/site-packages/airflow/example_dags/tutorial.py
[2026-06-13T16:59:07.249+0000] {processor.py:925} INFO - DAG(s) 'tutorial' retrieved from /home/airflow/.local/lib/python3.12/site-packages/airflow/example_dags/tutorial.py
[2026-06-13T16:59:07.284+0000] {logging_mixin.py:190} INFO - [2026-06-13T16:59:07.284+0000] {dag.py:3239} INFO - Sync 1 DAGs
[2026-06-13T16:59:07.320+0000] {logging_mixin.py:190} INFO - [2026-06-13T16:59:07.319+0000] {dag.py:4180} INFO - Setting next_dagrun for tutorial to 2026-06-12 00:00:00+00:00, run_after=2026-06-13 00:00:00+00:00
[2026-06-13T16:59:07.353+0000] {processor.py:208} INFO - Processing /home/airflow/.local/lib/python3.12/site-packages/airflow/example_dags/tutorial.py took 0.133 seconds
[2026-06-13T16:59:37.506+0000] {processor.py:186} INFO - Started process (PID=1082) to work on /home/airflow/.local/lib/python3.12/site-packages/airflow/example_dags/tutorial.py
[2026-06-13T16:59:37.507+0000] {processor.py:914} INFO - Processing file /home/airflow/.local/lib/python3.12/site-packages/airflow/example_dags/tutorial.py for tasks to queue
[2026-06-13T16:59:37.512+0000] {logging_mixin.py:190} INFO - [2026-06-13T16:59:37.511+0000] {dagbag.py:588} INFO - Filling up the DagBag from /home/airflow/.local/lib/python3.12/site-packages/airflow/example_dags/tutorial.py
[2026-06-13T16:59:37.524+0000] {processor.py:925} INFO - DAG(s) 'tutorial' retrieved from /home/airflow/.local/lib/python3.12/site-packages/airflow/example_dags/tutorial.py
[2026-06-13T16:59:37.567+0000] {logging_mixin.py:190} INFO - [2026-06-13T16:59:37.567+0000] {dag.py:3239} INFO - Sync 1 DAGs
[2026-06-13T16:59:37.614+0000] {logging_mixin.py:190} INFO - [2026-06-13T16:59:37.613+0000] {dag.py:4180} INFO - Setting next_dagrun for tutorial to 2026-06-12 00:00:00+00:00, run_after=2026-06-13 00:00:00+00:00
[2026-06-13T16:59:37.653+0000] {processor.py:208} INFO - Processing /home/airflow/.local/lib/python3.12/site-packages/airflow/example_dags/tutorial.py took 0.156 seconds
[2026-06-13T17:00:08.245+0000] {processor.py:186} INFO - Started process (PID=1144) to work on /home/airflow/.local/lib/python3.12/site-packages/airflow/example_dags/tutorial.py
[2026-06-13T17:00:08.247+0000] {processor.py:914} INFO - Processing file /home/airflow/.local/lib/python3.12/site-packages/airflow/example_dags/tutorial.py for tasks to queue
[2026-06-13T17:00:08.252+0000] {logging_mixin.py:190} INFO - [2026-06-13T17:00:08.251+0000] {dagbag.py:588} INFO - Filling up the DagBag from /home/airflow/.local/lib/python3.12/site-packages/airflow/example_dags/tutorial.py
[2026-06-13T17:00:08.267+0000] {processor.py:925} INFO - DAG(s) 'tutorial' retrieved from /home/airflow/.local/lib/python3.12/site-packages/airflow/example_dags/tutorial.py
[2026-06-13T17:00:08.300+0000] {logging_mixin.py:190} INFO - [2026-06-13T17:00:08.299+0000] {dag.py:3239} INFO - Sync 1 DAGs
[2026-06-13T17:00:08.340+0000] {logging_mixin.py:190} INFO - [2026-06-13T17:00:08.339+0000] {dag.py:4180} INFO - Setting next_dagrun for tutorial to 2026-06-12 00:00:00+00:00, run_after=2026-06-13 00:00:00+00:00
[2026-06-13T17:00:08.374+0000] {processor.py:208} INFO - Processing /home/airflow/.local/lib/python3.12/site-packages/airflow/example_dags/tutorial.py took 0.142 seconds
[2026-06-13T17:00:38.462+0000] {processor.py:186} INFO - Started process (PID=1206) to work on /home/airflow/.local/lib/python3.12/site-packages/airflow/example_dags/tutorial.py
[2026-06-13T17:00:38.464+0000] {processor.py:914} INFO - Processing file /home/airflow/.local/lib/python3.12/site-packages/airflow/example_dags/tutorial.py for tasks to queue
[2026-06-13T17:00:38.469+0000] {logging_mixin.py:190} INFO - [2026-06-13T17:00:38.468+0000] {dagbag.py:588} INFO - Filling up the DagBag from /home/airflow/.local/lib/python3.12/site-packages/airflow/example_dags/tutorial.py
[2026-06-13T17:00:38.485+0000] {processor.py:925} INFO - DAG(s) 'tutorial' retrieved from /home/airflow/.local/lib/python3.12/site-packages/airflow/example_dags/tutorial.py
[2026-06-13T17:00:38.517+0000] {logging_mixin.py:190} INFO - [2026-06-13T17:00:38.516+0000] {dag.py:3239} INFO - Sync 1 DAGs
[2026-06-13T17:00:38.554+0000] {logging_mixin.py:190} INFO - [2026-06-13T17:00:38.553+0000] {dag.py:4180} INFO - Setting next_dagrun for tutorial to 2026-06-12 00:00:00+00:00, run_after=2026-06-13 00:00:00+00:00
[2026-06-13T17:00:38.583+0000] {processor.py:208} INFO - Processing /home/airflow/.local/lib/python3.12/site-packages/airflow/example_dags/tutorial.py took 0.134 seconds
[2026-06-13T17:01:08.841+0000] {processor.py:186} INFO - Started process (PID=1268) to work on /home/airflow/.local/lib/python3.12/site-packages/airflow/example_dags/tutorial.py
[2026-06-13T17:01:08.843+0000] {processor.py:914} INFO - Processing file /home/airflow/.local/lib/python3.12/site-packages/airflow/example_dags/tutorial.py for tasks to queue
[2026-06-13T17:01:08.847+0000] {logging_mixin.py:190} INFO - [2026-06-13T17:01:08.847+0000] {dagbag.py:588} INFO - Filling up the DagBag from /home/airflow/.local/lib/python3.12/site-packages/airflow/example_dags/tutorial.py
[2026-06-13T17:01:08.860+0000] {processor.py:925} INFO - DAG(s) 'tutorial' retrieved from /home/airflow/.local/lib/python3.12/site-packages/airflow/example_dags/tutorial.py
[2026-06-13T17:01:08.890+0000] {logging_mixin.py:190} INFO - [2026-06-13T17:01:08.890+0000] {dag.py:3239} INFO - Sync 1 DAGs
[2026-06-13T17:01:08.929+0000] {logging_mixin.py:190} INFO - [2026-06-13T17:01:08.929+0000] {dag.py:4180} INFO - Setting next_dagrun for tutorial to 2026-06-12 00:00:00+00:00, run_after=2026-06-13 00:00:00+00:00
[2026-06-13T17:01:08.960+0000] {processor.py:208} INFO - Processing /home/airflow/.local/lib/python3.12/site-packages/airflow/example_dags/tutorial.py took 0.128 seconds
[2026-06-13T17:01:39.403+0000] {processor.py:186} INFO - Started process (PID=1330) to work on /home/airflow/.local/lib/python3.12/site-packages/airflow/example_dags/tutorial.py
[2026-06-13T17:01:39.405+0000] {processor.py:914} INFO - Processing file /home/airflow/.local/lib/python3.12/site-packages/airflow/example_dags/tutorial.py for tasks to queue
[2026-06-13T17:01:39.410+0000] {logging_mixin.py:190} INFO - [2026-06-13T17:01:39.409+0000] {dagbag.py:588} INFO - Filling up the DagBag from /home/airflow/.local/lib/python3.12/site-packages/airflow/example_dags/tutorial.py
[2026-06-13T17:01:39.421+0000] {processor.py:925} INFO - DAG(s) 'tutorial' retrieved from /home/airflow/.local/lib/python3.12/site-packages/airflow/example_dags/tutorial.py
[2026-06-13T17:01:39.451+0000] {logging_mixin.py:190} INFO - [2026-06-13T17:01:39.450+0000] {dag.py:3239} INFO - Sync 1 DAGs
[2026-06-13T17:01:39.484+0000] {logging_mixin.py:190} INFO - [2026-06-13T17:01:39.483+0000] {dag.py:4180} INFO - Setting next_dagrun for tutorial to 2026-06-12 00:00:00+00:00, run_after=2026-06-13 00:00:00+00:00
[2026-06-13T17:01:39.510+0000] {processor.py:208} INFO - Processing /home/airflow/.local/lib/python3.12/site-packages/airflow/example_dags/tutorial.py took 0.118 seconds
[2026-06-13T17:02:09.655+0000] {processor.py:186} INFO - Started process (PID=1392) to work on /home/airflow/.local/lib/python3.12/site-packages/airflow/example_dags/tutorial.py
[2026-06-13T17:02:09.659+0000] {processor.py:914} INFO - Processing file /home/airflow/.local/lib/python3.12/site-packages/airflow/example_dags/tutorial.py for tasks to queue
[2026-06-13T17:02:09.665+0000] {logging_mixin.py:190} INFO - [2026-06-13T17:02:09.664+0000] {dagbag.py:588} INFO - Filling up the DagBag from /home/airflow/.local/lib/python3.12/site-packages/airflow/example_dags/tutorial.py
[2026-06-13T17:02:09.679+0000] {processor.py:925} INFO - DAG(s) 'tutorial' retrieved from /home/airflow/.local/lib/python3.12/site-packages/airflow/example_dags/tutorial.py
[2026-06-13T17:02:09.711+0000] {logging_mixin.py:190} INFO - [2026-06-13T17:02:09.711+0000] {dag.py:3239} INFO - Sync 1 DAGs
[2026-06-13T17:02:09.743+0000] {logging_mixin.py:190} INFO - [2026-06-13T17:02:09.743+0000] {dag.py:4180} INFO - Setting next_dagrun for tutorial to 2026-06-12 00:00:00+00:00, run_after=2026-06-13 00:00:00+00:00
[2026-06-13T17:02:09.771+0000] {processor.py:208} INFO - Processing /home/airflow/.local/lib/python3.12/site-packages/airflow/example_dags/tutorial.py took 0.129 seconds
[2026-06-13T17:02:40.474+0000] {processor.py:186} INFO - Started process (PID=1454) to work on /home/airflow/.local/lib/python3.12/site-packages/airflow/example_dags/tutorial.py
[2026-06-13T17:02:40.476+0000] {processor.py:914} INFO - Processing file /home/airflow/.local/lib/python3.12/site-packages/airflow/example_dags/tutorial.py for tasks to queue
[2026-06-13T17:02:40.480+0000] {logging_mixin.py:190} INFO - [2026-06-13T17:02:40.480+0000] {dagbag.py:588} INFO - Filling up the DagBag from /home/airflow/.local/lib/python3.12/site-packages/airflow/example_dags/tutorial.py
[2026-06-13T17:02:40.493+0000] {processor.py:925} INFO - DAG(s) 'tutorial' retrieved from /home/airflow/.local/lib/python3.12/site-packages/airflow/example_dags/tutorial.py
[2026-06-13T17:02:40.531+0000] {logging_mixin.py:190} INFO - [2026-06-13T17:02:40.530+0000] {dag.py:3239} INFO - Sync 1 DAGs
[2026-06-13T17:02:40.563+0000] {logging_mixin.py:190} INFO - [2026-06-13T17:02:40.563+0000] {dag.py:4180} INFO - Setting next_dagrun for tutorial to 2026-06-12 00:00:00+00:00, run_after=2026-06-13 00:00:00+00:00
[2026-06-13T17:02:40.610+0000] {processor.py:208} INFO - Processing /home/airflow/.local/lib/python3.12/site-packages/airflow/example_dags/tutorial.py took 0.146 seconds
[2026-06-13T17:03:10.761+0000] {processor.py:186} INFO - Started process (PID=1516) to work on /home/airflow/.local/lib/python3.12/site-packages/airflow/example_dags/tutorial.py
[2026-06-13T17:03:10.762+0000] {processor.py:914} INFO - Processing file /home/airflow/.local/lib/python3.12/site-packages/airflow/example_dags/tutorial.py for tasks to queue
[2026-06-13T17:03:10.766+0000] {logging_mixin.py:190} INFO - [2026-06-13T17:03:10.766+0000] {dagbag.py:588} INFO - Filling up the DagBag from /home/airflow/.local/lib/python3.12/site-packages/airflow/example_dags/tutorial.py
[2026-06-13T17:03:10.785+0000] {processor.py:925} INFO - DAG(s) 'tutorial' retrieved from /home/airflow/.local/lib/python3.12/site-packages/airflow/example_dags/tutorial.py
[2026-06-13T17:03:10.824+0000] {logging_mixin.py:190} INFO - [2026-06-13T17:03:10.823+0000] {dag.py:3239} INFO - Sync 1 DAGs
[2026-06-13T17:03:10.865+0000] {logging_mixin.py:190} INFO - [2026-06-13T17:03:10.865+0000] {dag.py:4180} INFO - Setting next_dagrun for tutorial to 2026-06-12 00:00:00+00:00, run_after=2026-06-13 00:00:00+00:00
[2026-06-13T17:03:10.900+0000] {processor.py:208} INFO - Processing /home/airflow/.local/lib/python3.12/site-packages/airflow/example_dags/tutorial.py took 0.150 seconds
[2026-06-13T17:03:41.182+0000] {processor.py:186} INFO - Started process (PID=1578) to work on /home/airflow/.local/lib/python3.12/site-packages/airflow/example_dags/tutorial.py
[2026-06-13T17:03:41.183+0000] {processor.py:914} INFO - Processing file /home/airflow/.local/lib/python3.12/site-packages/airflow/example_dags/tutorial.py for tasks to queue
[2026-06-13T17:03:41.188+0000] {logging_mixin.py:190} INFO - [2026-06-13T17:03:41.187+0000] {dagbag.py:588} INFO - Filling up the DagBag from /home/airflow/.local/lib/python3.12/site-packages/airflow/example_dags/tutorial.py
[2026-06-13T17:03:41.201+0000] {processor.py:925} INFO - DAG(s) 'tutorial' retrieved from /home/airflow/.local/lib/python3.12/site-packages/airflow/example_dags/tutorial.py
[2026-06-13T17:03:41.230+0000] {logging_mixin.py:190} INFO - [2026-06-13T17:03:41.230+0000] {dag.py:3239} INFO - Sync 1 DAGs
[2026-06-13T17:03:41.267+0000] {logging_mixin.py:190} INFO - [2026-06-13T17:03:41.267+0000] {dag.py:4180} INFO - Setting next_dagrun for tutorial to 2026-06-12 00:00:00+00:00, run_after=2026-06-13 00:00:00+00:00
[2026-06-13T17:03:41.299+0000] {processor.py:208} INFO - Processing /home/airflow/.local/lib/python3.12/site-packages/airflow/example_dags/tutorial.py took 0.128 seconds
[2026-06-13T17:04:12.100+0000] {processor.py:186} INFO - Started process (PID=1640) to work on /home/airflow/.local/lib/python3.12/site-packages/airflow/example_dags/tutorial.py
[2026-06-13T17:04:12.101+0000] {processor.py:914} INFO - Processing file /home/airflow/.local/lib/python3.12/site-packages/airflow/example_dags/tutorial.py for tasks to queue
[2026-06-13T17:04:12.105+0000] {logging_mixin.py:190} INFO - [2026-06-13T17:04:12.105+0000] {dagbag.py:588} INFO - Filling up the DagBag from /home/airflow/.local/lib/python3.12/site-packages/airflow/example_dags/tutorial.py
[2026-06-13T17:04:12.119+0000] {processor.py:925} INFO - DAG(s) 'tutorial' retrieved from /home/airflow/.local/lib/python3.12/site-packages/airflow/example_dags/tutorial.py
[2026-06-13T17:04:12.152+0000] {logging_mixin.py:190} INFO - [2026-06-13T17:04:12.152+0000] {dag.py:3239} INFO - Sync 1 DAGs
[2026-06-13T17:04:12.197+0000] {logging_mixin.py:190} INFO - [2026-06-13T17:04:12.197+0000] {dag.py:4180} INFO - Setting next_dagrun for tutorial to 2026-06-12 00:00:00+00:00, run_after=2026-06-13 00:00:00+00:00
[2026-06-13T17:04:12.231+0000] {processor.py:208} INFO - Processing /home/airflow/.local/lib/python3.12/site-packages/airflow/example_dags/tutorial.py took 0.139 seconds
[2026-06-13T17:04:42.307+0000] {processor.py:186} INFO - Started process (PID=1701) to work on /home/airflow/.local/lib/python3.12/site-packages/airflow/example_dags/tutorial.py
[2026-06-13T17:04:42.309+0000] {processor.py:914} INFO - Processing file /home/airflow/.local/lib/python3.12/site-packages/airflow/example_dags/tutorial.py for tasks to queue
[2026-06-13T17:04:42.313+0000] {logging_mixin.py:190} INFO - [2026-06-13T17:04:42.312+0000] {dagbag.py:588} INFO - Filling up the DagBag from /home/airflow/.local/lib/python3.12/site-packages/airflow/example_dags/tutorial.py
[2026-06-13T17:04:42.324+0000] {processor.py:925} INFO - DAG(s) 'tutorial' retrieved from /home/airflow/.local/lib/python3.12/site-packages/airflow/example_dags/tutorial.py
[2026-06-13T17:04:42.352+0000] {logging_mixin.py:190} INFO - [2026-06-13T17:04:42.351+0000] {dag.py:3239} INFO - Sync 1 DAGs
[2026-06-13T17:04:42.381+0000] {logging_mixin.py:190} INFO - [2026-06-13T17:04:42.380+0000] {dag.py:4180} INFO - Setting next_dagrun for tutorial to 2026-06-12 00:00:00+00:00, run_after=2026-06-13 00:00:00+00:00
[2026-06-13T17:04:42.418+0000] {processor.py:208} INFO - Processing /home/airflow/.local/lib/python3.12/site-packages/airflow/example_dags/tutorial.py took 0.119 seconds
[2026-06-13T17:05:12.923+0000] {processor.py:186} INFO - Started process (PID=1764) to work on /home/airflow/.local/lib/python3.12/site-packages/airflow/example_dags/tutorial.py
[2026-06-13T17:05:12.925+0000] {processor.py:914} INFO - Processing file /home/airflow/.local/lib/python3.12/site-packages/airflow/example_dags/tutorial.py for tasks to queue
[2026-06-13T17:05:12.928+0000] {logging_mixin.py:190} INFO - [2026-06-13T17:05:12.928+0000] {dagbag.py:588} INFO - Filling up the DagBag from /home/airflow/.local/lib/python3.12/site-packages/airflow/example_dags/tutorial.py
[2026-06-13T17:05:12.939+0000] {processor.py:925} INFO - DAG(s) 'tutorial' retrieved from /home/airflow/.local/lib/python3.12/site-packages/airflow/example_dags/tutorial.py
[2026-06-13T17:05:12.967+0000] {logging_mixin.py:190} INFO - [2026-06-13T17:05:12.966+0000] {dag.py:3239} INFO - Sync 1 DAGs
[2026-06-13T17:05:12.997+0000] {logging_mixin.py:190} INFO - [2026-06-13T17:05:12.996+0000] {dag.py:4180} INFO - Setting next_dagrun for tutorial to 2026-06-12 00:00:00+00:00, run_after=2026-06-13 00:00:00+00:00
[2026-06-13T17:05:13.026+0000] {processor.py:208} INFO - Processing /home/airflow/.local/lib/python3.12/site-packages/airflow/example_dags/tutorial.py took 0.110 seconds
[2026-06-13T17:05:43.154+0000] {processor.py:186} INFO - Started process (PID=1826) to work on /home/airflow/.local/lib/python3.12/site-packages/airflow/example_dags/tutorial.py
[2026-06-13T17:05:43.156+0000] {processor.py:914} INFO - Processing file /home/airflow/.local/lib/python3.12/site-packages/airflow/example_dags/tutorial.py for tasks to queue
[2026-06-13T17:05:43.160+0000] {logging_mixin.py:190} INFO - [2026-06-13T17:05:43.159+0000] {dagbag.py:588} INFO - Filling up the DagBag from /home/airflow/.local/lib/python3.12/site-packages/airflow/example_dags/tutorial.py
[2026-06-13T17:05:43.171+0000] {processor.py:925} INFO - DAG(s) 'tutorial' retrieved from /home/airflow/.local/lib/python3.12/site-packages/airflow/example_dags/tutorial.py
[2026-06-13T17:05:43.200+0000] {logging_mixin.py:190} INFO - [2026-06-13T17:05:43.200+0000] {dag.py:3239} INFO - Sync 1 DAGs
[2026-06-13T17:05:43.240+0000] {logging_mixin.py:190} INFO - [2026-06-13T17:05:43.240+0000] {dag.py:4180} INFO - Setting next_dagrun for tutorial to 2026-06-12 00:00:00+00:00, run_after=2026-06-13 00:00:00+00:00
[2026-06-13T17:05:43.274+0000] {processor.py:208} INFO - Processing /home/airflow/.local/lib/python3.12/site-packages/airflow/example_dags/tutorial.py took 0.128 seconds
[2026-06-13T17:06:13.391+0000] {processor.py:186} INFO - Started process (PID=1888) to work on /home/airflow/.local/lib/python3.12/site-packages/airflow/example_dags/tutorial.py
[2026-06-13T17:06:13.393+0000] {processor.py:914} INFO - Processing file /home/airflow/.local/lib/python3.12/site-packages/airflow/example_dags/tutorial.py for tasks to queue
[2026-06-13T17:06:13.397+0000] {logging_mixin.py:190} INFO - [2026-06-13T17:06:13.396+0000] {dagbag.py:588} INFO - Filling up the DagBag from /home/airflow/.local/lib/python3.12/site-packages/airflow/example_dags/tutorial.py
[2026-06-13T17:06:13.408+0000] {processor.py:925} INFO - DAG(s) 'tutorial' retrieved from /home/airflow/.local/lib/python3.12/site-packages/airflow/example_dags/tutorial.py
[2026-06-13T17:06:13.438+0000] {logging_mixin.py:190} INFO - [2026-06-13T17:06:13.437+0000] {dag.py:3239} INFO - Sync 1 DAGs
[2026-06-13T17:06:13.473+0000] {logging_mixin.py:190} INFO - [2026-06-13T17:06:13.472+0000] {dag.py:4180} INFO - Setting next_dagrun for tutorial to 2026-06-12 00:00:00+00:00, run_after=2026-06-13 00:00:00+00:00
[2026-06-13T17:06:13.512+0000] {processor.py:208} INFO - Processing /home/airflow/.local/lib/python3.12/site-packages/airflow/example_dags/tutorial.py took 0.128 seconds
[2026-06-13T17:06:43.996+0000] {processor.py:186} INFO - Started process (PID=1951) to work on /home/airflow/.local/lib/python3.12/site-packages/airflow/example_dags/tutorial.py
[2026-06-13T17:06:43.998+0000] {processor.py:914} INFO - Processing file /home/airflow/.local/lib/python3.12/site-packages/airflow/example_dags/tutorial.py for tasks to queue
[2026-06-13T17:06:44.002+0000] {logging_mixin.py:190} INFO - [2026-06-13T17:06:44.001+0000] {dagbag.py:588} INFO - Filling up the DagBag from /home/airflow/.local/lib/python3.12/site-packages/airflow/example_dags/tutorial.py
[2026-06-13T17:06:44.013+0000] {processor.py:925} INFO - DAG(s) 'tutorial' retrieved from /home/airflow/.local/lib/python3.12/site-packages/airflow/example_dags/tutorial.py
[2026-06-13T17:06:44.041+0000] {logging_mixin.py:190} INFO - [2026-06-13T17:06:44.040+0000] {dag.py:3239} INFO - Sync 1 DAGs
[2026-06-13T17:06:44.077+0000] {logging_mixin.py:190} INFO - [2026-06-13T17:06:44.077+0000] {dag.py:4180} INFO - Setting next_dagrun for tutorial to 2026-06-12 00:00:00+00:00, run_after=2026-06-13 00:00:00+00:00
[2026-06-13T17:06:44.111+0000] {processor.py:208} INFO - Processing /home/airflow/.local/lib/python3.12/site-packages/airflow/example_dags/tutorial.py took 0.124 seconds
[2026-06-13T17:07:14.526+0000] {processor.py:186} INFO - Started process (PID=2013) to work on /home/airflow/.local/lib/python3.12/site-packages/airflow/example_dags/tutorial.py
[2026-06-13T17:07:14.527+0000] {processor.py:914} INFO - Processing file /home/airflow/.local/lib/python3.12/site-packages/airflow/example_dags/tutorial.py for tasks to queue
[2026-06-13T17:07:14.529+0000] {logging_mixin.py:190} INFO - [2026-06-13T17:07:14.529+0000] {dagbag.py:588} INFO - Filling up the DagBag from /home/airflow/.local/lib/python3.12/site-packages/airflow/example_dags/tutorial.py
[2026-06-13T17:07:14.537+0000] {processor.py:925} INFO - DAG(s) 'tutorial' retrieved from /home/airflow/.local/lib/python3.12/site-packages/airflow/example_dags/tutorial.py
[2026-06-13T17:07:14.555+0000] {logging_mixin.py:190} INFO - [2026-06-13T17:07:14.554+0000] {dag.py:3239} INFO - Sync 1 DAGs
[2026-06-13T17:07:14.574+0000] {logging_mixin.py:190} INFO - [2026-06-13T17:07:14.574+0000] {dag.py:4180} INFO - Setting next_dagrun for tutorial to 2026-06-12 00:00:00+00:00, run_after=2026-06-13 00:00:00+00:00
[2026-06-13T17:07:14.603+0000] {processor.py:208} INFO - Processing /home/airflow/.local/lib/python3.12/site-packages/airflow/example_dags/tutorial.py took 0.083 seconds
[2026-06-13T17:07:45.616+0000] {processor.py:186} INFO - Started process (PID=2075) to work on /home/airflow/.local/lib/python3.12/site-packages/airflow/example_dags/tutorial.py
[2026-06-13T17:07:45.617+0000] {processor.py:914} INFO - Processing file /home/airflow/.local/lib/python3.12/site-packages/airflow/example_dags/tutorial.py for tasks to queue
[2026-06-13T17:07:45.621+0000] {logging_mixin.py:190} INFO - [2026-06-13T17:07:45.621+0000] {dagbag.py:588} INFO - Filling up the DagBag from /home/airflow/.local/lib/python3.12/site-packages/airflow/example_dags/tutorial.py
[2026-06-13T17:07:45.635+0000] {processor.py:925} INFO - DAG(s) 'tutorial' retrieved from /home/airflow/.local/lib/python3.12/site-packages/airflow/example_dags/tutorial.py
[2026-06-13T17:07:45.666+0000] {logging_mixin.py:190} INFO - [2026-06-13T17:07:45.666+0000] {dag.py:3239} INFO - Sync 1 DAGs
[2026-06-13T17:07:45.708+0000] {logging_mixin.py:190} INFO - [2026-06-13T17:07:45.707+0000] {dag.py:4180} INFO - Setting next_dagrun for tutorial to 2026-06-12 00:00:00+00:00, run_after=2026-06-13 00:00:00+00:00
[2026-06-13T17:07:45.745+0000] {processor.py:208} INFO - Processing /home/airflow/.local/lib/python3.12/site-packages/airflow/example_dags/tutorial.py took 0.138 seconds
[2026-06-13T17:08:16.008+0000] {processor.py:186} INFO - Started process (PID=2137) to work on /home/airflow/.local/lib/python3.12/site-packages/airflow/example_dags/tutorial.py
[2026-06-13T17:08:16.009+0000] {processor.py:914} INFO - Processing file /home/airflow/.local/lib/python3.12/site-packages/airflow/example_dags/tutorial.py for tasks to queue
[2026-06-13T17:08:16.013+0000] {logging_mixin.py:190} INFO - [2026-06-13T17:08:16.013+0000] {dagbag.py:588} INFO - Filling up the DagBag from /home/airflow/.local/lib/python3.12/site-packages/airflow/example_dags/tutorial.py
[2026-06-13T17:08:16.023+0000] {processor.py:925} INFO - DAG(s) 'tutorial' retrieved from /home/airflow/.local/lib/python3.12/site-packages/airflow/example_dags/tutorial.py
[2026-06-13T17:08:16.051+0000] {logging_mixin.py:190} INFO - [2026-06-13T17:08:16.051+0000] {dag.py:3239} INFO - Sync 1 DAGs
[2026-06-13T17:08:16.074+0000] {logging_mixin.py:190} INFO - [2026-06-13T17:08:16.074+0000] {dag.py:4180} INFO - Setting next_dagrun for tutorial to 2026-06-12 00:00:00+00:00, run_after=2026-06-13 00:00:00+00:00
[2026-06-13T17:08:16.094+0000] {processor.py:208} INFO - Processing /home/airflow/.local/lib/python3.12/site-packages/airflow/example_dags/tutorial.py took 0.092 seconds
[2026-06-13T17:08:46.144+0000] {processor.py:186} INFO - Started process (PID=2199) to work on /home/airflow/.local/lib/python3.12/site-packages/airflow/example_dags/tutorial.py
[2026-06-13T17:08:46.146+0000] {processor.py:914} INFO - Processing file /home/airflow/.local/lib/python3.12/site-packages/airflow/example_dags/tutorial.py for tasks to queue
[2026-06-13T17:08:46.149+0000] {logging_mixin.py:190} INFO - [2026-06-13T17:08:46.148+0000] {dagbag.py:588} INFO - Filling up the DagBag from /home/airflow/.local/lib/python3.12/site-packages/airflow/example_dags/tutorial.py
[2026-06-13T17:08:46.155+0000] {processor.py:925} INFO - DAG(s) 'tutorial' retrieved from /home/airflow/.local/lib/python3.12/site-packages/airflow/example_dags/tutorial.py
[2026-06-13T17:08:46.173+0000] {logging_mixin.py:190} INFO - [2026-06-13T17:08:46.173+0000] {dag.py:3239} INFO - Sync 1 DAGs
[2026-06-13T17:08:46.192+0000] {logging_mixin.py:190} INFO - [2026-06-13T17:08:46.192+0000] {dag.py:4180} INFO - Setting next_dagrun for tutorial to 2026-06-12 00:00:00+00:00, run_after=2026-06-13 00:00:00+00:00
[2026-06-13T17:08:46.209+0000] {processor.py:208} INFO - Processing /home/airflow/.local/lib/python3.12/site-packages/airflow/example_dags/tutorial.py took 0.069 seconds
[2026-06-13T17:09:16.763+0000] {processor.py:186} INFO - Started process (PID=2261) to work on /home/airflow/.local/lib/python3.12/site-packages/airflow/example_dags/tutorial.py
[2026-06-13T17:09:16.764+0000] {processor.py:914} INFO - Processing file /home/airflow/.local/lib/python3.12/site-packages/airflow/example_dags/tutorial.py for tasks to queue
[2026-06-13T17:09:16.767+0000] {logging_mixin.py:190} INFO - [2026-06-13T17:09:16.766+0000] {dagbag.py:588} INFO - Filling up the DagBag from /home/airflow/.local/lib/python3.12/site-packages/airflow/example_dags/tutorial.py
[2026-06-13T17:09:16.775+0000] {processor.py:925} INFO - DAG(s) 'tutorial' retrieved from /home/airflow/.local/lib/python3.12/site-packages/airflow/example_dags/tutorial.py
[2026-06-13T17:09:16.794+0000] {logging_mixin.py:190} INFO - [2026-06-13T17:09:16.793+0000] {dag.py:3239} INFO - Sync 1 DAGs
[2026-06-13T17:09:16.813+0000] {logging_mixin.py:190} INFO - [2026-06-13T17:09:16.813+0000] {dag.py:4180} INFO - Setting next_dagrun for tutorial to 2026-06-12 00:00:00+00:00, run_after=2026-06-13 00:00:00+00:00
[2026-06-13T17:09:16.833+0000] {processor.py:208} INFO - Processing /home/airflow/.local/lib/python3.12/site-packages/airflow/example_dags/tutorial.py took 0.075 seconds
[2026-06-13T17:09:47.395+0000] {processor.py:186} INFO - Started process (PID=2323) to work on /home/airflow/.local/lib/python3.12/site-packages/airflow/example_dags/tutorial.py
[2026-06-13T17:09:47.396+0000] {processor.py:914} INFO - Processing file /home/airflow/.local/lib/python3.12/site-packages/airflow/example_dags/tutorial.py for tasks to queue
[2026-06-13T17:09:47.399+0000] {logging_mixin.py:190} INFO - [2026-06-13T17:09:47.399+0000] {dagbag.py:588} INFO - Filling up the DagBag from /home/airflow/.local/lib/python3.12/site-packages/airflow/example_dags/tutorial.py
[2026-06-13T17:09:47.410+0000] {processor.py:925} INFO - DAG(s) 'tutorial' retrieved from /home/airflow/.local/lib/python3.12/site-packages/airflow/example_dags/tutorial.py
[2026-06-13T17:09:47.438+0000] {logging_mixin.py:190} INFO - [2026-06-13T17:09:47.438+0000] {dag.py:3239} INFO - Sync 1 DAGs
[2026-06-13T17:09:47.464+0000] {logging_mixin.py:190} INFO - [2026-06-13T17:09:47.464+0000] {dag.py:4180} INFO - Setting next_dagrun for tutorial to 2026-06-12 00:00:00+00:00, run_after=2026-06-13 00:00:00+00:00
[2026-06-13T17:09:47.488+0000] {processor.py:208} INFO - Processing /home/airflow/.local/lib/python3.12/site-packages/airflow/example_dags/tutorial.py took 0.102 seconds
[2026-06-13T17:10:17.747+0000] {processor.py:186} INFO - Started process (PID=2385) to work on /home/airflow/.local/lib/python3.12/site-packages/airflow/example_dags/tutorial.py
[2026-06-13T17:10:17.749+0000] {processor.py:914} INFO - Processing file /home/airflow/.local/lib/python3.12/site-packages/airflow/example_dags/tutorial.py for tasks to queue
[2026-06-13T17:10:17.751+0000] {logging_mixin.py:190} INFO - [2026-06-13T17:10:17.750+0000] {dagbag.py:588} INFO - Filling up the DagBag from /home/airflow/.local/lib/python3.12/site-packages/airflow/example_dags/tutorial.py
[2026-06-13T17:10:17.760+0000] {processor.py:925} INFO - DAG(s) 'tutorial' retrieved from /home/airflow/.local/lib/python3.12/site-packages/airflow/example_dags/tutorial.py
[2026-06-13T17:10:17.778+0000] {logging_mixin.py:190} INFO - [2026-06-13T17:10:17.778+0000] {dag.py:3239} INFO - Sync 1 DAGs
[2026-06-13T17:10:17.797+0000] {logging_mixin.py:190} INFO - [2026-06-13T17:10:17.797+0000] {dag.py:4180} INFO - Setting next_dagrun for tutorial to 2026-06-12 00:00:00+00:00, run_after=2026-06-13 00:00:00+00:00
[2026-06-13T17:10:17.814+0000] {processor.py:208} INFO - Processing /home/airflow/.local/lib/python3.12/site-packages/airflow/example_dags/tutorial.py took 0.071 seconds
[2026-06-13T17:10:48.817+0000] {processor.py:186} INFO - Started process (PID=2447) to work on /home/airflow/.local/lib/python3.12/site-packages/airflow/example_dags/tutorial.py
[2026-06-13T17:10:48.818+0000] {processor.py:914} INFO - Processing file /home/airflow/.local/lib/python3.12/site-packages/airflow/example_dags/tutorial.py for tasks to queue
[2026-06-13T17:10:48.821+0000] {logging_mixin.py:190} INFO - [2026-06-13T17:10:48.820+0000] {dagbag.py:588} INFO - Filling up the DagBag from /home/airflow/.local/lib/python3.12/site-packages/airflow/example_dags/tutorial.py
[2026-06-13T17:10:48.830+0000] {processor.py:925} INFO - DAG(s) 'tutorial' retrieved from /home/airflow/.local/lib/python3.12/site-packages/airflow/example_dags/tutorial.py
[2026-06-13T17:10:48.853+0000] {logging_mixin.py:190} INFO - [2026-06-13T17:10:48.853+0000] {dag.py:3239} INFO - Sync 1 DAGs
[2026-06-13T17:10:48.883+0000] {logging_mixin.py:190} INFO - [2026-06-13T17:10:48.883+0000] {dag.py:4180} INFO - Setting next_dagrun for tutorial to 2026-06-12 00:00:00+00:00, run_after=2026-06-13 00:00:00+00:00
[2026-06-13T17:10:48.908+0000] {processor.py:208} INFO - Processing /home/airflow/.local/lib/python3.12/site-packages/airflow/example_dags/tutorial.py took 0.096 seconds
[2026-06-13T17:11:19.026+0000] {processor.py:186} INFO - Started process (PID=2509) to work on /home/airflow/.local/lib/python3.12/site-packages/airflow/example_dags/tutorial.py
[2026-06-13T17:11:19.028+0000] {processor.py:914} INFO - Processing file /home/airflow/.local/lib/python3.12/site-packages/airflow/example_dags/tutorial.py for tasks to queue
[2026-06-13T17:11:19.030+0000] {logging_mixin.py:190} INFO - [2026-06-13T17:11:19.030+0000] {dagbag.py:588} INFO - Filling up the DagBag from /home/airflow/.local/lib/python3.12/site-packages/airflow/example_dags/tutorial.py
[2026-06-13T17:11:19.038+0000] {processor.py:925} INFO - DAG(s) 'tutorial' retrieved from /home/airflow/.local/lib/python3.12/site-packages/airflow/example_dags/tutorial.py
[2026-06-13T17:11:19.056+0000] {logging_mixin.py:190} INFO - [2026-06-13T17:11:19.056+0000] {dag.py:3239} INFO - Sync 1 DAGs
[2026-06-13T17:11:19.073+0000] {logging_mixin.py:190} INFO - [2026-06-13T17:11:19.073+0000] {dag.py:4180} INFO - Setting next_dagrun for tutorial to 2026-06-12 00:00:00+00:00, run_after=2026-06-13 00:00:00+00:00
[2026-06-13T17:11:19.089+0000] {processor.py:208} INFO - Processing /home/airflow/.local/lib/python3.12/site-packages/airflow/example_dags/tutorial.py took 0.070 seconds
[2026-06-13T17:11:49.733+0000] {processor.py:186} INFO - Started process (PID=2571) to work on /home/airflow/.local/lib/python3.12/site-packages/airflow/example_dags/tutorial.py
[2026-06-13T17:11:49.734+0000] {processor.py:914} INFO - Processing file /home/airflow/.local/lib/python3.12/site-packages/airflow/example_dags/tutorial.py for tasks to queue
[2026-06-13T17:11:49.736+0000] {logging_mixin.py:190} INFO - [2026-06-13T17:11:49.736+0000] {dagbag.py:588} INFO - Filling up the DagBag from /home/airflow/.local/lib/python3.12/site-packages/airflow/example_dags/tutorial.py
[2026-06-13T17:11:49.743+0000] {processor.py:925} INFO - DAG(s) 'tutorial' retrieved from /home/airflow/.local/lib/python3.12/site-packages/airflow/example_dags/tutorial.py
[2026-06-13T17:11:49.760+0000] {logging_mixin.py:190} INFO - [2026-06-13T17:11:49.759+0000] {dag.py:3239} INFO - Sync 1 DAGs
[2026-06-13T17:11:49.777+0000] {logging_mixin.py:190} INFO - [2026-06-13T17:11:49.777+0000] {dag.py:4180} INFO - Setting next_dagrun for tutorial to 2026-06-12 00:00:00+00:00, run_after=2026-06-13 00:00:00+00:00
[2026-06-13T17:11:49.796+0000] {processor.py:208} INFO - Processing /home/airflow/.local/lib/python3.12/site-packages/airflow/example_dags/tutorial.py took 0.068 seconds
[2026-06-13T17:12:19.918+0000] {processor.py:186} INFO - Started process (PID=2633) to work on /home/airflow/.local/lib/python3.12/site-packages/airflow/example_dags/tutorial.py
[2026-06-13T17:12:19.919+0000] {processor.py:914} INFO - Processing file /home/airflow/.local/lib/python3.12/site-packages/airflow/example_dags/tutorial.py for tasks to queue
[2026-06-13T17:12:19.921+0000] {logging_mixin.py:190} INFO - [2026-06-13T17:12:19.921+0000] {dagbag.py:588} INFO - Filling up the DagBag from /home/airflow/.local/lib/python3.12/site-packages/airflow/example_dags/tutorial.py
[2026-06-13T17:12:19.928+0000] {processor.py:925} INFO - DAG(s) 'tutorial' retrieved from /home/airflow/.local/lib/python3.12/site-packages/airflow/example_dags/tutorial.py
[2026-06-13T17:12:19.948+0000] {logging_mixin.py:190} INFO - [2026-06-13T17:12:19.948+0000] {dag.py:3239} INFO - Sync 1 DAGs
[2026-06-13T17:12:19.969+0000] {logging_mixin.py:190} INFO - [2026-06-13T17:12:19.968+0000] {dag.py:4180} INFO - Setting next_dagrun for tutorial to 2026-06-12 00:00:00+00:00, run_after=2026-06-13 00:00:00+00:00
[2026-06-13T17:12:19.984+0000] {processor.py:208} INFO - Processing /home/airflow/.local/lib/python3.12/site-packages/airflow/example_dags/tutorial.py took 0.071 seconds
[2026-06-13T17:12:51.213+0000] {processor.py:186} INFO - Started process (PID=2695) to work on /home/airflow/.local/lib/python3.12/site-packages/airflow/example_dags/tutorial.py
[2026-06-13T17:12:51.214+0000] {processor.py:914} INFO - Processing file /home/airflow/.local/lib/python3.12/site-packages/airflow/example_dags/tutorial.py for tasks to queue
[2026-06-13T17:12:51.217+0000] {logging_mixin.py:190} INFO - [2026-06-13T17:12:51.216+0000] {dagbag.py:588} INFO - Filling up the DagBag from /home/airflow/.local/lib/python3.12/site-packages/airflow/example_dags/tutorial.py
[2026-06-13T17:12:51.358+0000] {processor.py:925} INFO - DAG(s) 'tutorial' retrieved from /home/airflow/.local/lib/python3.12/site-packages/airflow/example_dags/tutorial.py
[2026-06-13T17:12:51.373+0000] {logging_mixin.py:190} INFO - [2026-06-13T17:12:51.373+0000] {dag.py:3239} INFO - Sync 1 DAGs
[2026-06-13T17:12:51.388+0000] {logging_mixin.py:190} INFO - [2026-06-13T17:12:51.387+0000] {dag.py:4180} INFO - Setting next_dagrun for tutorial to 2026-06-12 00:00:00+00:00, run_after=2026-06-13 00:00:00+00:00
[2026-06-13T17:12:51.402+0000] {processor.py:208} INFO - Processing /home/airflow/.local/lib/python3.12/site-packages/airflow/example_dags/tutorial.py took 0.193 seconds
[2026-06-13T17:13:22.018+0000] {processor.py:186} INFO - Started process (PID=2757) to work on /home/airflow/.local/lib/python3.12/site-packages/airflow/example_dags/tutorial.py
[2026-06-13T17:13:22.019+0000] {processor.py:914} INFO - Processing file /home/airflow/.local/lib/python3.12/site-packages/airflow/example_dags/tutorial.py for tasks to queue
[2026-06-13T17:13:22.021+0000] {logging_mixin.py:190} INFO - [2026-06-13T17:13:22.021+0000] {dagbag.py:588} INFO - Filling up the DagBag from /home/airflow/.local/lib/python3.12/site-packages/airflow/example_dags/tutorial.py
[2026-06-13T17:13:22.028+0000] {processor.py:925} INFO - DAG(s) 'tutorial' retrieved from /home/airflow/.local/lib/python3.12/site-packages/airflow/example_dags/tutorial.py
[2026-06-13T17:13:22.044+0000] {logging_mixin.py:190} INFO - [2026-06-13T17:13:22.044+0000] {dag.py:3239} INFO - Sync 1 DAGs
[2026-06-13T17:13:22.061+0000] {logging_mixin.py:190} INFO - [2026-06-13T17:13:22.061+0000] {dag.py:4180} INFO - Setting next_dagrun for tutorial to 2026-06-12 00:00:00+00:00, run_after=2026-06-13 00:00:00+00:00
[2026-06-13T17:13:22.079+0000] {processor.py:208} INFO - Processing /home/airflow/.local/lib/python3.12/site-packages/airflow/example_dags/tutorial.py took 0.066 seconds
[2026-06-13T17:13:52.326+0000] {processor.py:186} INFO - Started process (PID=2819) to work on /home/airflow/.local/lib/python3.12/site-packages/airflow/example_dags/tutorial.py
[2026-06-13T17:13:52.327+0000] {processor.py:914} INFO - Processing file /home/airflow/.local/lib/python3.12/site-packages/airflow/example_dags/tutorial.py for tasks to queue
[2026-06-13T17:13:52.330+0000] {logging_mixin.py:190} INFO - [2026-06-13T17:13:52.329+0000] {dagbag.py:588} INFO - Filling up the DagBag from /home/airflow/.local/lib/python3.12/site-packages/airflow/example_dags/tutorial.py
[2026-06-13T17:13:52.336+0000] {processor.py:925} INFO - DAG(s) 'tutorial' retrieved from /home/airflow/.local/lib/python3.12/site-packages/airflow/example_dags/tutorial.py
[2026-06-13T17:13:52.353+0000] {logging_mixin.py:190} INFO - [2026-06-13T17:13:52.353+0000] {dag.py:3239} INFO - Sync 1 DAGs
[2026-06-13T17:13:52.369+0000] {logging_mixin.py:190} INFO - [2026-06-13T17:13:52.369+0000] {dag.py:4180} INFO - Setting next_dagrun for tutorial to 2026-06-12 00:00:00+00:00, run_after=2026-06-13 00:00:00+00:00
[2026-06-13T17:13:52.422+0000] {processor.py:208} INFO - Processing /home/airflow/.local/lib/python3.12/site-packages/airflow/example_dags/tutorial.py took 0.100 seconds
[2026-06-13T17:14:23.086+0000] {processor.py:186} INFO - Started process (PID=2881) to work on /home/airflow/.local/lib/python3.12/site-packages/airflow/example_dags/tutorial.py
[2026-06-13T17:14:23.088+0000] {processor.py:914} INFO - Processing file /home/airflow/.local/lib/python3.12/site-packages/airflow/example_dags/tutorial.py for tasks to queue
[2026-06-13T17:14:23.091+0000] {logging_mixin.py:190} INFO - [2026-06-13T17:14:23.091+0000] {dagbag.py:588} INFO - Filling up the DagBag from /home/airflow/.local/lib/python3.12/site-packages/airflow/example_dags/tutorial.py
[2026-06-13T17:14:23.098+0000] {processor.py:925} INFO - DAG(s) 'tutorial' retrieved from /home/airflow/.local/lib/python3.12/site-packages/airflow/example_dags/tutorial.py
[2026-06-13T17:14:23.116+0000] {logging_mixin.py:190} INFO - [2026-06-13T17:14:23.116+0000] {dag.py:3239} INFO - Sync 1 DAGs
[2026-06-13T17:14:23.133+0000] {logging_mixin.py:190} INFO - [2026-06-13T17:14:23.132+0000] {dag.py:4180} INFO - Setting next_dagrun for tutorial to 2026-06-12 00:00:00+00:00, run_after=2026-06-13 00:00:00+00:00
[2026-06-13T17:14:23.148+0000] {processor.py:208} INFO - Processing /home/airflow/.local/lib/python3.12/site-packages/airflow/example_dags/tutorial.py took 0.067 seconds
[2026-06-13T17:14:53.384+0000] {processor.py:186} INFO - Started process (PID=2943) to work on /home/airflow/.local/lib/python3.12/site-packages/airflow/example_dags/tutorial.py
[2026-06-13T17:14:53.386+0000] {processor.py:914} INFO - Processing file /home/airflow/.local/lib/python3.12/site-packages/airflow/example_dags/tutorial.py for tasks to queue
[2026-06-13T17:14:53.389+0000] {logging_mixin.py:190} INFO - [2026-06-13T17:14:53.388+0000] {dagbag.py:588} INFO - Filling up the DagBag from /home/airflow/.local/lib/python3.12/site-packages/airflow/example_dags/tutorial.py
[2026-06-13T17:14:53.395+0000] {processor.py:925} INFO - DAG(s) 'tutorial' retrieved from /home/airflow/.local/lib/python3.12/site-packages/airflow/example_dags/tutorial.py
[2026-06-13T17:14:53.411+0000] {logging_mixin.py:190} INFO - [2026-06-13T17:14:53.411+0000] {dag.py:3239} INFO - Sync 1 DAGs
[2026-06-13T17:14:53.429+0000] {logging_mixin.py:190} INFO - [2026-06-13T17:14:53.429+0000] {dag.py:4180} INFO - Setting next_dagrun for tutorial to 2026-06-12 00:00:00+00:00, run_after=2026-06-13 00:00:00+00:00
[2026-06-13T17:14:53.446+0000] {processor.py:208} INFO - Processing /home/airflow/.local/lib/python3.12/site-packages/airflow/example_dags/tutorial.py took 0.067 seconds
[2026-06-13T17:15:23.841+0000] {processor.py:186} INFO - Started process (PID=3005) to work on /home/airflow/.local/lib/python3.12/site-packages/airflow/example_dags/tutorial.py
[2026-06-13T17:15:23.842+0000] {processor.py:914} INFO - Processing file /home/airflow/.local/lib/python3.12/site-packages/airflow/example_dags/tutorial.py for tasks to queue
[2026-06-13T17:15:23.845+0000] {logging_mixin.py:190} INFO - [2026-06-13T17:15:23.844+0000] {dagbag.py:588} INFO - Filling up the DagBag from /home/airflow/.local/lib/python3.12/site-packages/airflow/example_dags/tutorial.py
[2026-06-13T17:15:23.851+0000] {processor.py:925} INFO - DAG(s) 'tutorial' retrieved from /home/airflow/.local/lib/python3.12/site-packages/airflow/example_dags/tutorial.py
[2026-06-13T17:15:23.869+0000] {logging_mixin.py:190} INFO - [2026-06-13T17:15:23.868+0000] {dag.py:3239} INFO - Sync 1 DAGs
[2026-06-13T17:15:23.885+0000] {logging_mixin.py:190} INFO - [2026-06-13T17:15:23.885+0000] {dag.py:4180} INFO - Setting next_dagrun for tutorial to 2026-06-12 00:00:00+00:00, run_after=2026-06-13 00:00:00+00:00
[2026-06-13T17:15:23.900+0000] {processor.py:208} INFO - Processing /home/airflow/.local/lib/python3.12/site-packages/airflow/example_dags/tutorial.py took 0.063 seconds
[2026-06-13T17:15:54.240+0000] {processor.py:186} INFO - Started process (PID=3067) to work on /home/airflow/.local/lib/python3.12/site-packages/airflow/example_dags/tutorial.py
[2026-06-13T17:15:54.241+0000] {processor.py:914} INFO - Processing file /home/airflow/.local/lib/python3.12/site-packages/airflow/example_dags/tutorial.py for tasks to queue
[2026-06-13T17:15:54.243+0000] {logging_mixin.py:190} INFO - [2026-06-13T17:15:54.243+0000] {dagbag.py:588} INFO - Filling up the DagBag from /home/airflow/.local/lib/python3.12/site-packages/airflow/example_dags/tutorial.py
[2026-06-13T17:15:54.250+0000] {processor.py:925} INFO - DAG(s) 'tutorial' retrieved from /home/airflow/.local/lib/python3.12/site-packages/airflow/example_dags/tutorial.py
[2026-06-13T17:15:54.268+0000] {logging_mixin.py:190} INFO - [2026-06-13T17:15:54.267+0000] {dag.py:3239} INFO - Sync 1 DAGs
[2026-06-13T17:15:54.284+0000] {logging_mixin.py:190} INFO - [2026-06-13T17:15:54.284+0000] {dag.py:4180} INFO - Setting next_dagrun for tutorial to 2026-06-12 00:00:00+00:00, run_after=2026-06-13 00:00:00+00:00
[2026-06-13T17:15:54.301+0000] {processor.py:208} INFO - Processing /home/airflow/.local/lib/python3.12/site-packages/airflow/example_dags/tutorial.py took 0.066 seconds
[2026-06-13T17:16:24.912+0000] {processor.py:186} INFO - Started process (PID=3129) to work on /home/airflow/.local/lib/python3.12/site-packages/airflow/example_dags/tutorial.py
[2026-06-13T17:16:24.914+0000] {processor.py:914} INFO - Processing file /home/airflow/.local/lib/python3.12/site-packages/airflow/example_dags/tutorial.py for tasks to queue
[2026-06-13T17:16:24.917+0000] {logging_mixin.py:190} INFO - [2026-06-13T17:16:24.916+0000] {dagbag.py:588} INFO - Filling up the DagBag from /home/airflow/.local/lib/python3.12/site-packages/airflow/example_dags/tutorial.py
[2026-06-13T17:16:24.926+0000] {processor.py:925} INFO - DAG(s) 'tutorial' retrieved from /home/airflow/.local/lib/python3.12/site-packages/airflow/example_dags/tutorial.py
[2026-06-13T17:16:24.944+0000] {logging_mixin.py:190} INFO - [2026-06-13T17:16:24.944+0000] {dag.py:3239} INFO - Sync 1 DAGs
[2026-06-13T17:16:24.964+0000] {logging_mixin.py:190} INFO - [2026-06-13T17:16:24.963+0000] {dag.py:4180} INFO - Setting next_dagrun for tutorial to 2026-06-12 00:00:00+00:00, run_after=2026-06-13 00:00:00+00:00
[2026-06-13T17:16:24.985+0000] {processor.py:208} INFO - Processing /home/airflow/.local/lib/python3.12/site-packages/airflow/example_dags/tutorial.py took 0.078 seconds
[2026-06-13T17:16:55.368+0000] {processor.py:186} INFO - Started process (PID=3191) to work on /home/airflow/.local/lib/python3.12/site-packages/airflow/example_dags/tutorial.py
[2026-06-13T17:16:55.370+0000] {processor.py:914} INFO - Processing file /home/airflow/.local/lib/python3.12/site-packages/airflow/example_dags/tutorial.py for tasks to queue
[2026-06-13T17:16:55.372+0000] {logging_mixin.py:190} INFO - [2026-06-13T17:16:55.372+0000] {dagbag.py:588} INFO - Filling up the DagBag from /home/airflow/.local/lib/python3.12/site-packages/airflow/example_dags/tutorial.py
[2026-06-13T17:16:55.379+0000] {processor.py:925} INFO - DAG(s) 'tutorial' retrieved from /home/airflow/.local/lib/python3.12/site-packages/airflow/example_dags/tutorial.py
[2026-06-13T17:16:55.396+0000] {logging_mixin.py:190} INFO - [2026-06-13T17:16:55.396+0000] {dag.py:3239} INFO - Sync 1 DAGs
[2026-06-13T17:16:55.414+0000] {logging_mixin.py:190} INFO - [2026-06-13T17:16:55.414+0000] {dag.py:4180} INFO - Setting next_dagrun for tutorial to 2026-06-12 00:00:00+00:00, run_after=2026-06-13 00:00:00+00:00
[2026-06-13T17:16:55.437+0000] {processor.py:208} INFO - Processing /home/airflow/.local/lib/python3.12/site-packages/airflow/example_dags/tutorial.py took 0.074 seconds
[2026-06-13T17:17:25.641+0000] {processor.py:186} INFO - Started process (PID=3253) to work on /home/airflow/.local/lib/python3.12/site-packages/airflow/example_dags/tutorial.py
[2026-06-13T17:17:25.642+0000] {processor.py:914} INFO - Processing file /home/airflow/.local/lib/python3.12/site-packages/airflow/example_dags/tutorial.py for tasks to queue
[2026-06-13T17:17:25.646+0000] {logging_mixin.py:190} INFO - [2026-06-13T17:17:25.646+0000] {dagbag.py:588} INFO - Filling up the DagBag from /home/airflow/.local/lib/python3.12/site-packages/airflow/example_dags/tutorial.py
[2026-06-13T17:17:25.656+0000] {processor.py:925} INFO - DAG(s) 'tutorial' retrieved from /home/airflow/.local/lib/python3.12/site-packages/airflow/example_dags/tutorial.py
[2026-06-13T17:17:25.676+0000] {logging_mixin.py:190} INFO - [2026-06-13T17:17:25.675+0000] {dag.py:3239} INFO - Sync 1 DAGs
[2026-06-13T17:17:25.695+0000] {logging_mixin.py:190} INFO - [2026-06-13T17:17:25.695+0000] {dag.py:4180} INFO - Setting next_dagrun for tutorial to 2026-06-12 00:00:00+00:00, run_after=2026-06-13 00:00:00+00:00
[2026-06-13T17:17:25.713+0000] {processor.py:208} INFO - Processing /home/airflow/.local/lib/python3.12/site-packages/airflow/example_dags/tutorial.py took 0.079 seconds
[2026-06-13T17:17:56.011+0000] {processor.py:186} INFO - Started process (PID=3315) to work on /home/airflow/.local/lib/python3.12/site-packages/airflow/example_dags/tutorial.py
[2026-06-13T17:17:56.012+0000] {processor.py:914} INFO - Processing file /home/airflow/.local/lib/python3.12/site-packages/airflow/example_dags/tutorial.py for tasks to queue
[2026-06-13T17:17:56.015+0000] {logging_mixin.py:190} INFO - [2026-06-13T17:17:56.014+0000] {dagbag.py:588} INFO - Filling up the DagBag from /home/airflow/.local/lib/python3.12/site-packages/airflow/example_dags/tutorial.py
[2026-06-13T17:17:56.021+0000] {processor.py:925} INFO - DAG(s) 'tutorial' retrieved from /home/airflow/.local/lib/python3.12/site-packages/airflow/example_dags/tutorial.py
[2026-06-13T17:17:56.039+0000] {logging_mixin.py:190} INFO - [2026-06-13T17:17:56.038+0000] {dag.py:3239} INFO - Sync 1 DAGs
[2026-06-13T17:17:56.056+0000] {logging_mixin.py:190} INFO - [2026-06-13T17:17:56.056+0000] {dag.py:4180} INFO - Setting next_dagrun for tutorial to 2026-06-12 00:00:00+00:00, run_after=2026-06-13 00:00:00+00:00
[2026-06-13T17:17:56.073+0000] {processor.py:208} INFO - Processing /home/airflow/.local/lib/python3.12/site-packages/airflow/example_dags/tutorial.py took 0.067 seconds
[2026-06-13T17:18:26.405+0000] {processor.py:186} INFO - Started process (PID=3377) to work on /home/airflow/.local/lib/python3.12/site-packages/airflow/example_dags/tutorial.py
[2026-06-13T17:18:26.407+0000] {processor.py:914} INFO - Processing file /home/airflow/.local/lib/python3.12/site-packages/airflow/example_dags/tutorial.py for tasks to queue
[2026-06-13T17:18:26.409+0000] {logging_mixin.py:190} INFO - [2026-06-13T17:18:26.409+0000] {dagbag.py:588} INFO - Filling up the DagBag from /home/airflow/.local/lib/python3.12/site-packages/airflow/example_dags/tutorial.py
[2026-06-13T17:18:26.416+0000] {processor.py:925} INFO - DAG(s) 'tutorial' retrieved from /home/airflow/.local/lib/python3.12/site-packages/airflow/example_dags/tutorial.py
[2026-06-13T17:18:26.432+0000] {logging_mixin.py:190} INFO - [2026-06-13T17:18:26.432+0000] {dag.py:3239} INFO - Sync 1 DAGs
[2026-06-13T17:18:26.451+0000] {logging_mixin.py:190} INFO - [2026-06-13T17:18:26.451+0000] {dag.py:4180} INFO - Setting next_dagrun for tutorial to 2026-06-12 00:00:00+00:00, run_after=2026-06-13 00:00:00+00:00
[2026-06-13T17:18:26.471+0000] {processor.py:208} INFO - Processing /home/airflow/.local/lib/python3.12/site-packages/airflow/example_dags/tutorial.py took 0.071 seconds
[2026-06-13T17:18:57.155+0000] {processor.py:186} INFO - Started process (PID=3439) to work on /home/airflow/.local/lib/python3.12/site-packages/airflow/example_dags/tutorial.py
[2026-06-13T17:18:57.156+0000] {processor.py:914} INFO - Processing file /home/airflow/.local/lib/python3.12/site-packages/airflow/example_dags/tutorial.py for tasks to queue
[2026-06-13T17:18:57.158+0000] {logging_mixin.py:190} INFO - [2026-06-13T17:18:57.158+0000] {dagbag.py:588} INFO - Filling up the DagBag from /home/airflow/.local/lib/python3.12/site-packages/airflow/example_dags/tutorial.py
[2026-06-13T17:18:57.165+0000] {processor.py:925} INFO - DAG(s) 'tutorial' retrieved from /home/airflow/.local/lib/python3.12/site-packages/airflow/example_dags/tutorial.py
[2026-06-13T17:18:57.182+0000] {logging_mixin.py:190} INFO - [2026-06-13T17:18:57.182+0000] {dag.py:3239} INFO - Sync 1 DAGs
[2026-06-13T17:18:57.198+0000] {logging_mixin.py:190} INFO - [2026-06-13T17:18:57.198+0000] {dag.py:4180} INFO - Setting next_dagrun for tutorial to 2026-06-12 00:00:00+00:00, run_after=2026-06-13 00:00:00+00:00
[2026-06-13T17:18:57.213+0000] {processor.py:208} INFO - Processing /home/airflow/.local/lib/python3.12/site-packages/airflow/example_dags/tutorial.py took 0.063 seconds
[2026-06-13T17:19:27.972+0000] {processor.py:186} INFO - Started process (PID=3501) to work on /home/airflow/.local/lib/python3.12/site-packages/airflow/example_dags/tutorial.py
[2026-06-13T17:19:27.974+0000] {processor.py:914} INFO - Processing file /home/airflow/.local/lib/python3.12/site-packages/airflow/example_dags/tutorial.py for tasks to queue
[2026-06-13T17:19:27.977+0000] {logging_mixin.py:190} INFO - [2026-06-13T17:19:27.977+0000] {dagbag.py:588} INFO - Filling up the DagBag from /home/airflow/.local/lib/python3.12/site-packages/airflow/example_dags/tutorial.py
[2026-06-13T17:19:27.987+0000] {processor.py:925} INFO - DAG(s) 'tutorial' retrieved from /home/airflow/.local/lib/python3.12/site-packages/airflow/example_dags/tutorial.py
[2026-06-13T17:19:28.011+0000] {logging_mixin.py:190} INFO - [2026-06-13T17:19:28.010+0000] {dag.py:3239} INFO - Sync 1 DAGs
[2026-06-13T17:19:28.028+0000] {logging_mixin.py:190} INFO - [2026-06-13T17:19:28.028+0000] {dag.py:4180} INFO - Setting next_dagrun for tutorial to 2026-06-12 00:00:00+00:00, run_after=2026-06-13 00:00:00+00:00
[2026-06-13T17:19:28.049+0000] {processor.py:208} INFO - Processing /home/airflow/.local/lib/python3.12/site-packages/airflow/example_dags/tutorial.py took 0.083 seconds
[2026-06-13T17:19:58.682+0000] {processor.py:186} INFO - Started process (PID=3563) to work on /home/airflow/.local/lib/python3.12/site-packages/airflow/example_dags/tutorial.py
[2026-06-13T17:19:58.684+0000] {processor.py:914} INFO - Processing file /home/airflow/.local/lib/python3.12/site-packages/airflow/example_dags/tutorial.py for tasks to queue
[2026-06-13T17:19:58.687+0000] {logging_mixin.py:190} INFO - [2026-06-13T17:19:58.686+0000] {dagbag.py:588} INFO - Filling up the DagBag from /home/airflow/.local/lib/python3.12/site-packages/airflow/example_dags/tutorial.py
[2026-06-13T17:19:58.695+0000] {processor.py:925} INFO - DAG(s) 'tutorial' retrieved from /home/airflow/.local/lib/python3.12/site-packages/airflow/example_dags/tutorial.py
[2026-06-13T17:19:58.716+0000] {logging_mixin.py:190} INFO - [2026-06-13T17:19:58.716+0000] {dag.py:3239} INFO - Sync 1 DAGs
[2026-06-13T17:19:58.743+0000] {logging_mixin.py:190} INFO - [2026-06-13T17:19:58.743+0000] {dag.py:4180} INFO - Setting next_dagrun for tutorial to 2026-06-12 00:00:00+00:00, run_after=2026-06-13 00:00:00+00:00
[2026-06-13T17:19:58.768+0000] {processor.py:208} INFO - Processing /home/airflow/.local/lib/python3.12/site-packages/airflow/example_dags/tutorial.py took 0.093 seconds
[2026-06-13T17:20:29.175+0000] {processor.py:186} INFO - Started process (PID=3625) to work on /home/airflow/.local/lib/python3.12/site-packages/airflow/example_dags/tutorial.py
[2026-06-13T17:20:29.176+0000] {processor.py:914} INFO - Processing file /home/airflow/.local/lib/python3.12/site-packages/airflow/example_dags/tutorial.py for tasks to queue
[2026-06-13T17:20:29.178+0000] {logging_mixin.py:190} INFO - [2026-06-13T17:20:29.178+0000] {dagbag.py:588} INFO - Filling up the DagBag from /home/airflow/.local/lib/python3.12/site-packages/airflow/example_dags/tutorial.py
[2026-06-13T17:20:29.184+0000] {processor.py:925} INFO - DAG(s) 'tutorial' retrieved from /home/airflow/.local/lib/python3.12/site-packages/airflow/example_dags/tutorial.py
[2026-06-13T17:20:29.205+0000] {logging_mixin.py:190} INFO - [2026-06-13T17:20:29.205+0000] {dag.py:3239} INFO - Sync 1 DAGs
[2026-06-13T17:20:29.226+0000] {logging_mixin.py:190} INFO - [2026-06-13T17:20:29.226+0000] {dag.py:4180} INFO - Setting next_dagrun for tutorial to 2026-06-12 00:00:00+00:00, run_after=2026-06-13 00:00:00+00:00
[2026-06-13T17:20:29.245+0000] {processor.py:208} INFO - Processing /home/airflow/.local/lib/python3.12/site-packages/airflow/example_dags/tutorial.py took 0.076 seconds
[2026-06-13T17:20:59.634+0000] {processor.py:186} INFO - Started process (PID=3687) to work on /home/airflow/.local/lib/python3.12/site-packages/airflow/example_dags/tutorial.py
[2026-06-13T17:20:59.635+0000] {processor.py:914} INFO - Processing file /home/airflow/.local/lib/python3.12/site-packages/airflow/example_dags/tutorial.py for tasks to queue
[2026-06-13T17:20:59.637+0000] {logging_mixin.py:190} INFO - [2026-06-13T17:20:59.637+0000] {dagbag.py:588} INFO - Filling up the DagBag from /home/airflow/.local/lib/python3.12/site-packages/airflow/example_dags/tutorial.py
[2026-06-13T17:20:59.644+0000] {processor.py:925} INFO - DAG(s) 'tutorial' retrieved from /home/airflow/.local/lib/python3.12/site-packages/airflow/example_dags/tutorial.py
[2026-06-13T17:20:59.661+0000] {logging_mixin.py:190} INFO - [2026-06-13T17:20:59.660+0000] {dag.py:3239} INFO - Sync 1 DAGs
[2026-06-13T17:20:59.677+0000] {logging_mixin.py:190} INFO - [2026-06-13T17:20:59.677+0000] {dag.py:4180} INFO - Setting next_dagrun for tutorial to 2026-06-12 00:00:00+00:00, run_after=2026-06-13 00:00:00+00:00
[2026-06-13T17:20:59.693+0000] {processor.py:208} INFO - Processing /home/airflow/.local/lib/python3.12/site-packages/airflow/example_dags/tutorial.py took 0.064 seconds
[2026-06-13T17:21:30.324+0000] {processor.py:186} INFO - Started process (PID=3749) to work on /home/airflow/.local/lib/python3.12/site-packages/airflow/example_dags/tutorial.py
[2026-06-13T17:21:30.325+0000] {processor.py:914} INFO - Processing file /home/airflow/.local/lib/python3.12/site-packages/airflow/example_dags/tutorial.py for tasks to queue
[2026-06-13T17:21:30.328+0000] {logging_mixin.py:190} INFO - [2026-06-13T17:21:30.327+0000] {dagbag.py:588} INFO - Filling up the DagBag from /home/airflow/.local/lib/python3.12/site-packages/airflow/example_dags/tutorial.py
[2026-06-13T17:21:30.334+0000] {processor.py:925} INFO - DAG(s) 'tutorial' retrieved from /home/airflow/.local/lib/python3.12/site-packages/airflow/example_dags/tutorial.py
[2026-06-13T17:21:30.352+0000] {logging_mixin.py:190} INFO - [2026-06-13T17:21:30.352+0000] {dag.py:3239} INFO - Sync 1 DAGs
[2026-06-13T17:21:30.372+0000] {logging_mixin.py:190} INFO - [2026-06-13T17:21:30.371+0000] {dag.py:4180} INFO - Setting next_dagrun for tutorial to 2026-06-12 00:00:00+00:00, run_after=2026-06-13 00:00:00+00:00
[2026-06-13T17:21:30.394+0000] {processor.py:208} INFO - Processing /home/airflow/.local/lib/python3.12/site-packages/airflow/example_dags/tutorial.py took 0.075 seconds
[2026-06-13T17:22:00.635+0000] {processor.py:186} INFO - Started process (PID=3811) to work on /home/airflow/.local/lib/python3.12/site-packages/airflow/example_dags/tutorial.py
[2026-06-13T17:22:00.637+0000] {processor.py:914} INFO - Processing file /home/airflow/.local/lib/python3.12/site-packages/airflow/example_dags/tutorial.py for tasks to queue
[2026-06-13T17:22:00.640+0000] {logging_mixin.py:190} INFO - [2026-06-13T17:22:00.640+0000] {dagbag.py:588} INFO - Filling up the DagBag from /home/airflow/.local/lib/python3.12/site-packages/airflow/example_dags/tutorial.py
[2026-06-13T17:22:00.648+0000] {processor.py:925} INFO - DAG(s) 'tutorial' retrieved from /home/airflow/.local/lib/python3.12/site-packages/airflow/example_dags/tutorial.py
[2026-06-13T17:22:00.664+0000] {logging_mixin.py:190} INFO - [2026-06-13T17:22:00.664+0000] {dag.py:3239} INFO - Sync 1 DAGs
[2026-06-13T17:22:00.682+0000] {logging_mixin.py:190} INFO - [2026-06-13T17:22:00.682+0000] {dag.py:4180} INFO - Setting next_dagrun for tutorial to 2026-06-12 00:00:00+00:00, run_after=2026-06-13 00:00:00+00:00
[2026-06-13T17:22:00.698+0000] {processor.py:208} INFO - Processing /home/airflow/.local/lib/python3.12/site-packages/airflow/example_dags/tutorial.py took 0.067 seconds
[2026-06-13T17:22:31.049+0000] {processor.py:186} INFO - Started process (PID=3874) to work on /home/airflow/.local/lib/python3.12/site-packages/airflow/example_dags/tutorial.py
[2026-06-13T17:22:31.050+0000] {processor.py:914} INFO - Processing file /home/airflow/.local/lib/python3.12/site-packages/airflow/example_dags/tutorial.py for tasks to queue
[2026-06-13T17:22:31.053+0000] {logging_mixin.py:190} INFO - [2026-06-13T17:22:31.052+0000] {dagbag.py:588} INFO - Filling up the DagBag from /home/airflow/.local/lib/python3.12/site-packages/airflow/example_dags/tutorial.py
[2026-06-13T17:22:31.059+0000] {processor.py:925} INFO - DAG(s) 'tutorial' retrieved from /home/airflow/.local/lib/python3.12/site-packages/airflow/example_dags/tutorial.py
[2026-06-13T17:22:31.076+0000] {logging_mixin.py:190} INFO - [2026-06-13T17:22:31.076+0000] {dag.py:3239} INFO - Sync 1 DAGs
[2026-06-13T17:22:31.094+0000] {logging_mixin.py:190} INFO - [2026-06-13T17:22:31.094+0000] {dag.py:4180} INFO - Setting next_dagrun for tutorial to 2026-06-12 00:00:00+00:00, run_after=2026-06-13 00:00:00+00:00
[2026-06-13T17:22:31.112+0000] {processor.py:208} INFO - Processing /home/airflow/.local/lib/python3.12/site-packages/airflow/example_dags/tutorial.py took 0.067 seconds
[2026-06-13T17:23:01.618+0000] {processor.py:186} INFO - Started process (PID=3935) to work on /home/airflow/.local/lib/python3.12/site-packages/airflow/example_dags/tutorial.py
[2026-06-13T17:23:01.619+0000] {processor.py:914} INFO - Processing file /home/airflow/.local/lib/python3.12/site-packages/airflow/example_dags/tutorial.py for tasks to queue
[2026-06-13T17:23:01.623+0000] {logging_mixin.py:190} INFO - [2026-06-13T17:23:01.622+0000] {dagbag.py:588} INFO - Filling up the DagBag from /home/airflow/.local/lib/python3.12/site-packages/airflow/example_dags/tutorial.py
[2026-06-13T17:23:01.631+0000] {processor.py:925} INFO - DAG(s) 'tutorial' retrieved from /home/airflow/.local/lib/python3.12/site-packages/airflow/example_dags/tutorial.py
[2026-06-13T17:23:01.658+0000] {logging_mixin.py:190} INFO - [2026-06-13T17:23:01.658+0000] {dag.py:3239} INFO - Sync 1 DAGs
[2026-06-13T17:23:01.685+0000] {logging_mixin.py:190} INFO - [2026-06-13T17:23:01.685+0000] {dag.py:4180} INFO - Setting next_dagrun for tutorial to 2026-06-12 00:00:00+00:00, run_after=2026-06-13 00:00:00+00:00
[2026-06-13T17:23:01.716+0000] {processor.py:208} INFO - Processing /home/airflow/.local/lib/python3.12/site-packages/airflow/example_dags/tutorial.py took 0.103 seconds
[2026-06-13T17:23:32.163+0000] {processor.py:186} INFO - Started process (PID=3997) to work on /home/airflow/.local/lib/python3.12/site-packages/airflow/example_dags/tutorial.py
[2026-06-13T17:23:32.165+0000] {processor.py:914} INFO - Processing file /home/airflow/.local/lib/python3.12/site-packages/airflow/example_dags/tutorial.py for tasks to queue
[2026-06-13T17:23:32.167+0000] {logging_mixin.py:190} INFO - [2026-06-13T17:23:32.167+0000] {dagbag.py:588} INFO - Filling up the DagBag from /home/airflow/.local/lib/python3.12/site-packages/airflow/example_dags/tutorial.py
[2026-06-13T17:23:32.175+0000] {processor.py:925} INFO - DAG(s) 'tutorial' retrieved from /home/airflow/.local/lib/python3.12/site-packages/airflow/example_dags/tutorial.py
[2026-06-13T17:23:32.191+0000] {logging_mixin.py:190} INFO - [2026-06-13T17:23:32.191+0000] {dag.py:3239} INFO - Sync 1 DAGs
[2026-06-13T17:23:32.210+0000] {logging_mixin.py:190} INFO - [2026-06-13T17:23:32.210+0000] {dag.py:4180} INFO - Setting next_dagrun for tutorial to 2026-06-12 00:00:00+00:00, run_after=2026-06-13 00:00:00+00:00
[2026-06-13T17:23:32.226+0000] {processor.py:208} INFO - Processing /home/airflow/.local/lib/python3.12/site-packages/airflow/example_dags/tutorial.py took 0.069 seconds
[2026-06-13T17:24:02.418+0000] {processor.py:186} INFO - Started process (PID=4060) to work on /home/airflow/.local/lib/python3.12/site-packages/airflow/example_dags/tutorial.py
[2026-06-13T17:24:02.420+0000] {processor.py:914} INFO - Processing file /home/airflow/.local/lib/python3.12/site-packages/airflow/example_dags/tutorial.py for tasks to queue
[2026-06-13T17:24:02.423+0000] {logging_mixin.py:190} INFO - [2026-06-13T17:24:02.422+0000] {dagbag.py:588} INFO - Filling up the DagBag from /home/airflow/.local/lib/python3.12/site-packages/airflow/example_dags/tutorial.py
[2026-06-13T17:24:02.430+0000] {processor.py:925} INFO - DAG(s) 'tutorial' retrieved from /home/airflow/.local/lib/python3.12/site-packages/airflow/example_dags/tutorial.py
[2026-06-13T17:24:02.447+0000] {logging_mixin.py:190} INFO - [2026-06-13T17:24:02.447+0000] {dag.py:3239} INFO - Sync 1 DAGs
[2026-06-13T17:24:02.465+0000] {logging_mixin.py:190} INFO - [2026-06-13T17:24:02.465+0000] {dag.py:4180} INFO - Setting next_dagrun for tutorial to 2026-06-12 00:00:00+00:00, run_after=2026-06-13 00:00:00+00:00
[2026-06-13T17:24:02.482+0000] {processor.py:208} INFO - Processing /home/airflow/.local/lib/python3.12/site-packages/airflow/example_dags/tutorial.py took 0.068 seconds
[2026-06-13T17:24:32.890+0000] {processor.py:186} INFO - Started process (PID=4122) to work on /home/airflow/.local/lib/python3.12/site-packages/airflow/example_dags/tutorial.py
[2026-06-13T17:24:32.891+0000] {processor.py:914} INFO - Processing file /home/airflow/.local/lib/python3.12/site-packages/airflow/example_dags/tutorial.py for tasks to queue
[2026-06-13T17:24:32.894+0000] {logging_mixin.py:190} INFO - [2026-06-13T17:24:32.893+0000] {dagbag.py:588} INFO - Filling up the DagBag from /home/airflow/.local/lib/python3.12/site-packages/airflow/example_dags/tutorial.py
[2026-06-13T17:24:32.900+0000] {processor.py:925} INFO - DAG(s) 'tutorial' retrieved from /home/airflow/.local/lib/python3.12/site-packages/airflow/example_dags/tutorial.py
[2026-06-13T17:24:32.919+0000] {logging_mixin.py:190} INFO - [2026-06-13T17:24:32.919+0000] {dag.py:3239} INFO - Sync 1 DAGs
[2026-06-13T17:24:32.936+0000] {logging_mixin.py:190} INFO - [2026-06-13T17:24:32.936+0000] {dag.py:4180} INFO - Setting next_dagrun for tutorial to 2026-06-12 00:00:00+00:00, run_after=2026-06-13 00:00:00+00:00
[2026-06-13T17:24:32.952+0000] {processor.py:208} INFO - Processing /home/airflow/.local/lib/python3.12/site-packages/airflow/example_dags/tutorial.py took 0.067 seconds
[2026-06-13T17:25:03.038+0000] {processor.py:186} INFO - Started process (PID=4184) to work on /home/airflow/.local/lib/python3.12/site-packages/airflow/example_dags/tutorial.py
[2026-06-13T17:25:03.039+0000] {processor.py:914} INFO - Processing file /home/airflow/.local/lib/python3.12/site-packages/airflow/example_dags/tutorial.py for tasks to queue
[2026-06-13T17:25:03.042+0000] {logging_mixin.py:190} INFO - [2026-06-13T17:25:03.041+0000] {dagbag.py:588} INFO - Filling up the DagBag from /home/airflow/.local/lib/python3.12/site-packages/airflow/example_dags/tutorial.py
[2026-06-13T17:25:03.048+0000] {processor.py:925} INFO - DAG(s) 'tutorial' retrieved from /home/airflow/.local/lib/python3.12/site-packages/airflow/example_dags/tutorial.py
[2026-06-13T17:25:03.064+0000] {logging_mixin.py:190} INFO - [2026-06-13T17:25:03.063+0000] {dag.py:3239} INFO - Sync 1 DAGs
[2026-06-13T17:25:03.081+0000] {logging_mixin.py:190} INFO - [2026-06-13T17:25:03.080+0000] {dag.py:4180} INFO - Setting next_dagrun for tutorial to 2026-06-12 00:00:00+00:00, run_after=2026-06-13 00:00:00+00:00
[2026-06-13T17:25:03.096+0000] {processor.py:208} INFO - Processing /home/airflow/.local/lib/python3.12/site-packages/airflow/example_dags/tutorial.py took 0.062 seconds
[2026-06-13T17:25:33.311+0000] {processor.py:186} INFO - Started process (PID=4246) to work on /home/airflow/.local/lib/python3.12/site-packages/airflow/example_dags/tutorial.py
[2026-06-13T17:25:33.312+0000] {processor.py:914} INFO - Processing file /home/airflow/.local/lib/python3.12/site-packages/airflow/example_dags/tutorial.py for tasks to queue
[2026-06-13T17:25:33.314+0000] {logging_mixin.py:190} INFO - [2026-06-13T17:25:33.314+0000] {dagbag.py:588} INFO - Filling up the DagBag from /home/airflow/.local/lib/python3.12/site-packages/airflow/example_dags/tutorial.py
[2026-06-13T17:25:33.321+0000] {processor.py:925} INFO - DAG(s) 'tutorial' retrieved from /home/airflow/.local/lib/python3.12/site-packages/airflow/example_dags/tutorial.py
[2026-06-13T17:25:33.341+0000] {logging_mixin.py:190} INFO - [2026-06-13T17:25:33.341+0000] {dag.py:3239} INFO - Sync 1 DAGs
[2026-06-13T17:25:33.365+0000] {logging_mixin.py:190} INFO - [2026-06-13T17:25:33.365+0000] {dag.py:4180} INFO - Setting next_dagrun for tutorial to 2026-06-12 00:00:00+00:00, run_after=2026-06-13 00:00:00+00:00
[2026-06-13T17:25:33.385+0000] {processor.py:208} INFO - Processing /home/airflow/.local/lib/python3.12/site-packages/airflow/example_dags/tutorial.py took 0.079 seconds
[2026-06-13T17:26:03.505+0000] {processor.py:186} INFO - Started process (PID=4308) to work on /home/airflow/.local/lib/python3.12/site-packages/airflow/example_dags/tutorial.py
[2026-06-13T17:26:03.506+0000] {processor.py:914} INFO - Processing file /home/airflow/.local/lib/python3.12/site-packages/airflow/example_dags/tutorial.py for tasks to queue
[2026-06-13T17:26:03.509+0000] {logging_mixin.py:190} INFO - [2026-06-13T17:26:03.509+0000] {dagbag.py:588} INFO - Filling up the DagBag from /home/airflow/.local/lib/python3.12/site-packages/airflow/example_dags/tutorial.py
[2026-06-13T17:26:03.515+0000] {processor.py:925} INFO - DAG(s) 'tutorial' retrieved from /home/airflow/.local/lib/python3.12/site-packages/airflow/example_dags/tutorial.py
[2026-06-13T17:26:03.532+0000] {logging_mixin.py:190} INFO - [2026-06-13T17:26:03.532+0000] {dag.py:3239} INFO - Sync 1 DAGs
[2026-06-13T17:26:03.549+0000] {logging_mixin.py:190} INFO - [2026-06-13T17:26:03.549+0000] {dag.py:4180} INFO - Setting next_dagrun for tutorial to 2026-06-12 00:00:00+00:00, run_after=2026-06-13 00:00:00+00:00
[2026-06-13T17:26:03.566+0000] {processor.py:208} INFO - Processing /home/airflow/.local/lib/python3.12/site-packages/airflow/example_dags/tutorial.py took 0.066 seconds
[2026-06-13T17:26:33.949+0000] {processor.py:186} INFO - Started process (PID=4370) to work on /home/airflow/.local/lib/python3.12/site-packages/airflow/example_dags/tutorial.py
[2026-06-13T17:26:33.951+0000] {processor.py:914} INFO - Processing file /home/airflow/.local/lib/python3.12/site-packages/airflow/example_dags/tutorial.py for tasks to queue
[2026-06-13T17:26:33.953+0000] {logging_mixin.py:190} INFO - [2026-06-13T17:26:33.953+0000] {dagbag.py:588} INFO - Filling up the DagBag from /home/airflow/.local/lib/python3.12/site-packages/airflow/example_dags/tutorial.py
[2026-06-13T17:26:33.960+0000] {processor.py:925} INFO - DAG(s) 'tutorial' retrieved from /home/airflow/.local/lib/python3.12/site-packages/airflow/example_dags/tutorial.py
[2026-06-13T17:26:33.976+0000] {logging_mixin.py:190} INFO - [2026-06-13T17:26:33.976+0000] {dag.py:3239} INFO - Sync 1 DAGs
[2026-06-13T17:26:33.995+0000] {logging_mixin.py:190} INFO - [2026-06-13T17:26:33.995+0000] {dag.py:4180} INFO - Setting next_dagrun for tutorial to 2026-06-12 00:00:00+00:00, run_after=2026-06-13 00:00:00+00:00
[2026-06-13T17:26:34.010+0000] {processor.py:208} INFO - Processing /home/airflow/.local/lib/python3.12/site-packages/airflow/example_dags/tutorial.py took 0.066 seconds
[2026-06-13T17:27:04.510+0000] {processor.py:186} INFO - Started process (PID=4432) to work on /home/airflow/.local/lib/python3.12/site-packages/airflow/example_dags/tutorial.py
[2026-06-13T17:27:04.511+0000] {processor.py:914} INFO - Processing file /home/airflow/.local/lib/python3.12/site-packages/airflow/example_dags/tutorial.py for tasks to queue
[2026-06-13T17:27:04.513+0000] {logging_mixin.py:190} INFO - [2026-06-13T17:27:04.513+0000] {dagbag.py:588} INFO - Filling up the DagBag from /home/airflow/.local/lib/python3.12/site-packages/airflow/example_dags/tutorial.py
[2026-06-13T17:27:04.519+0000] {processor.py:925} INFO - DAG(s) 'tutorial' retrieved from /home/airflow/.local/lib/python3.12/site-packages/airflow/example_dags/tutorial.py
[2026-06-13T17:27:04.536+0000] {logging_mixin.py:190} INFO - [2026-06-13T17:27:04.536+0000] {dag.py:3239} INFO - Sync 1 DAGs
[2026-06-13T17:27:04.554+0000] {logging_mixin.py:190} INFO - [2026-06-13T17:27:04.554+0000] {dag.py:4180} INFO - Setting next_dagrun for tutorial to 2026-06-12 00:00:00+00:00, run_after=2026-06-13 00:00:00+00:00
[2026-06-13T17:27:04.570+0000] {processor.py:208} INFO - Processing /home/airflow/.local/lib/python3.12/site-packages/airflow/example_dags/tutorial.py took 0.064 seconds
[2026-06-13T17:27:34.796+0000] {processor.py:186} INFO - Started process (PID=4495) to work on /home/airflow/.local/lib/python3.12/site-packages/airflow/example_dags/tutorial.py
[2026-06-13T17:27:34.797+0000] {processor.py:914} INFO - Processing file /home/airflow/.local/lib/python3.12/site-packages/airflow/example_dags/tutorial.py for tasks to queue
[2026-06-13T17:27:34.799+0000] {logging_mixin.py:190} INFO - [2026-06-13T17:27:34.799+0000] {dagbag.py:588} INFO - Filling up the DagBag from /home/airflow/.local/lib/python3.12/site-packages/airflow/example_dags/tutorial.py
[2026-06-13T17:27:34.806+0000] {processor.py:925} INFO - DAG(s) 'tutorial' retrieved from /home/airflow/.local/lib/python3.12/site-packages/airflow/example_dags/tutorial.py
[2026-06-13T17:27:34.822+0000] {logging_mixin.py:190} INFO - [2026-06-13T17:27:34.822+0000] {dag.py:3239} INFO - Sync 1 DAGs
[2026-06-13T17:27:34.843+0000] {logging_mixin.py:190} INFO - [2026-06-13T17:27:34.843+0000] {dag.py:4180} INFO - Setting next_dagrun for tutorial to 2026-06-12 00:00:00+00:00, run_after=2026-06-13 00:00:00+00:00
[2026-06-13T17:27:34.861+0000] {processor.py:208} INFO - Processing /home/airflow/.local/lib/python3.12/site-packages/airflow/example_dags/tutorial.py took 0.070 seconds
[2026-06-13T17:28:05.272+0000] {processor.py:186} INFO - Started process (PID=4556) to work on /home/airflow/.local/lib/python3.12/site-packages/airflow/example_dags/tutorial.py
[2026-06-13T17:28:05.273+0000] {processor.py:914} INFO - Processing file /home/airflow/.local/lib/python3.12/site-packages/airflow/example_dags/tutorial.py for tasks to queue
[2026-06-13T17:28:05.276+0000] {logging_mixin.py:190} INFO - [2026-06-13T17:28:05.275+0000] {dagbag.py:588} INFO - Filling up the DagBag from /home/airflow/.local/lib/python3.12/site-packages/airflow/example_dags/tutorial.py
[2026-06-13T17:28:05.282+0000] {processor.py:925} INFO - DAG(s) 'tutorial' retrieved from /home/airflow/.local/lib/python3.12/site-packages/airflow/example_dags/tutorial.py
[2026-06-13T17:28:05.298+0000] {logging_mixin.py:190} INFO - [2026-06-13T17:28:05.298+0000] {dag.py:3239} INFO - Sync 1 DAGs
[2026-06-13T17:28:05.317+0000] {logging_mixin.py:190} INFO - [2026-06-13T17:28:05.316+0000] {dag.py:4180} INFO - Setting next_dagrun for tutorial to 2026-06-12 00:00:00+00:00, run_after=2026-06-13 00:00:00+00:00
[2026-06-13T17:28:05.333+0000] {processor.py:208} INFO - Processing /home/airflow/.local/lib/python3.12/site-packages/airflow/example_dags/tutorial.py took 0.065 seconds
[2026-06-13T17:28:36.451+0000] {processor.py:186} INFO - Started process (PID=4624) to work on /home/airflow/.local/lib/python3.12/site-packages/airflow/example_dags/tutorial.py
[2026-06-13T17:28:36.452+0000] {processor.py:914} INFO - Processing file /home/airflow/.local/lib/python3.12/site-packages/airflow/example_dags/tutorial.py for tasks to queue
[2026-06-13T17:28:36.454+0000] {logging_mixin.py:190} INFO - [2026-06-13T17:28:36.454+0000] {dagbag.py:588} INFO - Filling up the DagBag from /home/airflow/.local/lib/python3.12/site-packages/airflow/example_dags/tutorial.py
[2026-06-13T17:28:36.461+0000] {processor.py:925} INFO - DAG(s) 'tutorial' retrieved from /home/airflow/.local/lib/python3.12/site-packages/airflow/example_dags/tutorial.py
[2026-06-13T17:28:36.480+0000] {logging_mixin.py:190} INFO - [2026-06-13T17:28:36.480+0000] {dag.py:3239} INFO - Sync 1 DAGs
[2026-06-13T17:28:36.498+0000] {logging_mixin.py:190} INFO - [2026-06-13T17:28:36.498+0000] {dag.py:4180} INFO - Setting next_dagrun for tutorial to 2026-06-12 00:00:00+00:00, run_after=2026-06-13 00:00:00+00:00
[2026-06-13T17:28:36.513+0000] {processor.py:208} INFO - Processing /home/airflow/.local/lib/python3.12/site-packages/airflow/example_dags/tutorial.py took 0.068 seconds
[2026-06-13T17:29:06.877+0000] {processor.py:186} INFO - Started process (PID=4686) to work on /home/airflow/.local/lib/python3.12/site-packages/airflow/example_dags/tutorial.py
[2026-06-13T17:29:06.878+0000] {processor.py:914} INFO - Processing file /home/airflow/.local/lib/python3.12/site-packages/airflow/example_dags/tutorial.py for tasks to queue
[2026-06-13T17:29:06.882+0000] {logging_mixin.py:190} INFO - [2026-06-13T17:29:06.881+0000] {dagbag.py:588} INFO - Filling up the DagBag from /home/airflow/.local/lib/python3.12/site-packages/airflow/example_dags/tutorial.py
[2026-06-13T17:29:06.891+0000] {processor.py:925} INFO - DAG(s) 'tutorial' retrieved from /home/airflow/.local/lib/python3.12/site-packages/airflow/example_dags/tutorial.py
[2026-06-13T17:29:06.915+0000] {logging_mixin.py:190} INFO - [2026-06-13T17:29:06.915+0000] {dag.py:3239} INFO - Sync 1 DAGs
[2026-06-13T17:29:06.941+0000] {logging_mixin.py:190} INFO - [2026-06-13T17:29:06.940+0000] {dag.py:4180} INFO - Setting next_dagrun for tutorial to 2026-06-12 00:00:00+00:00, run_after=2026-06-13 00:00:00+00:00
[2026-06-13T17:29:06.962+0000] {processor.py:208} INFO - Processing /home/airflow/.local/lib/python3.12/site-packages/airflow/example_dags/tutorial.py took 0.092 seconds
[2026-06-13T17:29:37.197+0000] {processor.py:186} INFO - Started process (PID=4748) to work on /home/airflow/.local/lib/python3.12/site-packages/airflow/example_dags/tutorial.py
[2026-06-13T17:29:37.198+0000] {processor.py:914} INFO - Processing file /home/airflow/.local/lib/python3.12/site-packages/airflow/example_dags/tutorial.py for tasks to queue
[2026-06-13T17:29:37.201+0000] {logging_mixin.py:190} INFO - [2026-06-13T17:29:37.200+0000] {dagbag.py:588} INFO - Filling up the DagBag from /home/airflow/.local/lib/python3.12/site-packages/airflow/example_dags/tutorial.py
[2026-06-13T17:29:37.215+0000] {processor.py:925} INFO - DAG(s) 'tutorial' retrieved from /home/airflow/.local/lib/python3.12/site-packages/airflow/example_dags/tutorial.py
[2026-06-13T17:29:37.238+0000] {logging_mixin.py:190} INFO - [2026-06-13T17:29:37.237+0000] {dag.py:3239} INFO - Sync 1 DAGs
[2026-06-13T17:29:37.265+0000] {logging_mixin.py:190} INFO - [2026-06-13T17:29:37.265+0000] {dag.py:4180} INFO - Setting next_dagrun for tutorial to 2026-06-12 00:00:00+00:00, run_after=2026-06-13 00:00:00+00:00
[2026-06-13T17:29:37.291+0000] {processor.py:208} INFO - Processing /home/airflow/.local/lib/python3.12/site-packages/airflow/example_dags/tutorial.py took 0.099 seconds
[2026-06-13T17:30:07.480+0000] {processor.py:186} INFO - Started process (PID=4810) to work on /home/airflow/.local/lib/python3.12/site-packages/airflow/example_dags/tutorial.py
[2026-06-13T17:30:07.481+0000] {processor.py:914} INFO - Processing file /home/airflow/.local/lib/python3.12/site-packages/airflow/example_dags/tutorial.py for tasks to queue
[2026-06-13T17:30:07.484+0000] {logging_mixin.py:190} INFO - [2026-06-13T17:30:07.484+0000] {dagbag.py:588} INFO - Filling up the DagBag from /home/airflow/.local/lib/python3.12/site-packages/airflow/example_dags/tutorial.py
[2026-06-13T17:30:07.492+0000] {processor.py:925} INFO - DAG(s) 'tutorial' retrieved from /home/airflow/.local/lib/python3.12/site-packages/airflow/example_dags/tutorial.py
[2026-06-13T17:30:07.521+0000] {logging_mixin.py:190} INFO - [2026-06-13T17:30:07.521+0000] {dag.py:3239} INFO - Sync 1 DAGs
[2026-06-13T17:30:07.555+0000] {logging_mixin.py:190} INFO - [2026-06-13T17:30:07.555+0000] {dag.py:4180} INFO - Setting next_dagrun for tutorial to 2026-06-12 00:00:00+00:00, run_after=2026-06-13 00:00:00+00:00
[2026-06-13T17:30:07.584+0000] {processor.py:208} INFO - Processing /home/airflow/.local/lib/python3.12/site-packages/airflow/example_dags/tutorial.py took 0.111 seconds
[2026-06-13T17:30:37.849+0000] {processor.py:186} INFO - Started process (PID=4873) to work on /home/airflow/.local/lib/python3.12/site-packages/airflow/example_dags/tutorial.py
[2026-06-13T17:30:37.851+0000] {processor.py:914} INFO - Processing file /home/airflow/.local/lib/python3.12/site-packages/airflow/example_dags/tutorial.py for tasks to queue
[2026-06-13T17:30:37.853+0000] {logging_mixin.py:190} INFO - [2026-06-13T17:30:37.853+0000] {dagbag.py:588} INFO - Filling up the DagBag from /home/airflow/.local/lib/python3.12/site-packages/airflow/example_dags/tutorial.py
[2026-06-13T17:30:37.860+0000] {processor.py:925} INFO - DAG(s) 'tutorial' retrieved from /home/airflow/.local/lib/python3.12/site-packages/airflow/example_dags/tutorial.py
[2026-06-13T17:30:37.877+0000] {logging_mixin.py:190} INFO - [2026-06-13T17:30:37.877+0000] {dag.py:3239} INFO - Sync 1 DAGs
[2026-06-13T17:30:37.900+0000] {logging_mixin.py:190} INFO - [2026-06-13T17:30:37.900+0000] {dag.py:4180} INFO - Setting next_dagrun for tutorial to 2026-06-12 00:00:00+00:00, run_after=2026-06-13 00:00:00+00:00
[2026-06-13T17:30:37.922+0000] {processor.py:208} INFO - Processing /home/airflow/.local/lib/python3.12/site-packages/airflow/example_dags/tutorial.py took 0.078 seconds
[2026-06-13T17:31:08.237+0000] {processor.py:186} INFO - Started process (PID=4935) to work on /home/airflow/.local/lib/python3.12/site-packages/airflow/example_dags/tutorial.py
[2026-06-13T17:31:08.238+0000] {processor.py:914} INFO - Processing file /home/airflow/.local/lib/python3.12/site-packages/airflow/example_dags/tutorial.py for tasks to queue
[2026-06-13T17:31:08.241+0000] {logging_mixin.py:190} INFO - [2026-06-13T17:31:08.240+0000] {dagbag.py:588} INFO - Filling up the DagBag from /home/airflow/.local/lib/python3.12/site-packages/airflow/example_dags/tutorial.py
[2026-06-13T17:31:08.247+0000] {processor.py:925} INFO - DAG(s) 'tutorial' retrieved from /home/airflow/.local/lib/python3.12/site-packages/airflow/example_dags/tutorial.py
[2026-06-13T17:31:08.267+0000] {logging_mixin.py:190} INFO - [2026-06-13T17:31:08.267+0000] {dag.py:3239} INFO - Sync 1 DAGs
[2026-06-13T17:31:08.296+0000] {logging_mixin.py:190} INFO - [2026-06-13T17:31:08.295+0000] {dag.py:4180} INFO - Setting next_dagrun for tutorial to 2026-06-12 00:00:00+00:00, run_after=2026-06-13 00:00:00+00:00
[2026-06-13T17:31:08.330+0000] {processor.py:208} INFO - Processing /home/airflow/.local/lib/python3.12/site-packages/airflow/example_dags/tutorial.py took 0.098 seconds
[2026-06-13T17:31:38.810+0000] {processor.py:186} INFO - Started process (PID=4997) to work on /home/airflow/.local/lib/python3.12/site-packages/airflow/example_dags/tutorial.py
[2026-06-13T17:31:38.811+0000] {processor.py:914} INFO - Processing file /home/airflow/.local/lib/python3.12/site-packages/airflow/example_dags/tutorial.py for tasks to queue
[2026-06-13T17:31:38.813+0000] {logging_mixin.py:190} INFO - [2026-06-13T17:31:38.813+0000] {dagbag.py:588} INFO - Filling up the DagBag from /home/airflow/.local/lib/python3.12/site-packages/airflow/example_dags/tutorial.py
[2026-06-13T17:31:38.820+0000] {processor.py:925} INFO - DAG(s) 'tutorial' retrieved from /home/airflow/.local/lib/python3.12/site-packages/airflow/example_dags/tutorial.py
[2026-06-13T17:31:38.837+0000] {logging_mixin.py:190} INFO - [2026-06-13T17:31:38.837+0000] {dag.py:3239} INFO - Sync 1 DAGs
[2026-06-13T17:31:38.857+0000] {logging_mixin.py:190} INFO - [2026-06-13T17:31:38.856+0000] {dag.py:4180} INFO - Setting next_dagrun for tutorial to 2026-06-12 00:00:00+00:00, run_after=2026-06-13 00:00:00+00:00
[2026-06-13T17:31:38.875+0000] {processor.py:208} INFO - Processing /home/airflow/.local/lib/python3.12/site-packages/airflow/example_dags/tutorial.py took 0.069 seconds
[2026-06-13T17:32:09.131+0000] {processor.py:186} INFO - Started process (PID=5059) to work on /home/airflow/.local/lib/python3.12/site-packages/airflow/example_dags/tutorial.py
[2026-06-13T17:32:09.132+0000] {processor.py:914} INFO - Processing file /home/airflow/.local/lib/python3.12/site-packages/airflow/example_dags/tutorial.py for tasks to queue
[2026-06-13T17:32:09.135+0000] {logging_mixin.py:190} INFO - [2026-06-13T17:32:09.134+0000] {dagbag.py:588} INFO - Filling up the DagBag from /home/airflow/.local/lib/python3.12/site-packages/airflow/example_dags/tutorial.py
[2026-06-13T17:32:09.144+0000] {processor.py:925} INFO - DAG(s) 'tutorial' retrieved from /home/airflow/.local/lib/python3.12/site-packages/airflow/example_dags/tutorial.py
[2026-06-13T17:32:09.167+0000] {logging_mixin.py:190} INFO - [2026-06-13T17:32:09.166+0000] {dag.py:3239} INFO - Sync 1 DAGs
[2026-06-13T17:32:09.190+0000] {logging_mixin.py:190} INFO - [2026-06-13T17:32:09.189+0000] {dag.py:4180} INFO - Setting next_dagrun for tutorial to 2026-06-12 00:00:00+00:00, run_after=2026-06-13 00:00:00+00:00
[2026-06-13T17:32:09.215+0000] {processor.py:208} INFO - Processing /home/airflow/.local/lib/python3.12/site-packages/airflow/example_dags/tutorial.py took 0.092 seconds
[2026-06-13T17:32:39.506+0000] {processor.py:186} INFO - Started process (PID=5121) to work on /home/airflow/.local/lib/python3.12/site-packages/airflow/example_dags/tutorial.py
[2026-06-13T17:32:39.507+0000] {processor.py:914} INFO - Processing file /home/airflow/.local/lib/python3.12/site-packages/airflow/example_dags/tutorial.py for tasks to queue
[2026-06-13T17:32:39.509+0000] {logging_mixin.py:190} INFO - [2026-06-13T17:32:39.509+0000] {dagbag.py:588} INFO - Filling up the DagBag from /home/airflow/.local/lib/python3.12/site-packages/airflow/example_dags/tutorial.py
[2026-06-13T17:32:39.516+0000] {processor.py:925} INFO - DAG(s) 'tutorial' retrieved from /home/airflow/.local/lib/python3.12/site-packages/airflow/example_dags/tutorial.py
[2026-06-13T17:32:39.536+0000] {logging_mixin.py:190} INFO - [2026-06-13T17:32:39.536+0000] {dag.py:3239} INFO - Sync 1 DAGs
[2026-06-13T17:32:39.559+0000] {logging_mixin.py:190} INFO - [2026-06-13T17:32:39.559+0000] {dag.py:4180} INFO - Setting next_dagrun for tutorial to 2026-06-12 00:00:00+00:00, run_after=2026-06-13 00:00:00+00:00
[2026-06-13T17:32:39.581+0000] {processor.py:208} INFO - Processing /home/airflow/.local/lib/python3.12/site-packages/airflow/example_dags/tutorial.py took 0.081 seconds
[2026-06-13T17:33:09.978+0000] {processor.py:186} INFO - Started process (PID=5183) to work on /home/airflow/.local/lib/python3.12/site-packages/airflow/example_dags/tutorial.py
[2026-06-13T17:33:09.980+0000] {processor.py:914} INFO - Processing file /home/airflow/.local/lib/python3.12/site-packages/airflow/example_dags/tutorial.py for tasks to queue
[2026-06-13T17:33:09.983+0000] {logging_mixin.py:190} INFO - [2026-06-13T17:33:09.982+0000] {dagbag.py:588} INFO - Filling up the DagBag from /home/airflow/.local/lib/python3.12/site-packages/airflow/example_dags/tutorial.py
[2026-06-13T17:33:09.991+0000] {processor.py:925} INFO - DAG(s) 'tutorial' retrieved from /home/airflow/.local/lib/python3.12/site-packages/airflow/example_dags/tutorial.py
[2026-06-13T17:33:10.012+0000] {logging_mixin.py:190} INFO - [2026-06-13T17:33:10.012+0000] {dag.py:3239} INFO - Sync 1 DAGs
[2026-06-13T17:33:10.039+0000] {logging_mixin.py:190} INFO - [2026-06-13T17:33:10.039+0000] {dag.py:4180} INFO - Setting next_dagrun for tutorial to 2026-06-12 00:00:00+00:00, run_after=2026-06-13 00:00:00+00:00
[2026-06-13T17:33:10.058+0000] {processor.py:208} INFO - Processing /home/airflow/.local/lib/python3.12/site-packages/airflow/example_dags/tutorial.py took 0.091 seconds
[2026-06-13T17:33:40.417+0000] {processor.py:186} INFO - Started process (PID=5245) to work on /home/airflow/.local/lib/python3.12/site-packages/airflow/example_dags/tutorial.py
[2026-06-13T17:33:40.419+0000] {processor.py:914} INFO - Processing file /home/airflow/.local/lib/python3.12/site-packages/airflow/example_dags/tutorial.py for tasks to queue
[2026-06-13T17:33:40.421+0000] {logging_mixin.py:190} INFO - [2026-06-13T17:33:40.421+0000] {dagbag.py:588} INFO - Filling up the DagBag from /home/airflow/.local/lib/python3.12/site-packages/airflow/example_dags/tutorial.py
[2026-06-13T17:33:40.428+0000] {processor.py:925} INFO - DAG(s) 'tutorial' retrieved from /home/airflow/.local/lib/python3.12/site-packages/airflow/example_dags/tutorial.py
[2026-06-13T17:33:40.447+0000] {logging_mixin.py:190} INFO - [2026-06-13T17:33:40.447+0000] {dag.py:3239} INFO - Sync 1 DAGs
[2026-06-13T17:33:40.468+0000] {logging_mixin.py:190} INFO - [2026-06-13T17:33:40.468+0000] {dag.py:4180} INFO - Setting next_dagrun for tutorial to 2026-06-12 00:00:00+00:00, run_after=2026-06-13 00:00:00+00:00
[2026-06-13T17:33:40.496+0000] {processor.py:208} INFO - Processing /home/airflow/.local/lib/python3.12/site-packages/airflow/example_dags/tutorial.py took 0.084 seconds
[2026-06-13T17:34:10.545+0000] {processor.py:186} INFO - Started process (PID=5306) to work on /home/airflow/.local/lib/python3.12/site-packages/airflow/example_dags/tutorial.py
[2026-06-13T17:34:10.546+0000] {processor.py:914} INFO - Processing file /home/airflow/.local/lib/python3.12/site-packages/airflow/example_dags/tutorial.py for tasks to queue
[2026-06-13T17:34:10.548+0000] {logging_mixin.py:190} INFO - [2026-06-13T17:34:10.548+0000] {dagbag.py:588} INFO - Filling up the DagBag from /home/airflow/.local/lib/python3.12/site-packages/airflow/example_dags/tutorial.py
[2026-06-13T17:34:10.555+0000] {processor.py:925} INFO - DAG(s) 'tutorial' retrieved from /home/airflow/.local/lib/python3.12/site-packages/airflow/example_dags/tutorial.py
[2026-06-13T17:34:10.575+0000] {logging_mixin.py:190} INFO - [2026-06-13T17:34:10.575+0000] {dag.py:3239} INFO - Sync 1 DAGs
[2026-06-13T17:34:10.597+0000] {logging_mixin.py:190} INFO - [2026-06-13T17:34:10.597+0000] {dag.py:4180} INFO - Setting next_dagrun for tutorial to 2026-06-12 00:00:00+00:00, run_after=2026-06-13 00:00:00+00:00
[2026-06-13T17:34:10.625+0000] {processor.py:208} INFO - Processing /home/airflow/.local/lib/python3.12/site-packages/airflow/example_dags/tutorial.py took 0.086 seconds
[2026-06-13T17:34:40.964+0000] {processor.py:186} INFO - Started process (PID=5369) to work on /home/airflow/.local/lib/python3.12/site-packages/airflow/example_dags/tutorial.py
[2026-06-13T17:34:40.965+0000] {processor.py:914} INFO - Processing file /home/airflow/.local/lib/python3.12/site-packages/airflow/example_dags/tutorial.py for tasks to queue
[2026-06-13T17:34:40.969+0000] {logging_mixin.py:190} INFO - [2026-06-13T17:34:40.968+0000] {dagbag.py:588} INFO - Filling up the DagBag from /home/airflow/.local/lib/python3.12/site-packages/airflow/example_dags/tutorial.py
[2026-06-13T17:34:40.978+0000] {processor.py:925} INFO - DAG(s) 'tutorial' retrieved from /home/airflow/.local/lib/python3.12/site-packages/airflow/example_dags/tutorial.py
[2026-06-13T17:34:41.003+0000] {logging_mixin.py:190} INFO - [2026-06-13T17:34:41.002+0000] {dag.py:3239} INFO - Sync 1 DAGs
[2026-06-13T17:34:41.023+0000] {logging_mixin.py:190} INFO - [2026-06-13T17:34:41.023+0000] {dag.py:4180} INFO - Setting next_dagrun for tutorial to 2026-06-12 00:00:00+00:00, run_after=2026-06-13 00:00:00+00:00
[2026-06-13T17:34:41.039+0000] {processor.py:208} INFO - Processing /home/airflow/.local/lib/python3.12/site-packages/airflow/example_dags/tutorial.py took 0.083 seconds
[2026-06-13T17:35:11.215+0000] {processor.py:186} INFO - Started process (PID=5431) to work on /home/airflow/.local/lib/python3.12/site-packages/airflow/example_dags/tutorial.py
[2026-06-13T17:35:11.216+0000] {processor.py:914} INFO - Processing file /home/airflow/.local/lib/python3.12/site-packages/airflow/example_dags/tutorial.py for tasks to queue
[2026-06-13T17:35:11.218+0000] {logging_mixin.py:190} INFO - [2026-06-13T17:35:11.218+0000] {dagbag.py:588} INFO - Filling up the DagBag from /home/airflow/.local/lib/python3.12/site-packages/airflow/example_dags/tutorial.py
[2026-06-13T17:35:11.226+0000] {processor.py:925} INFO - DAG(s) 'tutorial' retrieved from /home/airflow/.local/lib/python3.12/site-packages/airflow/example_dags/tutorial.py
[2026-06-13T17:35:11.247+0000] {logging_mixin.py:190} INFO - [2026-06-13T17:35:11.247+0000] {dag.py:3239} INFO - Sync 1 DAGs
[2026-06-13T17:35:11.266+0000] {logging_mixin.py:190} INFO - [2026-06-13T17:35:11.266+0000] {dag.py:4180} INFO - Setting next_dagrun for tutorial to 2026-06-12 00:00:00+00:00, run_after=2026-06-13 00:00:00+00:00
[2026-06-13T17:35:11.284+0000] {processor.py:208} INFO - Processing /home/airflow/.local/lib/python3.12/site-packages/airflow/example_dags/tutorial.py took 0.076 seconds
[2026-06-13T17:35:41.625+0000] {processor.py:186} INFO - Started process (PID=5493) to work on /home/airflow/.local/lib/python3.12/site-packages/airflow/example_dags/tutorial.py
[2026-06-13T17:35:41.626+0000] {processor.py:914} INFO - Processing file /home/airflow/.local/lib/python3.12/site-packages/airflow/example_dags/tutorial.py for tasks to queue
[2026-06-13T17:35:41.629+0000] {logging_mixin.py:190} INFO - [2026-06-13T17:35:41.628+0000] {dagbag.py:588} INFO - Filling up the DagBag from /home/airflow/.local/lib/python3.12/site-packages/airflow/example_dags/tutorial.py
[2026-06-13T17:35:41.637+0000] {processor.py:925} INFO - DAG(s) 'tutorial' retrieved from /home/airflow/.local/lib/python3.12/site-packages/airflow/example_dags/tutorial.py
[2026-06-13T17:35:41.661+0000] {logging_mixin.py:190} INFO - [2026-06-13T17:35:41.660+0000] {dag.py:3239} INFO - Sync 1 DAGs
[2026-06-13T17:35:41.686+0000] {logging_mixin.py:190} INFO - [2026-06-13T17:35:41.686+0000] {dag.py:4180} INFO - Setting next_dagrun for tutorial to 2026-06-12 00:00:00+00:00, run_after=2026-06-13 00:00:00+00:00
[2026-06-13T17:35:41.710+0000] {processor.py:208} INFO - Processing /home/airflow/.local/lib/python3.12/site-packages/airflow/example_dags/tutorial.py took 0.090 seconds
[2026-06-13T17:36:11.871+0000] {processor.py:186} INFO - Started process (PID=5555) to work on /home/airflow/.local/lib/python3.12/site-packages/airflow/example_dags/tutorial.py
[2026-06-13T17:36:11.873+0000] {processor.py:914} INFO - Processing file /home/airflow/.local/lib/python3.12/site-packages/airflow/example_dags/tutorial.py for tasks to queue
[2026-06-13T17:36:11.875+0000] {logging_mixin.py:190} INFO - [2026-06-13T17:36:11.875+0000] {dagbag.py:588} INFO - Filling up the DagBag from /home/airflow/.local/lib/python3.12/site-packages/airflow/example_dags/tutorial.py
[2026-06-13T17:36:11.882+0000] {processor.py:925} INFO - DAG(s) 'tutorial' retrieved from /home/airflow/.local/lib/python3.12/site-packages/airflow/example_dags/tutorial.py
[2026-06-13T17:36:11.900+0000] {logging_mixin.py:190} INFO - [2026-06-13T17:36:11.900+0000] {dag.py:3239} INFO - Sync 1 DAGs
[2026-06-13T17:36:11.924+0000] {logging_mixin.py:190} INFO - [2026-06-13T17:36:11.924+0000] {dag.py:4180} INFO - Setting next_dagrun for tutorial to 2026-06-12 00:00:00+00:00, run_after=2026-06-13 00:00:00+00:00
[2026-06-13T17:36:11.946+0000] {processor.py:208} INFO - Processing /home/airflow/.local/lib/python3.12/site-packages/airflow/example_dags/tutorial.py took 0.079 seconds
[2026-06-13T17:36:41.996+0000] {processor.py:186} INFO - Started process (PID=5617) to work on /home/airflow/.local/lib/python3.12/site-packages/airflow/example_dags/tutorial.py
[2026-06-13T17:36:41.997+0000] {processor.py:914} INFO - Processing file /home/airflow/.local/lib/python3.12/site-packages/airflow/example_dags/tutorial.py for tasks to queue
[2026-06-13T17:36:42.000+0000] {logging_mixin.py:190} INFO - [2026-06-13T17:36:41.999+0000] {dagbag.py:588} INFO - Filling up the DagBag from /home/airflow/.local/lib/python3.12/site-packages/airflow/example_dags/tutorial.py
[2026-06-13T17:36:42.007+0000] {processor.py:925} INFO - DAG(s) 'tutorial' retrieved from /home/airflow/.local/lib/python3.12/site-packages/airflow/example_dags/tutorial.py
[2026-06-13T17:36:42.024+0000] {logging_mixin.py:190} INFO - [2026-06-13T17:36:42.024+0000] {dag.py:3239} INFO - Sync 1 DAGs
[2026-06-13T17:36:42.047+0000] {logging_mixin.py:190} INFO - [2026-06-13T17:36:42.047+0000] {dag.py:4180} INFO - Setting next_dagrun for tutorial to 2026-06-12 00:00:00+00:00, run_after=2026-06-13 00:00:00+00:00
[2026-06-13T17:36:42.070+0000] {processor.py:208} INFO - Processing /home/airflow/.local/lib/python3.12/site-packages/airflow/example_dags/tutorial.py took 0.079 seconds
[2026-06-13T17:37:12.637+0000] {processor.py:186} INFO - Started process (PID=5679) to work on /home/airflow/.local/lib/python3.12/site-packages/airflow/example_dags/tutorial.py
[2026-06-13T17:37:12.639+0000] {processor.py:914} INFO - Processing file /home/airflow/.local/lib/python3.12/site-packages/airflow/example_dags/tutorial.py for tasks to queue
[2026-06-13T17:37:12.642+0000] {logging_mixin.py:190} INFO - [2026-06-13T17:37:12.641+0000] {dagbag.py:588} INFO - Filling up the DagBag from /home/airflow/.local/lib/python3.12/site-packages/airflow/example_dags/tutorial.py
[2026-06-13T17:37:12.648+0000] {processor.py:925} INFO - DAG(s) 'tutorial' retrieved from /home/airflow/.local/lib/python3.12/site-packages/airflow/example_dags/tutorial.py
[2026-06-13T17:37:12.667+0000] {logging_mixin.py:190} INFO - [2026-06-13T17:37:12.667+0000] {dag.py:3239} INFO - Sync 1 DAGs
[2026-06-13T17:37:12.686+0000] {logging_mixin.py:190} INFO - [2026-06-13T17:37:12.686+0000] {dag.py:4180} INFO - Setting next_dagrun for tutorial to 2026-06-12 00:00:00+00:00, run_after=2026-06-13 00:00:00+00:00
[2026-06-13T17:37:12.710+0000] {processor.py:208} INFO - Processing /home/airflow/.local/lib/python3.12/site-packages/airflow/example_dags/tutorial.py took 0.077 seconds
[2026-06-13T17:37:43.081+0000] {processor.py:186} INFO - Started process (PID=5741) to work on /home/airflow/.local/lib/python3.12/site-packages/airflow/example_dags/tutorial.py
[2026-06-13T17:37:43.083+0000] {processor.py:914} INFO - Processing file /home/airflow/.local/lib/python3.12/site-packages/airflow/example_dags/tutorial.py for tasks to queue
[2026-06-13T17:37:43.085+0000] {logging_mixin.py:190} INFO - [2026-06-13T17:37:43.085+0000] {dagbag.py:588} INFO - Filling up the DagBag from /home/airflow/.local/lib/python3.12/site-packages/airflow/example_dags/tutorial.py
[2026-06-13T17:37:43.092+0000] {processor.py:925} INFO - DAG(s) 'tutorial' retrieved from /home/airflow/.local/lib/python3.12/site-packages/airflow/example_dags/tutorial.py
[2026-06-13T17:37:43.112+0000] {logging_mixin.py:190} INFO - [2026-06-13T17:37:43.111+0000] {dag.py:3239} INFO - Sync 1 DAGs
[2026-06-13T17:37:43.138+0000] {logging_mixin.py:190} INFO - [2026-06-13T17:37:43.138+0000] {dag.py:4180} INFO - Setting next_dagrun for tutorial to 2026-06-12 00:00:00+00:00, run_after=2026-06-13 00:00:00+00:00
[2026-06-13T17:37:43.166+0000] {processor.py:208} INFO - Processing /home/airflow/.local/lib/python3.12/site-packages/airflow/example_dags/tutorial.py took 0.090 seconds
[2026-06-13T17:38:13.228+0000] {processor.py:186} INFO - Started process (PID=5803) to work on /home/airflow/.local/lib/python3.12/site-packages/airflow/example_dags/tutorial.py
[2026-06-13T17:38:13.229+0000] {processor.py:914} INFO - Processing file /home/airflow/.local/lib/python3.12/site-packages/airflow/example_dags/tutorial.py for tasks to queue
[2026-06-13T17:38:13.231+0000] {logging_mixin.py:190} INFO - [2026-06-13T17:38:13.231+0000] {dagbag.py:588} INFO - Filling up the DagBag from /home/airflow/.local/lib/python3.12/site-packages/airflow/example_dags/tutorial.py
[2026-06-13T17:38:13.237+0000] {processor.py:925} INFO - DAG(s) 'tutorial' retrieved from /home/airflow/.local/lib/python3.12/site-packages/airflow/example_dags/tutorial.py
[2026-06-13T17:38:13.256+0000] {logging_mixin.py:190} INFO - [2026-06-13T17:38:13.256+0000] {dag.py:3239} INFO - Sync 1 DAGs
[2026-06-13T17:38:13.280+0000] {logging_mixin.py:190} INFO - [2026-06-13T17:38:13.280+0000] {dag.py:4180} INFO - Setting next_dagrun for tutorial to 2026-06-12 00:00:00+00:00, run_after=2026-06-13 00:00:00+00:00
[2026-06-13T17:38:13.300+0000] {processor.py:208} INFO - Processing /home/airflow/.local/lib/python3.12/site-packages/airflow/example_dags/tutorial.py took 0.076 seconds
[2026-06-13T17:38:43.576+0000] {processor.py:186} INFO - Started process (PID=5865) to work on /home/airflow/.local/lib/python3.12/site-packages/airflow/example_dags/tutorial.py
[2026-06-13T17:38:43.577+0000] {processor.py:914} INFO - Processing file /home/airflow/.local/lib/python3.12/site-packages/airflow/example_dags/tutorial.py for tasks to queue
[2026-06-13T17:38:43.580+0000] {logging_mixin.py:190} INFO - [2026-06-13T17:38:43.580+0000] {dagbag.py:588} INFO - Filling up the DagBag from /home/airflow/.local/lib/python3.12/site-packages/airflow/example_dags/tutorial.py
[2026-06-13T17:38:43.590+0000] {processor.py:925} INFO - DAG(s) 'tutorial' retrieved from /home/airflow/.local/lib/python3.12/site-packages/airflow/example_dags/tutorial.py
[2026-06-13T17:38:43.613+0000] {logging_mixin.py:190} INFO - [2026-06-13T17:38:43.613+0000] {dag.py:3239} INFO - Sync 1 DAGs
[2026-06-13T17:38:43.638+0000] {logging_mixin.py:190} INFO - [2026-06-13T17:38:43.638+0000] {dag.py:4180} INFO - Setting next_dagrun for tutorial to 2026-06-12 00:00:00+00:00, run_after=2026-06-13 00:00:00+00:00
[2026-06-13T17:38:43.658+0000] {processor.py:208} INFO - Processing /home/airflow/.local/lib/python3.12/site-packages/airflow/example_dags/tutorial.py took 0.088 seconds
[2026-06-13T17:39:14.051+0000] {processor.py:186} INFO - Started process (PID=5927) to work on /home/airflow/.local/lib/python3.12/site-packages/airflow/example_dags/tutorial.py
[2026-06-13T17:39:14.052+0000] {processor.py:914} INFO - Processing file /home/airflow/.local/lib/python3.12/site-packages/airflow/example_dags/tutorial.py for tasks to queue
[2026-06-13T17:39:14.055+0000] {logging_mixin.py:190} INFO - [2026-06-13T17:39:14.055+0000] {dagbag.py:588} INFO - Filling up the DagBag from /home/airflow/.local/lib/python3.12/site-packages/airflow/example_dags/tutorial.py
[2026-06-13T17:39:14.063+0000] {processor.py:925} INFO - DAG(s) 'tutorial' retrieved from /home/airflow/.local/lib/python3.12/site-packages/airflow/example_dags/tutorial.py
[2026-06-13T17:39:14.085+0000] {logging_mixin.py:190} INFO - [2026-06-13T17:39:14.085+0000] {dag.py:3239} INFO - Sync 1 DAGs
[2026-06-13T17:39:14.114+0000] {logging_mixin.py:190} INFO - [2026-06-13T17:39:14.113+0000] {dag.py:4180} INFO - Setting next_dagrun for tutorial to 2026-06-12 00:00:00+00:00, run_after=2026-06-13 00:00:00+00:00
[2026-06-13T17:39:14.136+0000] {processor.py:208} INFO - Processing /home/airflow/.local/lib/python3.12/site-packages/airflow/example_dags/tutorial.py took 0.090 seconds
[2026-06-13T17:39:44.516+0000] {processor.py:186} INFO - Started process (PID=5989) to work on /home/airflow/.local/lib/python3.12/site-packages/airflow/example_dags/tutorial.py
[2026-06-13T17:39:44.517+0000] {processor.py:914} INFO - Processing file /home/airflow/.local/lib/python3.12/site-packages/airflow/example_dags/tutorial.py for tasks to queue
[2026-06-13T17:39:44.522+0000] {logging_mixin.py:190} INFO - [2026-06-13T17:39:44.521+0000] {dagbag.py:588} INFO - Filling up the DagBag from /home/airflow/.local/lib/python3.12/site-packages/airflow/example_dags/tutorial.py
[2026-06-13T17:39:44.532+0000] {processor.py:925} INFO - DAG(s) 'tutorial' retrieved from /home/airflow/.local/lib/python3.12/site-packages/airflow/example_dags/tutorial.py
[2026-06-13T17:39:44.560+0000] {logging_mixin.py:190} INFO - [2026-06-13T17:39:44.559+0000] {dag.py:3239} INFO - Sync 1 DAGs
[2026-06-13T17:39:44.590+0000] {logging_mixin.py:190} INFO - [2026-06-13T17:39:44.589+0000] {dag.py:4180} INFO - Setting next_dagrun for tutorial to 2026-06-12 00:00:00+00:00, run_after=2026-06-13 00:00:00+00:00
[2026-06-13T17:39:44.606+0000] {processor.py:208} INFO - Processing /home/airflow/.local/lib/python3.12/site-packages/airflow/example_dags/tutorial.py took 0.098 seconds
[2026-06-13T17:40:15.555+0000] {processor.py:186} INFO - Started process (PID=6051) to work on /home/airflow/.local/lib/python3.12/site-packages/airflow/example_dags/tutorial.py
[2026-06-13T17:40:15.556+0000] {processor.py:914} INFO - Processing file /home/airflow/.local/lib/python3.12/site-packages/airflow/example_dags/tutorial.py for tasks to queue
[2026-06-13T17:40:15.559+0000] {logging_mixin.py:190} INFO - [2026-06-13T17:40:15.559+0000] {dagbag.py:588} INFO - Filling up the DagBag from /home/airflow/.local/lib/python3.12/site-packages/airflow/example_dags/tutorial.py
[2026-06-13T17:40:15.569+0000] {processor.py:925} INFO - DAG(s) 'tutorial' retrieved from /home/airflow/.local/lib/python3.12/site-packages/airflow/example_dags/tutorial.py
[2026-06-13T17:40:15.592+0000] {logging_mixin.py:190} INFO - [2026-06-13T17:40:15.592+0000] {dag.py:3239} INFO - Sync 1 DAGs
[2026-06-13T17:40:15.618+0000] {logging_mixin.py:190} INFO - [2026-06-13T17:40:15.618+0000] {dag.py:4180} INFO - Setting next_dagrun for tutorial to 2026-06-12 00:00:00+00:00, run_after=2026-06-13 00:00:00+00:00
[2026-06-13T17:40:15.640+0000] {processor.py:208} INFO - Processing /home/airflow/.local/lib/python3.12/site-packages/airflow/example_dags/tutorial.py took 0.093 seconds
[2026-06-13T17:40:45.865+0000] {processor.py:186} INFO - Started process (PID=6113) to work on /home/airflow/.local/lib/python3.12/site-packages/airflow/example_dags/tutorial.py
[2026-06-13T17:40:45.867+0000] {processor.py:914} INFO - Processing file /home/airflow/.local/lib/python3.12/site-packages/airflow/example_dags/tutorial.py for tasks to queue
[2026-06-13T17:40:45.869+0000] {logging_mixin.py:190} INFO - [2026-06-13T17:40:45.869+0000] {dagbag.py:588} INFO - Filling up the DagBag from /home/airflow/.local/lib/python3.12/site-packages/airflow/example_dags/tutorial.py
[2026-06-13T17:40:45.875+0000] {processor.py:925} INFO - DAG(s) 'tutorial' retrieved from /home/airflow/.local/lib/python3.12/site-packages/airflow/example_dags/tutorial.py
[2026-06-13T17:40:45.893+0000] {logging_mixin.py:190} INFO - [2026-06-13T17:40:45.893+0000] {dag.py:3239} INFO - Sync 1 DAGs
[2026-06-13T17:40:45.914+0000] {logging_mixin.py:190} INFO - [2026-06-13T17:40:45.914+0000] {dag.py:4180} INFO - Setting next_dagrun for tutorial to 2026-06-12 00:00:00+00:00, run_after=2026-06-13 00:00:00+00:00
[2026-06-13T17:40:45.931+0000] {processor.py:208} INFO - Processing /home/airflow/.local/lib/python3.12/site-packages/airflow/example_dags/tutorial.py took 0.070 seconds
[2026-06-13T17:41:16.287+0000] {processor.py:186} INFO - Started process (PID=6175) to work on /home/airflow/.local/lib/python3.12/site-packages/airflow/example_dags/tutorial.py
[2026-06-13T17:41:16.288+0000] {processor.py:914} INFO - Processing file /home/airflow/.local/lib/python3.12/site-packages/airflow/example_dags/tutorial.py for tasks to queue
[2026-06-13T17:41:16.290+0000] {logging_mixin.py:190} INFO - [2026-06-13T17:41:16.290+0000] {dagbag.py:588} INFO - Filling up the DagBag from /home/airflow/.local/lib/python3.12/site-packages/airflow/example_dags/tutorial.py
[2026-06-13T17:41:16.296+0000] {processor.py:925} INFO - DAG(s) 'tutorial' retrieved from /home/airflow/.local/lib/python3.12/site-packages/airflow/example_dags/tutorial.py
[2026-06-13T17:41:16.316+0000] {logging_mixin.py:190} INFO - [2026-06-13T17:41:16.315+0000] {dag.py:3239} INFO - Sync 1 DAGs
[2026-06-13T17:41:16.339+0000] {logging_mixin.py:190} INFO - [2026-06-13T17:41:16.339+0000] {dag.py:4180} INFO - Setting next_dagrun for tutorial to 2026-06-12 00:00:00+00:00, run_after=2026-06-13 00:00:00+00:00
[2026-06-13T17:41:16.358+0000] {processor.py:208} INFO - Processing /home/airflow/.local/lib/python3.12/site-packages/airflow/example_dags/tutorial.py took 0.076 seconds
[2026-06-13T17:41:46.467+0000] {processor.py:186} INFO - Started process (PID=6237) to work on /home/airflow/.local/lib/python3.12/site-packages/airflow/example_dags/tutorial.py
[2026-06-13T17:41:46.469+0000] {processor.py:914} INFO - Processing file /home/airflow/.local/lib/python3.12/site-packages/airflow/example_dags/tutorial.py for tasks to queue
[2026-06-13T17:41:46.472+0000] {logging_mixin.py:190} INFO - [2026-06-13T17:41:46.471+0000] {dagbag.py:588} INFO - Filling up the DagBag from /home/airflow/.local/lib/python3.12/site-packages/airflow/example_dags/tutorial.py
[2026-06-13T17:41:46.484+0000] {processor.py:925} INFO - DAG(s) 'tutorial' retrieved from /home/airflow/.local/lib/python3.12/site-packages/airflow/example_dags/tutorial.py
[2026-06-13T17:41:46.513+0000] {logging_mixin.py:190} INFO - [2026-06-13T17:41:46.513+0000] {dag.py:3239} INFO - Sync 1 DAGs
[2026-06-13T17:41:46.550+0000] {logging_mixin.py:190} INFO - [2026-06-13T17:41:46.550+0000] {dag.py:4180} INFO - Setting next_dagrun for tutorial to 2026-06-12 00:00:00+00:00, run_after=2026-06-13 00:00:00+00:00
[2026-06-13T17:41:46.579+0000] {processor.py:208} INFO - Processing /home/airflow/.local/lib/python3.12/site-packages/airflow/example_dags/tutorial.py took 0.121 seconds
[2026-06-13T17:42:16.732+0000] {processor.py:186} INFO - Started process (PID=6299) to work on /home/airflow/.local/lib/python3.12/site-packages/airflow/example_dags/tutorial.py
[2026-06-13T17:42:16.734+0000] {processor.py:914} INFO - Processing file /home/airflow/.local/lib/python3.12/site-packages/airflow/example_dags/tutorial.py for tasks to queue
[2026-06-13T17:42:16.737+0000] {logging_mixin.py:190} INFO - [2026-06-13T17:42:16.736+0000] {dagbag.py:588} INFO - Filling up the DagBag from /home/airflow/.local/lib/python3.12/site-packages/airflow/example_dags/tutorial.py
[2026-06-13T17:42:16.744+0000] {processor.py:925} INFO - DAG(s) 'tutorial' retrieved from /home/airflow/.local/lib/python3.12/site-packages/airflow/example_dags/tutorial.py
[2026-06-13T17:42:16.761+0000] {logging_mixin.py:190} INFO - [2026-06-13T17:42:16.761+0000] {dag.py:3239} INFO - Sync 1 DAGs
[2026-06-13T17:42:16.784+0000] {logging_mixin.py:190} INFO - [2026-06-13T17:42:16.784+0000] {dag.py:4180} INFO - Setting next_dagrun for tutorial to 2026-06-12 00:00:00+00:00, run_after=2026-06-13 00:00:00+00:00
[2026-06-13T17:42:16.803+0000] {processor.py:208} INFO - Processing /home/airflow/.local/lib/python3.12/site-packages/airflow/example_dags/tutorial.py took 0.075 seconds
[2026-06-13T17:42:47.167+0000] {processor.py:186} INFO - Started process (PID=6361) to work on /home/airflow/.local/lib/python3.12/site-packages/airflow/example_dags/tutorial.py
[2026-06-13T17:42:47.168+0000] {processor.py:914} INFO - Processing file /home/airflow/.local/lib/python3.12/site-packages/airflow/example_dags/tutorial.py for tasks to queue
[2026-06-13T17:42:47.170+0000] {logging_mixin.py:190} INFO - [2026-06-13T17:42:47.170+0000] {dagbag.py:588} INFO - Filling up the DagBag from /home/airflow/.local/lib/python3.12/site-packages/airflow/example_dags/tutorial.py
[2026-06-13T17:42:47.177+0000] {processor.py:925} INFO - DAG(s) 'tutorial' retrieved from /home/airflow/.local/lib/python3.12/site-packages/airflow/example_dags/tutorial.py
[2026-06-13T17:42:47.194+0000] {logging_mixin.py:190} INFO - [2026-06-13T17:42:47.194+0000] {dag.py:3239} INFO - Sync 1 DAGs
[2026-06-13T17:42:47.213+0000] {logging_mixin.py:190} INFO - [2026-06-13T17:42:47.213+0000] {dag.py:4180} INFO - Setting next_dagrun for tutorial to 2026-06-12 00:00:00+00:00, run_after=2026-06-13 00:00:00+00:00
[2026-06-13T17:42:47.232+0000] {processor.py:208} INFO - Processing /home/airflow/.local/lib/python3.12/site-packages/airflow/example_dags/tutorial.py took 0.070 seconds
[2026-06-13T17:43:17.595+0000] {processor.py:186} INFO - Started process (PID=6423) to work on /home/airflow/.local/lib/python3.12/site-packages/airflow/example_dags/tutorial.py
[2026-06-13T17:43:17.597+0000] {processor.py:914} INFO - Processing file /home/airflow/.local/lib/python3.12/site-packages/airflow/example_dags/tutorial.py for tasks to queue
[2026-06-13T17:43:17.599+0000] {logging_mixin.py:190} INFO - [2026-06-13T17:43:17.599+0000] {dagbag.py:588} INFO - Filling up the DagBag from /home/airflow/.local/lib/python3.12/site-packages/airflow/example_dags/tutorial.py
[2026-06-13T17:43:17.606+0000] {processor.py:925} INFO - DAG(s) 'tutorial' retrieved from /home/airflow/.local/lib/python3.12/site-packages/airflow/example_dags/tutorial.py
[2026-06-13T17:43:17.627+0000] {logging_mixin.py:190} INFO - [2026-06-13T17:43:17.627+0000] {dag.py:3239} INFO - Sync 1 DAGs
[2026-06-13T17:43:17.654+0000] {logging_mixin.py:190} INFO - [2026-06-13T17:43:17.653+0000] {dag.py:4180} INFO - Setting next_dagrun for tutorial to 2026-06-12 00:00:00+00:00, run_after=2026-06-13 00:00:00+00:00
[2026-06-13T17:43:17.678+0000] {processor.py:208} INFO - Processing /home/airflow/.local/lib/python3.12/site-packages/airflow/example_dags/tutorial.py took 0.088 seconds
[2026-06-13T17:43:47.881+0000] {processor.py:186} INFO - Started process (PID=6485) to work on /home/airflow/.local/lib/python3.12/site-packages/airflow/example_dags/tutorial.py
[2026-06-13T17:43:47.882+0000] {processor.py:914} INFO - Processing file /home/airflow/.local/lib/python3.12/site-packages/airflow/example_dags/tutorial.py for tasks to queue
[2026-06-13T17:43:47.885+0000] {logging_mixin.py:190} INFO - [2026-06-13T17:43:47.885+0000] {dagbag.py:588} INFO - Filling up the DagBag from /home/airflow/.local/lib/python3.12/site-packages/airflow/example_dags/tutorial.py
[2026-06-13T17:43:47.891+0000] {processor.py:925} INFO - DAG(s) 'tutorial' retrieved from /home/airflow/.local/lib/python3.12/site-packages/airflow/example_dags/tutorial.py
[2026-06-13T17:43:47.909+0000] {logging_mixin.py:190} INFO - [2026-06-13T17:43:47.909+0000] {dag.py:3239} INFO - Sync 1 DAGs
[2026-06-13T17:43:47.929+0000] {logging_mixin.py:190} INFO - [2026-06-13T17:43:47.929+0000] {dag.py:4180} INFO - Setting next_dagrun for tutorial to 2026-06-12 00:00:00+00:00, run_after=2026-06-13 00:00:00+00:00
[2026-06-13T17:43:47.946+0000] {processor.py:208} INFO - Processing /home/airflow/.local/lib/python3.12/site-packages/airflow/example_dags/tutorial.py took 0.069 seconds
[2026-06-13T17:44:18.090+0000] {processor.py:186} INFO - Started process (PID=6547) to work on /home/airflow/.local/lib/python3.12/site-packages/airflow/example_dags/tutorial.py
[2026-06-13T17:44:18.091+0000] {processor.py:914} INFO - Processing file /home/airflow/.local/lib/python3.12/site-packages/airflow/example_dags/tutorial.py for tasks to queue
[2026-06-13T17:44:18.093+0000] {logging_mixin.py:190} INFO - [2026-06-13T17:44:18.093+0000] {dagbag.py:588} INFO - Filling up the DagBag from /home/airflow/.local/lib/python3.12/site-packages/airflow/example_dags/tutorial.py
[2026-06-13T17:44:18.099+0000] {processor.py:925} INFO - DAG(s) 'tutorial' retrieved from /home/airflow/.local/lib/python3.12/site-packages/airflow/example_dags/tutorial.py
[2026-06-13T17:44:18.116+0000] {logging_mixin.py:190} INFO - [2026-06-13T17:44:18.116+0000] {dag.py:3239} INFO - Sync 1 DAGs
[2026-06-13T17:44:18.135+0000] {logging_mixin.py:190} INFO - [2026-06-13T17:44:18.135+0000] {dag.py:4180} INFO - Setting next_dagrun for tutorial to 2026-06-12 00:00:00+00:00, run_after=2026-06-13 00:00:00+00:00
[2026-06-13T17:44:18.152+0000] {processor.py:208} INFO - Processing /home/airflow/.local/lib/python3.12/site-packages/airflow/example_dags/tutorial.py took 0.067 seconds
[2026-06-13T17:44:48.363+0000] {processor.py:186} INFO - Started process (PID=6609) to work on /home/airflow/.local/lib/python3.12/site-packages/airflow/example_dags/tutorial.py
[2026-06-13T17:44:48.364+0000] {processor.py:914} INFO - Processing file /home/airflow/.local/lib/python3.12/site-packages/airflow/example_dags/tutorial.py for tasks to queue
[2026-06-13T17:44:48.366+0000] {logging_mixin.py:190} INFO - [2026-06-13T17:44:48.366+0000] {dagbag.py:588} INFO - Filling up the DagBag from /home/airflow/.local/lib/python3.12/site-packages/airflow/example_dags/tutorial.py
[2026-06-13T17:44:48.373+0000] {processor.py:925} INFO - DAG(s) 'tutorial' retrieved from /home/airflow/.local/lib/python3.12/site-packages/airflow/example_dags/tutorial.py
[2026-06-13T17:44:48.390+0000] {logging_mixin.py:190} INFO - [2026-06-13T17:44:48.389+0000] {dag.py:3239} INFO - Sync 1 DAGs
[2026-06-13T17:44:48.407+0000] {logging_mixin.py:190} INFO - [2026-06-13T17:44:48.407+0000] {dag.py:4180} INFO - Setting next_dagrun for tutorial to 2026-06-12 00:00:00+00:00, run_after=2026-06-13 00:00:00+00:00
[2026-06-13T17:44:48.424+0000] {processor.py:208} INFO - Processing /home/airflow/.local/lib/python3.12/site-packages/airflow/example_dags/tutorial.py took 0.066 seconds
[2026-06-13T17:45:18.902+0000] {processor.py:186} INFO - Started process (PID=6671) to work on /home/airflow/.local/lib/python3.12/site-packages/airflow/example_dags/tutorial.py
[2026-06-13T17:45:18.903+0000] {processor.py:914} INFO - Processing file /home/airflow/.local/lib/python3.12/site-packages/airflow/example_dags/tutorial.py for tasks to queue
[2026-06-13T17:45:18.906+0000] {logging_mixin.py:190} INFO - [2026-06-13T17:45:18.905+0000] {dagbag.py:588} INFO - Filling up the DagBag from /home/airflow/.local/lib/python3.12/site-packages/airflow/example_dags/tutorial.py
[2026-06-13T17:45:18.912+0000] {processor.py:925} INFO - DAG(s) 'tutorial' retrieved from /home/airflow/.local/lib/python3.12/site-packages/airflow/example_dags/tutorial.py
[2026-06-13T17:45:18.930+0000] {logging_mixin.py:190} INFO - [2026-06-13T17:45:18.930+0000] {dag.py:3239} INFO - Sync 1 DAGs
[2026-06-13T17:45:18.949+0000] {logging_mixin.py:190} INFO - [2026-06-13T17:45:18.948+0000] {dag.py:4180} INFO - Setting next_dagrun for tutorial to 2026-06-12 00:00:00+00:00, run_after=2026-06-13 00:00:00+00:00
[2026-06-13T17:45:18.969+0000] {processor.py:208} INFO - Processing /home/airflow/.local/lib/python3.12/site-packages/airflow/example_dags/tutorial.py took 0.073 seconds
[2026-06-13T17:45:49.506+0000] {processor.py:186} INFO - Started process (PID=6733) to work on /home/airflow/.local/lib/python3.12/site-packages/airflow/example_dags/tutorial.py
[2026-06-13T17:45:49.507+0000] {processor.py:914} INFO - Processing file /home/airflow/.local/lib/python3.12/site-packages/airflow/example_dags/tutorial.py for tasks to queue
[2026-06-13T17:45:49.509+0000] {logging_mixin.py:190} INFO - [2026-06-13T17:45:49.509+0000] {dagbag.py:588} INFO - Filling up the DagBag from /home/airflow/.local/lib/python3.12/site-packages/airflow/example_dags/tutorial.py
[2026-06-13T17:45:49.515+0000] {processor.py:925} INFO - DAG(s) 'tutorial' retrieved from /home/airflow/.local/lib/python3.12/site-packages/airflow/example_dags/tutorial.py
[2026-06-13T17:45:49.532+0000] {logging_mixin.py:190} INFO - [2026-06-13T17:45:49.532+0000] {dag.py:3239} INFO - Sync 1 DAGs
[2026-06-13T17:45:49.550+0000] {logging_mixin.py:190} INFO - [2026-06-13T17:45:49.550+0000] {dag.py:4180} INFO - Setting next_dagrun for tutorial to 2026-06-12 00:00:00+00:00, run_after=2026-06-13 00:00:00+00:00
[2026-06-13T17:45:49.568+0000] {processor.py:208} INFO - Processing /home/airflow/.local/lib/python3.12/site-packages/airflow/example_dags/tutorial.py took 0.067 seconds
[2026-06-13T17:46:20.082+0000] {processor.py:186} INFO - Started process (PID=6795) to work on /home/airflow/.local/lib/python3.12/site-packages/airflow/example_dags/tutorial.py
[2026-06-13T17:46:20.083+0000] {processor.py:914} INFO - Processing file /home/airflow/.local/lib/python3.12/site-packages/airflow/example_dags/tutorial.py for tasks to queue
[2026-06-13T17:46:20.086+0000] {logging_mixin.py:190} INFO - [2026-06-13T17:46:20.086+0000] {dagbag.py:588} INFO - Filling up the DagBag from /home/airflow/.local/lib/python3.12/site-packages/airflow/example_dags/tutorial.py
[2026-06-13T17:46:20.092+0000] {processor.py:925} INFO - DAG(s) 'tutorial' retrieved from /home/airflow/.local/lib/python3.12/site-packages/airflow/example_dags/tutorial.py
[2026-06-13T17:46:20.112+0000] {logging_mixin.py:190} INFO - [2026-06-13T17:46:20.112+0000] {dag.py:3239} INFO - Sync 1 DAGs
[2026-06-13T17:46:20.133+0000] {logging_mixin.py:190} INFO - [2026-06-13T17:46:20.133+0000] {dag.py:4180} INFO - Setting next_dagrun for tutorial to 2026-06-12 00:00:00+00:00, run_after=2026-06-13 00:00:00+00:00
[2026-06-13T17:46:20.156+0000] {processor.py:208} INFO - Processing /home/airflow/.local/lib/python3.12/site-packages/airflow/example_dags/tutorial.py took 0.078 seconds
[2026-06-13T17:46:50.479+0000] {processor.py:186} INFO - Started process (PID=6857) to work on /home/airflow/.local/lib/python3.12/site-packages/airflow/example_dags/tutorial.py
[2026-06-13T17:46:50.480+0000] {processor.py:914} INFO - Processing file /home/airflow/.local/lib/python3.12/site-packages/airflow/example_dags/tutorial.py for tasks to queue
[2026-06-13T17:46:50.483+0000] {logging_mixin.py:190} INFO - [2026-06-13T17:46:50.482+0000] {dagbag.py:588} INFO - Filling up the DagBag from /home/airflow/.local/lib/python3.12/site-packages/airflow/example_dags/tutorial.py
[2026-06-13T17:46:50.489+0000] {processor.py:925} INFO - DAG(s) 'tutorial' retrieved from /home/airflow/.local/lib/python3.12/site-packages/airflow/example_dags/tutorial.py
[2026-06-13T17:46:50.506+0000] {logging_mixin.py:190} INFO - [2026-06-13T17:46:50.506+0000] {dag.py:3239} INFO - Sync 1 DAGs
[2026-06-13T17:46:50.523+0000] {logging_mixin.py:190} INFO - [2026-06-13T17:46:50.523+0000] {dag.py:4180} INFO - Setting next_dagrun for tutorial to 2026-06-12 00:00:00+00:00, run_after=2026-06-13 00:00:00+00:00
[2026-06-13T17:46:50.540+0000] {processor.py:208} INFO - Processing /home/airflow/.local/lib/python3.12/site-packages/airflow/example_dags/tutorial.py took 0.065 seconds
[2026-06-13T17:47:20.858+0000] {processor.py:186} INFO - Started process (PID=6919) to work on /home/airflow/.local/lib/python3.12/site-packages/airflow/example_dags/tutorial.py
[2026-06-13T17:47:20.859+0000] {processor.py:914} INFO - Processing file /home/airflow/.local/lib/python3.12/site-packages/airflow/example_dags/tutorial.py for tasks to queue
[2026-06-13T17:47:20.861+0000] {logging_mixin.py:190} INFO - [2026-06-13T17:47:20.861+0000] {dagbag.py:588} INFO - Filling up the DagBag from /home/airflow/.local/lib/python3.12/site-packages/airflow/example_dags/tutorial.py
[2026-06-13T17:47:20.868+0000] {processor.py:925} INFO - DAG(s) 'tutorial' retrieved from /home/airflow/.local/lib/python3.12/site-packages/airflow/example_dags/tutorial.py
[2026-06-13T17:47:20.885+0000] {logging_mixin.py:190} INFO - [2026-06-13T17:47:20.884+0000] {dag.py:3239} INFO - Sync 1 DAGs
[2026-06-13T17:47:20.903+0000] {logging_mixin.py:190} INFO - [2026-06-13T17:47:20.903+0000] {dag.py:4180} INFO - Setting next_dagrun for tutorial to 2026-06-12 00:00:00+00:00, run_after=2026-06-13 00:00:00+00:00
[2026-06-13T17:47:20.927+0000] {processor.py:208} INFO - Processing /home/airflow/.local/lib/python3.12/site-packages/airflow/example_dags/tutorial.py took 0.073 seconds
[2026-06-13T17:47:51.356+0000] {processor.py:186} INFO - Started process (PID=6981) to work on /home/airflow/.local/lib/python3.12/site-packages/airflow/example_dags/tutorial.py
[2026-06-13T17:47:51.358+0000] {processor.py:914} INFO - Processing file /home/airflow/.local/lib/python3.12/site-packages/airflow/example_dags/tutorial.py for tasks to queue
[2026-06-13T17:47:51.361+0000] {logging_mixin.py:190} INFO - [2026-06-13T17:47:51.361+0000] {dagbag.py:588} INFO - Filling up the DagBag from /home/airflow/.local/lib/python3.12/site-packages/airflow/example_dags/tutorial.py
[2026-06-13T17:47:51.372+0000] {processor.py:925} INFO - DAG(s) 'tutorial' retrieved from /home/airflow/.local/lib/python3.12/site-packages/airflow/example_dags/tutorial.py
[2026-06-13T17:47:51.399+0000] {logging_mixin.py:190} INFO - [2026-06-13T17:47:51.398+0000] {dag.py:3239} INFO - Sync 1 DAGs
[2026-06-13T17:47:51.423+0000] {logging_mixin.py:190} INFO - [2026-06-13T17:47:51.423+0000] {dag.py:4180} INFO - Setting next_dagrun for tutorial to 2026-06-12 00:00:00+00:00, run_after=2026-06-13 00:00:00+00:00
[2026-06-13T17:47:51.439+0000] {processor.py:208} INFO - Processing /home/airflow/.local/lib/python3.12/site-packages/airflow/example_dags/tutorial.py took 0.092 seconds
[2026-06-13T17:48:21.730+0000] {processor.py:186} INFO - Started process (PID=7043) to work on /home/airflow/.local/lib/python3.12/site-packages/airflow/example_dags/tutorial.py
[2026-06-13T17:48:21.731+0000] {processor.py:914} INFO - Processing file /home/airflow/.local/lib/python3.12/site-packages/airflow/example_dags/tutorial.py for tasks to queue
[2026-06-13T17:48:21.734+0000] {logging_mixin.py:190} INFO - [2026-06-13T17:48:21.734+0000] {dagbag.py:588} INFO - Filling up the DagBag from /home/airflow/.local/lib/python3.12/site-packages/airflow/example_dags/tutorial.py
[2026-06-13T17:48:21.743+0000] {processor.py:925} INFO - DAG(s) 'tutorial' retrieved from /home/airflow/.local/lib/python3.12/site-packages/airflow/example_dags/tutorial.py
[2026-06-13T17:48:21.764+0000] {logging_mixin.py:190} INFO - [2026-06-13T17:48:21.764+0000] {dag.py:3239} INFO - Sync 1 DAGs
[2026-06-13T17:48:21.789+0000] {logging_mixin.py:190} INFO - [2026-06-13T17:48:21.789+0000] {dag.py:4180} INFO - Setting next_dagrun for tutorial to 2026-06-12 00:00:00+00:00, run_after=2026-06-13 00:00:00+00:00
[2026-06-13T17:48:21.807+0000] {processor.py:208} INFO - Processing /home/airflow/.local/lib/python3.12/site-packages/airflow/example_dags/tutorial.py took 0.084 seconds
[2026-06-13T17:48:51.966+0000] {processor.py:186} INFO - Started process (PID=7105) to work on /home/airflow/.local/lib/python3.12/site-packages/airflow/example_dags/tutorial.py
[2026-06-13T17:48:51.967+0000] {processor.py:914} INFO - Processing file /home/airflow/.local/lib/python3.12/site-packages/airflow/example_dags/tutorial.py for tasks to queue
[2026-06-13T17:48:51.970+0000] {logging_mixin.py:190} INFO - [2026-06-13T17:48:51.970+0000] {dagbag.py:588} INFO - Filling up the DagBag from /home/airflow/.local/lib/python3.12/site-packages/airflow/example_dags/tutorial.py
[2026-06-13T17:48:51.979+0000] {processor.py:925} INFO - DAG(s) 'tutorial' retrieved from /home/airflow/.local/lib/python3.12/site-packages/airflow/example_dags/tutorial.py
[2026-06-13T17:48:52.003+0000] {logging_mixin.py:190} INFO - [2026-06-13T17:48:52.002+0000] {dag.py:3239} INFO - Sync 1 DAGs
[2026-06-13T17:48:52.027+0000] {logging_mixin.py:190} INFO - [2026-06-13T17:48:52.027+0000] {dag.py:4180} INFO - Setting next_dagrun for tutorial to 2026-06-12 00:00:00+00:00, run_after=2026-06-13 00:00:00+00:00
[2026-06-13T17:48:52.051+0000] {processor.py:208} INFO - Processing /home/airflow/.local/lib/python3.12/site-packages/airflow/example_dags/tutorial.py took 0.093 seconds
[2026-06-13T17:49:22.808+0000] {processor.py:186} INFO - Started process (PID=7166) to work on /home/airflow/.local/lib/python3.12/site-packages/airflow/example_dags/tutorial.py
[2026-06-13T17:49:22.810+0000] {processor.py:914} INFO - Processing file /home/airflow/.local/lib/python3.12/site-packages/airflow/example_dags/tutorial.py for tasks to queue
[2026-06-13T17:49:22.813+0000] {logging_mixin.py:190} INFO - [2026-06-13T17:49:22.812+0000] {dagbag.py:588} INFO - Filling up the DagBag from /home/airflow/.local/lib/python3.12/site-packages/airflow/example_dags/tutorial.py
[2026-06-13T17:49:22.823+0000] {processor.py:925} INFO - DAG(s) 'tutorial' retrieved from /home/airflow/.local/lib/python3.12/site-packages/airflow/example_dags/tutorial.py
[2026-06-13T17:49:22.854+0000] {logging_mixin.py:190} INFO - [2026-06-13T17:49:22.854+0000] {dag.py:3239} INFO - Sync 1 DAGs
[2026-06-13T17:49:22.884+0000] {logging_mixin.py:190} INFO - [2026-06-13T17:49:22.883+0000] {dag.py:4180} INFO - Setting next_dagrun for tutorial to 2026-06-12 00:00:00+00:00, run_after=2026-06-13 00:00:00+00:00
[2026-06-13T17:49:22.911+0000] {processor.py:208} INFO - Processing /home/airflow/.local/lib/python3.12/site-packages/airflow/example_dags/tutorial.py took 0.110 seconds
[2026-06-13T17:49:53.331+0000] {processor.py:186} INFO - Started process (PID=7228) to work on /home/airflow/.local/lib/python3.12/site-packages/airflow/example_dags/tutorial.py
[2026-06-13T17:49:53.333+0000] {processor.py:914} INFO - Processing file /home/airflow/.local/lib/python3.12/site-packages/airflow/example_dags/tutorial.py for tasks to queue
[2026-06-13T17:49:53.339+0000] {logging_mixin.py:190} INFO - [2026-06-13T17:49:53.338+0000] {dagbag.py:588} INFO - Filling up the DagBag from /home/airflow/.local/lib/python3.12/site-packages/airflow/example_dags/tutorial.py
[2026-06-13T17:49:53.355+0000] {processor.py:925} INFO - DAG(s) 'tutorial' retrieved from /home/airflow/.local/lib/python3.12/site-packages/airflow/example_dags/tutorial.py
[2026-06-13T17:49:53.401+0000] {logging_mixin.py:190} INFO - [2026-06-13T17:49:53.401+0000] {dag.py:3239} INFO - Sync 1 DAGs
[2026-06-13T17:49:53.455+0000] {logging_mixin.py:190} INFO - [2026-06-13T17:49:53.455+0000] {dag.py:4180} INFO - Setting next_dagrun for tutorial to 2026-06-12 00:00:00+00:00, run_after=2026-06-13 00:00:00+00:00
[2026-06-13T17:49:53.498+0000] {processor.py:208} INFO - Processing /home/airflow/.local/lib/python3.12/site-packages/airflow/example_dags/tutorial.py took 0.180 seconds
[2026-06-13T17:50:23.755+0000] {processor.py:186} INFO - Started process (PID=7291) to work on /home/airflow/.local/lib/python3.12/site-packages/airflow/example_dags/tutorial.py
[2026-06-13T17:50:23.759+0000] {processor.py:914} INFO - Processing file /home/airflow/.local/lib/python3.12/site-packages/airflow/example_dags/tutorial.py for tasks to queue
[2026-06-13T17:50:23.767+0000] {logging_mixin.py:190} INFO - [2026-06-13T17:50:23.765+0000] {dagbag.py:588} INFO - Filling up the DagBag from /home/airflow/.local/lib/python3.12/site-packages/airflow/example_dags/tutorial.py
[2026-06-13T17:50:23.795+0000] {processor.py:925} INFO - DAG(s) 'tutorial' retrieved from /home/airflow/.local/lib/python3.12/site-packages/airflow/example_dags/tutorial.py
[2026-06-13T17:50:23.875+0000] {logging_mixin.py:190} INFO - [2026-06-13T17:50:23.874+0000] {dag.py:3239} INFO - Sync 1 DAGs
[2026-06-13T17:50:23.966+0000] {logging_mixin.py:190} INFO - [2026-06-13T17:50:23.965+0000] {dag.py:4180} INFO - Setting next_dagrun for tutorial to 2026-06-12 00:00:00+00:00, run_after=2026-06-13 00:00:00+00:00
[2026-06-13T17:50:24.036+0000] {processor.py:208} INFO - Processing /home/airflow/.local/lib/python3.12/site-packages/airflow/example_dags/tutorial.py took 0.301 seconds
[2026-06-13T17:50:54.809+0000] {processor.py:186} INFO - Started process (PID=7354) to work on /home/airflow/.local/lib/python3.12/site-packages/airflow/example_dags/tutorial.py
[2026-06-13T17:50:54.812+0000] {processor.py:914} INFO - Processing file /home/airflow/.local/lib/python3.12/site-packages/airflow/example_dags/tutorial.py for tasks to queue
[2026-06-13T17:50:54.819+0000] {logging_mixin.py:190} INFO - [2026-06-13T17:50:54.818+0000] {dagbag.py:588} INFO - Filling up the DagBag from /home/airflow/.local/lib/python3.12/site-packages/airflow/example_dags/tutorial.py
[2026-06-13T17:50:54.840+0000] {processor.py:925} INFO - DAG(s) 'tutorial' retrieved from /home/airflow/.local/lib/python3.12/site-packages/airflow/example_dags/tutorial.py
[2026-06-13T17:50:54.899+0000] {logging_mixin.py:190} INFO - [2026-06-13T17:50:54.899+0000] {dag.py:3239} INFO - Sync 1 DAGs
[2026-06-13T17:50:54.966+0000] {logging_mixin.py:190} INFO - [2026-06-13T17:50:54.965+0000] {dag.py:4180} INFO - Setting next_dagrun for tutorial to 2026-06-12 00:00:00+00:00, run_after=2026-06-13 00:00:00+00:00
[2026-06-13T17:50:55.034+0000] {processor.py:208} INFO - Processing /home/airflow/.local/lib/python3.12/site-packages/airflow/example_dags/tutorial.py took 0.242 seconds
[2026-06-13T17:51:27.374+0000] {processor.py:186} INFO - Started process (PID=7416) to work on /home/airflow/.local/lib/python3.12/site-packages/airflow/example_dags/tutorial.py
[2026-06-13T17:51:27.381+0000] {processor.py:914} INFO - Processing file /home/airflow/.local/lib/python3.12/site-packages/airflow/example_dags/tutorial.py for tasks to queue
[2026-06-13T17:51:27.393+0000] {logging_mixin.py:190} INFO - [2026-06-13T17:51:27.391+0000] {dagbag.py:588} INFO - Filling up the DagBag from /home/airflow/.local/lib/python3.12/site-packages/airflow/example_dags/tutorial.py
[2026-06-13T17:51:27.425+0000] {processor.py:925} INFO - DAG(s) 'tutorial' retrieved from /home/airflow/.local/lib/python3.12/site-packages/airflow/example_dags/tutorial.py
[2026-06-13T17:51:27.490+0000] {logging_mixin.py:190} INFO - [2026-06-13T17:51:27.489+0000] {dag.py:3239} INFO - Sync 1 DAGs
[2026-06-13T17:51:27.566+0000] {logging_mixin.py:190} INFO - [2026-06-13T17:51:27.564+0000] {dag.py:4180} INFO - Setting next_dagrun for tutorial to 2026-06-12 00:00:00+00:00, run_after=2026-06-13 00:00:00+00:00
[2026-06-13T17:51:27.629+0000] {processor.py:208} INFO - Processing /home/airflow/.local/lib/python3.12/site-packages/airflow/example_dags/tutorial.py took 0.281 seconds
[2026-06-13T17:51:59.583+0000] {processor.py:186} INFO - Started process (PID=7478) to work on /home/airflow/.local/lib/python3.12/site-packages/airflow/example_dags/tutorial.py
[2026-06-13T17:51:59.632+0000] {processor.py:914} INFO - Processing file /home/airflow/.local/lib/python3.12/site-packages/airflow/example_dags/tutorial.py for tasks to queue
[2026-06-13T17:51:59.666+0000] {logging_mixin.py:190} INFO - [2026-06-13T17:51:59.664+0000] {dagbag.py:588} INFO - Filling up the DagBag from /home/airflow/.local/lib/python3.12/site-packages/airflow/example_dags/tutorial.py
[2026-06-13T17:51:59.839+0000] {processor.py:925} INFO - DAG(s) 'tutorial' retrieved from /home/airflow/.local/lib/python3.12/site-packages/airflow/example_dags/tutorial.py
[2026-06-13T17:52:00.199+0000] {logging_mixin.py:190} INFO - [2026-06-13T17:52:00.197+0000] {dag.py:3239} INFO - Sync 1 DAGs
[2026-06-13T17:52:00.466+0000] {logging_mixin.py:190} INFO - [2026-06-13T17:52:00.464+0000] {dag.py:4180} INFO - Setting next_dagrun for tutorial to 2026-06-12 00:00:00+00:00, run_after=2026-06-13 00:00:00+00:00
[2026-06-13T17:52:00.627+0000] {processor.py:208} INFO - Processing /home/airflow/.local/lib/python3.12/site-packages/airflow/example_dags/tutorial.py took 1.172 seconds
[2026-06-13T17:52:32.056+0000] {processor.py:186} INFO - Started process (PID=7540) to work on /home/airflow/.local/lib/python3.12/site-packages/airflow/example_dags/tutorial.py
[2026-06-13T17:52:32.058+0000] {processor.py:914} INFO - Processing file /home/airflow/.local/lib/python3.12/site-packages/airflow/example_dags/tutorial.py for tasks to queue
[2026-06-13T17:52:32.065+0000] {logging_mixin.py:190} INFO - [2026-06-13T17:52:32.064+0000] {dagbag.py:588} INFO - Filling up the DagBag from /home/airflow/.local/lib/python3.12/site-packages/airflow/example_dags/tutorial.py
[2026-06-13T17:52:32.080+0000] {processor.py:925} INFO - DAG(s) 'tutorial' retrieved from /home/airflow/.local/lib/python3.12/site-packages/airflow/example_dags/tutorial.py
[2026-06-13T17:52:32.114+0000] {logging_mixin.py:190} INFO - [2026-06-13T17:52:32.113+0000] {dag.py:3239} INFO - Sync 1 DAGs
[2026-06-13T17:52:32.155+0000] {logging_mixin.py:190} INFO - [2026-06-13T17:52:32.155+0000] {dag.py:4180} INFO - Setting next_dagrun for tutorial to 2026-06-12 00:00:00+00:00, run_after=2026-06-13 00:00:00+00:00
[2026-06-13T17:52:32.378+0000] {processor.py:208} INFO - Processing /home/airflow/.local/lib/python3.12/site-packages/airflow/example_dags/tutorial.py took 0.334 seconds
[2026-06-13T17:53:02.780+0000] {processor.py:186} INFO - Started process (PID=7602) to work on /home/airflow/.local/lib/python3.12/site-packages/airflow/example_dags/tutorial.py
[2026-06-13T17:53:02.781+0000] {processor.py:914} INFO - Processing file /home/airflow/.local/lib/python3.12/site-packages/airflow/example_dags/tutorial.py for tasks to queue
[2026-06-13T17:53:02.785+0000] {logging_mixin.py:190} INFO - [2026-06-13T17:53:02.784+0000] {dagbag.py:588} INFO - Filling up the DagBag from /home/airflow/.local/lib/python3.12/site-packages/airflow/example_dags/tutorial.py
[2026-06-13T17:53:02.794+0000] {processor.py:925} INFO - DAG(s) 'tutorial' retrieved from /home/airflow/.local/lib/python3.12/site-packages/airflow/example_dags/tutorial.py
[2026-06-13T17:53:02.819+0000] {logging_mixin.py:190} INFO - [2026-06-13T17:53:02.819+0000] {dag.py:3239} INFO - Sync 1 DAGs
[2026-06-13T17:53:02.840+0000] {logging_mixin.py:190} INFO - [2026-06-13T17:53:02.840+0000] {dag.py:4180} INFO - Setting next_dagrun for tutorial to 2026-06-12 00:00:00+00:00, run_after=2026-06-13 00:00:00+00:00
[2026-06-13T17:53:02.860+0000] {processor.py:208} INFO - Processing /home/airflow/.local/lib/python3.12/site-packages/airflow/example_dags/tutorial.py took 0.086 seconds
[2026-06-13T17:53:33.701+0000] {processor.py:186} INFO - Started process (PID=7664) to work on /home/airflow/.local/lib/python3.12/site-packages/airflow/example_dags/tutorial.py
[2026-06-13T17:53:33.702+0000] {processor.py:914} INFO - Processing file /home/airflow/.local/lib/python3.12/site-packages/airflow/example_dags/tutorial.py for tasks to queue
[2026-06-13T17:53:33.705+0000] {logging_mixin.py:190} INFO - [2026-06-13T17:53:33.705+0000] {dagbag.py:588} INFO - Filling up the DagBag from /home/airflow/.local/lib/python3.12/site-packages/airflow/example_dags/tutorial.py
[2026-06-13T17:53:33.713+0000] {processor.py:925} INFO - DAG(s) 'tutorial' retrieved from /home/airflow/.local/lib/python3.12/site-packages/airflow/example_dags/tutorial.py
[2026-06-13T17:53:33.737+0000] {logging_mixin.py:190} INFO - [2026-06-13T17:53:33.737+0000] {dag.py:3239} INFO - Sync 1 DAGs
[2026-06-13T17:53:33.758+0000] {logging_mixin.py:190} INFO - [2026-06-13T17:53:33.758+0000] {dag.py:4180} INFO - Setting next_dagrun for tutorial to 2026-06-12 00:00:00+00:00, run_after=2026-06-13 00:00:00+00:00
[2026-06-13T17:53:33.780+0000] {processor.py:208} INFO - Processing /home/airflow/.local/lib/python3.12/site-packages/airflow/example_dags/tutorial.py took 0.084 seconds
[2026-06-13T17:54:04.116+0000] {processor.py:186} INFO - Started process (PID=7726) to work on /home/airflow/.local/lib/python3.12/site-packages/airflow/example_dags/tutorial.py
[2026-06-13T17:54:04.118+0000] {processor.py:914} INFO - Processing file /home/airflow/.local/lib/python3.12/site-packages/airflow/example_dags/tutorial.py for tasks to queue
[2026-06-13T17:54:04.121+0000] {logging_mixin.py:190} INFO - [2026-06-13T17:54:04.120+0000] {dagbag.py:588} INFO - Filling up the DagBag from /home/airflow/.local/lib/python3.12/site-packages/airflow/example_dags/tutorial.py
[2026-06-13T17:54:04.130+0000] {processor.py:925} INFO - DAG(s) 'tutorial' retrieved from /home/airflow/.local/lib/python3.12/site-packages/airflow/example_dags/tutorial.py
[2026-06-13T17:54:04.154+0000] {logging_mixin.py:190} INFO - [2026-06-13T17:54:04.153+0000] {dag.py:3239} INFO - Sync 1 DAGs
[2026-06-13T17:54:04.183+0000] {logging_mixin.py:190} INFO - [2026-06-13T17:54:04.183+0000] {dag.py:4180} INFO - Setting next_dagrun for tutorial to 2026-06-12 00:00:00+00:00, run_after=2026-06-13 00:00:00+00:00
[2026-06-13T17:54:04.210+0000] {processor.py:208} INFO - Processing /home/airflow/.local/lib/python3.12/site-packages/airflow/example_dags/tutorial.py took 0.100 seconds
[2026-06-13T17:54:34.855+0000] {processor.py:186} INFO - Started process (PID=7788) to work on /home/airflow/.local/lib/python3.12/site-packages/airflow/example_dags/tutorial.py
[2026-06-13T17:54:34.857+0000] {processor.py:914} INFO - Processing file /home/airflow/.local/lib/python3.12/site-packages/airflow/example_dags/tutorial.py for tasks to queue
[2026-06-13T17:54:34.860+0000] {logging_mixin.py:190} INFO - [2026-06-13T17:54:34.859+0000] {dagbag.py:588} INFO - Filling up the DagBag from /home/airflow/.local/lib/python3.12/site-packages/airflow/example_dags/tutorial.py
[2026-06-13T17:54:34.868+0000] {processor.py:925} INFO - DAG(s) 'tutorial' retrieved from /home/airflow/.local/lib/python3.12/site-packages/airflow/example_dags/tutorial.py
[2026-06-13T17:54:34.892+0000] {logging_mixin.py:190} INFO - [2026-06-13T17:54:34.892+0000] {dag.py:3239} INFO - Sync 1 DAGs
[2026-06-13T17:54:35.087+0000] {logging_mixin.py:190} INFO - [2026-06-13T17:54:35.086+0000] {dag.py:4180} INFO - Setting next_dagrun for tutorial to 2026-06-12 00:00:00+00:00, run_after=2026-06-13 00:00:00+00:00
[2026-06-13T17:54:35.106+0000] {processor.py:208} INFO - Processing /home/airflow/.local/lib/python3.12/site-packages/airflow/example_dags/tutorial.py took 0.257 seconds
[2026-06-13T17:55:05.742+0000] {processor.py:186} INFO - Started process (PID=7850) to work on /home/airflow/.local/lib/python3.12/site-packages/airflow/example_dags/tutorial.py
[2026-06-13T17:55:05.743+0000] {processor.py:914} INFO - Processing file /home/airflow/.local/lib/python3.12/site-packages/airflow/example_dags/tutorial.py for tasks to queue
[2026-06-13T17:55:05.745+0000] {logging_mixin.py:190} INFO - [2026-06-13T17:55:05.745+0000] {dagbag.py:588} INFO - Filling up the DagBag from /home/airflow/.local/lib/python3.12/site-packages/airflow/example_dags/tutorial.py
[2026-06-13T17:55:05.753+0000] {processor.py:925} INFO - DAG(s) 'tutorial' retrieved from /home/airflow/.local/lib/python3.12/site-packages/airflow/example_dags/tutorial.py
[2026-06-13T17:55:05.776+0000] {logging_mixin.py:190} INFO - [2026-06-13T17:55:05.776+0000] {dag.py:3239} INFO - Sync 1 DAGs
[2026-06-13T17:55:05.957+0000] {logging_mixin.py:190} INFO - [2026-06-13T17:55:05.957+0000] {dag.py:4180} INFO - Setting next_dagrun for tutorial to 2026-06-12 00:00:00+00:00, run_after=2026-06-13 00:00:00+00:00
[2026-06-13T17:55:05.977+0000] {processor.py:208} INFO - Processing /home/airflow/.local/lib/python3.12/site-packages/airflow/example_dags/tutorial.py took 0.241 seconds
[2026-06-13T17:55:36.897+0000] {processor.py:186} INFO - Started process (PID=7912) to work on /home/airflow/.local/lib/python3.12/site-packages/airflow/example_dags/tutorial.py
[2026-06-13T17:55:36.898+0000] {processor.py:914} INFO - Processing file /home/airflow/.local/lib/python3.12/site-packages/airflow/example_dags/tutorial.py for tasks to queue
[2026-06-13T17:55:36.901+0000] {logging_mixin.py:190} INFO - [2026-06-13T17:55:36.901+0000] {dagbag.py:588} INFO - Filling up the DagBag from /home/airflow/.local/lib/python3.12/site-packages/airflow/example_dags/tutorial.py
[2026-06-13T17:55:36.911+0000] {processor.py:925} INFO - DAG(s) 'tutorial' retrieved from /home/airflow/.local/lib/python3.12/site-packages/airflow/example_dags/tutorial.py
[2026-06-13T17:55:36.940+0000] {logging_mixin.py:190} INFO - [2026-06-13T17:55:36.940+0000] {dag.py:3239} INFO - Sync 1 DAGs
[2026-06-13T17:55:37.446+0000] {logging_mixin.py:190} INFO - [2026-06-13T17:55:37.446+0000] {dag.py:4180} INFO - Setting next_dagrun for tutorial to 2026-06-12 00:00:00+00:00, run_after=2026-06-13 00:00:00+00:00
[2026-06-13T17:55:37.478+0000] {processor.py:208} INFO - Processing /home/airflow/.local/lib/python3.12/site-packages/airflow/example_dags/tutorial.py took 0.587 seconds
[2026-06-13T17:56:07.575+0000] {processor.py:186} INFO - Started process (PID=7974) to work on /home/airflow/.local/lib/python3.12/site-packages/airflow/example_dags/tutorial.py
[2026-06-13T17:56:07.576+0000] {processor.py:914} INFO - Processing file /home/airflow/.local/lib/python3.12/site-packages/airflow/example_dags/tutorial.py for tasks to queue
[2026-06-13T17:56:07.579+0000] {logging_mixin.py:190} INFO - [2026-06-13T17:56:07.579+0000] {dagbag.py:588} INFO - Filling up the DagBag from /home/airflow/.local/lib/python3.12/site-packages/airflow/example_dags/tutorial.py
[2026-06-13T17:56:07.585+0000] {processor.py:925} INFO - DAG(s) 'tutorial' retrieved from /home/airflow/.local/lib/python3.12/site-packages/airflow/example_dags/tutorial.py
[2026-06-13T17:56:07.602+0000] {logging_mixin.py:190} INFO - [2026-06-13T17:56:07.602+0000] {dag.py:3239} INFO - Sync 1 DAGs
[2026-06-13T17:56:07.621+0000] {logging_mixin.py:190} INFO - [2026-06-13T17:56:07.621+0000] {dag.py:4180} INFO - Setting next_dagrun for tutorial to 2026-06-12 00:00:00+00:00, run_after=2026-06-13 00:00:00+00:00
[2026-06-13T17:56:07.645+0000] {processor.py:208} INFO - Processing /home/airflow/.local/lib/python3.12/site-packages/airflow/example_dags/tutorial.py took 0.075 seconds
[2026-06-13T17:56:38.360+0000] {processor.py:186} INFO - Started process (PID=8037) to work on /home/airflow/.local/lib/python3.12/site-packages/airflow/example_dags/tutorial.py
[2026-06-13T17:56:38.361+0000] {processor.py:914} INFO - Processing file /home/airflow/.local/lib/python3.12/site-packages/airflow/example_dags/tutorial.py for tasks to queue
[2026-06-13T17:56:38.365+0000] {logging_mixin.py:190} INFO - [2026-06-13T17:56:38.364+0000] {dagbag.py:588} INFO - Filling up the DagBag from /home/airflow/.local/lib/python3.12/site-packages/airflow/example_dags/tutorial.py
[2026-06-13T17:56:38.373+0000] {processor.py:925} INFO - DAG(s) 'tutorial' retrieved from /home/airflow/.local/lib/python3.12/site-packages/airflow/example_dags/tutorial.py
[2026-06-13T17:56:38.392+0000] {logging_mixin.py:190} INFO - [2026-06-13T17:56:38.392+0000] {dag.py:3239} INFO - Sync 1 DAGs
[2026-06-13T17:56:38.412+0000] {logging_mixin.py:190} INFO - [2026-06-13T17:56:38.412+0000] {dag.py:4180} INFO - Setting next_dagrun for tutorial to 2026-06-12 00:00:00+00:00, run_after=2026-06-13 00:00:00+00:00
[2026-06-13T17:56:38.438+0000] {processor.py:208} INFO - Processing /home/airflow/.local/lib/python3.12/site-packages/airflow/example_dags/tutorial.py took 0.084 seconds
[2026-06-13T17:57:08.840+0000] {processor.py:186} INFO - Started process (PID=8099) to work on /home/airflow/.local/lib/python3.12/site-packages/airflow/example_dags/tutorial.py
[2026-06-13T17:57:08.842+0000] {processor.py:914} INFO - Processing file /home/airflow/.local/lib/python3.12/site-packages/airflow/example_dags/tutorial.py for tasks to queue
[2026-06-13T17:57:08.845+0000] {logging_mixin.py:190} INFO - [2026-06-13T17:57:08.844+0000] {dagbag.py:588} INFO - Filling up the DagBag from /home/airflow/.local/lib/python3.12/site-packages/airflow/example_dags/tutorial.py
[2026-06-13T17:57:08.852+0000] {processor.py:925} INFO - DAG(s) 'tutorial' retrieved from /home/airflow/.local/lib/python3.12/site-packages/airflow/example_dags/tutorial.py
[2026-06-13T17:57:08.874+0000] {logging_mixin.py:190} INFO - [2026-06-13T17:57:08.874+0000] {dag.py:3239} INFO - Sync 1 DAGs
[2026-06-13T17:57:08.898+0000] {logging_mixin.py:190} INFO - [2026-06-13T17:57:08.898+0000] {dag.py:4180} INFO - Setting next_dagrun for tutorial to 2026-06-12 00:00:00+00:00, run_after=2026-06-13 00:00:00+00:00
[2026-06-13T17:57:08.925+0000] {processor.py:208} INFO - Processing /home/airflow/.local/lib/python3.12/site-packages/airflow/example_dags/tutorial.py took 0.090 seconds
[2026-06-13T17:57:39.602+0000] {processor.py:186} INFO - Started process (PID=8161) to work on /home/airflow/.local/lib/python3.12/site-packages/airflow/example_dags/tutorial.py
[2026-06-13T17:57:39.603+0000] {processor.py:914} INFO - Processing file /home/airflow/.local/lib/python3.12/site-packages/airflow/example_dags/tutorial.py for tasks to queue
[2026-06-13T17:57:39.607+0000] {logging_mixin.py:190} INFO - [2026-06-13T17:57:39.607+0000] {dagbag.py:588} INFO - Filling up the DagBag from /home/airflow/.local/lib/python3.12/site-packages/airflow/example_dags/tutorial.py
[2026-06-13T17:57:39.616+0000] {processor.py:925} INFO - DAG(s) 'tutorial' retrieved from /home/airflow/.local/lib/python3.12/site-packages/airflow/example_dags/tutorial.py
[2026-06-13T17:57:39.640+0000] {logging_mixin.py:190} INFO - [2026-06-13T17:57:39.640+0000] {dag.py:3239} INFO - Sync 1 DAGs
[2026-06-13T17:57:39.672+0000] {logging_mixin.py:190} INFO - [2026-06-13T17:57:39.672+0000] {dag.py:4180} INFO - Setting next_dagrun for tutorial to 2026-06-12 00:00:00+00:00, run_after=2026-06-13 00:00:00+00:00
[2026-06-13T17:57:39.698+0000] {processor.py:208} INFO - Processing /home/airflow/.local/lib/python3.12/site-packages/airflow/example_dags/tutorial.py took 0.103 seconds
[2026-06-13T17:58:10.490+0000] {processor.py:186} INFO - Started process (PID=8223) to work on /home/airflow/.local/lib/python3.12/site-packages/airflow/example_dags/tutorial.py
[2026-06-13T17:58:10.491+0000] {processor.py:914} INFO - Processing file /home/airflow/.local/lib/python3.12/site-packages/airflow/example_dags/tutorial.py for tasks to queue
[2026-06-13T17:58:10.496+0000] {logging_mixin.py:190} INFO - [2026-06-13T17:58:10.495+0000] {dagbag.py:588} INFO - Filling up the DagBag from /home/airflow/.local/lib/python3.12/site-packages/airflow/example_dags/tutorial.py
[2026-06-13T17:58:10.505+0000] {processor.py:925} INFO - DAG(s) 'tutorial' retrieved from /home/airflow/.local/lib/python3.12/site-packages/airflow/example_dags/tutorial.py
[2026-06-13T17:58:10.529+0000] {logging_mixin.py:190} INFO - [2026-06-13T17:58:10.529+0000] {dag.py:3239} INFO - Sync 1 DAGs
[2026-06-13T17:58:10.555+0000] {logging_mixin.py:190} INFO - [2026-06-13T17:58:10.555+0000] {dag.py:4180} INFO - Setting next_dagrun for tutorial to 2026-06-12 00:00:00+00:00, run_after=2026-06-13 00:00:00+00:00
[2026-06-13T17:58:10.576+0000] {processor.py:208} INFO - Processing /home/airflow/.local/lib/python3.12/site-packages/airflow/example_dags/tutorial.py took 0.094 seconds
[2026-06-13T17:58:41.215+0000] {processor.py:186} INFO - Started process (PID=8285) to work on /home/airflow/.local/lib/python3.12/site-packages/airflow/example_dags/tutorial.py
[2026-06-13T17:58:41.217+0000] {processor.py:914} INFO - Processing file /home/airflow/.local/lib/python3.12/site-packages/airflow/example_dags/tutorial.py for tasks to queue
[2026-06-13T17:58:41.221+0000] {logging_mixin.py:190} INFO - [2026-06-13T17:58:41.220+0000] {dagbag.py:588} INFO - Filling up the DagBag from /home/airflow/.local/lib/python3.12/site-packages/airflow/example_dags/tutorial.py
[2026-06-13T17:58:41.229+0000] {processor.py:925} INFO - DAG(s) 'tutorial' retrieved from /home/airflow/.local/lib/python3.12/site-packages/airflow/example_dags/tutorial.py
[2026-06-13T17:58:41.252+0000] {logging_mixin.py:190} INFO - [2026-06-13T17:58:41.251+0000] {dag.py:3239} INFO - Sync 1 DAGs
[2026-06-13T17:58:41.274+0000] {logging_mixin.py:190} INFO - [2026-06-13T17:58:41.274+0000] {dag.py:4180} INFO - Setting next_dagrun for tutorial to 2026-06-12 00:00:00+00:00, run_after=2026-06-13 00:00:00+00:00
[2026-06-13T17:58:41.295+0000] {processor.py:208} INFO - Processing /home/airflow/.local/lib/python3.12/site-packages/airflow/example_dags/tutorial.py took 0.089 seconds
[2026-06-13T17:59:11.946+0000] {processor.py:186} INFO - Started process (PID=8347) to work on /home/airflow/.local/lib/python3.12/site-packages/airflow/example_dags/tutorial.py
[2026-06-13T17:59:11.948+0000] {processor.py:914} INFO - Processing file /home/airflow/.local/lib/python3.12/site-packages/airflow/example_dags/tutorial.py for tasks to queue
[2026-06-13T17:59:11.953+0000] {logging_mixin.py:190} INFO - [2026-06-13T17:59:11.952+0000] {dagbag.py:588} INFO - Filling up the DagBag from /home/airflow/.local/lib/python3.12/site-packages/airflow/example_dags/tutorial.py
[2026-06-13T17:59:11.966+0000] {processor.py:925} INFO - DAG(s) 'tutorial' retrieved from /home/airflow/.local/lib/python3.12/site-packages/airflow/example_dags/tutorial.py
[2026-06-13T17:59:12.016+0000] {logging_mixin.py:190} INFO - [2026-06-13T17:59:12.015+0000] {dag.py:3239} INFO - Sync 1 DAGs
[2026-06-13T17:59:12.055+0000] {logging_mixin.py:190} INFO - [2026-06-13T17:59:12.055+0000] {dag.py:4180} INFO - Setting next_dagrun for tutorial to 2026-06-12 00:00:00+00:00, run_after=2026-06-13 00:00:00+00:00
[2026-06-13T17:59:12.085+0000] {processor.py:208} INFO - Processing /home/airflow/.local/lib/python3.12/site-packages/airflow/example_dags/tutorial.py took 0.152 seconds
[2026-06-13T17:59:42.130+0000] {processor.py:186} INFO - Started process (PID=8414) to work on /home/airflow/.local/lib/python3.12/site-packages/airflow/example_dags/tutorial.py
[2026-06-13T17:59:42.131+0000] {processor.py:914} INFO - Processing file /home/airflow/.local/lib/python3.12/site-packages/airflow/example_dags/tutorial.py for tasks to queue
[2026-06-13T17:59:42.134+0000] {logging_mixin.py:190} INFO - [2026-06-13T17:59:42.134+0000] {dagbag.py:588} INFO - Filling up the DagBag from /home/airflow/.local/lib/python3.12/site-packages/airflow/example_dags/tutorial.py
[2026-06-13T17:59:42.143+0000] {processor.py:925} INFO - DAG(s) 'tutorial' retrieved from /home/airflow/.local/lib/python3.12/site-packages/airflow/example_dags/tutorial.py
[2026-06-13T17:59:42.167+0000] {logging_mixin.py:190} INFO - [2026-06-13T17:59:42.167+0000] {dag.py:3239} INFO - Sync 1 DAGs
[2026-06-13T17:59:42.190+0000] {logging_mixin.py:190} INFO - [2026-06-13T17:59:42.190+0000] {dag.py:4180} INFO - Setting next_dagrun for tutorial to 2026-06-12 00:00:00+00:00, run_after=2026-06-13 00:00:00+00:00
[2026-06-13T17:59:42.208+0000] {processor.py:208} INFO - Processing /home/airflow/.local/lib/python3.12/site-packages/airflow/example_dags/tutorial.py took 0.085 seconds
[2026-06-13T18:00:12.926+0000] {processor.py:186} INFO - Started process (PID=8478) to work on /home/airflow/.local/lib/python3.12/site-packages/airflow/example_dags/tutorial.py
[2026-06-13T18:00:12.928+0000] {processor.py:914} INFO - Processing file /home/airflow/.local/lib/python3.12/site-packages/airflow/example_dags/tutorial.py for tasks to queue
[2026-06-13T18:00:12.931+0000] {logging_mixin.py:190} INFO - [2026-06-13T18:00:12.931+0000] {dagbag.py:588} INFO - Filling up the DagBag from /home/airflow/.local/lib/python3.12/site-packages/airflow/example_dags/tutorial.py
[2026-06-13T18:00:12.940+0000] {processor.py:925} INFO - DAG(s) 'tutorial' retrieved from /home/airflow/.local/lib/python3.12/site-packages/airflow/example_dags/tutorial.py
[2026-06-13T18:00:12.962+0000] {logging_mixin.py:190} INFO - [2026-06-13T18:00:12.962+0000] {dag.py:3239} INFO - Sync 1 DAGs
[2026-06-13T18:00:12.986+0000] {logging_mixin.py:190} INFO - [2026-06-13T18:00:12.985+0000] {dag.py:4180} INFO - Setting next_dagrun for tutorial to 2026-06-12 00:00:00+00:00, run_after=2026-06-13 00:00:00+00:00
[2026-06-13T18:00:13.006+0000] {processor.py:208} INFO - Processing /home/airflow/.local/lib/python3.12/site-packages/airflow/example_dags/tutorial.py took 0.087 seconds
[2026-06-13T18:00:43.216+0000] {processor.py:186} INFO - Started process (PID=8540) to work on /home/airflow/.local/lib/python3.12/site-packages/airflow/example_dags/tutorial.py
[2026-06-13T18:00:43.218+0000] {processor.py:914} INFO - Processing file /home/airflow/.local/lib/python3.12/site-packages/airflow/example_dags/tutorial.py for tasks to queue
[2026-06-13T18:00:43.222+0000] {logging_mixin.py:190} INFO - [2026-06-13T18:00:43.222+0000] {dagbag.py:588} INFO - Filling up the DagBag from /home/airflow/.local/lib/python3.12/site-packages/airflow/example_dags/tutorial.py
[2026-06-13T18:00:43.231+0000] {processor.py:925} INFO - DAG(s) 'tutorial' retrieved from /home/airflow/.local/lib/python3.12/site-packages/airflow/example_dags/tutorial.py
[2026-06-13T18:00:43.256+0000] {logging_mixin.py:190} INFO - [2026-06-13T18:00:43.255+0000] {dag.py:3239} INFO - Sync 1 DAGs
[2026-06-13T18:00:43.284+0000] {logging_mixin.py:190} INFO - [2026-06-13T18:00:43.284+0000] {dag.py:4180} INFO - Setting next_dagrun for tutorial to 2026-06-12 00:00:00+00:00, run_after=2026-06-13 00:00:00+00:00
[2026-06-13T18:00:43.307+0000] {processor.py:208} INFO - Processing /home/airflow/.local/lib/python3.12/site-packages/airflow/example_dags/tutorial.py took 0.098 seconds
[2026-06-13T18:01:14.012+0000] {processor.py:186} INFO - Started process (PID=8602) to work on /home/airflow/.local/lib/python3.12/site-packages/airflow/example_dags/tutorial.py
[2026-06-13T18:01:14.014+0000] {processor.py:914} INFO - Processing file /home/airflow/.local/lib/python3.12/site-packages/airflow/example_dags/tutorial.py for tasks to queue
[2026-06-13T18:01:14.018+0000] {logging_mixin.py:190} INFO - [2026-06-13T18:01:14.018+0000] {dagbag.py:588} INFO - Filling up the DagBag from /home/airflow/.local/lib/python3.12/site-packages/airflow/example_dags/tutorial.py
[2026-06-13T18:01:14.028+0000] {processor.py:925} INFO - DAG(s) 'tutorial' retrieved from /home/airflow/.local/lib/python3.12/site-packages/airflow/example_dags/tutorial.py
[2026-06-13T18:01:14.050+0000] {logging_mixin.py:190} INFO - [2026-06-13T18:01:14.050+0000] {dag.py:3239} INFO - Sync 1 DAGs
[2026-06-13T18:01:14.077+0000] {logging_mixin.py:190} INFO - [2026-06-13T18:01:14.077+0000] {dag.py:4180} INFO - Setting next_dagrun for tutorial to 2026-06-12 00:00:00+00:00, run_after=2026-06-13 00:00:00+00:00
[2026-06-13T18:01:14.105+0000] {processor.py:208} INFO - Processing /home/airflow/.local/lib/python3.12/site-packages/airflow/example_dags/tutorial.py took 0.102 seconds
[2026-06-13T18:01:44.282+0000] {processor.py:186} INFO - Started process (PID=8664) to work on /home/airflow/.local/lib/python3.12/site-packages/airflow/example_dags/tutorial.py
[2026-06-13T18:01:44.283+0000] {processor.py:914} INFO - Processing file /home/airflow/.local/lib/python3.12/site-packages/airflow/example_dags/tutorial.py for tasks to queue
[2026-06-13T18:01:44.286+0000] {logging_mixin.py:190} INFO - [2026-06-13T18:01:44.285+0000] {dagbag.py:588} INFO - Filling up the DagBag from /home/airflow/.local/lib/python3.12/site-packages/airflow/example_dags/tutorial.py
[2026-06-13T18:01:44.294+0000] {processor.py:925} INFO - DAG(s) 'tutorial' retrieved from /home/airflow/.local/lib/python3.12/site-packages/airflow/example_dags/tutorial.py
[2026-06-13T18:01:44.315+0000] {logging_mixin.py:190} INFO - [2026-06-13T18:01:44.315+0000] {dag.py:3239} INFO - Sync 1 DAGs
[2026-06-13T18:01:44.336+0000] {logging_mixin.py:190} INFO - [2026-06-13T18:01:44.336+0000] {dag.py:4180} INFO - Setting next_dagrun for tutorial to 2026-06-12 00:00:00+00:00, run_after=2026-06-13 00:00:00+00:00
[2026-06-13T18:01:44.355+0000] {processor.py:208} INFO - Processing /home/airflow/.local/lib/python3.12/site-packages/airflow/example_dags/tutorial.py took 0.079 seconds
[2026-06-13T18:02:15.113+0000] {processor.py:186} INFO - Started process (PID=8726) to work on /home/airflow/.local/lib/python3.12/site-packages/airflow/example_dags/tutorial.py
[2026-06-13T18:02:15.114+0000] {processor.py:914} INFO - Processing file /home/airflow/.local/lib/python3.12/site-packages/airflow/example_dags/tutorial.py for tasks to queue
[2026-06-13T18:02:15.117+0000] {logging_mixin.py:190} INFO - [2026-06-13T18:02:15.116+0000] {dagbag.py:588} INFO - Filling up the DagBag from /home/airflow/.local/lib/python3.12/site-packages/airflow/example_dags/tutorial.py
[2026-06-13T18:02:15.123+0000] {processor.py:925} INFO - DAG(s) 'tutorial' retrieved from /home/airflow/.local/lib/python3.12/site-packages/airflow/example_dags/tutorial.py
[2026-06-13T18:02:15.141+0000] {logging_mixin.py:190} INFO - [2026-06-13T18:02:15.140+0000] {dag.py:3239} INFO - Sync 1 DAGs
[2026-06-13T18:02:15.161+0000] {logging_mixin.py:190} INFO - [2026-06-13T18:02:15.161+0000] {dag.py:4180} INFO - Setting next_dagrun for tutorial to 2026-06-12 00:00:00+00:00, run_after=2026-06-13 00:00:00+00:00
[2026-06-13T18:02:15.289+0000] {processor.py:208} INFO - Processing /home/airflow/.local/lib/python3.12/site-packages/airflow/example_dags/tutorial.py took 0.181 seconds
[2026-06-13T18:02:45.456+0000] {processor.py:186} INFO - Started process (PID=8786) to work on /home/airflow/.local/lib/python3.12/site-packages/airflow/example_dags/tutorial.py
[2026-06-13T18:02:45.458+0000] {processor.py:914} INFO - Processing file /home/airflow/.local/lib/python3.12/site-packages/airflow/example_dags/tutorial.py for tasks to queue
[2026-06-13T18:02:45.461+0000] {logging_mixin.py:190} INFO - [2026-06-13T18:02:45.461+0000] {dagbag.py:588} INFO - Filling up the DagBag from /home/airflow/.local/lib/python3.12/site-packages/airflow/example_dags/tutorial.py
[2026-06-13T18:02:45.469+0000] {processor.py:925} INFO - DAG(s) 'tutorial' retrieved from /home/airflow/.local/lib/python3.12/site-packages/airflow/example_dags/tutorial.py
[2026-06-13T18:02:45.489+0000] {logging_mixin.py:190} INFO - [2026-06-13T18:02:45.489+0000] {dag.py:3239} INFO - Sync 1 DAGs
[2026-06-13T18:02:45.509+0000] {logging_mixin.py:190} INFO - [2026-06-13T18:02:45.509+0000] {dag.py:4180} INFO - Setting next_dagrun for tutorial to 2026-06-12 00:00:00+00:00, run_after=2026-06-13 00:00:00+00:00
[2026-06-13T18:02:45.525+0000] {processor.py:208} INFO - Processing /home/airflow/.local/lib/python3.12/site-packages/airflow/example_dags/tutorial.py took 0.075 seconds
[2026-06-13T18:03:15.905+0000] {processor.py:186} INFO - Started process (PID=8849) to work on /home/airflow/.local/lib/python3.12/site-packages/airflow/example_dags/tutorial.py
[2026-06-13T18:03:15.906+0000] {processor.py:914} INFO - Processing file /home/airflow/.local/lib/python3.12/site-packages/airflow/example_dags/tutorial.py for tasks to queue
[2026-06-13T18:03:15.910+0000] {logging_mixin.py:190} INFO - [2026-06-13T18:03:15.910+0000] {dagbag.py:588} INFO - Filling up the DagBag from /home/airflow/.local/lib/python3.12/site-packages/airflow/example_dags/tutorial.py
[2026-06-13T18:03:15.918+0000] {processor.py:925} INFO - DAG(s) 'tutorial' retrieved from /home/airflow/.local/lib/python3.12/site-packages/airflow/example_dags/tutorial.py
[2026-06-13T18:03:15.939+0000] {logging_mixin.py:190} INFO - [2026-06-13T18:03:15.938+0000] {dag.py:3239} INFO - Sync 1 DAGs
[2026-06-13T18:03:15.963+0000] {logging_mixin.py:190} INFO - [2026-06-13T18:03:15.963+0000] {dag.py:4180} INFO - Setting next_dagrun for tutorial to 2026-06-12 00:00:00+00:00, run_after=2026-06-13 00:00:00+00:00
[2026-06-13T18:03:15.985+0000] {processor.py:208} INFO - Processing /home/airflow/.local/lib/python3.12/site-packages/airflow/example_dags/tutorial.py took 0.087 seconds
[2026-06-13T18:03:46.087+0000] {processor.py:186} INFO - Started process (PID=8911) to work on /home/airflow/.local/lib/python3.12/site-packages/airflow/example_dags/tutorial.py
[2026-06-13T18:03:46.088+0000] {processor.py:914} INFO - Processing file /home/airflow/.local/lib/python3.12/site-packages/airflow/example_dags/tutorial.py for tasks to queue
[2026-06-13T18:03:46.091+0000] {logging_mixin.py:190} INFO - [2026-06-13T18:03:46.090+0000] {dagbag.py:588} INFO - Filling up the DagBag from /home/airflow/.local/lib/python3.12/site-packages/airflow/example_dags/tutorial.py
[2026-06-13T18:03:46.098+0000] {processor.py:925} INFO - DAG(s) 'tutorial' retrieved from /home/airflow/.local/lib/python3.12/site-packages/airflow/example_dags/tutorial.py
[2026-06-13T18:03:46.118+0000] {logging_mixin.py:190} INFO - [2026-06-13T18:03:46.117+0000] {dag.py:3239} INFO - Sync 1 DAGs
[2026-06-13T18:03:46.138+0000] {logging_mixin.py:190} INFO - [2026-06-13T18:03:46.138+0000] {dag.py:4180} INFO - Setting next_dagrun for tutorial to 2026-06-12 00:00:00+00:00, run_after=2026-06-13 00:00:00+00:00
[2026-06-13T18:03:46.158+0000] {processor.py:208} INFO - Processing /home/airflow/.local/lib/python3.12/site-packages/airflow/example_dags/tutorial.py took 0.077 seconds
[2026-06-13T18:04:16.519+0000] {processor.py:186} INFO - Started process (PID=8973) to work on /home/airflow/.local/lib/python3.12/site-packages/airflow/example_dags/tutorial.py
[2026-06-13T18:04:16.520+0000] {processor.py:914} INFO - Processing file /home/airflow/.local/lib/python3.12/site-packages/airflow/example_dags/tutorial.py for tasks to queue
[2026-06-13T18:04:16.522+0000] {logging_mixin.py:190} INFO - [2026-06-13T18:04:16.522+0000] {dagbag.py:588} INFO - Filling up the DagBag from /home/airflow/.local/lib/python3.12/site-packages/airflow/example_dags/tutorial.py
[2026-06-13T18:04:16.531+0000] {processor.py:925} INFO - DAG(s) 'tutorial' retrieved from /home/airflow/.local/lib/python3.12/site-packages/airflow/example_dags/tutorial.py
[2026-06-13T18:04:16.553+0000] {logging_mixin.py:190} INFO - [2026-06-13T18:04:16.553+0000] {dag.py:3239} INFO - Sync 1 DAGs
[2026-06-13T18:04:16.573+0000] {logging_mixin.py:190} INFO - [2026-06-13T18:04:16.573+0000] {dag.py:4180} INFO - Setting next_dagrun for tutorial to 2026-06-12 00:00:00+00:00, run_after=2026-06-13 00:00:00+00:00
[2026-06-13T18:04:16.594+0000] {processor.py:208} INFO - Processing /home/airflow/.local/lib/python3.12/site-packages/airflow/example_dags/tutorial.py took 0.081 seconds
[2026-06-13T18:04:46.926+0000] {processor.py:186} INFO - Started process (PID=9035) to work on /home/airflow/.local/lib/python3.12/site-packages/airflow/example_dags/tutorial.py
[2026-06-13T18:04:46.927+0000] {processor.py:914} INFO - Processing file /home/airflow/.local/lib/python3.12/site-packages/airflow/example_dags/tutorial.py for tasks to queue
[2026-06-13T18:04:46.930+0000] {logging_mixin.py:190} INFO - [2026-06-13T18:04:46.929+0000] {dagbag.py:588} INFO - Filling up the DagBag from /home/airflow/.local/lib/python3.12/site-packages/airflow/example_dags/tutorial.py
[2026-06-13T18:04:46.937+0000] {processor.py:925} INFO - DAG(s) 'tutorial' retrieved from /home/airflow/.local/lib/python3.12/site-packages/airflow/example_dags/tutorial.py
[2026-06-13T18:04:46.963+0000] {logging_mixin.py:190} INFO - [2026-06-13T18:04:46.963+0000] {dag.py:3239} INFO - Sync 1 DAGs
[2026-06-13T18:04:46.985+0000] {logging_mixin.py:190} INFO - [2026-06-13T18:04:46.985+0000] {dag.py:4180} INFO - Setting next_dagrun for tutorial to 2026-06-12 00:00:00+00:00, run_after=2026-06-13 00:00:00+00:00
[2026-06-13T18:04:47.013+0000] {processor.py:208} INFO - Processing /home/airflow/.local/lib/python3.12/site-packages/airflow/example_dags/tutorial.py took 0.093 seconds
[2026-06-13T18:05:17.225+0000] {processor.py:186} INFO - Started process (PID=9097) to work on /home/airflow/.local/lib/python3.12/site-packages/airflow/example_dags/tutorial.py
[2026-06-13T18:05:17.227+0000] {processor.py:914} INFO - Processing file /home/airflow/.local/lib/python3.12/site-packages/airflow/example_dags/tutorial.py for tasks to queue
[2026-06-13T18:05:17.230+0000] {logging_mixin.py:190} INFO - [2026-06-13T18:05:17.230+0000] {dagbag.py:588} INFO - Filling up the DagBag from /home/airflow/.local/lib/python3.12/site-packages/airflow/example_dags/tutorial.py
[2026-06-13T18:05:17.238+0000] {processor.py:925} INFO - DAG(s) 'tutorial' retrieved from /home/airflow/.local/lib/python3.12/site-packages/airflow/example_dags/tutorial.py
[2026-06-13T18:05:17.264+0000] {logging_mixin.py:190} INFO - [2026-06-13T18:05:17.264+0000] {dag.py:3239} INFO - Sync 1 DAGs
[2026-06-13T18:05:17.293+0000] {logging_mixin.py:190} INFO - [2026-06-13T18:05:17.293+0000] {dag.py:4180} INFO - Setting next_dagrun for tutorial to 2026-06-12 00:00:00+00:00, run_after=2026-06-13 00:00:00+00:00
[2026-06-13T18:05:17.317+0000] {processor.py:208} INFO - Processing /home/airflow/.local/lib/python3.12/site-packages/airflow/example_dags/tutorial.py took 0.098 seconds
[2026-06-13T18:05:47.462+0000] {processor.py:186} INFO - Started process (PID=9160) to work on /home/airflow/.local/lib/python3.12/site-packages/airflow/example_dags/tutorial.py
[2026-06-13T18:05:47.463+0000] {processor.py:914} INFO - Processing file /home/airflow/.local/lib/python3.12/site-packages/airflow/example_dags/tutorial.py for tasks to queue
[2026-06-13T18:05:47.465+0000] {logging_mixin.py:190} INFO - [2026-06-13T18:05:47.465+0000] {dagbag.py:588} INFO - Filling up the DagBag from /home/airflow/.local/lib/python3.12/site-packages/airflow/example_dags/tutorial.py
[2026-06-13T18:05:47.472+0000] {processor.py:925} INFO - DAG(s) 'tutorial' retrieved from /home/airflow/.local/lib/python3.12/site-packages/airflow/example_dags/tutorial.py
[2026-06-13T18:05:47.491+0000] {logging_mixin.py:190} INFO - [2026-06-13T18:05:47.491+0000] {dag.py:3239} INFO - Sync 1 DAGs
[2026-06-13T18:05:47.509+0000] {logging_mixin.py:190} INFO - [2026-06-13T18:05:47.509+0000] {dag.py:4180} INFO - Setting next_dagrun for tutorial to 2026-06-12 00:00:00+00:00, run_after=2026-06-13 00:00:00+00:00
[2026-06-13T18:05:47.527+0000] {processor.py:208} INFO - Processing /home/airflow/.local/lib/python3.12/site-packages/airflow/example_dags/tutorial.py took 0.071 seconds
[2026-06-13T18:06:17.733+0000] {processor.py:186} INFO - Started process (PID=9222) to work on /home/airflow/.local/lib/python3.12/site-packages/airflow/example_dags/tutorial.py
[2026-06-13T18:06:17.734+0000] {processor.py:914} INFO - Processing file /home/airflow/.local/lib/python3.12/site-packages/airflow/example_dags/tutorial.py for tasks to queue
[2026-06-13T18:06:17.737+0000] {logging_mixin.py:190} INFO - [2026-06-13T18:06:17.736+0000] {dagbag.py:588} INFO - Filling up the DagBag from /home/airflow/.local/lib/python3.12/site-packages/airflow/example_dags/tutorial.py
[2026-06-13T18:06:17.744+0000] {processor.py:925} INFO - DAG(s) 'tutorial' retrieved from /home/airflow/.local/lib/python3.12/site-packages/airflow/example_dags/tutorial.py
[2026-06-13T18:06:17.762+0000] {logging_mixin.py:190} INFO - [2026-06-13T18:06:17.762+0000] {dag.py:3239} INFO - Sync 1 DAGs
[2026-06-13T18:06:17.780+0000] {logging_mixin.py:190} INFO - [2026-06-13T18:06:17.780+0000] {dag.py:4180} INFO - Setting next_dagrun for tutorial to 2026-06-12 00:00:00+00:00, run_after=2026-06-13 00:00:00+00:00
[2026-06-13T18:06:17.798+0000] {processor.py:208} INFO - Processing /home/airflow/.local/lib/python3.12/site-packages/airflow/example_dags/tutorial.py took 0.071 seconds
[2026-06-13T18:06:48.171+0000] {processor.py:186} INFO - Started process (PID=9284) to work on /home/airflow/.local/lib/python3.12/site-packages/airflow/example_dags/tutorial.py
[2026-06-13T18:06:48.172+0000] {processor.py:914} INFO - Processing file /home/airflow/.local/lib/python3.12/site-packages/airflow/example_dags/tutorial.py for tasks to queue
[2026-06-13T18:06:48.175+0000] {logging_mixin.py:190} INFO - [2026-06-13T18:06:48.175+0000] {dagbag.py:588} INFO - Filling up the DagBag from /home/airflow/.local/lib/python3.12/site-packages/airflow/example_dags/tutorial.py
[2026-06-13T18:06:48.182+0000] {processor.py:925} INFO - DAG(s) 'tutorial' retrieved from /home/airflow/.local/lib/python3.12/site-packages/airflow/example_dags/tutorial.py
[2026-06-13T18:06:48.199+0000] {logging_mixin.py:190} INFO - [2026-06-13T18:06:48.199+0000] {dag.py:3239} INFO - Sync 1 DAGs
[2026-06-13T18:06:48.216+0000] {logging_mixin.py:190} INFO - [2026-06-13T18:06:48.216+0000] {dag.py:4180} INFO - Setting next_dagrun for tutorial to 2026-06-12 00:00:00+00:00, run_after=2026-06-13 00:00:00+00:00
[2026-06-13T18:06:48.231+0000] {processor.py:208} INFO - Processing /home/airflow/.local/lib/python3.12/site-packages/airflow/example_dags/tutorial.py took 0.065 seconds
[2026-06-13T18:07:18.546+0000] {processor.py:186} INFO - Started process (PID=9346) to work on /home/airflow/.local/lib/python3.12/site-packages/airflow/example_dags/tutorial.py
[2026-06-13T18:07:18.547+0000] {processor.py:914} INFO - Processing file /home/airflow/.local/lib/python3.12/site-packages/airflow/example_dags/tutorial.py for tasks to queue
[2026-06-13T18:07:18.550+0000] {logging_mixin.py:190} INFO - [2026-06-13T18:07:18.549+0000] {dagbag.py:588} INFO - Filling up the DagBag from /home/airflow/.local/lib/python3.12/site-packages/airflow/example_dags/tutorial.py
[2026-06-13T18:07:18.556+0000] {processor.py:925} INFO - DAG(s) 'tutorial' retrieved from /home/airflow/.local/lib/python3.12/site-packages/airflow/example_dags/tutorial.py
[2026-06-13T18:07:18.577+0000] {logging_mixin.py:190} INFO - [2026-06-13T18:07:18.577+0000] {dag.py:3239} INFO - Sync 1 DAGs
[2026-06-13T18:07:18.597+0000] {logging_mixin.py:190} INFO - [2026-06-13T18:07:18.597+0000] {dag.py:4180} INFO - Setting next_dagrun for tutorial to 2026-06-12 00:00:00+00:00, run_after=2026-06-13 00:00:00+00:00
[2026-06-13T18:07:18.617+0000] {processor.py:208} INFO - Processing /home/airflow/.local/lib/python3.12/site-packages/airflow/example_dags/tutorial.py took 0.076 seconds
[2026-06-13T18:07:48.869+0000] {processor.py:186} INFO - Started process (PID=9408) to work on /home/airflow/.local/lib/python3.12/site-packages/airflow/example_dags/tutorial.py
[2026-06-13T18:07:48.871+0000] {processor.py:914} INFO - Processing file /home/airflow/.local/lib/python3.12/site-packages/airflow/example_dags/tutorial.py for tasks to queue
[2026-06-13T18:07:48.874+0000] {logging_mixin.py:190} INFO - [2026-06-13T18:07:48.873+0000] {dagbag.py:588} INFO - Filling up the DagBag from /home/airflow/.local/lib/python3.12/site-packages/airflow/example_dags/tutorial.py
[2026-06-13T18:07:48.881+0000] {processor.py:925} INFO - DAG(s) 'tutorial' retrieved from /home/airflow/.local/lib/python3.12/site-packages/airflow/example_dags/tutorial.py
[2026-06-13T18:07:48.901+0000] {logging_mixin.py:190} INFO - [2026-06-13T18:07:48.901+0000] {dag.py:3239} INFO - Sync 1 DAGs
[2026-06-13T18:07:48.921+0000] {logging_mixin.py:190} INFO - [2026-06-13T18:07:48.921+0000] {dag.py:4180} INFO - Setting next_dagrun for tutorial to 2026-06-12 00:00:00+00:00, run_after=2026-06-13 00:00:00+00:00
[2026-06-13T18:07:48.939+0000] {processor.py:208} INFO - Processing /home/airflow/.local/lib/python3.12/site-packages/airflow/example_dags/tutorial.py took 0.076 seconds
[2026-06-13T18:08:19.368+0000] {processor.py:186} INFO - Started process (PID=9470) to work on /home/airflow/.local/lib/python3.12/site-packages/airflow/example_dags/tutorial.py
[2026-06-13T18:08:19.370+0000] {processor.py:914} INFO - Processing file /home/airflow/.local/lib/python3.12/site-packages/airflow/example_dags/tutorial.py for tasks to queue
[2026-06-13T18:08:19.378+0000] {logging_mixin.py:190} INFO - [2026-06-13T18:08:19.377+0000] {dagbag.py:588} INFO - Filling up the DagBag from /home/airflow/.local/lib/python3.12/site-packages/airflow/example_dags/tutorial.py
[2026-06-13T18:08:19.391+0000] {processor.py:925} INFO - DAG(s) 'tutorial' retrieved from /home/airflow/.local/lib/python3.12/site-packages/airflow/example_dags/tutorial.py
[2026-06-13T18:08:19.428+0000] {logging_mixin.py:190} INFO - [2026-06-13T18:08:19.428+0000] {dag.py:3239} INFO - Sync 1 DAGs
[2026-06-13T18:08:19.473+0000] {logging_mixin.py:190} INFO - [2026-06-13T18:08:19.472+0000] {dag.py:4180} INFO - Setting next_dagrun for tutorial to 2026-06-12 00:00:00+00:00, run_after=2026-06-13 00:00:00+00:00
[2026-06-13T18:08:19.506+0000] {processor.py:208} INFO - Processing /home/airflow/.local/lib/python3.12/site-packages/airflow/example_dags/tutorial.py took 0.147 seconds
