[2026-06-13T16:50:47.213+0000] {processor.py:186} INFO - Started process (PID=124) to work on /home/airflow/.local/lib/python3.12/site-packages/airflow/example_dags/plugins/listener_plugin.py
[2026-06-13T16:50:47.215+0000] {processor.py:914} INFO - Processing file /home/airflow/.local/lib/python3.12/site-packages/airflow/example_dags/plugins/listener_plugin.py for tasks to queue
[2026-06-13T16:50:47.221+0000] {logging_mixin.py:190} INFO - [2026-06-13T16:50:47.220+0000] {dagbag.py:588} INFO - Filling up the DagBag from /home/airflow/.local/lib/python3.12/site-packages/airflow/example_dags/plugins/listener_plugin.py
[2026-06-13T16:50:47.225+0000] {processor.py:927} WARNING - No viable dags retrieved from /home/airflow/.local/lib/python3.12/site-packages/airflow/example_dags/plugins/listener_plugin.py
[2026-06-13T16:50:47.257+0000] {processor.py:208} INFO - Processing /home/airflow/.local/lib/python3.12/site-packages/airflow/example_dags/plugins/listener_plugin.py took 0.052 seconds
[2026-06-13T16:51:17.832+0000] {processor.py:186} INFO - Started process (PID=185) to work on /home/airflow/.local/lib/python3.12/site-packages/airflow/example_dags/plugins/listener_plugin.py
[2026-06-13T16:51:17.834+0000] {processor.py:914} INFO - Processing file /home/airflow/.local/lib/python3.12/site-packages/airflow/example_dags/plugins/listener_plugin.py for tasks to queue
[2026-06-13T16:51:17.837+0000] {logging_mixin.py:190} INFO - [2026-06-13T16:51:17.836+0000] {dagbag.py:588} INFO - Filling up the DagBag from /home/airflow/.local/lib/python3.12/site-packages/airflow/example_dags/plugins/listener_plugin.py
[2026-06-13T16:51:17.840+0000] {processor.py:927} WARNING - No viable dags retrieved from /home/airflow/.local/lib/python3.12/site-packages/airflow/example_dags/plugins/listener_plugin.py
[2026-06-13T16:51:17.855+0000] {processor.py:208} INFO - Processing /home/airflow/.local/lib/python3.12/site-packages/airflow/example_dags/plugins/listener_plugin.py took 0.030 seconds
[2026-06-13T16:51:48.311+0000] {processor.py:186} INFO - Started process (PID=247) to work on /home/airflow/.local/lib/python3.12/site-packages/airflow/example_dags/plugins/listener_plugin.py
[2026-06-13T16:51:48.313+0000] {processor.py:914} INFO - Processing file /home/airflow/.local/lib/python3.12/site-packages/airflow/example_dags/plugins/listener_plugin.py for tasks to queue
[2026-06-13T16:51:48.316+0000] {logging_mixin.py:190} INFO - [2026-06-13T16:51:48.316+0000] {dagbag.py:588} INFO - Filling up the DagBag from /home/airflow/.local/lib/python3.12/site-packages/airflow/example_dags/plugins/listener_plugin.py
[2026-06-13T16:51:48.319+0000] {processor.py:927} WARNING - No viable dags retrieved from /home/airflow/.local/lib/python3.12/site-packages/airflow/example_dags/plugins/listener_plugin.py
[2026-06-13T16:51:48.337+0000] {processor.py:208} INFO - Processing /home/airflow/.local/lib/python3.12/site-packages/airflow/example_dags/plugins/listener_plugin.py took 0.033 seconds
[2026-06-13T16:52:18.811+0000] {processor.py:186} INFO - Started process (PID=309) to work on /home/airflow/.local/lib/python3.12/site-packages/airflow/example_dags/plugins/listener_plugin.py
[2026-06-13T16:52:18.814+0000] {processor.py:914} INFO - Processing file /home/airflow/.local/lib/python3.12/site-packages/airflow/example_dags/plugins/listener_plugin.py for tasks to queue
[2026-06-13T16:52:18.819+0000] {logging_mixin.py:190} INFO - [2026-06-13T16:52:18.819+0000] {dagbag.py:588} INFO - Filling up the DagBag from /home/airflow/.local/lib/python3.12/site-packages/airflow/example_dags/plugins/listener_plugin.py
[2026-06-13T16:52:18.824+0000] {processor.py:927} WARNING - No viable dags retrieved from /home/airflow/.local/lib/python3.12/site-packages/airflow/example_dags/plugins/listener_plugin.py
[2026-06-13T16:52:18.859+0000] {processor.py:208} INFO - Processing /home/airflow/.local/lib/python3.12/site-packages/airflow/example_dags/plugins/listener_plugin.py took 0.067 seconds
[2026-06-13T16:53:33.365+0000] {processor.py:186} INFO - Started process (PID=365) to work on /home/airflow/.local/lib/python3.12/site-packages/airflow/example_dags/plugins/listener_plugin.py
[2026-06-13T16:53:33.366+0000] {processor.py:914} INFO - Processing file /home/airflow/.local/lib/python3.12/site-packages/airflow/example_dags/plugins/listener_plugin.py for tasks to queue
[2026-06-13T16:53:33.370+0000] {logging_mixin.py:190} INFO - [2026-06-13T16:53:33.369+0000] {dagbag.py:588} INFO - Filling up the DagBag from /home/airflow/.local/lib/python3.12/site-packages/airflow/example_dags/plugins/listener_plugin.py
[2026-06-13T16:53:33.375+0000] {processor.py:927} WARNING - No viable dags retrieved from /home/airflow/.local/lib/python3.12/site-packages/airflow/example_dags/plugins/listener_plugin.py
[2026-06-13T16:53:33.399+0000] {processor.py:208} INFO - Processing /home/airflow/.local/lib/python3.12/site-packages/airflow/example_dags/plugins/listener_plugin.py took 0.043 seconds
[2026-06-13T16:54:05.552+0000] {processor.py:186} INFO - Started process (PID=426) to work on /home/airflow/.local/lib/python3.12/site-packages/airflow/example_dags/plugins/listener_plugin.py
[2026-06-13T16:54:05.554+0000] {processor.py:914} INFO - Processing file /home/airflow/.local/lib/python3.12/site-packages/airflow/example_dags/plugins/listener_plugin.py for tasks to queue
[2026-06-13T16:54:05.556+0000] {logging_mixin.py:190} INFO - [2026-06-13T16:54:05.556+0000] {dagbag.py:588} INFO - Filling up the DagBag from /home/airflow/.local/lib/python3.12/site-packages/airflow/example_dags/plugins/listener_plugin.py
[2026-06-13T16:54:05.558+0000] {processor.py:927} WARNING - No viable dags retrieved from /home/airflow/.local/lib/python3.12/site-packages/airflow/example_dags/plugins/listener_plugin.py
[2026-06-13T16:54:05.573+0000] {processor.py:208} INFO - Processing /home/airflow/.local/lib/python3.12/site-packages/airflow/example_dags/plugins/listener_plugin.py took 0.026 seconds
[2026-06-13T16:54:36.080+0000] {processor.py:186} INFO - Started process (PID=488) to work on /home/airflow/.local/lib/python3.12/site-packages/airflow/example_dags/plugins/listener_plugin.py
[2026-06-13T16:54:36.081+0000] {processor.py:914} INFO - Processing file /home/airflow/.local/lib/python3.12/site-packages/airflow/example_dags/plugins/listener_plugin.py for tasks to queue
[2026-06-13T16:54:36.084+0000] {logging_mixin.py:190} INFO - [2026-06-13T16:54:36.084+0000] {dagbag.py:588} INFO - Filling up the DagBag from /home/airflow/.local/lib/python3.12/site-packages/airflow/example_dags/plugins/listener_plugin.py
[2026-06-13T16:54:36.087+0000] {processor.py:927} WARNING - No viable dags retrieved from /home/airflow/.local/lib/python3.12/site-packages/airflow/example_dags/plugins/listener_plugin.py
[2026-06-13T16:54:36.113+0000] {processor.py:208} INFO - Processing /home/airflow/.local/lib/python3.12/site-packages/airflow/example_dags/plugins/listener_plugin.py took 0.040 seconds
[2026-06-13T16:55:06.627+0000] {processor.py:186} INFO - Started process (PID=550) to work on /home/airflow/.local/lib/python3.12/site-packages/airflow/example_dags/plugins/listener_plugin.py
[2026-06-13T16:55:06.629+0000] {processor.py:914} INFO - Processing file /home/airflow/.local/lib/python3.12/site-packages/airflow/example_dags/plugins/listener_plugin.py for tasks to queue
[2026-06-13T16:55:06.633+0000] {logging_mixin.py:190} INFO - [2026-06-13T16:55:06.632+0000] {dagbag.py:588} INFO - Filling up the DagBag from /home/airflow/.local/lib/python3.12/site-packages/airflow/example_dags/plugins/listener_plugin.py
[2026-06-13T16:55:06.636+0000] {processor.py:927} WARNING - No viable dags retrieved from /home/airflow/.local/lib/python3.12/site-packages/airflow/example_dags/plugins/listener_plugin.py
[2026-06-13T16:55:06.654+0000] {processor.py:208} INFO - Processing /home/airflow/.local/lib/python3.12/site-packages/airflow/example_dags/plugins/listener_plugin.py took 0.036 seconds
[2026-06-13T16:55:36.869+0000] {processor.py:186} INFO - Started process (PID=613) to work on /home/airflow/.local/lib/python3.12/site-packages/airflow/example_dags/plugins/listener_plugin.py
[2026-06-13T16:55:36.871+0000] {processor.py:914} INFO - Processing file /home/airflow/.local/lib/python3.12/site-packages/airflow/example_dags/plugins/listener_plugin.py for tasks to queue
[2026-06-13T16:55:36.874+0000] {logging_mixin.py:190} INFO - [2026-06-13T16:55:36.874+0000] {dagbag.py:588} INFO - Filling up the DagBag from /home/airflow/.local/lib/python3.12/site-packages/airflow/example_dags/plugins/listener_plugin.py
[2026-06-13T16:55:36.877+0000] {processor.py:927} WARNING - No viable dags retrieved from /home/airflow/.local/lib/python3.12/site-packages/airflow/example_dags/plugins/listener_plugin.py
[2026-06-13T16:55:36.892+0000] {processor.py:208} INFO - Processing /home/airflow/.local/lib/python3.12/site-packages/airflow/example_dags/plugins/listener_plugin.py took 0.031 seconds
[2026-06-13T16:56:07.174+0000] {processor.py:186} INFO - Started process (PID=675) to work on /home/airflow/.local/lib/python3.12/site-packages/airflow/example_dags/plugins/listener_plugin.py
[2026-06-13T16:56:07.175+0000] {processor.py:914} INFO - Processing file /home/airflow/.local/lib/python3.12/site-packages/airflow/example_dags/plugins/listener_plugin.py for tasks to queue
[2026-06-13T16:56:07.179+0000] {logging_mixin.py:190} INFO - [2026-06-13T16:56:07.178+0000] {dagbag.py:588} INFO - Filling up the DagBag from /home/airflow/.local/lib/python3.12/site-packages/airflow/example_dags/plugins/listener_plugin.py
[2026-06-13T16:56:07.182+0000] {processor.py:927} WARNING - No viable dags retrieved from /home/airflow/.local/lib/python3.12/site-packages/airflow/example_dags/plugins/listener_plugin.py
[2026-06-13T16:56:07.199+0000] {processor.py:208} INFO - Processing /home/airflow/.local/lib/python3.12/site-packages/airflow/example_dags/plugins/listener_plugin.py took 0.032 seconds
[2026-06-13T16:56:37.286+0000] {processor.py:186} INFO - Started process (PID=736) to work on /home/airflow/.local/lib/python3.12/site-packages/airflow/example_dags/plugins/listener_plugin.py
[2026-06-13T16:56:37.288+0000] {processor.py:914} INFO - Processing file /home/airflow/.local/lib/python3.12/site-packages/airflow/example_dags/plugins/listener_plugin.py for tasks to queue
[2026-06-13T16:56:37.290+0000] {logging_mixin.py:190} INFO - [2026-06-13T16:56:37.290+0000] {dagbag.py:588} INFO - Filling up the DagBag from /home/airflow/.local/lib/python3.12/site-packages/airflow/example_dags/plugins/listener_plugin.py
[2026-06-13T16:56:37.293+0000] {processor.py:927} WARNING - No viable dags retrieved from /home/airflow/.local/lib/python3.12/site-packages/airflow/example_dags/plugins/listener_plugin.py
[2026-06-13T16:56:37.310+0000] {processor.py:208} INFO - Processing /home/airflow/.local/lib/python3.12/site-packages/airflow/example_dags/plugins/listener_plugin.py took 0.031 seconds
[2026-06-13T16:57:07.613+0000] {processor.py:186} INFO - Started process (PID=797) to work on /home/airflow/.local/lib/python3.12/site-packages/airflow/example_dags/plugins/listener_plugin.py
[2026-06-13T16:57:07.614+0000] {processor.py:914} INFO - Processing file /home/airflow/.local/lib/python3.12/site-packages/airflow/example_dags/plugins/listener_plugin.py for tasks to queue
[2026-06-13T16:57:07.618+0000] {logging_mixin.py:190} INFO - [2026-06-13T16:57:07.618+0000] {dagbag.py:588} INFO - Filling up the DagBag from /home/airflow/.local/lib/python3.12/site-packages/airflow/example_dags/plugins/listener_plugin.py
[2026-06-13T16:57:07.621+0000] {processor.py:927} WARNING - No viable dags retrieved from /home/airflow/.local/lib/python3.12/site-packages/airflow/example_dags/plugins/listener_plugin.py
[2026-06-13T16:57:07.637+0000] {processor.py:208} INFO - Processing /home/airflow/.local/lib/python3.12/site-packages/airflow/example_dags/plugins/listener_plugin.py took 0.031 seconds
[2026-06-13T16:57:39.549+0000] {processor.py:186} INFO - Started process (PID=861) to work on /home/airflow/.local/lib/python3.12/site-packages/airflow/example_dags/plugins/listener_plugin.py
[2026-06-13T16:57:39.551+0000] {processor.py:914} INFO - Processing file /home/airflow/.local/lib/python3.12/site-packages/airflow/example_dags/plugins/listener_plugin.py for tasks to queue
[2026-06-13T16:57:39.556+0000] {logging_mixin.py:190} INFO - [2026-06-13T16:57:39.555+0000] {dagbag.py:588} INFO - Filling up the DagBag from /home/airflow/.local/lib/python3.12/site-packages/airflow/example_dags/plugins/listener_plugin.py
[2026-06-13T16:57:39.560+0000] {processor.py:927} WARNING - No viable dags retrieved from /home/airflow/.local/lib/python3.12/site-packages/airflow/example_dags/plugins/listener_plugin.py
[2026-06-13T16:57:39.581+0000] {processor.py:208} INFO - Processing /home/airflow/.local/lib/python3.12/site-packages/airflow/example_dags/plugins/listener_plugin.py took 0.042 seconds
[2026-06-13T16:58:10.669+0000] {processor.py:186} INFO - Started process (PID=923) to work on /home/airflow/.local/lib/python3.12/site-packages/airflow/example_dags/plugins/listener_plugin.py
[2026-06-13T16:58:10.671+0000] {processor.py:914} INFO - Processing file /home/airflow/.local/lib/python3.12/site-packages/airflow/example_dags/plugins/listener_plugin.py for tasks to queue
[2026-06-13T16:58:10.675+0000] {logging_mixin.py:190} INFO - [2026-06-13T16:58:10.674+0000] {dagbag.py:588} INFO - Filling up the DagBag from /home/airflow/.local/lib/python3.12/site-packages/airflow/example_dags/plugins/listener_plugin.py
[2026-06-13T16:58:10.678+0000] {processor.py:927} WARNING - No viable dags retrieved from /home/airflow/.local/lib/python3.12/site-packages/airflow/example_dags/plugins/listener_plugin.py
[2026-06-13T16:58:10.698+0000] {processor.py:208} INFO - Processing /home/airflow/.local/lib/python3.12/site-packages/airflow/example_dags/plugins/listener_plugin.py took 0.038 seconds
[2026-06-13T16:58:41.187+0000] {processor.py:186} INFO - Started process (PID=985) to work on /home/airflow/.local/lib/python3.12/site-packages/airflow/example_dags/plugins/listener_plugin.py
[2026-06-13T16:58:41.189+0000] {processor.py:914} INFO - Processing file /home/airflow/.local/lib/python3.12/site-packages/airflow/example_dags/plugins/listener_plugin.py for tasks to queue
[2026-06-13T16:58:41.193+0000] {logging_mixin.py:190} INFO - [2026-06-13T16:58:41.192+0000] {dagbag.py:588} INFO - Filling up the DagBag from /home/airflow/.local/lib/python3.12/site-packages/airflow/example_dags/plugins/listener_plugin.py
[2026-06-13T16:58:41.196+0000] {processor.py:927} WARNING - No viable dags retrieved from /home/airflow/.local/lib/python3.12/site-packages/airflow/example_dags/plugins/listener_plugin.py
[2026-06-13T16:58:41.215+0000] {processor.py:208} INFO - Processing /home/airflow/.local/lib/python3.12/site-packages/airflow/example_dags/plugins/listener_plugin.py took 0.036 seconds
[2026-06-13T16:59:12.630+0000] {processor.py:186} INFO - Started process (PID=1047) to work on /home/airflow/.local/lib/python3.12/site-packages/airflow/example_dags/plugins/listener_plugin.py
[2026-06-13T16:59:12.631+0000] {processor.py:914} INFO - Processing file /home/airflow/.local/lib/python3.12/site-packages/airflow/example_dags/plugins/listener_plugin.py for tasks to queue
[2026-06-13T16:59:12.636+0000] {logging_mixin.py:190} INFO - [2026-06-13T16:59:12.635+0000] {dagbag.py:588} INFO - Filling up the DagBag from /home/airflow/.local/lib/python3.12/site-packages/airflow/example_dags/plugins/listener_plugin.py
[2026-06-13T16:59:12.640+0000] {processor.py:927} WARNING - No viable dags retrieved from /home/airflow/.local/lib/python3.12/site-packages/airflow/example_dags/plugins/listener_plugin.py
[2026-06-13T16:59:12.662+0000] {processor.py:208} INFO - Processing /home/airflow/.local/lib/python3.12/site-packages/airflow/example_dags/plugins/listener_plugin.py took 0.041 seconds
[2026-06-13T16:59:43.341+0000] {processor.py:186} INFO - Started process (PID=1109) to work on /home/airflow/.local/lib/python3.12/site-packages/airflow/example_dags/plugins/listener_plugin.py
[2026-06-13T16:59:43.342+0000] {processor.py:914} INFO - Processing file /home/airflow/.local/lib/python3.12/site-packages/airflow/example_dags/plugins/listener_plugin.py for tasks to queue
[2026-06-13T16:59:43.346+0000] {logging_mixin.py:190} INFO - [2026-06-13T16:59:43.346+0000] {dagbag.py:588} INFO - Filling up the DagBag from /home/airflow/.local/lib/python3.12/site-packages/airflow/example_dags/plugins/listener_plugin.py
[2026-06-13T16:59:43.350+0000] {processor.py:927} WARNING - No viable dags retrieved from /home/airflow/.local/lib/python3.12/site-packages/airflow/example_dags/plugins/listener_plugin.py
[2026-06-13T16:59:43.368+0000] {processor.py:208} INFO - Processing /home/airflow/.local/lib/python3.12/site-packages/airflow/example_dags/plugins/listener_plugin.py took 0.036 seconds
[2026-06-13T17:00:14.547+0000] {processor.py:186} INFO - Started process (PID=1171) to work on /home/airflow/.local/lib/python3.12/site-packages/airflow/example_dags/plugins/listener_plugin.py
[2026-06-13T17:00:14.549+0000] {processor.py:914} INFO - Processing file /home/airflow/.local/lib/python3.12/site-packages/airflow/example_dags/plugins/listener_plugin.py for tasks to queue
[2026-06-13T17:00:14.554+0000] {logging_mixin.py:190} INFO - [2026-06-13T17:00:14.553+0000] {dagbag.py:588} INFO - Filling up the DagBag from /home/airflow/.local/lib/python3.12/site-packages/airflow/example_dags/plugins/listener_plugin.py
[2026-06-13T17:00:14.558+0000] {processor.py:927} WARNING - No viable dags retrieved from /home/airflow/.local/lib/python3.12/site-packages/airflow/example_dags/plugins/listener_plugin.py
[2026-06-13T17:00:14.584+0000] {processor.py:208} INFO - Processing /home/airflow/.local/lib/python3.12/site-packages/airflow/example_dags/plugins/listener_plugin.py took 0.047 seconds
[2026-06-13T17:00:44.972+0000] {processor.py:186} INFO - Started process (PID=1233) to work on /home/airflow/.local/lib/python3.12/site-packages/airflow/example_dags/plugins/listener_plugin.py
[2026-06-13T17:00:44.975+0000] {processor.py:914} INFO - Processing file /home/airflow/.local/lib/python3.12/site-packages/airflow/example_dags/plugins/listener_plugin.py for tasks to queue
[2026-06-13T17:00:44.979+0000] {logging_mixin.py:190} INFO - [2026-06-13T17:00:44.978+0000] {dagbag.py:588} INFO - Filling up the DagBag from /home/airflow/.local/lib/python3.12/site-packages/airflow/example_dags/plugins/listener_plugin.py
[2026-06-13T17:00:44.982+0000] {processor.py:927} WARNING - No viable dags retrieved from /home/airflow/.local/lib/python3.12/site-packages/airflow/example_dags/plugins/listener_plugin.py
[2026-06-13T17:00:45.014+0000] {processor.py:208} INFO - Processing /home/airflow/.local/lib/python3.12/site-packages/airflow/example_dags/plugins/listener_plugin.py took 0.052 seconds
[2026-06-13T17:01:15.085+0000] {processor.py:186} INFO - Started process (PID=1294) to work on /home/airflow/.local/lib/python3.12/site-packages/airflow/example_dags/plugins/listener_plugin.py
[2026-06-13T17:01:15.086+0000] {processor.py:914} INFO - Processing file /home/airflow/.local/lib/python3.12/site-packages/airflow/example_dags/plugins/listener_plugin.py for tasks to queue
[2026-06-13T17:01:15.090+0000] {logging_mixin.py:190} INFO - [2026-06-13T17:01:15.090+0000] {dagbag.py:588} INFO - Filling up the DagBag from /home/airflow/.local/lib/python3.12/site-packages/airflow/example_dags/plugins/listener_plugin.py
[2026-06-13T17:01:15.093+0000] {processor.py:927} WARNING - No viable dags retrieved from /home/airflow/.local/lib/python3.12/site-packages/airflow/example_dags/plugins/listener_plugin.py
[2026-06-13T17:01:15.114+0000] {processor.py:208} INFO - Processing /home/airflow/.local/lib/python3.12/site-packages/airflow/example_dags/plugins/listener_plugin.py took 0.039 seconds
[2026-06-13T17:01:46.241+0000] {processor.py:186} INFO - Started process (PID=1357) to work on /home/airflow/.local/lib/python3.12/site-packages/airflow/example_dags/plugins/listener_plugin.py
[2026-06-13T17:01:46.243+0000] {processor.py:914} INFO - Processing file /home/airflow/.local/lib/python3.12/site-packages/airflow/example_dags/plugins/listener_plugin.py for tasks to queue
[2026-06-13T17:01:46.250+0000] {logging_mixin.py:190} INFO - [2026-06-13T17:01:46.249+0000] {dagbag.py:588} INFO - Filling up the DagBag from /home/airflow/.local/lib/python3.12/site-packages/airflow/example_dags/plugins/listener_plugin.py
[2026-06-13T17:01:46.254+0000] {processor.py:927} WARNING - No viable dags retrieved from /home/airflow/.local/lib/python3.12/site-packages/airflow/example_dags/plugins/listener_plugin.py
[2026-06-13T17:01:46.280+0000] {processor.py:208} INFO - Processing /home/airflow/.local/lib/python3.12/site-packages/airflow/example_dags/plugins/listener_plugin.py took 0.049 seconds
[2026-06-13T17:02:16.815+0000] {processor.py:186} INFO - Started process (PID=1419) to work on /home/airflow/.local/lib/python3.12/site-packages/airflow/example_dags/plugins/listener_plugin.py
[2026-06-13T17:02:16.817+0000] {processor.py:914} INFO - Processing file /home/airflow/.local/lib/python3.12/site-packages/airflow/example_dags/plugins/listener_plugin.py for tasks to queue
[2026-06-13T17:02:16.821+0000] {logging_mixin.py:190} INFO - [2026-06-13T17:02:16.820+0000] {dagbag.py:588} INFO - Filling up the DagBag from /home/airflow/.local/lib/python3.12/site-packages/airflow/example_dags/plugins/listener_plugin.py
[2026-06-13T17:02:16.824+0000] {processor.py:927} WARNING - No viable dags retrieved from /home/airflow/.local/lib/python3.12/site-packages/airflow/example_dags/plugins/listener_plugin.py
[2026-06-13T17:02:16.847+0000] {processor.py:208} INFO - Processing /home/airflow/.local/lib/python3.12/site-packages/airflow/example_dags/plugins/listener_plugin.py took 0.041 seconds
[2026-06-13T17:02:47.178+0000] {processor.py:186} INFO - Started process (PID=1481) to work on /home/airflow/.local/lib/python3.12/site-packages/airflow/example_dags/plugins/listener_plugin.py
[2026-06-13T17:02:47.179+0000] {processor.py:914} INFO - Processing file /home/airflow/.local/lib/python3.12/site-packages/airflow/example_dags/plugins/listener_plugin.py for tasks to queue
[2026-06-13T17:02:47.182+0000] {logging_mixin.py:190} INFO - [2026-06-13T17:02:47.182+0000] {dagbag.py:588} INFO - Filling up the DagBag from /home/airflow/.local/lib/python3.12/site-packages/airflow/example_dags/plugins/listener_plugin.py
[2026-06-13T17:02:47.186+0000] {processor.py:927} WARNING - No viable dags retrieved from /home/airflow/.local/lib/python3.12/site-packages/airflow/example_dags/plugins/listener_plugin.py
[2026-06-13T17:02:47.201+0000] {processor.py:208} INFO - Processing /home/airflow/.local/lib/python3.12/site-packages/airflow/example_dags/plugins/listener_plugin.py took 0.029 seconds
[2026-06-13T17:03:18.267+0000] {processor.py:186} INFO - Started process (PID=1543) to work on /home/airflow/.local/lib/python3.12/site-packages/airflow/example_dags/plugins/listener_plugin.py
[2026-06-13T17:03:18.269+0000] {processor.py:914} INFO - Processing file /home/airflow/.local/lib/python3.12/site-packages/airflow/example_dags/plugins/listener_plugin.py for tasks to queue
[2026-06-13T17:03:18.273+0000] {logging_mixin.py:190} INFO - [2026-06-13T17:03:18.272+0000] {dagbag.py:588} INFO - Filling up the DagBag from /home/airflow/.local/lib/python3.12/site-packages/airflow/example_dags/plugins/listener_plugin.py
[2026-06-13T17:03:18.279+0000] {processor.py:927} WARNING - No viable dags retrieved from /home/airflow/.local/lib/python3.12/site-packages/airflow/example_dags/plugins/listener_plugin.py
[2026-06-13T17:03:18.301+0000] {processor.py:208} INFO - Processing /home/airflow/.local/lib/python3.12/site-packages/airflow/example_dags/plugins/listener_plugin.py took 0.044 seconds
[2026-06-13T17:03:49.353+0000] {processor.py:186} INFO - Started process (PID=1605) to work on /home/airflow/.local/lib/python3.12/site-packages/airflow/example_dags/plugins/listener_plugin.py
[2026-06-13T17:03:49.355+0000] {processor.py:914} INFO - Processing file /home/airflow/.local/lib/python3.12/site-packages/airflow/example_dags/plugins/listener_plugin.py for tasks to queue
[2026-06-13T17:03:49.359+0000] {logging_mixin.py:190} INFO - [2026-06-13T17:03:49.358+0000] {dagbag.py:588} INFO - Filling up the DagBag from /home/airflow/.local/lib/python3.12/site-packages/airflow/example_dags/plugins/listener_plugin.py
[2026-06-13T17:03:49.362+0000] {processor.py:927} WARNING - No viable dags retrieved from /home/airflow/.local/lib/python3.12/site-packages/airflow/example_dags/plugins/listener_plugin.py
[2026-06-13T17:03:49.387+0000] {processor.py:208} INFO - Processing /home/airflow/.local/lib/python3.12/site-packages/airflow/example_dags/plugins/listener_plugin.py took 0.042 seconds
[2026-06-13T17:04:20.129+0000] {processor.py:186} INFO - Started process (PID=1667) to work on /home/airflow/.local/lib/python3.12/site-packages/airflow/example_dags/plugins/listener_plugin.py
[2026-06-13T17:04:20.131+0000] {processor.py:914} INFO - Processing file /home/airflow/.local/lib/python3.12/site-packages/airflow/example_dags/plugins/listener_plugin.py for tasks to queue
[2026-06-13T17:04:20.134+0000] {logging_mixin.py:190} INFO - [2026-06-13T17:04:20.134+0000] {dagbag.py:588} INFO - Filling up the DagBag from /home/airflow/.local/lib/python3.12/site-packages/airflow/example_dags/plugins/listener_plugin.py
[2026-06-13T17:04:20.138+0000] {processor.py:927} WARNING - No viable dags retrieved from /home/airflow/.local/lib/python3.12/site-packages/airflow/example_dags/plugins/listener_plugin.py
[2026-06-13T17:04:20.159+0000] {processor.py:208} INFO - Processing /home/airflow/.local/lib/python3.12/site-packages/airflow/example_dags/plugins/listener_plugin.py took 0.038 seconds
[2026-06-13T17:04:50.994+0000] {processor.py:186} INFO - Started process (PID=1729) to work on /home/airflow/.local/lib/python3.12/site-packages/airflow/example_dags/plugins/listener_plugin.py
[2026-06-13T17:04:50.996+0000] {processor.py:914} INFO - Processing file /home/airflow/.local/lib/python3.12/site-packages/airflow/example_dags/plugins/listener_plugin.py for tasks to queue
[2026-06-13T17:04:51.000+0000] {logging_mixin.py:190} INFO - [2026-06-13T17:04:51.000+0000] {dagbag.py:588} INFO - Filling up the DagBag from /home/airflow/.local/lib/python3.12/site-packages/airflow/example_dags/plugins/listener_plugin.py
[2026-06-13T17:04:51.004+0000] {processor.py:927} WARNING - No viable dags retrieved from /home/airflow/.local/lib/python3.12/site-packages/airflow/example_dags/plugins/listener_plugin.py
[2026-06-13T17:04:51.026+0000] {processor.py:208} INFO - Processing /home/airflow/.local/lib/python3.12/site-packages/airflow/example_dags/plugins/listener_plugin.py took 0.041 seconds
[2026-06-13T17:05:21.930+0000] {processor.py:186} INFO - Started process (PID=1791) to work on /home/airflow/.local/lib/python3.12/site-packages/airflow/example_dags/plugins/listener_plugin.py
[2026-06-13T17:05:21.932+0000] {processor.py:914} INFO - Processing file /home/airflow/.local/lib/python3.12/site-packages/airflow/example_dags/plugins/listener_plugin.py for tasks to queue
[2026-06-13T17:05:21.937+0000] {logging_mixin.py:190} INFO - [2026-06-13T17:05:21.937+0000] {dagbag.py:588} INFO - Filling up the DagBag from /home/airflow/.local/lib/python3.12/site-packages/airflow/example_dags/plugins/listener_plugin.py
[2026-06-13T17:05:21.943+0000] {processor.py:927} WARNING - No viable dags retrieved from /home/airflow/.local/lib/python3.12/site-packages/airflow/example_dags/plugins/listener_plugin.py
[2026-06-13T17:05:21.970+0000] {processor.py:208} INFO - Processing /home/airflow/.local/lib/python3.12/site-packages/airflow/example_dags/plugins/listener_plugin.py took 0.052 seconds
[2026-06-13T17:05:52.124+0000] {processor.py:186} INFO - Started process (PID=1852) to work on /home/airflow/.local/lib/python3.12/site-packages/airflow/example_dags/plugins/listener_plugin.py
[2026-06-13T17:05:52.125+0000] {processor.py:914} INFO - Processing file /home/airflow/.local/lib/python3.12/site-packages/airflow/example_dags/plugins/listener_plugin.py for tasks to queue
[2026-06-13T17:05:52.128+0000] {logging_mixin.py:190} INFO - [2026-06-13T17:05:52.128+0000] {dagbag.py:588} INFO - Filling up the DagBag from /home/airflow/.local/lib/python3.12/site-packages/airflow/example_dags/plugins/listener_plugin.py
[2026-06-13T17:05:52.131+0000] {processor.py:927} WARNING - No viable dags retrieved from /home/airflow/.local/lib/python3.12/site-packages/airflow/example_dags/plugins/listener_plugin.py
[2026-06-13T17:05:52.150+0000] {processor.py:208} INFO - Processing /home/airflow/.local/lib/python3.12/site-packages/airflow/example_dags/plugins/listener_plugin.py took 0.035 seconds
[2026-06-13T17:06:22.202+0000] {processor.py:186} INFO - Started process (PID=1913) to work on /home/airflow/.local/lib/python3.12/site-packages/airflow/example_dags/plugins/listener_plugin.py
[2026-06-13T17:06:22.203+0000] {processor.py:914} INFO - Processing file /home/airflow/.local/lib/python3.12/site-packages/airflow/example_dags/plugins/listener_plugin.py for tasks to queue
[2026-06-13T17:06:22.207+0000] {logging_mixin.py:190} INFO - [2026-06-13T17:06:22.206+0000] {dagbag.py:588} INFO - Filling up the DagBag from /home/airflow/.local/lib/python3.12/site-packages/airflow/example_dags/plugins/listener_plugin.py
[2026-06-13T17:06:22.211+0000] {processor.py:927} WARNING - No viable dags retrieved from /home/airflow/.local/lib/python3.12/site-packages/airflow/example_dags/plugins/listener_plugin.py
[2026-06-13T17:06:22.230+0000] {processor.py:208} INFO - Processing /home/airflow/.local/lib/python3.12/site-packages/airflow/example_dags/plugins/listener_plugin.py took 0.036 seconds
[2026-06-13T17:06:53.203+0000] {processor.py:186} INFO - Started process (PID=1976) to work on /home/airflow/.local/lib/python3.12/site-packages/airflow/example_dags/plugins/listener_plugin.py
[2026-06-13T17:06:53.204+0000] {processor.py:914} INFO - Processing file /home/airflow/.local/lib/python3.12/site-packages/airflow/example_dags/plugins/listener_plugin.py for tasks to queue
[2026-06-13T17:06:53.207+0000] {logging_mixin.py:190} INFO - [2026-06-13T17:06:53.207+0000] {dagbag.py:588} INFO - Filling up the DagBag from /home/airflow/.local/lib/python3.12/site-packages/airflow/example_dags/plugins/listener_plugin.py
[2026-06-13T17:06:53.210+0000] {processor.py:927} WARNING - No viable dags retrieved from /home/airflow/.local/lib/python3.12/site-packages/airflow/example_dags/plugins/listener_plugin.py
[2026-06-13T17:06:53.224+0000] {processor.py:208} INFO - Processing /home/airflow/.local/lib/python3.12/site-packages/airflow/example_dags/plugins/listener_plugin.py took 0.027 seconds
[2026-06-13T17:07:23.473+0000] {processor.py:186} INFO - Started process (PID=2037) to work on /home/airflow/.local/lib/python3.12/site-packages/airflow/example_dags/plugins/listener_plugin.py
[2026-06-13T17:07:23.475+0000] {processor.py:914} INFO - Processing file /home/airflow/.local/lib/python3.12/site-packages/airflow/example_dags/plugins/listener_plugin.py for tasks to queue
[2026-06-13T17:07:23.479+0000] {logging_mixin.py:190} INFO - [2026-06-13T17:07:23.479+0000] {dagbag.py:588} INFO - Filling up the DagBag from /home/airflow/.local/lib/python3.12/site-packages/airflow/example_dags/plugins/listener_plugin.py
[2026-06-13T17:07:23.482+0000] {processor.py:927} WARNING - No viable dags retrieved from /home/airflow/.local/lib/python3.12/site-packages/airflow/example_dags/plugins/listener_plugin.py
[2026-06-13T17:07:23.499+0000] {processor.py:208} INFO - Processing /home/airflow/.local/lib/python3.12/site-packages/airflow/example_dags/plugins/listener_plugin.py took 0.035 seconds
[2026-06-13T17:07:54.506+0000] {processor.py:186} INFO - Started process (PID=2100) to work on /home/airflow/.local/lib/python3.12/site-packages/airflow/example_dags/plugins/listener_plugin.py
[2026-06-13T17:07:54.507+0000] {processor.py:914} INFO - Processing file /home/airflow/.local/lib/python3.12/site-packages/airflow/example_dags/plugins/listener_plugin.py for tasks to queue
[2026-06-13T17:07:54.510+0000] {logging_mixin.py:190} INFO - [2026-06-13T17:07:54.510+0000] {dagbag.py:588} INFO - Filling up the DagBag from /home/airflow/.local/lib/python3.12/site-packages/airflow/example_dags/plugins/listener_plugin.py
[2026-06-13T17:07:54.513+0000] {processor.py:927} WARNING - No viable dags retrieved from /home/airflow/.local/lib/python3.12/site-packages/airflow/example_dags/plugins/listener_plugin.py
[2026-06-13T17:07:54.525+0000] {processor.py:208} INFO - Processing /home/airflow/.local/lib/python3.12/site-packages/airflow/example_dags/plugins/listener_plugin.py took 0.026 seconds
[2026-06-13T17:08:24.864+0000] {processor.py:186} INFO - Started process (PID=2162) to work on /home/airflow/.local/lib/python3.12/site-packages/airflow/example_dags/plugins/listener_plugin.py
[2026-06-13T17:08:24.866+0000] {processor.py:914} INFO - Processing file /home/airflow/.local/lib/python3.12/site-packages/airflow/example_dags/plugins/listener_plugin.py for tasks to queue
[2026-06-13T17:08:24.868+0000] {logging_mixin.py:190} INFO - [2026-06-13T17:08:24.868+0000] {dagbag.py:588} INFO - Filling up the DagBag from /home/airflow/.local/lib/python3.12/site-packages/airflow/example_dags/plugins/listener_plugin.py
[2026-06-13T17:08:24.871+0000] {processor.py:927} WARNING - No viable dags retrieved from /home/airflow/.local/lib/python3.12/site-packages/airflow/example_dags/plugins/listener_plugin.py
[2026-06-13T17:08:24.884+0000] {processor.py:208} INFO - Processing /home/airflow/.local/lib/python3.12/site-packages/airflow/example_dags/plugins/listener_plugin.py took 0.025 seconds
[2026-06-13T17:08:55.097+0000] {processor.py:186} INFO - Started process (PID=2223) to work on /home/airflow/.local/lib/python3.12/site-packages/airflow/example_dags/plugins/listener_plugin.py
[2026-06-13T17:08:55.098+0000] {processor.py:914} INFO - Processing file /home/airflow/.local/lib/python3.12/site-packages/airflow/example_dags/plugins/listener_plugin.py for tasks to queue
[2026-06-13T17:08:55.101+0000] {logging_mixin.py:190} INFO - [2026-06-13T17:08:55.101+0000] {dagbag.py:588} INFO - Filling up the DagBag from /home/airflow/.local/lib/python3.12/site-packages/airflow/example_dags/plugins/listener_plugin.py
[2026-06-13T17:08:55.104+0000] {processor.py:927} WARNING - No viable dags retrieved from /home/airflow/.local/lib/python3.12/site-packages/airflow/example_dags/plugins/listener_plugin.py
[2026-06-13T17:08:55.127+0000] {processor.py:208} INFO - Processing /home/airflow/.local/lib/python3.12/site-packages/airflow/example_dags/plugins/listener_plugin.py took 0.036 seconds
[2026-06-13T17:09:25.747+0000] {processor.py:186} INFO - Started process (PID=2285) to work on /home/airflow/.local/lib/python3.12/site-packages/airflow/example_dags/plugins/listener_plugin.py
[2026-06-13T17:09:25.748+0000] {processor.py:914} INFO - Processing file /home/airflow/.local/lib/python3.12/site-packages/airflow/example_dags/plugins/listener_plugin.py for tasks to queue
[2026-06-13T17:09:25.751+0000] {logging_mixin.py:190} INFO - [2026-06-13T17:09:25.751+0000] {dagbag.py:588} INFO - Filling up the DagBag from /home/airflow/.local/lib/python3.12/site-packages/airflow/example_dags/plugins/listener_plugin.py
[2026-06-13T17:09:25.754+0000] {processor.py:927} WARNING - No viable dags retrieved from /home/airflow/.local/lib/python3.12/site-packages/airflow/example_dags/plugins/listener_plugin.py
[2026-06-13T17:09:25.769+0000] {processor.py:208} INFO - Processing /home/airflow/.local/lib/python3.12/site-packages/airflow/example_dags/plugins/listener_plugin.py took 0.027 seconds
[2026-06-13T17:09:56.442+0000] {processor.py:186} INFO - Started process (PID=2348) to work on /home/airflow/.local/lib/python3.12/site-packages/airflow/example_dags/plugins/listener_plugin.py
[2026-06-13T17:09:56.444+0000] {processor.py:914} INFO - Processing file /home/airflow/.local/lib/python3.12/site-packages/airflow/example_dags/plugins/listener_plugin.py for tasks to queue
[2026-06-13T17:09:56.446+0000] {logging_mixin.py:190} INFO - [2026-06-13T17:09:56.446+0000] {dagbag.py:588} INFO - Filling up the DagBag from /home/airflow/.local/lib/python3.12/site-packages/airflow/example_dags/plugins/listener_plugin.py
[2026-06-13T17:09:56.448+0000] {processor.py:927} WARNING - No viable dags retrieved from /home/airflow/.local/lib/python3.12/site-packages/airflow/example_dags/plugins/listener_plugin.py
[2026-06-13T17:09:56.461+0000] {processor.py:208} INFO - Processing /home/airflow/.local/lib/python3.12/site-packages/airflow/example_dags/plugins/listener_plugin.py took 0.023 seconds
[2026-06-13T17:10:27.742+0000] {processor.py:186} INFO - Started process (PID=2410) to work on /home/airflow/.local/lib/python3.12/site-packages/airflow/example_dags/plugins/listener_plugin.py
[2026-06-13T17:10:27.744+0000] {processor.py:914} INFO - Processing file /home/airflow/.local/lib/python3.12/site-packages/airflow/example_dags/plugins/listener_plugin.py for tasks to queue
[2026-06-13T17:10:27.747+0000] {logging_mixin.py:190} INFO - [2026-06-13T17:10:27.747+0000] {dagbag.py:588} INFO - Filling up the DagBag from /home/airflow/.local/lib/python3.12/site-packages/airflow/example_dags/plugins/listener_plugin.py
[2026-06-13T17:10:27.750+0000] {processor.py:927} WARNING - No viable dags retrieved from /home/airflow/.local/lib/python3.12/site-packages/airflow/example_dags/plugins/listener_plugin.py
[2026-06-13T17:10:27.766+0000] {processor.py:208} INFO - Processing /home/airflow/.local/lib/python3.12/site-packages/airflow/example_dags/plugins/listener_plugin.py took 0.031 seconds
[2026-06-13T17:10:59.004+0000] {processor.py:186} INFO - Started process (PID=2472) to work on /home/airflow/.local/lib/python3.12/site-packages/airflow/example_dags/plugins/listener_plugin.py
[2026-06-13T17:10:59.006+0000] {processor.py:914} INFO - Processing file /home/airflow/.local/lib/python3.12/site-packages/airflow/example_dags/plugins/listener_plugin.py for tasks to queue
[2026-06-13T17:10:59.009+0000] {logging_mixin.py:190} INFO - [2026-06-13T17:10:59.008+0000] {dagbag.py:588} INFO - Filling up the DagBag from /home/airflow/.local/lib/python3.12/site-packages/airflow/example_dags/plugins/listener_plugin.py
[2026-06-13T17:10:59.011+0000] {processor.py:927} WARNING - No viable dags retrieved from /home/airflow/.local/lib/python3.12/site-packages/airflow/example_dags/plugins/listener_plugin.py
[2026-06-13T17:10:59.024+0000] {processor.py:208} INFO - Processing /home/airflow/.local/lib/python3.12/site-packages/airflow/example_dags/plugins/listener_plugin.py took 0.024 seconds
[2026-06-13T17:11:29.623+0000] {processor.py:186} INFO - Started process (PID=2534) to work on /home/airflow/.local/lib/python3.12/site-packages/airflow/example_dags/plugins/listener_plugin.py
[2026-06-13T17:11:29.624+0000] {processor.py:914} INFO - Processing file /home/airflow/.local/lib/python3.12/site-packages/airflow/example_dags/plugins/listener_plugin.py for tasks to queue
[2026-06-13T17:11:29.627+0000] {logging_mixin.py:190} INFO - [2026-06-13T17:11:29.627+0000] {dagbag.py:588} INFO - Filling up the DagBag from /home/airflow/.local/lib/python3.12/site-packages/airflow/example_dags/plugins/listener_plugin.py
[2026-06-13T17:11:29.630+0000] {processor.py:927} WARNING - No viable dags retrieved from /home/airflow/.local/lib/python3.12/site-packages/airflow/example_dags/plugins/listener_plugin.py
[2026-06-13T17:11:29.643+0000] {processor.py:208} INFO - Processing /home/airflow/.local/lib/python3.12/site-packages/airflow/example_dags/plugins/listener_plugin.py took 0.026 seconds
[2026-06-13T17:11:59.749+0000] {processor.py:186} INFO - Started process (PID=2596) to work on /home/airflow/.local/lib/python3.12/site-packages/airflow/example_dags/plugins/listener_plugin.py
[2026-06-13T17:11:59.750+0000] {processor.py:914} INFO - Processing file /home/airflow/.local/lib/python3.12/site-packages/airflow/example_dags/plugins/listener_plugin.py for tasks to queue
[2026-06-13T17:11:59.753+0000] {logging_mixin.py:190} INFO - [2026-06-13T17:11:59.752+0000] {dagbag.py:588} INFO - Filling up the DagBag from /home/airflow/.local/lib/python3.12/site-packages/airflow/example_dags/plugins/listener_plugin.py
[2026-06-13T17:11:59.755+0000] {processor.py:927} WARNING - No viable dags retrieved from /home/airflow/.local/lib/python3.12/site-packages/airflow/example_dags/plugins/listener_plugin.py
[2026-06-13T17:11:59.767+0000] {processor.py:208} INFO - Processing /home/airflow/.local/lib/python3.12/site-packages/airflow/example_dags/plugins/listener_plugin.py took 0.023 seconds
[2026-06-13T17:12:30.456+0000] {processor.py:186} INFO - Started process (PID=2657) to work on /home/airflow/.local/lib/python3.12/site-packages/airflow/example_dags/plugins/listener_plugin.py
[2026-06-13T17:12:30.457+0000] {processor.py:914} INFO - Processing file /home/airflow/.local/lib/python3.12/site-packages/airflow/example_dags/plugins/listener_plugin.py for tasks to queue
[2026-06-13T17:12:30.459+0000] {logging_mixin.py:190} INFO - [2026-06-13T17:12:30.459+0000] {dagbag.py:588} INFO - Filling up the DagBag from /home/airflow/.local/lib/python3.12/site-packages/airflow/example_dags/plugins/listener_plugin.py
[2026-06-13T17:12:30.461+0000] {processor.py:927} WARNING - No viable dags retrieved from /home/airflow/.local/lib/python3.12/site-packages/airflow/example_dags/plugins/listener_plugin.py
[2026-06-13T17:12:30.474+0000] {processor.py:208} INFO - Processing /home/airflow/.local/lib/python3.12/site-packages/airflow/example_dags/plugins/listener_plugin.py took 0.023 seconds
[2026-06-13T17:13:00.993+0000] {processor.py:186} INFO - Started process (PID=2719) to work on /home/airflow/.local/lib/python3.12/site-packages/airflow/example_dags/plugins/listener_plugin.py
[2026-06-13T17:13:00.994+0000] {processor.py:914} INFO - Processing file /home/airflow/.local/lib/python3.12/site-packages/airflow/example_dags/plugins/listener_plugin.py for tasks to queue
[2026-06-13T17:13:00.997+0000] {logging_mixin.py:190} INFO - [2026-06-13T17:13:00.996+0000] {dagbag.py:588} INFO - Filling up the DagBag from /home/airflow/.local/lib/python3.12/site-packages/airflow/example_dags/plugins/listener_plugin.py
[2026-06-13T17:13:01.000+0000] {processor.py:927} WARNING - No viable dags retrieved from /home/airflow/.local/lib/python3.12/site-packages/airflow/example_dags/plugins/listener_plugin.py
[2026-06-13T17:13:01.014+0000] {processor.py:208} INFO - Processing /home/airflow/.local/lib/python3.12/site-packages/airflow/example_dags/plugins/listener_plugin.py took 0.026 seconds
[2026-06-13T17:13:31.539+0000] {processor.py:186} INFO - Started process (PID=2782) to work on /home/airflow/.local/lib/python3.12/site-packages/airflow/example_dags/plugins/listener_plugin.py
[2026-06-13T17:13:31.540+0000] {processor.py:914} INFO - Processing file /home/airflow/.local/lib/python3.12/site-packages/airflow/example_dags/plugins/listener_plugin.py for tasks to queue
[2026-06-13T17:13:31.542+0000] {logging_mixin.py:190} INFO - [2026-06-13T17:13:31.542+0000] {dagbag.py:588} INFO - Filling up the DagBag from /home/airflow/.local/lib/python3.12/site-packages/airflow/example_dags/plugins/listener_plugin.py
[2026-06-13T17:13:31.544+0000] {processor.py:927} WARNING - No viable dags retrieved from /home/airflow/.local/lib/python3.12/site-packages/airflow/example_dags/plugins/listener_plugin.py
[2026-06-13T17:13:31.556+0000] {processor.py:208} INFO - Processing /home/airflow/.local/lib/python3.12/site-packages/airflow/example_dags/plugins/listener_plugin.py took 0.022 seconds
[2026-06-13T17:14:02.019+0000] {processor.py:186} INFO - Started process (PID=2844) to work on /home/airflow/.local/lib/python3.12/site-packages/airflow/example_dags/plugins/listener_plugin.py
[2026-06-13T17:14:02.020+0000] {processor.py:914} INFO - Processing file /home/airflow/.local/lib/python3.12/site-packages/airflow/example_dags/plugins/listener_plugin.py for tasks to queue
[2026-06-13T17:14:02.023+0000] {logging_mixin.py:190} INFO - [2026-06-13T17:14:02.023+0000] {dagbag.py:588} INFO - Filling up the DagBag from /home/airflow/.local/lib/python3.12/site-packages/airflow/example_dags/plugins/listener_plugin.py
[2026-06-13T17:14:02.025+0000] {processor.py:927} WARNING - No viable dags retrieved from /home/airflow/.local/lib/python3.12/site-packages/airflow/example_dags/plugins/listener_plugin.py
[2026-06-13T17:14:02.040+0000] {processor.py:208} INFO - Processing /home/airflow/.local/lib/python3.12/site-packages/airflow/example_dags/plugins/listener_plugin.py took 0.027 seconds
[2026-06-13T17:14:32.602+0000] {processor.py:186} INFO - Started process (PID=2906) to work on /home/airflow/.local/lib/python3.12/site-packages/airflow/example_dags/plugins/listener_plugin.py
[2026-06-13T17:14:32.603+0000] {processor.py:914} INFO - Processing file /home/airflow/.local/lib/python3.12/site-packages/airflow/example_dags/plugins/listener_plugin.py for tasks to queue
[2026-06-13T17:14:32.606+0000] {logging_mixin.py:190} INFO - [2026-06-13T17:14:32.605+0000] {dagbag.py:588} INFO - Filling up the DagBag from /home/airflow/.local/lib/python3.12/site-packages/airflow/example_dags/plugins/listener_plugin.py
[2026-06-13T17:14:32.608+0000] {processor.py:927} WARNING - No viable dags retrieved from /home/airflow/.local/lib/python3.12/site-packages/airflow/example_dags/plugins/listener_plugin.py
[2026-06-13T17:14:32.620+0000] {processor.py:208} INFO - Processing /home/airflow/.local/lib/python3.12/site-packages/airflow/example_dags/plugins/listener_plugin.py took 0.022 seconds
[2026-06-13T17:15:02.978+0000] {processor.py:186} INFO - Started process (PID=2968) to work on /home/airflow/.local/lib/python3.12/site-packages/airflow/example_dags/plugins/listener_plugin.py
[2026-06-13T17:15:02.979+0000] {processor.py:914} INFO - Processing file /home/airflow/.local/lib/python3.12/site-packages/airflow/example_dags/plugins/listener_plugin.py for tasks to queue
[2026-06-13T17:15:02.981+0000] {logging_mixin.py:190} INFO - [2026-06-13T17:15:02.981+0000] {dagbag.py:588} INFO - Filling up the DagBag from /home/airflow/.local/lib/python3.12/site-packages/airflow/example_dags/plugins/listener_plugin.py
[2026-06-13T17:15:02.983+0000] {processor.py:927} WARNING - No viable dags retrieved from /home/airflow/.local/lib/python3.12/site-packages/airflow/example_dags/plugins/listener_plugin.py
[2026-06-13T17:15:02.996+0000] {processor.py:208} INFO - Processing /home/airflow/.local/lib/python3.12/site-packages/airflow/example_dags/plugins/listener_plugin.py took 0.023 seconds
[2026-06-13T17:15:33.398+0000] {processor.py:186} INFO - Started process (PID=3030) to work on /home/airflow/.local/lib/python3.12/site-packages/airflow/example_dags/plugins/listener_plugin.py
[2026-06-13T17:15:33.399+0000] {processor.py:914} INFO - Processing file /home/airflow/.local/lib/python3.12/site-packages/airflow/example_dags/plugins/listener_plugin.py for tasks to queue
[2026-06-13T17:15:33.401+0000] {logging_mixin.py:190} INFO - [2026-06-13T17:15:33.401+0000] {dagbag.py:588} INFO - Filling up the DagBag from /home/airflow/.local/lib/python3.12/site-packages/airflow/example_dags/plugins/listener_plugin.py
[2026-06-13T17:15:33.403+0000] {processor.py:927} WARNING - No viable dags retrieved from /home/airflow/.local/lib/python3.12/site-packages/airflow/example_dags/plugins/listener_plugin.py
[2026-06-13T17:15:33.415+0000] {processor.py:208} INFO - Processing /home/airflow/.local/lib/python3.12/site-packages/airflow/example_dags/plugins/listener_plugin.py took 0.022 seconds
[2026-06-13T17:16:04.032+0000] {processor.py:186} INFO - Started process (PID=3098) to work on /home/airflow/.local/lib/python3.12/site-packages/airflow/example_dags/plugins/listener_plugin.py
[2026-06-13T17:16:04.033+0000] {processor.py:914} INFO - Processing file /home/airflow/.local/lib/python3.12/site-packages/airflow/example_dags/plugins/listener_plugin.py for tasks to queue
[2026-06-13T17:16:04.035+0000] {logging_mixin.py:190} INFO - [2026-06-13T17:16:04.035+0000] {dagbag.py:588} INFO - Filling up the DagBag from /home/airflow/.local/lib/python3.12/site-packages/airflow/example_dags/plugins/listener_plugin.py
[2026-06-13T17:16:04.037+0000] {processor.py:927} WARNING - No viable dags retrieved from /home/airflow/.local/lib/python3.12/site-packages/airflow/example_dags/plugins/listener_plugin.py
[2026-06-13T17:16:04.049+0000] {processor.py:208} INFO - Processing /home/airflow/.local/lib/python3.12/site-packages/airflow/example_dags/plugins/listener_plugin.py took 0.022 seconds
[2026-06-13T17:16:34.390+0000] {processor.py:186} INFO - Started process (PID=3160) to work on /home/airflow/.local/lib/python3.12/site-packages/airflow/example_dags/plugins/listener_plugin.py
[2026-06-13T17:16:34.391+0000] {processor.py:914} INFO - Processing file /home/airflow/.local/lib/python3.12/site-packages/airflow/example_dags/plugins/listener_plugin.py for tasks to queue
[2026-06-13T17:16:34.393+0000] {logging_mixin.py:190} INFO - [2026-06-13T17:16:34.393+0000] {dagbag.py:588} INFO - Filling up the DagBag from /home/airflow/.local/lib/python3.12/site-packages/airflow/example_dags/plugins/listener_plugin.py
[2026-06-13T17:16:34.395+0000] {processor.py:927} WARNING - No viable dags retrieved from /home/airflow/.local/lib/python3.12/site-packages/airflow/example_dags/plugins/listener_plugin.py
[2026-06-13T17:16:34.408+0000] {processor.py:208} INFO - Processing /home/airflow/.local/lib/python3.12/site-packages/airflow/example_dags/plugins/listener_plugin.py took 0.023 seconds
[2026-06-13T17:17:04.838+0000] {processor.py:186} INFO - Started process (PID=3222) to work on /home/airflow/.local/lib/python3.12/site-packages/airflow/example_dags/plugins/listener_plugin.py
[2026-06-13T17:17:04.839+0000] {processor.py:914} INFO - Processing file /home/airflow/.local/lib/python3.12/site-packages/airflow/example_dags/plugins/listener_plugin.py for tasks to queue
[2026-06-13T17:17:04.842+0000] {logging_mixin.py:190} INFO - [2026-06-13T17:17:04.841+0000] {dagbag.py:588} INFO - Filling up the DagBag from /home/airflow/.local/lib/python3.12/site-packages/airflow/example_dags/plugins/listener_plugin.py
[2026-06-13T17:17:04.844+0000] {processor.py:927} WARNING - No viable dags retrieved from /home/airflow/.local/lib/python3.12/site-packages/airflow/example_dags/plugins/listener_plugin.py
[2026-06-13T17:17:04.855+0000] {processor.py:208} INFO - Processing /home/airflow/.local/lib/python3.12/site-packages/airflow/example_dags/plugins/listener_plugin.py took 0.022 seconds
[2026-06-13T17:17:35.063+0000] {processor.py:186} INFO - Started process (PID=3284) to work on /home/airflow/.local/lib/python3.12/site-packages/airflow/example_dags/plugins/listener_plugin.py
[2026-06-13T17:17:35.064+0000] {processor.py:914} INFO - Processing file /home/airflow/.local/lib/python3.12/site-packages/airflow/example_dags/plugins/listener_plugin.py for tasks to queue
[2026-06-13T17:17:35.066+0000] {logging_mixin.py:190} INFO - [2026-06-13T17:17:35.066+0000] {dagbag.py:588} INFO - Filling up the DagBag from /home/airflow/.local/lib/python3.12/site-packages/airflow/example_dags/plugins/listener_plugin.py
[2026-06-13T17:17:35.068+0000] {processor.py:927} WARNING - No viable dags retrieved from /home/airflow/.local/lib/python3.12/site-packages/airflow/example_dags/plugins/listener_plugin.py
[2026-06-13T17:17:35.079+0000] {processor.py:208} INFO - Processing /home/airflow/.local/lib/python3.12/site-packages/airflow/example_dags/plugins/listener_plugin.py took 0.021 seconds
[2026-06-13T17:18:05.716+0000] {processor.py:186} INFO - Started process (PID=3346) to work on /home/airflow/.local/lib/python3.12/site-packages/airflow/example_dags/plugins/listener_plugin.py
[2026-06-13T17:18:05.717+0000] {processor.py:914} INFO - Processing file /home/airflow/.local/lib/python3.12/site-packages/airflow/example_dags/plugins/listener_plugin.py for tasks to queue
[2026-06-13T17:18:05.720+0000] {logging_mixin.py:190} INFO - [2026-06-13T17:18:05.720+0000] {dagbag.py:588} INFO - Filling up the DagBag from /home/airflow/.local/lib/python3.12/site-packages/airflow/example_dags/plugins/listener_plugin.py
[2026-06-13T17:18:05.722+0000] {processor.py:927} WARNING - No viable dags retrieved from /home/airflow/.local/lib/python3.12/site-packages/airflow/example_dags/plugins/listener_plugin.py
[2026-06-13T17:18:05.736+0000] {processor.py:208} INFO - Processing /home/airflow/.local/lib/python3.12/site-packages/airflow/example_dags/plugins/listener_plugin.py took 0.025 seconds
[2026-06-13T17:18:36.228+0000] {processor.py:186} INFO - Started process (PID=3408) to work on /home/airflow/.local/lib/python3.12/site-packages/airflow/example_dags/plugins/listener_plugin.py
[2026-06-13T17:18:36.229+0000] {processor.py:914} INFO - Processing file /home/airflow/.local/lib/python3.12/site-packages/airflow/example_dags/plugins/listener_plugin.py for tasks to queue
[2026-06-13T17:18:36.231+0000] {logging_mixin.py:190} INFO - [2026-06-13T17:18:36.231+0000] {dagbag.py:588} INFO - Filling up the DagBag from /home/airflow/.local/lib/python3.12/site-packages/airflow/example_dags/plugins/listener_plugin.py
[2026-06-13T17:18:36.233+0000] {processor.py:927} WARNING - No viable dags retrieved from /home/airflow/.local/lib/python3.12/site-packages/airflow/example_dags/plugins/listener_plugin.py
[2026-06-13T17:18:36.245+0000] {processor.py:208} INFO - Processing /home/airflow/.local/lib/python3.12/site-packages/airflow/example_dags/plugins/listener_plugin.py took 0.022 seconds
[2026-06-13T17:19:06.733+0000] {processor.py:186} INFO - Started process (PID=3470) to work on /home/airflow/.local/lib/python3.12/site-packages/airflow/example_dags/plugins/listener_plugin.py
[2026-06-13T17:19:06.735+0000] {processor.py:914} INFO - Processing file /home/airflow/.local/lib/python3.12/site-packages/airflow/example_dags/plugins/listener_plugin.py for tasks to queue
[2026-06-13T17:19:06.737+0000] {logging_mixin.py:190} INFO - [2026-06-13T17:19:06.737+0000] {dagbag.py:588} INFO - Filling up the DagBag from /home/airflow/.local/lib/python3.12/site-packages/airflow/example_dags/plugins/listener_plugin.py
[2026-06-13T17:19:06.739+0000] {processor.py:927} WARNING - No viable dags retrieved from /home/airflow/.local/lib/python3.12/site-packages/airflow/example_dags/plugins/listener_plugin.py
[2026-06-13T17:19:06.751+0000] {processor.py:208} INFO - Processing /home/airflow/.local/lib/python3.12/site-packages/airflow/example_dags/plugins/listener_plugin.py took 0.022 seconds
[2026-06-13T17:19:37.627+0000] {processor.py:186} INFO - Started process (PID=3532) to work on /home/airflow/.local/lib/python3.12/site-packages/airflow/example_dags/plugins/listener_plugin.py
[2026-06-13T17:19:37.628+0000] {processor.py:914} INFO - Processing file /home/airflow/.local/lib/python3.12/site-packages/airflow/example_dags/plugins/listener_plugin.py for tasks to queue
[2026-06-13T17:19:37.630+0000] {logging_mixin.py:190} INFO - [2026-06-13T17:19:37.630+0000] {dagbag.py:588} INFO - Filling up the DagBag from /home/airflow/.local/lib/python3.12/site-packages/airflow/example_dags/plugins/listener_plugin.py
[2026-06-13T17:19:37.633+0000] {processor.py:927} WARNING - No viable dags retrieved from /home/airflow/.local/lib/python3.12/site-packages/airflow/example_dags/plugins/listener_plugin.py
[2026-06-13T17:19:37.645+0000] {processor.py:208} INFO - Processing /home/airflow/.local/lib/python3.12/site-packages/airflow/example_dags/plugins/listener_plugin.py took 0.024 seconds
[2026-06-13T17:20:08.161+0000] {processor.py:186} INFO - Started process (PID=3594) to work on /home/airflow/.local/lib/python3.12/site-packages/airflow/example_dags/plugins/listener_plugin.py
[2026-06-13T17:20:08.162+0000] {processor.py:914} INFO - Processing file /home/airflow/.local/lib/python3.12/site-packages/airflow/example_dags/plugins/listener_plugin.py for tasks to queue
[2026-06-13T17:20:08.164+0000] {logging_mixin.py:190} INFO - [2026-06-13T17:20:08.164+0000] {dagbag.py:588} INFO - Filling up the DagBag from /home/airflow/.local/lib/python3.12/site-packages/airflow/example_dags/plugins/listener_plugin.py
[2026-06-13T17:20:08.166+0000] {processor.py:927} WARNING - No viable dags retrieved from /home/airflow/.local/lib/python3.12/site-packages/airflow/example_dags/plugins/listener_plugin.py
[2026-06-13T17:20:08.178+0000] {processor.py:208} INFO - Processing /home/airflow/.local/lib/python3.12/site-packages/airflow/example_dags/plugins/listener_plugin.py took 0.022 seconds
[2026-06-13T17:20:38.783+0000] {processor.py:186} INFO - Started process (PID=3655) to work on /home/airflow/.local/lib/python3.12/site-packages/airflow/example_dags/plugins/listener_plugin.py
[2026-06-13T17:20:38.785+0000] {processor.py:914} INFO - Processing file /home/airflow/.local/lib/python3.12/site-packages/airflow/example_dags/plugins/listener_plugin.py for tasks to queue
[2026-06-13T17:20:38.787+0000] {logging_mixin.py:190} INFO - [2026-06-13T17:20:38.787+0000] {dagbag.py:588} INFO - Filling up the DagBag from /home/airflow/.local/lib/python3.12/site-packages/airflow/example_dags/plugins/listener_plugin.py
[2026-06-13T17:20:38.789+0000] {processor.py:927} WARNING - No viable dags retrieved from /home/airflow/.local/lib/python3.12/site-packages/airflow/example_dags/plugins/listener_plugin.py
[2026-06-13T17:20:38.801+0000] {processor.py:208} INFO - Processing /home/airflow/.local/lib/python3.12/site-packages/airflow/example_dags/plugins/listener_plugin.py took 0.023 seconds
[2026-06-13T17:21:09.269+0000] {processor.py:186} INFO - Started process (PID=3717) to work on /home/airflow/.local/lib/python3.12/site-packages/airflow/example_dags/plugins/listener_plugin.py
[2026-06-13T17:21:09.270+0000] {processor.py:914} INFO - Processing file /home/airflow/.local/lib/python3.12/site-packages/airflow/example_dags/plugins/listener_plugin.py for tasks to queue
[2026-06-13T17:21:09.272+0000] {logging_mixin.py:190} INFO - [2026-06-13T17:21:09.272+0000] {dagbag.py:588} INFO - Filling up the DagBag from /home/airflow/.local/lib/python3.12/site-packages/airflow/example_dags/plugins/listener_plugin.py
[2026-06-13T17:21:09.275+0000] {processor.py:927} WARNING - No viable dags retrieved from /home/airflow/.local/lib/python3.12/site-packages/airflow/example_dags/plugins/listener_plugin.py
[2026-06-13T17:21:09.287+0000] {processor.py:208} INFO - Processing /home/airflow/.local/lib/python3.12/site-packages/airflow/example_dags/plugins/listener_plugin.py took 0.023 seconds
[2026-06-13T17:21:39.721+0000] {processor.py:186} INFO - Started process (PID=3780) to work on /home/airflow/.local/lib/python3.12/site-packages/airflow/example_dags/plugins/listener_plugin.py
[2026-06-13T17:21:39.722+0000] {processor.py:914} INFO - Processing file /home/airflow/.local/lib/python3.12/site-packages/airflow/example_dags/plugins/listener_plugin.py for tasks to queue
[2026-06-13T17:21:39.726+0000] {logging_mixin.py:190} INFO - [2026-06-13T17:21:39.725+0000] {dagbag.py:588} INFO - Filling up the DagBag from /home/airflow/.local/lib/python3.12/site-packages/airflow/example_dags/plugins/listener_plugin.py
[2026-06-13T17:21:39.730+0000] {processor.py:927} WARNING - No viable dags retrieved from /home/airflow/.local/lib/python3.12/site-packages/airflow/example_dags/plugins/listener_plugin.py
[2026-06-13T17:21:39.750+0000] {processor.py:208} INFO - Processing /home/airflow/.local/lib/python3.12/site-packages/airflow/example_dags/plugins/listener_plugin.py took 0.034 seconds
[2026-06-13T17:22:10.270+0000] {processor.py:186} INFO - Started process (PID=3842) to work on /home/airflow/.local/lib/python3.12/site-packages/airflow/example_dags/plugins/listener_plugin.py
[2026-06-13T17:22:10.271+0000] {processor.py:914} INFO - Processing file /home/airflow/.local/lib/python3.12/site-packages/airflow/example_dags/plugins/listener_plugin.py for tasks to queue
[2026-06-13T17:22:10.273+0000] {logging_mixin.py:190} INFO - [2026-06-13T17:22:10.273+0000] {dagbag.py:588} INFO - Filling up the DagBag from /home/airflow/.local/lib/python3.12/site-packages/airflow/example_dags/plugins/listener_plugin.py
[2026-06-13T17:22:10.275+0000] {processor.py:927} WARNING - No viable dags retrieved from /home/airflow/.local/lib/python3.12/site-packages/airflow/example_dags/plugins/listener_plugin.py
[2026-06-13T17:22:10.287+0000] {processor.py:208} INFO - Processing /home/airflow/.local/lib/python3.12/site-packages/airflow/example_dags/plugins/listener_plugin.py took 0.022 seconds
[2026-06-13T17:22:40.633+0000] {processor.py:186} INFO - Started process (PID=3904) to work on /home/airflow/.local/lib/python3.12/site-packages/airflow/example_dags/plugins/listener_plugin.py
[2026-06-13T17:22:40.634+0000] {processor.py:914} INFO - Processing file /home/airflow/.local/lib/python3.12/site-packages/airflow/example_dags/plugins/listener_plugin.py for tasks to queue
[2026-06-13T17:22:40.637+0000] {logging_mixin.py:190} INFO - [2026-06-13T17:22:40.637+0000] {dagbag.py:588} INFO - Filling up the DagBag from /home/airflow/.local/lib/python3.12/site-packages/airflow/example_dags/plugins/listener_plugin.py
[2026-06-13T17:22:40.639+0000] {processor.py:927} WARNING - No viable dags retrieved from /home/airflow/.local/lib/python3.12/site-packages/airflow/example_dags/plugins/listener_plugin.py
[2026-06-13T17:22:40.651+0000] {processor.py:208} INFO - Processing /home/airflow/.local/lib/python3.12/site-packages/airflow/example_dags/plugins/listener_plugin.py took 0.023 seconds
[2026-06-13T17:23:11.142+0000] {processor.py:186} INFO - Started process (PID=3966) to work on /home/airflow/.local/lib/python3.12/site-packages/airflow/example_dags/plugins/listener_plugin.py
[2026-06-13T17:23:11.144+0000] {processor.py:914} INFO - Processing file /home/airflow/.local/lib/python3.12/site-packages/airflow/example_dags/plugins/listener_plugin.py for tasks to queue
[2026-06-13T17:23:11.147+0000] {logging_mixin.py:190} INFO - [2026-06-13T17:23:11.146+0000] {dagbag.py:588} INFO - Filling up the DagBag from /home/airflow/.local/lib/python3.12/site-packages/airflow/example_dags/plugins/listener_plugin.py
[2026-06-13T17:23:11.150+0000] {processor.py:927} WARNING - No viable dags retrieved from /home/airflow/.local/lib/python3.12/site-packages/airflow/example_dags/plugins/listener_plugin.py
[2026-06-13T17:23:11.165+0000] {processor.py:208} INFO - Processing /home/airflow/.local/lib/python3.12/site-packages/airflow/example_dags/plugins/listener_plugin.py took 0.029 seconds
[2026-06-13T17:23:41.621+0000] {processor.py:186} INFO - Started process (PID=4029) to work on /home/airflow/.local/lib/python3.12/site-packages/airflow/example_dags/plugins/listener_plugin.py
[2026-06-13T17:23:41.622+0000] {processor.py:914} INFO - Processing file /home/airflow/.local/lib/python3.12/site-packages/airflow/example_dags/plugins/listener_plugin.py for tasks to queue
[2026-06-13T17:23:41.624+0000] {logging_mixin.py:190} INFO - [2026-06-13T17:23:41.624+0000] {dagbag.py:588} INFO - Filling up the DagBag from /home/airflow/.local/lib/python3.12/site-packages/airflow/example_dags/plugins/listener_plugin.py
[2026-06-13T17:23:41.626+0000] {processor.py:927} WARNING - No viable dags retrieved from /home/airflow/.local/lib/python3.12/site-packages/airflow/example_dags/plugins/listener_plugin.py
[2026-06-13T17:23:41.638+0000] {processor.py:208} INFO - Processing /home/airflow/.local/lib/python3.12/site-packages/airflow/example_dags/plugins/listener_plugin.py took 0.022 seconds
[2026-06-13T17:24:12.081+0000] {processor.py:186} INFO - Started process (PID=4091) to work on /home/airflow/.local/lib/python3.12/site-packages/airflow/example_dags/plugins/listener_plugin.py
[2026-06-13T17:24:12.082+0000] {processor.py:914} INFO - Processing file /home/airflow/.local/lib/python3.12/site-packages/airflow/example_dags/plugins/listener_plugin.py for tasks to queue
[2026-06-13T17:24:12.084+0000] {logging_mixin.py:190} INFO - [2026-06-13T17:24:12.084+0000] {dagbag.py:588} INFO - Filling up the DagBag from /home/airflow/.local/lib/python3.12/site-packages/airflow/example_dags/plugins/listener_plugin.py
[2026-06-13T17:24:12.087+0000] {processor.py:927} WARNING - No viable dags retrieved from /home/airflow/.local/lib/python3.12/site-packages/airflow/example_dags/plugins/listener_plugin.py
[2026-06-13T17:24:12.101+0000] {processor.py:208} INFO - Processing /home/airflow/.local/lib/python3.12/site-packages/airflow/example_dags/plugins/listener_plugin.py took 0.025 seconds
[2026-06-13T17:24:42.301+0000] {processor.py:186} INFO - Started process (PID=4153) to work on /home/airflow/.local/lib/python3.12/site-packages/airflow/example_dags/plugins/listener_plugin.py
[2026-06-13T17:24:42.301+0000] {processor.py:914} INFO - Processing file /home/airflow/.local/lib/python3.12/site-packages/airflow/example_dags/plugins/listener_plugin.py for tasks to queue
[2026-06-13T17:24:42.304+0000] {logging_mixin.py:190} INFO - [2026-06-13T17:24:42.303+0000] {dagbag.py:588} INFO - Filling up the DagBag from /home/airflow/.local/lib/python3.12/site-packages/airflow/example_dags/plugins/listener_plugin.py
[2026-06-13T17:24:42.306+0000] {processor.py:927} WARNING - No viable dags retrieved from /home/airflow/.local/lib/python3.12/site-packages/airflow/example_dags/plugins/listener_plugin.py
[2026-06-13T17:24:42.317+0000] {processor.py:208} INFO - Processing /home/airflow/.local/lib/python3.12/site-packages/airflow/example_dags/plugins/listener_plugin.py took 0.021 seconds
[2026-06-13T17:25:12.512+0000] {processor.py:186} INFO - Started process (PID=4214) to work on /home/airflow/.local/lib/python3.12/site-packages/airflow/example_dags/plugins/listener_plugin.py
[2026-06-13T17:25:12.513+0000] {processor.py:914} INFO - Processing file /home/airflow/.local/lib/python3.12/site-packages/airflow/example_dags/plugins/listener_plugin.py for tasks to queue
[2026-06-13T17:25:12.515+0000] {logging_mixin.py:190} INFO - [2026-06-13T17:25:12.515+0000] {dagbag.py:588} INFO - Filling up the DagBag from /home/airflow/.local/lib/python3.12/site-packages/airflow/example_dags/plugins/listener_plugin.py
[2026-06-13T17:25:12.517+0000] {processor.py:927} WARNING - No viable dags retrieved from /home/airflow/.local/lib/python3.12/site-packages/airflow/example_dags/plugins/listener_plugin.py
[2026-06-13T17:25:12.528+0000] {processor.py:208} INFO - Processing /home/airflow/.local/lib/python3.12/site-packages/airflow/example_dags/plugins/listener_plugin.py took 0.021 seconds
[2026-06-13T17:25:42.843+0000] {processor.py:186} INFO - Started process (PID=4276) to work on /home/airflow/.local/lib/python3.12/site-packages/airflow/example_dags/plugins/listener_plugin.py
[2026-06-13T17:25:42.844+0000] {processor.py:914} INFO - Processing file /home/airflow/.local/lib/python3.12/site-packages/airflow/example_dags/plugins/listener_plugin.py for tasks to queue
[2026-06-13T17:25:42.846+0000] {logging_mixin.py:190} INFO - [2026-06-13T17:25:42.846+0000] {dagbag.py:588} INFO - Filling up the DagBag from /home/airflow/.local/lib/python3.12/site-packages/airflow/example_dags/plugins/listener_plugin.py
[2026-06-13T17:25:42.848+0000] {processor.py:927} WARNING - No viable dags retrieved from /home/airflow/.local/lib/python3.12/site-packages/airflow/example_dags/plugins/listener_plugin.py
[2026-06-13T17:25:42.859+0000] {processor.py:208} INFO - Processing /home/airflow/.local/lib/python3.12/site-packages/airflow/example_dags/plugins/listener_plugin.py took 0.021 seconds
[2026-06-13T17:26:13.187+0000] {processor.py:186} INFO - Started process (PID=4338) to work on /home/airflow/.local/lib/python3.12/site-packages/airflow/example_dags/plugins/listener_plugin.py
[2026-06-13T17:26:13.188+0000] {processor.py:914} INFO - Processing file /home/airflow/.local/lib/python3.12/site-packages/airflow/example_dags/plugins/listener_plugin.py for tasks to queue
[2026-06-13T17:26:13.191+0000] {logging_mixin.py:190} INFO - [2026-06-13T17:26:13.191+0000] {dagbag.py:588} INFO - Filling up the DagBag from /home/airflow/.local/lib/python3.12/site-packages/airflow/example_dags/plugins/listener_plugin.py
[2026-06-13T17:26:13.193+0000] {processor.py:927} WARNING - No viable dags retrieved from /home/airflow/.local/lib/python3.12/site-packages/airflow/example_dags/plugins/listener_plugin.py
[2026-06-13T17:26:13.206+0000] {processor.py:208} INFO - Processing /home/airflow/.local/lib/python3.12/site-packages/airflow/example_dags/plugins/listener_plugin.py took 0.025 seconds
[2026-06-13T17:26:43.647+0000] {processor.py:186} INFO - Started process (PID=4400) to work on /home/airflow/.local/lib/python3.12/site-packages/airflow/example_dags/plugins/listener_plugin.py
[2026-06-13T17:26:43.649+0000] {processor.py:914} INFO - Processing file /home/airflow/.local/lib/python3.12/site-packages/airflow/example_dags/plugins/listener_plugin.py for tasks to queue
[2026-06-13T17:26:43.651+0000] {logging_mixin.py:190} INFO - [2026-06-13T17:26:43.651+0000] {dagbag.py:588} INFO - Filling up the DagBag from /home/airflow/.local/lib/python3.12/site-packages/airflow/example_dags/plugins/listener_plugin.py
[2026-06-13T17:26:43.653+0000] {processor.py:927} WARNING - No viable dags retrieved from /home/airflow/.local/lib/python3.12/site-packages/airflow/example_dags/plugins/listener_plugin.py
[2026-06-13T17:26:43.664+0000] {processor.py:208} INFO - Processing /home/airflow/.local/lib/python3.12/site-packages/airflow/example_dags/plugins/listener_plugin.py took 0.022 seconds
[2026-06-13T17:27:13.909+0000] {processor.py:186} INFO - Started process (PID=4462) to work on /home/airflow/.local/lib/python3.12/site-packages/airflow/example_dags/plugins/listener_plugin.py
[2026-06-13T17:27:13.911+0000] {processor.py:914} INFO - Processing file /home/airflow/.local/lib/python3.12/site-packages/airflow/example_dags/plugins/listener_plugin.py for tasks to queue
[2026-06-13T17:27:13.913+0000] {logging_mixin.py:190} INFO - [2026-06-13T17:27:13.913+0000] {dagbag.py:588} INFO - Filling up the DagBag from /home/airflow/.local/lib/python3.12/site-packages/airflow/example_dags/plugins/listener_plugin.py
[2026-06-13T17:27:13.915+0000] {processor.py:927} WARNING - No viable dags retrieved from /home/airflow/.local/lib/python3.12/site-packages/airflow/example_dags/plugins/listener_plugin.py
[2026-06-13T17:27:13.927+0000] {processor.py:208} INFO - Processing /home/airflow/.local/lib/python3.12/site-packages/airflow/example_dags/plugins/listener_plugin.py took 0.022 seconds
[2026-06-13T17:27:43.985+0000] {processor.py:186} INFO - Started process (PID=4523) to work on /home/airflow/.local/lib/python3.12/site-packages/airflow/example_dags/plugins/listener_plugin.py
[2026-06-13T17:27:43.986+0000] {processor.py:914} INFO - Processing file /home/airflow/.local/lib/python3.12/site-packages/airflow/example_dags/plugins/listener_plugin.py for tasks to queue
[2026-06-13T17:27:43.989+0000] {logging_mixin.py:190} INFO - [2026-06-13T17:27:43.988+0000] {dagbag.py:588} INFO - Filling up the DagBag from /home/airflow/.local/lib/python3.12/site-packages/airflow/example_dags/plugins/listener_plugin.py
[2026-06-13T17:27:43.991+0000] {processor.py:927} WARNING - No viable dags retrieved from /home/airflow/.local/lib/python3.12/site-packages/airflow/example_dags/plugins/listener_plugin.py
[2026-06-13T17:27:44.002+0000] {processor.py:208} INFO - Processing /home/airflow/.local/lib/python3.12/site-packages/airflow/example_dags/plugins/listener_plugin.py took 0.022 seconds
[2026-06-13T17:28:14.693+0000] {processor.py:186} INFO - Started process (PID=4586) to work on /home/airflow/.local/lib/python3.12/site-packages/airflow/example_dags/plugins/listener_plugin.py
[2026-06-13T17:28:14.695+0000] {processor.py:914} INFO - Processing file /home/airflow/.local/lib/python3.12/site-packages/airflow/example_dags/plugins/listener_plugin.py for tasks to queue
[2026-06-13T17:28:14.697+0000] {logging_mixin.py:190} INFO - [2026-06-13T17:28:14.696+0000] {dagbag.py:588} INFO - Filling up the DagBag from /home/airflow/.local/lib/python3.12/site-packages/airflow/example_dags/plugins/listener_plugin.py
[2026-06-13T17:28:14.699+0000] {processor.py:927} WARNING - No viable dags retrieved from /home/airflow/.local/lib/python3.12/site-packages/airflow/example_dags/plugins/listener_plugin.py
[2026-06-13T17:28:14.710+0000] {processor.py:208} INFO - Processing /home/airflow/.local/lib/python3.12/site-packages/airflow/example_dags/plugins/listener_plugin.py took 0.021 seconds
[2026-06-13T17:28:45.036+0000] {processor.py:186} INFO - Started process (PID=4648) to work on /home/airflow/.local/lib/python3.12/site-packages/airflow/example_dags/plugins/listener_plugin.py
[2026-06-13T17:28:45.037+0000] {processor.py:914} INFO - Processing file /home/airflow/.local/lib/python3.12/site-packages/airflow/example_dags/plugins/listener_plugin.py for tasks to queue
[2026-06-13T17:28:45.039+0000] {logging_mixin.py:190} INFO - [2026-06-13T17:28:45.039+0000] {dagbag.py:588} INFO - Filling up the DagBag from /home/airflow/.local/lib/python3.12/site-packages/airflow/example_dags/plugins/listener_plugin.py
[2026-06-13T17:28:45.042+0000] {processor.py:927} WARNING - No viable dags retrieved from /home/airflow/.local/lib/python3.12/site-packages/airflow/example_dags/plugins/listener_plugin.py
[2026-06-13T17:28:45.052+0000] {processor.py:208} INFO - Processing /home/airflow/.local/lib/python3.12/site-packages/airflow/example_dags/plugins/listener_plugin.py took 0.021 seconds
[2026-06-13T17:29:15.618+0000] {processor.py:186} INFO - Started process (PID=4710) to work on /home/airflow/.local/lib/python3.12/site-packages/airflow/example_dags/plugins/listener_plugin.py
[2026-06-13T17:29:15.620+0000] {processor.py:914} INFO - Processing file /home/airflow/.local/lib/python3.12/site-packages/airflow/example_dags/plugins/listener_plugin.py for tasks to queue
[2026-06-13T17:29:15.622+0000] {logging_mixin.py:190} INFO - [2026-06-13T17:29:15.622+0000] {dagbag.py:588} INFO - Filling up the DagBag from /home/airflow/.local/lib/python3.12/site-packages/airflow/example_dags/plugins/listener_plugin.py
[2026-06-13T17:29:15.624+0000] {processor.py:927} WARNING - No viable dags retrieved from /home/airflow/.local/lib/python3.12/site-packages/airflow/example_dags/plugins/listener_plugin.py
[2026-06-13T17:29:15.636+0000] {processor.py:208} INFO - Processing /home/airflow/.local/lib/python3.12/site-packages/airflow/example_dags/plugins/listener_plugin.py took 0.022 seconds
[2026-06-13T17:29:45.866+0000] {processor.py:186} INFO - Started process (PID=4772) to work on /home/airflow/.local/lib/python3.12/site-packages/airflow/example_dags/plugins/listener_plugin.py
[2026-06-13T17:29:45.868+0000] {processor.py:914} INFO - Processing file /home/airflow/.local/lib/python3.12/site-packages/airflow/example_dags/plugins/listener_plugin.py for tasks to queue
[2026-06-13T17:29:45.869+0000] {logging_mixin.py:190} INFO - [2026-06-13T17:29:45.869+0000] {dagbag.py:588} INFO - Filling up the DagBag from /home/airflow/.local/lib/python3.12/site-packages/airflow/example_dags/plugins/listener_plugin.py
[2026-06-13T17:29:45.871+0000] {processor.py:927} WARNING - No viable dags retrieved from /home/airflow/.local/lib/python3.12/site-packages/airflow/example_dags/plugins/listener_plugin.py
[2026-06-13T17:29:45.883+0000] {processor.py:208} INFO - Processing /home/airflow/.local/lib/python3.12/site-packages/airflow/example_dags/plugins/listener_plugin.py took 0.022 seconds
[2026-06-13T17:30:16.187+0000] {processor.py:186} INFO - Started process (PID=4834) to work on /home/airflow/.local/lib/python3.12/site-packages/airflow/example_dags/plugins/listener_plugin.py
[2026-06-13T17:30:16.188+0000] {processor.py:914} INFO - Processing file /home/airflow/.local/lib/python3.12/site-packages/airflow/example_dags/plugins/listener_plugin.py for tasks to queue
[2026-06-13T17:30:16.193+0000] {logging_mixin.py:190} INFO - [2026-06-13T17:30:16.192+0000] {dagbag.py:588} INFO - Filling up the DagBag from /home/airflow/.local/lib/python3.12/site-packages/airflow/example_dags/plugins/listener_plugin.py
[2026-06-13T17:30:16.196+0000] {processor.py:927} WARNING - No viable dags retrieved from /home/airflow/.local/lib/python3.12/site-packages/airflow/example_dags/plugins/listener_plugin.py
[2026-06-13T17:30:16.217+0000] {processor.py:208} INFO - Processing /home/airflow/.local/lib/python3.12/site-packages/airflow/example_dags/plugins/listener_plugin.py took 0.037 seconds
[2026-06-13T17:30:46.599+0000] {processor.py:186} INFO - Started process (PID=4897) to work on /home/airflow/.local/lib/python3.12/site-packages/airflow/example_dags/plugins/listener_plugin.py
[2026-06-13T17:30:46.602+0000] {processor.py:914} INFO - Processing file /home/airflow/.local/lib/python3.12/site-packages/airflow/example_dags/plugins/listener_plugin.py for tasks to queue
[2026-06-13T17:30:46.604+0000] {logging_mixin.py:190} INFO - [2026-06-13T17:30:46.604+0000] {dagbag.py:588} INFO - Filling up the DagBag from /home/airflow/.local/lib/python3.12/site-packages/airflow/example_dags/plugins/listener_plugin.py
[2026-06-13T17:30:46.608+0000] {processor.py:927} WARNING - No viable dags retrieved from /home/airflow/.local/lib/python3.12/site-packages/airflow/example_dags/plugins/listener_plugin.py
[2026-06-13T17:30:46.618+0000] {processor.py:208} INFO - Processing /home/airflow/.local/lib/python3.12/site-packages/airflow/example_dags/plugins/listener_plugin.py took 0.025 seconds
[2026-06-13T17:31:16.830+0000] {processor.py:186} INFO - Started process (PID=4959) to work on /home/airflow/.local/lib/python3.12/site-packages/airflow/example_dags/plugins/listener_plugin.py
[2026-06-13T17:31:16.831+0000] {processor.py:914} INFO - Processing file /home/airflow/.local/lib/python3.12/site-packages/airflow/example_dags/plugins/listener_plugin.py for tasks to queue
[2026-06-13T17:31:16.834+0000] {logging_mixin.py:190} INFO - [2026-06-13T17:31:16.833+0000] {dagbag.py:588} INFO - Filling up the DagBag from /home/airflow/.local/lib/python3.12/site-packages/airflow/example_dags/plugins/listener_plugin.py
[2026-06-13T17:31:16.836+0000] {processor.py:927} WARNING - No viable dags retrieved from /home/airflow/.local/lib/python3.12/site-packages/airflow/example_dags/plugins/listener_plugin.py
[2026-06-13T17:31:16.846+0000] {processor.py:208} INFO - Processing /home/airflow/.local/lib/python3.12/site-packages/airflow/example_dags/plugins/listener_plugin.py took 0.021 seconds
[2026-06-13T17:31:47.439+0000] {processor.py:186} INFO - Started process (PID=5021) to work on /home/airflow/.local/lib/python3.12/site-packages/airflow/example_dags/plugins/listener_plugin.py
[2026-06-13T17:31:47.440+0000] {processor.py:914} INFO - Processing file /home/airflow/.local/lib/python3.12/site-packages/airflow/example_dags/plugins/listener_plugin.py for tasks to queue
[2026-06-13T17:31:47.446+0000] {logging_mixin.py:190} INFO - [2026-06-13T17:31:47.445+0000] {dagbag.py:588} INFO - Filling up the DagBag from /home/airflow/.local/lib/python3.12/site-packages/airflow/example_dags/plugins/listener_plugin.py
[2026-06-13T17:31:47.450+0000] {processor.py:927} WARNING - No viable dags retrieved from /home/airflow/.local/lib/python3.12/site-packages/airflow/example_dags/plugins/listener_plugin.py
[2026-06-13T17:31:47.465+0000] {processor.py:208} INFO - Processing /home/airflow/.local/lib/python3.12/site-packages/airflow/example_dags/plugins/listener_plugin.py took 0.034 seconds
[2026-06-13T17:32:17.703+0000] {processor.py:186} INFO - Started process (PID=5083) to work on /home/airflow/.local/lib/python3.12/site-packages/airflow/example_dags/plugins/listener_plugin.py
[2026-06-13T17:32:17.704+0000] {processor.py:914} INFO - Processing file /home/airflow/.local/lib/python3.12/site-packages/airflow/example_dags/plugins/listener_plugin.py for tasks to queue
[2026-06-13T17:32:17.706+0000] {logging_mixin.py:190} INFO - [2026-06-13T17:32:17.706+0000] {dagbag.py:588} INFO - Filling up the DagBag from /home/airflow/.local/lib/python3.12/site-packages/airflow/example_dags/plugins/listener_plugin.py
[2026-06-13T17:32:17.708+0000] {processor.py:927} WARNING - No viable dags retrieved from /home/airflow/.local/lib/python3.12/site-packages/airflow/example_dags/plugins/listener_plugin.py
[2026-06-13T17:32:17.721+0000] {processor.py:208} INFO - Processing /home/airflow/.local/lib/python3.12/site-packages/airflow/example_dags/plugins/listener_plugin.py took 0.024 seconds
[2026-06-13T17:32:48.157+0000] {processor.py:186} INFO - Started process (PID=5145) to work on /home/airflow/.local/lib/python3.12/site-packages/airflow/example_dags/plugins/listener_plugin.py
[2026-06-13T17:32:48.159+0000] {processor.py:914} INFO - Processing file /home/airflow/.local/lib/python3.12/site-packages/airflow/example_dags/plugins/listener_plugin.py for tasks to queue
[2026-06-13T17:32:48.162+0000] {logging_mixin.py:190} INFO - [2026-06-13T17:32:48.162+0000] {dagbag.py:588} INFO - Filling up the DagBag from /home/airflow/.local/lib/python3.12/site-packages/airflow/example_dags/plugins/listener_plugin.py
[2026-06-13T17:32:48.165+0000] {processor.py:927} WARNING - No viable dags retrieved from /home/airflow/.local/lib/python3.12/site-packages/airflow/example_dags/plugins/listener_plugin.py
[2026-06-13T17:32:48.182+0000] {processor.py:208} INFO - Processing /home/airflow/.local/lib/python3.12/site-packages/airflow/example_dags/plugins/listener_plugin.py took 0.030 seconds
[2026-06-13T17:33:18.531+0000] {processor.py:186} INFO - Started process (PID=5207) to work on /home/airflow/.local/lib/python3.12/site-packages/airflow/example_dags/plugins/listener_plugin.py
[2026-06-13T17:33:18.532+0000] {processor.py:914} INFO - Processing file /home/airflow/.local/lib/python3.12/site-packages/airflow/example_dags/plugins/listener_plugin.py for tasks to queue
[2026-06-13T17:33:18.535+0000] {logging_mixin.py:190} INFO - [2026-06-13T17:33:18.534+0000] {dagbag.py:588} INFO - Filling up the DagBag from /home/airflow/.local/lib/python3.12/site-packages/airflow/example_dags/plugins/listener_plugin.py
[2026-06-13T17:33:18.537+0000] {processor.py:927} WARNING - No viable dags retrieved from /home/airflow/.local/lib/python3.12/site-packages/airflow/example_dags/plugins/listener_plugin.py
[2026-06-13T17:33:18.548+0000] {processor.py:208} INFO - Processing /home/airflow/.local/lib/python3.12/site-packages/airflow/example_dags/plugins/listener_plugin.py took 0.023 seconds
[2026-06-13T17:33:48.888+0000] {processor.py:186} INFO - Started process (PID=5269) to work on /home/airflow/.local/lib/python3.12/site-packages/airflow/example_dags/plugins/listener_plugin.py
[2026-06-13T17:33:48.889+0000] {processor.py:914} INFO - Processing file /home/airflow/.local/lib/python3.12/site-packages/airflow/example_dags/plugins/listener_plugin.py for tasks to queue
[2026-06-13T17:33:48.891+0000] {logging_mixin.py:190} INFO - [2026-06-13T17:33:48.891+0000] {dagbag.py:588} INFO - Filling up the DagBag from /home/airflow/.local/lib/python3.12/site-packages/airflow/example_dags/plugins/listener_plugin.py
[2026-06-13T17:33:48.893+0000] {processor.py:927} WARNING - No viable dags retrieved from /home/airflow/.local/lib/python3.12/site-packages/airflow/example_dags/plugins/listener_plugin.py
[2026-06-13T17:33:48.903+0000] {processor.py:208} INFO - Processing /home/airflow/.local/lib/python3.12/site-packages/airflow/example_dags/plugins/listener_plugin.py took 0.020 seconds
[2026-06-13T17:34:19.273+0000] {processor.py:186} INFO - Started process (PID=5331) to work on /home/airflow/.local/lib/python3.12/site-packages/airflow/example_dags/plugins/listener_plugin.py
[2026-06-13T17:34:19.274+0000] {processor.py:914} INFO - Processing file /home/airflow/.local/lib/python3.12/site-packages/airflow/example_dags/plugins/listener_plugin.py for tasks to queue
[2026-06-13T17:34:19.277+0000] {logging_mixin.py:190} INFO - [2026-06-13T17:34:19.277+0000] {dagbag.py:588} INFO - Filling up the DagBag from /home/airflow/.local/lib/python3.12/site-packages/airflow/example_dags/plugins/listener_plugin.py
[2026-06-13T17:34:19.280+0000] {processor.py:927} WARNING - No viable dags retrieved from /home/airflow/.local/lib/python3.12/site-packages/airflow/example_dags/plugins/listener_plugin.py
[2026-06-13T17:34:19.291+0000] {processor.py:208} INFO - Processing /home/airflow/.local/lib/python3.12/site-packages/airflow/example_dags/plugins/listener_plugin.py took 0.024 seconds
[2026-06-13T17:34:49.494+0000] {processor.py:186} INFO - Started process (PID=5393) to work on /home/airflow/.local/lib/python3.12/site-packages/airflow/example_dags/plugins/listener_plugin.py
[2026-06-13T17:34:49.495+0000] {processor.py:914} INFO - Processing file /home/airflow/.local/lib/python3.12/site-packages/airflow/example_dags/plugins/listener_plugin.py for tasks to queue
[2026-06-13T17:34:49.497+0000] {logging_mixin.py:190} INFO - [2026-06-13T17:34:49.497+0000] {dagbag.py:588} INFO - Filling up the DagBag from /home/airflow/.local/lib/python3.12/site-packages/airflow/example_dags/plugins/listener_plugin.py
[2026-06-13T17:34:49.499+0000] {processor.py:927} WARNING - No viable dags retrieved from /home/airflow/.local/lib/python3.12/site-packages/airflow/example_dags/plugins/listener_plugin.py
[2026-06-13T17:34:49.510+0000] {processor.py:208} INFO - Processing /home/airflow/.local/lib/python3.12/site-packages/airflow/example_dags/plugins/listener_plugin.py took 0.021 seconds
[2026-06-13T17:35:19.689+0000] {processor.py:186} INFO - Started process (PID=5455) to work on /home/airflow/.local/lib/python3.12/site-packages/airflow/example_dags/plugins/listener_plugin.py
[2026-06-13T17:35:19.690+0000] {processor.py:914} INFO - Processing file /home/airflow/.local/lib/python3.12/site-packages/airflow/example_dags/plugins/listener_plugin.py for tasks to queue
[2026-06-13T17:35:19.693+0000] {logging_mixin.py:190} INFO - [2026-06-13T17:35:19.693+0000] {dagbag.py:588} INFO - Filling up the DagBag from /home/airflow/.local/lib/python3.12/site-packages/airflow/example_dags/plugins/listener_plugin.py
[2026-06-13T17:35:19.695+0000] {processor.py:927} WARNING - No viable dags retrieved from /home/airflow/.local/lib/python3.12/site-packages/airflow/example_dags/plugins/listener_plugin.py
[2026-06-13T17:35:19.706+0000] {processor.py:208} INFO - Processing /home/airflow/.local/lib/python3.12/site-packages/airflow/example_dags/plugins/listener_plugin.py took 0.021 seconds
[2026-06-13T17:35:50.281+0000] {processor.py:186} INFO - Started process (PID=5517) to work on /home/airflow/.local/lib/python3.12/site-packages/airflow/example_dags/plugins/listener_plugin.py
[2026-06-13T17:35:50.282+0000] {processor.py:914} INFO - Processing file /home/airflow/.local/lib/python3.12/site-packages/airflow/example_dags/plugins/listener_plugin.py for tasks to queue
[2026-06-13T17:35:50.285+0000] {logging_mixin.py:190} INFO - [2026-06-13T17:35:50.284+0000] {dagbag.py:588} INFO - Filling up the DagBag from /home/airflow/.local/lib/python3.12/site-packages/airflow/example_dags/plugins/listener_plugin.py
[2026-06-13T17:35:50.288+0000] {processor.py:927} WARNING - No viable dags retrieved from /home/airflow/.local/lib/python3.12/site-packages/airflow/example_dags/plugins/listener_plugin.py
[2026-06-13T17:35:50.300+0000] {processor.py:208} INFO - Processing /home/airflow/.local/lib/python3.12/site-packages/airflow/example_dags/plugins/listener_plugin.py took 0.024 seconds
[2026-06-13T17:36:20.396+0000] {processor.py:186} INFO - Started process (PID=5579) to work on /home/airflow/.local/lib/python3.12/site-packages/airflow/example_dags/plugins/listener_plugin.py
[2026-06-13T17:36:20.397+0000] {processor.py:914} INFO - Processing file /home/airflow/.local/lib/python3.12/site-packages/airflow/example_dags/plugins/listener_plugin.py for tasks to queue
[2026-06-13T17:36:20.400+0000] {logging_mixin.py:190} INFO - [2026-06-13T17:36:20.399+0000] {dagbag.py:588} INFO - Filling up the DagBag from /home/airflow/.local/lib/python3.12/site-packages/airflow/example_dags/plugins/listener_plugin.py
[2026-06-13T17:36:20.402+0000] {processor.py:927} WARNING - No viable dags retrieved from /home/airflow/.local/lib/python3.12/site-packages/airflow/example_dags/plugins/listener_plugin.py
[2026-06-13T17:36:20.412+0000] {processor.py:208} INFO - Processing /home/airflow/.local/lib/python3.12/site-packages/airflow/example_dags/plugins/listener_plugin.py took 0.021 seconds
[2026-06-13T17:36:50.772+0000] {processor.py:186} INFO - Started process (PID=5641) to work on /home/airflow/.local/lib/python3.12/site-packages/airflow/example_dags/plugins/listener_plugin.py
[2026-06-13T17:36:50.773+0000] {processor.py:914} INFO - Processing file /home/airflow/.local/lib/python3.12/site-packages/airflow/example_dags/plugins/listener_plugin.py for tasks to queue
[2026-06-13T17:36:50.777+0000] {logging_mixin.py:190} INFO - [2026-06-13T17:36:50.776+0000] {dagbag.py:588} INFO - Filling up the DagBag from /home/airflow/.local/lib/python3.12/site-packages/airflow/example_dags/plugins/listener_plugin.py
[2026-06-13T17:36:50.779+0000] {processor.py:927} WARNING - No viable dags retrieved from /home/airflow/.local/lib/python3.12/site-packages/airflow/example_dags/plugins/listener_plugin.py
[2026-06-13T17:36:50.797+0000] {processor.py:208} INFO - Processing /home/airflow/.local/lib/python3.12/site-packages/airflow/example_dags/plugins/listener_plugin.py took 0.032 seconds
[2026-06-13T17:37:21.196+0000] {processor.py:186} INFO - Started process (PID=5702) to work on /home/airflow/.local/lib/python3.12/site-packages/airflow/example_dags/plugins/listener_plugin.py
[2026-06-13T17:37:21.198+0000] {processor.py:914} INFO - Processing file /home/airflow/.local/lib/python3.12/site-packages/airflow/example_dags/plugins/listener_plugin.py for tasks to queue
[2026-06-13T17:37:21.203+0000] {logging_mixin.py:190} INFO - [2026-06-13T17:37:21.202+0000] {dagbag.py:588} INFO - Filling up the DagBag from /home/airflow/.local/lib/python3.12/site-packages/airflow/example_dags/plugins/listener_plugin.py
[2026-06-13T17:37:21.206+0000] {processor.py:927} WARNING - No viable dags retrieved from /home/airflow/.local/lib/python3.12/site-packages/airflow/example_dags/plugins/listener_plugin.py
[2026-06-13T17:37:21.224+0000] {processor.py:208} INFO - Processing /home/airflow/.local/lib/python3.12/site-packages/airflow/example_dags/plugins/listener_plugin.py took 0.034 seconds
[2026-06-13T17:37:51.589+0000] {processor.py:186} INFO - Started process (PID=5765) to work on /home/airflow/.local/lib/python3.12/site-packages/airflow/example_dags/plugins/listener_plugin.py
[2026-06-13T17:37:51.590+0000] {processor.py:914} INFO - Processing file /home/airflow/.local/lib/python3.12/site-packages/airflow/example_dags/plugins/listener_plugin.py for tasks to queue
[2026-06-13T17:37:51.592+0000] {logging_mixin.py:190} INFO - [2026-06-13T17:37:51.592+0000] {dagbag.py:588} INFO - Filling up the DagBag from /home/airflow/.local/lib/python3.12/site-packages/airflow/example_dags/plugins/listener_plugin.py
[2026-06-13T17:37:51.594+0000] {processor.py:927} WARNING - No viable dags retrieved from /home/airflow/.local/lib/python3.12/site-packages/airflow/example_dags/plugins/listener_plugin.py
[2026-06-13T17:37:51.606+0000] {processor.py:208} INFO - Processing /home/airflow/.local/lib/python3.12/site-packages/airflow/example_dags/plugins/listener_plugin.py took 0.022 seconds
[2026-06-13T17:38:22.624+0000] {processor.py:186} INFO - Started process (PID=5827) to work on /home/airflow/.local/lib/python3.12/site-packages/airflow/example_dags/plugins/listener_plugin.py
[2026-06-13T17:38:22.625+0000] {processor.py:914} INFO - Processing file /home/airflow/.local/lib/python3.12/site-packages/airflow/example_dags/plugins/listener_plugin.py for tasks to queue
[2026-06-13T17:38:22.627+0000] {logging_mixin.py:190} INFO - [2026-06-13T17:38:22.627+0000] {dagbag.py:588} INFO - Filling up the DagBag from /home/airflow/.local/lib/python3.12/site-packages/airflow/example_dags/plugins/listener_plugin.py
[2026-06-13T17:38:22.629+0000] {processor.py:927} WARNING - No viable dags retrieved from /home/airflow/.local/lib/python3.12/site-packages/airflow/example_dags/plugins/listener_plugin.py
[2026-06-13T17:38:22.640+0000] {processor.py:208} INFO - Processing /home/airflow/.local/lib/python3.12/site-packages/airflow/example_dags/plugins/listener_plugin.py took 0.021 seconds
[2026-06-13T17:38:53.224+0000] {processor.py:186} INFO - Started process (PID=5889) to work on /home/airflow/.local/lib/python3.12/site-packages/airflow/example_dags/plugins/listener_plugin.py
[2026-06-13T17:38:53.225+0000] {processor.py:914} INFO - Processing file /home/airflow/.local/lib/python3.12/site-packages/airflow/example_dags/plugins/listener_plugin.py for tasks to queue
[2026-06-13T17:38:53.227+0000] {logging_mixin.py:190} INFO - [2026-06-13T17:38:53.227+0000] {dagbag.py:588} INFO - Filling up the DagBag from /home/airflow/.local/lib/python3.12/site-packages/airflow/example_dags/plugins/listener_plugin.py
[2026-06-13T17:38:53.229+0000] {processor.py:927} WARNING - No viable dags retrieved from /home/airflow/.local/lib/python3.12/site-packages/airflow/example_dags/plugins/listener_plugin.py
[2026-06-13T17:38:53.240+0000] {processor.py:208} INFO - Processing /home/airflow/.local/lib/python3.12/site-packages/airflow/example_dags/plugins/listener_plugin.py took 0.021 seconds
[2026-06-13T17:39:23.637+0000] {processor.py:186} INFO - Started process (PID=5951) to work on /home/airflow/.local/lib/python3.12/site-packages/airflow/example_dags/plugins/listener_plugin.py
[2026-06-13T17:39:23.639+0000] {processor.py:914} INFO - Processing file /home/airflow/.local/lib/python3.12/site-packages/airflow/example_dags/plugins/listener_plugin.py for tasks to queue
[2026-06-13T17:39:23.642+0000] {logging_mixin.py:190} INFO - [2026-06-13T17:39:23.641+0000] {dagbag.py:588} INFO - Filling up the DagBag from /home/airflow/.local/lib/python3.12/site-packages/airflow/example_dags/plugins/listener_plugin.py
[2026-06-13T17:39:23.644+0000] {processor.py:927} WARNING - No viable dags retrieved from /home/airflow/.local/lib/python3.12/site-packages/airflow/example_dags/plugins/listener_plugin.py
[2026-06-13T17:39:23.655+0000] {processor.py:208} INFO - Processing /home/airflow/.local/lib/python3.12/site-packages/airflow/example_dags/plugins/listener_plugin.py took 0.024 seconds
[2026-06-13T17:39:53.898+0000] {processor.py:186} INFO - Started process (PID=6013) to work on /home/airflow/.local/lib/python3.12/site-packages/airflow/example_dags/plugins/listener_plugin.py
[2026-06-13T17:39:53.899+0000] {processor.py:914} INFO - Processing file /home/airflow/.local/lib/python3.12/site-packages/airflow/example_dags/plugins/listener_plugin.py for tasks to queue
[2026-06-13T17:39:53.902+0000] {logging_mixin.py:190} INFO - [2026-06-13T17:39:53.902+0000] {dagbag.py:588} INFO - Filling up the DagBag from /home/airflow/.local/lib/python3.12/site-packages/airflow/example_dags/plugins/listener_plugin.py
[2026-06-13T17:39:53.904+0000] {processor.py:927} WARNING - No viable dags retrieved from /home/airflow/.local/lib/python3.12/site-packages/airflow/example_dags/plugins/listener_plugin.py
[2026-06-13T17:39:53.914+0000] {processor.py:208} INFO - Processing /home/airflow/.local/lib/python3.12/site-packages/airflow/example_dags/plugins/listener_plugin.py took 0.021 seconds
[2026-06-13T17:40:24.206+0000] {processor.py:186} INFO - Started process (PID=6075) to work on /home/airflow/.local/lib/python3.12/site-packages/airflow/example_dags/plugins/listener_plugin.py
[2026-06-13T17:40:24.208+0000] {processor.py:914} INFO - Processing file /home/airflow/.local/lib/python3.12/site-packages/airflow/example_dags/plugins/listener_plugin.py for tasks to queue
[2026-06-13T17:40:24.210+0000] {logging_mixin.py:190} INFO - [2026-06-13T17:40:24.210+0000] {dagbag.py:588} INFO - Filling up the DagBag from /home/airflow/.local/lib/python3.12/site-packages/airflow/example_dags/plugins/listener_plugin.py
[2026-06-13T17:40:24.213+0000] {processor.py:927} WARNING - No viable dags retrieved from /home/airflow/.local/lib/python3.12/site-packages/airflow/example_dags/plugins/listener_plugin.py
[2026-06-13T17:40:24.224+0000] {processor.py:208} INFO - Processing /home/airflow/.local/lib/python3.12/site-packages/airflow/example_dags/plugins/listener_plugin.py took 0.023 seconds
[2026-06-13T17:40:54.410+0000] {processor.py:186} INFO - Started process (PID=6137) to work on /home/airflow/.local/lib/python3.12/site-packages/airflow/example_dags/plugins/listener_plugin.py
[2026-06-13T17:40:54.411+0000] {processor.py:914} INFO - Processing file /home/airflow/.local/lib/python3.12/site-packages/airflow/example_dags/plugins/listener_plugin.py for tasks to queue
[2026-06-13T17:40:54.414+0000] {logging_mixin.py:190} INFO - [2026-06-13T17:40:54.413+0000] {dagbag.py:588} INFO - Filling up the DagBag from /home/airflow/.local/lib/python3.12/site-packages/airflow/example_dags/plugins/listener_plugin.py
[2026-06-13T17:40:54.416+0000] {processor.py:927} WARNING - No viable dags retrieved from /home/airflow/.local/lib/python3.12/site-packages/airflow/example_dags/plugins/listener_plugin.py
[2026-06-13T17:40:54.428+0000] {processor.py:208} INFO - Processing /home/airflow/.local/lib/python3.12/site-packages/airflow/example_dags/plugins/listener_plugin.py took 0.022 seconds
[2026-06-13T17:41:24.947+0000] {processor.py:186} INFO - Started process (PID=6199) to work on /home/airflow/.local/lib/python3.12/site-packages/airflow/example_dags/plugins/listener_plugin.py
[2026-06-13T17:41:24.948+0000] {processor.py:914} INFO - Processing file /home/airflow/.local/lib/python3.12/site-packages/airflow/example_dags/plugins/listener_plugin.py for tasks to queue
[2026-06-13T17:41:24.950+0000] {logging_mixin.py:190} INFO - [2026-06-13T17:41:24.950+0000] {dagbag.py:588} INFO - Filling up the DagBag from /home/airflow/.local/lib/python3.12/site-packages/airflow/example_dags/plugins/listener_plugin.py
[2026-06-13T17:41:24.952+0000] {processor.py:927} WARNING - No viable dags retrieved from /home/airflow/.local/lib/python3.12/site-packages/airflow/example_dags/plugins/listener_plugin.py
[2026-06-13T17:41:24.964+0000] {processor.py:208} INFO - Processing /home/airflow/.local/lib/python3.12/site-packages/airflow/example_dags/plugins/listener_plugin.py took 0.022 seconds
[2026-06-13T17:41:55.112+0000] {processor.py:186} INFO - Started process (PID=6261) to work on /home/airflow/.local/lib/python3.12/site-packages/airflow/example_dags/plugins/listener_plugin.py
[2026-06-13T17:41:55.113+0000] {processor.py:914} INFO - Processing file /home/airflow/.local/lib/python3.12/site-packages/airflow/example_dags/plugins/listener_plugin.py for tasks to queue
[2026-06-13T17:41:55.116+0000] {logging_mixin.py:190} INFO - [2026-06-13T17:41:55.116+0000] {dagbag.py:588} INFO - Filling up the DagBag from /home/airflow/.local/lib/python3.12/site-packages/airflow/example_dags/plugins/listener_plugin.py
[2026-06-13T17:41:55.118+0000] {processor.py:927} WARNING - No viable dags retrieved from /home/airflow/.local/lib/python3.12/site-packages/airflow/example_dags/plugins/listener_plugin.py
[2026-06-13T17:41:55.129+0000] {processor.py:208} INFO - Processing /home/airflow/.local/lib/python3.12/site-packages/airflow/example_dags/plugins/listener_plugin.py took 0.022 seconds
[2026-06-13T17:42:26.308+0000] {processor.py:186} INFO - Started process (PID=6323) to work on /home/airflow/.local/lib/python3.12/site-packages/airflow/example_dags/plugins/listener_plugin.py
[2026-06-13T17:42:26.310+0000] {processor.py:914} INFO - Processing file /home/airflow/.local/lib/python3.12/site-packages/airflow/example_dags/plugins/listener_plugin.py for tasks to queue
[2026-06-13T17:42:26.312+0000] {logging_mixin.py:190} INFO - [2026-06-13T17:42:26.311+0000] {dagbag.py:588} INFO - Filling up the DagBag from /home/airflow/.local/lib/python3.12/site-packages/airflow/example_dags/plugins/listener_plugin.py
[2026-06-13T17:42:26.314+0000] {processor.py:927} WARNING - No viable dags retrieved from /home/airflow/.local/lib/python3.12/site-packages/airflow/example_dags/plugins/listener_plugin.py
[2026-06-13T17:42:26.325+0000] {processor.py:208} INFO - Processing /home/airflow/.local/lib/python3.12/site-packages/airflow/example_dags/plugins/listener_plugin.py took 0.021 seconds
[2026-06-13T17:42:56.655+0000] {processor.py:186} INFO - Started process (PID=6385) to work on /home/airflow/.local/lib/python3.12/site-packages/airflow/example_dags/plugins/listener_plugin.py
[2026-06-13T17:42:56.656+0000] {processor.py:914} INFO - Processing file /home/airflow/.local/lib/python3.12/site-packages/airflow/example_dags/plugins/listener_plugin.py for tasks to queue
[2026-06-13T17:42:56.659+0000] {logging_mixin.py:190} INFO - [2026-06-13T17:42:56.659+0000] {dagbag.py:588} INFO - Filling up the DagBag from /home/airflow/.local/lib/python3.12/site-packages/airflow/example_dags/plugins/listener_plugin.py
[2026-06-13T17:42:56.663+0000] {processor.py:927} WARNING - No viable dags retrieved from /home/airflow/.local/lib/python3.12/site-packages/airflow/example_dags/plugins/listener_plugin.py
[2026-06-13T17:42:56.685+0000] {processor.py:208} INFO - Processing /home/airflow/.local/lib/python3.12/site-packages/airflow/example_dags/plugins/listener_plugin.py took 0.039 seconds
[2026-06-13T17:43:27.239+0000] {processor.py:186} INFO - Started process (PID=6447) to work on /home/airflow/.local/lib/python3.12/site-packages/airflow/example_dags/plugins/listener_plugin.py
[2026-06-13T17:43:27.240+0000] {processor.py:914} INFO - Processing file /home/airflow/.local/lib/python3.12/site-packages/airflow/example_dags/plugins/listener_plugin.py for tasks to queue
[2026-06-13T17:43:27.243+0000] {logging_mixin.py:190} INFO - [2026-06-13T17:43:27.243+0000] {dagbag.py:588} INFO - Filling up the DagBag from /home/airflow/.local/lib/python3.12/site-packages/airflow/example_dags/plugins/listener_plugin.py
[2026-06-13T17:43:27.245+0000] {processor.py:927} WARNING - No viable dags retrieved from /home/airflow/.local/lib/python3.12/site-packages/airflow/example_dags/plugins/listener_plugin.py
[2026-06-13T17:43:27.261+0000] {processor.py:208} INFO - Processing /home/airflow/.local/lib/python3.12/site-packages/airflow/example_dags/plugins/listener_plugin.py took 0.027 seconds
[2026-06-13T17:43:57.518+0000] {processor.py:186} INFO - Started process (PID=6509) to work on /home/airflow/.local/lib/python3.12/site-packages/airflow/example_dags/plugins/listener_plugin.py
[2026-06-13T17:43:57.520+0000] {processor.py:914} INFO - Processing file /home/airflow/.local/lib/python3.12/site-packages/airflow/example_dags/plugins/listener_plugin.py for tasks to queue
[2026-06-13T17:43:57.522+0000] {logging_mixin.py:190} INFO - [2026-06-13T17:43:57.521+0000] {dagbag.py:588} INFO - Filling up the DagBag from /home/airflow/.local/lib/python3.12/site-packages/airflow/example_dags/plugins/listener_plugin.py
[2026-06-13T17:43:57.524+0000] {processor.py:927} WARNING - No viable dags retrieved from /home/airflow/.local/lib/python3.12/site-packages/airflow/example_dags/plugins/listener_plugin.py
[2026-06-13T17:43:57.535+0000] {processor.py:208} INFO - Processing /home/airflow/.local/lib/python3.12/site-packages/airflow/example_dags/plugins/listener_plugin.py took 0.022 seconds
[2026-06-13T17:44:28.573+0000] {processor.py:186} INFO - Started process (PID=6571) to work on /home/airflow/.local/lib/python3.12/site-packages/airflow/example_dags/plugins/listener_plugin.py
[2026-06-13T17:44:28.574+0000] {processor.py:914} INFO - Processing file /home/airflow/.local/lib/python3.12/site-packages/airflow/example_dags/plugins/listener_plugin.py for tasks to queue
[2026-06-13T17:44:28.577+0000] {logging_mixin.py:190} INFO - [2026-06-13T17:44:28.576+0000] {dagbag.py:588} INFO - Filling up the DagBag from /home/airflow/.local/lib/python3.12/site-packages/airflow/example_dags/plugins/listener_plugin.py
[2026-06-13T17:44:28.578+0000] {processor.py:927} WARNING - No viable dags retrieved from /home/airflow/.local/lib/python3.12/site-packages/airflow/example_dags/plugins/listener_plugin.py
[2026-06-13T17:44:28.590+0000] {processor.py:208} INFO - Processing /home/airflow/.local/lib/python3.12/site-packages/airflow/example_dags/plugins/listener_plugin.py took 0.023 seconds
[2026-06-13T17:44:59.026+0000] {processor.py:186} INFO - Started process (PID=6633) to work on /home/airflow/.local/lib/python3.12/site-packages/airflow/example_dags/plugins/listener_plugin.py
[2026-06-13T17:44:59.027+0000] {processor.py:914} INFO - Processing file /home/airflow/.local/lib/python3.12/site-packages/airflow/example_dags/plugins/listener_plugin.py for tasks to queue
[2026-06-13T17:44:59.030+0000] {logging_mixin.py:190} INFO - [2026-06-13T17:44:59.029+0000] {dagbag.py:588} INFO - Filling up the DagBag from /home/airflow/.local/lib/python3.12/site-packages/airflow/example_dags/plugins/listener_plugin.py
[2026-06-13T17:44:59.032+0000] {processor.py:927} WARNING - No viable dags retrieved from /home/airflow/.local/lib/python3.12/site-packages/airflow/example_dags/plugins/listener_plugin.py
[2026-06-13T17:44:59.043+0000] {processor.py:208} INFO - Processing /home/airflow/.local/lib/python3.12/site-packages/airflow/example_dags/plugins/listener_plugin.py took 0.021 seconds
[2026-06-13T17:45:29.829+0000] {processor.py:186} INFO - Started process (PID=6695) to work on /home/airflow/.local/lib/python3.12/site-packages/airflow/example_dags/plugins/listener_plugin.py
[2026-06-13T17:45:29.830+0000] {processor.py:914} INFO - Processing file /home/airflow/.local/lib/python3.12/site-packages/airflow/example_dags/plugins/listener_plugin.py for tasks to queue
[2026-06-13T17:45:29.833+0000] {logging_mixin.py:190} INFO - [2026-06-13T17:45:29.833+0000] {dagbag.py:588} INFO - Filling up the DagBag from /home/airflow/.local/lib/python3.12/site-packages/airflow/example_dags/plugins/listener_plugin.py
[2026-06-13T17:45:29.836+0000] {processor.py:927} WARNING - No viable dags retrieved from /home/airflow/.local/lib/python3.12/site-packages/airflow/example_dags/plugins/listener_plugin.py
[2026-06-13T17:45:29.848+0000] {processor.py:208} INFO - Processing /home/airflow/.local/lib/python3.12/site-packages/airflow/example_dags/plugins/listener_plugin.py took 0.025 seconds
[2026-06-13T17:46:00.067+0000] {processor.py:186} INFO - Started process (PID=6757) to work on /home/airflow/.local/lib/python3.12/site-packages/airflow/example_dags/plugins/listener_plugin.py
[2026-06-13T17:46:00.068+0000] {processor.py:914} INFO - Processing file /home/airflow/.local/lib/python3.12/site-packages/airflow/example_dags/plugins/listener_plugin.py for tasks to queue
[2026-06-13T17:46:00.071+0000] {logging_mixin.py:190} INFO - [2026-06-13T17:46:00.071+0000] {dagbag.py:588} INFO - Filling up the DagBag from /home/airflow/.local/lib/python3.12/site-packages/airflow/example_dags/plugins/listener_plugin.py
[2026-06-13T17:46:00.073+0000] {processor.py:927} WARNING - No viable dags retrieved from /home/airflow/.local/lib/python3.12/site-packages/airflow/example_dags/plugins/listener_plugin.py
[2026-06-13T17:46:00.086+0000] {processor.py:208} INFO - Processing /home/airflow/.local/lib/python3.12/site-packages/airflow/example_dags/plugins/listener_plugin.py took 0.026 seconds
[2026-06-13T17:46:30.666+0000] {processor.py:186} INFO - Started process (PID=6819) to work on /home/airflow/.local/lib/python3.12/site-packages/airflow/example_dags/plugins/listener_plugin.py
[2026-06-13T17:46:30.667+0000] {processor.py:914} INFO - Processing file /home/airflow/.local/lib/python3.12/site-packages/airflow/example_dags/plugins/listener_plugin.py for tasks to queue
[2026-06-13T17:46:30.671+0000] {logging_mixin.py:190} INFO - [2026-06-13T17:46:30.670+0000] {dagbag.py:588} INFO - Filling up the DagBag from /home/airflow/.local/lib/python3.12/site-packages/airflow/example_dags/plugins/listener_plugin.py
[2026-06-13T17:46:30.673+0000] {processor.py:927} WARNING - No viable dags retrieved from /home/airflow/.local/lib/python3.12/site-packages/airflow/example_dags/plugins/listener_plugin.py
[2026-06-13T17:46:30.686+0000] {processor.py:208} INFO - Processing /home/airflow/.local/lib/python3.12/site-packages/airflow/example_dags/plugins/listener_plugin.py took 0.026 seconds
[2026-06-13T17:47:00.991+0000] {processor.py:186} INFO - Started process (PID=6881) to work on /home/airflow/.local/lib/python3.12/site-packages/airflow/example_dags/plugins/listener_plugin.py
[2026-06-13T17:47:00.992+0000] {processor.py:914} INFO - Processing file /home/airflow/.local/lib/python3.12/site-packages/airflow/example_dags/plugins/listener_plugin.py for tasks to queue
[2026-06-13T17:47:00.994+0000] {logging_mixin.py:190} INFO - [2026-06-13T17:47:00.994+0000] {dagbag.py:588} INFO - Filling up the DagBag from /home/airflow/.local/lib/python3.12/site-packages/airflow/example_dags/plugins/listener_plugin.py
[2026-06-13T17:47:00.996+0000] {processor.py:927} WARNING - No viable dags retrieved from /home/airflow/.local/lib/python3.12/site-packages/airflow/example_dags/plugins/listener_plugin.py
[2026-06-13T17:47:01.008+0000] {processor.py:208} INFO - Processing /home/airflow/.local/lib/python3.12/site-packages/airflow/example_dags/plugins/listener_plugin.py took 0.022 seconds
[2026-06-13T17:47:31.281+0000] {processor.py:186} INFO - Started process (PID=6943) to work on /home/airflow/.local/lib/python3.12/site-packages/airflow/example_dags/plugins/listener_plugin.py
[2026-06-13T17:47:31.282+0000] {processor.py:914} INFO - Processing file /home/airflow/.local/lib/python3.12/site-packages/airflow/example_dags/plugins/listener_plugin.py for tasks to queue
[2026-06-13T17:47:31.285+0000] {logging_mixin.py:190} INFO - [2026-06-13T17:47:31.285+0000] {dagbag.py:588} INFO - Filling up the DagBag from /home/airflow/.local/lib/python3.12/site-packages/airflow/example_dags/plugins/listener_plugin.py
[2026-06-13T17:47:31.288+0000] {processor.py:927} WARNING - No viable dags retrieved from /home/airflow/.local/lib/python3.12/site-packages/airflow/example_dags/plugins/listener_plugin.py
[2026-06-13T17:47:31.302+0000] {processor.py:208} INFO - Processing /home/airflow/.local/lib/python3.12/site-packages/airflow/example_dags/plugins/listener_plugin.py took 0.027 seconds
[2026-06-13T17:48:01.580+0000] {processor.py:186} INFO - Started process (PID=7005) to work on /home/airflow/.local/lib/python3.12/site-packages/airflow/example_dags/plugins/listener_plugin.py
[2026-06-13T17:48:01.581+0000] {processor.py:914} INFO - Processing file /home/airflow/.local/lib/python3.12/site-packages/airflow/example_dags/plugins/listener_plugin.py for tasks to queue
[2026-06-13T17:48:01.583+0000] {logging_mixin.py:190} INFO - [2026-06-13T17:48:01.583+0000] {dagbag.py:588} INFO - Filling up the DagBag from /home/airflow/.local/lib/python3.12/site-packages/airflow/example_dags/plugins/listener_plugin.py
[2026-06-13T17:48:01.585+0000] {processor.py:927} WARNING - No viable dags retrieved from /home/airflow/.local/lib/python3.12/site-packages/airflow/example_dags/plugins/listener_plugin.py
[2026-06-13T17:48:01.597+0000] {processor.py:208} INFO - Processing /home/airflow/.local/lib/python3.12/site-packages/airflow/example_dags/plugins/listener_plugin.py took 0.022 seconds
[2026-06-13T17:48:32.115+0000] {processor.py:186} INFO - Started process (PID=7066) to work on /home/airflow/.local/lib/python3.12/site-packages/airflow/example_dags/plugins/listener_plugin.py
[2026-06-13T17:48:32.117+0000] {processor.py:914} INFO - Processing file /home/airflow/.local/lib/python3.12/site-packages/airflow/example_dags/plugins/listener_plugin.py for tasks to queue
[2026-06-13T17:48:32.119+0000] {logging_mixin.py:190} INFO - [2026-06-13T17:48:32.119+0000] {dagbag.py:588} INFO - Filling up the DagBag from /home/airflow/.local/lib/python3.12/site-packages/airflow/example_dags/plugins/listener_plugin.py
[2026-06-13T17:48:32.121+0000] {processor.py:927} WARNING - No viable dags retrieved from /home/airflow/.local/lib/python3.12/site-packages/airflow/example_dags/plugins/listener_plugin.py
[2026-06-13T17:48:32.134+0000] {processor.py:208} INFO - Processing /home/airflow/.local/lib/python3.12/site-packages/airflow/example_dags/plugins/listener_plugin.py took 0.024 seconds
[2026-06-13T17:49:02.417+0000] {processor.py:186} INFO - Started process (PID=7128) to work on /home/airflow/.local/lib/python3.12/site-packages/airflow/example_dags/plugins/listener_plugin.py
[2026-06-13T17:49:02.419+0000] {processor.py:914} INFO - Processing file /home/airflow/.local/lib/python3.12/site-packages/airflow/example_dags/plugins/listener_plugin.py for tasks to queue
[2026-06-13T17:49:02.421+0000] {logging_mixin.py:190} INFO - [2026-06-13T17:49:02.421+0000] {dagbag.py:588} INFO - Filling up the DagBag from /home/airflow/.local/lib/python3.12/site-packages/airflow/example_dags/plugins/listener_plugin.py
[2026-06-13T17:49:02.424+0000] {processor.py:927} WARNING - No viable dags retrieved from /home/airflow/.local/lib/python3.12/site-packages/airflow/example_dags/plugins/listener_plugin.py
[2026-06-13T17:49:02.436+0000] {processor.py:208} INFO - Processing /home/airflow/.local/lib/python3.12/site-packages/airflow/example_dags/plugins/listener_plugin.py took 0.025 seconds
[2026-06-13T17:49:33.363+0000] {processor.py:186} INFO - Started process (PID=7191) to work on /home/airflow/.local/lib/python3.12/site-packages/airflow/example_dags/plugins/listener_plugin.py
[2026-06-13T17:49:33.365+0000] {processor.py:914} INFO - Processing file /home/airflow/.local/lib/python3.12/site-packages/airflow/example_dags/plugins/listener_plugin.py for tasks to queue
[2026-06-13T17:49:33.370+0000] {logging_mixin.py:190} INFO - [2026-06-13T17:49:33.369+0000] {dagbag.py:588} INFO - Filling up the DagBag from /home/airflow/.local/lib/python3.12/site-packages/airflow/example_dags/plugins/listener_plugin.py
[2026-06-13T17:49:33.375+0000] {processor.py:927} WARNING - No viable dags retrieved from /home/airflow/.local/lib/python3.12/site-packages/airflow/example_dags/plugins/listener_plugin.py
[2026-06-13T17:49:33.405+0000] {processor.py:208} INFO - Processing /home/airflow/.local/lib/python3.12/site-packages/airflow/example_dags/plugins/listener_plugin.py took 0.054 seconds
[2026-06-13T17:50:04.068+0000] {processor.py:186} INFO - Started process (PID=7253) to work on /home/airflow/.local/lib/python3.12/site-packages/airflow/example_dags/plugins/listener_plugin.py
[2026-06-13T17:50:04.071+0000] {processor.py:914} INFO - Processing file /home/airflow/.local/lib/python3.12/site-packages/airflow/example_dags/plugins/listener_plugin.py for tasks to queue
[2026-06-13T17:50:04.078+0000] {logging_mixin.py:190} INFO - [2026-06-13T17:50:04.077+0000] {dagbag.py:588} INFO - Filling up the DagBag from /home/airflow/.local/lib/python3.12/site-packages/airflow/example_dags/plugins/listener_plugin.py
[2026-06-13T17:50:04.084+0000] {processor.py:927} WARNING - No viable dags retrieved from /home/airflow/.local/lib/python3.12/site-packages/airflow/example_dags/plugins/listener_plugin.py
[2026-06-13T17:50:04.125+0000] {processor.py:208} INFO - Processing /home/airflow/.local/lib/python3.12/site-packages/airflow/example_dags/plugins/listener_plugin.py took 0.073 seconds
[2026-06-13T17:50:35.357+0000] {processor.py:186} INFO - Started process (PID=7316) to work on /home/airflow/.local/lib/python3.12/site-packages/airflow/example_dags/plugins/listener_plugin.py
[2026-06-13T17:50:35.361+0000] {processor.py:914} INFO - Processing file /home/airflow/.local/lib/python3.12/site-packages/airflow/example_dags/plugins/listener_plugin.py for tasks to queue
[2026-06-13T17:50:35.369+0000] {logging_mixin.py:190} INFO - [2026-06-13T17:50:35.367+0000] {dagbag.py:588} INFO - Filling up the DagBag from /home/airflow/.local/lib/python3.12/site-packages/airflow/example_dags/plugins/listener_plugin.py
[2026-06-13T17:50:35.378+0000] {processor.py:927} WARNING - No viable dags retrieved from /home/airflow/.local/lib/python3.12/site-packages/airflow/example_dags/plugins/listener_plugin.py
[2026-06-13T17:50:35.426+0000] {processor.py:208} INFO - Processing /home/airflow/.local/lib/python3.12/site-packages/airflow/example_dags/plugins/listener_plugin.py took 0.088 seconds
[2026-06-13T17:51:07.170+0000] {processor.py:186} INFO - Started process (PID=7378) to work on /home/airflow/.local/lib/python3.12/site-packages/airflow/example_dags/plugins/listener_plugin.py
[2026-06-13T17:51:07.174+0000] {processor.py:914} INFO - Processing file /home/airflow/.local/lib/python3.12/site-packages/airflow/example_dags/plugins/listener_plugin.py for tasks to queue
[2026-06-13T17:51:07.187+0000] {logging_mixin.py:190} INFO - [2026-06-13T17:51:07.184+0000] {dagbag.py:588} INFO - Filling up the DagBag from /home/airflow/.local/lib/python3.12/site-packages/airflow/example_dags/plugins/listener_plugin.py
[2026-06-13T17:51:07.200+0000] {processor.py:927} WARNING - No viable dags retrieved from /home/airflow/.local/lib/python3.12/site-packages/airflow/example_dags/plugins/listener_plugin.py
[2026-06-13T17:51:07.279+0000] {processor.py:208} INFO - Processing /home/airflow/.local/lib/python3.12/site-packages/airflow/example_dags/plugins/listener_plugin.py took 0.145 seconds
[2026-06-13T17:51:37.900+0000] {processor.py:186} INFO - Started process (PID=7440) to work on /home/airflow/.local/lib/python3.12/site-packages/airflow/example_dags/plugins/listener_plugin.py
[2026-06-13T17:51:37.904+0000] {processor.py:914} INFO - Processing file /home/airflow/.local/lib/python3.12/site-packages/airflow/example_dags/plugins/listener_plugin.py for tasks to queue
[2026-06-13T17:51:37.911+0000] {logging_mixin.py:190} INFO - [2026-06-13T17:51:37.910+0000] {dagbag.py:588} INFO - Filling up the DagBag from /home/airflow/.local/lib/python3.12/site-packages/airflow/example_dags/plugins/listener_plugin.py
[2026-06-13T17:51:37.917+0000] {processor.py:927} WARNING - No viable dags retrieved from /home/airflow/.local/lib/python3.12/site-packages/airflow/example_dags/plugins/listener_plugin.py
[2026-06-13T17:51:37.955+0000] {processor.py:208} INFO - Processing /home/airflow/.local/lib/python3.12/site-packages/airflow/example_dags/plugins/listener_plugin.py took 0.071 seconds
[2026-06-13T17:52:08.920+0000] {processor.py:186} INFO - Started process (PID=7502) to work on /home/airflow/.local/lib/python3.12/site-packages/airflow/example_dags/plugins/listener_plugin.py
[2026-06-13T17:52:08.922+0000] {processor.py:914} INFO - Processing file /home/airflow/.local/lib/python3.12/site-packages/airflow/example_dags/plugins/listener_plugin.py for tasks to queue
[2026-06-13T17:52:08.933+0000] {logging_mixin.py:190} INFO - [2026-06-13T17:52:08.931+0000] {dagbag.py:588} INFO - Filling up the DagBag from /home/airflow/.local/lib/python3.12/site-packages/airflow/example_dags/plugins/listener_plugin.py
[2026-06-13T17:52:08.937+0000] {processor.py:927} WARNING - No viable dags retrieved from /home/airflow/.local/lib/python3.12/site-packages/airflow/example_dags/plugins/listener_plugin.py
[2026-06-13T17:52:08.959+0000] {processor.py:208} INFO - Processing /home/airflow/.local/lib/python3.12/site-packages/airflow/example_dags/plugins/listener_plugin.py took 0.047 seconds
[2026-06-13T17:52:39.619+0000] {processor.py:186} INFO - Started process (PID=7564) to work on /home/airflow/.local/lib/python3.12/site-packages/airflow/example_dags/plugins/listener_plugin.py
[2026-06-13T17:52:39.621+0000] {processor.py:914} INFO - Processing file /home/airflow/.local/lib/python3.12/site-packages/airflow/example_dags/plugins/listener_plugin.py for tasks to queue
[2026-06-13T17:52:39.625+0000] {logging_mixin.py:190} INFO - [2026-06-13T17:52:39.625+0000] {dagbag.py:588} INFO - Filling up the DagBag from /home/airflow/.local/lib/python3.12/site-packages/airflow/example_dags/plugins/listener_plugin.py
[2026-06-13T17:52:39.630+0000] {processor.py:927} WARNING - No viable dags retrieved from /home/airflow/.local/lib/python3.12/site-packages/airflow/example_dags/plugins/listener_plugin.py
[2026-06-13T17:52:39.655+0000] {processor.py:208} INFO - Processing /home/airflow/.local/lib/python3.12/site-packages/airflow/example_dags/plugins/listener_plugin.py took 0.047 seconds
[2026-06-13T17:53:10.234+0000] {processor.py:186} INFO - Started process (PID=7626) to work on /home/airflow/.local/lib/python3.12/site-packages/airflow/example_dags/plugins/listener_plugin.py
[2026-06-13T17:53:10.235+0000] {processor.py:914} INFO - Processing file /home/airflow/.local/lib/python3.12/site-packages/airflow/example_dags/plugins/listener_plugin.py for tasks to queue
[2026-06-13T17:53:10.239+0000] {logging_mixin.py:190} INFO - [2026-06-13T17:53:10.239+0000] {dagbag.py:588} INFO - Filling up the DagBag from /home/airflow/.local/lib/python3.12/site-packages/airflow/example_dags/plugins/listener_plugin.py
[2026-06-13T17:53:10.244+0000] {processor.py:927} WARNING - No viable dags retrieved from /home/airflow/.local/lib/python3.12/site-packages/airflow/example_dags/plugins/listener_plugin.py
[2026-06-13T17:53:10.267+0000] {processor.py:208} INFO - Processing /home/airflow/.local/lib/python3.12/site-packages/airflow/example_dags/plugins/listener_plugin.py took 0.043 seconds
[2026-06-13T17:53:40.803+0000] {processor.py:186} INFO - Started process (PID=7688) to work on /home/airflow/.local/lib/python3.12/site-packages/airflow/example_dags/plugins/listener_plugin.py
[2026-06-13T17:53:40.805+0000] {processor.py:914} INFO - Processing file /home/airflow/.local/lib/python3.12/site-packages/airflow/example_dags/plugins/listener_plugin.py for tasks to queue
[2026-06-13T17:53:40.809+0000] {logging_mixin.py:190} INFO - [2026-06-13T17:53:40.808+0000] {dagbag.py:588} INFO - Filling up the DagBag from /home/airflow/.local/lib/python3.12/site-packages/airflow/example_dags/plugins/listener_plugin.py
[2026-06-13T17:53:40.812+0000] {processor.py:927} WARNING - No viable dags retrieved from /home/airflow/.local/lib/python3.12/site-packages/airflow/example_dags/plugins/listener_plugin.py
[2026-06-13T17:53:40.833+0000] {processor.py:208} INFO - Processing /home/airflow/.local/lib/python3.12/site-packages/airflow/example_dags/plugins/listener_plugin.py took 0.040 seconds
[2026-06-13T17:54:11.588+0000] {processor.py:186} INFO - Started process (PID=7756) to work on /home/airflow/.local/lib/python3.12/site-packages/airflow/example_dags/plugins/listener_plugin.py
[2026-06-13T17:54:11.589+0000] {processor.py:914} INFO - Processing file /home/airflow/.local/lib/python3.12/site-packages/airflow/example_dags/plugins/listener_plugin.py for tasks to queue
[2026-06-13T17:54:11.593+0000] {logging_mixin.py:190} INFO - [2026-06-13T17:54:11.592+0000] {dagbag.py:588} INFO - Filling up the DagBag from /home/airflow/.local/lib/python3.12/site-packages/airflow/example_dags/plugins/listener_plugin.py
[2026-06-13T17:54:11.595+0000] {processor.py:927} WARNING - No viable dags retrieved from /home/airflow/.local/lib/python3.12/site-packages/airflow/example_dags/plugins/listener_plugin.py
[2026-06-13T17:54:11.609+0000] {processor.py:208} INFO - Processing /home/airflow/.local/lib/python3.12/site-packages/airflow/example_dags/plugins/listener_plugin.py took 0.027 seconds
[2026-06-13T17:54:42.020+0000] {processor.py:186} INFO - Started process (PID=7818) to work on /home/airflow/.local/lib/python3.12/site-packages/airflow/example_dags/plugins/listener_plugin.py
[2026-06-13T17:54:42.021+0000] {processor.py:914} INFO - Processing file /home/airflow/.local/lib/python3.12/site-packages/airflow/example_dags/plugins/listener_plugin.py for tasks to queue
[2026-06-13T17:54:42.023+0000] {logging_mixin.py:190} INFO - [2026-06-13T17:54:42.023+0000] {dagbag.py:588} INFO - Filling up the DagBag from /home/airflow/.local/lib/python3.12/site-packages/airflow/example_dags/plugins/listener_plugin.py
[2026-06-13T17:54:42.026+0000] {processor.py:927} WARNING - No viable dags retrieved from /home/airflow/.local/lib/python3.12/site-packages/airflow/example_dags/plugins/listener_plugin.py
[2026-06-13T17:54:42.042+0000] {processor.py:208} INFO - Processing /home/airflow/.local/lib/python3.12/site-packages/airflow/example_dags/plugins/listener_plugin.py took 0.029 seconds
[2026-06-13T17:55:12.291+0000] {processor.py:186} INFO - Started process (PID=7879) to work on /home/airflow/.local/lib/python3.12/site-packages/airflow/example_dags/plugins/listener_plugin.py
[2026-06-13T17:55:12.293+0000] {processor.py:914} INFO - Processing file /home/airflow/.local/lib/python3.12/site-packages/airflow/example_dags/plugins/listener_plugin.py for tasks to queue
[2026-06-13T17:55:12.295+0000] {logging_mixin.py:190} INFO - [2026-06-13T17:55:12.295+0000] {dagbag.py:588} INFO - Filling up the DagBag from /home/airflow/.local/lib/python3.12/site-packages/airflow/example_dags/plugins/listener_plugin.py
[2026-06-13T17:55:12.299+0000] {processor.py:927} WARNING - No viable dags retrieved from /home/airflow/.local/lib/python3.12/site-packages/airflow/example_dags/plugins/listener_plugin.py
[2026-06-13T17:55:12.317+0000] {processor.py:208} INFO - Processing /home/airflow/.local/lib/python3.12/site-packages/airflow/example_dags/plugins/listener_plugin.py took 0.031 seconds
[2026-06-13T17:55:43.297+0000] {processor.py:186} INFO - Started process (PID=7943) to work on /home/airflow/.local/lib/python3.12/site-packages/airflow/example_dags/plugins/listener_plugin.py
[2026-06-13T17:55:43.299+0000] {processor.py:914} INFO - Processing file /home/airflow/.local/lib/python3.12/site-packages/airflow/example_dags/plugins/listener_plugin.py for tasks to queue
[2026-06-13T17:55:43.302+0000] {logging_mixin.py:190} INFO - [2026-06-13T17:55:43.301+0000] {dagbag.py:588} INFO - Filling up the DagBag from /home/airflow/.local/lib/python3.12/site-packages/airflow/example_dags/plugins/listener_plugin.py
[2026-06-13T17:55:43.304+0000] {processor.py:927} WARNING - No viable dags retrieved from /home/airflow/.local/lib/python3.12/site-packages/airflow/example_dags/plugins/listener_plugin.py
[2026-06-13T17:55:43.319+0000] {processor.py:208} INFO - Processing /home/airflow/.local/lib/python3.12/site-packages/airflow/example_dags/plugins/listener_plugin.py took 0.028 seconds
[2026-06-13T17:56:14.334+0000] {processor.py:186} INFO - Started process (PID=8005) to work on /home/airflow/.local/lib/python3.12/site-packages/airflow/example_dags/plugins/listener_plugin.py
[2026-06-13T17:56:14.335+0000] {processor.py:914} INFO - Processing file /home/airflow/.local/lib/python3.12/site-packages/airflow/example_dags/plugins/listener_plugin.py for tasks to queue
[2026-06-13T17:56:14.338+0000] {logging_mixin.py:190} INFO - [2026-06-13T17:56:14.337+0000] {dagbag.py:588} INFO - Filling up the DagBag from /home/airflow/.local/lib/python3.12/site-packages/airflow/example_dags/plugins/listener_plugin.py
[2026-06-13T17:56:14.340+0000] {processor.py:927} WARNING - No viable dags retrieved from /home/airflow/.local/lib/python3.12/site-packages/airflow/example_dags/plugins/listener_plugin.py
[2026-06-13T17:56:14.353+0000] {processor.py:208} INFO - Processing /home/airflow/.local/lib/python3.12/site-packages/airflow/example_dags/plugins/listener_plugin.py took 0.025 seconds
[2026-06-13T17:56:44.952+0000] {processor.py:186} INFO - Started process (PID=8067) to work on /home/airflow/.local/lib/python3.12/site-packages/airflow/example_dags/plugins/listener_plugin.py
[2026-06-13T17:56:44.953+0000] {processor.py:914} INFO - Processing file /home/airflow/.local/lib/python3.12/site-packages/airflow/example_dags/plugins/listener_plugin.py for tasks to queue
[2026-06-13T17:56:44.956+0000] {logging_mixin.py:190} INFO - [2026-06-13T17:56:44.955+0000] {dagbag.py:588} INFO - Filling up the DagBag from /home/airflow/.local/lib/python3.12/site-packages/airflow/example_dags/plugins/listener_plugin.py
[2026-06-13T17:56:44.958+0000] {processor.py:927} WARNING - No viable dags retrieved from /home/airflow/.local/lib/python3.12/site-packages/airflow/example_dags/plugins/listener_plugin.py
[2026-06-13T17:56:44.970+0000] {processor.py:208} INFO - Processing /home/airflow/.local/lib/python3.12/site-packages/airflow/example_dags/plugins/listener_plugin.py took 0.023 seconds
[2026-06-13T17:57:15.842+0000] {processor.py:186} INFO - Started process (PID=8129) to work on /home/airflow/.local/lib/python3.12/site-packages/airflow/example_dags/plugins/listener_plugin.py
[2026-06-13T17:57:15.844+0000] {processor.py:914} INFO - Processing file /home/airflow/.local/lib/python3.12/site-packages/airflow/example_dags/plugins/listener_plugin.py for tasks to queue
[2026-06-13T17:57:15.850+0000] {logging_mixin.py:190} INFO - [2026-06-13T17:57:15.849+0000] {dagbag.py:588} INFO - Filling up the DagBag from /home/airflow/.local/lib/python3.12/site-packages/airflow/example_dags/plugins/listener_plugin.py
[2026-06-13T17:57:15.854+0000] {processor.py:927} WARNING - No viable dags retrieved from /home/airflow/.local/lib/python3.12/site-packages/airflow/example_dags/plugins/listener_plugin.py
[2026-06-13T17:57:15.883+0000] {processor.py:208} INFO - Processing /home/airflow/.local/lib/python3.12/site-packages/airflow/example_dags/plugins/listener_plugin.py took 0.051 seconds
[2026-06-13T17:57:46.357+0000] {processor.py:186} INFO - Started process (PID=8191) to work on /home/airflow/.local/lib/python3.12/site-packages/airflow/example_dags/plugins/listener_plugin.py
[2026-06-13T17:57:46.358+0000] {processor.py:914} INFO - Processing file /home/airflow/.local/lib/python3.12/site-packages/airflow/example_dags/plugins/listener_plugin.py for tasks to queue
[2026-06-13T17:57:46.361+0000] {logging_mixin.py:190} INFO - [2026-06-13T17:57:46.360+0000] {dagbag.py:588} INFO - Filling up the DagBag from /home/airflow/.local/lib/python3.12/site-packages/airflow/example_dags/plugins/listener_plugin.py
[2026-06-13T17:57:46.366+0000] {processor.py:927} WARNING - No viable dags retrieved from /home/airflow/.local/lib/python3.12/site-packages/airflow/example_dags/plugins/listener_plugin.py
[2026-06-13T17:57:46.387+0000] {processor.py:208} INFO - Processing /home/airflow/.local/lib/python3.12/site-packages/airflow/example_dags/plugins/listener_plugin.py took 0.038 seconds
[2026-06-13T17:58:17.378+0000] {processor.py:186} INFO - Started process (PID=8253) to work on /home/airflow/.local/lib/python3.12/site-packages/airflow/example_dags/plugins/listener_plugin.py
[2026-06-13T17:58:17.380+0000] {processor.py:914} INFO - Processing file /home/airflow/.local/lib/python3.12/site-packages/airflow/example_dags/plugins/listener_plugin.py for tasks to queue
[2026-06-13T17:58:17.383+0000] {logging_mixin.py:190} INFO - [2026-06-13T17:58:17.382+0000] {dagbag.py:588} INFO - Filling up the DagBag from /home/airflow/.local/lib/python3.12/site-packages/airflow/example_dags/plugins/listener_plugin.py
[2026-06-13T17:58:17.385+0000] {processor.py:927} WARNING - No viable dags retrieved from /home/airflow/.local/lib/python3.12/site-packages/airflow/example_dags/plugins/listener_plugin.py
[2026-06-13T17:58:17.402+0000] {processor.py:208} INFO - Processing /home/airflow/.local/lib/python3.12/site-packages/airflow/example_dags/plugins/listener_plugin.py took 0.030 seconds
[2026-06-13T17:58:47.876+0000] {processor.py:186} INFO - Started process (PID=8315) to work on /home/airflow/.local/lib/python3.12/site-packages/airflow/example_dags/plugins/listener_plugin.py
[2026-06-13T17:58:47.878+0000] {processor.py:914} INFO - Processing file /home/airflow/.local/lib/python3.12/site-packages/airflow/example_dags/plugins/listener_plugin.py for tasks to queue
[2026-06-13T17:58:47.882+0000] {logging_mixin.py:190} INFO - [2026-06-13T17:58:47.881+0000] {dagbag.py:588} INFO - Filling up the DagBag from /home/airflow/.local/lib/python3.12/site-packages/airflow/example_dags/plugins/listener_plugin.py
[2026-06-13T17:58:47.884+0000] {processor.py:927} WARNING - No viable dags retrieved from /home/airflow/.local/lib/python3.12/site-packages/airflow/example_dags/plugins/listener_plugin.py
[2026-06-13T17:58:47.899+0000] {processor.py:208} INFO - Processing /home/airflow/.local/lib/python3.12/site-packages/airflow/example_dags/plugins/listener_plugin.py took 0.030 seconds
[2026-06-13T17:59:18.521+0000] {processor.py:186} INFO - Started process (PID=8377) to work on /home/airflow/.local/lib/python3.12/site-packages/airflow/example_dags/plugins/listener_plugin.py
[2026-06-13T17:59:18.523+0000] {processor.py:914} INFO - Processing file /home/airflow/.local/lib/python3.12/site-packages/airflow/example_dags/plugins/listener_plugin.py for tasks to queue
[2026-06-13T17:59:18.526+0000] {logging_mixin.py:190} INFO - [2026-06-13T17:59:18.525+0000] {dagbag.py:588} INFO - Filling up the DagBag from /home/airflow/.local/lib/python3.12/site-packages/airflow/example_dags/plugins/listener_plugin.py
[2026-06-13T17:59:18.530+0000] {processor.py:927} WARNING - No viable dags retrieved from /home/airflow/.local/lib/python3.12/site-packages/airflow/example_dags/plugins/listener_plugin.py
[2026-06-13T17:59:18.544+0000] {processor.py:208} INFO - Processing /home/airflow/.local/lib/python3.12/site-packages/airflow/example_dags/plugins/listener_plugin.py took 0.028 seconds
[2026-06-13T17:59:48.990+0000] {processor.py:186} INFO - Started process (PID=8439) to work on /home/airflow/.local/lib/python3.12/site-packages/airflow/example_dags/plugins/listener_plugin.py
[2026-06-13T17:59:48.991+0000] {processor.py:914} INFO - Processing file /home/airflow/.local/lib/python3.12/site-packages/airflow/example_dags/plugins/listener_plugin.py for tasks to queue
[2026-06-13T17:59:48.995+0000] {logging_mixin.py:190} INFO - [2026-06-13T17:59:48.994+0000] {dagbag.py:588} INFO - Filling up the DagBag from /home/airflow/.local/lib/python3.12/site-packages/airflow/example_dags/plugins/listener_plugin.py
[2026-06-13T17:59:48.997+0000] {processor.py:927} WARNING - No viable dags retrieved from /home/airflow/.local/lib/python3.12/site-packages/airflow/example_dags/plugins/listener_plugin.py
[2026-06-13T17:59:49.013+0000] {processor.py:208} INFO - Processing /home/airflow/.local/lib/python3.12/site-packages/airflow/example_dags/plugins/listener_plugin.py took 0.028 seconds
[2026-06-13T18:00:19.496+0000] {processor.py:186} INFO - Started process (PID=8502) to work on /home/airflow/.local/lib/python3.12/site-packages/airflow/example_dags/plugins/listener_plugin.py
[2026-06-13T18:00:19.497+0000] {processor.py:914} INFO - Processing file /home/airflow/.local/lib/python3.12/site-packages/airflow/example_dags/plugins/listener_plugin.py for tasks to queue
[2026-06-13T18:00:19.500+0000] {logging_mixin.py:190} INFO - [2026-06-13T18:00:19.499+0000] {dagbag.py:588} INFO - Filling up the DagBag from /home/airflow/.local/lib/python3.12/site-packages/airflow/example_dags/plugins/listener_plugin.py
[2026-06-13T18:00:19.502+0000] {processor.py:927} WARNING - No viable dags retrieved from /home/airflow/.local/lib/python3.12/site-packages/airflow/example_dags/plugins/listener_plugin.py
[2026-06-13T18:00:19.516+0000] {processor.py:208} INFO - Processing /home/airflow/.local/lib/python3.12/site-packages/airflow/example_dags/plugins/listener_plugin.py took 0.026 seconds
[2026-06-13T18:00:49.938+0000] {processor.py:186} INFO - Started process (PID=8564) to work on /home/airflow/.local/lib/python3.12/site-packages/airflow/example_dags/plugins/listener_plugin.py
[2026-06-13T18:00:49.939+0000] {processor.py:914} INFO - Processing file /home/airflow/.local/lib/python3.12/site-packages/airflow/example_dags/plugins/listener_plugin.py for tasks to queue
[2026-06-13T18:00:49.942+0000] {logging_mixin.py:190} INFO - [2026-06-13T18:00:49.942+0000] {dagbag.py:588} INFO - Filling up the DagBag from /home/airflow/.local/lib/python3.12/site-packages/airflow/example_dags/plugins/listener_plugin.py
[2026-06-13T18:00:49.945+0000] {processor.py:927} WARNING - No viable dags retrieved from /home/airflow/.local/lib/python3.12/site-packages/airflow/example_dags/plugins/listener_plugin.py
[2026-06-13T18:00:49.960+0000] {processor.py:208} INFO - Processing /home/airflow/.local/lib/python3.12/site-packages/airflow/example_dags/plugins/listener_plugin.py took 0.028 seconds
[2026-06-13T18:01:20.672+0000] {processor.py:186} INFO - Started process (PID=8626) to work on /home/airflow/.local/lib/python3.12/site-packages/airflow/example_dags/plugins/listener_plugin.py
[2026-06-13T18:01:20.673+0000] {processor.py:914} INFO - Processing file /home/airflow/.local/lib/python3.12/site-packages/airflow/example_dags/plugins/listener_plugin.py for tasks to queue
[2026-06-13T18:01:20.676+0000] {logging_mixin.py:190} INFO - [2026-06-13T18:01:20.676+0000] {dagbag.py:588} INFO - Filling up the DagBag from /home/airflow/.local/lib/python3.12/site-packages/airflow/example_dags/plugins/listener_plugin.py
[2026-06-13T18:01:20.678+0000] {processor.py:927} WARNING - No viable dags retrieved from /home/airflow/.local/lib/python3.12/site-packages/airflow/example_dags/plugins/listener_plugin.py
[2026-06-13T18:01:20.691+0000] {processor.py:208} INFO - Processing /home/airflow/.local/lib/python3.12/site-packages/airflow/example_dags/plugins/listener_plugin.py took 0.024 seconds
[2026-06-13T18:01:51.126+0000] {processor.py:186} INFO - Started process (PID=8688) to work on /home/airflow/.local/lib/python3.12/site-packages/airflow/example_dags/plugins/listener_plugin.py
[2026-06-13T18:01:51.127+0000] {processor.py:914} INFO - Processing file /home/airflow/.local/lib/python3.12/site-packages/airflow/example_dags/plugins/listener_plugin.py for tasks to queue
[2026-06-13T18:01:51.130+0000] {logging_mixin.py:190} INFO - [2026-06-13T18:01:51.130+0000] {dagbag.py:588} INFO - Filling up the DagBag from /home/airflow/.local/lib/python3.12/site-packages/airflow/example_dags/plugins/listener_plugin.py
[2026-06-13T18:01:51.132+0000] {processor.py:927} WARNING - No viable dags retrieved from /home/airflow/.local/lib/python3.12/site-packages/airflow/example_dags/plugins/listener_plugin.py
[2026-06-13T18:01:51.148+0000] {processor.py:208} INFO - Processing /home/airflow/.local/lib/python3.12/site-packages/airflow/example_dags/plugins/listener_plugin.py took 0.028 seconds
[2026-06-13T18:02:22.410+0000] {processor.py:186} INFO - Started process (PID=8750) to work on /home/airflow/.local/lib/python3.12/site-packages/airflow/example_dags/plugins/listener_plugin.py
[2026-06-13T18:02:22.411+0000] {processor.py:914} INFO - Processing file /home/airflow/.local/lib/python3.12/site-packages/airflow/example_dags/plugins/listener_plugin.py for tasks to queue
[2026-06-13T18:02:22.417+0000] {logging_mixin.py:190} INFO - [2026-06-13T18:02:22.416+0000] {dagbag.py:588} INFO - Filling up the DagBag from /home/airflow/.local/lib/python3.12/site-packages/airflow/example_dags/plugins/listener_plugin.py
[2026-06-13T18:02:22.421+0000] {processor.py:927} WARNING - No viable dags retrieved from /home/airflow/.local/lib/python3.12/site-packages/airflow/example_dags/plugins/listener_plugin.py
[2026-06-13T18:02:22.446+0000] {processor.py:208} INFO - Processing /home/airflow/.local/lib/python3.12/site-packages/airflow/example_dags/plugins/listener_plugin.py took 0.046 seconds
[2026-06-13T18:02:53.615+0000] {processor.py:186} INFO - Started process (PID=8811) to work on /home/airflow/.local/lib/python3.12/site-packages/airflow/example_dags/plugins/listener_plugin.py
[2026-06-13T18:02:53.616+0000] {processor.py:914} INFO - Processing file /home/airflow/.local/lib/python3.12/site-packages/airflow/example_dags/plugins/listener_plugin.py for tasks to queue
[2026-06-13T18:02:53.621+0000] {logging_mixin.py:190} INFO - [2026-06-13T18:02:53.620+0000] {dagbag.py:588} INFO - Filling up the DagBag from /home/airflow/.local/lib/python3.12/site-packages/airflow/example_dags/plugins/listener_plugin.py
[2026-06-13T18:02:53.624+0000] {processor.py:927} WARNING - No viable dags retrieved from /home/airflow/.local/lib/python3.12/site-packages/airflow/example_dags/plugins/listener_plugin.py
[2026-06-13T18:02:53.647+0000] {processor.py:208} INFO - Processing /home/airflow/.local/lib/python3.12/site-packages/airflow/example_dags/plugins/listener_plugin.py took 0.042 seconds
[2026-06-13T18:03:24.349+0000] {processor.py:186} INFO - Started process (PID=8873) to work on /home/airflow/.local/lib/python3.12/site-packages/airflow/example_dags/plugins/listener_plugin.py
[2026-06-13T18:03:24.350+0000] {processor.py:914} INFO - Processing file /home/airflow/.local/lib/python3.12/site-packages/airflow/example_dags/plugins/listener_plugin.py for tasks to queue
[2026-06-13T18:03:24.353+0000] {logging_mixin.py:190} INFO - [2026-06-13T18:03:24.352+0000] {dagbag.py:588} INFO - Filling up the DagBag from /home/airflow/.local/lib/python3.12/site-packages/airflow/example_dags/plugins/listener_plugin.py
[2026-06-13T18:03:24.355+0000] {processor.py:927} WARNING - No viable dags retrieved from /home/airflow/.local/lib/python3.12/site-packages/airflow/example_dags/plugins/listener_plugin.py
[2026-06-13T18:03:24.367+0000] {processor.py:208} INFO - Processing /home/airflow/.local/lib/python3.12/site-packages/airflow/example_dags/plugins/listener_plugin.py took 0.024 seconds
[2026-06-13T18:03:54.715+0000] {processor.py:186} INFO - Started process (PID=8935) to work on /home/airflow/.local/lib/python3.12/site-packages/airflow/example_dags/plugins/listener_plugin.py
[2026-06-13T18:03:54.717+0000] {processor.py:914} INFO - Processing file /home/airflow/.local/lib/python3.12/site-packages/airflow/example_dags/plugins/listener_plugin.py for tasks to queue
[2026-06-13T18:03:54.722+0000] {logging_mixin.py:190} INFO - [2026-06-13T18:03:54.722+0000] {dagbag.py:588} INFO - Filling up the DagBag from /home/airflow/.local/lib/python3.12/site-packages/airflow/example_dags/plugins/listener_plugin.py
[2026-06-13T18:03:54.727+0000] {processor.py:927} WARNING - No viable dags retrieved from /home/airflow/.local/lib/python3.12/site-packages/airflow/example_dags/plugins/listener_plugin.py
[2026-06-13T18:03:54.750+0000] {processor.py:208} INFO - Processing /home/airflow/.local/lib/python3.12/site-packages/airflow/example_dags/plugins/listener_plugin.py took 0.044 seconds
[2026-06-13T18:04:24.824+0000] {processor.py:186} INFO - Started process (PID=8996) to work on /home/airflow/.local/lib/python3.12/site-packages/airflow/example_dags/plugins/listener_plugin.py
[2026-06-13T18:04:24.827+0000] {processor.py:914} INFO - Processing file /home/airflow/.local/lib/python3.12/site-packages/airflow/example_dags/plugins/listener_plugin.py for tasks to queue
[2026-06-13T18:04:24.831+0000] {logging_mixin.py:190} INFO - [2026-06-13T18:04:24.831+0000] {dagbag.py:588} INFO - Filling up the DagBag from /home/airflow/.local/lib/python3.12/site-packages/airflow/example_dags/plugins/listener_plugin.py
[2026-06-13T18:04:24.834+0000] {processor.py:927} WARNING - No viable dags retrieved from /home/airflow/.local/lib/python3.12/site-packages/airflow/example_dags/plugins/listener_plugin.py
[2026-06-13T18:04:24.855+0000] {processor.py:208} INFO - Processing /home/airflow/.local/lib/python3.12/site-packages/airflow/example_dags/plugins/listener_plugin.py took 0.039 seconds
[2026-06-13T18:04:55.435+0000] {processor.py:186} INFO - Started process (PID=9059) to work on /home/airflow/.local/lib/python3.12/site-packages/airflow/example_dags/plugins/listener_plugin.py
[2026-06-13T18:04:55.437+0000] {processor.py:914} INFO - Processing file /home/airflow/.local/lib/python3.12/site-packages/airflow/example_dags/plugins/listener_plugin.py for tasks to queue
[2026-06-13T18:04:55.439+0000] {logging_mixin.py:190} INFO - [2026-06-13T18:04:55.439+0000] {dagbag.py:588} INFO - Filling up the DagBag from /home/airflow/.local/lib/python3.12/site-packages/airflow/example_dags/plugins/listener_plugin.py
[2026-06-13T18:04:55.441+0000] {processor.py:927} WARNING - No viable dags retrieved from /home/airflow/.local/lib/python3.12/site-packages/airflow/example_dags/plugins/listener_plugin.py
[2026-06-13T18:04:55.452+0000] {processor.py:208} INFO - Processing /home/airflow/.local/lib/python3.12/site-packages/airflow/example_dags/plugins/listener_plugin.py took 0.022 seconds
[2026-06-13T18:05:25.506+0000] {processor.py:186} INFO - Started process (PID=9120) to work on /home/airflow/.local/lib/python3.12/site-packages/airflow/example_dags/plugins/listener_plugin.py
[2026-06-13T18:05:25.508+0000] {processor.py:914} INFO - Processing file /home/airflow/.local/lib/python3.12/site-packages/airflow/example_dags/plugins/listener_plugin.py for tasks to queue
[2026-06-13T18:05:25.510+0000] {logging_mixin.py:190} INFO - [2026-06-13T18:05:25.509+0000] {dagbag.py:588} INFO - Filling up the DagBag from /home/airflow/.local/lib/python3.12/site-packages/airflow/example_dags/plugins/listener_plugin.py
[2026-06-13T18:05:25.512+0000] {processor.py:927} WARNING - No viable dags retrieved from /home/airflow/.local/lib/python3.12/site-packages/airflow/example_dags/plugins/listener_plugin.py
[2026-06-13T18:05:25.527+0000] {processor.py:208} INFO - Processing /home/airflow/.local/lib/python3.12/site-packages/airflow/example_dags/plugins/listener_plugin.py took 0.025 seconds
[2026-06-13T18:05:56.055+0000] {processor.py:186} INFO - Started process (PID=9184) to work on /home/airflow/.local/lib/python3.12/site-packages/airflow/example_dags/plugins/listener_plugin.py
[2026-06-13T18:05:56.056+0000] {processor.py:914} INFO - Processing file /home/airflow/.local/lib/python3.12/site-packages/airflow/example_dags/plugins/listener_plugin.py for tasks to queue
[2026-06-13T18:05:56.059+0000] {logging_mixin.py:190} INFO - [2026-06-13T18:05:56.058+0000] {dagbag.py:588} INFO - Filling up the DagBag from /home/airflow/.local/lib/python3.12/site-packages/airflow/example_dags/plugins/listener_plugin.py
[2026-06-13T18:05:56.061+0000] {processor.py:927} WARNING - No viable dags retrieved from /home/airflow/.local/lib/python3.12/site-packages/airflow/example_dags/plugins/listener_plugin.py
[2026-06-13T18:05:56.072+0000] {processor.py:208} INFO - Processing /home/airflow/.local/lib/python3.12/site-packages/airflow/example_dags/plugins/listener_plugin.py took 0.022 seconds
[2026-06-13T18:06:26.333+0000] {processor.py:186} INFO - Started process (PID=9246) to work on /home/airflow/.local/lib/python3.12/site-packages/airflow/example_dags/plugins/listener_plugin.py
[2026-06-13T18:06:26.335+0000] {processor.py:914} INFO - Processing file /home/airflow/.local/lib/python3.12/site-packages/airflow/example_dags/plugins/listener_plugin.py for tasks to queue
[2026-06-13T18:06:26.337+0000] {logging_mixin.py:190} INFO - [2026-06-13T18:06:26.337+0000] {dagbag.py:588} INFO - Filling up the DagBag from /home/airflow/.local/lib/python3.12/site-packages/airflow/example_dags/plugins/listener_plugin.py
[2026-06-13T18:06:26.339+0000] {processor.py:927} WARNING - No viable dags retrieved from /home/airflow/.local/lib/python3.12/site-packages/airflow/example_dags/plugins/listener_plugin.py
[2026-06-13T18:06:26.351+0000] {processor.py:208} INFO - Processing /home/airflow/.local/lib/python3.12/site-packages/airflow/example_dags/plugins/listener_plugin.py took 0.023 seconds
[2026-06-13T18:06:56.544+0000] {processor.py:186} INFO - Started process (PID=9308) to work on /home/airflow/.local/lib/python3.12/site-packages/airflow/example_dags/plugins/listener_plugin.py
[2026-06-13T18:06:56.545+0000] {processor.py:914} INFO - Processing file /home/airflow/.local/lib/python3.12/site-packages/airflow/example_dags/plugins/listener_plugin.py for tasks to queue
[2026-06-13T18:06:56.548+0000] {logging_mixin.py:190} INFO - [2026-06-13T18:06:56.548+0000] {dagbag.py:588} INFO - Filling up the DagBag from /home/airflow/.local/lib/python3.12/site-packages/airflow/example_dags/plugins/listener_plugin.py
[2026-06-13T18:06:56.550+0000] {processor.py:927} WARNING - No viable dags retrieved from /home/airflow/.local/lib/python3.12/site-packages/airflow/example_dags/plugins/listener_plugin.py
[2026-06-13T18:06:56.562+0000] {processor.py:208} INFO - Processing /home/airflow/.local/lib/python3.12/site-packages/airflow/example_dags/plugins/listener_plugin.py took 0.023 seconds
[2026-06-13T18:07:27.110+0000] {processor.py:186} INFO - Started process (PID=9370) to work on /home/airflow/.local/lib/python3.12/site-packages/airflow/example_dags/plugins/listener_plugin.py
[2026-06-13T18:07:27.111+0000] {processor.py:914} INFO - Processing file /home/airflow/.local/lib/python3.12/site-packages/airflow/example_dags/plugins/listener_plugin.py for tasks to queue
[2026-06-13T18:07:27.115+0000] {logging_mixin.py:190} INFO - [2026-06-13T18:07:27.114+0000] {dagbag.py:588} INFO - Filling up the DagBag from /home/airflow/.local/lib/python3.12/site-packages/airflow/example_dags/plugins/listener_plugin.py
[2026-06-13T18:07:27.117+0000] {processor.py:927} WARNING - No viable dags retrieved from /home/airflow/.local/lib/python3.12/site-packages/airflow/example_dags/plugins/listener_plugin.py
[2026-06-13T18:07:27.135+0000] {processor.py:208} INFO - Processing /home/airflow/.local/lib/python3.12/site-packages/airflow/example_dags/plugins/listener_plugin.py took 0.031 seconds
[2026-06-13T18:07:57.631+0000] {processor.py:186} INFO - Started process (PID=9432) to work on /home/airflow/.local/lib/python3.12/site-packages/airflow/example_dags/plugins/listener_plugin.py
[2026-06-13T18:07:57.632+0000] {processor.py:914} INFO - Processing file /home/airflow/.local/lib/python3.12/site-packages/airflow/example_dags/plugins/listener_plugin.py for tasks to queue
[2026-06-13T18:07:57.636+0000] {logging_mixin.py:190} INFO - [2026-06-13T18:07:57.635+0000] {dagbag.py:588} INFO - Filling up the DagBag from /home/airflow/.local/lib/python3.12/site-packages/airflow/example_dags/plugins/listener_plugin.py
[2026-06-13T18:07:57.639+0000] {processor.py:927} WARNING - No viable dags retrieved from /home/airflow/.local/lib/python3.12/site-packages/airflow/example_dags/plugins/listener_plugin.py
[2026-06-13T18:07:57.653+0000] {processor.py:208} INFO - Processing /home/airflow/.local/lib/python3.12/site-packages/airflow/example_dags/plugins/listener_plugin.py took 0.029 seconds
