[2026-06-29T15:27:36.941+0000] {processor.py:186} INFO - Started process (PID=332) to work on /opt/airflow/dags/driven_data_pipeline.py
[2026-06-29T15:27:36.952+0000] {processor.py:914} INFO - Processing file /opt/airflow/dags/driven_data_pipeline.py for tasks to queue
[2026-06-29T15:27:36.971+0000] {logging_mixin.py:190} INFO - [2026-06-29T15:27:36.968+0000] {dagbag.py:588} INFO - Filling up the DagBag from /opt/airflow/dags/driven_data_pipeline.py
[2026-06-29T15:27:38.295+0000] {processor.py:925} INFO - DAG(s) 'extract_raw_data_pipeline' retrieved from /opt/airflow/dags/driven_data_pipeline.py
[2026-06-29T15:27:38.437+0000] {logging_mixin.py:190} INFO - [2026-06-29T15:27:38.436+0000] {dag.py:3239} INFO - Sync 1 DAGs
[2026-06-29T15:27:38.552+0000] {logging_mixin.py:190} INFO - [2026-06-29T15:27:38.551+0000] {dag.py:4180} INFO - Setting next_dagrun for extract_raw_data_pipeline to 2026-06-29 07:59:00+00:00, run_after=2026-06-30 07:00:00+00:00
[2026-06-29T15:27:38.656+0000] {processor.py:208} INFO - Processing /opt/airflow/dags/driven_data_pipeline.py took 1.747 seconds
[2026-06-29T15:28:08.963+0000] {processor.py:186} INFO - Started process (PID=341) to work on /opt/airflow/dags/driven_data_pipeline.py
[2026-06-29T15:28:08.965+0000] {processor.py:914} INFO - Processing file /opt/airflow/dags/driven_data_pipeline.py for tasks to queue
[2026-06-29T15:28:08.967+0000] {logging_mixin.py:190} INFO - [2026-06-29T15:28:08.967+0000] {dagbag.py:588} INFO - Filling up the DagBag from /opt/airflow/dags/driven_data_pipeline.py
[2026-06-29T15:28:09.232+0000] {processor.py:925} INFO - DAG(s) 'extract_raw_data_pipeline' retrieved from /opt/airflow/dags/driven_data_pipeline.py
[2026-06-29T15:28:09.261+0000] {logging_mixin.py:190} INFO - [2026-06-29T15:28:09.261+0000] {dag.py:3239} INFO - Sync 1 DAGs
[2026-06-29T15:28:09.291+0000] {logging_mixin.py:190} INFO - [2026-06-29T15:28:09.291+0000] {dag.py:4180} INFO - Setting next_dagrun for extract_raw_data_pipeline to 2026-06-29 07:59:00+00:00, run_after=2026-06-30 07:00:00+00:00
[2026-06-29T15:28:09.319+0000] {processor.py:208} INFO - Processing /opt/airflow/dags/driven_data_pipeline.py took 0.362 seconds
[2026-06-29T15:28:18.291+0000] {processor.py:186} INFO - Started process (PID=349) to work on /opt/airflow/dags/driven_data_pipeline.py
[2026-06-29T15:28:18.292+0000] {processor.py:914} INFO - Processing file /opt/airflow/dags/driven_data_pipeline.py for tasks to queue
[2026-06-29T15:28:18.296+0000] {logging_mixin.py:190} INFO - [2026-06-29T15:28:18.296+0000] {dagbag.py:588} INFO - Filling up the DagBag from /opt/airflow/dags/driven_data_pipeline.py
[2026-06-29T15:28:18.548+0000] {processor.py:925} INFO - DAG(s) 'extract_raw_data_pipeline' retrieved from /opt/airflow/dags/driven_data_pipeline.py
[2026-06-29T15:28:18.594+0000] {logging_mixin.py:190} INFO - [2026-06-29T15:28:18.594+0000] {dag.py:3239} INFO - Sync 1 DAGs
[2026-06-29T15:28:18.633+0000] {logging_mixin.py:190} INFO - [2026-06-29T15:28:18.633+0000] {dag.py:4180} INFO - Setting next_dagrun for extract_raw_data_pipeline to 2026-06-29 07:58:00+00:00, run_after=2026-06-29 07:59:00+00:00
[2026-06-29T15:28:18.660+0000] {processor.py:208} INFO - Processing /opt/airflow/dags/driven_data_pipeline.py took 0.377 seconds
[2026-06-29T15:28:48.771+0000] {processor.py:186} INFO - Started process (PID=361) to work on /opt/airflow/dags/driven_data_pipeline.py
[2026-06-29T15:28:48.773+0000] {processor.py:914} INFO - Processing file /opt/airflow/dags/driven_data_pipeline.py for tasks to queue
[2026-06-29T15:28:48.777+0000] {logging_mixin.py:190} INFO - [2026-06-29T15:28:48.777+0000] {dagbag.py:588} INFO - Filling up the DagBag from /opt/airflow/dags/driven_data_pipeline.py
[2026-06-29T15:28:49.059+0000] {processor.py:925} INFO - DAG(s) 'extract_raw_data_pipeline' retrieved from /opt/airflow/dags/driven_data_pipeline.py
[2026-06-29T15:28:49.097+0000] {logging_mixin.py:190} INFO - [2026-06-29T15:28:49.097+0000] {dag.py:3239} INFO - Sync 1 DAGs
[2026-06-29T15:28:49.130+0000] {logging_mixin.py:190} INFO - [2026-06-29T15:28:49.130+0000] {dag.py:4180} INFO - Setting next_dagrun for extract_raw_data_pipeline to 2026-06-29 07:59:00+00:00, run_after=2026-06-30 07:00:00+00:00
[2026-06-29T15:28:49.159+0000] {processor.py:208} INFO - Processing /opt/airflow/dags/driven_data_pipeline.py took 0.397 seconds
[2026-06-29T15:29:19.333+0000] {processor.py:186} INFO - Started process (PID=369) to work on /opt/airflow/dags/driven_data_pipeline.py
[2026-06-29T15:29:19.334+0000] {processor.py:914} INFO - Processing file /opt/airflow/dags/driven_data_pipeline.py for tasks to queue
[2026-06-29T15:29:19.338+0000] {logging_mixin.py:190} INFO - [2026-06-29T15:29:19.337+0000] {dagbag.py:588} INFO - Filling up the DagBag from /opt/airflow/dags/driven_data_pipeline.py
[2026-06-29T15:29:19.567+0000] {processor.py:925} INFO - DAG(s) 'extract_raw_data_pipeline' retrieved from /opt/airflow/dags/driven_data_pipeline.py
[2026-06-29T15:29:19.600+0000] {logging_mixin.py:190} INFO - [2026-06-29T15:29:19.600+0000] {dag.py:3239} INFO - Sync 1 DAGs
[2026-06-29T15:29:19.627+0000] {logging_mixin.py:190} INFO - [2026-06-29T15:29:19.627+0000] {dag.py:4180} INFO - Setting next_dagrun for extract_raw_data_pipeline to 2026-06-29 07:59:00+00:00, run_after=2026-06-30 07:00:00+00:00
[2026-06-29T15:29:19.655+0000] {processor.py:208} INFO - Processing /opt/airflow/dags/driven_data_pipeline.py took 0.329 seconds
[2026-06-29T15:29:49.826+0000] {processor.py:186} INFO - Started process (PID=377) to work on /opt/airflow/dags/driven_data_pipeline.py
[2026-06-29T15:29:49.829+0000] {processor.py:914} INFO - Processing file /opt/airflow/dags/driven_data_pipeline.py for tasks to queue
[2026-06-29T15:29:49.841+0000] {logging_mixin.py:190} INFO - [2026-06-29T15:29:49.839+0000] {dagbag.py:588} INFO - Filling up the DagBag from /opt/airflow/dags/driven_data_pipeline.py
[2026-06-29T15:29:50.393+0000] {processor.py:925} INFO - DAG(s) 'extract_raw_data_pipeline' retrieved from /opt/airflow/dags/driven_data_pipeline.py
[2026-06-29T15:29:50.457+0000] {logging_mixin.py:190} INFO - [2026-06-29T15:29:50.457+0000] {dag.py:3239} INFO - Sync 1 DAGs
[2026-06-29T15:29:50.520+0000] {logging_mixin.py:190} INFO - [2026-06-29T15:29:50.520+0000] {dag.py:4180} INFO - Setting next_dagrun for extract_raw_data_pipeline to 2026-06-29 07:59:00+00:00, run_after=2026-06-30 07:00:00+00:00
[2026-06-29T15:29:50.563+0000] {processor.py:208} INFO - Processing /opt/airflow/dags/driven_data_pipeline.py took 0.753 seconds
[2026-06-29T15:30:20.914+0000] {processor.py:186} INFO - Started process (PID=385) to work on /opt/airflow/dags/driven_data_pipeline.py
[2026-06-29T15:30:20.916+0000] {processor.py:914} INFO - Processing file /opt/airflow/dags/driven_data_pipeline.py for tasks to queue
[2026-06-29T15:30:20.920+0000] {logging_mixin.py:190} INFO - [2026-06-29T15:30:20.919+0000] {dagbag.py:588} INFO - Filling up the DagBag from /opt/airflow/dags/driven_data_pipeline.py
[2026-06-29T15:30:21.166+0000] {processor.py:925} INFO - DAG(s) 'extract_raw_data_pipeline' retrieved from /opt/airflow/dags/driven_data_pipeline.py
[2026-06-29T15:30:21.200+0000] {logging_mixin.py:190} INFO - [2026-06-29T15:30:21.200+0000] {dag.py:3239} INFO - Sync 1 DAGs
[2026-06-29T15:30:21.229+0000] {logging_mixin.py:190} INFO - [2026-06-29T15:30:21.229+0000] {dag.py:4180} INFO - Setting next_dagrun for extract_raw_data_pipeline to 2026-06-29 07:59:00+00:00, run_after=2026-06-30 07:00:00+00:00
[2026-06-29T15:30:21.255+0000] {processor.py:208} INFO - Processing /opt/airflow/dags/driven_data_pipeline.py took 0.352 seconds
[2026-06-29T15:30:51.557+0000] {processor.py:186} INFO - Started process (PID=393) to work on /opt/airflow/dags/driven_data_pipeline.py
[2026-06-29T15:30:51.559+0000] {processor.py:914} INFO - Processing file /opt/airflow/dags/driven_data_pipeline.py for tasks to queue
[2026-06-29T15:30:51.562+0000] {logging_mixin.py:190} INFO - [2026-06-29T15:30:51.561+0000] {dagbag.py:588} INFO - Filling up the DagBag from /opt/airflow/dags/driven_data_pipeline.py
[2026-06-29T15:30:51.769+0000] {processor.py:925} INFO - DAG(s) 'extract_raw_data_pipeline' retrieved from /opt/airflow/dags/driven_data_pipeline.py
[2026-06-29T15:30:51.807+0000] {logging_mixin.py:190} INFO - [2026-06-29T15:30:51.806+0000] {dag.py:3239} INFO - Sync 1 DAGs
[2026-06-29T15:30:51.839+0000] {logging_mixin.py:190} INFO - [2026-06-29T15:30:51.839+0000] {dag.py:4180} INFO - Setting next_dagrun for extract_raw_data_pipeline to 2026-06-29 07:59:00+00:00, run_after=2026-06-30 07:00:00+00:00
[2026-06-29T15:30:51.873+0000] {processor.py:208} INFO - Processing /opt/airflow/dags/driven_data_pipeline.py took 0.322 seconds
[2026-06-29T15:31:22.228+0000] {processor.py:186} INFO - Started process (PID=401) to work on /opt/airflow/dags/driven_data_pipeline.py
[2026-06-29T15:31:22.230+0000] {processor.py:914} INFO - Processing file /opt/airflow/dags/driven_data_pipeline.py for tasks to queue
[2026-06-29T15:31:22.235+0000] {logging_mixin.py:190} INFO - [2026-06-29T15:31:22.234+0000] {dagbag.py:588} INFO - Filling up the DagBag from /opt/airflow/dags/driven_data_pipeline.py
[2026-06-29T15:31:22.477+0000] {processor.py:925} INFO - DAG(s) 'extract_raw_data_pipeline' retrieved from /opt/airflow/dags/driven_data_pipeline.py
[2026-06-29T15:31:22.511+0000] {logging_mixin.py:190} INFO - [2026-06-29T15:31:22.511+0000] {dag.py:3239} INFO - Sync 1 DAGs
[2026-06-29T15:31:22.538+0000] {logging_mixin.py:190} INFO - [2026-06-29T15:31:22.538+0000] {dag.py:4180} INFO - Setting next_dagrun for extract_raw_data_pipeline to 2026-06-29 07:59:00+00:00, run_after=2026-06-30 07:00:00+00:00
[2026-06-29T15:31:22.559+0000] {processor.py:208} INFO - Processing /opt/airflow/dags/driven_data_pipeline.py took 0.343 seconds
[2026-06-29T15:31:52.846+0000] {processor.py:186} INFO - Started process (PID=409) to work on /opt/airflow/dags/driven_data_pipeline.py
[2026-06-29T15:31:52.848+0000] {processor.py:914} INFO - Processing file /opt/airflow/dags/driven_data_pipeline.py for tasks to queue
[2026-06-29T15:31:52.852+0000] {logging_mixin.py:190} INFO - [2026-06-29T15:31:52.852+0000] {dagbag.py:588} INFO - Filling up the DagBag from /opt/airflow/dags/driven_data_pipeline.py
[2026-06-29T15:31:53.137+0000] {processor.py:925} INFO - DAG(s) 'extract_raw_data_pipeline' retrieved from /opt/airflow/dags/driven_data_pipeline.py
[2026-06-29T15:31:53.170+0000] {logging_mixin.py:190} INFO - [2026-06-29T15:31:53.170+0000] {dag.py:3239} INFO - Sync 1 DAGs
[2026-06-29T15:31:53.199+0000] {logging_mixin.py:190} INFO - [2026-06-29T15:31:53.199+0000] {dag.py:4180} INFO - Setting next_dagrun for extract_raw_data_pipeline to 2026-06-29 07:59:00+00:00, run_after=2026-06-30 07:00:00+00:00
[2026-06-29T15:31:53.220+0000] {processor.py:208} INFO - Processing /opt/airflow/dags/driven_data_pipeline.py took 0.385 seconds
[2026-06-29T15:32:23.534+0000] {processor.py:186} INFO - Started process (PID=417) to work on /opt/airflow/dags/driven_data_pipeline.py
[2026-06-29T15:32:23.536+0000] {processor.py:914} INFO - Processing file /opt/airflow/dags/driven_data_pipeline.py for tasks to queue
[2026-06-29T15:32:23.539+0000] {logging_mixin.py:190} INFO - [2026-06-29T15:32:23.539+0000] {dagbag.py:588} INFO - Filling up the DagBag from /opt/airflow/dags/driven_data_pipeline.py
[2026-06-29T15:32:23.810+0000] {processor.py:925} INFO - DAG(s) 'extract_raw_data_pipeline' retrieved from /opt/airflow/dags/driven_data_pipeline.py
[2026-06-29T15:32:23.853+0000] {logging_mixin.py:190} INFO - [2026-06-29T15:32:23.853+0000] {dag.py:3239} INFO - Sync 1 DAGs
[2026-06-29T15:32:23.887+0000] {logging_mixin.py:190} INFO - [2026-06-29T15:32:23.887+0000] {dag.py:4180} INFO - Setting next_dagrun for extract_raw_data_pipeline to 2026-06-29 07:59:00+00:00, run_after=2026-06-30 07:00:00+00:00
[2026-06-29T15:32:23.913+0000] {processor.py:208} INFO - Processing /opt/airflow/dags/driven_data_pipeline.py took 0.387 seconds
[2026-06-29T15:32:54.290+0000] {processor.py:186} INFO - Started process (PID=425) to work on /opt/airflow/dags/driven_data_pipeline.py
[2026-06-29T15:32:54.292+0000] {processor.py:914} INFO - Processing file /opt/airflow/dags/driven_data_pipeline.py for tasks to queue
[2026-06-29T15:32:54.298+0000] {logging_mixin.py:190} INFO - [2026-06-29T15:32:54.297+0000] {dagbag.py:588} INFO - Filling up the DagBag from /opt/airflow/dags/driven_data_pipeline.py
[2026-06-29T15:32:54.777+0000] {processor.py:925} INFO - DAG(s) 'extract_raw_data_pipeline' retrieved from /opt/airflow/dags/driven_data_pipeline.py
[2026-06-29T15:32:54.838+0000] {logging_mixin.py:190} INFO - [2026-06-29T15:32:54.837+0000] {dag.py:3239} INFO - Sync 1 DAGs
[2026-06-29T15:32:54.906+0000] {logging_mixin.py:190} INFO - [2026-06-29T15:32:54.906+0000] {dag.py:4180} INFO - Setting next_dagrun for extract_raw_data_pipeline to 2026-06-29 07:59:00+00:00, run_after=2026-06-30 07:00:00+00:00
[2026-06-29T15:32:54.952+0000] {processor.py:208} INFO - Processing /opt/airflow/dags/driven_data_pipeline.py took 0.675 seconds
[2026-06-29T15:32:56.011+0000] {processor.py:186} INFO - Started process (PID=427) to work on /opt/airflow/dags/driven_data_pipeline.py
[2026-06-29T15:32:56.013+0000] {processor.py:914} INFO - Processing file /opt/airflow/dags/driven_data_pipeline.py for tasks to queue
[2026-06-29T15:32:56.017+0000] {logging_mixin.py:190} INFO - [2026-06-29T15:32:56.017+0000] {dagbag.py:588} INFO - Filling up the DagBag from /opt/airflow/dags/driven_data_pipeline.py
[2026-06-29T15:32:56.235+0000] {processor.py:925} INFO - DAG(s) 'extract_raw_data_pipeline' retrieved from /opt/airflow/dags/driven_data_pipeline.py
[2026-06-29T15:32:56.373+0000] {logging_mixin.py:190} INFO - [2026-06-29T15:32:56.372+0000] {dag.py:3239} INFO - Sync 1 DAGs
[2026-06-29T15:32:56.395+0000] {logging_mixin.py:190} INFO - [2026-06-29T15:32:56.395+0000] {dag.py:4180} INFO - Setting next_dagrun for extract_raw_data_pipeline to 2026-06-29 07:59:00+00:00, run_after=2026-06-30 07:00:00+00:00
[2026-06-29T15:32:56.426+0000] {processor.py:208} INFO - Processing /opt/airflow/dags/driven_data_pipeline.py took 0.422 seconds
[2026-06-29T15:33:26.822+0000] {processor.py:186} INFO - Started process (PID=435) to work on /opt/airflow/dags/driven_data_pipeline.py
[2026-06-29T15:33:26.824+0000] {processor.py:914} INFO - Processing file /opt/airflow/dags/driven_data_pipeline.py for tasks to queue
[2026-06-29T15:33:26.828+0000] {logging_mixin.py:190} INFO - [2026-06-29T15:33:26.827+0000] {dagbag.py:588} INFO - Filling up the DagBag from /opt/airflow/dags/driven_data_pipeline.py
[2026-06-29T15:33:27.031+0000] {processor.py:925} INFO - DAG(s) 'extract_raw_data_pipeline' retrieved from /opt/airflow/dags/driven_data_pipeline.py
[2026-06-29T15:33:27.058+0000] {logging_mixin.py:190} INFO - [2026-06-29T15:33:27.058+0000] {dag.py:3239} INFO - Sync 1 DAGs
[2026-06-29T15:33:27.084+0000] {logging_mixin.py:190} INFO - [2026-06-29T15:33:27.083+0000] {dag.py:4180} INFO - Setting next_dagrun for extract_raw_data_pipeline to 2026-06-29 07:59:00+00:00, run_after=2026-06-30 07:00:00+00:00
[2026-06-29T15:33:27.115+0000] {processor.py:208} INFO - Processing /opt/airflow/dags/driven_data_pipeline.py took 0.301 seconds
[2026-06-29T15:33:57.450+0000] {processor.py:186} INFO - Started process (PID=443) to work on /opt/airflow/dags/driven_data_pipeline.py
[2026-06-29T15:33:57.451+0000] {processor.py:914} INFO - Processing file /opt/airflow/dags/driven_data_pipeline.py for tasks to queue
[2026-06-29T15:33:57.455+0000] {logging_mixin.py:190} INFO - [2026-06-29T15:33:57.454+0000] {dagbag.py:588} INFO - Filling up the DagBag from /opt/airflow/dags/driven_data_pipeline.py
[2026-06-29T15:33:57.670+0000] {processor.py:925} INFO - DAG(s) 'extract_raw_data_pipeline' retrieved from /opt/airflow/dags/driven_data_pipeline.py
[2026-06-29T15:33:57.699+0000] {logging_mixin.py:190} INFO - [2026-06-29T15:33:57.699+0000] {dag.py:3239} INFO - Sync 1 DAGs
[2026-06-29T15:33:57.725+0000] {logging_mixin.py:190} INFO - [2026-06-29T15:33:57.724+0000] {dag.py:4180} INFO - Setting next_dagrun for extract_raw_data_pipeline to 2026-06-29 07:59:00+00:00, run_after=2026-06-30 07:00:00+00:00
[2026-06-29T15:33:57.746+0000] {processor.py:208} INFO - Processing /opt/airflow/dags/driven_data_pipeline.py took 0.306 seconds
[2026-06-29T15:34:28.062+0000] {processor.py:186} INFO - Started process (PID=458) to work on /opt/airflow/dags/driven_data_pipeline.py
[2026-06-29T15:34:28.064+0000] {processor.py:914} INFO - Processing file /opt/airflow/dags/driven_data_pipeline.py for tasks to queue
[2026-06-29T15:34:28.067+0000] {logging_mixin.py:190} INFO - [2026-06-29T15:34:28.067+0000] {dagbag.py:588} INFO - Filling up the DagBag from /opt/airflow/dags/driven_data_pipeline.py
[2026-06-29T15:34:28.301+0000] {processor.py:925} INFO - DAG(s) 'extract_raw_data_pipeline' retrieved from /opt/airflow/dags/driven_data_pipeline.py
[2026-06-29T15:34:28.337+0000] {logging_mixin.py:190} INFO - [2026-06-29T15:34:28.337+0000] {dag.py:3239} INFO - Sync 1 DAGs
[2026-06-29T15:34:28.366+0000] {logging_mixin.py:190} INFO - [2026-06-29T15:34:28.366+0000] {dag.py:4180} INFO - Setting next_dagrun for extract_raw_data_pipeline to 2026-06-29 07:59:00+00:00, run_after=2026-06-30 07:00:00+00:00
[2026-06-29T15:34:28.392+0000] {processor.py:208} INFO - Processing /opt/airflow/dags/driven_data_pipeline.py took 0.338 seconds
[2026-06-29T15:40:12.699+0000] {processor.py:186} INFO - Started process (PID=77) to work on /opt/airflow/dags/driven_data_pipeline.py
[2026-06-29T15:40:12.708+0000] {processor.py:914} INFO - Processing file /opt/airflow/dags/driven_data_pipeline.py for tasks to queue
[2026-06-29T15:40:12.717+0000] {logging_mixin.py:190} INFO - [2026-06-29T15:40:12.716+0000] {dagbag.py:588} INFO - Filling up the DagBag from /opt/airflow/dags/driven_data_pipeline.py
[2026-06-29T15:40:15.032+0000] {processor.py:925} INFO - DAG(s) 'extract_raw_data_pipeline' retrieved from /opt/airflow/dags/driven_data_pipeline.py
[2026-06-29T15:40:15.293+0000] {logging_mixin.py:190} INFO - [2026-06-29T15:40:15.293+0000] {dag.py:3239} INFO - Sync 1 DAGs
[2026-06-29T15:40:15.610+0000] {logging_mixin.py:190} INFO - [2026-06-29T15:40:15.610+0000] {dag.py:4180} INFO - Setting next_dagrun for extract_raw_data_pipeline to 2026-06-29 07:59:00+00:00, run_after=2026-06-30 07:00:00+00:00
[2026-06-29T15:40:15.789+0000] {processor.py:208} INFO - Processing /opt/airflow/dags/driven_data_pipeline.py took 3.110 seconds
[2026-06-29T15:40:46.578+0000] {processor.py:186} INFO - Started process (PID=87) to work on /opt/airflow/dags/driven_data_pipeline.py
[2026-06-29T15:40:46.581+0000] {processor.py:914} INFO - Processing file /opt/airflow/dags/driven_data_pipeline.py for tasks to queue
[2026-06-29T15:40:46.585+0000] {logging_mixin.py:190} INFO - [2026-06-29T15:40:46.585+0000] {dagbag.py:588} INFO - Filling up the DagBag from /opt/airflow/dags/driven_data_pipeline.py
[2026-06-29T15:40:47.259+0000] {processor.py:925} INFO - DAG(s) 'extract_raw_data_pipeline' retrieved from /opt/airflow/dags/driven_data_pipeline.py
[2026-06-29T15:40:47.307+0000] {logging_mixin.py:190} INFO - [2026-06-29T15:40:47.306+0000] {dag.py:3239} INFO - Sync 1 DAGs
[2026-06-29T15:40:47.376+0000] {logging_mixin.py:190} INFO - [2026-06-29T15:40:47.375+0000] {dag.py:4180} INFO - Setting next_dagrun for extract_raw_data_pipeline to 2026-06-29 07:59:00+00:00, run_after=2026-06-30 07:00:00+00:00
[2026-06-29T15:40:47.451+0000] {processor.py:208} INFO - Processing /opt/airflow/dags/driven_data_pipeline.py took 0.885 seconds
[2026-06-29T15:41:17.878+0000] {processor.py:186} INFO - Started process (PID=97) to work on /opt/airflow/dags/driven_data_pipeline.py
[2026-06-29T15:41:17.882+0000] {processor.py:914} INFO - Processing file /opt/airflow/dags/driven_data_pipeline.py for tasks to queue
[2026-06-29T15:41:17.899+0000] {logging_mixin.py:190} INFO - [2026-06-29T15:41:17.897+0000] {dagbag.py:588} INFO - Filling up the DagBag from /opt/airflow/dags/driven_data_pipeline.py
[2026-06-29T15:41:19.401+0000] {processor.py:925} INFO - DAG(s) 'extract_raw_data_pipeline' retrieved from /opt/airflow/dags/driven_data_pipeline.py
[2026-06-29T15:41:19.500+0000] {logging_mixin.py:190} INFO - [2026-06-29T15:41:19.500+0000] {dag.py:3239} INFO - Sync 1 DAGs
[2026-06-29T15:41:19.569+0000] {logging_mixin.py:190} INFO - [2026-06-29T15:41:19.568+0000] {dag.py:4180} INFO - Setting next_dagrun for extract_raw_data_pipeline to 2026-06-29 07:59:00+00:00, run_after=2026-06-30 07:00:00+00:00
[2026-06-29T15:41:19.640+0000] {processor.py:208} INFO - Processing /opt/airflow/dags/driven_data_pipeline.py took 1.786 seconds
[2026-06-29T15:41:50.159+0000] {processor.py:186} INFO - Started process (PID=107) to work on /opt/airflow/dags/driven_data_pipeline.py
[2026-06-29T15:41:50.161+0000] {processor.py:914} INFO - Processing file /opt/airflow/dags/driven_data_pipeline.py for tasks to queue
[2026-06-29T15:41:50.164+0000] {logging_mixin.py:190} INFO - [2026-06-29T15:41:50.164+0000] {dagbag.py:588} INFO - Filling up the DagBag from /opt/airflow/dags/driven_data_pipeline.py
[2026-06-29T15:41:50.553+0000] {processor.py:925} INFO - DAG(s) 'extract_raw_data_pipeline' retrieved from /opt/airflow/dags/driven_data_pipeline.py
[2026-06-29T15:41:50.576+0000] {logging_mixin.py:190} INFO - [2026-06-29T15:41:50.575+0000] {dag.py:3239} INFO - Sync 1 DAGs
[2026-06-29T15:41:50.598+0000] {logging_mixin.py:190} INFO - [2026-06-29T15:41:50.597+0000] {dag.py:4180} INFO - Setting next_dagrun for extract_raw_data_pipeline to 2026-06-29 07:59:00+00:00, run_after=2026-06-30 07:00:00+00:00
[2026-06-29T15:41:50.631+0000] {processor.py:208} INFO - Processing /opt/airflow/dags/driven_data_pipeline.py took 0.480 seconds
[2026-06-29T15:42:20.942+0000] {processor.py:186} INFO - Started process (PID=117) to work on /opt/airflow/dags/driven_data_pipeline.py
[2026-06-29T15:42:20.944+0000] {processor.py:914} INFO - Processing file /opt/airflow/dags/driven_data_pipeline.py for tasks to queue
[2026-06-29T15:42:20.948+0000] {logging_mixin.py:190} INFO - [2026-06-29T15:42:20.947+0000] {dagbag.py:588} INFO - Filling up the DagBag from /opt/airflow/dags/driven_data_pipeline.py
[2026-06-29T15:42:21.356+0000] {processor.py:925} INFO - DAG(s) 'extract_raw_data_pipeline' retrieved from /opt/airflow/dags/driven_data_pipeline.py
[2026-06-29T15:42:21.381+0000] {logging_mixin.py:190} INFO - [2026-06-29T15:42:21.381+0000] {dag.py:3239} INFO - Sync 1 DAGs
[2026-06-29T15:42:21.400+0000] {logging_mixin.py:190} INFO - [2026-06-29T15:42:21.400+0000] {dag.py:4180} INFO - Setting next_dagrun for extract_raw_data_pipeline to 2026-06-29 07:59:00+00:00, run_after=2026-06-30 07:00:00+00:00
[2026-06-29T15:42:21.523+0000] {processor.py:208} INFO - Processing /opt/airflow/dags/driven_data_pipeline.py took 0.587 seconds
[2026-06-29T15:42:51.863+0000] {processor.py:186} INFO - Started process (PID=127) to work on /opt/airflow/dags/driven_data_pipeline.py
[2026-06-29T15:42:51.865+0000] {processor.py:914} INFO - Processing file /opt/airflow/dags/driven_data_pipeline.py for tasks to queue
[2026-06-29T15:42:51.868+0000] {logging_mixin.py:190} INFO - [2026-06-29T15:42:51.868+0000] {dagbag.py:588} INFO - Filling up the DagBag from /opt/airflow/dags/driven_data_pipeline.py
[2026-06-29T15:42:52.267+0000] {processor.py:925} INFO - DAG(s) 'extract_raw_data_pipeline' retrieved from /opt/airflow/dags/driven_data_pipeline.py
[2026-06-29T15:42:52.290+0000] {logging_mixin.py:190} INFO - [2026-06-29T15:42:52.290+0000] {dag.py:3239} INFO - Sync 1 DAGs
[2026-06-29T15:42:52.311+0000] {logging_mixin.py:190} INFO - [2026-06-29T15:42:52.311+0000] {dag.py:4180} INFO - Setting next_dagrun for extract_raw_data_pipeline to 2026-06-29 07:59:00+00:00, run_after=2026-06-30 07:00:00+00:00
[2026-06-29T15:42:52.401+0000] {processor.py:208} INFO - Processing /opt/airflow/dags/driven_data_pipeline.py took 0.547 seconds
[2026-06-29T15:43:22.560+0000] {processor.py:186} INFO - Started process (PID=137) to work on /opt/airflow/dags/driven_data_pipeline.py
[2026-06-29T15:43:22.562+0000] {processor.py:914} INFO - Processing file /opt/airflow/dags/driven_data_pipeline.py for tasks to queue
[2026-06-29T15:43:22.565+0000] {logging_mixin.py:190} INFO - [2026-06-29T15:43:22.564+0000] {dagbag.py:588} INFO - Filling up the DagBag from /opt/airflow/dags/driven_data_pipeline.py
[2026-06-29T15:43:22.941+0000] {processor.py:925} INFO - DAG(s) 'extract_raw_data_pipeline' retrieved from /opt/airflow/dags/driven_data_pipeline.py
[2026-06-29T15:43:22.964+0000] {logging_mixin.py:190} INFO - [2026-06-29T15:43:22.964+0000] {dag.py:3239} INFO - Sync 1 DAGs
[2026-06-29T15:43:22.986+0000] {logging_mixin.py:190} INFO - [2026-06-29T15:43:22.986+0000] {dag.py:4180} INFO - Setting next_dagrun for extract_raw_data_pipeline to 2026-06-29 07:59:00+00:00, run_after=2026-06-30 07:00:00+00:00
[2026-06-29T15:43:23.016+0000] {processor.py:208} INFO - Processing /opt/airflow/dags/driven_data_pipeline.py took 0.462 seconds
[2026-06-29T15:43:53.338+0000] {processor.py:186} INFO - Started process (PID=147) to work on /opt/airflow/dags/driven_data_pipeline.py
[2026-06-29T15:43:53.340+0000] {processor.py:914} INFO - Processing file /opt/airflow/dags/driven_data_pipeline.py for tasks to queue
[2026-06-29T15:43:53.344+0000] {logging_mixin.py:190} INFO - [2026-06-29T15:43:53.343+0000] {dagbag.py:588} INFO - Filling up the DagBag from /opt/airflow/dags/driven_data_pipeline.py
[2026-06-29T15:43:53.786+0000] {processor.py:925} INFO - DAG(s) 'extract_raw_data_pipeline' retrieved from /opt/airflow/dags/driven_data_pipeline.py
[2026-06-29T15:43:53.817+0000] {logging_mixin.py:190} INFO - [2026-06-29T15:43:53.817+0000] {dag.py:3239} INFO - Sync 1 DAGs
[2026-06-29T15:43:53.837+0000] {logging_mixin.py:190} INFO - [2026-06-29T15:43:53.837+0000] {dag.py:4180} INFO - Setting next_dagrun for extract_raw_data_pipeline to 2026-06-29 07:59:00+00:00, run_after=2026-06-30 07:00:00+00:00
[2026-06-29T15:43:53.868+0000] {processor.py:208} INFO - Processing /opt/airflow/dags/driven_data_pipeline.py took 0.537 seconds
[2026-06-29T15:44:24.240+0000] {processor.py:186} INFO - Started process (PID=157) to work on /opt/airflow/dags/driven_data_pipeline.py
[2026-06-29T15:44:24.242+0000] {processor.py:914} INFO - Processing file /opt/airflow/dags/driven_data_pipeline.py for tasks to queue
[2026-06-29T15:44:24.247+0000] {logging_mixin.py:190} INFO - [2026-06-29T15:44:24.246+0000] {dagbag.py:588} INFO - Filling up the DagBag from /opt/airflow/dags/driven_data_pipeline.py
[2026-06-29T15:44:24.482+0000] {processor.py:925} INFO - DAG(s) 'extract_raw_data_pipeline' retrieved from /opt/airflow/dags/driven_data_pipeline.py
[2026-06-29T15:44:24.510+0000] {logging_mixin.py:190} INFO - [2026-06-29T15:44:24.509+0000] {dag.py:3239} INFO - Sync 1 DAGs
[2026-06-29T15:44:24.534+0000] {logging_mixin.py:190} INFO - [2026-06-29T15:44:24.534+0000] {dag.py:4180} INFO - Setting next_dagrun for extract_raw_data_pipeline to 2026-06-29 07:59:00+00:00, run_after=2026-06-30 07:00:00+00:00
[2026-06-29T15:44:24.584+0000] {processor.py:208} INFO - Processing /opt/airflow/dags/driven_data_pipeline.py took 0.355 seconds
[2026-06-29T15:44:54.930+0000] {processor.py:186} INFO - Started process (PID=167) to work on /opt/airflow/dags/driven_data_pipeline.py
[2026-06-29T15:44:54.931+0000] {processor.py:914} INFO - Processing file /opt/airflow/dags/driven_data_pipeline.py for tasks to queue
[2026-06-29T15:44:54.934+0000] {logging_mixin.py:190} INFO - [2026-06-29T15:44:54.934+0000] {dagbag.py:588} INFO - Filling up the DagBag from /opt/airflow/dags/driven_data_pipeline.py
[2026-06-29T15:44:55.152+0000] {processor.py:925} INFO - DAG(s) 'extract_raw_data_pipeline' retrieved from /opt/airflow/dags/driven_data_pipeline.py
[2026-06-29T15:44:55.182+0000] {logging_mixin.py:190} INFO - [2026-06-29T15:44:55.181+0000] {dag.py:3239} INFO - Sync 1 DAGs
[2026-06-29T15:44:55.207+0000] {logging_mixin.py:190} INFO - [2026-06-29T15:44:55.207+0000] {dag.py:4180} INFO - Setting next_dagrun for extract_raw_data_pipeline to 2026-06-29 07:59:00+00:00, run_after=2026-06-30 07:00:00+00:00
[2026-06-29T15:44:55.232+0000] {processor.py:208} INFO - Processing /opt/airflow/dags/driven_data_pipeline.py took 0.310 seconds
[2026-06-29T15:45:25.536+0000] {processor.py:186} INFO - Started process (PID=177) to work on /opt/airflow/dags/driven_data_pipeline.py
[2026-06-29T15:45:25.537+0000] {processor.py:914} INFO - Processing file /opt/airflow/dags/driven_data_pipeline.py for tasks to queue
[2026-06-29T15:45:25.541+0000] {logging_mixin.py:190} INFO - [2026-06-29T15:45:25.540+0000] {dagbag.py:588} INFO - Filling up the DagBag from /opt/airflow/dags/driven_data_pipeline.py
[2026-06-29T15:45:25.758+0000] {processor.py:925} INFO - DAG(s) 'extract_raw_data_pipeline' retrieved from /opt/airflow/dags/driven_data_pipeline.py
[2026-06-29T15:45:25.786+0000] {logging_mixin.py:190} INFO - [2026-06-29T15:45:25.786+0000] {dag.py:3239} INFO - Sync 1 DAGs
[2026-06-29T15:45:25.813+0000] {logging_mixin.py:190} INFO - [2026-06-29T15:45:25.813+0000] {dag.py:4180} INFO - Setting next_dagrun for extract_raw_data_pipeline to 2026-06-29 07:59:00+00:00, run_after=2026-06-30 07:00:00+00:00
[2026-06-29T15:45:25.834+0000] {processor.py:208} INFO - Processing /opt/airflow/dags/driven_data_pipeline.py took 0.306 seconds
[2026-06-29T15:45:56.161+0000] {processor.py:186} INFO - Started process (PID=187) to work on /opt/airflow/dags/driven_data_pipeline.py
[2026-06-29T15:45:56.163+0000] {processor.py:914} INFO - Processing file /opt/airflow/dags/driven_data_pipeline.py for tasks to queue
[2026-06-29T15:45:56.168+0000] {logging_mixin.py:190} INFO - [2026-06-29T15:45:56.167+0000] {dagbag.py:588} INFO - Filling up the DagBag from /opt/airflow/dags/driven_data_pipeline.py
[2026-06-29T15:45:56.385+0000] {processor.py:925} INFO - DAG(s) 'extract_raw_data_pipeline' retrieved from /opt/airflow/dags/driven_data_pipeline.py
[2026-06-29T15:45:56.413+0000] {logging_mixin.py:190} INFO - [2026-06-29T15:45:56.412+0000] {dag.py:3239} INFO - Sync 1 DAGs
[2026-06-29T15:45:56.436+0000] {logging_mixin.py:190} INFO - [2026-06-29T15:45:56.436+0000] {dag.py:4180} INFO - Setting next_dagrun for extract_raw_data_pipeline to 2026-06-29 07:59:00+00:00, run_after=2026-06-30 07:00:00+00:00
[2026-06-29T15:45:56.463+0000] {processor.py:208} INFO - Processing /opt/airflow/dags/driven_data_pipeline.py took 0.315 seconds
[2026-06-29T15:46:26.776+0000] {processor.py:186} INFO - Started process (PID=197) to work on /opt/airflow/dags/driven_data_pipeline.py
[2026-06-29T15:46:26.779+0000] {processor.py:914} INFO - Processing file /opt/airflow/dags/driven_data_pipeline.py for tasks to queue
[2026-06-29T15:46:26.783+0000] {logging_mixin.py:190} INFO - [2026-06-29T15:46:26.782+0000] {dagbag.py:588} INFO - Filling up the DagBag from /opt/airflow/dags/driven_data_pipeline.py
[2026-06-29T15:46:27.135+0000] {processor.py:925} INFO - DAG(s) 'extract_raw_data_pipeline' retrieved from /opt/airflow/dags/driven_data_pipeline.py
[2026-06-29T15:46:27.178+0000] {logging_mixin.py:190} INFO - [2026-06-29T15:46:27.178+0000] {dag.py:3239} INFO - Sync 1 DAGs
[2026-06-29T15:46:27.223+0000] {logging_mixin.py:190} INFO - [2026-06-29T15:46:27.223+0000] {dag.py:4180} INFO - Setting next_dagrun for extract_raw_data_pipeline to 2026-06-29 07:59:00+00:00, run_after=2026-06-30 07:00:00+00:00
[2026-06-29T15:46:27.256+0000] {processor.py:208} INFO - Processing /opt/airflow/dags/driven_data_pipeline.py took 0.489 seconds
[2026-06-29T15:46:57.586+0000] {processor.py:186} INFO - Started process (PID=207) to work on /opt/airflow/dags/driven_data_pipeline.py
[2026-06-29T15:46:57.587+0000] {processor.py:914} INFO - Processing file /opt/airflow/dags/driven_data_pipeline.py for tasks to queue
[2026-06-29T15:46:57.590+0000] {logging_mixin.py:190} INFO - [2026-06-29T15:46:57.590+0000] {dagbag.py:588} INFO - Filling up the DagBag from /opt/airflow/dags/driven_data_pipeline.py
[2026-06-29T15:46:57.792+0000] {processor.py:925} INFO - DAG(s) 'extract_raw_data_pipeline' retrieved from /opt/airflow/dags/driven_data_pipeline.py
[2026-06-29T15:46:57.822+0000] {logging_mixin.py:190} INFO - [2026-06-29T15:46:57.822+0000] {dag.py:3239} INFO - Sync 1 DAGs
[2026-06-29T15:46:57.850+0000] {logging_mixin.py:190} INFO - [2026-06-29T15:46:57.850+0000] {dag.py:4180} INFO - Setting next_dagrun for extract_raw_data_pipeline to 2026-06-29 07:59:00+00:00, run_after=2026-06-30 07:00:00+00:00
[2026-06-29T15:46:57.870+0000] {processor.py:208} INFO - Processing /opt/airflow/dags/driven_data_pipeline.py took 0.292 seconds
[2026-06-29T15:47:28.194+0000] {processor.py:186} INFO - Started process (PID=217) to work on /opt/airflow/dags/driven_data_pipeline.py
[2026-06-29T15:47:28.195+0000] {processor.py:914} INFO - Processing file /opt/airflow/dags/driven_data_pipeline.py for tasks to queue
[2026-06-29T15:47:28.201+0000] {logging_mixin.py:190} INFO - [2026-06-29T15:47:28.200+0000] {dagbag.py:588} INFO - Filling up the DagBag from /opt/airflow/dags/driven_data_pipeline.py
[2026-06-29T15:47:28.446+0000] {processor.py:925} INFO - DAG(s) 'extract_raw_data_pipeline' retrieved from /opt/airflow/dags/driven_data_pipeline.py
[2026-06-29T15:47:28.487+0000] {logging_mixin.py:190} INFO - [2026-06-29T15:47:28.487+0000] {dag.py:3239} INFO - Sync 1 DAGs
[2026-06-29T15:47:28.516+0000] {logging_mixin.py:190} INFO - [2026-06-29T15:47:28.516+0000] {dag.py:4180} INFO - Setting next_dagrun for extract_raw_data_pipeline to 2026-06-29 07:59:00+00:00, run_after=2026-06-30 07:00:00+00:00
[2026-06-29T15:47:28.542+0000] {processor.py:208} INFO - Processing /opt/airflow/dags/driven_data_pipeline.py took 0.358 seconds
[2026-06-29T15:47:58.889+0000] {processor.py:186} INFO - Started process (PID=227) to work on /opt/airflow/dags/driven_data_pipeline.py
[2026-06-29T15:47:58.891+0000] {processor.py:914} INFO - Processing file /opt/airflow/dags/driven_data_pipeline.py for tasks to queue
[2026-06-29T15:47:58.896+0000] {logging_mixin.py:190} INFO - [2026-06-29T15:47:58.895+0000] {dagbag.py:588} INFO - Filling up the DagBag from /opt/airflow/dags/driven_data_pipeline.py
[2026-06-29T15:47:59.186+0000] {processor.py:925} INFO - DAG(s) 'extract_raw_data_pipeline' retrieved from /opt/airflow/dags/driven_data_pipeline.py
[2026-06-29T15:47:59.218+0000] {logging_mixin.py:190} INFO - [2026-06-29T15:47:59.217+0000] {dag.py:3239} INFO - Sync 1 DAGs
[2026-06-29T15:47:59.245+0000] {logging_mixin.py:190} INFO - [2026-06-29T15:47:59.245+0000] {dag.py:4180} INFO - Setting next_dagrun for extract_raw_data_pipeline to 2026-06-29 07:59:00+00:00, run_after=2026-06-30 07:00:00+00:00
[2026-06-29T15:47:59.279+0000] {processor.py:208} INFO - Processing /opt/airflow/dags/driven_data_pipeline.py took 0.398 seconds
[2026-06-29T15:48:29.646+0000] {processor.py:186} INFO - Started process (PID=237) to work on /opt/airflow/dags/driven_data_pipeline.py
[2026-06-29T15:48:29.648+0000] {processor.py:914} INFO - Processing file /opt/airflow/dags/driven_data_pipeline.py for tasks to queue
[2026-06-29T15:48:29.653+0000] {logging_mixin.py:190} INFO - [2026-06-29T15:48:29.652+0000] {dagbag.py:588} INFO - Filling up the DagBag from /opt/airflow/dags/driven_data_pipeline.py
[2026-06-29T15:48:29.926+0000] {processor.py:925} INFO - DAG(s) 'extract_raw_data_pipeline' retrieved from /opt/airflow/dags/driven_data_pipeline.py
[2026-06-29T15:48:29.970+0000] {logging_mixin.py:190} INFO - [2026-06-29T15:48:29.970+0000] {dag.py:3239} INFO - Sync 1 DAGs
[2026-06-29T15:48:30.022+0000] {logging_mixin.py:190} INFO - [2026-06-29T15:48:30.022+0000] {dag.py:4180} INFO - Setting next_dagrun for extract_raw_data_pipeline to 2026-06-29 07:59:00+00:00, run_after=2026-06-30 07:00:00+00:00
[2026-06-29T15:48:30.057+0000] {processor.py:208} INFO - Processing /opt/airflow/dags/driven_data_pipeline.py took 0.419 seconds
[2026-06-29T15:49:00.136+0000] {processor.py:186} INFO - Started process (PID=247) to work on /opt/airflow/dags/driven_data_pipeline.py
[2026-06-29T15:49:00.137+0000] {processor.py:914} INFO - Processing file /opt/airflow/dags/driven_data_pipeline.py for tasks to queue
[2026-06-29T15:49:00.140+0000] {logging_mixin.py:190} INFO - [2026-06-29T15:49:00.139+0000] {dagbag.py:588} INFO - Filling up the DagBag from /opt/airflow/dags/driven_data_pipeline.py
[2026-06-29T15:49:00.375+0000] {processor.py:925} INFO - DAG(s) 'extract_raw_data_pipeline' retrieved from /opt/airflow/dags/driven_data_pipeline.py
[2026-06-29T15:49:00.415+0000] {logging_mixin.py:190} INFO - [2026-06-29T15:49:00.414+0000] {dag.py:3239} INFO - Sync 1 DAGs
[2026-06-29T15:49:00.440+0000] {logging_mixin.py:190} INFO - [2026-06-29T15:49:00.440+0000] {dag.py:4180} INFO - Setting next_dagrun for extract_raw_data_pipeline to 2026-06-29 07:59:00+00:00, run_after=2026-06-30 07:00:00+00:00
[2026-06-29T15:49:00.476+0000] {processor.py:208} INFO - Processing /opt/airflow/dags/driven_data_pipeline.py took 0.347 seconds
[2026-06-29T15:49:30.848+0000] {processor.py:186} INFO - Started process (PID=257) to work on /opt/airflow/dags/driven_data_pipeline.py
[2026-06-29T15:49:30.849+0000] {processor.py:914} INFO - Processing file /opt/airflow/dags/driven_data_pipeline.py for tasks to queue
[2026-06-29T15:49:30.852+0000] {logging_mixin.py:190} INFO - [2026-06-29T15:49:30.851+0000] {dagbag.py:588} INFO - Filling up the DagBag from /opt/airflow/dags/driven_data_pipeline.py
[2026-06-29T15:49:31.106+0000] {processor.py:925} INFO - DAG(s) 'extract_raw_data_pipeline' retrieved from /opt/airflow/dags/driven_data_pipeline.py
[2026-06-29T15:49:31.140+0000] {logging_mixin.py:190} INFO - [2026-06-29T15:49:31.140+0000] {dag.py:3239} INFO - Sync 1 DAGs
[2026-06-29T15:49:31.171+0000] {logging_mixin.py:190} INFO - [2026-06-29T15:49:31.171+0000] {dag.py:4180} INFO - Setting next_dagrun for extract_raw_data_pipeline to 2026-06-29 07:59:00+00:00, run_after=2026-06-30 07:00:00+00:00
[2026-06-29T15:49:31.210+0000] {processor.py:208} INFO - Processing /opt/airflow/dags/driven_data_pipeline.py took 0.369 seconds
[2026-06-29T15:50:01.586+0000] {processor.py:186} INFO - Started process (PID=267) to work on /opt/airflow/dags/driven_data_pipeline.py
[2026-06-29T15:50:01.588+0000] {processor.py:914} INFO - Processing file /opt/airflow/dags/driven_data_pipeline.py for tasks to queue
[2026-06-29T15:50:01.591+0000] {logging_mixin.py:190} INFO - [2026-06-29T15:50:01.590+0000] {dagbag.py:588} INFO - Filling up the DagBag from /opt/airflow/dags/driven_data_pipeline.py
[2026-06-29T15:50:01.811+0000] {processor.py:925} INFO - DAG(s) 'extract_raw_data_pipeline' retrieved from /opt/airflow/dags/driven_data_pipeline.py
[2026-06-29T15:50:01.846+0000] {logging_mixin.py:190} INFO - [2026-06-29T15:50:01.846+0000] {dag.py:3239} INFO - Sync 1 DAGs
[2026-06-29T15:50:01.878+0000] {logging_mixin.py:190} INFO - [2026-06-29T15:50:01.878+0000] {dag.py:4180} INFO - Setting next_dagrun for extract_raw_data_pipeline to 2026-06-29 07:59:00+00:00, run_after=2026-06-30 07:00:00+00:00
[2026-06-29T15:50:01.908+0000] {processor.py:208} INFO - Processing /opt/airflow/dags/driven_data_pipeline.py took 0.329 seconds
[2026-06-29T15:50:32.270+0000] {processor.py:186} INFO - Started process (PID=277) to work on /opt/airflow/dags/driven_data_pipeline.py
[2026-06-29T15:50:32.272+0000] {processor.py:914} INFO - Processing file /opt/airflow/dags/driven_data_pipeline.py for tasks to queue
[2026-06-29T15:50:32.276+0000] {logging_mixin.py:190} INFO - [2026-06-29T15:50:32.276+0000] {dagbag.py:588} INFO - Filling up the DagBag from /opt/airflow/dags/driven_data_pipeline.py
[2026-06-29T15:50:32.762+0000] {processor.py:925} INFO - DAG(s) 'extract_raw_data_pipeline' retrieved from /opt/airflow/dags/driven_data_pipeline.py
[2026-06-29T15:50:32.810+0000] {logging_mixin.py:190} INFO - [2026-06-29T15:50:32.809+0000] {dag.py:3239} INFO - Sync 1 DAGs
[2026-06-29T15:50:32.845+0000] {logging_mixin.py:190} INFO - [2026-06-29T15:50:32.844+0000] {dag.py:4180} INFO - Setting next_dagrun for extract_raw_data_pipeline to 2026-06-29 07:59:00+00:00, run_after=2026-06-30 07:00:00+00:00
[2026-06-29T15:50:32.885+0000] {processor.py:208} INFO - Processing /opt/airflow/dags/driven_data_pipeline.py took 0.625 seconds
[2026-06-29T15:51:03.234+0000] {processor.py:186} INFO - Started process (PID=293) to work on /opt/airflow/dags/driven_data_pipeline.py
[2026-06-29T15:51:03.236+0000] {processor.py:914} INFO - Processing file /opt/airflow/dags/driven_data_pipeline.py for tasks to queue
[2026-06-29T15:51:03.240+0000] {logging_mixin.py:190} INFO - [2026-06-29T15:51:03.239+0000] {dagbag.py:588} INFO - Filling up the DagBag from /opt/airflow/dags/driven_data_pipeline.py
[2026-06-29T15:51:03.473+0000] {processor.py:925} INFO - DAG(s) 'extract_raw_data_pipeline' retrieved from /opt/airflow/dags/driven_data_pipeline.py
[2026-06-29T15:51:03.508+0000] {logging_mixin.py:190} INFO - [2026-06-29T15:51:03.508+0000] {dag.py:3239} INFO - Sync 1 DAGs
[2026-06-29T15:51:03.534+0000] {logging_mixin.py:190} INFO - [2026-06-29T15:51:03.534+0000] {dag.py:4180} INFO - Setting next_dagrun for extract_raw_data_pipeline to 2026-06-29 07:59:00+00:00, run_after=2026-06-30 07:00:00+00:00
[2026-06-29T15:51:03.626+0000] {processor.py:208} INFO - Processing /opt/airflow/dags/driven_data_pipeline.py took 0.399 seconds
[2026-06-29T15:51:33.865+0000] {processor.py:186} INFO - Started process (PID=304) to work on /opt/airflow/dags/driven_data_pipeline.py
[2026-06-29T15:51:33.867+0000] {processor.py:914} INFO - Processing file /opt/airflow/dags/driven_data_pipeline.py for tasks to queue
[2026-06-29T15:51:33.870+0000] {logging_mixin.py:190} INFO - [2026-06-29T15:51:33.869+0000] {dagbag.py:588} INFO - Filling up the DagBag from /opt/airflow/dags/driven_data_pipeline.py
[2026-06-29T15:51:34.077+0000] {processor.py:925} INFO - DAG(s) 'extract_raw_data_pipeline' retrieved from /opt/airflow/dags/driven_data_pipeline.py
[2026-06-29T15:51:34.109+0000] {logging_mixin.py:190} INFO - [2026-06-29T15:51:34.109+0000] {dag.py:3239} INFO - Sync 1 DAGs
[2026-06-29T15:51:34.137+0000] {logging_mixin.py:190} INFO - [2026-06-29T15:51:34.137+0000] {dag.py:4180} INFO - Setting next_dagrun for extract_raw_data_pipeline to 2026-06-29 07:59:00+00:00, run_after=2026-06-30 07:00:00+00:00
[2026-06-29T15:51:34.174+0000] {processor.py:208} INFO - Processing /opt/airflow/dags/driven_data_pipeline.py took 0.315 seconds
[2026-06-29T15:52:04.322+0000] {processor.py:186} INFO - Started process (PID=314) to work on /opt/airflow/dags/driven_data_pipeline.py
[2026-06-29T15:52:04.324+0000] {processor.py:914} INFO - Processing file /opt/airflow/dags/driven_data_pipeline.py for tasks to queue
[2026-06-29T15:52:04.327+0000] {logging_mixin.py:190} INFO - [2026-06-29T15:52:04.327+0000] {dagbag.py:588} INFO - Filling up the DagBag from /opt/airflow/dags/driven_data_pipeline.py
[2026-06-29T15:52:04.587+0000] {processor.py:925} INFO - DAG(s) 'extract_raw_data_pipeline' retrieved from /opt/airflow/dags/driven_data_pipeline.py
[2026-06-29T15:52:04.623+0000] {logging_mixin.py:190} INFO - [2026-06-29T15:52:04.622+0000] {dag.py:3239} INFO - Sync 1 DAGs
[2026-06-29T15:52:04.650+0000] {logging_mixin.py:190} INFO - [2026-06-29T15:52:04.650+0000] {dag.py:4180} INFO - Setting next_dagrun for extract_raw_data_pipeline to 2026-06-29 07:59:00+00:00, run_after=2026-06-30 07:00:00+00:00
[2026-06-29T15:52:04.682+0000] {processor.py:208} INFO - Processing /opt/airflow/dags/driven_data_pipeline.py took 0.368 seconds
[2026-06-29T15:52:34.966+0000] {processor.py:186} INFO - Started process (PID=324) to work on /opt/airflow/dags/driven_data_pipeline.py
[2026-06-29T15:52:34.968+0000] {processor.py:914} INFO - Processing file /opt/airflow/dags/driven_data_pipeline.py for tasks to queue
[2026-06-29T15:52:34.972+0000] {logging_mixin.py:190} INFO - [2026-06-29T15:52:34.971+0000] {dagbag.py:588} INFO - Filling up the DagBag from /opt/airflow/dags/driven_data_pipeline.py
[2026-06-29T15:52:35.221+0000] {processor.py:925} INFO - DAG(s) 'extract_raw_data_pipeline' retrieved from /opt/airflow/dags/driven_data_pipeline.py
[2026-06-29T15:52:35.253+0000] {logging_mixin.py:190} INFO - [2026-06-29T15:52:35.252+0000] {dag.py:3239} INFO - Sync 1 DAGs
[2026-06-29T15:52:35.280+0000] {logging_mixin.py:190} INFO - [2026-06-29T15:52:35.280+0000] {dag.py:4180} INFO - Setting next_dagrun for extract_raw_data_pipeline to 2026-06-29 07:59:00+00:00, run_after=2026-06-30 07:00:00+00:00
[2026-06-29T15:52:35.313+0000] {processor.py:208} INFO - Processing /opt/airflow/dags/driven_data_pipeline.py took 0.357 seconds
[2026-06-29T15:53:05.636+0000] {processor.py:186} INFO - Started process (PID=335) to work on /opt/airflow/dags/driven_data_pipeline.py
[2026-06-29T15:53:05.638+0000] {processor.py:914} INFO - Processing file /opt/airflow/dags/driven_data_pipeline.py for tasks to queue
[2026-06-29T15:53:05.641+0000] {logging_mixin.py:190} INFO - [2026-06-29T15:53:05.641+0000] {dagbag.py:588} INFO - Filling up the DagBag from /opt/airflow/dags/driven_data_pipeline.py
[2026-06-29T15:53:05.866+0000] {processor.py:925} INFO - DAG(s) 'extract_raw_data_pipeline' retrieved from /opt/airflow/dags/driven_data_pipeline.py
[2026-06-29T15:53:05.901+0000] {logging_mixin.py:190} INFO - [2026-06-29T15:53:05.900+0000] {dag.py:3239} INFO - Sync 1 DAGs
[2026-06-29T15:53:05.925+0000] {logging_mixin.py:190} INFO - [2026-06-29T15:53:05.925+0000] {dag.py:4180} INFO - Setting next_dagrun for extract_raw_data_pipeline to 2026-06-29 07:59:00+00:00, run_after=2026-06-30 07:00:00+00:00
[2026-06-29T15:53:05.955+0000] {processor.py:208} INFO - Processing /opt/airflow/dags/driven_data_pipeline.py took 0.325 seconds
[2026-06-29T15:53:36.264+0000] {processor.py:186} INFO - Started process (PID=345) to work on /opt/airflow/dags/driven_data_pipeline.py
[2026-06-29T15:53:36.266+0000] {processor.py:914} INFO - Processing file /opt/airflow/dags/driven_data_pipeline.py for tasks to queue
[2026-06-29T15:53:36.268+0000] {logging_mixin.py:190} INFO - [2026-06-29T15:53:36.268+0000] {dagbag.py:588} INFO - Filling up the DagBag from /opt/airflow/dags/driven_data_pipeline.py
[2026-06-29T15:53:36.488+0000] {processor.py:925} INFO - DAG(s) 'extract_raw_data_pipeline' retrieved from /opt/airflow/dags/driven_data_pipeline.py
[2026-06-29T15:53:36.519+0000] {logging_mixin.py:190} INFO - [2026-06-29T15:53:36.519+0000] {dag.py:3239} INFO - Sync 1 DAGs
[2026-06-29T15:53:36.547+0000] {logging_mixin.py:190} INFO - [2026-06-29T15:53:36.547+0000] {dag.py:4180} INFO - Setting next_dagrun for extract_raw_data_pipeline to 2026-06-29 07:59:00+00:00, run_after=2026-06-30 07:00:00+00:00
[2026-06-29T15:53:36.568+0000] {processor.py:208} INFO - Processing /opt/airflow/dags/driven_data_pipeline.py took 0.310 seconds
[2026-06-29T15:54:06.893+0000] {processor.py:186} INFO - Started process (PID=355) to work on /opt/airflow/dags/driven_data_pipeline.py
[2026-06-29T15:54:06.895+0000] {processor.py:914} INFO - Processing file /opt/airflow/dags/driven_data_pipeline.py for tasks to queue
[2026-06-29T15:54:06.898+0000] {logging_mixin.py:190} INFO - [2026-06-29T15:54:06.898+0000] {dagbag.py:588} INFO - Filling up the DagBag from /opt/airflow/dags/driven_data_pipeline.py
[2026-06-29T15:54:07.120+0000] {processor.py:925} INFO - DAG(s) 'extract_raw_data_pipeline' retrieved from /opt/airflow/dags/driven_data_pipeline.py
[2026-06-29T15:54:07.159+0000] {logging_mixin.py:190} INFO - [2026-06-29T15:54:07.159+0000] {dag.py:3239} INFO - Sync 1 DAGs
[2026-06-29T15:54:07.184+0000] {logging_mixin.py:190} INFO - [2026-06-29T15:54:07.183+0000] {dag.py:4180} INFO - Setting next_dagrun for extract_raw_data_pipeline to 2026-06-29 07:59:00+00:00, run_after=2026-06-30 07:00:00+00:00
[2026-06-29T15:54:07.205+0000] {processor.py:208} INFO - Processing /opt/airflow/dags/driven_data_pipeline.py took 0.319 seconds
[2026-06-29T15:54:37.536+0000] {processor.py:186} INFO - Started process (PID=365) to work on /opt/airflow/dags/driven_data_pipeline.py
[2026-06-29T15:54:37.537+0000] {processor.py:914} INFO - Processing file /opt/airflow/dags/driven_data_pipeline.py for tasks to queue
[2026-06-29T15:54:37.540+0000] {logging_mixin.py:190} INFO - [2026-06-29T15:54:37.540+0000] {dagbag.py:588} INFO - Filling up the DagBag from /opt/airflow/dags/driven_data_pipeline.py
[2026-06-29T15:54:37.758+0000] {processor.py:925} INFO - DAG(s) 'extract_raw_data_pipeline' retrieved from /opt/airflow/dags/driven_data_pipeline.py
[2026-06-29T15:54:37.798+0000] {logging_mixin.py:190} INFO - [2026-06-29T15:54:37.798+0000] {dag.py:3239} INFO - Sync 1 DAGs
[2026-06-29T15:54:37.834+0000] {logging_mixin.py:190} INFO - [2026-06-29T15:54:37.834+0000] {dag.py:4180} INFO - Setting next_dagrun for extract_raw_data_pipeline to 2026-06-29 07:59:00+00:00, run_after=2026-06-30 07:00:00+00:00
[2026-06-29T15:54:37.858+0000] {processor.py:208} INFO - Processing /opt/airflow/dags/driven_data_pipeline.py took 0.329 seconds
[2026-06-29T15:55:08.161+0000] {processor.py:186} INFO - Started process (PID=375) to work on /opt/airflow/dags/driven_data_pipeline.py
[2026-06-29T15:55:08.163+0000] {processor.py:914} INFO - Processing file /opt/airflow/dags/driven_data_pipeline.py for tasks to queue
[2026-06-29T15:55:08.166+0000] {logging_mixin.py:190} INFO - [2026-06-29T15:55:08.165+0000] {dagbag.py:588} INFO - Filling up the DagBag from /opt/airflow/dags/driven_data_pipeline.py
[2026-06-29T15:55:08.380+0000] {processor.py:925} INFO - DAG(s) 'extract_raw_data_pipeline' retrieved from /opt/airflow/dags/driven_data_pipeline.py
[2026-06-29T15:55:08.418+0000] {logging_mixin.py:190} INFO - [2026-06-29T15:55:08.417+0000] {dag.py:3239} INFO - Sync 1 DAGs
[2026-06-29T15:55:08.440+0000] {logging_mixin.py:190} INFO - [2026-06-29T15:55:08.440+0000] {dag.py:4180} INFO - Setting next_dagrun for extract_raw_data_pipeline to 2026-06-29 07:59:00+00:00, run_after=2026-06-30 07:00:00+00:00
[2026-06-29T15:55:08.462+0000] {processor.py:208} INFO - Processing /opt/airflow/dags/driven_data_pipeline.py took 0.309 seconds
[2026-06-29T15:55:38.517+0000] {processor.py:186} INFO - Started process (PID=385) to work on /opt/airflow/dags/driven_data_pipeline.py
[2026-06-29T15:55:38.519+0000] {processor.py:914} INFO - Processing file /opt/airflow/dags/driven_data_pipeline.py for tasks to queue
[2026-06-29T15:55:38.522+0000] {logging_mixin.py:190} INFO - [2026-06-29T15:55:38.522+0000] {dagbag.py:588} INFO - Filling up the DagBag from /opt/airflow/dags/driven_data_pipeline.py
[2026-06-29T15:55:38.743+0000] {processor.py:925} INFO - DAG(s) 'extract_raw_data_pipeline' retrieved from /opt/airflow/dags/driven_data_pipeline.py
[2026-06-29T15:55:38.768+0000] {logging_mixin.py:190} INFO - [2026-06-29T15:55:38.768+0000] {dag.py:3239} INFO - Sync 1 DAGs
[2026-06-29T15:55:38.793+0000] {logging_mixin.py:190} INFO - [2026-06-29T15:55:38.793+0000] {dag.py:4180} INFO - Setting next_dagrun for extract_raw_data_pipeline to 2026-06-29 07:59:00+00:00, run_after=2026-06-30 07:00:00+00:00
[2026-06-29T15:55:38.820+0000] {processor.py:208} INFO - Processing /opt/airflow/dags/driven_data_pipeline.py took 0.309 seconds
[2026-06-29T15:55:47.912+0000] {processor.py:186} INFO - Started process (PID=389) to work on /opt/airflow/dags/driven_data_pipeline.py
[2026-06-29T15:55:47.913+0000] {processor.py:914} INFO - Processing file /opt/airflow/dags/driven_data_pipeline.py for tasks to queue
[2026-06-29T15:55:47.917+0000] {logging_mixin.py:190} INFO - [2026-06-29T15:55:47.916+0000] {dagbag.py:588} INFO - Filling up the DagBag from /opt/airflow/dags/driven_data_pipeline.py
[2026-06-29T15:55:48.144+0000] {processor.py:925} INFO - DAG(s) 'extract_raw_data_pipeline' retrieved from /opt/airflow/dags/driven_data_pipeline.py
[2026-06-29T15:55:48.383+0000] {logging_mixin.py:190} INFO - [2026-06-29T15:55:48.383+0000] {dag.py:3239} INFO - Sync 1 DAGs
[2026-06-29T15:55:48.402+0000] {logging_mixin.py:190} INFO - [2026-06-29T15:55:48.402+0000] {dag.py:4180} INFO - Setting next_dagrun for extract_raw_data_pipeline to 2026-06-29 07:59:00+00:00, run_after=2026-06-30 07:00:00+00:00
[2026-06-29T15:55:48.431+0000] {processor.py:208} INFO - Processing /opt/airflow/dags/driven_data_pipeline.py took 0.527 seconds
[2026-06-29T15:56:18.819+0000] {processor.py:186} INFO - Started process (PID=399) to work on /opt/airflow/dags/driven_data_pipeline.py
[2026-06-29T15:56:18.821+0000] {processor.py:914} INFO - Processing file /opt/airflow/dags/driven_data_pipeline.py for tasks to queue
[2026-06-29T15:56:18.825+0000] {logging_mixin.py:190} INFO - [2026-06-29T15:56:18.825+0000] {dagbag.py:588} INFO - Filling up the DagBag from /opt/airflow/dags/driven_data_pipeline.py
[2026-06-29T15:56:19.098+0000] {processor.py:925} INFO - DAG(s) 'extract_raw_data_pipeline' retrieved from /opt/airflow/dags/driven_data_pipeline.py
[2026-06-29T15:56:19.138+0000] {logging_mixin.py:190} INFO - [2026-06-29T15:56:19.137+0000] {dag.py:3239} INFO - Sync 1 DAGs
[2026-06-29T15:56:19.171+0000] {logging_mixin.py:190} INFO - [2026-06-29T15:56:19.171+0000] {dag.py:4180} INFO - Setting next_dagrun for extract_raw_data_pipeline to 2026-06-29 07:59:00+00:00, run_after=2026-06-30 07:00:00+00:00
[2026-06-29T15:56:19.200+0000] {processor.py:208} INFO - Processing /opt/airflow/dags/driven_data_pipeline.py took 0.392 seconds
[2026-06-29T15:56:49.491+0000] {processor.py:186} INFO - Started process (PID=410) to work on /opt/airflow/dags/driven_data_pipeline.py
[2026-06-29T15:56:49.492+0000] {processor.py:914} INFO - Processing file /opt/airflow/dags/driven_data_pipeline.py for tasks to queue
[2026-06-29T15:56:49.495+0000] {logging_mixin.py:190} INFO - [2026-06-29T15:56:49.494+0000] {dagbag.py:588} INFO - Filling up the DagBag from /opt/airflow/dags/driven_data_pipeline.py
[2026-06-29T15:56:49.758+0000] {processor.py:925} INFO - DAG(s) 'extract_raw_data_pipeline' retrieved from /opt/airflow/dags/driven_data_pipeline.py
[2026-06-29T15:56:49.804+0000] {logging_mixin.py:190} INFO - [2026-06-29T15:56:49.803+0000] {dag.py:3239} INFO - Sync 1 DAGs
[2026-06-29T15:56:49.849+0000] {logging_mixin.py:190} INFO - [2026-06-29T15:56:49.849+0000] {dag.py:4180} INFO - Setting next_dagrun for extract_raw_data_pipeline to 2026-06-29 07:59:00+00:00, run_after=2026-06-30 07:00:00+00:00
[2026-06-29T15:56:49.886+0000] {processor.py:208} INFO - Processing /opt/airflow/dags/driven_data_pipeline.py took 0.402 seconds
[2026-06-29T15:57:20.361+0000] {processor.py:186} INFO - Started process (PID=419) to work on /opt/airflow/dags/driven_data_pipeline.py
[2026-06-29T15:57:20.366+0000] {processor.py:914} INFO - Processing file /opt/airflow/dags/driven_data_pipeline.py for tasks to queue
[2026-06-29T15:57:20.378+0000] {logging_mixin.py:190} INFO - [2026-06-29T15:57:20.377+0000] {dagbag.py:588} INFO - Filling up the DagBag from /opt/airflow/dags/driven_data_pipeline.py
[2026-06-29T15:57:20.843+0000] {processor.py:925} INFO - DAG(s) 'extract_raw_data_pipeline' retrieved from /opt/airflow/dags/driven_data_pipeline.py
[2026-06-29T15:57:20.887+0000] {logging_mixin.py:190} INFO - [2026-06-29T15:57:20.886+0000] {dag.py:3239} INFO - Sync 1 DAGs
[2026-06-29T15:57:20.932+0000] {logging_mixin.py:190} INFO - [2026-06-29T15:57:20.932+0000] {dag.py:4180} INFO - Setting next_dagrun for extract_raw_data_pipeline to 2026-06-29 07:59:00+00:00, run_after=2026-06-30 07:00:00+00:00
[2026-06-29T15:57:20.970+0000] {processor.py:208} INFO - Processing /opt/airflow/dags/driven_data_pipeline.py took 0.638 seconds
[2026-06-29T15:57:51.261+0000] {processor.py:186} INFO - Started process (PID=434) to work on /opt/airflow/dags/driven_data_pipeline.py
[2026-06-29T15:57:51.262+0000] {processor.py:914} INFO - Processing file /opt/airflow/dags/driven_data_pipeline.py for tasks to queue
[2026-06-29T15:57:51.267+0000] {logging_mixin.py:190} INFO - [2026-06-29T15:57:51.266+0000] {dagbag.py:588} INFO - Filling up the DagBag from /opt/airflow/dags/driven_data_pipeline.py
[2026-06-29T15:57:51.511+0000] {processor.py:925} INFO - DAG(s) 'extract_raw_data_pipeline' retrieved from /opt/airflow/dags/driven_data_pipeline.py
[2026-06-29T15:57:51.540+0000] {logging_mixin.py:190} INFO - [2026-06-29T15:57:51.540+0000] {dag.py:3239} INFO - Sync 1 DAGs
[2026-06-29T15:57:51.564+0000] {logging_mixin.py:190} INFO - [2026-06-29T15:57:51.564+0000] {dag.py:4180} INFO - Setting next_dagrun for extract_raw_data_pipeline to 2026-06-29 07:59:00+00:00, run_after=2026-06-30 07:00:00+00:00
[2026-06-29T15:57:51.591+0000] {processor.py:208} INFO - Processing /opt/airflow/dags/driven_data_pipeline.py took 0.340 seconds
[2026-06-29T15:58:21.903+0000] {processor.py:186} INFO - Started process (PID=444) to work on /opt/airflow/dags/driven_data_pipeline.py
[2026-06-29T15:58:21.904+0000] {processor.py:914} INFO - Processing file /opt/airflow/dags/driven_data_pipeline.py for tasks to queue
[2026-06-29T15:58:21.907+0000] {logging_mixin.py:190} INFO - [2026-06-29T15:58:21.907+0000] {dagbag.py:588} INFO - Filling up the DagBag from /opt/airflow/dags/driven_data_pipeline.py
[2026-06-29T15:58:22.073+0000] {processor.py:925} INFO - DAG(s) 'extract_raw_data_pipeline' retrieved from /opt/airflow/dags/driven_data_pipeline.py
[2026-06-29T15:58:22.101+0000] {logging_mixin.py:190} INFO - [2026-06-29T15:58:22.101+0000] {dag.py:3239} INFO - Sync 1 DAGs
[2026-06-29T15:58:22.120+0000] {logging_mixin.py:190} INFO - [2026-06-29T15:58:22.120+0000] {dag.py:4180} INFO - Setting next_dagrun for extract_raw_data_pipeline to 2026-06-29 07:59:00+00:00, run_after=2026-06-30 07:00:00+00:00
[2026-06-29T15:58:22.141+0000] {processor.py:208} INFO - Processing /opt/airflow/dags/driven_data_pipeline.py took 0.243 seconds
[2026-06-29T15:58:52.281+0000] {processor.py:186} INFO - Started process (PID=454) to work on /opt/airflow/dags/driven_data_pipeline.py
[2026-06-29T15:58:52.282+0000] {processor.py:914} INFO - Processing file /opt/airflow/dags/driven_data_pipeline.py for tasks to queue
[2026-06-29T15:58:52.285+0000] {logging_mixin.py:190} INFO - [2026-06-29T15:58:52.284+0000] {dagbag.py:588} INFO - Filling up the DagBag from /opt/airflow/dags/driven_data_pipeline.py
[2026-06-29T15:58:52.465+0000] {processor.py:925} INFO - DAG(s) 'extract_raw_data_pipeline' retrieved from /opt/airflow/dags/driven_data_pipeline.py
[2026-06-29T15:58:52.495+0000] {logging_mixin.py:190} INFO - [2026-06-29T15:58:52.495+0000] {dag.py:3239} INFO - Sync 1 DAGs
[2026-06-29T15:58:52.559+0000] {logging_mixin.py:190} INFO - [2026-06-29T15:58:52.558+0000] {dag.py:4180} INFO - Setting next_dagrun for extract_raw_data_pipeline to 2026-06-29 07:59:00+00:00, run_after=2026-06-30 07:00:00+00:00
[2026-06-29T15:58:52.598+0000] {processor.py:208} INFO - Processing /opt/airflow/dags/driven_data_pipeline.py took 0.323 seconds
[2026-06-29T15:59:22.683+0000] {processor.py:186} INFO - Started process (PID=464) to work on /opt/airflow/dags/driven_data_pipeline.py
[2026-06-29T15:59:22.688+0000] {processor.py:914} INFO - Processing file /opt/airflow/dags/driven_data_pipeline.py for tasks to queue
[2026-06-29T15:59:22.694+0000] {logging_mixin.py:190} INFO - [2026-06-29T15:59:22.693+0000] {dagbag.py:588} INFO - Filling up the DagBag from /opt/airflow/dags/driven_data_pipeline.py
[2026-06-29T15:59:22.894+0000] {processor.py:925} INFO - DAG(s) 'extract_raw_data_pipeline' retrieved from /opt/airflow/dags/driven_data_pipeline.py
[2026-06-29T15:59:22.918+0000] {logging_mixin.py:190} INFO - [2026-06-29T15:59:22.918+0000] {dag.py:3239} INFO - Sync 1 DAGs
[2026-06-29T15:59:22.940+0000] {logging_mixin.py:190} INFO - [2026-06-29T15:59:22.940+0000] {dag.py:4180} INFO - Setting next_dagrun for extract_raw_data_pipeline to 2026-06-29 07:59:00+00:00, run_after=2026-06-30 07:00:00+00:00
[2026-06-29T15:59:22.962+0000] {processor.py:208} INFO - Processing /opt/airflow/dags/driven_data_pipeline.py took 0.289 seconds
[2026-06-29T15:59:53.104+0000] {processor.py:186} INFO - Started process (PID=474) to work on /opt/airflow/dags/driven_data_pipeline.py
[2026-06-29T15:59:53.105+0000] {processor.py:914} INFO - Processing file /opt/airflow/dags/driven_data_pipeline.py for tasks to queue
[2026-06-29T15:59:53.108+0000] {logging_mixin.py:190} INFO - [2026-06-29T15:59:53.107+0000] {dagbag.py:588} INFO - Filling up the DagBag from /opt/airflow/dags/driven_data_pipeline.py
[2026-06-29T15:59:53.282+0000] {processor.py:925} INFO - DAG(s) 'extract_raw_data_pipeline' retrieved from /opt/airflow/dags/driven_data_pipeline.py
[2026-06-29T15:59:53.305+0000] {logging_mixin.py:190} INFO - [2026-06-29T15:59:53.305+0000] {dag.py:3239} INFO - Sync 1 DAGs
[2026-06-29T15:59:53.326+0000] {logging_mixin.py:190} INFO - [2026-06-29T15:59:53.326+0000] {dag.py:4180} INFO - Setting next_dagrun for extract_raw_data_pipeline to 2026-06-29 07:59:00+00:00, run_after=2026-06-30 07:00:00+00:00
[2026-06-29T15:59:53.346+0000] {processor.py:208} INFO - Processing /opt/airflow/dags/driven_data_pipeline.py took 0.248 seconds
[2026-06-29T16:00:23.455+0000] {processor.py:186} INFO - Started process (PID=484) to work on /opt/airflow/dags/driven_data_pipeline.py
[2026-06-29T16:00:23.456+0000] {processor.py:914} INFO - Processing file /opt/airflow/dags/driven_data_pipeline.py for tasks to queue
[2026-06-29T16:00:23.458+0000] {logging_mixin.py:190} INFO - [2026-06-29T16:00:23.458+0000] {dagbag.py:588} INFO - Filling up the DagBag from /opt/airflow/dags/driven_data_pipeline.py
[2026-06-29T16:00:23.626+0000] {processor.py:925} INFO - DAG(s) 'extract_raw_data_pipeline' retrieved from /opt/airflow/dags/driven_data_pipeline.py
[2026-06-29T16:00:23.650+0000] {logging_mixin.py:190} INFO - [2026-06-29T16:00:23.650+0000] {dag.py:3239} INFO - Sync 1 DAGs
[2026-06-29T16:00:23.671+0000] {logging_mixin.py:190} INFO - [2026-06-29T16:00:23.671+0000] {dag.py:4180} INFO - Setting next_dagrun for extract_raw_data_pipeline to 2026-06-29 07:59:00+00:00, run_after=2026-06-30 07:00:00+00:00
[2026-06-29T16:00:23.689+0000] {processor.py:208} INFO - Processing /opt/airflow/dags/driven_data_pipeline.py took 0.240 seconds
[2026-06-29T16:00:53.870+0000] {processor.py:186} INFO - Started process (PID=495) to work on /opt/airflow/dags/driven_data_pipeline.py
[2026-06-29T16:00:53.871+0000] {processor.py:914} INFO - Processing file /opt/airflow/dags/driven_data_pipeline.py for tasks to queue
[2026-06-29T16:00:53.874+0000] {logging_mixin.py:190} INFO - [2026-06-29T16:00:53.874+0000] {dagbag.py:588} INFO - Filling up the DagBag from /opt/airflow/dags/driven_data_pipeline.py
[2026-06-29T16:00:54.125+0000] {processor.py:925} INFO - DAG(s) 'extract_raw_data_pipeline' retrieved from /opt/airflow/dags/driven_data_pipeline.py
[2026-06-29T16:00:54.160+0000] {logging_mixin.py:190} INFO - [2026-06-29T16:00:54.160+0000] {dag.py:3239} INFO - Sync 1 DAGs
[2026-06-29T16:00:54.193+0000] {logging_mixin.py:190} INFO - [2026-06-29T16:00:54.192+0000] {dag.py:4180} INFO - Setting next_dagrun for extract_raw_data_pipeline to 2026-06-29 07:59:00+00:00, run_after=2026-06-30 07:00:00+00:00
[2026-06-29T16:00:54.232+0000] {processor.py:208} INFO - Processing /opt/airflow/dags/driven_data_pipeline.py took 0.371 seconds
[2026-06-29T16:01:24.781+0000] {processor.py:186} INFO - Started process (PID=505) to work on /opt/airflow/dags/driven_data_pipeline.py
[2026-06-29T16:01:24.819+0000] {processor.py:914} INFO - Processing file /opt/airflow/dags/driven_data_pipeline.py for tasks to queue
[2026-06-29T16:01:24.827+0000] {logging_mixin.py:190} INFO - [2026-06-29T16:01:24.826+0000] {dagbag.py:588} INFO - Filling up the DagBag from /opt/airflow/dags/driven_data_pipeline.py
[2026-06-29T16:01:25.704+0000] {processor.py:925} INFO - DAG(s) 'extract_raw_data_pipeline' retrieved from /opt/airflow/dags/driven_data_pipeline.py
[2026-06-29T16:01:25.800+0000] {logging_mixin.py:190} INFO - [2026-06-29T16:01:25.799+0000] {dag.py:3239} INFO - Sync 1 DAGs
[2026-06-29T16:01:25.886+0000] {logging_mixin.py:190} INFO - [2026-06-29T16:01:25.886+0000] {dag.py:4180} INFO - Setting next_dagrun for extract_raw_data_pipeline to 2026-06-29 07:59:00+00:00, run_after=2026-06-30 07:00:00+00:00
[2026-06-29T16:01:25.938+0000] {processor.py:208} INFO - Processing /opt/airflow/dags/driven_data_pipeline.py took 1.178 seconds
[2026-06-29T16:09:19.174+0000] {processor.py:186} INFO - Started process (PID=509) to work on /opt/airflow/dags/driven_data_pipeline.py
[2026-06-29T16:09:19.187+0000] {processor.py:914} INFO - Processing file /opt/airflow/dags/driven_data_pipeline.py for tasks to queue
[2026-06-29T16:09:19.202+0000] {logging_mixin.py:190} INFO - [2026-06-29T16:09:19.201+0000] {dagbag.py:588} INFO - Filling up the DagBag from /opt/airflow/dags/driven_data_pipeline.py
[2026-06-29T16:09:20.624+0000] {processor.py:925} INFO - DAG(s) 'extract_raw_data_pipeline' retrieved from /opt/airflow/dags/driven_data_pipeline.py
[2026-06-29T16:09:20.781+0000] {logging_mixin.py:190} INFO - [2026-06-29T16:09:20.781+0000] {dag.py:3239} INFO - Sync 1 DAGs
[2026-06-29T16:09:20.894+0000] {logging_mixin.py:190} INFO - [2026-06-29T16:09:20.893+0000] {dag.py:4180} INFO - Setting next_dagrun for extract_raw_data_pipeline to 2026-06-29 07:59:00+00:00, run_after=2026-06-30 07:00:00+00:00
[2026-06-29T16:09:20.982+0000] {processor.py:208} INFO - Processing /opt/airflow/dags/driven_data_pipeline.py took 1.848 seconds
[2026-06-29T16:09:51.048+0000] {processor.py:186} INFO - Started process (PID=528) to work on /opt/airflow/dags/driven_data_pipeline.py
[2026-06-29T16:09:51.049+0000] {processor.py:914} INFO - Processing file /opt/airflow/dags/driven_data_pipeline.py for tasks to queue
[2026-06-29T16:09:51.053+0000] {logging_mixin.py:190} INFO - [2026-06-29T16:09:51.052+0000] {dagbag.py:588} INFO - Filling up the DagBag from /opt/airflow/dags/driven_data_pipeline.py
[2026-06-29T16:09:51.284+0000] {processor.py:925} INFO - DAG(s) 'extract_raw_data_pipeline' retrieved from /opt/airflow/dags/driven_data_pipeline.py
[2026-06-29T16:09:51.317+0000] {logging_mixin.py:190} INFO - [2026-06-29T16:09:51.317+0000] {dag.py:3239} INFO - Sync 1 DAGs
[2026-06-29T16:09:51.343+0000] {logging_mixin.py:190} INFO - [2026-06-29T16:09:51.342+0000] {dag.py:4180} INFO - Setting next_dagrun for extract_raw_data_pipeline to 2026-06-29 07:59:00+00:00, run_after=2026-06-30 07:00:00+00:00
[2026-06-29T16:09:51.365+0000] {processor.py:208} INFO - Processing /opt/airflow/dags/driven_data_pipeline.py took 0.326 seconds
[2026-06-29T16:09:56.371+0000] {processor.py:186} INFO - Started process (PID=538) to work on /opt/airflow/dags/driven_data_pipeline.py
[2026-06-29T16:09:56.372+0000] {processor.py:914} INFO - Processing file /opt/airflow/dags/driven_data_pipeline.py for tasks to queue
[2026-06-29T16:09:56.375+0000] {logging_mixin.py:190} INFO - [2026-06-29T16:09:56.374+0000] {dagbag.py:588} INFO - Filling up the DagBag from /opt/airflow/dags/driven_data_pipeline.py
[2026-06-29T16:09:56.639+0000] {processor.py:925} INFO - DAG(s) 'extract_raw_data_pipeline' retrieved from /opt/airflow/dags/driven_data_pipeline.py
[2026-06-29T16:09:56.672+0000] {logging_mixin.py:190} INFO - [2026-06-29T16:09:56.672+0000] {dag.py:3239} INFO - Sync 1 DAGs
[2026-06-29T16:09:56.702+0000] {logging_mixin.py:190} INFO - [2026-06-29T16:09:56.701+0000] {dag.py:4180} INFO - Setting next_dagrun for extract_raw_data_pipeline to 2026-06-29 07:59:00+00:00, run_after=2026-06-30 07:00:00+00:00
[2026-06-29T16:09:56.736+0000] {processor.py:208} INFO - Processing /opt/airflow/dags/driven_data_pipeline.py took 0.372 seconds
[2026-06-29T16:10:27.058+0000] {processor.py:186} INFO - Started process (PID=552) to work on /opt/airflow/dags/driven_data_pipeline.py
[2026-06-29T16:10:27.059+0000] {processor.py:914} INFO - Processing file /opt/airflow/dags/driven_data_pipeline.py for tasks to queue
[2026-06-29T16:10:27.062+0000] {logging_mixin.py:190} INFO - [2026-06-29T16:10:27.062+0000] {dagbag.py:588} INFO - Filling up the DagBag from /opt/airflow/dags/driven_data_pipeline.py
[2026-06-29T16:10:27.298+0000] {processor.py:925} INFO - DAG(s) 'extract_raw_data_pipeline' retrieved from /opt/airflow/dags/driven_data_pipeline.py
[2026-06-29T16:10:27.328+0000] {logging_mixin.py:190} INFO - [2026-06-29T16:10:27.328+0000] {dag.py:3239} INFO - Sync 1 DAGs
[2026-06-29T16:10:27.354+0000] {logging_mixin.py:190} INFO - [2026-06-29T16:10:27.353+0000] {dag.py:4180} INFO - Setting next_dagrun for extract_raw_data_pipeline to 2026-06-29 07:59:00+00:00, run_after=2026-06-30 07:00:00+00:00
[2026-06-29T16:10:27.382+0000] {processor.py:208} INFO - Processing /opt/airflow/dags/driven_data_pipeline.py took 0.331 seconds
[2026-06-29T16:10:57.695+0000] {processor.py:186} INFO - Started process (PID=562) to work on /opt/airflow/dags/driven_data_pipeline.py
[2026-06-29T16:10:57.697+0000] {processor.py:914} INFO - Processing file /opt/airflow/dags/driven_data_pipeline.py for tasks to queue
[2026-06-29T16:10:57.700+0000] {logging_mixin.py:190} INFO - [2026-06-29T16:10:57.699+0000] {dagbag.py:588} INFO - Filling up the DagBag from /opt/airflow/dags/driven_data_pipeline.py
[2026-06-29T16:10:57.982+0000] {processor.py:925} INFO - DAG(s) 'extract_raw_data_pipeline' retrieved from /opt/airflow/dags/driven_data_pipeline.py
[2026-06-29T16:10:58.030+0000] {logging_mixin.py:190} INFO - [2026-06-29T16:10:58.030+0000] {dag.py:3239} INFO - Sync 1 DAGs
[2026-06-29T16:10:58.083+0000] {logging_mixin.py:190} INFO - [2026-06-29T16:10:58.082+0000] {dag.py:4180} INFO - Setting next_dagrun for extract_raw_data_pipeline to 2026-06-29 07:59:00+00:00, run_after=2026-06-30 07:00:00+00:00
[2026-06-29T16:10:58.116+0000] {processor.py:208} INFO - Processing /opt/airflow/dags/driven_data_pipeline.py took 0.431 seconds
[2026-06-29T16:11:28.408+0000] {processor.py:186} INFO - Started process (PID=572) to work on /opt/airflow/dags/driven_data_pipeline.py
[2026-06-29T16:11:28.410+0000] {processor.py:914} INFO - Processing file /opt/airflow/dags/driven_data_pipeline.py for tasks to queue
[2026-06-29T16:11:28.415+0000] {logging_mixin.py:190} INFO - [2026-06-29T16:11:28.414+0000] {dagbag.py:588} INFO - Filling up the DagBag from /opt/airflow/dags/driven_data_pipeline.py
[2026-06-29T16:11:28.712+0000] {processor.py:925} INFO - DAG(s) 'extract_raw_data_pipeline' retrieved from /opt/airflow/dags/driven_data_pipeline.py
[2026-06-29T16:11:28.751+0000] {logging_mixin.py:190} INFO - [2026-06-29T16:11:28.750+0000] {dag.py:3239} INFO - Sync 1 DAGs
[2026-06-29T16:11:28.790+0000] {logging_mixin.py:190} INFO - [2026-06-29T16:11:28.790+0000] {dag.py:4180} INFO - Setting next_dagrun for extract_raw_data_pipeline to 2026-06-29 07:59:00+00:00, run_after=2026-06-30 07:00:00+00:00
[2026-06-29T16:11:28.826+0000] {processor.py:208} INFO - Processing /opt/airflow/dags/driven_data_pipeline.py took 0.428 seconds
[2026-06-29T16:11:59.173+0000] {processor.py:186} INFO - Started process (PID=582) to work on /opt/airflow/dags/driven_data_pipeline.py
[2026-06-29T16:11:59.175+0000] {processor.py:914} INFO - Processing file /opt/airflow/dags/driven_data_pipeline.py for tasks to queue
[2026-06-29T16:11:59.180+0000] {logging_mixin.py:190} INFO - [2026-06-29T16:11:59.179+0000] {dagbag.py:588} INFO - Filling up the DagBag from /opt/airflow/dags/driven_data_pipeline.py
[2026-06-29T16:11:59.483+0000] {processor.py:925} INFO - DAG(s) 'extract_raw_data_pipeline' retrieved from /opt/airflow/dags/driven_data_pipeline.py
[2026-06-29T16:11:59.533+0000] {logging_mixin.py:190} INFO - [2026-06-29T16:11:59.533+0000] {dag.py:3239} INFO - Sync 1 DAGs
[2026-06-29T16:11:59.580+0000] {logging_mixin.py:190} INFO - [2026-06-29T16:11:59.580+0000] {dag.py:4180} INFO - Setting next_dagrun for extract_raw_data_pipeline to 2026-06-29 07:59:00+00:00, run_after=2026-06-30 07:00:00+00:00
[2026-06-29T16:11:59.612+0000] {processor.py:208} INFO - Processing /opt/airflow/dags/driven_data_pipeline.py took 0.452 seconds
[2026-06-29T16:12:29.969+0000] {processor.py:186} INFO - Started process (PID=592) to work on /opt/airflow/dags/driven_data_pipeline.py
[2026-06-29T16:12:29.970+0000] {processor.py:914} INFO - Processing file /opt/airflow/dags/driven_data_pipeline.py for tasks to queue
[2026-06-29T16:12:29.973+0000] {logging_mixin.py:190} INFO - [2026-06-29T16:12:29.973+0000] {dagbag.py:588} INFO - Filling up the DagBag from /opt/airflow/dags/driven_data_pipeline.py
[2026-06-29T16:12:30.193+0000] {processor.py:925} INFO - DAG(s) 'extract_raw_data_pipeline' retrieved from /opt/airflow/dags/driven_data_pipeline.py
[2026-06-29T16:12:30.222+0000] {logging_mixin.py:190} INFO - [2026-06-29T16:12:30.222+0000] {dag.py:3239} INFO - Sync 1 DAGs
[2026-06-29T16:12:30.254+0000] {logging_mixin.py:190} INFO - [2026-06-29T16:12:30.254+0000] {dag.py:4180} INFO - Setting next_dagrun for extract_raw_data_pipeline to 2026-06-29 07:59:00+00:00, run_after=2026-06-30 07:00:00+00:00
[2026-06-29T16:12:30.280+0000] {processor.py:208} INFO - Processing /opt/airflow/dags/driven_data_pipeline.py took 0.319 seconds
[2026-06-29T16:13:00.585+0000] {processor.py:186} INFO - Started process (PID=602) to work on /opt/airflow/dags/driven_data_pipeline.py
[2026-06-29T16:13:00.587+0000] {processor.py:914} INFO - Processing file /opt/airflow/dags/driven_data_pipeline.py for tasks to queue
[2026-06-29T16:13:00.593+0000] {logging_mixin.py:190} INFO - [2026-06-29T16:13:00.592+0000] {dagbag.py:588} INFO - Filling up the DagBag from /opt/airflow/dags/driven_data_pipeline.py
[2026-06-29T16:13:00.880+0000] {processor.py:925} INFO - DAG(s) 'extract_raw_data_pipeline' retrieved from /opt/airflow/dags/driven_data_pipeline.py
[2026-06-29T16:13:00.922+0000] {logging_mixin.py:190} INFO - [2026-06-29T16:13:00.922+0000] {dag.py:3239} INFO - Sync 1 DAGs
[2026-06-29T16:13:00.957+0000] {logging_mixin.py:190} INFO - [2026-06-29T16:13:00.956+0000] {dag.py:4180} INFO - Setting next_dagrun for extract_raw_data_pipeline to 2026-06-29 07:59:00+00:00, run_after=2026-06-30 07:00:00+00:00
[2026-06-29T16:13:00.991+0000] {processor.py:208} INFO - Processing /opt/airflow/dags/driven_data_pipeline.py took 0.414 seconds
[2026-06-29T16:13:31.405+0000] {processor.py:186} INFO - Started process (PID=612) to work on /opt/airflow/dags/driven_data_pipeline.py
[2026-06-29T16:13:31.406+0000] {processor.py:914} INFO - Processing file /opt/airflow/dags/driven_data_pipeline.py for tasks to queue
[2026-06-29T16:13:31.409+0000] {logging_mixin.py:190} INFO - [2026-06-29T16:13:31.409+0000] {dagbag.py:588} INFO - Filling up the DagBag from /opt/airflow/dags/driven_data_pipeline.py
[2026-06-29T16:13:31.644+0000] {processor.py:925} INFO - DAG(s) 'extract_raw_data_pipeline' retrieved from /opt/airflow/dags/driven_data_pipeline.py
[2026-06-29T16:13:31.709+0000] {logging_mixin.py:190} INFO - [2026-06-29T16:13:31.708+0000] {dag.py:3239} INFO - Sync 1 DAGs
[2026-06-29T16:13:31.755+0000] {logging_mixin.py:190} INFO - [2026-06-29T16:13:31.754+0000] {dag.py:4180} INFO - Setting next_dagrun for extract_raw_data_pipeline to 2026-06-29 07:59:00+00:00, run_after=2026-06-30 07:00:00+00:00
[2026-06-29T16:13:31.795+0000] {processor.py:208} INFO - Processing /opt/airflow/dags/driven_data_pipeline.py took 0.397 seconds
[2026-06-29T16:19:11.080+0000] {processor.py:186} INFO - Started process (PID=79) to work on /opt/airflow/dags/driven_data_pipeline.py
[2026-06-29T16:19:11.087+0000] {processor.py:914} INFO - Processing file /opt/airflow/dags/driven_data_pipeline.py for tasks to queue
[2026-06-29T16:19:11.133+0000] {logging_mixin.py:190} INFO - [2026-06-29T16:19:11.126+0000] {dagbag.py:588} INFO - Filling up the DagBag from /opt/airflow/dags/driven_data_pipeline.py
[2026-06-29T16:19:13.213+0000] {processor.py:925} INFO - DAG(s) 'extract_raw_data_pipeline' retrieved from /opt/airflow/dags/driven_data_pipeline.py
[2026-06-29T16:19:13.415+0000] {logging_mixin.py:190} INFO - [2026-06-29T16:19:13.413+0000] {dag.py:3239} INFO - Sync 1 DAGs
[2026-06-29T16:19:13.582+0000] {logging_mixin.py:190} INFO - [2026-06-29T16:19:13.581+0000] {dag.py:4180} INFO - Setting next_dagrun for extract_raw_data_pipeline to 2026-06-29 07:59:00+00:00, run_after=2026-06-30 07:00:00+00:00
[2026-06-29T16:19:13.666+0000] {processor.py:208} INFO - Processing /opt/airflow/dags/driven_data_pipeline.py took 2.647 seconds
[2026-06-29T16:19:44.064+0000] {processor.py:186} INFO - Started process (PID=89) to work on /opt/airflow/dags/driven_data_pipeline.py
[2026-06-29T16:19:44.067+0000] {processor.py:914} INFO - Processing file /opt/airflow/dags/driven_data_pipeline.py for tasks to queue
[2026-06-29T16:19:44.072+0000] {logging_mixin.py:190} INFO - [2026-06-29T16:19:44.071+0000] {dagbag.py:588} INFO - Filling up the DagBag from /opt/airflow/dags/driven_data_pipeline.py
[2026-06-29T16:19:44.504+0000] {processor.py:925} INFO - DAG(s) 'extract_raw_data_pipeline' retrieved from /opt/airflow/dags/driven_data_pipeline.py
[2026-06-29T16:19:44.533+0000] {logging_mixin.py:190} INFO - [2026-06-29T16:19:44.533+0000] {dag.py:3239} INFO - Sync 1 DAGs
[2026-06-29T16:19:44.558+0000] {logging_mixin.py:190} INFO - [2026-06-29T16:19:44.557+0000] {dag.py:4180} INFO - Setting next_dagrun for extract_raw_data_pipeline to 2026-06-29 07:59:00+00:00, run_after=2026-06-30 07:00:00+00:00
[2026-06-29T16:19:44.578+0000] {processor.py:208} INFO - Processing /opt/airflow/dags/driven_data_pipeline.py took 0.527 seconds
[2026-06-29T16:20:14.901+0000] {processor.py:186} INFO - Started process (PID=99) to work on /opt/airflow/dags/driven_data_pipeline.py
[2026-06-29T16:20:14.903+0000] {processor.py:914} INFO - Processing file /opt/airflow/dags/driven_data_pipeline.py for tasks to queue
[2026-06-29T16:20:14.907+0000] {logging_mixin.py:190} INFO - [2026-06-29T16:20:14.907+0000] {dagbag.py:588} INFO - Filling up the DagBag from /opt/airflow/dags/driven_data_pipeline.py
[2026-06-29T16:20:15.449+0000] {processor.py:925} INFO - DAG(s) 'extract_raw_data_pipeline' retrieved from /opt/airflow/dags/driven_data_pipeline.py
[2026-06-29T16:20:15.487+0000] {logging_mixin.py:190} INFO - [2026-06-29T16:20:15.487+0000] {dag.py:3239} INFO - Sync 1 DAGs
[2026-06-29T16:20:15.514+0000] {logging_mixin.py:190} INFO - [2026-06-29T16:20:15.514+0000] {dag.py:4180} INFO - Setting next_dagrun for extract_raw_data_pipeline to 2026-06-29 07:59:00+00:00, run_after=2026-06-30 07:00:00+00:00
[2026-06-29T16:20:15.552+0000] {processor.py:208} INFO - Processing /opt/airflow/dags/driven_data_pipeline.py took 0.659 seconds
[2026-06-29T16:20:45.668+0000] {processor.py:186} INFO - Started process (PID=109) to work on /opt/airflow/dags/driven_data_pipeline.py
[2026-06-29T16:20:45.669+0000] {processor.py:914} INFO - Processing file /opt/airflow/dags/driven_data_pipeline.py for tasks to queue
[2026-06-29T16:20:45.672+0000] {logging_mixin.py:190} INFO - [2026-06-29T16:20:45.672+0000] {dagbag.py:588} INFO - Filling up the DagBag from /opt/airflow/dags/driven_data_pipeline.py
[2026-06-29T16:20:46.149+0000] {processor.py:925} INFO - DAG(s) 'extract_raw_data_pipeline' retrieved from /opt/airflow/dags/driven_data_pipeline.py
[2026-06-29T16:20:46.173+0000] {logging_mixin.py:190} INFO - [2026-06-29T16:20:46.173+0000] {dag.py:3239} INFO - Sync 1 DAGs
[2026-06-29T16:20:46.193+0000] {logging_mixin.py:190} INFO - [2026-06-29T16:20:46.193+0000] {dag.py:4180} INFO - Setting next_dagrun for extract_raw_data_pipeline to 2026-06-29 07:59:00+00:00, run_after=2026-06-30 07:00:00+00:00
[2026-06-29T16:20:46.215+0000] {processor.py:208} INFO - Processing /opt/airflow/dags/driven_data_pipeline.py took 0.553 seconds
[2026-06-29T16:21:16.539+0000] {processor.py:186} INFO - Started process (PID=119) to work on /opt/airflow/dags/driven_data_pipeline.py
[2026-06-29T16:21:16.541+0000] {processor.py:914} INFO - Processing file /opt/airflow/dags/driven_data_pipeline.py for tasks to queue
[2026-06-29T16:21:16.544+0000] {logging_mixin.py:190} INFO - [2026-06-29T16:21:16.543+0000] {dagbag.py:588} INFO - Filling up the DagBag from /opt/airflow/dags/driven_data_pipeline.py
[2026-06-29T16:21:16.954+0000] {processor.py:925} INFO - DAG(s) 'extract_raw_data_pipeline' retrieved from /opt/airflow/dags/driven_data_pipeline.py
[2026-06-29T16:21:16.976+0000] {logging_mixin.py:190} INFO - [2026-06-29T16:21:16.976+0000] {dag.py:3239} INFO - Sync 1 DAGs
[2026-06-29T16:21:16.995+0000] {logging_mixin.py:190} INFO - [2026-06-29T16:21:16.995+0000] {dag.py:4180} INFO - Setting next_dagrun for extract_raw_data_pipeline to 2026-06-29 07:59:00+00:00, run_after=2026-06-30 07:00:00+00:00
[2026-06-29T16:21:17.015+0000] {processor.py:208} INFO - Processing /opt/airflow/dags/driven_data_pipeline.py took 0.482 seconds
[2026-06-29T16:21:47.322+0000] {processor.py:186} INFO - Started process (PID=129) to work on /opt/airflow/dags/driven_data_pipeline.py
[2026-06-29T16:21:47.324+0000] {processor.py:914} INFO - Processing file /opt/airflow/dags/driven_data_pipeline.py for tasks to queue
[2026-06-29T16:21:47.326+0000] {logging_mixin.py:190} INFO - [2026-06-29T16:21:47.326+0000] {dagbag.py:588} INFO - Filling up the DagBag from /opt/airflow/dags/driven_data_pipeline.py
[2026-06-29T16:21:47.723+0000] {processor.py:925} INFO - DAG(s) 'extract_raw_data_pipeline' retrieved from /opt/airflow/dags/driven_data_pipeline.py
[2026-06-29T16:21:47.746+0000] {logging_mixin.py:190} INFO - [2026-06-29T16:21:47.746+0000] {dag.py:3239} INFO - Sync 1 DAGs
[2026-06-29T16:21:47.766+0000] {logging_mixin.py:190} INFO - [2026-06-29T16:21:47.766+0000] {dag.py:4180} INFO - Setting next_dagrun for extract_raw_data_pipeline to 2026-06-29 07:59:00+00:00, run_after=2026-06-30 07:00:00+00:00
[2026-06-29T16:21:47.786+0000] {processor.py:208} INFO - Processing /opt/airflow/dags/driven_data_pipeline.py took 0.472 seconds
[2026-06-29T16:22:18.098+0000] {processor.py:186} INFO - Started process (PID=139) to work on /opt/airflow/dags/driven_data_pipeline.py
[2026-06-29T16:22:18.100+0000] {processor.py:914} INFO - Processing file /opt/airflow/dags/driven_data_pipeline.py for tasks to queue
[2026-06-29T16:22:18.102+0000] {logging_mixin.py:190} INFO - [2026-06-29T16:22:18.102+0000] {dagbag.py:588} INFO - Filling up the DagBag from /opt/airflow/dags/driven_data_pipeline.py
[2026-06-29T16:22:18.450+0000] {processor.py:925} INFO - DAG(s) 'extract_raw_data_pipeline' retrieved from /opt/airflow/dags/driven_data_pipeline.py
[2026-06-29T16:22:18.474+0000] {logging_mixin.py:190} INFO - [2026-06-29T16:22:18.474+0000] {dag.py:3239} INFO - Sync 1 DAGs
[2026-06-29T16:22:18.493+0000] {logging_mixin.py:190} INFO - [2026-06-29T16:22:18.492+0000] {dag.py:4180} INFO - Setting next_dagrun for extract_raw_data_pipeline to 2026-06-29 07:59:00+00:00, run_after=2026-06-30 07:00:00+00:00
[2026-06-29T16:22:18.509+0000] {processor.py:208} INFO - Processing /opt/airflow/dags/driven_data_pipeline.py took 0.417 seconds
[2026-06-29T16:22:48.820+0000] {processor.py:186} INFO - Started process (PID=149) to work on /opt/airflow/dags/driven_data_pipeline.py
[2026-06-29T16:22:48.822+0000] {processor.py:914} INFO - Processing file /opt/airflow/dags/driven_data_pipeline.py for tasks to queue
[2026-06-29T16:22:48.826+0000] {logging_mixin.py:190} INFO - [2026-06-29T16:22:48.825+0000] {dagbag.py:588} INFO - Filling up the DagBag from /opt/airflow/dags/driven_data_pipeline.py
[2026-06-29T16:22:49.291+0000] {processor.py:925} INFO - DAG(s) 'extract_raw_data_pipeline' retrieved from /opt/airflow/dags/driven_data_pipeline.py
[2026-06-29T16:22:49.314+0000] {logging_mixin.py:190} INFO - [2026-06-29T16:22:49.314+0000] {dag.py:3239} INFO - Sync 1 DAGs
[2026-06-29T16:22:49.335+0000] {logging_mixin.py:190} INFO - [2026-06-29T16:22:49.334+0000] {dag.py:4180} INFO - Setting next_dagrun for extract_raw_data_pipeline to 2026-06-29 07:59:00+00:00, run_after=2026-06-30 07:00:00+00:00
[2026-06-29T16:22:49.353+0000] {processor.py:208} INFO - Processing /opt/airflow/dags/driven_data_pipeline.py took 0.542 seconds
[2026-06-29T16:23:19.663+0000] {processor.py:186} INFO - Started process (PID=159) to work on /opt/airflow/dags/driven_data_pipeline.py
[2026-06-29T16:23:19.666+0000] {processor.py:914} INFO - Processing file /opt/airflow/dags/driven_data_pipeline.py for tasks to queue
[2026-06-29T16:23:19.669+0000] {logging_mixin.py:190} INFO - [2026-06-29T16:23:19.669+0000] {dagbag.py:588} INFO - Filling up the DagBag from /opt/airflow/dags/driven_data_pipeline.py
[2026-06-29T16:23:19.907+0000] {processor.py:925} INFO - DAG(s) 'extract_raw_data_pipeline' retrieved from /opt/airflow/dags/driven_data_pipeline.py
[2026-06-29T16:23:19.937+0000] {logging_mixin.py:190} INFO - [2026-06-29T16:23:19.937+0000] {dag.py:3239} INFO - Sync 1 DAGs
[2026-06-29T16:23:19.964+0000] {logging_mixin.py:190} INFO - [2026-06-29T16:23:19.964+0000] {dag.py:4180} INFO - Setting next_dagrun for extract_raw_data_pipeline to 2026-06-29 07:59:00+00:00, run_after=2026-06-30 07:00:00+00:00
[2026-06-29T16:23:19.987+0000] {processor.py:208} INFO - Processing /opt/airflow/dags/driven_data_pipeline.py took 0.336 seconds
[2026-06-29T16:23:50.116+0000] {processor.py:186} INFO - Started process (PID=169) to work on /opt/airflow/dags/driven_data_pipeline.py
[2026-06-29T16:23:50.117+0000] {processor.py:914} INFO - Processing file /opt/airflow/dags/driven_data_pipeline.py for tasks to queue
[2026-06-29T16:23:50.122+0000] {logging_mixin.py:190} INFO - [2026-06-29T16:23:50.121+0000] {dagbag.py:588} INFO - Filling up the DagBag from /opt/airflow/dags/driven_data_pipeline.py
[2026-06-29T16:23:50.344+0000] {processor.py:925} INFO - DAG(s) 'extract_raw_data_pipeline' retrieved from /opt/airflow/dags/driven_data_pipeline.py
[2026-06-29T16:23:50.374+0000] {logging_mixin.py:190} INFO - [2026-06-29T16:23:50.374+0000] {dag.py:3239} INFO - Sync 1 DAGs
[2026-06-29T16:23:50.400+0000] {logging_mixin.py:190} INFO - [2026-06-29T16:23:50.400+0000] {dag.py:4180} INFO - Setting next_dagrun for extract_raw_data_pipeline to 2026-06-29 07:59:00+00:00, run_after=2026-06-30 07:00:00+00:00
[2026-06-29T16:23:50.418+0000] {processor.py:208} INFO - Processing /opt/airflow/dags/driven_data_pipeline.py took 0.311 seconds
[2026-06-29T16:24:20.667+0000] {processor.py:186} INFO - Started process (PID=179) to work on /opt/airflow/dags/driven_data_pipeline.py
[2026-06-29T16:24:20.668+0000] {processor.py:914} INFO - Processing file /opt/airflow/dags/driven_data_pipeline.py for tasks to queue
[2026-06-29T16:24:20.671+0000] {logging_mixin.py:190} INFO - [2026-06-29T16:24:20.671+0000] {dagbag.py:588} INFO - Filling up the DagBag from /opt/airflow/dags/driven_data_pipeline.py
[2026-06-29T16:24:20.901+0000] {processor.py:925} INFO - DAG(s) 'extract_raw_data_pipeline' retrieved from /opt/airflow/dags/driven_data_pipeline.py
[2026-06-29T16:24:20.930+0000] {logging_mixin.py:190} INFO - [2026-06-29T16:24:20.929+0000] {dag.py:3239} INFO - Sync 1 DAGs
[2026-06-29T16:24:20.955+0000] {logging_mixin.py:190} INFO - [2026-06-29T16:24:20.955+0000] {dag.py:4180} INFO - Setting next_dagrun for extract_raw_data_pipeline to 2026-06-29 07:59:00+00:00, run_after=2026-06-30 07:00:00+00:00
[2026-06-29T16:24:20.974+0000] {processor.py:208} INFO - Processing /opt/airflow/dags/driven_data_pipeline.py took 0.314 seconds
[2026-06-29T16:24:51.302+0000] {processor.py:186} INFO - Started process (PID=189) to work on /opt/airflow/dags/driven_data_pipeline.py
[2026-06-29T16:24:51.304+0000] {processor.py:914} INFO - Processing file /opt/airflow/dags/driven_data_pipeline.py for tasks to queue
[2026-06-29T16:24:51.307+0000] {logging_mixin.py:190} INFO - [2026-06-29T16:24:51.307+0000] {dagbag.py:588} INFO - Filling up the DagBag from /opt/airflow/dags/driven_data_pipeline.py
[2026-06-29T16:24:51.522+0000] {processor.py:925} INFO - DAG(s) 'extract_raw_data_pipeline' retrieved from /opt/airflow/dags/driven_data_pipeline.py
[2026-06-29T16:24:51.552+0000] {logging_mixin.py:190} INFO - [2026-06-29T16:24:51.551+0000] {dag.py:3239} INFO - Sync 1 DAGs
[2026-06-29T16:24:51.577+0000] {logging_mixin.py:190} INFO - [2026-06-29T16:24:51.577+0000] {dag.py:4180} INFO - Setting next_dagrun for extract_raw_data_pipeline to 2026-06-29 07:59:00+00:00, run_after=2026-06-30 07:00:00+00:00
[2026-06-29T16:24:51.602+0000] {processor.py:208} INFO - Processing /opt/airflow/dags/driven_data_pipeline.py took 0.306 seconds
[2026-06-29T16:25:21.931+0000] {processor.py:186} INFO - Started process (PID=199) to work on /opt/airflow/dags/driven_data_pipeline.py
[2026-06-29T16:25:21.933+0000] {processor.py:914} INFO - Processing file /opt/airflow/dags/driven_data_pipeline.py for tasks to queue
[2026-06-29T16:25:21.939+0000] {logging_mixin.py:190} INFO - [2026-06-29T16:25:21.939+0000] {dagbag.py:588} INFO - Filling up the DagBag from /opt/airflow/dags/driven_data_pipeline.py
[2026-06-29T16:25:22.159+0000] {processor.py:925} INFO - DAG(s) 'extract_raw_data_pipeline' retrieved from /opt/airflow/dags/driven_data_pipeline.py
[2026-06-29T16:25:22.185+0000] {logging_mixin.py:190} INFO - [2026-06-29T16:25:22.184+0000] {dag.py:3239} INFO - Sync 1 DAGs
[2026-06-29T16:25:22.211+0000] {logging_mixin.py:190} INFO - [2026-06-29T16:25:22.211+0000] {dag.py:4180} INFO - Setting next_dagrun for extract_raw_data_pipeline to 2026-06-29 07:59:00+00:00, run_after=2026-06-30 07:00:00+00:00
[2026-06-29T16:25:22.233+0000] {processor.py:208} INFO - Processing /opt/airflow/dags/driven_data_pipeline.py took 0.310 seconds
[2026-06-29T16:25:52.554+0000] {processor.py:186} INFO - Started process (PID=209) to work on /opt/airflow/dags/driven_data_pipeline.py
[2026-06-29T16:25:52.555+0000] {processor.py:914} INFO - Processing file /opt/airflow/dags/driven_data_pipeline.py for tasks to queue
[2026-06-29T16:25:52.558+0000] {logging_mixin.py:190} INFO - [2026-06-29T16:25:52.558+0000] {dagbag.py:588} INFO - Filling up the DagBag from /opt/airflow/dags/driven_data_pipeline.py
[2026-06-29T16:25:52.755+0000] {processor.py:925} INFO - DAG(s) 'extract_raw_data_pipeline' retrieved from /opt/airflow/dags/driven_data_pipeline.py
[2026-06-29T16:25:52.781+0000] {logging_mixin.py:190} INFO - [2026-06-29T16:25:52.781+0000] {dag.py:3239} INFO - Sync 1 DAGs
[2026-06-29T16:25:52.807+0000] {logging_mixin.py:190} INFO - [2026-06-29T16:25:52.807+0000] {dag.py:4180} INFO - Setting next_dagrun for extract_raw_data_pipeline to 2026-06-29 07:59:00+00:00, run_after=2026-06-30 07:00:00+00:00
[2026-06-29T16:25:52.827+0000] {processor.py:208} INFO - Processing /opt/airflow/dags/driven_data_pipeline.py took 0.279 seconds
[2026-06-29T16:26:23.164+0000] {processor.py:186} INFO - Started process (PID=219) to work on /opt/airflow/dags/driven_data_pipeline.py
[2026-06-29T16:26:23.165+0000] {processor.py:914} INFO - Processing file /opt/airflow/dags/driven_data_pipeline.py for tasks to queue
[2026-06-29T16:26:23.168+0000] {logging_mixin.py:190} INFO - [2026-06-29T16:26:23.168+0000] {dagbag.py:588} INFO - Filling up the DagBag from /opt/airflow/dags/driven_data_pipeline.py
[2026-06-29T16:26:23.368+0000] {processor.py:925} INFO - DAG(s) 'extract_raw_data_pipeline' retrieved from /opt/airflow/dags/driven_data_pipeline.py
[2026-06-29T16:26:23.398+0000] {logging_mixin.py:190} INFO - [2026-06-29T16:26:23.397+0000] {dag.py:3239} INFO - Sync 1 DAGs
[2026-06-29T16:26:23.419+0000] {logging_mixin.py:190} INFO - [2026-06-29T16:26:23.419+0000] {dag.py:4180} INFO - Setting next_dagrun for extract_raw_data_pipeline to 2026-06-29 07:59:00+00:00, run_after=2026-06-30 07:00:00+00:00
[2026-06-29T16:26:23.440+0000] {processor.py:208} INFO - Processing /opt/airflow/dags/driven_data_pipeline.py took 0.283 seconds
[2026-06-29T16:26:53.755+0000] {processor.py:186} INFO - Started process (PID=229) to work on /opt/airflow/dags/driven_data_pipeline.py
[2026-06-29T16:26:53.757+0000] {processor.py:914} INFO - Processing file /opt/airflow/dags/driven_data_pipeline.py for tasks to queue
[2026-06-29T16:26:53.761+0000] {logging_mixin.py:190} INFO - [2026-06-29T16:26:53.760+0000] {dagbag.py:588} INFO - Filling up the DagBag from /opt/airflow/dags/driven_data_pipeline.py
[2026-06-29T16:26:54.018+0000] {processor.py:925} INFO - DAG(s) 'extract_raw_data_pipeline' retrieved from /opt/airflow/dags/driven_data_pipeline.py
[2026-06-29T16:26:54.045+0000] {logging_mixin.py:190} INFO - [2026-06-29T16:26:54.045+0000] {dag.py:3239} INFO - Sync 1 DAGs
[2026-06-29T16:26:54.074+0000] {logging_mixin.py:190} INFO - [2026-06-29T16:26:54.073+0000] {dag.py:4180} INFO - Setting next_dagrun for extract_raw_data_pipeline to 2026-06-29 07:59:00+00:00, run_after=2026-06-30 07:00:00+00:00
[2026-06-29T16:26:54.100+0000] {processor.py:208} INFO - Processing /opt/airflow/dags/driven_data_pipeline.py took 0.351 seconds
[2026-06-29T16:27:24.413+0000] {processor.py:186} INFO - Started process (PID=239) to work on /opt/airflow/dags/driven_data_pipeline.py
[2026-06-29T16:27:24.415+0000] {processor.py:914} INFO - Processing file /opt/airflow/dags/driven_data_pipeline.py for tasks to queue
[2026-06-29T16:27:24.418+0000] {logging_mixin.py:190} INFO - [2026-06-29T16:27:24.418+0000] {dagbag.py:588} INFO - Filling up the DagBag from /opt/airflow/dags/driven_data_pipeline.py
[2026-06-29T16:27:24.678+0000] {processor.py:925} INFO - DAG(s) 'extract_raw_data_pipeline' retrieved from /opt/airflow/dags/driven_data_pipeline.py
[2026-06-29T16:27:24.713+0000] {logging_mixin.py:190} INFO - [2026-06-29T16:27:24.713+0000] {dag.py:3239} INFO - Sync 1 DAGs
[2026-06-29T16:27:24.747+0000] {logging_mixin.py:190} INFO - [2026-06-29T16:27:24.747+0000] {dag.py:4180} INFO - Setting next_dagrun for extract_raw_data_pipeline to 2026-06-29 07:59:00+00:00, run_after=2026-06-30 07:00:00+00:00
[2026-06-29T16:27:24.775+0000] {processor.py:208} INFO - Processing /opt/airflow/dags/driven_data_pipeline.py took 0.371 seconds
[2026-06-29T16:27:55.076+0000] {processor.py:186} INFO - Started process (PID=249) to work on /opt/airflow/dags/driven_data_pipeline.py
[2026-06-29T16:27:55.078+0000] {processor.py:914} INFO - Processing file /opt/airflow/dags/driven_data_pipeline.py for tasks to queue
[2026-06-29T16:27:55.080+0000] {logging_mixin.py:190} INFO - [2026-06-29T16:27:55.080+0000] {dagbag.py:588} INFO - Filling up the DagBag from /opt/airflow/dags/driven_data_pipeline.py
[2026-06-29T16:27:55.285+0000] {processor.py:925} INFO - DAG(s) 'extract_raw_data_pipeline' retrieved from /opt/airflow/dags/driven_data_pipeline.py
[2026-06-29T16:27:55.312+0000] {logging_mixin.py:190} INFO - [2026-06-29T16:27:55.312+0000] {dag.py:3239} INFO - Sync 1 DAGs
[2026-06-29T16:27:55.335+0000] {logging_mixin.py:190} INFO - [2026-06-29T16:27:55.334+0000] {dag.py:4180} INFO - Setting next_dagrun for extract_raw_data_pipeline to 2026-06-29 07:59:00+00:00, run_after=2026-06-30 07:00:00+00:00
[2026-06-29T16:27:55.357+0000] {processor.py:208} INFO - Processing /opt/airflow/dags/driven_data_pipeline.py took 0.288 seconds
[2026-06-29T16:28:25.722+0000] {processor.py:186} INFO - Started process (PID=259) to work on /opt/airflow/dags/driven_data_pipeline.py
[2026-06-29T16:28:25.724+0000] {processor.py:914} INFO - Processing file /opt/airflow/dags/driven_data_pipeline.py for tasks to queue
[2026-06-29T16:28:25.729+0000] {logging_mixin.py:190} INFO - [2026-06-29T16:28:25.728+0000] {dagbag.py:588} INFO - Filling up the DagBag from /opt/airflow/dags/driven_data_pipeline.py
[2026-06-29T16:28:26.118+0000] {processor.py:925} INFO - DAG(s) 'extract_raw_data_pipeline' retrieved from /opt/airflow/dags/driven_data_pipeline.py
[2026-06-29T16:28:26.165+0000] {logging_mixin.py:190} INFO - [2026-06-29T16:28:26.165+0000] {dag.py:3239} INFO - Sync 1 DAGs
[2026-06-29T16:28:26.207+0000] {logging_mixin.py:190} INFO - [2026-06-29T16:28:26.207+0000] {dag.py:4180} INFO - Setting next_dagrun for extract_raw_data_pipeline to 2026-06-29 07:59:00+00:00, run_after=2026-06-30 07:00:00+00:00
[2026-06-29T16:28:26.245+0000] {processor.py:208} INFO - Processing /opt/airflow/dags/driven_data_pipeline.py took 0.537 seconds
[2026-06-29T16:28:56.596+0000] {processor.py:186} INFO - Started process (PID=269) to work on /opt/airflow/dags/driven_data_pipeline.py
[2026-06-29T16:28:56.598+0000] {processor.py:914} INFO - Processing file /opt/airflow/dags/driven_data_pipeline.py for tasks to queue
[2026-06-29T16:28:56.600+0000] {logging_mixin.py:190} INFO - [2026-06-29T16:28:56.600+0000] {dagbag.py:588} INFO - Filling up the DagBag from /opt/airflow/dags/driven_data_pipeline.py
[2026-06-29T16:28:56.799+0000] {processor.py:925} INFO - DAG(s) 'extract_raw_data_pipeline' retrieved from /opt/airflow/dags/driven_data_pipeline.py
[2026-06-29T16:28:56.833+0000] {logging_mixin.py:190} INFO - [2026-06-29T16:28:56.833+0000] {dag.py:3239} INFO - Sync 1 DAGs
[2026-06-29T16:28:56.859+0000] {logging_mixin.py:190} INFO - [2026-06-29T16:28:56.859+0000] {dag.py:4180} INFO - Setting next_dagrun for extract_raw_data_pipeline to 2026-06-29 07:59:00+00:00, run_after=2026-06-30 07:00:00+00:00
[2026-06-29T16:28:56.885+0000] {processor.py:208} INFO - Processing /opt/airflow/dags/driven_data_pipeline.py took 0.296 seconds
[2026-06-29T16:29:27.206+0000] {processor.py:186} INFO - Started process (PID=279) to work on /opt/airflow/dags/driven_data_pipeline.py
[2026-06-29T16:29:27.208+0000] {processor.py:914} INFO - Processing file /opt/airflow/dags/driven_data_pipeline.py for tasks to queue
[2026-06-29T16:29:27.211+0000] {logging_mixin.py:190} INFO - [2026-06-29T16:29:27.211+0000] {dagbag.py:588} INFO - Filling up the DagBag from /opt/airflow/dags/driven_data_pipeline.py
[2026-06-29T16:29:27.523+0000] {processor.py:925} INFO - DAG(s) 'extract_raw_data_pipeline' retrieved from /opt/airflow/dags/driven_data_pipeline.py
[2026-06-29T16:29:27.576+0000] {logging_mixin.py:190} INFO - [2026-06-29T16:29:27.576+0000] {dag.py:3239} INFO - Sync 1 DAGs
[2026-06-29T16:29:27.639+0000] {logging_mixin.py:190} INFO - [2026-06-29T16:29:27.638+0000] {dag.py:4180} INFO - Setting next_dagrun for extract_raw_data_pipeline to 2026-06-29 07:59:00+00:00, run_after=2026-06-30 07:00:00+00:00
[2026-06-29T16:29:27.680+0000] {processor.py:208} INFO - Processing /opt/airflow/dags/driven_data_pipeline.py took 0.484 seconds
[2026-06-29T16:29:58.014+0000] {processor.py:186} INFO - Started process (PID=289) to work on /opt/airflow/dags/driven_data_pipeline.py
[2026-06-29T16:29:58.015+0000] {processor.py:914} INFO - Processing file /opt/airflow/dags/driven_data_pipeline.py for tasks to queue
[2026-06-29T16:29:58.018+0000] {logging_mixin.py:190} INFO - [2026-06-29T16:29:58.017+0000] {dagbag.py:588} INFO - Filling up the DagBag from /opt/airflow/dags/driven_data_pipeline.py
[2026-06-29T16:29:58.202+0000] {processor.py:925} INFO - DAG(s) 'extract_raw_data_pipeline' retrieved from /opt/airflow/dags/driven_data_pipeline.py
[2026-06-29T16:29:58.229+0000] {logging_mixin.py:190} INFO - [2026-06-29T16:29:58.229+0000] {dag.py:3239} INFO - Sync 1 DAGs
[2026-06-29T16:29:58.252+0000] {logging_mixin.py:190} INFO - [2026-06-29T16:29:58.252+0000] {dag.py:4180} INFO - Setting next_dagrun for extract_raw_data_pipeline to 2026-06-29 07:59:00+00:00, run_after=2026-06-30 07:00:00+00:00
[2026-06-29T16:29:58.300+0000] {processor.py:208} INFO - Processing /opt/airflow/dags/driven_data_pipeline.py took 0.292 seconds
[2026-06-29T16:30:28.600+0000] {processor.py:186} INFO - Started process (PID=299) to work on /opt/airflow/dags/driven_data_pipeline.py
[2026-06-29T16:30:28.601+0000] {processor.py:914} INFO - Processing file /opt/airflow/dags/driven_data_pipeline.py for tasks to queue
[2026-06-29T16:30:28.604+0000] {logging_mixin.py:190} INFO - [2026-06-29T16:30:28.603+0000] {dagbag.py:588} INFO - Filling up the DagBag from /opt/airflow/dags/driven_data_pipeline.py
[2026-06-29T16:30:28.798+0000] {processor.py:925} INFO - DAG(s) 'extract_raw_data_pipeline' retrieved from /opt/airflow/dags/driven_data_pipeline.py
[2026-06-29T16:30:28.828+0000] {logging_mixin.py:190} INFO - [2026-06-29T16:30:28.828+0000] {dag.py:3239} INFO - Sync 1 DAGs
[2026-06-29T16:30:28.868+0000] {logging_mixin.py:190} INFO - [2026-06-29T16:30:28.867+0000] {dag.py:4180} INFO - Setting next_dagrun for extract_raw_data_pipeline to 2026-06-29 07:59:00+00:00, run_after=2026-06-30 07:00:00+00:00
[2026-06-29T16:30:28.902+0000] {processor.py:208} INFO - Processing /opt/airflow/dags/driven_data_pipeline.py took 0.310 seconds
[2026-06-29T16:30:59.250+0000] {processor.py:186} INFO - Started process (PID=309) to work on /opt/airflow/dags/driven_data_pipeline.py
[2026-06-29T16:30:59.252+0000] {processor.py:914} INFO - Processing file /opt/airflow/dags/driven_data_pipeline.py for tasks to queue
[2026-06-29T16:30:59.255+0000] {logging_mixin.py:190} INFO - [2026-06-29T16:30:59.254+0000] {dagbag.py:588} INFO - Filling up the DagBag from /opt/airflow/dags/driven_data_pipeline.py
[2026-06-29T16:30:59.496+0000] {processor.py:925} INFO - DAG(s) 'extract_raw_data_pipeline' retrieved from /opt/airflow/dags/driven_data_pipeline.py
[2026-06-29T16:30:59.534+0000] {logging_mixin.py:190} INFO - [2026-06-29T16:30:59.534+0000] {dag.py:3239} INFO - Sync 1 DAGs
[2026-06-29T16:30:59.563+0000] {logging_mixin.py:190} INFO - [2026-06-29T16:30:59.563+0000] {dag.py:4180} INFO - Setting next_dagrun for extract_raw_data_pipeline to 2026-06-29 07:59:00+00:00, run_after=2026-06-30 07:00:00+00:00
[2026-06-29T16:30:59.610+0000] {processor.py:208} INFO - Processing /opt/airflow/dags/driven_data_pipeline.py took 0.367 seconds
[2026-06-29T16:31:29.959+0000] {processor.py:186} INFO - Started process (PID=319) to work on /opt/airflow/dags/driven_data_pipeline.py
[2026-06-29T16:31:29.960+0000] {processor.py:914} INFO - Processing file /opt/airflow/dags/driven_data_pipeline.py for tasks to queue
[2026-06-29T16:31:29.964+0000] {logging_mixin.py:190} INFO - [2026-06-29T16:31:29.964+0000] {dagbag.py:588} INFO - Filling up the DagBag from /opt/airflow/dags/driven_data_pipeline.py
[2026-06-29T16:31:30.209+0000] {processor.py:925} INFO - DAG(s) 'extract_raw_data_pipeline' retrieved from /opt/airflow/dags/driven_data_pipeline.py
[2026-06-29T16:31:30.240+0000] {logging_mixin.py:190} INFO - [2026-06-29T16:31:30.240+0000] {dag.py:3239} INFO - Sync 1 DAGs
[2026-06-29T16:31:30.265+0000] {logging_mixin.py:190} INFO - [2026-06-29T16:31:30.265+0000] {dag.py:4180} INFO - Setting next_dagrun for extract_raw_data_pipeline to 2026-06-29 07:59:00+00:00, run_after=2026-06-30 07:00:00+00:00
[2026-06-29T16:31:30.286+0000] {processor.py:208} INFO - Processing /opt/airflow/dags/driven_data_pipeline.py took 0.337 seconds
[2026-06-29T16:32:00.607+0000] {processor.py:186} INFO - Started process (PID=329) to work on /opt/airflow/dags/driven_data_pipeline.py
[2026-06-29T16:32:00.609+0000] {processor.py:914} INFO - Processing file /opt/airflow/dags/driven_data_pipeline.py for tasks to queue
[2026-06-29T16:32:00.612+0000] {logging_mixin.py:190} INFO - [2026-06-29T16:32:00.612+0000] {dagbag.py:588} INFO - Filling up the DagBag from /opt/airflow/dags/driven_data_pipeline.py
[2026-06-29T16:32:00.895+0000] {processor.py:925} INFO - DAG(s) 'extract_raw_data_pipeline' retrieved from /opt/airflow/dags/driven_data_pipeline.py
[2026-06-29T16:32:00.933+0000] {logging_mixin.py:190} INFO - [2026-06-29T16:32:00.933+0000] {dag.py:3239} INFO - Sync 1 DAGs
[2026-06-29T16:32:00.964+0000] {logging_mixin.py:190} INFO - [2026-06-29T16:32:00.964+0000] {dag.py:4180} INFO - Setting next_dagrun for extract_raw_data_pipeline to 2026-06-29 07:59:00+00:00, run_after=2026-06-30 07:00:00+00:00
[2026-06-29T16:32:00.990+0000] {processor.py:208} INFO - Processing /opt/airflow/dags/driven_data_pipeline.py took 0.391 seconds
[2026-06-29T16:32:31.289+0000] {processor.py:186} INFO - Started process (PID=339) to work on /opt/airflow/dags/driven_data_pipeline.py
[2026-06-29T16:32:31.290+0000] {processor.py:914} INFO - Processing file /opt/airflow/dags/driven_data_pipeline.py for tasks to queue
[2026-06-29T16:32:31.293+0000] {logging_mixin.py:190} INFO - [2026-06-29T16:32:31.293+0000] {dagbag.py:588} INFO - Filling up the DagBag from /opt/airflow/dags/driven_data_pipeline.py
[2026-06-29T16:32:31.464+0000] {processor.py:925} INFO - DAG(s) 'extract_raw_data_pipeline' retrieved from /opt/airflow/dags/driven_data_pipeline.py
[2026-06-29T16:32:31.490+0000] {logging_mixin.py:190} INFO - [2026-06-29T16:32:31.489+0000] {dag.py:3239} INFO - Sync 1 DAGs
[2026-06-29T16:32:31.511+0000] {logging_mixin.py:190} INFO - [2026-06-29T16:32:31.511+0000] {dag.py:4180} INFO - Setting next_dagrun for extract_raw_data_pipeline to 2026-06-29 07:59:00+00:00, run_after=2026-06-30 07:00:00+00:00
[2026-06-29T16:32:31.533+0000] {processor.py:208} INFO - Processing /opt/airflow/dags/driven_data_pipeline.py took 0.250 seconds
[2026-06-29T16:33:01.815+0000] {processor.py:186} INFO - Started process (PID=349) to work on /opt/airflow/dags/driven_data_pipeline.py
[2026-06-29T16:33:01.817+0000] {processor.py:914} INFO - Processing file /opt/airflow/dags/driven_data_pipeline.py for tasks to queue
[2026-06-29T16:33:01.821+0000] {logging_mixin.py:190} INFO - [2026-06-29T16:33:01.820+0000] {dagbag.py:588} INFO - Filling up the DagBag from /opt/airflow/dags/driven_data_pipeline.py
[2026-06-29T16:33:02.054+0000] {processor.py:925} INFO - DAG(s) 'extract_raw_data_pipeline' retrieved from /opt/airflow/dags/driven_data_pipeline.py
[2026-06-29T16:33:02.096+0000] {logging_mixin.py:190} INFO - [2026-06-29T16:33:02.095+0000] {dag.py:3239} INFO - Sync 1 DAGs
[2026-06-29T16:33:02.133+0000] {logging_mixin.py:190} INFO - [2026-06-29T16:33:02.133+0000] {dag.py:4180} INFO - Setting next_dagrun for extract_raw_data_pipeline to 2026-06-29 07:59:00+00:00, run_after=2026-06-30 07:00:00+00:00
[2026-06-29T16:33:02.168+0000] {processor.py:208} INFO - Processing /opt/airflow/dags/driven_data_pipeline.py took 0.359 seconds
[2026-06-29T16:33:32.548+0000] {processor.py:186} INFO - Started process (PID=359) to work on /opt/airflow/dags/driven_data_pipeline.py
[2026-06-29T16:33:32.552+0000] {processor.py:914} INFO - Processing file /opt/airflow/dags/driven_data_pipeline.py for tasks to queue
[2026-06-29T16:33:32.564+0000] {logging_mixin.py:190} INFO - [2026-06-29T16:33:32.563+0000] {dagbag.py:588} INFO - Filling up the DagBag from /opt/airflow/dags/driven_data_pipeline.py
[2026-06-29T16:33:33.130+0000] {processor.py:925} INFO - DAG(s) 'extract_raw_data_pipeline' retrieved from /opt/airflow/dags/driven_data_pipeline.py
[2026-06-29T16:33:33.186+0000] {logging_mixin.py:190} INFO - [2026-06-29T16:33:33.185+0000] {dag.py:3239} INFO - Sync 1 DAGs
[2026-06-29T16:33:33.240+0000] {logging_mixin.py:190} INFO - [2026-06-29T16:33:33.240+0000] {dag.py:4180} INFO - Setting next_dagrun for extract_raw_data_pipeline to 2026-06-29 07:59:00+00:00, run_after=2026-06-30 07:00:00+00:00
[2026-06-29T16:33:33.287+0000] {processor.py:208} INFO - Processing /opt/airflow/dags/driven_data_pipeline.py took 0.765 seconds
[2026-06-29T16:34:03.401+0000] {processor.py:186} INFO - Started process (PID=369) to work on /opt/airflow/dags/driven_data_pipeline.py
[2026-06-29T16:34:03.403+0000] {processor.py:914} INFO - Processing file /opt/airflow/dags/driven_data_pipeline.py for tasks to queue
[2026-06-29T16:34:03.406+0000] {logging_mixin.py:190} INFO - [2026-06-29T16:34:03.406+0000] {dagbag.py:588} INFO - Filling up the DagBag from /opt/airflow/dags/driven_data_pipeline.py
[2026-06-29T16:34:03.612+0000] {processor.py:925} INFO - DAG(s) 'extract_raw_data_pipeline' retrieved from /opt/airflow/dags/driven_data_pipeline.py
[2026-06-29T16:34:03.642+0000] {logging_mixin.py:190} INFO - [2026-06-29T16:34:03.641+0000] {dag.py:3239} INFO - Sync 1 DAGs
[2026-06-29T16:34:03.670+0000] {logging_mixin.py:190} INFO - [2026-06-29T16:34:03.670+0000] {dag.py:4180} INFO - Setting next_dagrun for extract_raw_data_pipeline to 2026-06-29 07:59:00+00:00, run_after=2026-06-30 07:00:00+00:00
[2026-06-29T16:34:03.697+0000] {processor.py:208} INFO - Processing /opt/airflow/dags/driven_data_pipeline.py took 0.304 seconds
[2026-06-29T16:34:33.885+0000] {processor.py:186} INFO - Started process (PID=379) to work on /opt/airflow/dags/driven_data_pipeline.py
[2026-06-29T16:34:33.886+0000] {processor.py:914} INFO - Processing file /opt/airflow/dags/driven_data_pipeline.py for tasks to queue
[2026-06-29T16:34:33.891+0000] {logging_mixin.py:190} INFO - [2026-06-29T16:34:33.889+0000] {dagbag.py:588} INFO - Filling up the DagBag from /opt/airflow/dags/driven_data_pipeline.py
[2026-06-29T16:34:34.075+0000] {processor.py:925} INFO - DAG(s) 'extract_raw_data_pipeline' retrieved from /opt/airflow/dags/driven_data_pipeline.py
[2026-06-29T16:34:34.096+0000] {logging_mixin.py:190} INFO - [2026-06-29T16:34:34.096+0000] {dag.py:3239} INFO - Sync 1 DAGs
[2026-06-29T16:34:34.117+0000] {logging_mixin.py:190} INFO - [2026-06-29T16:34:34.117+0000] {dag.py:4180} INFO - Setting next_dagrun for extract_raw_data_pipeline to 2026-06-29 07:59:00+00:00, run_after=2026-06-30 07:00:00+00:00
[2026-06-29T16:34:34.141+0000] {processor.py:208} INFO - Processing /opt/airflow/dags/driven_data_pipeline.py took 0.262 seconds
[2026-06-29T16:35:04.337+0000] {processor.py:186} INFO - Started process (PID=389) to work on /opt/airflow/dags/driven_data_pipeline.py
[2026-06-29T16:35:04.338+0000] {processor.py:914} INFO - Processing file /opt/airflow/dags/driven_data_pipeline.py for tasks to queue
[2026-06-29T16:35:04.341+0000] {logging_mixin.py:190} INFO - [2026-06-29T16:35:04.340+0000] {dagbag.py:588} INFO - Filling up the DagBag from /opt/airflow/dags/driven_data_pipeline.py
[2026-06-29T16:35:04.522+0000] {processor.py:925} INFO - DAG(s) 'extract_raw_data_pipeline' retrieved from /opt/airflow/dags/driven_data_pipeline.py
[2026-06-29T16:35:04.544+0000] {logging_mixin.py:190} INFO - [2026-06-29T16:35:04.543+0000] {dag.py:3239} INFO - Sync 1 DAGs
[2026-06-29T16:35:04.562+0000] {logging_mixin.py:190} INFO - [2026-06-29T16:35:04.562+0000] {dag.py:4180} INFO - Setting next_dagrun for extract_raw_data_pipeline to 2026-06-29 07:59:00+00:00, run_after=2026-06-30 07:00:00+00:00
[2026-06-29T16:35:04.582+0000] {processor.py:208} INFO - Processing /opt/airflow/dags/driven_data_pipeline.py took 0.250 seconds
[2026-06-29T16:35:34.787+0000] {processor.py:186} INFO - Started process (PID=399) to work on /opt/airflow/dags/driven_data_pipeline.py
[2026-06-29T16:35:34.788+0000] {processor.py:914} INFO - Processing file /opt/airflow/dags/driven_data_pipeline.py for tasks to queue
[2026-06-29T16:35:34.790+0000] {logging_mixin.py:190} INFO - [2026-06-29T16:35:34.790+0000] {dagbag.py:588} INFO - Filling up the DagBag from /opt/airflow/dags/driven_data_pipeline.py
[2026-06-29T16:35:35.003+0000] {processor.py:925} INFO - DAG(s) 'extract_raw_data_pipeline' retrieved from /opt/airflow/dags/driven_data_pipeline.py
[2026-06-29T16:35:35.034+0000] {logging_mixin.py:190} INFO - [2026-06-29T16:35:35.034+0000] {dag.py:3239} INFO - Sync 1 DAGs
[2026-06-29T16:35:35.065+0000] {logging_mixin.py:190} INFO - [2026-06-29T16:35:35.065+0000] {dag.py:4180} INFO - Setting next_dagrun for extract_raw_data_pipeline to 2026-06-29 07:59:00+00:00, run_after=2026-06-30 07:00:00+00:00
[2026-06-29T16:35:35.090+0000] {processor.py:208} INFO - Processing /opt/airflow/dags/driven_data_pipeline.py took 0.308 seconds
[2026-06-29T16:36:05.213+0000] {processor.py:186} INFO - Started process (PID=409) to work on /opt/airflow/dags/driven_data_pipeline.py
[2026-06-29T16:36:05.214+0000] {processor.py:914} INFO - Processing file /opt/airflow/dags/driven_data_pipeline.py for tasks to queue
[2026-06-29T16:36:05.217+0000] {logging_mixin.py:190} INFO - [2026-06-29T16:36:05.216+0000] {dagbag.py:588} INFO - Filling up the DagBag from /opt/airflow/dags/driven_data_pipeline.py
[2026-06-29T16:36:05.361+0000] {processor.py:925} INFO - DAG(s) 'extract_raw_data_pipeline' retrieved from /opt/airflow/dags/driven_data_pipeline.py
[2026-06-29T16:36:05.379+0000] {logging_mixin.py:190} INFO - [2026-06-29T16:36:05.379+0000] {dag.py:3239} INFO - Sync 1 DAGs
[2026-06-29T16:36:05.396+0000] {logging_mixin.py:190} INFO - [2026-06-29T16:36:05.396+0000] {dag.py:4180} INFO - Setting next_dagrun for extract_raw_data_pipeline to 2026-06-29 07:59:00+00:00, run_after=2026-06-30 07:00:00+00:00
[2026-06-29T16:36:05.415+0000] {processor.py:208} INFO - Processing /opt/airflow/dags/driven_data_pipeline.py took 0.210 seconds
[2026-06-29T16:36:35.659+0000] {processor.py:186} INFO - Started process (PID=419) to work on /opt/airflow/dags/driven_data_pipeline.py
[2026-06-29T16:36:35.661+0000] {processor.py:914} INFO - Processing file /opt/airflow/dags/driven_data_pipeline.py for tasks to queue
[2026-06-29T16:36:35.665+0000] {logging_mixin.py:190} INFO - [2026-06-29T16:36:35.665+0000] {dagbag.py:588} INFO - Filling up the DagBag from /opt/airflow/dags/driven_data_pipeline.py
[2026-06-29T16:36:35.875+0000] {processor.py:925} INFO - DAG(s) 'extract_raw_data_pipeline' retrieved from /opt/airflow/dags/driven_data_pipeline.py
[2026-06-29T16:36:35.901+0000] {logging_mixin.py:190} INFO - [2026-06-29T16:36:35.901+0000] {dag.py:3239} INFO - Sync 1 DAGs
[2026-06-29T16:36:35.921+0000] {logging_mixin.py:190} INFO - [2026-06-29T16:36:35.920+0000] {dag.py:4180} INFO - Setting next_dagrun for extract_raw_data_pipeline to 2026-06-29 07:59:00+00:00, run_after=2026-06-30 07:00:00+00:00
[2026-06-29T16:36:35.940+0000] {processor.py:208} INFO - Processing /opt/airflow/dags/driven_data_pipeline.py took 0.288 seconds
[2026-06-29T16:37:06.047+0000] {processor.py:186} INFO - Started process (PID=435) to work on /opt/airflow/dags/driven_data_pipeline.py
[2026-06-29T16:37:06.048+0000] {processor.py:914} INFO - Processing file /opt/airflow/dags/driven_data_pipeline.py for tasks to queue
[2026-06-29T16:37:06.050+0000] {logging_mixin.py:190} INFO - [2026-06-29T16:37:06.050+0000] {dagbag.py:588} INFO - Filling up the DagBag from /opt/airflow/dags/driven_data_pipeline.py
[2026-06-29T16:37:06.236+0000] {processor.py:925} INFO - DAG(s) 'extract_raw_data_pipeline' retrieved from /opt/airflow/dags/driven_data_pipeline.py
[2026-06-29T16:37:06.256+0000] {logging_mixin.py:190} INFO - [2026-06-29T16:37:06.256+0000] {dag.py:3239} INFO - Sync 1 DAGs
[2026-06-29T16:37:06.274+0000] {logging_mixin.py:190} INFO - [2026-06-29T16:37:06.273+0000] {dag.py:4180} INFO - Setting next_dagrun for extract_raw_data_pipeline to 2026-06-29 07:59:00+00:00, run_after=2026-06-30 07:00:00+00:00
[2026-06-29T16:37:06.295+0000] {processor.py:208} INFO - Processing /opt/airflow/dags/driven_data_pipeline.py took 0.254 seconds
[2026-06-29T16:37:36.506+0000] {processor.py:186} INFO - Started process (PID=445) to work on /opt/airflow/dags/driven_data_pipeline.py
[2026-06-29T16:37:36.507+0000] {processor.py:914} INFO - Processing file /opt/airflow/dags/driven_data_pipeline.py for tasks to queue
[2026-06-29T16:37:36.510+0000] {logging_mixin.py:190} INFO - [2026-06-29T16:37:36.510+0000] {dagbag.py:588} INFO - Filling up the DagBag from /opt/airflow/dags/driven_data_pipeline.py
[2026-06-29T16:37:36.680+0000] {processor.py:925} INFO - DAG(s) 'extract_raw_data_pipeline' retrieved from /opt/airflow/dags/driven_data_pipeline.py
[2026-06-29T16:37:36.701+0000] {logging_mixin.py:190} INFO - [2026-06-29T16:37:36.701+0000] {dag.py:3239} INFO - Sync 1 DAGs
[2026-06-29T16:37:36.722+0000] {logging_mixin.py:190} INFO - [2026-06-29T16:37:36.721+0000] {dag.py:4180} INFO - Setting next_dagrun for extract_raw_data_pipeline to 2026-06-29 07:59:00+00:00, run_after=2026-06-30 07:00:00+00:00
[2026-06-29T16:37:36.744+0000] {processor.py:208} INFO - Processing /opt/airflow/dags/driven_data_pipeline.py took 0.244 seconds
[2026-06-29T16:38:06.849+0000] {processor.py:186} INFO - Started process (PID=455) to work on /opt/airflow/dags/driven_data_pipeline.py
[2026-06-29T16:38:06.850+0000] {processor.py:914} INFO - Processing file /opt/airflow/dags/driven_data_pipeline.py for tasks to queue
[2026-06-29T16:38:06.853+0000] {logging_mixin.py:190} INFO - [2026-06-29T16:38:06.852+0000] {dagbag.py:588} INFO - Filling up the DagBag from /opt/airflow/dags/driven_data_pipeline.py
[2026-06-29T16:38:07.008+0000] {processor.py:925} INFO - DAG(s) 'extract_raw_data_pipeline' retrieved from /opt/airflow/dags/driven_data_pipeline.py
[2026-06-29T16:38:07.029+0000] {logging_mixin.py:190} INFO - [2026-06-29T16:38:07.029+0000] {dag.py:3239} INFO - Sync 1 DAGs
[2026-06-29T16:38:07.048+0000] {logging_mixin.py:190} INFO - [2026-06-29T16:38:07.048+0000] {dag.py:4180} INFO - Setting next_dagrun for extract_raw_data_pipeline to 2026-06-29 07:59:00+00:00, run_after=2026-06-30 07:00:00+00:00
[2026-06-29T16:38:07.064+0000] {processor.py:208} INFO - Processing /opt/airflow/dags/driven_data_pipeline.py took 0.220 seconds
[2026-06-29T16:38:37.328+0000] {processor.py:186} INFO - Started process (PID=465) to work on /opt/airflow/dags/driven_data_pipeline.py
[2026-06-29T16:38:37.329+0000] {processor.py:914} INFO - Processing file /opt/airflow/dags/driven_data_pipeline.py for tasks to queue
[2026-06-29T16:38:37.332+0000] {logging_mixin.py:190} INFO - [2026-06-29T16:38:37.332+0000] {dagbag.py:588} INFO - Filling up the DagBag from /opt/airflow/dags/driven_data_pipeline.py
[2026-06-29T16:38:37.490+0000] {processor.py:925} INFO - DAG(s) 'extract_raw_data_pipeline' retrieved from /opt/airflow/dags/driven_data_pipeline.py
[2026-06-29T16:38:37.511+0000] {logging_mixin.py:190} INFO - [2026-06-29T16:38:37.511+0000] {dag.py:3239} INFO - Sync 1 DAGs
[2026-06-29T16:38:37.529+0000] {logging_mixin.py:190} INFO - [2026-06-29T16:38:37.529+0000] {dag.py:4180} INFO - Setting next_dagrun for extract_raw_data_pipeline to 2026-06-29 07:59:00+00:00, run_after=2026-06-30 07:00:00+00:00
[2026-06-29T16:38:37.549+0000] {processor.py:208} INFO - Processing /opt/airflow/dags/driven_data_pipeline.py took 0.225 seconds
[2026-06-29T16:39:07.621+0000] {processor.py:186} INFO - Started process (PID=475) to work on /opt/airflow/dags/driven_data_pipeline.py
[2026-06-29T16:39:07.622+0000] {processor.py:914} INFO - Processing file /opt/airflow/dags/driven_data_pipeline.py for tasks to queue
[2026-06-29T16:39:07.624+0000] {logging_mixin.py:190} INFO - [2026-06-29T16:39:07.624+0000] {dagbag.py:588} INFO - Filling up the DagBag from /opt/airflow/dags/driven_data_pipeline.py
[2026-06-29T16:39:07.808+0000] {processor.py:925} INFO - DAG(s) 'extract_raw_data_pipeline' retrieved from /opt/airflow/dags/driven_data_pipeline.py
[2026-06-29T16:39:07.831+0000] {logging_mixin.py:190} INFO - [2026-06-29T16:39:07.831+0000] {dag.py:3239} INFO - Sync 1 DAGs
[2026-06-29T16:39:07.849+0000] {logging_mixin.py:190} INFO - [2026-06-29T16:39:07.849+0000] {dag.py:4180} INFO - Setting next_dagrun for extract_raw_data_pipeline to 2026-06-29 07:59:00+00:00, run_after=2026-06-30 07:00:00+00:00
[2026-06-29T16:39:07.867+0000] {processor.py:208} INFO - Processing /opt/airflow/dags/driven_data_pipeline.py took 0.252 seconds
[2026-06-29T16:39:38.284+0000] {processor.py:186} INFO - Started process (PID=485) to work on /opt/airflow/dags/driven_data_pipeline.py
[2026-06-29T16:39:38.289+0000] {processor.py:914} INFO - Processing file /opt/airflow/dags/driven_data_pipeline.py for tasks to queue
[2026-06-29T16:39:38.301+0000] {logging_mixin.py:190} INFO - [2026-06-29T16:39:38.299+0000] {dagbag.py:588} INFO - Filling up the DagBag from /opt/airflow/dags/driven_data_pipeline.py
[2026-06-29T16:39:38.910+0000] {processor.py:925} INFO - DAG(s) 'extract_raw_data_pipeline' retrieved from /opt/airflow/dags/driven_data_pipeline.py
[2026-06-29T16:39:38.980+0000] {logging_mixin.py:190} INFO - [2026-06-29T16:39:38.979+0000] {dag.py:3239} INFO - Sync 1 DAGs
[2026-06-29T16:39:39.048+0000] {logging_mixin.py:190} INFO - [2026-06-29T16:39:39.047+0000] {dag.py:4180} INFO - Setting next_dagrun for extract_raw_data_pipeline to 2026-06-29 07:59:00+00:00, run_after=2026-06-30 07:00:00+00:00
[2026-06-29T16:39:39.098+0000] {processor.py:208} INFO - Processing /opt/airflow/dags/driven_data_pipeline.py took 0.834 seconds
[2026-06-29T16:40:09.749+0000] {processor.py:186} INFO - Started process (PID=495) to work on /opt/airflow/dags/driven_data_pipeline.py
[2026-06-29T16:40:09.756+0000] {processor.py:914} INFO - Processing file /opt/airflow/dags/driven_data_pipeline.py for tasks to queue
[2026-06-29T16:40:09.771+0000] {logging_mixin.py:190} INFO - [2026-06-29T16:40:09.768+0000] {dagbag.py:588} INFO - Filling up the DagBag from /opt/airflow/dags/driven_data_pipeline.py
[2026-06-29T16:40:10.947+0000] {processor.py:925} INFO - DAG(s) 'extract_raw_data_pipeline' retrieved from /opt/airflow/dags/driven_data_pipeline.py
[2026-06-29T16:40:11.051+0000] {logging_mixin.py:190} INFO - [2026-06-29T16:40:11.050+0000] {dag.py:3239} INFO - Sync 1 DAGs
[2026-06-29T16:40:11.151+0000] {logging_mixin.py:190} INFO - [2026-06-29T16:40:11.150+0000] {dag.py:4180} INFO - Setting next_dagrun for extract_raw_data_pipeline to 2026-06-29 07:59:00+00:00, run_after=2026-06-30 07:00:00+00:00
[2026-06-29T16:40:11.230+0000] {processor.py:208} INFO - Processing /opt/airflow/dags/driven_data_pipeline.py took 1.513 seconds
[2026-06-29T16:40:42.013+0000] {processor.py:186} INFO - Started process (PID=505) to work on /opt/airflow/dags/driven_data_pipeline.py
[2026-06-29T16:40:42.017+0000] {processor.py:914} INFO - Processing file /opt/airflow/dags/driven_data_pipeline.py for tasks to queue
[2026-06-29T16:40:42.029+0000] {logging_mixin.py:190} INFO - [2026-06-29T16:40:42.027+0000] {dagbag.py:588} INFO - Filling up the DagBag from /opt/airflow/dags/driven_data_pipeline.py
[2026-06-29T16:40:42.745+0000] {processor.py:925} INFO - DAG(s) 'extract_raw_data_pipeline' retrieved from /opt/airflow/dags/driven_data_pipeline.py
[2026-06-29T16:40:42.890+0000] {logging_mixin.py:190} INFO - [2026-06-29T16:40:42.888+0000] {dag.py:3239} INFO - Sync 1 DAGs
[2026-06-29T16:40:43.022+0000] {logging_mixin.py:190} INFO - [2026-06-29T16:40:43.021+0000] {dag.py:4180} INFO - Setting next_dagrun for extract_raw_data_pipeline to 2026-06-29 07:59:00+00:00, run_after=2026-06-30 07:00:00+00:00
[2026-06-29T16:40:43.146+0000] {processor.py:208} INFO - Processing /opt/airflow/dags/driven_data_pipeline.py took 1.149 seconds
[2026-06-29T16:41:13.676+0000] {processor.py:186} INFO - Started process (PID=515) to work on /opt/airflow/dags/driven_data_pipeline.py
[2026-06-29T16:41:13.679+0000] {processor.py:914} INFO - Processing file /opt/airflow/dags/driven_data_pipeline.py for tasks to queue
[2026-06-29T16:41:13.687+0000] {logging_mixin.py:190} INFO - [2026-06-29T16:41:13.686+0000] {dagbag.py:588} INFO - Filling up the DagBag from /opt/airflow/dags/driven_data_pipeline.py
[2026-06-29T16:41:14.370+0000] {processor.py:925} INFO - DAG(s) 'extract_raw_data_pipeline' retrieved from /opt/airflow/dags/driven_data_pipeline.py
[2026-06-29T16:41:14.458+0000] {logging_mixin.py:190} INFO - [2026-06-29T16:41:14.458+0000] {dag.py:3239} INFO - Sync 1 DAGs
[2026-06-29T16:41:14.570+0000] {logging_mixin.py:190} INFO - [2026-06-29T16:41:14.566+0000] {dag.py:4180} INFO - Setting next_dagrun for extract_raw_data_pipeline to 2026-06-29 07:59:00+00:00, run_after=2026-06-30 07:00:00+00:00
[2026-06-29T16:41:14.647+0000] {processor.py:208} INFO - Processing /opt/airflow/dags/driven_data_pipeline.py took 0.986 seconds
[2026-06-29T16:41:45.791+0000] {processor.py:186} INFO - Started process (PID=525) to work on /opt/airflow/dags/driven_data_pipeline.py
[2026-06-29T16:41:45.798+0000] {processor.py:914} INFO - Processing file /opt/airflow/dags/driven_data_pipeline.py for tasks to queue
[2026-06-29T16:41:45.825+0000] {logging_mixin.py:190} INFO - [2026-06-29T16:41:45.822+0000] {dagbag.py:588} INFO - Filling up the DagBag from /opt/airflow/dags/driven_data_pipeline.py
[2026-06-29T16:41:47.730+0000] {processor.py:925} INFO - DAG(s) 'extract_raw_data_pipeline' retrieved from /opt/airflow/dags/driven_data_pipeline.py
[2026-06-29T16:41:47.858+0000] {logging_mixin.py:190} INFO - [2026-06-29T16:41:47.857+0000] {dag.py:3239} INFO - Sync 1 DAGs
[2026-06-29T16:41:48.012+0000] {logging_mixin.py:190} INFO - [2026-06-29T16:41:48.011+0000] {dag.py:4180} INFO - Setting next_dagrun for extract_raw_data_pipeline to 2026-06-29 07:59:00+00:00, run_after=2026-06-30 07:00:00+00:00
[2026-06-29T16:41:48.125+0000] {processor.py:208} INFO - Processing /opt/airflow/dags/driven_data_pipeline.py took 2.402 seconds
[2026-06-29T16:44:11.136+0000] {processor.py:186} INFO - Started process (PID=559) to work on /opt/airflow/dags/driven_data_pipeline.py
[2026-06-29T16:44:11.137+0000] {processor.py:914} INFO - Processing file /opt/airflow/dags/driven_data_pipeline.py for tasks to queue
[2026-06-29T16:44:11.139+0000] {logging_mixin.py:190} INFO - [2026-06-29T16:44:11.138+0000] {dagbag.py:588} INFO - Filling up the DagBag from /opt/airflow/dags/driven_data_pipeline.py
[2026-06-29T16:44:11.350+0000] {processor.py:925} INFO - DAG(s) 'extract_raw_data_pipeline' retrieved from /opt/airflow/dags/driven_data_pipeline.py
[2026-06-29T16:44:11.560+0000] {logging_mixin.py:190} INFO - [2026-06-29T16:44:11.559+0000] {dag.py:3239} INFO - Sync 1 DAGs
[2026-06-29T16:44:11.586+0000] {logging_mixin.py:190} INFO - [2026-06-29T16:44:11.586+0000] {dag.py:4180} INFO - Setting next_dagrun for extract_raw_data_pipeline to 2026-06-29 07:00:00+00:00, run_after=2026-06-30 07:00:00+00:00
[2026-06-29T16:44:11.610+0000] {processor.py:208} INFO - Processing /opt/airflow/dags/driven_data_pipeline.py took 0.480 seconds
[2026-06-29T16:44:41.889+0000] {processor.py:186} INFO - Started process (PID=569) to work on /opt/airflow/dags/driven_data_pipeline.py
[2026-06-29T16:44:41.891+0000] {processor.py:914} INFO - Processing file /opt/airflow/dags/driven_data_pipeline.py for tasks to queue
[2026-06-29T16:44:41.895+0000] {logging_mixin.py:190} INFO - [2026-06-29T16:44:41.894+0000] {dagbag.py:588} INFO - Filling up the DagBag from /opt/airflow/dags/driven_data_pipeline.py
[2026-06-29T16:44:42.074+0000] {processor.py:925} INFO - DAG(s) 'extract_raw_data_pipeline' retrieved from /opt/airflow/dags/driven_data_pipeline.py
[2026-06-29T16:44:42.101+0000] {logging_mixin.py:190} INFO - [2026-06-29T16:44:42.101+0000] {dag.py:3239} INFO - Sync 1 DAGs
[2026-06-29T16:44:42.125+0000] {logging_mixin.py:190} INFO - [2026-06-29T16:44:42.125+0000] {dag.py:4180} INFO - Setting next_dagrun for extract_raw_data_pipeline to 2026-06-29 07:00:00+00:00, run_after=2026-06-30 07:00:00+00:00
[2026-06-29T16:44:42.144+0000] {processor.py:208} INFO - Processing /opt/airflow/dags/driven_data_pipeline.py took 0.264 seconds
[2026-06-29T16:45:12.370+0000] {processor.py:186} INFO - Started process (PID=579) to work on /opt/airflow/dags/driven_data_pipeline.py
[2026-06-29T16:45:12.378+0000] {processor.py:914} INFO - Processing file /opt/airflow/dags/driven_data_pipeline.py for tasks to queue
[2026-06-29T16:45:12.390+0000] {logging_mixin.py:190} INFO - [2026-06-29T16:45:12.385+0000] {dagbag.py:588} INFO - Filling up the DagBag from /opt/airflow/dags/driven_data_pipeline.py
[2026-06-29T16:45:14.084+0000] {processor.py:925} INFO - DAG(s) 'extract_raw_data_pipeline' retrieved from /opt/airflow/dags/driven_data_pipeline.py
[2026-06-29T16:45:14.239+0000] {logging_mixin.py:190} INFO - [2026-06-29T16:45:14.238+0000] {dag.py:3239} INFO - Sync 1 DAGs
[2026-06-29T16:45:14.335+0000] {logging_mixin.py:190} INFO - [2026-06-29T16:45:14.334+0000] {dag.py:4180} INFO - Setting next_dagrun for extract_raw_data_pipeline to 2026-06-29 07:00:00+00:00, run_after=2026-06-30 07:00:00+00:00
[2026-06-29T16:45:14.443+0000] {processor.py:208} INFO - Processing /opt/airflow/dags/driven_data_pipeline.py took 2.130 seconds
[2026-06-29T16:47:12.072+0000] {processor.py:186} INFO - Started process (PID=70) to work on /opt/airflow/dags/driven_data_pipeline.py
[2026-06-29T16:47:12.075+0000] {processor.py:914} INFO - Processing file /opt/airflow/dags/driven_data_pipeline.py for tasks to queue
[2026-06-29T16:47:12.086+0000] {logging_mixin.py:190} INFO - [2026-06-29T16:47:12.085+0000] {dagbag.py:588} INFO - Filling up the DagBag from /opt/airflow/dags/driven_data_pipeline.py
[2026-06-29T16:47:13.451+0000] {processor.py:925} INFO - DAG(s) 'extract_raw_data_pipeline' retrieved from /opt/airflow/dags/driven_data_pipeline.py
[2026-06-29T16:47:13.609+0000] {logging_mixin.py:190} INFO - [2026-06-29T16:47:13.608+0000] {dag.py:3239} INFO - Sync 1 DAGs
[2026-06-29T16:47:13.720+0000] {logging_mixin.py:190} INFO - [2026-06-29T16:47:13.719+0000] {dag.py:4180} INFO - Setting next_dagrun for extract_raw_data_pipeline to 2026-06-29 07:00:00+00:00, run_after=2026-06-30 07:00:00+00:00
[2026-06-29T16:47:13.783+0000] {processor.py:208} INFO - Processing /opt/airflow/dags/driven_data_pipeline.py took 1.731 seconds
[2026-06-29T16:47:54.074+0000] {processor.py:186} INFO - Started process (PID=64) to work on /opt/airflow/dags/driven_data_pipeline.py
[2026-06-29T16:47:54.076+0000] {processor.py:914} INFO - Processing file /opt/airflow/dags/driven_data_pipeline.py for tasks to queue
[2026-06-29T16:47:54.081+0000] {logging_mixin.py:190} INFO - [2026-06-29T16:47:54.080+0000] {dagbag.py:588} INFO - Filling up the DagBag from /opt/airflow/dags/driven_data_pipeline.py
[2026-06-29T16:47:54.767+0000] {processor.py:925} INFO - DAG(s) 'extract_raw_data_pipeline' retrieved from /opt/airflow/dags/driven_data_pipeline.py
[2026-06-29T16:47:54.805+0000] {logging_mixin.py:190} INFO - [2026-06-29T16:47:54.805+0000] {dag.py:3239} INFO - Sync 1 DAGs
[2026-06-29T16:47:54.839+0000] {logging_mixin.py:190} INFO - [2026-06-29T16:47:54.839+0000] {dag.py:4180} INFO - Setting next_dagrun for extract_raw_data_pipeline to 2026-06-29 07:00:00+00:00, run_after=2026-06-30 07:00:00+00:00
[2026-06-29T16:47:54.884+0000] {processor.py:208} INFO - Processing /opt/airflow/dags/driven_data_pipeline.py took 0.822 seconds
[2026-06-29T16:48:25.283+0000] {processor.py:186} INFO - Started process (PID=74) to work on /opt/airflow/dags/driven_data_pipeline.py
[2026-06-29T16:48:25.284+0000] {processor.py:914} INFO - Processing file /opt/airflow/dags/driven_data_pipeline.py for tasks to queue
[2026-06-29T16:48:25.287+0000] {logging_mixin.py:190} INFO - [2026-06-29T16:48:25.286+0000] {dagbag.py:588} INFO - Filling up the DagBag from /opt/airflow/dags/driven_data_pipeline.py
[2026-06-29T16:48:25.576+0000] {processor.py:925} INFO - DAG(s) 'extract_raw_data_pipeline' retrieved from /opt/airflow/dags/driven_data_pipeline.py
[2026-06-29T16:48:25.594+0000] {logging_mixin.py:190} INFO - [2026-06-29T16:48:25.594+0000] {dag.py:3239} INFO - Sync 1 DAGs
[2026-06-29T16:48:25.611+0000] {logging_mixin.py:190} INFO - [2026-06-29T16:48:25.610+0000] {dag.py:4180} INFO - Setting next_dagrun for extract_raw_data_pipeline to 2026-06-29 07:00:00+00:00, run_after=2026-06-30 07:00:00+00:00
[2026-06-29T16:48:25.630+0000] {processor.py:208} INFO - Processing /opt/airflow/dags/driven_data_pipeline.py took 0.352 seconds
[2026-06-29T16:48:55.762+0000] {processor.py:186} INFO - Started process (PID=84) to work on /opt/airflow/dags/driven_data_pipeline.py
[2026-06-29T16:48:55.763+0000] {processor.py:914} INFO - Processing file /opt/airflow/dags/driven_data_pipeline.py for tasks to queue
[2026-06-29T16:48:55.765+0000] {logging_mixin.py:190} INFO - [2026-06-29T16:48:55.765+0000] {dagbag.py:588} INFO - Filling up the DagBag from /opt/airflow/dags/driven_data_pipeline.py
[2026-06-29T16:48:56.057+0000] {processor.py:925} INFO - DAG(s) 'extract_raw_data_pipeline' retrieved from /opt/airflow/dags/driven_data_pipeline.py
[2026-06-29T16:48:56.074+0000] {logging_mixin.py:190} INFO - [2026-06-29T16:48:56.074+0000] {dag.py:3239} INFO - Sync 1 DAGs
[2026-06-29T16:48:56.090+0000] {logging_mixin.py:190} INFO - [2026-06-29T16:48:56.090+0000] {dag.py:4180} INFO - Setting next_dagrun for extract_raw_data_pipeline to 2026-06-29 07:00:00+00:00, run_after=2026-06-30 07:00:00+00:00
[2026-06-29T16:48:56.108+0000] {processor.py:208} INFO - Processing /opt/airflow/dags/driven_data_pipeline.py took 0.352 seconds
[2026-06-29T16:49:26.239+0000] {processor.py:186} INFO - Started process (PID=94) to work on /opt/airflow/dags/driven_data_pipeline.py
[2026-06-29T16:49:26.240+0000] {processor.py:914} INFO - Processing file /opt/airflow/dags/driven_data_pipeline.py for tasks to queue
[2026-06-29T16:49:26.243+0000] {logging_mixin.py:190} INFO - [2026-06-29T16:49:26.243+0000] {dagbag.py:588} INFO - Filling up the DagBag from /opt/airflow/dags/driven_data_pipeline.py
[2026-06-29T16:49:26.695+0000] {processor.py:925} INFO - DAG(s) 'extract_raw_data_pipeline' retrieved from /opt/airflow/dags/driven_data_pipeline.py
[2026-06-29T16:49:26.716+0000] {logging_mixin.py:190} INFO - [2026-06-29T16:49:26.716+0000] {dag.py:3239} INFO - Sync 1 DAGs
[2026-06-29T16:49:26.734+0000] {logging_mixin.py:190} INFO - [2026-06-29T16:49:26.733+0000] {dag.py:4180} INFO - Setting next_dagrun for extract_raw_data_pipeline to 2026-06-29 07:00:00+00:00, run_after=2026-06-30 07:00:00+00:00
[2026-06-29T16:49:26.758+0000] {processor.py:208} INFO - Processing /opt/airflow/dags/driven_data_pipeline.py took 0.524 seconds
[2026-06-29T16:49:57.071+0000] {processor.py:186} INFO - Started process (PID=104) to work on /opt/airflow/dags/driven_data_pipeline.py
[2026-06-29T16:49:57.073+0000] {processor.py:914} INFO - Processing file /opt/airflow/dags/driven_data_pipeline.py for tasks to queue
[2026-06-29T16:49:57.077+0000] {logging_mixin.py:190} INFO - [2026-06-29T16:49:57.076+0000] {dagbag.py:588} INFO - Filling up the DagBag from /opt/airflow/dags/driven_data_pipeline.py
[2026-06-29T16:49:57.597+0000] {processor.py:925} INFO - DAG(s) 'extract_raw_data_pipeline' retrieved from /opt/airflow/dags/driven_data_pipeline.py
[2026-06-29T16:49:57.640+0000] {logging_mixin.py:190} INFO - [2026-06-29T16:49:57.640+0000] {dag.py:3239} INFO - Sync 1 DAGs
[2026-06-29T16:49:57.675+0000] {logging_mixin.py:190} INFO - [2026-06-29T16:49:57.674+0000] {dag.py:4180} INFO - Setting next_dagrun for extract_raw_data_pipeline to 2026-06-29 07:00:00+00:00, run_after=2026-06-30 07:00:00+00:00
[2026-06-29T16:49:57.709+0000] {processor.py:208} INFO - Processing /opt/airflow/dags/driven_data_pipeline.py took 0.646 seconds
[2026-06-29T16:50:28.305+0000] {processor.py:186} INFO - Started process (PID=120) to work on /opt/airflow/dags/driven_data_pipeline.py
[2026-06-29T16:50:28.306+0000] {processor.py:914} INFO - Processing file /opt/airflow/dags/driven_data_pipeline.py for tasks to queue
[2026-06-29T16:50:28.308+0000] {logging_mixin.py:190} INFO - [2026-06-29T16:50:28.308+0000] {dagbag.py:588} INFO - Filling up the DagBag from /opt/airflow/dags/driven_data_pipeline.py
[2026-06-29T16:50:28.577+0000] {processor.py:925} INFO - DAG(s) 'extract_raw_data_pipeline' retrieved from /opt/airflow/dags/driven_data_pipeline.py
[2026-06-29T16:50:28.610+0000] {logging_mixin.py:190} INFO - [2026-06-29T16:50:28.610+0000] {dag.py:3239} INFO - Sync 1 DAGs
[2026-06-29T16:50:28.639+0000] {logging_mixin.py:190} INFO - [2026-06-29T16:50:28.639+0000] {dag.py:4180} INFO - Setting next_dagrun for extract_raw_data_pipeline to 2026-06-29 07:00:00+00:00, run_after=2026-06-30 07:00:00+00:00
[2026-06-29T16:50:28.663+0000] {processor.py:208} INFO - Processing /opt/airflow/dags/driven_data_pipeline.py took 0.364 seconds
[2026-06-29T16:50:58.989+0000] {processor.py:186} INFO - Started process (PID=130) to work on /opt/airflow/dags/driven_data_pipeline.py
[2026-06-29T16:50:58.990+0000] {processor.py:914} INFO - Processing file /opt/airflow/dags/driven_data_pipeline.py for tasks to queue
[2026-06-29T16:50:58.994+0000] {logging_mixin.py:190} INFO - [2026-06-29T16:50:58.993+0000] {dagbag.py:588} INFO - Filling up the DagBag from /opt/airflow/dags/driven_data_pipeline.py
[2026-06-29T16:50:59.212+0000] {processor.py:925} INFO - DAG(s) 'extract_raw_data_pipeline' retrieved from /opt/airflow/dags/driven_data_pipeline.py
[2026-06-29T16:50:59.237+0000] {logging_mixin.py:190} INFO - [2026-06-29T16:50:59.237+0000] {dag.py:3239} INFO - Sync 1 DAGs
[2026-06-29T16:50:59.258+0000] {logging_mixin.py:190} INFO - [2026-06-29T16:50:59.258+0000] {dag.py:4180} INFO - Setting next_dagrun for extract_raw_data_pipeline to 2026-06-29 07:00:00+00:00, run_after=2026-06-30 07:00:00+00:00
[2026-06-29T16:50:59.277+0000] {processor.py:208} INFO - Processing /opt/airflow/dags/driven_data_pipeline.py took 0.295 seconds
[2026-06-29T18:50:52.914+0000] {processor.py:186} INFO - Started process (PID=70) to work on /opt/airflow/dags/driven_data_pipeline.py
[2026-06-29T18:50:52.917+0000] {processor.py:914} INFO - Processing file /opt/airflow/dags/driven_data_pipeline.py for tasks to queue
[2026-06-29T18:50:52.925+0000] {logging_mixin.py:190} INFO - [2026-06-29T18:50:52.924+0000] {dagbag.py:588} INFO - Filling up the DagBag from /opt/airflow/dags/driven_data_pipeline.py
[2026-06-29T18:50:54.581+0000] {processor.py:925} INFO - DAG(s) 'extract_raw_data_pipeline' retrieved from /opt/airflow/dags/driven_data_pipeline.py
[2026-06-29T18:50:54.648+0000] {logging_mixin.py:190} INFO - [2026-06-29T18:50:54.647+0000] {dag.py:3239} INFO - Sync 1 DAGs
[2026-06-29T18:50:54.688+0000] {logging_mixin.py:190} INFO - [2026-06-29T18:50:54.688+0000] {dag.py:4180} INFO - Setting next_dagrun for extract_raw_data_pipeline to 2026-06-29 07:00:00+00:00, run_after=2026-06-30 07:00:00+00:00
[2026-06-29T18:50:54.721+0000] {processor.py:208} INFO - Processing /opt/airflow/dags/driven_data_pipeline.py took 1.822 seconds
[2026-06-29T18:51:25.038+0000] {processor.py:186} INFO - Started process (PID=80) to work on /opt/airflow/dags/driven_data_pipeline.py
[2026-06-29T18:51:25.040+0000] {processor.py:914} INFO - Processing file /opt/airflow/dags/driven_data_pipeline.py for tasks to queue
[2026-06-29T18:51:25.044+0000] {logging_mixin.py:190} INFO - [2026-06-29T18:51:25.044+0000] {dagbag.py:588} INFO - Filling up the DagBag from /opt/airflow/dags/driven_data_pipeline.py
[2026-06-29T18:51:25.434+0000] {processor.py:925} INFO - DAG(s) 'extract_raw_data_pipeline' retrieved from /opt/airflow/dags/driven_data_pipeline.py
[2026-06-29T18:51:25.462+0000] {logging_mixin.py:190} INFO - [2026-06-29T18:51:25.462+0000] {dag.py:3239} INFO - Sync 1 DAGs
[2026-06-29T18:51:25.488+0000] {logging_mixin.py:190} INFO - [2026-06-29T18:51:25.488+0000] {dag.py:4180} INFO - Setting next_dagrun for extract_raw_data_pipeline to 2026-06-29 07:00:00+00:00, run_after=2026-06-30 07:00:00+00:00
[2026-06-29T18:51:25.518+0000] {processor.py:208} INFO - Processing /opt/airflow/dags/driven_data_pipeline.py took 0.487 seconds
[2026-06-29T18:51:55.806+0000] {processor.py:186} INFO - Started process (PID=90) to work on /opt/airflow/dags/driven_data_pipeline.py
[2026-06-29T18:51:55.807+0000] {processor.py:914} INFO - Processing file /opt/airflow/dags/driven_data_pipeline.py for tasks to queue
[2026-06-29T18:51:55.810+0000] {logging_mixin.py:190} INFO - [2026-06-29T18:51:55.810+0000] {dagbag.py:588} INFO - Filling up the DagBag from /opt/airflow/dags/driven_data_pipeline.py
[2026-06-29T18:51:56.138+0000] {processor.py:925} INFO - DAG(s) 'extract_raw_data_pipeline' retrieved from /opt/airflow/dags/driven_data_pipeline.py
[2026-06-29T18:51:56.159+0000] {logging_mixin.py:190} INFO - [2026-06-29T18:51:56.159+0000] {dag.py:3239} INFO - Sync 1 DAGs
[2026-06-29T18:51:56.177+0000] {logging_mixin.py:190} INFO - [2026-06-29T18:51:56.176+0000] {dag.py:4180} INFO - Setting next_dagrun for extract_raw_data_pipeline to 2026-06-29 07:00:00+00:00, run_after=2026-06-30 07:00:00+00:00
[2026-06-29T18:51:56.192+0000] {processor.py:208} INFO - Processing /opt/airflow/dags/driven_data_pipeline.py took 0.392 seconds
[2026-06-29T18:52:26.499+0000] {processor.py:186} INFO - Started process (PID=100) to work on /opt/airflow/dags/driven_data_pipeline.py
[2026-06-29T18:52:26.501+0000] {processor.py:914} INFO - Processing file /opt/airflow/dags/driven_data_pipeline.py for tasks to queue
[2026-06-29T18:52:26.506+0000] {logging_mixin.py:190} INFO - [2026-06-29T18:52:26.506+0000] {dagbag.py:588} INFO - Filling up the DagBag from /opt/airflow/dags/driven_data_pipeline.py
[2026-06-29T18:52:27.338+0000] {processor.py:925} INFO - DAG(s) 'extract_raw_data_pipeline' retrieved from /opt/airflow/dags/driven_data_pipeline.py
[2026-06-29T18:52:27.413+0000] {logging_mixin.py:190} INFO - [2026-06-29T18:52:27.412+0000] {dag.py:3239} INFO - Sync 1 DAGs
[2026-06-29T18:52:27.466+0000] {logging_mixin.py:190} INFO - [2026-06-29T18:52:27.465+0000] {dag.py:4180} INFO - Setting next_dagrun for extract_raw_data_pipeline to 2026-06-29 07:00:00+00:00, run_after=2026-06-30 07:00:00+00:00
[2026-06-29T18:52:27.514+0000] {processor.py:208} INFO - Processing /opt/airflow/dags/driven_data_pipeline.py took 1.024 seconds
[2026-06-29T18:52:57.873+0000] {processor.py:186} INFO - Started process (PID=110) to work on /opt/airflow/dags/driven_data_pipeline.py
[2026-06-29T18:52:57.874+0000] {processor.py:914} INFO - Processing file /opt/airflow/dags/driven_data_pipeline.py for tasks to queue
[2026-06-29T18:52:57.877+0000] {logging_mixin.py:190} INFO - [2026-06-29T18:52:57.876+0000] {dagbag.py:588} INFO - Filling up the DagBag from /opt/airflow/dags/driven_data_pipeline.py
[2026-06-29T18:52:58.195+0000] {processor.py:925} INFO - DAG(s) 'extract_raw_data_pipeline' retrieved from /opt/airflow/dags/driven_data_pipeline.py
[2026-06-29T18:52:58.218+0000] {logging_mixin.py:190} INFO - [2026-06-29T18:52:58.217+0000] {dag.py:3239} INFO - Sync 1 DAGs
[2026-06-29T18:52:58.234+0000] {logging_mixin.py:190} INFO - [2026-06-29T18:52:58.234+0000] {dag.py:4180} INFO - Setting next_dagrun for extract_raw_data_pipeline to 2026-06-29 07:00:00+00:00, run_after=2026-06-30 07:00:00+00:00
[2026-06-29T18:52:58.250+0000] {processor.py:208} INFO - Processing /opt/airflow/dags/driven_data_pipeline.py took 0.382 seconds
[2026-06-29T18:53:28.570+0000] {processor.py:186} INFO - Started process (PID=121) to work on /opt/airflow/dags/driven_data_pipeline.py
[2026-06-29T18:53:28.572+0000] {processor.py:914} INFO - Processing file /opt/airflow/dags/driven_data_pipeline.py for tasks to queue
[2026-06-29T18:53:28.574+0000] {logging_mixin.py:190} INFO - [2026-06-29T18:53:28.573+0000] {dagbag.py:588} INFO - Filling up the DagBag from /opt/airflow/dags/driven_data_pipeline.py
[2026-06-29T18:53:28.880+0000] {processor.py:925} INFO - DAG(s) 'extract_raw_data_pipeline' retrieved from /opt/airflow/dags/driven_data_pipeline.py
[2026-06-29T18:53:28.900+0000] {logging_mixin.py:190} INFO - [2026-06-29T18:53:28.900+0000] {dag.py:3239} INFO - Sync 1 DAGs
[2026-06-29T18:53:28.916+0000] {logging_mixin.py:190} INFO - [2026-06-29T18:53:28.916+0000] {dag.py:4180} INFO - Setting next_dagrun for extract_raw_data_pipeline to 2026-06-29 07:00:00+00:00, run_after=2026-06-30 07:00:00+00:00
[2026-06-29T18:53:28.932+0000] {processor.py:208} INFO - Processing /opt/airflow/dags/driven_data_pipeline.py took 0.367 seconds
[2026-06-29T18:53:59.224+0000] {processor.py:186} INFO - Started process (PID=131) to work on /opt/airflow/dags/driven_data_pipeline.py
[2026-06-29T18:53:59.226+0000] {processor.py:914} INFO - Processing file /opt/airflow/dags/driven_data_pipeline.py for tasks to queue
[2026-06-29T18:53:59.228+0000] {logging_mixin.py:190} INFO - [2026-06-29T18:53:59.228+0000] {dagbag.py:588} INFO - Filling up the DagBag from /opt/airflow/dags/driven_data_pipeline.py
[2026-06-29T18:53:59.520+0000] {processor.py:925} INFO - DAG(s) 'extract_raw_data_pipeline' retrieved from /opt/airflow/dags/driven_data_pipeline.py
[2026-06-29T18:53:59.540+0000] {logging_mixin.py:190} INFO - [2026-06-29T18:53:59.540+0000] {dag.py:3239} INFO - Sync 1 DAGs
[2026-06-29T18:53:59.556+0000] {logging_mixin.py:190} INFO - [2026-06-29T18:53:59.556+0000] {dag.py:4180} INFO - Setting next_dagrun for extract_raw_data_pipeline to 2026-06-29 07:00:00+00:00, run_after=2026-06-30 07:00:00+00:00
[2026-06-29T18:53:59.575+0000] {processor.py:208} INFO - Processing /opt/airflow/dags/driven_data_pipeline.py took 0.355 seconds
[2026-06-29T18:54:29.876+0000] {processor.py:186} INFO - Started process (PID=141) to work on /opt/airflow/dags/driven_data_pipeline.py
[2026-06-29T18:54:29.877+0000] {processor.py:914} INFO - Processing file /opt/airflow/dags/driven_data_pipeline.py for tasks to queue
[2026-06-29T18:54:29.882+0000] {logging_mixin.py:190} INFO - [2026-06-29T18:54:29.882+0000] {dagbag.py:588} INFO - Filling up the DagBag from /opt/airflow/dags/driven_data_pipeline.py
[2026-06-29T18:54:30.277+0000] {processor.py:925} INFO - DAG(s) 'extract_raw_data_pipeline' retrieved from /opt/airflow/dags/driven_data_pipeline.py
[2026-06-29T18:54:30.301+0000] {logging_mixin.py:190} INFO - [2026-06-29T18:54:30.301+0000] {dag.py:3239} INFO - Sync 1 DAGs
[2026-06-29T18:54:30.322+0000] {logging_mixin.py:190} INFO - [2026-06-29T18:54:30.322+0000] {dag.py:4180} INFO - Setting next_dagrun for extract_raw_data_pipeline to 2026-06-29 07:00:00+00:00, run_after=2026-06-30 07:00:00+00:00
[2026-06-29T18:54:30.342+0000] {processor.py:208} INFO - Processing /opt/airflow/dags/driven_data_pipeline.py took 0.475 seconds
[2026-06-29T18:55:00.744+0000] {processor.py:186} INFO - Started process (PID=151) to work on /opt/airflow/dags/driven_data_pipeline.py
[2026-06-29T18:55:00.745+0000] {processor.py:914} INFO - Processing file /opt/airflow/dags/driven_data_pipeline.py for tasks to queue
[2026-06-29T18:55:00.748+0000] {logging_mixin.py:190} INFO - [2026-06-29T18:55:00.748+0000] {dagbag.py:588} INFO - Filling up the DagBag from /opt/airflow/dags/driven_data_pipeline.py
[2026-06-29T18:55:00.908+0000] {processor.py:925} INFO - DAG(s) 'extract_raw_data_pipeline' retrieved from /opt/airflow/dags/driven_data_pipeline.py
[2026-06-29T18:55:00.930+0000] {logging_mixin.py:190} INFO - [2026-06-29T18:55:00.930+0000] {dag.py:3239} INFO - Sync 1 DAGs
[2026-06-29T18:55:00.949+0000] {logging_mixin.py:190} INFO - [2026-06-29T18:55:00.948+0000] {dag.py:4180} INFO - Setting next_dagrun for extract_raw_data_pipeline to 2026-06-29 07:00:00+00:00, run_after=2026-06-30 07:00:00+00:00
[2026-06-29T18:55:00.966+0000] {processor.py:208} INFO - Processing /opt/airflow/dags/driven_data_pipeline.py took 0.228 seconds
[2026-06-29T18:55:31.022+0000] {processor.py:186} INFO - Started process (PID=161) to work on /opt/airflow/dags/driven_data_pipeline.py
[2026-06-29T18:55:31.023+0000] {processor.py:914} INFO - Processing file /opt/airflow/dags/driven_data_pipeline.py for tasks to queue
[2026-06-29T18:55:31.025+0000] {logging_mixin.py:190} INFO - [2026-06-29T18:55:31.025+0000] {dagbag.py:588} INFO - Filling up the DagBag from /opt/airflow/dags/driven_data_pipeline.py
[2026-06-29T18:55:31.187+0000] {processor.py:925} INFO - DAG(s) 'extract_raw_data_pipeline' retrieved from /opt/airflow/dags/driven_data_pipeline.py
[2026-06-29T18:55:31.211+0000] {logging_mixin.py:190} INFO - [2026-06-29T18:55:31.211+0000] {dag.py:3239} INFO - Sync 1 DAGs
[2026-06-29T18:55:31.235+0000] {logging_mixin.py:190} INFO - [2026-06-29T18:55:31.235+0000] {dag.py:4180} INFO - Setting next_dagrun for extract_raw_data_pipeline to 2026-06-29 07:00:00+00:00, run_after=2026-06-30 07:00:00+00:00
[2026-06-29T18:55:31.364+0000] {processor.py:208} INFO - Processing /opt/airflow/dags/driven_data_pipeline.py took 0.347 seconds
[2026-06-29T18:56:01.623+0000] {processor.py:186} INFO - Started process (PID=171) to work on /opt/airflow/dags/driven_data_pipeline.py
[2026-06-29T18:56:01.624+0000] {processor.py:914} INFO - Processing file /opt/airflow/dags/driven_data_pipeline.py for tasks to queue
[2026-06-29T18:56:01.626+0000] {logging_mixin.py:190} INFO - [2026-06-29T18:56:01.626+0000] {dagbag.py:588} INFO - Filling up the DagBag from /opt/airflow/dags/driven_data_pipeline.py
[2026-06-29T18:56:01.782+0000] {processor.py:925} INFO - DAG(s) 'extract_raw_data_pipeline' retrieved from /opt/airflow/dags/driven_data_pipeline.py
[2026-06-29T18:56:01.804+0000] {logging_mixin.py:190} INFO - [2026-06-29T18:56:01.804+0000] {dag.py:3239} INFO - Sync 1 DAGs
[2026-06-29T18:56:01.823+0000] {logging_mixin.py:190} INFO - [2026-06-29T18:56:01.823+0000] {dag.py:4180} INFO - Setting next_dagrun for extract_raw_data_pipeline to 2026-06-29 07:00:00+00:00, run_after=2026-06-30 07:00:00+00:00
[2026-06-29T18:56:01.843+0000] {processor.py:208} INFO - Processing /opt/airflow/dags/driven_data_pipeline.py took 0.225 seconds
[2026-06-29T18:56:31.943+0000] {processor.py:186} INFO - Started process (PID=182) to work on /opt/airflow/dags/driven_data_pipeline.py
[2026-06-29T18:56:31.944+0000] {processor.py:914} INFO - Processing file /opt/airflow/dags/driven_data_pipeline.py for tasks to queue
[2026-06-29T18:56:31.947+0000] {logging_mixin.py:190} INFO - [2026-06-29T18:56:31.946+0000] {dagbag.py:588} INFO - Filling up the DagBag from /opt/airflow/dags/driven_data_pipeline.py
[2026-06-29T18:56:32.107+0000] {processor.py:925} INFO - DAG(s) 'extract_raw_data_pipeline' retrieved from /opt/airflow/dags/driven_data_pipeline.py
[2026-06-29T18:56:32.144+0000] {logging_mixin.py:190} INFO - [2026-06-29T18:56:32.144+0000] {dag.py:3239} INFO - Sync 1 DAGs
[2026-06-29T18:56:32.163+0000] {logging_mixin.py:190} INFO - [2026-06-29T18:56:32.163+0000] {dag.py:4180} INFO - Setting next_dagrun for extract_raw_data_pipeline to 2026-06-29 07:00:00+00:00, run_after=2026-06-30 07:00:00+00:00
[2026-06-29T18:56:32.185+0000] {processor.py:208} INFO - Processing /opt/airflow/dags/driven_data_pipeline.py took 0.247 seconds
[2026-06-29T18:57:02.442+0000] {processor.py:186} INFO - Started process (PID=192) to work on /opt/airflow/dags/driven_data_pipeline.py
[2026-06-29T18:57:02.443+0000] {processor.py:914} INFO - Processing file /opt/airflow/dags/driven_data_pipeline.py for tasks to queue
[2026-06-29T18:57:02.445+0000] {logging_mixin.py:190} INFO - [2026-06-29T18:57:02.445+0000] {dagbag.py:588} INFO - Filling up the DagBag from /opt/airflow/dags/driven_data_pipeline.py
[2026-06-29T18:57:02.617+0000] {processor.py:925} INFO - DAG(s) 'extract_raw_data_pipeline' retrieved from /opt/airflow/dags/driven_data_pipeline.py
[2026-06-29T18:57:02.642+0000] {logging_mixin.py:190} INFO - [2026-06-29T18:57:02.642+0000] {dag.py:3239} INFO - Sync 1 DAGs
[2026-06-29T18:57:02.661+0000] {logging_mixin.py:190} INFO - [2026-06-29T18:57:02.661+0000] {dag.py:4180} INFO - Setting next_dagrun for extract_raw_data_pipeline to 2026-06-29 07:00:00+00:00, run_after=2026-06-30 07:00:00+00:00
[2026-06-29T18:57:02.682+0000] {processor.py:208} INFO - Processing /opt/airflow/dags/driven_data_pipeline.py took 0.246 seconds
[2026-06-29T18:57:32.771+0000] {processor.py:186} INFO - Started process (PID=202) to work on /opt/airflow/dags/driven_data_pipeline.py
[2026-06-29T18:57:32.772+0000] {processor.py:914} INFO - Processing file /opt/airflow/dags/driven_data_pipeline.py for tasks to queue
[2026-06-29T18:57:32.775+0000] {logging_mixin.py:190} INFO - [2026-06-29T18:57:32.775+0000] {dagbag.py:588} INFO - Filling up the DagBag from /opt/airflow/dags/driven_data_pipeline.py
[2026-06-29T18:57:32.951+0000] {processor.py:925} INFO - DAG(s) 'extract_raw_data_pipeline' retrieved from /opt/airflow/dags/driven_data_pipeline.py
[2026-06-29T18:57:32.980+0000] {logging_mixin.py:190} INFO - [2026-06-29T18:57:32.980+0000] {dag.py:3239} INFO - Sync 1 DAGs
[2026-06-29T18:57:33.005+0000] {logging_mixin.py:190} INFO - [2026-06-29T18:57:33.004+0000] {dag.py:4180} INFO - Setting next_dagrun for extract_raw_data_pipeline to 2026-06-29 07:00:00+00:00, run_after=2026-06-30 07:00:00+00:00
[2026-06-29T18:57:33.024+0000] {processor.py:208} INFO - Processing /opt/airflow/dags/driven_data_pipeline.py took 0.260 seconds
[2026-06-29T18:58:03.272+0000] {processor.py:186} INFO - Started process (PID=212) to work on /opt/airflow/dags/driven_data_pipeline.py
[2026-06-29T18:58:03.273+0000] {processor.py:914} INFO - Processing file /opt/airflow/dags/driven_data_pipeline.py for tasks to queue
[2026-06-29T18:58:03.276+0000] {logging_mixin.py:190} INFO - [2026-06-29T18:58:03.275+0000] {dagbag.py:588} INFO - Filling up the DagBag from /opt/airflow/dags/driven_data_pipeline.py
[2026-06-29T18:58:03.451+0000] {processor.py:925} INFO - DAG(s) 'extract_raw_data_pipeline' retrieved from /opt/airflow/dags/driven_data_pipeline.py
[2026-06-29T18:58:03.473+0000] {logging_mixin.py:190} INFO - [2026-06-29T18:58:03.473+0000] {dag.py:3239} INFO - Sync 1 DAGs
[2026-06-29T18:58:03.495+0000] {logging_mixin.py:190} INFO - [2026-06-29T18:58:03.494+0000] {dag.py:4180} INFO - Setting next_dagrun for extract_raw_data_pipeline to 2026-06-29 07:00:00+00:00, run_after=2026-06-30 07:00:00+00:00
[2026-06-29T18:58:03.525+0000] {processor.py:208} INFO - Processing /opt/airflow/dags/driven_data_pipeline.py took 0.258 seconds
[2026-06-29T18:58:33.571+0000] {processor.py:186} INFO - Started process (PID=222) to work on /opt/airflow/dags/driven_data_pipeline.py
[2026-06-29T18:58:33.572+0000] {processor.py:914} INFO - Processing file /opt/airflow/dags/driven_data_pipeline.py for tasks to queue
[2026-06-29T18:58:33.575+0000] {logging_mixin.py:190} INFO - [2026-06-29T18:58:33.574+0000] {dagbag.py:588} INFO - Filling up the DagBag from /opt/airflow/dags/driven_data_pipeline.py
[2026-06-29T18:58:33.748+0000] {processor.py:925} INFO - DAG(s) 'extract_raw_data_pipeline' retrieved from /opt/airflow/dags/driven_data_pipeline.py
[2026-06-29T18:58:33.772+0000] {logging_mixin.py:190} INFO - [2026-06-29T18:58:33.772+0000] {dag.py:3239} INFO - Sync 1 DAGs
[2026-06-29T18:58:33.794+0000] {logging_mixin.py:190} INFO - [2026-06-29T18:58:33.793+0000] {dag.py:4180} INFO - Setting next_dagrun for extract_raw_data_pipeline to 2026-06-29 07:00:00+00:00, run_after=2026-06-30 07:00:00+00:00
[2026-06-29T18:58:33.815+0000] {processor.py:208} INFO - Processing /opt/airflow/dags/driven_data_pipeline.py took 0.249 seconds
[2026-06-29T18:59:04.118+0000] {processor.py:186} INFO - Started process (PID=232) to work on /opt/airflow/dags/driven_data_pipeline.py
[2026-06-29T18:59:04.119+0000] {processor.py:914} INFO - Processing file /opt/airflow/dags/driven_data_pipeline.py for tasks to queue
[2026-06-29T18:59:04.122+0000] {logging_mixin.py:190} INFO - [2026-06-29T18:59:04.122+0000] {dagbag.py:588} INFO - Filling up the DagBag from /opt/airflow/dags/driven_data_pipeline.py
[2026-06-29T18:59:04.367+0000] {processor.py:925} INFO - DAG(s) 'extract_raw_data_pipeline' retrieved from /opt/airflow/dags/driven_data_pipeline.py
[2026-06-29T18:59:04.402+0000] {logging_mixin.py:190} INFO - [2026-06-29T18:59:04.402+0000] {dag.py:3239} INFO - Sync 1 DAGs
[2026-06-29T18:59:04.436+0000] {logging_mixin.py:190} INFO - [2026-06-29T18:59:04.435+0000] {dag.py:4180} INFO - Setting next_dagrun for extract_raw_data_pipeline to 2026-06-29 07:00:00+00:00, run_after=2026-06-30 07:00:00+00:00
[2026-06-29T18:59:04.467+0000] {processor.py:208} INFO - Processing /opt/airflow/dags/driven_data_pipeline.py took 0.356 seconds
[2026-06-29T18:59:34.824+0000] {processor.py:186} INFO - Started process (PID=246) to work on /opt/airflow/dags/driven_data_pipeline.py
[2026-06-29T18:59:34.826+0000] {processor.py:914} INFO - Processing file /opt/airflow/dags/driven_data_pipeline.py for tasks to queue
[2026-06-29T18:59:34.832+0000] {logging_mixin.py:190} INFO - [2026-06-29T18:59:34.831+0000] {dagbag.py:588} INFO - Filling up the DagBag from /opt/airflow/dags/driven_data_pipeline.py
[2026-06-29T18:59:35.206+0000] {processor.py:925} INFO - DAG(s) 'extract_raw_data_pipeline' retrieved from /opt/airflow/dags/driven_data_pipeline.py
[2026-06-29T18:59:35.252+0000] {logging_mixin.py:190} INFO - [2026-06-29T18:59:35.252+0000] {dag.py:3239} INFO - Sync 1 DAGs
[2026-06-29T18:59:35.291+0000] {logging_mixin.py:190} INFO - [2026-06-29T18:59:35.290+0000] {dag.py:4180} INFO - Setting next_dagrun for extract_raw_data_pipeline to 2026-06-29 07:00:00+00:00, run_after=2026-06-30 07:00:00+00:00
[2026-06-29T18:59:35.325+0000] {processor.py:208} INFO - Processing /opt/airflow/dags/driven_data_pipeline.py took 0.515 seconds
[2026-06-29T19:00:05.679+0000] {processor.py:186} INFO - Started process (PID=256) to work on /opt/airflow/dags/driven_data_pipeline.py
[2026-06-29T19:00:05.681+0000] {processor.py:914} INFO - Processing file /opt/airflow/dags/driven_data_pipeline.py for tasks to queue
[2026-06-29T19:00:05.686+0000] {logging_mixin.py:190} INFO - [2026-06-29T19:00:05.686+0000] {dagbag.py:588} INFO - Filling up the DagBag from /opt/airflow/dags/driven_data_pipeline.py
[2026-06-29T19:00:06.067+0000] {processor.py:925} INFO - DAG(s) 'extract_raw_data_pipeline' retrieved from /opt/airflow/dags/driven_data_pipeline.py
[2026-06-29T19:00:06.123+0000] {logging_mixin.py:190} INFO - [2026-06-29T19:00:06.122+0000] {dag.py:3239} INFO - Sync 1 DAGs
[2026-06-29T19:00:06.185+0000] {logging_mixin.py:190} INFO - [2026-06-29T19:00:06.185+0000] {dag.py:4180} INFO - Setting next_dagrun for extract_raw_data_pipeline to 2026-06-29 07:00:00+00:00, run_after=2026-06-30 07:00:00+00:00
[2026-06-29T19:00:06.232+0000] {processor.py:208} INFO - Processing /opt/airflow/dags/driven_data_pipeline.py took 0.564 seconds
[2026-06-29T19:00:36.380+0000] {processor.py:186} INFO - Started process (PID=267) to work on /opt/airflow/dags/driven_data_pipeline.py
[2026-06-29T19:00:36.381+0000] {processor.py:914} INFO - Processing file /opt/airflow/dags/driven_data_pipeline.py for tasks to queue
[2026-06-29T19:00:36.383+0000] {logging_mixin.py:190} INFO - [2026-06-29T19:00:36.383+0000] {dagbag.py:588} INFO - Filling up the DagBag from /opt/airflow/dags/driven_data_pipeline.py
[2026-06-29T19:00:36.548+0000] {processor.py:925} INFO - DAG(s) 'extract_raw_data_pipeline' retrieved from /opt/airflow/dags/driven_data_pipeline.py
[2026-06-29T19:00:36.572+0000] {logging_mixin.py:190} INFO - [2026-06-29T19:00:36.572+0000] {dag.py:3239} INFO - Sync 1 DAGs
[2026-06-29T19:00:36.593+0000] {logging_mixin.py:190} INFO - [2026-06-29T19:00:36.593+0000] {dag.py:4180} INFO - Setting next_dagrun for extract_raw_data_pipeline to 2026-06-29 07:00:00+00:00, run_after=2026-06-30 07:00:00+00:00
[2026-06-29T19:00:36.616+0000] {processor.py:208} INFO - Processing /opt/airflow/dags/driven_data_pipeline.py took 0.242 seconds
[2026-06-29T19:01:06.893+0000] {processor.py:186} INFO - Started process (PID=277) to work on /opt/airflow/dags/driven_data_pipeline.py
[2026-06-29T19:01:06.894+0000] {processor.py:914} INFO - Processing file /opt/airflow/dags/driven_data_pipeline.py for tasks to queue
[2026-06-29T19:01:06.896+0000] {logging_mixin.py:190} INFO - [2026-06-29T19:01:06.896+0000] {dagbag.py:588} INFO - Filling up the DagBag from /opt/airflow/dags/driven_data_pipeline.py
[2026-06-29T19:01:07.066+0000] {processor.py:925} INFO - DAG(s) 'extract_raw_data_pipeline' retrieved from /opt/airflow/dags/driven_data_pipeline.py
[2026-06-29T19:01:07.094+0000] {logging_mixin.py:190} INFO - [2026-06-29T19:01:07.094+0000] {dag.py:3239} INFO - Sync 1 DAGs
[2026-06-29T19:01:07.116+0000] {logging_mixin.py:190} INFO - [2026-06-29T19:01:07.116+0000] {dag.py:4180} INFO - Setting next_dagrun for extract_raw_data_pipeline to 2026-06-29 07:00:00+00:00, run_after=2026-06-30 07:00:00+00:00
[2026-06-29T19:01:07.133+0000] {processor.py:208} INFO - Processing /opt/airflow/dags/driven_data_pipeline.py took 0.246 seconds
[2026-06-29T19:01:37.209+0000] {processor.py:186} INFO - Started process (PID=287) to work on /opt/airflow/dags/driven_data_pipeline.py
[2026-06-29T19:01:37.211+0000] {processor.py:914} INFO - Processing file /opt/airflow/dags/driven_data_pipeline.py for tasks to queue
[2026-06-29T19:01:37.214+0000] {logging_mixin.py:190} INFO - [2026-06-29T19:01:37.213+0000] {dagbag.py:588} INFO - Filling up the DagBag from /opt/airflow/dags/driven_data_pipeline.py
[2026-06-29T19:01:37.452+0000] {processor.py:925} INFO - DAG(s) 'extract_raw_data_pipeline' retrieved from /opt/airflow/dags/driven_data_pipeline.py
[2026-06-29T19:01:37.500+0000] {logging_mixin.py:190} INFO - [2026-06-29T19:01:37.499+0000] {dag.py:3239} INFO - Sync 1 DAGs
[2026-06-29T19:01:37.547+0000] {logging_mixin.py:190} INFO - [2026-06-29T19:01:37.547+0000] {dag.py:4180} INFO - Setting next_dagrun for extract_raw_data_pipeline to 2026-06-29 07:00:00+00:00, run_after=2026-06-30 07:00:00+00:00
[2026-06-29T19:01:37.585+0000] {processor.py:208} INFO - Processing /opt/airflow/dags/driven_data_pipeline.py took 0.383 seconds
[2026-06-29T19:02:07.744+0000] {processor.py:186} INFO - Started process (PID=297) to work on /opt/airflow/dags/driven_data_pipeline.py
[2026-06-29T19:02:07.745+0000] {processor.py:914} INFO - Processing file /opt/airflow/dags/driven_data_pipeline.py for tasks to queue
[2026-06-29T19:02:07.748+0000] {logging_mixin.py:190} INFO - [2026-06-29T19:02:07.748+0000] {dagbag.py:588} INFO - Filling up the DagBag from /opt/airflow/dags/driven_data_pipeline.py
[2026-06-29T19:02:07.951+0000] {processor.py:925} INFO - DAG(s) 'extract_raw_data_pipeline' retrieved from /opt/airflow/dags/driven_data_pipeline.py
[2026-06-29T19:02:07.982+0000] {logging_mixin.py:190} INFO - [2026-06-29T19:02:07.982+0000] {dag.py:3239} INFO - Sync 1 DAGs
[2026-06-29T19:02:08.009+0000] {logging_mixin.py:190} INFO - [2026-06-29T19:02:08.009+0000] {dag.py:4180} INFO - Setting next_dagrun for extract_raw_data_pipeline to 2026-06-29 07:00:00+00:00, run_after=2026-06-30 07:00:00+00:00
[2026-06-29T19:02:08.035+0000] {processor.py:208} INFO - Processing /opt/airflow/dags/driven_data_pipeline.py took 0.297 seconds
[2026-06-29T19:02:38.287+0000] {processor.py:186} INFO - Started process (PID=307) to work on /opt/airflow/dags/driven_data_pipeline.py
[2026-06-29T19:02:38.288+0000] {processor.py:914} INFO - Processing file /opt/airflow/dags/driven_data_pipeline.py for tasks to queue
[2026-06-29T19:02:38.293+0000] {logging_mixin.py:190} INFO - [2026-06-29T19:02:38.292+0000] {dagbag.py:588} INFO - Filling up the DagBag from /opt/airflow/dags/driven_data_pipeline.py
[2026-06-29T19:02:38.565+0000] {processor.py:925} INFO - DAG(s) 'extract_raw_data_pipeline' retrieved from /opt/airflow/dags/driven_data_pipeline.py
[2026-06-29T19:02:38.605+0000] {logging_mixin.py:190} INFO - [2026-06-29T19:02:38.604+0000] {dag.py:3239} INFO - Sync 1 DAGs
[2026-06-29T19:02:38.643+0000] {logging_mixin.py:190} INFO - [2026-06-29T19:02:38.643+0000] {dag.py:4180} INFO - Setting next_dagrun for extract_raw_data_pipeline to 2026-06-29 07:00:00+00:00, run_after=2026-06-30 07:00:00+00:00
[2026-06-29T19:02:38.671+0000] {processor.py:208} INFO - Processing /opt/airflow/dags/driven_data_pipeline.py took 0.395 seconds
[2026-06-29T19:03:09.027+0000] {processor.py:186} INFO - Started process (PID=317) to work on /opt/airflow/dags/driven_data_pipeline.py
[2026-06-29T19:03:09.030+0000] {processor.py:914} INFO - Processing file /opt/airflow/dags/driven_data_pipeline.py for tasks to queue
[2026-06-29T19:03:09.039+0000] {logging_mixin.py:190} INFO - [2026-06-29T19:03:09.038+0000] {dagbag.py:588} INFO - Filling up the DagBag from /opt/airflow/dags/driven_data_pipeline.py
[2026-06-29T19:03:09.569+0000] {processor.py:925} INFO - DAG(s) 'extract_raw_data_pipeline' retrieved from /opt/airflow/dags/driven_data_pipeline.py
[2026-06-29T19:03:09.625+0000] {logging_mixin.py:190} INFO - [2026-06-29T19:03:09.625+0000] {dag.py:3239} INFO - Sync 1 DAGs
[2026-06-29T19:03:09.675+0000] {logging_mixin.py:190} INFO - [2026-06-29T19:03:09.674+0000] {dag.py:4180} INFO - Setting next_dagrun for extract_raw_data_pipeline to 2026-06-29 07:00:00+00:00, run_after=2026-06-30 07:00:00+00:00
[2026-06-29T19:03:09.711+0000] {processor.py:208} INFO - Processing /opt/airflow/dags/driven_data_pipeline.py took 0.702 seconds
[2026-06-29T19:03:39.948+0000] {processor.py:186} INFO - Started process (PID=327) to work on /opt/airflow/dags/driven_data_pipeline.py
[2026-06-29T19:03:39.949+0000] {processor.py:914} INFO - Processing file /opt/airflow/dags/driven_data_pipeline.py for tasks to queue
[2026-06-29T19:03:39.953+0000] {logging_mixin.py:190} INFO - [2026-06-29T19:03:39.953+0000] {dagbag.py:588} INFO - Filling up the DagBag from /opt/airflow/dags/driven_data_pipeline.py
[2026-06-29T19:03:40.232+0000] {processor.py:925} INFO - DAG(s) 'extract_raw_data_pipeline' retrieved from /opt/airflow/dags/driven_data_pipeline.py
[2026-06-29T19:03:40.279+0000] {logging_mixin.py:190} INFO - [2026-06-29T19:03:40.279+0000] {dag.py:3239} INFO - Sync 1 DAGs
[2026-06-29T19:03:40.326+0000] {logging_mixin.py:190} INFO - [2026-06-29T19:03:40.325+0000] {dag.py:4180} INFO - Setting next_dagrun for extract_raw_data_pipeline to 2026-06-29 07:00:00+00:00, run_after=2026-06-30 07:00:00+00:00
[2026-06-29T19:03:40.385+0000] {processor.py:208} INFO - Processing /opt/airflow/dags/driven_data_pipeline.py took 0.443 seconds
[2026-06-29T19:04:10.547+0000] {processor.py:186} INFO - Started process (PID=337) to work on /opt/airflow/dags/driven_data_pipeline.py
[2026-06-29T19:04:10.551+0000] {processor.py:914} INFO - Processing file /opt/airflow/dags/driven_data_pipeline.py for tasks to queue
[2026-06-29T19:04:10.558+0000] {logging_mixin.py:190} INFO - [2026-06-29T19:04:10.557+0000] {dagbag.py:588} INFO - Filling up the DagBag from /opt/airflow/dags/driven_data_pipeline.py
[2026-06-29T19:04:10.765+0000] {processor.py:925} INFO - DAG(s) 'extract_raw_data_pipeline' retrieved from /opt/airflow/dags/driven_data_pipeline.py
[2026-06-29T19:04:10.787+0000] {logging_mixin.py:190} INFO - [2026-06-29T19:04:10.787+0000] {dag.py:3239} INFO - Sync 1 DAGs
[2026-06-29T19:04:10.809+0000] {logging_mixin.py:190} INFO - [2026-06-29T19:04:10.808+0000] {dag.py:4180} INFO - Setting next_dagrun for extract_raw_data_pipeline to 2026-06-29 07:00:00+00:00, run_after=2026-06-30 07:00:00+00:00
[2026-06-29T19:04:10.837+0000] {processor.py:208} INFO - Processing /opt/airflow/dags/driven_data_pipeline.py took 0.305 seconds
[2026-06-29T19:04:41.240+0000] {processor.py:186} INFO - Started process (PID=347) to work on /opt/airflow/dags/driven_data_pipeline.py
[2026-06-29T19:04:41.242+0000] {processor.py:914} INFO - Processing file /opt/airflow/dags/driven_data_pipeline.py for tasks to queue
[2026-06-29T19:04:41.247+0000] {logging_mixin.py:190} INFO - [2026-06-29T19:04:41.246+0000] {dagbag.py:588} INFO - Filling up the DagBag from /opt/airflow/dags/driven_data_pipeline.py
[2026-06-29T19:04:41.617+0000] {processor.py:925} INFO - DAG(s) 'extract_raw_data_pipeline' retrieved from /opt/airflow/dags/driven_data_pipeline.py
[2026-06-29T19:04:41.667+0000] {logging_mixin.py:190} INFO - [2026-06-29T19:04:41.666+0000] {dag.py:3239} INFO - Sync 1 DAGs
[2026-06-29T19:04:41.714+0000] {logging_mixin.py:190} INFO - [2026-06-29T19:04:41.713+0000] {dag.py:4180} INFO - Setting next_dagrun for extract_raw_data_pipeline to 2026-06-29 07:00:00+00:00, run_after=2026-06-30 07:00:00+00:00
[2026-06-29T19:04:41.763+0000] {processor.py:208} INFO - Processing /opt/airflow/dags/driven_data_pipeline.py took 0.536 seconds
[2026-06-29T19:05:12.183+0000] {processor.py:186} INFO - Started process (PID=357) to work on /opt/airflow/dags/driven_data_pipeline.py
[2026-06-29T19:05:12.185+0000] {processor.py:914} INFO - Processing file /opt/airflow/dags/driven_data_pipeline.py for tasks to queue
[2026-06-29T19:05:12.193+0000] {logging_mixin.py:190} INFO - [2026-06-29T19:05:12.192+0000] {dagbag.py:588} INFO - Filling up the DagBag from /opt/airflow/dags/driven_data_pipeline.py
[2026-06-29T19:05:12.574+0000] {processor.py:925} INFO - DAG(s) 'extract_raw_data_pipeline' retrieved from /opt/airflow/dags/driven_data_pipeline.py
[2026-06-29T19:05:12.621+0000] {logging_mixin.py:190} INFO - [2026-06-29T19:05:12.620+0000] {dag.py:3239} INFO - Sync 1 DAGs
[2026-06-29T19:05:12.661+0000] {logging_mixin.py:190} INFO - [2026-06-29T19:05:12.661+0000] {dag.py:4180} INFO - Setting next_dagrun for extract_raw_data_pipeline to 2026-06-29 07:00:00+00:00, run_after=2026-06-30 07:00:00+00:00
[2026-06-29T19:05:12.698+0000] {processor.py:208} INFO - Processing /opt/airflow/dags/driven_data_pipeline.py took 0.527 seconds
[2026-06-29T19:05:42.812+0000] {processor.py:186} INFO - Started process (PID=367) to work on /opt/airflow/dags/driven_data_pipeline.py
[2026-06-29T19:05:42.814+0000] {processor.py:914} INFO - Processing file /opt/airflow/dags/driven_data_pipeline.py for tasks to queue
[2026-06-29T19:05:42.819+0000] {logging_mixin.py:190} INFO - [2026-06-29T19:05:42.818+0000] {dagbag.py:588} INFO - Filling up the DagBag from /opt/airflow/dags/driven_data_pipeline.py
[2026-06-29T19:05:43.082+0000] {processor.py:925} INFO - DAG(s) 'extract_raw_data_pipeline' retrieved from /opt/airflow/dags/driven_data_pipeline.py
[2026-06-29T19:05:43.121+0000] {logging_mixin.py:190} INFO - [2026-06-29T19:05:43.121+0000] {dag.py:3239} INFO - Sync 1 DAGs
[2026-06-29T19:05:43.155+0000] {logging_mixin.py:190} INFO - [2026-06-29T19:05:43.154+0000] {dag.py:4180} INFO - Setting next_dagrun for extract_raw_data_pipeline to 2026-06-29 07:00:00+00:00, run_after=2026-06-30 07:00:00+00:00
[2026-06-29T19:05:43.183+0000] {processor.py:208} INFO - Processing /opt/airflow/dags/driven_data_pipeline.py took 0.380 seconds
[2026-06-29T19:06:13.299+0000] {processor.py:186} INFO - Started process (PID=377) to work on /opt/airflow/dags/driven_data_pipeline.py
[2026-06-29T19:06:13.301+0000] {processor.py:914} INFO - Processing file /opt/airflow/dags/driven_data_pipeline.py for tasks to queue
[2026-06-29T19:06:13.305+0000] {logging_mixin.py:190} INFO - [2026-06-29T19:06:13.304+0000] {dagbag.py:588} INFO - Filling up the DagBag from /opt/airflow/dags/driven_data_pipeline.py
[2026-06-29T19:06:13.497+0000] {processor.py:925} INFO - DAG(s) 'extract_raw_data_pipeline' retrieved from /opt/airflow/dags/driven_data_pipeline.py
[2026-06-29T19:06:13.524+0000] {logging_mixin.py:190} INFO - [2026-06-29T19:06:13.523+0000] {dag.py:3239} INFO - Sync 1 DAGs
[2026-06-29T19:06:13.545+0000] {logging_mixin.py:190} INFO - [2026-06-29T19:06:13.545+0000] {dag.py:4180} INFO - Setting next_dagrun for extract_raw_data_pipeline to 2026-06-29 07:00:00+00:00, run_after=2026-06-30 07:00:00+00:00
[2026-06-29T19:06:13.569+0000] {processor.py:208} INFO - Processing /opt/airflow/dags/driven_data_pipeline.py took 0.275 seconds
[2026-06-29T19:06:43.751+0000] {processor.py:186} INFO - Started process (PID=387) to work on /opt/airflow/dags/driven_data_pipeline.py
[2026-06-29T19:06:43.753+0000] {processor.py:914} INFO - Processing file /opt/airflow/dags/driven_data_pipeline.py for tasks to queue
[2026-06-29T19:06:43.755+0000] {logging_mixin.py:190} INFO - [2026-06-29T19:06:43.755+0000] {dagbag.py:588} INFO - Filling up the DagBag from /opt/airflow/dags/driven_data_pipeline.py
[2026-06-29T19:06:43.911+0000] {processor.py:925} INFO - DAG(s) 'extract_raw_data_pipeline' retrieved from /opt/airflow/dags/driven_data_pipeline.py
[2026-06-29T19:06:43.929+0000] {logging_mixin.py:190} INFO - [2026-06-29T19:06:43.929+0000] {dag.py:3239} INFO - Sync 1 DAGs
[2026-06-29T19:06:43.947+0000] {logging_mixin.py:190} INFO - [2026-06-29T19:06:43.947+0000] {dag.py:4180} INFO - Setting next_dagrun for extract_raw_data_pipeline to 2026-06-29 07:00:00+00:00, run_after=2026-06-30 07:00:00+00:00
[2026-06-29T19:06:43.965+0000] {processor.py:208} INFO - Processing /opt/airflow/dags/driven_data_pipeline.py took 0.219 seconds
[2026-06-29T19:07:14.182+0000] {processor.py:186} INFO - Started process (PID=397) to work on /opt/airflow/dags/driven_data_pipeline.py
[2026-06-29T19:07:14.183+0000] {processor.py:914} INFO - Processing file /opt/airflow/dags/driven_data_pipeline.py for tasks to queue
[2026-06-29T19:07:14.186+0000] {logging_mixin.py:190} INFO - [2026-06-29T19:07:14.186+0000] {dagbag.py:588} INFO - Filling up the DagBag from /opt/airflow/dags/driven_data_pipeline.py
[2026-06-29T19:07:14.367+0000] {processor.py:925} INFO - DAG(s) 'extract_raw_data_pipeline' retrieved from /opt/airflow/dags/driven_data_pipeline.py
[2026-06-29T19:07:14.388+0000] {logging_mixin.py:190} INFO - [2026-06-29T19:07:14.388+0000] {dag.py:3239} INFO - Sync 1 DAGs
[2026-06-29T19:07:14.409+0000] {logging_mixin.py:190} INFO - [2026-06-29T19:07:14.409+0000] {dag.py:4180} INFO - Setting next_dagrun for extract_raw_data_pipeline to 2026-06-29 07:00:00+00:00, run_after=2026-06-30 07:00:00+00:00
[2026-06-29T19:07:14.429+0000] {processor.py:208} INFO - Processing /opt/airflow/dags/driven_data_pipeline.py took 0.253 seconds
[2026-06-29T19:07:44.717+0000] {processor.py:186} INFO - Started process (PID=407) to work on /opt/airflow/dags/driven_data_pipeline.py
[2026-06-29T19:07:44.718+0000] {processor.py:914} INFO - Processing file /opt/airflow/dags/driven_data_pipeline.py for tasks to queue
[2026-06-29T19:07:44.721+0000] {logging_mixin.py:190} INFO - [2026-06-29T19:07:44.720+0000] {dagbag.py:588} INFO - Filling up the DagBag from /opt/airflow/dags/driven_data_pipeline.py
[2026-06-29T19:07:44.903+0000] {processor.py:925} INFO - DAG(s) 'extract_raw_data_pipeline' retrieved from /opt/airflow/dags/driven_data_pipeline.py
[2026-06-29T19:07:44.933+0000] {logging_mixin.py:190} INFO - [2026-06-29T19:07:44.932+0000] {dag.py:3239} INFO - Sync 1 DAGs
[2026-06-29T19:07:44.959+0000] {logging_mixin.py:190} INFO - [2026-06-29T19:07:44.959+0000] {dag.py:4180} INFO - Setting next_dagrun for extract_raw_data_pipeline to 2026-06-29 07:00:00+00:00, run_after=2026-06-30 07:00:00+00:00
[2026-06-29T19:07:44.982+0000] {processor.py:208} INFO - Processing /opt/airflow/dags/driven_data_pipeline.py took 0.270 seconds
[2026-06-29T19:08:15.276+0000] {processor.py:186} INFO - Started process (PID=417) to work on /opt/airflow/dags/driven_data_pipeline.py
[2026-06-29T19:08:15.278+0000] {processor.py:914} INFO - Processing file /opt/airflow/dags/driven_data_pipeline.py for tasks to queue
[2026-06-29T19:08:15.281+0000] {logging_mixin.py:190} INFO - [2026-06-29T19:08:15.280+0000] {dagbag.py:588} INFO - Filling up the DagBag from /opt/airflow/dags/driven_data_pipeline.py
[2026-06-29T19:08:15.513+0000] {processor.py:925} INFO - DAG(s) 'extract_raw_data_pipeline' retrieved from /opt/airflow/dags/driven_data_pipeline.py
[2026-06-29T19:08:15.548+0000] {logging_mixin.py:190} INFO - [2026-06-29T19:08:15.548+0000] {dag.py:3239} INFO - Sync 1 DAGs
[2026-06-29T19:08:15.576+0000] {logging_mixin.py:190} INFO - [2026-06-29T19:08:15.576+0000] {dag.py:4180} INFO - Setting next_dagrun for extract_raw_data_pipeline to 2026-06-29 07:00:00+00:00, run_after=2026-06-30 07:00:00+00:00
[2026-06-29T19:08:15.598+0000] {processor.py:208} INFO - Processing /opt/airflow/dags/driven_data_pipeline.py took 0.329 seconds
[2026-06-29T19:08:46.288+0000] {processor.py:186} INFO - Started process (PID=427) to work on /opt/airflow/dags/driven_data_pipeline.py
[2026-06-29T19:08:46.307+0000] {processor.py:914} INFO - Processing file /opt/airflow/dags/driven_data_pipeline.py for tasks to queue
[2026-06-29T19:08:46.337+0000] {logging_mixin.py:190} INFO - [2026-06-29T19:08:46.334+0000] {dagbag.py:588} INFO - Filling up the DagBag from /opt/airflow/dags/driven_data_pipeline.py
[2026-06-29T19:08:47.158+0000] {processor.py:925} INFO - DAG(s) 'extract_raw_data_pipeline' retrieved from /opt/airflow/dags/driven_data_pipeline.py
[2026-06-29T19:08:47.245+0000] {logging_mixin.py:190} INFO - [2026-06-29T19:08:47.245+0000] {dag.py:3239} INFO - Sync 1 DAGs
[2026-06-29T19:08:47.325+0000] {logging_mixin.py:190} INFO - [2026-06-29T19:08:47.324+0000] {dag.py:4180} INFO - Setting next_dagrun for extract_raw_data_pipeline to 2026-06-29 07:00:00+00:00, run_after=2026-06-30 07:00:00+00:00
[2026-06-29T19:08:47.376+0000] {processor.py:208} INFO - Processing /opt/airflow/dags/driven_data_pipeline.py took 1.185 seconds
[2026-06-29T19:09:17.806+0000] {processor.py:186} INFO - Started process (PID=438) to work on /opt/airflow/dags/driven_data_pipeline.py
[2026-06-29T19:09:17.807+0000] {processor.py:914} INFO - Processing file /opt/airflow/dags/driven_data_pipeline.py for tasks to queue
[2026-06-29T19:09:17.811+0000] {logging_mixin.py:190} INFO - [2026-06-29T19:09:17.810+0000] {dagbag.py:588} INFO - Filling up the DagBag from /opt/airflow/dags/driven_data_pipeline.py
[2026-06-29T19:09:18.042+0000] {processor.py:925} INFO - DAG(s) 'extract_raw_data_pipeline' retrieved from /opt/airflow/dags/driven_data_pipeline.py
[2026-06-29T19:09:18.075+0000] {logging_mixin.py:190} INFO - [2026-06-29T19:09:18.075+0000] {dag.py:3239} INFO - Sync 1 DAGs
[2026-06-29T19:09:18.109+0000] {logging_mixin.py:190} INFO - [2026-06-29T19:09:18.108+0000] {dag.py:4180} INFO - Setting next_dagrun for extract_raw_data_pipeline to 2026-06-29 07:00:00+00:00, run_after=2026-06-30 07:00:00+00:00
[2026-06-29T19:09:18.143+0000] {processor.py:208} INFO - Processing /opt/airflow/dags/driven_data_pipeline.py took 0.347 seconds
[2026-06-29T19:09:48.838+0000] {processor.py:186} INFO - Started process (PID=448) to work on /opt/airflow/dags/driven_data_pipeline.py
[2026-06-29T19:09:48.841+0000] {processor.py:914} INFO - Processing file /opt/airflow/dags/driven_data_pipeline.py for tasks to queue
[2026-06-29T19:09:48.851+0000] {logging_mixin.py:190} INFO - [2026-06-29T19:09:48.850+0000] {dagbag.py:588} INFO - Filling up the DagBag from /opt/airflow/dags/driven_data_pipeline.py
[2026-06-29T19:09:49.363+0000] {processor.py:925} INFO - DAG(s) 'extract_raw_data_pipeline' retrieved from /opt/airflow/dags/driven_data_pipeline.py
[2026-06-29T19:09:49.413+0000] {logging_mixin.py:190} INFO - [2026-06-29T19:09:49.413+0000] {dag.py:3239} INFO - Sync 1 DAGs
[2026-06-29T19:09:49.458+0000] {logging_mixin.py:190} INFO - [2026-06-29T19:09:49.458+0000] {dag.py:4180} INFO - Setting next_dagrun for extract_raw_data_pipeline to 2026-06-29 07:00:00+00:00, run_after=2026-06-30 07:00:00+00:00
[2026-06-29T19:09:49.495+0000] {processor.py:208} INFO - Processing /opt/airflow/dags/driven_data_pipeline.py took 0.673 seconds
[2026-06-29T19:10:19.861+0000] {processor.py:186} INFO - Started process (PID=458) to work on /opt/airflow/dags/driven_data_pipeline.py
[2026-06-29T19:10:19.862+0000] {processor.py:914} INFO - Processing file /opt/airflow/dags/driven_data_pipeline.py for tasks to queue
[2026-06-29T19:10:19.869+0000] {logging_mixin.py:190} INFO - [2026-06-29T19:10:19.868+0000] {dagbag.py:588} INFO - Filling up the DagBag from /opt/airflow/dags/driven_data_pipeline.py
[2026-06-29T19:10:20.277+0000] {processor.py:925} INFO - DAG(s) 'extract_raw_data_pipeline' retrieved from /opt/airflow/dags/driven_data_pipeline.py
[2026-06-29T19:10:20.329+0000] {logging_mixin.py:190} INFO - [2026-06-29T19:10:20.328+0000] {dag.py:3239} INFO - Sync 1 DAGs
[2026-06-29T19:10:20.375+0000] {logging_mixin.py:190} INFO - [2026-06-29T19:10:20.374+0000] {dag.py:4180} INFO - Setting next_dagrun for extract_raw_data_pipeline to 2026-06-29 07:00:00+00:00, run_after=2026-06-30 07:00:00+00:00
[2026-06-29T19:10:20.410+0000] {processor.py:208} INFO - Processing /opt/airflow/dags/driven_data_pipeline.py took 0.560 seconds
[2026-06-29T19:10:50.469+0000] {processor.py:186} INFO - Started process (PID=468) to work on /opt/airflow/dags/driven_data_pipeline.py
[2026-06-29T19:10:50.470+0000] {processor.py:914} INFO - Processing file /opt/airflow/dags/driven_data_pipeline.py for tasks to queue
[2026-06-29T19:10:50.473+0000] {logging_mixin.py:190} INFO - [2026-06-29T19:10:50.472+0000] {dagbag.py:588} INFO - Filling up the DagBag from /opt/airflow/dags/driven_data_pipeline.py
[2026-06-29T19:10:50.662+0000] {processor.py:925} INFO - DAG(s) 'extract_raw_data_pipeline' retrieved from /opt/airflow/dags/driven_data_pipeline.py
[2026-06-29T19:10:50.689+0000] {logging_mixin.py:190} INFO - [2026-06-29T19:10:50.689+0000] {dag.py:3239} INFO - Sync 1 DAGs
[2026-06-29T19:10:50.713+0000] {logging_mixin.py:190} INFO - [2026-06-29T19:10:50.713+0000] {dag.py:4180} INFO - Setting next_dagrun for extract_raw_data_pipeline to 2026-06-29 07:00:00+00:00, run_after=2026-06-30 07:00:00+00:00
[2026-06-29T19:10:50.737+0000] {processor.py:208} INFO - Processing /opt/airflow/dags/driven_data_pipeline.py took 0.274 seconds
[2026-06-29T19:11:21.023+0000] {processor.py:186} INFO - Started process (PID=478) to work on /opt/airflow/dags/driven_data_pipeline.py
[2026-06-29T19:11:21.025+0000] {processor.py:914} INFO - Processing file /opt/airflow/dags/driven_data_pipeline.py for tasks to queue
[2026-06-29T19:11:21.028+0000] {logging_mixin.py:190} INFO - [2026-06-29T19:11:21.028+0000] {dagbag.py:588} INFO - Filling up the DagBag from /opt/airflow/dags/driven_data_pipeline.py
[2026-06-29T19:11:21.244+0000] {processor.py:925} INFO - DAG(s) 'extract_raw_data_pipeline' retrieved from /opt/airflow/dags/driven_data_pipeline.py
[2026-06-29T19:11:21.273+0000] {logging_mixin.py:190} INFO - [2026-06-29T19:11:21.272+0000] {dag.py:3239} INFO - Sync 1 DAGs
[2026-06-29T19:11:21.297+0000] {logging_mixin.py:190} INFO - [2026-06-29T19:11:21.297+0000] {dag.py:4180} INFO - Setting next_dagrun for extract_raw_data_pipeline to 2026-06-29 07:00:00+00:00, run_after=2026-06-30 07:00:00+00:00
[2026-06-29T19:11:21.319+0000] {processor.py:208} INFO - Processing /opt/airflow/dags/driven_data_pipeline.py took 0.302 seconds
[2026-06-29T19:11:51.637+0000] {processor.py:186} INFO - Started process (PID=488) to work on /opt/airflow/dags/driven_data_pipeline.py
[2026-06-29T19:11:51.638+0000] {processor.py:914} INFO - Processing file /opt/airflow/dags/driven_data_pipeline.py for tasks to queue
[2026-06-29T19:11:51.640+0000] {logging_mixin.py:190} INFO - [2026-06-29T19:11:51.640+0000] {dagbag.py:588} INFO - Filling up the DagBag from /opt/airflow/dags/driven_data_pipeline.py
[2026-06-29T19:11:51.789+0000] {processor.py:925} INFO - DAG(s) 'extract_raw_data_pipeline' retrieved from /opt/airflow/dags/driven_data_pipeline.py
[2026-06-29T19:11:51.811+0000] {logging_mixin.py:190} INFO - [2026-06-29T19:11:51.810+0000] {dag.py:3239} INFO - Sync 1 DAGs
[2026-06-29T19:11:51.829+0000] {logging_mixin.py:190} INFO - [2026-06-29T19:11:51.829+0000] {dag.py:4180} INFO - Setting next_dagrun for extract_raw_data_pipeline to 2026-06-29 07:00:00+00:00, run_after=2026-06-30 07:00:00+00:00
[2026-06-29T19:11:51.849+0000] {processor.py:208} INFO - Processing /opt/airflow/dags/driven_data_pipeline.py took 0.218 seconds
[2026-06-29T19:12:21.933+0000] {processor.py:186} INFO - Started process (PID=498) to work on /opt/airflow/dags/driven_data_pipeline.py
[2026-06-29T19:12:21.934+0000] {processor.py:914} INFO - Processing file /opt/airflow/dags/driven_data_pipeline.py for tasks to queue
[2026-06-29T19:12:21.936+0000] {logging_mixin.py:190} INFO - [2026-06-29T19:12:21.936+0000] {dagbag.py:588} INFO - Filling up the DagBag from /opt/airflow/dags/driven_data_pipeline.py
[2026-06-29T19:12:22.079+0000] {processor.py:925} INFO - DAG(s) 'extract_raw_data_pipeline' retrieved from /opt/airflow/dags/driven_data_pipeline.py
[2026-06-29T19:12:22.100+0000] {logging_mixin.py:190} INFO - [2026-06-29T19:12:22.100+0000] {dag.py:3239} INFO - Sync 1 DAGs
[2026-06-29T19:12:22.119+0000] {logging_mixin.py:190} INFO - [2026-06-29T19:12:22.119+0000] {dag.py:4180} INFO - Setting next_dagrun for extract_raw_data_pipeline to 2026-06-29 07:00:00+00:00, run_after=2026-06-30 07:00:00+00:00
[2026-06-29T19:12:22.140+0000] {processor.py:208} INFO - Processing /opt/airflow/dags/driven_data_pipeline.py took 0.212 seconds
[2026-06-29T19:12:52.474+0000] {processor.py:186} INFO - Started process (PID=508) to work on /opt/airflow/dags/driven_data_pipeline.py
[2026-06-29T19:12:52.476+0000] {processor.py:914} INFO - Processing file /opt/airflow/dags/driven_data_pipeline.py for tasks to queue
[2026-06-29T19:12:52.478+0000] {logging_mixin.py:190} INFO - [2026-06-29T19:12:52.478+0000] {dagbag.py:588} INFO - Filling up the DagBag from /opt/airflow/dags/driven_data_pipeline.py
[2026-06-29T19:12:52.627+0000] {processor.py:925} INFO - DAG(s) 'extract_raw_data_pipeline' retrieved from /opt/airflow/dags/driven_data_pipeline.py
[2026-06-29T19:12:52.648+0000] {logging_mixin.py:190} INFO - [2026-06-29T19:12:52.647+0000] {dag.py:3239} INFO - Sync 1 DAGs
[2026-06-29T19:12:52.665+0000] {logging_mixin.py:190} INFO - [2026-06-29T19:12:52.665+0000] {dag.py:4180} INFO - Setting next_dagrun for extract_raw_data_pipeline to 2026-06-29 07:00:00+00:00, run_after=2026-06-30 07:00:00+00:00
[2026-06-29T19:12:52.686+0000] {processor.py:208} INFO - Processing /opt/airflow/dags/driven_data_pipeline.py took 0.217 seconds
[2026-06-29T19:13:22.742+0000] {processor.py:186} INFO - Started process (PID=518) to work on /opt/airflow/dags/driven_data_pipeline.py
[2026-06-29T19:13:22.743+0000] {processor.py:914} INFO - Processing file /opt/airflow/dags/driven_data_pipeline.py for tasks to queue
[2026-06-29T19:13:22.745+0000] {logging_mixin.py:190} INFO - [2026-06-29T19:13:22.745+0000] {dagbag.py:588} INFO - Filling up the DagBag from /opt/airflow/dags/driven_data_pipeline.py
[2026-06-29T19:13:22.911+0000] {processor.py:925} INFO - DAG(s) 'extract_raw_data_pipeline' retrieved from /opt/airflow/dags/driven_data_pipeline.py
[2026-06-29T19:13:22.934+0000] {logging_mixin.py:190} INFO - [2026-06-29T19:13:22.933+0000] {dag.py:3239} INFO - Sync 1 DAGs
[2026-06-29T19:13:22.952+0000] {logging_mixin.py:190} INFO - [2026-06-29T19:13:22.952+0000] {dag.py:4180} INFO - Setting next_dagrun for extract_raw_data_pipeline to 2026-06-29 07:00:00+00:00, run_after=2026-06-30 07:00:00+00:00
[2026-06-29T19:13:22.972+0000] {processor.py:208} INFO - Processing /opt/airflow/dags/driven_data_pipeline.py took 0.236 seconds
[2026-06-29T19:13:53.264+0000] {processor.py:186} INFO - Started process (PID=528) to work on /opt/airflow/dags/driven_data_pipeline.py
[2026-06-29T19:13:53.265+0000] {processor.py:914} INFO - Processing file /opt/airflow/dags/driven_data_pipeline.py for tasks to queue
[2026-06-29T19:13:53.267+0000] {logging_mixin.py:190} INFO - [2026-06-29T19:13:53.267+0000] {dagbag.py:588} INFO - Filling up the DagBag from /opt/airflow/dags/driven_data_pipeline.py
[2026-06-29T19:13:53.413+0000] {processor.py:925} INFO - DAG(s) 'extract_raw_data_pipeline' retrieved from /opt/airflow/dags/driven_data_pipeline.py
[2026-06-29T19:13:53.433+0000] {logging_mixin.py:190} INFO - [2026-06-29T19:13:53.433+0000] {dag.py:3239} INFO - Sync 1 DAGs
[2026-06-29T19:13:53.451+0000] {logging_mixin.py:190} INFO - [2026-06-29T19:13:53.451+0000] {dag.py:4180} INFO - Setting next_dagrun for extract_raw_data_pipeline to 2026-06-29 07:00:00+00:00, run_after=2026-06-30 07:00:00+00:00
[2026-06-29T19:13:53.475+0000] {processor.py:208} INFO - Processing /opt/airflow/dags/driven_data_pipeline.py took 0.216 seconds
[2026-06-29T19:14:23.563+0000] {processor.py:186} INFO - Started process (PID=537) to work on /opt/airflow/dags/driven_data_pipeline.py
[2026-06-29T19:14:23.565+0000] {processor.py:914} INFO - Processing file /opt/airflow/dags/driven_data_pipeline.py for tasks to queue
[2026-06-29T19:14:23.567+0000] {logging_mixin.py:190} INFO - [2026-06-29T19:14:23.567+0000] {dagbag.py:588} INFO - Filling up the DagBag from /opt/airflow/dags/driven_data_pipeline.py
[2026-06-29T19:14:23.719+0000] {processor.py:925} INFO - DAG(s) 'extract_raw_data_pipeline' retrieved from /opt/airflow/dags/driven_data_pipeline.py
[2026-06-29T19:14:23.741+0000] {logging_mixin.py:190} INFO - [2026-06-29T19:14:23.740+0000] {dag.py:3239} INFO - Sync 1 DAGs
[2026-06-29T19:14:23.764+0000] {logging_mixin.py:190} INFO - [2026-06-29T19:14:23.763+0000] {dag.py:4180} INFO - Setting next_dagrun for extract_raw_data_pipeline to 2026-06-29 07:00:00+00:00, run_after=2026-06-30 07:00:00+00:00
[2026-06-29T19:14:23.786+0000] {processor.py:208} INFO - Processing /opt/airflow/dags/driven_data_pipeline.py took 0.228 seconds
[2026-06-29T19:14:54.114+0000] {processor.py:186} INFO - Started process (PID=547) to work on /opt/airflow/dags/driven_data_pipeline.py
[2026-06-29T19:14:54.116+0000] {processor.py:914} INFO - Processing file /opt/airflow/dags/driven_data_pipeline.py for tasks to queue
[2026-06-29T19:14:54.120+0000] {logging_mixin.py:190} INFO - [2026-06-29T19:14:54.119+0000] {dagbag.py:588} INFO - Filling up the DagBag from /opt/airflow/dags/driven_data_pipeline.py
[2026-06-29T19:14:54.347+0000] {processor.py:925} INFO - DAG(s) 'extract_raw_data_pipeline' retrieved from /opt/airflow/dags/driven_data_pipeline.py
[2026-06-29T19:14:54.381+0000] {logging_mixin.py:190} INFO - [2026-06-29T19:14:54.380+0000] {dag.py:3239} INFO - Sync 1 DAGs
[2026-06-29T19:14:54.414+0000] {logging_mixin.py:190} INFO - [2026-06-29T19:14:54.414+0000] {dag.py:4180} INFO - Setting next_dagrun for extract_raw_data_pipeline to 2026-06-29 07:00:00+00:00, run_after=2026-06-30 07:00:00+00:00
[2026-06-29T19:14:54.443+0000] {processor.py:208} INFO - Processing /opt/airflow/dags/driven_data_pipeline.py took 0.339 seconds
[2026-06-29T19:15:24.792+0000] {processor.py:186} INFO - Started process (PID=557) to work on /opt/airflow/dags/driven_data_pipeline.py
[2026-06-29T19:15:24.794+0000] {processor.py:914} INFO - Processing file /opt/airflow/dags/driven_data_pipeline.py for tasks to queue
[2026-06-29T19:15:24.797+0000] {logging_mixin.py:190} INFO - [2026-06-29T19:15:24.796+0000] {dagbag.py:588} INFO - Filling up the DagBag from /opt/airflow/dags/driven_data_pipeline.py
[2026-06-29T19:15:24.964+0000] {processor.py:925} INFO - DAG(s) 'extract_raw_data_pipeline' retrieved from /opt/airflow/dags/driven_data_pipeline.py
[2026-06-29T19:15:24.986+0000] {logging_mixin.py:190} INFO - [2026-06-29T19:15:24.986+0000] {dag.py:3239} INFO - Sync 1 DAGs
[2026-06-29T19:15:25.004+0000] {logging_mixin.py:190} INFO - [2026-06-29T19:15:25.004+0000] {dag.py:4180} INFO - Setting next_dagrun for extract_raw_data_pipeline to 2026-06-29 07:00:00+00:00, run_after=2026-06-30 07:00:00+00:00
[2026-06-29T19:15:25.024+0000] {processor.py:208} INFO - Processing /opt/airflow/dags/driven_data_pipeline.py took 0.239 seconds
[2026-06-29T19:42:30.987+0000] {processor.py:186} INFO - Started process (PID=567) to work on /opt/airflow/dags/driven_data_pipeline.py
[2026-06-29T19:42:30.990+0000] {processor.py:914} INFO - Processing file /opt/airflow/dags/driven_data_pipeline.py for tasks to queue
[2026-06-29T19:42:31.000+0000] {logging_mixin.py:190} INFO - [2026-06-29T19:42:30.999+0000] {dagbag.py:588} INFO - Filling up the DagBag from /opt/airflow/dags/driven_data_pipeline.py
[2026-06-29T19:42:31.666+0000] {processor.py:925} INFO - DAG(s) 'extract_raw_data_pipeline' retrieved from /opt/airflow/dags/driven_data_pipeline.py
[2026-06-29T19:42:31.736+0000] {logging_mixin.py:190} INFO - [2026-06-29T19:42:31.735+0000] {dag.py:3239} INFO - Sync 1 DAGs
[2026-06-29T19:42:31.805+0000] {logging_mixin.py:190} INFO - [2026-06-29T19:42:31.804+0000] {dag.py:4180} INFO - Setting next_dagrun for extract_raw_data_pipeline to 2026-06-29 07:00:00+00:00, run_after=2026-06-30 07:00:00+00:00
[2026-06-29T19:42:31.855+0000] {processor.py:208} INFO - Processing /opt/airflow/dags/driven_data_pipeline.py took 0.890 seconds
[2026-06-29T19:43:02.034+0000] {processor.py:186} INFO - Started process (PID=577) to work on /opt/airflow/dags/driven_data_pipeline.py
[2026-06-29T19:43:02.037+0000] {processor.py:914} INFO - Processing file /opt/airflow/dags/driven_data_pipeline.py for tasks to queue
[2026-06-29T19:43:02.043+0000] {logging_mixin.py:190} INFO - [2026-06-29T19:43:02.043+0000] {dagbag.py:588} INFO - Filling up the DagBag from /opt/airflow/dags/driven_data_pipeline.py
[2026-06-29T19:43:02.371+0000] {processor.py:925} INFO - DAG(s) 'extract_raw_data_pipeline' retrieved from /opt/airflow/dags/driven_data_pipeline.py
[2026-06-29T19:43:02.416+0000] {logging_mixin.py:190} INFO - [2026-06-29T19:43:02.415+0000] {dag.py:3239} INFO - Sync 1 DAGs
[2026-06-29T19:43:02.449+0000] {logging_mixin.py:190} INFO - [2026-06-29T19:43:02.449+0000] {dag.py:4180} INFO - Setting next_dagrun for extract_raw_data_pipeline to 2026-06-29 07:00:00+00:00, run_after=2026-06-30 07:00:00+00:00
[2026-06-29T19:43:02.478+0000] {processor.py:208} INFO - Processing /opt/airflow/dags/driven_data_pipeline.py took 0.455 seconds
[2026-06-29T19:43:32.797+0000] {processor.py:186} INFO - Started process (PID=587) to work on /opt/airflow/dags/driven_data_pipeline.py
[2026-06-29T19:43:32.798+0000] {processor.py:914} INFO - Processing file /opt/airflow/dags/driven_data_pipeline.py for tasks to queue
[2026-06-29T19:43:32.803+0000] {logging_mixin.py:190} INFO - [2026-06-29T19:43:32.802+0000] {dagbag.py:588} INFO - Filling up the DagBag from /opt/airflow/dags/driven_data_pipeline.py
[2026-06-29T19:43:33.036+0000] {processor.py:925} INFO - DAG(s) 'extract_raw_data_pipeline' retrieved from /opt/airflow/dags/driven_data_pipeline.py
[2026-06-29T19:43:33.066+0000] {logging_mixin.py:190} INFO - [2026-06-29T19:43:33.066+0000] {dag.py:3239} INFO - Sync 1 DAGs
[2026-06-29T19:43:33.093+0000] {logging_mixin.py:190} INFO - [2026-06-29T19:43:33.093+0000] {dag.py:4180} INFO - Setting next_dagrun for extract_raw_data_pipeline to 2026-06-29 07:00:00+00:00, run_after=2026-06-30 07:00:00+00:00
[2026-06-29T19:43:33.119+0000] {processor.py:208} INFO - Processing /opt/airflow/dags/driven_data_pipeline.py took 0.329 seconds
[2026-06-29T19:44:03.564+0000] {processor.py:186} INFO - Started process (PID=597) to work on /opt/airflow/dags/driven_data_pipeline.py
[2026-06-29T19:44:03.567+0000] {processor.py:914} INFO - Processing file /opt/airflow/dags/driven_data_pipeline.py for tasks to queue
[2026-06-29T19:44:03.572+0000] {logging_mixin.py:190} INFO - [2026-06-29T19:44:03.572+0000] {dagbag.py:588} INFO - Filling up the DagBag from /opt/airflow/dags/driven_data_pipeline.py
[2026-06-29T19:44:03.990+0000] {processor.py:925} INFO - DAG(s) 'extract_raw_data_pipeline' retrieved from /opt/airflow/dags/driven_data_pipeline.py
[2026-06-29T19:44:04.065+0000] {logging_mixin.py:190} INFO - [2026-06-29T19:44:04.064+0000] {dag.py:3239} INFO - Sync 1 DAGs
[2026-06-29T19:44:04.127+0000] {logging_mixin.py:190} INFO - [2026-06-29T19:44:04.126+0000] {dag.py:4180} INFO - Setting next_dagrun for extract_raw_data_pipeline to 2026-06-29 07:00:00+00:00, run_after=2026-06-30 07:00:00+00:00
[2026-06-29T19:44:04.168+0000] {processor.py:208} INFO - Processing /opt/airflow/dags/driven_data_pipeline.py took 0.622 seconds
[2026-06-29T19:44:34.469+0000] {processor.py:186} INFO - Started process (PID=607) to work on /opt/airflow/dags/driven_data_pipeline.py
[2026-06-29T19:44:34.470+0000] {processor.py:914} INFO - Processing file /opt/airflow/dags/driven_data_pipeline.py for tasks to queue
[2026-06-29T19:44:34.472+0000] {logging_mixin.py:190} INFO - [2026-06-29T19:44:34.472+0000] {dagbag.py:588} INFO - Filling up the DagBag from /opt/airflow/dags/driven_data_pipeline.py
[2026-06-29T19:44:34.631+0000] {processor.py:925} INFO - DAG(s) 'extract_raw_data_pipeline' retrieved from /opt/airflow/dags/driven_data_pipeline.py
[2026-06-29T19:44:34.654+0000] {logging_mixin.py:190} INFO - [2026-06-29T19:44:34.653+0000] {dag.py:3239} INFO - Sync 1 DAGs
[2026-06-29T19:44:34.674+0000] {logging_mixin.py:190} INFO - [2026-06-29T19:44:34.674+0000] {dag.py:4180} INFO - Setting next_dagrun for extract_raw_data_pipeline to 2026-06-29 07:00:00+00:00, run_after=2026-06-30 07:00:00+00:00
[2026-06-29T19:44:34.694+0000] {processor.py:208} INFO - Processing /opt/airflow/dags/driven_data_pipeline.py took 0.230 seconds
[2026-06-29T19:45:04.965+0000] {processor.py:186} INFO - Started process (PID=617) to work on /opt/airflow/dags/driven_data_pipeline.py
[2026-06-29T19:45:04.967+0000] {processor.py:914} INFO - Processing file /opt/airflow/dags/driven_data_pipeline.py for tasks to queue
[2026-06-29T19:45:04.970+0000] {logging_mixin.py:190} INFO - [2026-06-29T19:45:04.969+0000] {dagbag.py:588} INFO - Filling up the DagBag from /opt/airflow/dags/driven_data_pipeline.py
[2026-06-29T19:45:05.171+0000] {processor.py:925} INFO - DAG(s) 'extract_raw_data_pipeline' retrieved from /opt/airflow/dags/driven_data_pipeline.py
[2026-06-29T19:45:05.205+0000] {logging_mixin.py:190} INFO - [2026-06-29T19:45:05.205+0000] {dag.py:3239} INFO - Sync 1 DAGs
[2026-06-29T19:45:05.234+0000] {logging_mixin.py:190} INFO - [2026-06-29T19:45:05.233+0000] {dag.py:4180} INFO - Setting next_dagrun for extract_raw_data_pipeline to 2026-06-29 07:00:00+00:00, run_after=2026-06-30 07:00:00+00:00
[2026-06-29T19:45:05.380+0000] {processor.py:208} INFO - Processing /opt/airflow/dags/driven_data_pipeline.py took 0.420 seconds
[2026-06-29T19:45:35.649+0000] {processor.py:186} INFO - Started process (PID=627) to work on /opt/airflow/dags/driven_data_pipeline.py
[2026-06-29T19:45:35.650+0000] {processor.py:914} INFO - Processing file /opt/airflow/dags/driven_data_pipeline.py for tasks to queue
[2026-06-29T19:45:35.654+0000] {logging_mixin.py:190} INFO - [2026-06-29T19:45:35.653+0000] {dagbag.py:588} INFO - Filling up the DagBag from /opt/airflow/dags/driven_data_pipeline.py
[2026-06-29T19:45:35.874+0000] {processor.py:925} INFO - DAG(s) 'extract_raw_data_pipeline' retrieved from /opt/airflow/dags/driven_data_pipeline.py
[2026-06-29T19:45:35.906+0000] {logging_mixin.py:190} INFO - [2026-06-29T19:45:35.906+0000] {dag.py:3239} INFO - Sync 1 DAGs
[2026-06-29T19:45:35.936+0000] {logging_mixin.py:190} INFO - [2026-06-29T19:45:35.936+0000] {dag.py:4180} INFO - Setting next_dagrun for extract_raw_data_pipeline to 2026-06-29 07:00:00+00:00, run_after=2026-06-30 07:00:00+00:00
[2026-06-29T19:45:35.963+0000] {processor.py:208} INFO - Processing /opt/airflow/dags/driven_data_pipeline.py took 0.320 seconds
[2026-06-29T19:46:06.320+0000] {processor.py:186} INFO - Started process (PID=637) to work on /opt/airflow/dags/driven_data_pipeline.py
[2026-06-29T19:46:06.322+0000] {processor.py:914} INFO - Processing file /opt/airflow/dags/driven_data_pipeline.py for tasks to queue
[2026-06-29T19:46:06.327+0000] {logging_mixin.py:190} INFO - [2026-06-29T19:46:06.326+0000] {dagbag.py:588} INFO - Filling up the DagBag from /opt/airflow/dags/driven_data_pipeline.py
[2026-06-29T19:46:06.619+0000] {processor.py:925} INFO - DAG(s) 'extract_raw_data_pipeline' retrieved from /opt/airflow/dags/driven_data_pipeline.py
[2026-06-29T19:46:06.656+0000] {logging_mixin.py:190} INFO - [2026-06-29T19:46:06.656+0000] {dag.py:3239} INFO - Sync 1 DAGs
[2026-06-29T19:46:06.692+0000] {logging_mixin.py:190} INFO - [2026-06-29T19:46:06.692+0000] {dag.py:4180} INFO - Setting next_dagrun for extract_raw_data_pipeline to 2026-06-29 07:00:00+00:00, run_after=2026-06-30 07:00:00+00:00
[2026-06-29T19:46:06.724+0000] {processor.py:208} INFO - Processing /opt/airflow/dags/driven_data_pipeline.py took 0.416 seconds
[2026-06-29T19:46:37.152+0000] {processor.py:186} INFO - Started process (PID=647) to work on /opt/airflow/dags/driven_data_pipeline.py
[2026-06-29T19:46:37.154+0000] {processor.py:914} INFO - Processing file /opt/airflow/dags/driven_data_pipeline.py for tasks to queue
[2026-06-29T19:46:37.158+0000] {logging_mixin.py:190} INFO - [2026-06-29T19:46:37.158+0000] {dagbag.py:588} INFO - Filling up the DagBag from /opt/airflow/dags/driven_data_pipeline.py
[2026-06-29T19:46:37.478+0000] {processor.py:925} INFO - DAG(s) 'extract_raw_data_pipeline' retrieved from /opt/airflow/dags/driven_data_pipeline.py
[2026-06-29T19:46:37.523+0000] {logging_mixin.py:190} INFO - [2026-06-29T19:46:37.523+0000] {dag.py:3239} INFO - Sync 1 DAGs
[2026-06-29T19:46:37.563+0000] {logging_mixin.py:190} INFO - [2026-06-29T19:46:37.562+0000] {dag.py:4180} INFO - Setting next_dagrun for extract_raw_data_pipeline to 2026-06-29 07:00:00+00:00, run_after=2026-06-30 07:00:00+00:00
[2026-06-29T19:46:37.595+0000] {processor.py:208} INFO - Processing /opt/airflow/dags/driven_data_pipeline.py took 0.453 seconds
[2026-06-29T19:47:07.972+0000] {processor.py:186} INFO - Started process (PID=657) to work on /opt/airflow/dags/driven_data_pipeline.py
[2026-06-29T19:47:07.974+0000] {processor.py:914} INFO - Processing file /opt/airflow/dags/driven_data_pipeline.py for tasks to queue
[2026-06-29T19:47:07.982+0000] {logging_mixin.py:190} INFO - [2026-06-29T19:47:07.981+0000] {dagbag.py:588} INFO - Filling up the DagBag from /opt/airflow/dags/driven_data_pipeline.py
[2026-06-29T19:47:08.500+0000] {processor.py:925} INFO - DAG(s) 'extract_raw_data_pipeline' retrieved from /opt/airflow/dags/driven_data_pipeline.py
[2026-06-29T19:47:08.557+0000] {logging_mixin.py:190} INFO - [2026-06-29T19:47:08.556+0000] {dag.py:3239} INFO - Sync 1 DAGs
[2026-06-29T19:47:08.613+0000] {logging_mixin.py:190} INFO - [2026-06-29T19:47:08.613+0000] {dag.py:4180} INFO - Setting next_dagrun for extract_raw_data_pipeline to 2026-06-29 07:00:00+00:00, run_after=2026-06-30 07:00:00+00:00
[2026-06-29T19:47:08.667+0000] {processor.py:208} INFO - Processing /opt/airflow/dags/driven_data_pipeline.py took 0.710 seconds
[2026-06-29T19:47:38.771+0000] {processor.py:186} INFO - Started process (PID=667) to work on /opt/airflow/dags/driven_data_pipeline.py
[2026-06-29T19:47:38.773+0000] {processor.py:914} INFO - Processing file /opt/airflow/dags/driven_data_pipeline.py for tasks to queue
[2026-06-29T19:47:38.779+0000] {logging_mixin.py:190} INFO - [2026-06-29T19:47:38.778+0000] {dagbag.py:588} INFO - Filling up the DagBag from /opt/airflow/dags/driven_data_pipeline.py
[2026-06-29T19:47:39.191+0000] {processor.py:925} INFO - DAG(s) 'extract_raw_data_pipeline' retrieved from /opt/airflow/dags/driven_data_pipeline.py
[2026-06-29T19:47:39.241+0000] {logging_mixin.py:190} INFO - [2026-06-29T19:47:39.241+0000] {dag.py:3239} INFO - Sync 1 DAGs
[2026-06-29T19:47:39.297+0000] {logging_mixin.py:190} INFO - [2026-06-29T19:47:39.297+0000] {dag.py:4180} INFO - Setting next_dagrun for extract_raw_data_pipeline to 2026-06-29 07:00:00+00:00, run_after=2026-06-30 07:00:00+00:00
[2026-06-29T19:47:39.344+0000] {processor.py:208} INFO - Processing /opt/airflow/dags/driven_data_pipeline.py took 0.587 seconds
[2026-06-29T19:48:09.684+0000] {processor.py:186} INFO - Started process (PID=677) to work on /opt/airflow/dags/driven_data_pipeline.py
[2026-06-29T19:48:09.686+0000] {processor.py:914} INFO - Processing file /opt/airflow/dags/driven_data_pipeline.py for tasks to queue
[2026-06-29T19:48:09.690+0000] {logging_mixin.py:190} INFO - [2026-06-29T19:48:09.689+0000] {dagbag.py:588} INFO - Filling up the DagBag from /opt/airflow/dags/driven_data_pipeline.py
[2026-06-29T19:48:09.990+0000] {processor.py:925} INFO - DAG(s) 'extract_raw_data_pipeline' retrieved from /opt/airflow/dags/driven_data_pipeline.py
[2026-06-29T19:48:10.031+0000] {logging_mixin.py:190} INFO - [2026-06-29T19:48:10.031+0000] {dag.py:3239} INFO - Sync 1 DAGs
[2026-06-29T19:48:10.070+0000] {logging_mixin.py:190} INFO - [2026-06-29T19:48:10.070+0000] {dag.py:4180} INFO - Setting next_dagrun for extract_raw_data_pipeline to 2026-06-29 07:00:00+00:00, run_after=2026-06-30 07:00:00+00:00
[2026-06-29T19:48:10.104+0000] {processor.py:208} INFO - Processing /opt/airflow/dags/driven_data_pipeline.py took 0.429 seconds
[2026-06-29T19:48:40.493+0000] {processor.py:186} INFO - Started process (PID=687) to work on /opt/airflow/dags/driven_data_pipeline.py
[2026-06-29T19:48:40.495+0000] {processor.py:914} INFO - Processing file /opt/airflow/dags/driven_data_pipeline.py for tasks to queue
[2026-06-29T19:48:40.499+0000] {logging_mixin.py:190} INFO - [2026-06-29T19:48:40.498+0000] {dagbag.py:588} INFO - Filling up the DagBag from /opt/airflow/dags/driven_data_pipeline.py
[2026-06-29T19:48:40.807+0000] {processor.py:925} INFO - DAG(s) 'extract_raw_data_pipeline' retrieved from /opt/airflow/dags/driven_data_pipeline.py
[2026-06-29T19:48:40.862+0000] {logging_mixin.py:190} INFO - [2026-06-29T19:48:40.861+0000] {dag.py:3239} INFO - Sync 1 DAGs
[2026-06-29T19:48:40.905+0000] {logging_mixin.py:190} INFO - [2026-06-29T19:48:40.904+0000] {dag.py:4180} INFO - Setting next_dagrun for extract_raw_data_pipeline to 2026-06-29 07:00:00+00:00, run_after=2026-06-30 07:00:00+00:00
[2026-06-29T19:48:41.055+0000] {processor.py:208} INFO - Processing /opt/airflow/dags/driven_data_pipeline.py took 0.572 seconds
[2026-06-29T19:49:11.448+0000] {processor.py:186} INFO - Started process (PID=697) to work on /opt/airflow/dags/driven_data_pipeline.py
[2026-06-29T19:49:11.453+0000] {processor.py:914} INFO - Processing file /opt/airflow/dags/driven_data_pipeline.py for tasks to queue
[2026-06-29T19:49:11.469+0000] {logging_mixin.py:190} INFO - [2026-06-29T19:49:11.467+0000] {dagbag.py:588} INFO - Filling up the DagBag from /opt/airflow/dags/driven_data_pipeline.py
[2026-06-29T19:49:12.299+0000] {processor.py:925} INFO - DAG(s) 'extract_raw_data_pipeline' retrieved from /opt/airflow/dags/driven_data_pipeline.py
[2026-06-29T19:49:12.434+0000] {logging_mixin.py:190} INFO - [2026-06-29T19:49:12.433+0000] {dag.py:3239} INFO - Sync 1 DAGs
[2026-06-29T19:49:12.534+0000] {logging_mixin.py:190} INFO - [2026-06-29T19:49:12.533+0000] {dag.py:4180} INFO - Setting next_dagrun for extract_raw_data_pipeline to 2026-06-29 07:00:00+00:00, run_after=2026-06-30 07:00:00+00:00
[2026-06-29T19:49:12.609+0000] {processor.py:208} INFO - Processing /opt/airflow/dags/driven_data_pipeline.py took 1.182 seconds
[2026-06-29T19:49:42.760+0000] {processor.py:186} INFO - Started process (PID=707) to work on /opt/airflow/dags/driven_data_pipeline.py
[2026-06-29T19:49:42.761+0000] {processor.py:914} INFO - Processing file /opt/airflow/dags/driven_data_pipeline.py for tasks to queue
[2026-06-29T19:49:42.763+0000] {logging_mixin.py:190} INFO - [2026-06-29T19:49:42.763+0000] {dagbag.py:588} INFO - Filling up the DagBag from /opt/airflow/dags/driven_data_pipeline.py
[2026-06-29T19:49:42.943+0000] {processor.py:925} INFO - DAG(s) 'extract_raw_data_pipeline' retrieved from /opt/airflow/dags/driven_data_pipeline.py
[2026-06-29T19:49:42.966+0000] {logging_mixin.py:190} INFO - [2026-06-29T19:49:42.966+0000] {dag.py:3239} INFO - Sync 1 DAGs
[2026-06-29T19:49:42.989+0000] {logging_mixin.py:190} INFO - [2026-06-29T19:49:42.989+0000] {dag.py:4180} INFO - Setting next_dagrun for extract_raw_data_pipeline to 2026-06-29 07:00:00+00:00, run_after=2026-06-30 07:00:00+00:00
[2026-06-29T19:49:43.009+0000] {processor.py:208} INFO - Processing /opt/airflow/dags/driven_data_pipeline.py took 0.255 seconds
[2026-06-29T19:50:13.224+0000] {processor.py:186} INFO - Started process (PID=717) to work on /opt/airflow/dags/driven_data_pipeline.py
[2026-06-29T19:50:13.225+0000] {processor.py:914} INFO - Processing file /opt/airflow/dags/driven_data_pipeline.py for tasks to queue
[2026-06-29T19:50:13.228+0000] {logging_mixin.py:190} INFO - [2026-06-29T19:50:13.227+0000] {dagbag.py:588} INFO - Filling up the DagBag from /opt/airflow/dags/driven_data_pipeline.py
[2026-06-29T19:50:13.394+0000] {processor.py:925} INFO - DAG(s) 'extract_raw_data_pipeline' retrieved from /opt/airflow/dags/driven_data_pipeline.py
[2026-06-29T19:50:13.418+0000] {logging_mixin.py:190} INFO - [2026-06-29T19:50:13.417+0000] {dag.py:3239} INFO - Sync 1 DAGs
[2026-06-29T19:50:13.440+0000] {logging_mixin.py:190} INFO - [2026-06-29T19:50:13.439+0000] {dag.py:4180} INFO - Setting next_dagrun for extract_raw_data_pipeline to 2026-06-29 07:00:00+00:00, run_after=2026-06-30 07:00:00+00:00
[2026-06-29T19:50:13.461+0000] {processor.py:208} INFO - Processing /opt/airflow/dags/driven_data_pipeline.py took 0.244 seconds
[2026-06-29T19:50:43.924+0000] {processor.py:186} INFO - Started process (PID=727) to work on /opt/airflow/dags/driven_data_pipeline.py
[2026-06-29T19:50:43.925+0000] {processor.py:914} INFO - Processing file /opt/airflow/dags/driven_data_pipeline.py for tasks to queue
[2026-06-29T19:50:43.928+0000] {logging_mixin.py:190} INFO - [2026-06-29T19:50:43.928+0000] {dagbag.py:588} INFO - Filling up the DagBag from /opt/airflow/dags/driven_data_pipeline.py
[2026-06-29T19:50:44.104+0000] {processor.py:925} INFO - DAG(s) 'extract_raw_data_pipeline' retrieved from /opt/airflow/dags/driven_data_pipeline.py
[2026-06-29T19:50:44.132+0000] {logging_mixin.py:190} INFO - [2026-06-29T19:50:44.132+0000] {dag.py:3239} INFO - Sync 1 DAGs
[2026-06-29T19:50:44.160+0000] {logging_mixin.py:190} INFO - [2026-06-29T19:50:44.159+0000] {dag.py:4180} INFO - Setting next_dagrun for extract_raw_data_pipeline to 2026-06-29 07:00:00+00:00, run_after=2026-06-30 07:00:00+00:00
[2026-06-29T19:50:44.181+0000] {processor.py:208} INFO - Processing /opt/airflow/dags/driven_data_pipeline.py took 0.264 seconds
[2026-06-29T19:51:14.397+0000] {processor.py:186} INFO - Started process (PID=737) to work on /opt/airflow/dags/driven_data_pipeline.py
[2026-06-29T19:51:14.400+0000] {processor.py:914} INFO - Processing file /opt/airflow/dags/driven_data_pipeline.py for tasks to queue
[2026-06-29T19:51:14.404+0000] {logging_mixin.py:190} INFO - [2026-06-29T19:51:14.404+0000] {dagbag.py:588} INFO - Filling up the DagBag from /opt/airflow/dags/driven_data_pipeline.py
[2026-06-29T19:51:14.640+0000] {processor.py:925} INFO - DAG(s) 'extract_raw_data_pipeline' retrieved from /opt/airflow/dags/driven_data_pipeline.py
[2026-06-29T19:51:14.671+0000] {logging_mixin.py:190} INFO - [2026-06-29T19:51:14.671+0000] {dag.py:3239} INFO - Sync 1 DAGs
[2026-06-29T19:51:14.697+0000] {logging_mixin.py:190} INFO - [2026-06-29T19:51:14.697+0000] {dag.py:4180} INFO - Setting next_dagrun for extract_raw_data_pipeline to 2026-06-29 07:00:00+00:00, run_after=2026-06-30 07:00:00+00:00
[2026-06-29T19:51:14.723+0000] {processor.py:208} INFO - Processing /opt/airflow/dags/driven_data_pipeline.py took 0.333 seconds
[2026-06-29T19:51:44.981+0000] {processor.py:186} INFO - Started process (PID=748) to work on /opt/airflow/dags/driven_data_pipeline.py
[2026-06-29T19:51:44.982+0000] {processor.py:914} INFO - Processing file /opt/airflow/dags/driven_data_pipeline.py for tasks to queue
[2026-06-29T19:51:44.986+0000] {logging_mixin.py:190} INFO - [2026-06-29T19:51:44.985+0000] {dagbag.py:588} INFO - Filling up the DagBag from /opt/airflow/dags/driven_data_pipeline.py
[2026-06-29T19:51:45.176+0000] {processor.py:925} INFO - DAG(s) 'extract_raw_data_pipeline' retrieved from /opt/airflow/dags/driven_data_pipeline.py
[2026-06-29T19:51:45.205+0000] {logging_mixin.py:190} INFO - [2026-06-29T19:51:45.205+0000] {dag.py:3239} INFO - Sync 1 DAGs
[2026-06-29T19:51:45.227+0000] {logging_mixin.py:190} INFO - [2026-06-29T19:51:45.227+0000] {dag.py:4180} INFO - Setting next_dagrun for extract_raw_data_pipeline to 2026-06-29 07:00:00+00:00, run_after=2026-06-30 07:00:00+00:00
[2026-06-29T19:51:45.249+0000] {processor.py:208} INFO - Processing /opt/airflow/dags/driven_data_pipeline.py took 0.275 seconds
[2026-06-29T19:52:15.554+0000] {processor.py:186} INFO - Started process (PID=758) to work on /opt/airflow/dags/driven_data_pipeline.py
[2026-06-29T19:52:15.555+0000] {processor.py:914} INFO - Processing file /opt/airflow/dags/driven_data_pipeline.py for tasks to queue
[2026-06-29T19:52:15.558+0000] {logging_mixin.py:190} INFO - [2026-06-29T19:52:15.558+0000] {dagbag.py:588} INFO - Filling up the DagBag from /opt/airflow/dags/driven_data_pipeline.py
[2026-06-29T19:52:15.779+0000] {processor.py:925} INFO - DAG(s) 'extract_raw_data_pipeline' retrieved from /opt/airflow/dags/driven_data_pipeline.py
[2026-06-29T19:52:15.816+0000] {logging_mixin.py:190} INFO - [2026-06-29T19:52:15.816+0000] {dag.py:3239} INFO - Sync 1 DAGs
[2026-06-29T19:52:15.849+0000] {logging_mixin.py:190} INFO - [2026-06-29T19:52:15.849+0000] {dag.py:4180} INFO - Setting next_dagrun for extract_raw_data_pipeline to 2026-06-29 07:00:00+00:00, run_after=2026-06-30 07:00:00+00:00
[2026-06-29T19:52:15.879+0000] {processor.py:208} INFO - Processing /opt/airflow/dags/driven_data_pipeline.py took 0.331 seconds
[2026-06-29T19:52:46.299+0000] {processor.py:186} INFO - Started process (PID=768) to work on /opt/airflow/dags/driven_data_pipeline.py
[2026-06-29T19:52:46.301+0000] {processor.py:914} INFO - Processing file /opt/airflow/dags/driven_data_pipeline.py for tasks to queue
[2026-06-29T19:52:46.303+0000] {logging_mixin.py:190} INFO - [2026-06-29T19:52:46.303+0000] {dagbag.py:588} INFO - Filling up the DagBag from /opt/airflow/dags/driven_data_pipeline.py
[2026-06-29T19:52:46.470+0000] {processor.py:925} INFO - DAG(s) 'extract_raw_data_pipeline' retrieved from /opt/airflow/dags/driven_data_pipeline.py
[2026-06-29T19:52:46.498+0000] {logging_mixin.py:190} INFO - [2026-06-29T19:52:46.498+0000] {dag.py:3239} INFO - Sync 1 DAGs
[2026-06-29T19:52:46.518+0000] {logging_mixin.py:190} INFO - [2026-06-29T19:52:46.518+0000] {dag.py:4180} INFO - Setting next_dagrun for extract_raw_data_pipeline to 2026-06-29 07:00:00+00:00, run_after=2026-06-30 07:00:00+00:00
[2026-06-29T19:52:46.549+0000] {processor.py:208} INFO - Processing /opt/airflow/dags/driven_data_pipeline.py took 0.255 seconds
[2026-06-29T19:53:16.627+0000] {processor.py:186} INFO - Started process (PID=778) to work on /opt/airflow/dags/driven_data_pipeline.py
[2026-06-29T19:53:16.629+0000] {processor.py:914} INFO - Processing file /opt/airflow/dags/driven_data_pipeline.py for tasks to queue
[2026-06-29T19:53:16.632+0000] {logging_mixin.py:190} INFO - [2026-06-29T19:53:16.631+0000] {dagbag.py:588} INFO - Filling up the DagBag from /opt/airflow/dags/driven_data_pipeline.py
[2026-06-29T19:53:16.822+0000] {processor.py:925} INFO - DAG(s) 'extract_raw_data_pipeline' retrieved from /opt/airflow/dags/driven_data_pipeline.py
[2026-06-29T19:53:16.880+0000] {logging_mixin.py:190} INFO - [2026-06-29T19:53:16.879+0000] {dag.py:3239} INFO - Sync 1 DAGs
[2026-06-29T19:53:16.931+0000] {logging_mixin.py:190} INFO - [2026-06-29T19:53:16.930+0000] {dag.py:4180} INFO - Setting next_dagrun for extract_raw_data_pipeline to 2026-06-29 07:00:00+00:00, run_after=2026-06-30 07:00:00+00:00
[2026-06-29T19:53:16.978+0000] {processor.py:208} INFO - Processing /opt/airflow/dags/driven_data_pipeline.py took 0.358 seconds
[2026-06-29T19:53:47.139+0000] {processor.py:186} INFO - Started process (PID=788) to work on /opt/airflow/dags/driven_data_pipeline.py
[2026-06-29T19:53:47.141+0000] {processor.py:914} INFO - Processing file /opt/airflow/dags/driven_data_pipeline.py for tasks to queue
[2026-06-29T19:53:47.144+0000] {logging_mixin.py:190} INFO - [2026-06-29T19:53:47.144+0000] {dagbag.py:588} INFO - Filling up the DagBag from /opt/airflow/dags/driven_data_pipeline.py
[2026-06-29T19:53:47.375+0000] {processor.py:925} INFO - DAG(s) 'extract_raw_data_pipeline' retrieved from /opt/airflow/dags/driven_data_pipeline.py
[2026-06-29T19:53:47.406+0000] {logging_mixin.py:190} INFO - [2026-06-29T19:53:47.406+0000] {dag.py:3239} INFO - Sync 1 DAGs
[2026-06-29T19:53:47.435+0000] {logging_mixin.py:190} INFO - [2026-06-29T19:53:47.434+0000] {dag.py:4180} INFO - Setting next_dagrun for extract_raw_data_pipeline to 2026-06-29 07:00:00+00:00, run_after=2026-06-30 07:00:00+00:00
[2026-06-29T19:53:47.463+0000] {processor.py:208} INFO - Processing /opt/airflow/dags/driven_data_pipeline.py took 0.331 seconds
[2026-06-29T19:54:17.545+0000] {processor.py:186} INFO - Started process (PID=798) to work on /opt/airflow/dags/driven_data_pipeline.py
[2026-06-29T19:54:17.547+0000] {processor.py:914} INFO - Processing file /opt/airflow/dags/driven_data_pipeline.py for tasks to queue
[2026-06-29T19:54:17.553+0000] {logging_mixin.py:190} INFO - [2026-06-29T19:54:17.552+0000] {dagbag.py:588} INFO - Filling up the DagBag from /opt/airflow/dags/driven_data_pipeline.py
[2026-06-29T19:54:17.901+0000] {processor.py:925} INFO - DAG(s) 'extract_raw_data_pipeline' retrieved from /opt/airflow/dags/driven_data_pipeline.py
[2026-06-29T19:54:17.955+0000] {logging_mixin.py:190} INFO - [2026-06-29T19:54:17.955+0000] {dag.py:3239} INFO - Sync 1 DAGs
[2026-06-29T19:54:18.007+0000] {logging_mixin.py:190} INFO - [2026-06-29T19:54:18.007+0000] {dag.py:4180} INFO - Setting next_dagrun for extract_raw_data_pipeline to 2026-06-29 07:00:00+00:00, run_after=2026-06-30 07:00:00+00:00
[2026-06-29T19:54:18.045+0000] {processor.py:208} INFO - Processing /opt/airflow/dags/driven_data_pipeline.py took 0.512 seconds
[2026-06-29T19:54:48.106+0000] {processor.py:186} INFO - Started process (PID=808) to work on /opt/airflow/dags/driven_data_pipeline.py
[2026-06-29T19:54:48.107+0000] {processor.py:914} INFO - Processing file /opt/airflow/dags/driven_data_pipeline.py for tasks to queue
[2026-06-29T19:54:48.110+0000] {logging_mixin.py:190} INFO - [2026-06-29T19:54:48.110+0000] {dagbag.py:588} INFO - Filling up the DagBag from /opt/airflow/dags/driven_data_pipeline.py
[2026-06-29T19:54:48.276+0000] {processor.py:925} INFO - DAG(s) 'extract_raw_data_pipeline' retrieved from /opt/airflow/dags/driven_data_pipeline.py
[2026-06-29T19:54:48.299+0000] {logging_mixin.py:190} INFO - [2026-06-29T19:54:48.299+0000] {dag.py:3239} INFO - Sync 1 DAGs
[2026-06-29T19:54:48.318+0000] {logging_mixin.py:190} INFO - [2026-06-29T19:54:48.317+0000] {dag.py:4180} INFO - Setting next_dagrun for extract_raw_data_pipeline to 2026-06-29 07:00:00+00:00, run_after=2026-06-30 07:00:00+00:00
[2026-06-29T19:54:48.339+0000] {processor.py:208} INFO - Processing /opt/airflow/dags/driven_data_pipeline.py took 0.238 seconds
[2026-06-29T19:55:18.386+0000] {processor.py:186} INFO - Started process (PID=818) to work on /opt/airflow/dags/driven_data_pipeline.py
[2026-06-29T19:55:18.387+0000] {processor.py:914} INFO - Processing file /opt/airflow/dags/driven_data_pipeline.py for tasks to queue
[2026-06-29T19:55:18.390+0000] {logging_mixin.py:190} INFO - [2026-06-29T19:55:18.389+0000] {dagbag.py:588} INFO - Filling up the DagBag from /opt/airflow/dags/driven_data_pipeline.py
[2026-06-29T19:55:18.544+0000] {processor.py:925} INFO - DAG(s) 'extract_raw_data_pipeline' retrieved from /opt/airflow/dags/driven_data_pipeline.py
[2026-06-29T19:55:18.568+0000] {logging_mixin.py:190} INFO - [2026-06-29T19:55:18.567+0000] {dag.py:3239} INFO - Sync 1 DAGs
[2026-06-29T19:55:18.587+0000] {logging_mixin.py:190} INFO - [2026-06-29T19:55:18.587+0000] {dag.py:4180} INFO - Setting next_dagrun for extract_raw_data_pipeline to 2026-06-29 07:00:00+00:00, run_after=2026-06-30 07:00:00+00:00
[2026-06-29T19:55:18.607+0000] {processor.py:208} INFO - Processing /opt/airflow/dags/driven_data_pipeline.py took 0.227 seconds
[2026-06-29T19:55:48.888+0000] {processor.py:186} INFO - Started process (PID=827) to work on /opt/airflow/dags/driven_data_pipeline.py
[2026-06-29T19:55:48.889+0000] {processor.py:914} INFO - Processing file /opt/airflow/dags/driven_data_pipeline.py for tasks to queue
[2026-06-29T19:55:48.892+0000] {logging_mixin.py:190} INFO - [2026-06-29T19:55:48.892+0000] {dagbag.py:588} INFO - Filling up the DagBag from /opt/airflow/dags/driven_data_pipeline.py
[2026-06-29T19:55:49.068+0000] {processor.py:925} INFO - DAG(s) 'extract_raw_data_pipeline' retrieved from /opt/airflow/dags/driven_data_pipeline.py
[2026-06-29T19:55:49.128+0000] {logging_mixin.py:190} INFO - [2026-06-29T19:55:49.127+0000] {dag.py:3239} INFO - Sync 1 DAGs
[2026-06-29T19:55:49.196+0000] {logging_mixin.py:190} INFO - [2026-06-29T19:55:49.195+0000] {dag.py:4180} INFO - Setting next_dagrun for extract_raw_data_pipeline to 2026-06-29 07:00:00+00:00, run_after=2026-06-30 07:00:00+00:00
[2026-06-29T19:55:49.237+0000] {processor.py:208} INFO - Processing /opt/airflow/dags/driven_data_pipeline.py took 0.355 seconds
[2026-06-29T19:56:19.553+0000] {processor.py:186} INFO - Started process (PID=837) to work on /opt/airflow/dags/driven_data_pipeline.py
[2026-06-29T19:56:19.555+0000] {processor.py:914} INFO - Processing file /opt/airflow/dags/driven_data_pipeline.py for tasks to queue
[2026-06-29T19:56:19.557+0000] {logging_mixin.py:190} INFO - [2026-06-29T19:56:19.557+0000] {dagbag.py:588} INFO - Filling up the DagBag from /opt/airflow/dags/driven_data_pipeline.py
[2026-06-29T19:56:19.733+0000] {processor.py:925} INFO - DAG(s) 'extract_raw_data_pipeline' retrieved from /opt/airflow/dags/driven_data_pipeline.py
[2026-06-29T19:56:19.760+0000] {logging_mixin.py:190} INFO - [2026-06-29T19:56:19.760+0000] {dag.py:3239} INFO - Sync 1 DAGs
[2026-06-29T19:56:19.784+0000] {logging_mixin.py:190} INFO - [2026-06-29T19:56:19.783+0000] {dag.py:4180} INFO - Setting next_dagrun for extract_raw_data_pipeline to 2026-06-29 07:00:00+00:00, run_after=2026-06-30 07:00:00+00:00
[2026-06-29T19:56:19.806+0000] {processor.py:208} INFO - Processing /opt/airflow/dags/driven_data_pipeline.py took 0.259 seconds
[2026-06-29T19:56:50.128+0000] {processor.py:186} INFO - Started process (PID=847) to work on /opt/airflow/dags/driven_data_pipeline.py
[2026-06-29T19:56:50.129+0000] {processor.py:914} INFO - Processing file /opt/airflow/dags/driven_data_pipeline.py for tasks to queue
[2026-06-29T19:56:50.131+0000] {logging_mixin.py:190} INFO - [2026-06-29T19:56:50.131+0000] {dagbag.py:588} INFO - Filling up the DagBag from /opt/airflow/dags/driven_data_pipeline.py
[2026-06-29T19:56:50.297+0000] {processor.py:925} INFO - DAG(s) 'extract_raw_data_pipeline' retrieved from /opt/airflow/dags/driven_data_pipeline.py
[2026-06-29T19:56:50.323+0000] {logging_mixin.py:190} INFO - [2026-06-29T19:56:50.323+0000] {dag.py:3239} INFO - Sync 1 DAGs
[2026-06-29T19:56:50.344+0000] {logging_mixin.py:190} INFO - [2026-06-29T19:56:50.344+0000] {dag.py:4180} INFO - Setting next_dagrun for extract_raw_data_pipeline to 2026-06-29 07:00:00+00:00, run_after=2026-06-30 07:00:00+00:00
[2026-06-29T19:56:50.365+0000] {processor.py:208} INFO - Processing /opt/airflow/dags/driven_data_pipeline.py took 0.242 seconds
[2026-06-29T19:57:20.430+0000] {processor.py:186} INFO - Started process (PID=857) to work on /opt/airflow/dags/driven_data_pipeline.py
[2026-06-29T19:57:20.431+0000] {processor.py:914} INFO - Processing file /opt/airflow/dags/driven_data_pipeline.py for tasks to queue
[2026-06-29T19:57:20.434+0000] {logging_mixin.py:190} INFO - [2026-06-29T19:57:20.434+0000] {dagbag.py:588} INFO - Filling up the DagBag from /opt/airflow/dags/driven_data_pipeline.py
[2026-06-29T19:57:20.619+0000] {processor.py:925} INFO - DAG(s) 'extract_raw_data_pipeline' retrieved from /opt/airflow/dags/driven_data_pipeline.py
[2026-06-29T19:57:20.638+0000] {logging_mixin.py:190} INFO - [2026-06-29T19:57:20.638+0000] {dag.py:3239} INFO - Sync 1 DAGs
[2026-06-29T19:57:20.655+0000] {logging_mixin.py:190} INFO - [2026-06-29T19:57:20.654+0000] {dag.py:4180} INFO - Setting next_dagrun for extract_raw_data_pipeline to 2026-06-29 07:00:00+00:00, run_after=2026-06-30 07:00:00+00:00
[2026-06-29T19:57:20.669+0000] {processor.py:208} INFO - Processing /opt/airflow/dags/driven_data_pipeline.py took 0.246 seconds
[2026-06-29T19:57:51.009+0000] {processor.py:186} INFO - Started process (PID=867) to work on /opt/airflow/dags/driven_data_pipeline.py
[2026-06-29T19:57:51.010+0000] {processor.py:914} INFO - Processing file /opt/airflow/dags/driven_data_pipeline.py for tasks to queue
[2026-06-29T19:57:51.015+0000] {logging_mixin.py:190} INFO - [2026-06-29T19:57:51.014+0000] {dagbag.py:588} INFO - Filling up the DagBag from /opt/airflow/dags/driven_data_pipeline.py
[2026-06-29T19:57:51.283+0000] {processor.py:925} INFO - DAG(s) 'extract_raw_data_pipeline' retrieved from /opt/airflow/dags/driven_data_pipeline.py
[2026-06-29T19:57:51.318+0000] {logging_mixin.py:190} INFO - [2026-06-29T19:57:51.318+0000] {dag.py:3239} INFO - Sync 1 DAGs
[2026-06-29T19:57:51.350+0000] {logging_mixin.py:190} INFO - [2026-06-29T19:57:51.350+0000] {dag.py:4180} INFO - Setting next_dagrun for extract_raw_data_pipeline to 2026-06-29 07:00:00+00:00, run_after=2026-06-30 07:00:00+00:00
[2026-06-29T19:57:51.391+0000] {processor.py:208} INFO - Processing /opt/airflow/dags/driven_data_pipeline.py took 0.392 seconds
[2026-06-29T19:58:21.686+0000] {processor.py:186} INFO - Started process (PID=877) to work on /opt/airflow/dags/driven_data_pipeline.py
[2026-06-29T19:58:21.687+0000] {processor.py:914} INFO - Processing file /opt/airflow/dags/driven_data_pipeline.py for tasks to queue
[2026-06-29T19:58:21.690+0000] {logging_mixin.py:190} INFO - [2026-06-29T19:58:21.690+0000] {dagbag.py:588} INFO - Filling up the DagBag from /opt/airflow/dags/driven_data_pipeline.py
[2026-06-29T19:58:21.865+0000] {processor.py:925} INFO - DAG(s) 'extract_raw_data_pipeline' retrieved from /opt/airflow/dags/driven_data_pipeline.py
[2026-06-29T19:58:21.891+0000] {logging_mixin.py:190} INFO - [2026-06-29T19:58:21.891+0000] {dag.py:3239} INFO - Sync 1 DAGs
[2026-06-29T19:58:21.913+0000] {logging_mixin.py:190} INFO - [2026-06-29T19:58:21.913+0000] {dag.py:4180} INFO - Setting next_dagrun for extract_raw_data_pipeline to 2026-06-29 07:00:00+00:00, run_after=2026-06-30 07:00:00+00:00
[2026-06-29T19:58:21.932+0000] {processor.py:208} INFO - Processing /opt/airflow/dags/driven_data_pipeline.py took 0.252 seconds
